Date,Open,High,Low,Close,Volume
2015-01-05,917.3865708393104,918.4150311205203,899.2171058712672,903.6737670898438,4189400
2015-01-06,857.3931131843017,865.2779758805187,846.0800493158163,851.2223510742188,8626100
2015-01-07,841.9661398714132,853.2792028257115,833.7384577228327,842.3089599609375,6849900
2015-01-08,848.4796464660126,854.3075874720419,839.2235048682015,847.7940063476562,4486200
2015-01-09,851.9080022104064,858.7644046426833,839.9092979539217,847.1085205078125,4297500
2015-01-13,828.5961697003531,829.6246299854591,809.3982443783756,825.16796875,6124200
2015-01-14,821.3969407107272,838.8807654086601,818.9972000659129,827.9105224609375,4261000
2015-01-15,846.0801384478748,859.7929445815519,839.2237353810362,851.9080810546875,6495800
2015-01-16,836.8239168593972,848.136980872654,826.8821333325957,847.1085205078125,4686700
2015-01-19,863.9066235959742,875.5625066127452,860.4784227086885,866.9920043945312,5132100
2015-01-20,874.8771998058165,889.9612894576409,863.9069527863078,889.6184692382812,5575400
2015-01-21,897.5030157032897,913.6155602938377,885.8471323824677,893.7319946289062,7890000
2015-01-22,887.9040427779573,903.6737670898439,882.7617413719074,903.6737670898438,4633700
2015-01-23,908.8160905752609,922.1860745558098,904.0166091463459,918.7578735351562,6850400
2015-01-26,898.1887311451729,912.9299965799984,891.6751487437385,905.7307739257812,4994600
2015-01-27,906.759223576337,914.3012662677093,886.5328363585662,904.0166625976562,5409400
2015-01-28,888.5897787205798,902.3025839477493,878.647994930882,895.7890014648438,5094500
2015-01-29,881.0477328475852,897.8459191937064,873.5056899983061,885.50439453125,4780500
2015-01-30,888.247129896667,901.2742973748891,881.3907259607607,894.0750732421875,3706100
2015-02-02,889.6183261539304,913.6157376494122,883.1047430337283,886.1901245117188,5310800
2015-02-03,922.1861067726005,952.0114566942422,918.7579056321819,947.2119750976562,8286200
2015-02-04,988.3501840617005,991.778384492022,966.7525213506748,971.552001953125,10969100
2015-02-05,946.1837697896568,950.2976122670032,931.4425009124992,932.8137817382812,7251000
2015-02-06,953.38284631948,962.638990458504,934.5277378881347,941.0413208007812,5432400
2015-02-09,905.0450486403245,932.1278360806979,900.9312075101412,926.9855346679688,6196800
2015-02-10,932.1281767137413,959.8966144900609,932.1281767137413,957.154052734375,4986600
2015-02-12,957.1537257713608,957.1537257713608,933.4991387089597,947.8975830078125,5952500
2015-02-13,966.7526274555365,972.9233889073804,955.4395647938228,959.5534057617188,4917000
2015-02-16,974.6377786404137,990.407507032063,974.6377786404137,988.3505859375,5656700
2015-02-17,978.4088489540593,983.2083317450042,964.0104005812245,966.0673217773438,4109600
2015-02-18,979.4372845537123,979.4372845537123,958.1824327363058,964.0103759765625,4785500
2015-02-19,956.4682599032566,968.8097858374922,954.4113389142174,968.1241455078125,4332200
2015-02-20,970.8666550466077,983.2081803226238,967.4384535810475,981.4940795898438,4533600
2015-02-23,986.9790746761274,988.0075349831883,943.4409216772152,947.8975830078125,6009300
2015-02-24,933.8420520883745,936.2417930445488,917.3866855317513,929.7282104492188,5676500
2015-02-25,929.7281909179688,961.2676428222657,929.0425506591797,959.8963623046875,5177500
2015-02-26,971.2094636444893,996.5781541879741,971.2094636444893,991.4358520507812,6669000
2015-02-27,995.892644323511,998.292385635134,966.067288021912,972.5808715820312,5203000
2015-03-02,973.6092672378234,978.0659293765881,963.3246623022126,973.9520874023438,3133300
2015-03-03,969.4955015901548,969.8383217816648,960.582176610896,968.467041015625,2885400
2015-03-04,974.6374299916049,984.23639166581,968.1238488555372,977.0371704101562,3021800
2015-03-05,984.2367618145045,1022.6326229511204,979.7800993611472,1003.4346923828125,5614500
2015-03-06,1007.8911493541362,1007.8911493541362,992.1214238880511,1000.0062866210938,4974900
2015-03-09,1003.4346466955554,1014.7477124082146,990.064659944231,997.9495239257812,3934200
2015-03-10,1006.1769294806719,1014.4046113571749,960.5818590817181,962.2959594726562,6350400
2015-03-11,943.7837163367296,946.1834569885121,923.9001509362464,940.0126953125,6194200
2015-03-12,939.3272848035331,941.0413856882111,931.0996005570788,939.6701049804688,4476500
2015-03-13,939.3273399953275,966.0673153674572,932.4709360537557,962.98193359375,7916600
2015-03-16,925.6142684391567,944.1265538079398,918.7578664507184,921.5004272460938,6899400
2015-03-17,927.6710857855743,933.4990268270949,916.0152037025331,932.1277465820312,3680700
2015-03-18,912.9298445036917,914.6439448501125,899.902681870894,905.0449829101562,8129200
2015-03-19,918.7581033909576,922.5291254571144,901.6170939993352,902.302734375,8321000
2015-03-20,896.817332698934,899.5598933493895,891.6750314793301,898.5314331054688,5788700
2015-03-23,902.6455405180449,921.5006505554519,899.9029790580585,918.0724487304688,6159300
2015-03-24,915.3298417313172,941.3841743049427,915.3298417313172,934.5277709960938,7704000
2015-03-25,937.6130594708076,938.9843399965418,916.3582113219263,923.5574340820312,4028900
2015-03-26,926.9855107112814,952.6970171104479,920.4719290901593,942.4124145507812,6702600
2015-03-27,969.6739459782565,970.7091850664896,927.5742230567806,938.9618530273438,5456200
2015-03-30,920.6726073298853,924.8135635847424,906.8694198136951,915.8414916992188,5201600
2015-03-31,914.4611337058097,928.6094003027675,913.4258946865201,914.8062133789062,4683800
2015-04-01,920.6728196049753,922.0531386748479,903.0737514641006,906.86962890625,4313200
2015-04-02,907.9044911608718,919.2921187581005,897.2070228119599,898.5873413085938,6531100
2015-04-03,894.1012385155208,910.3199796232898,893.7561589174832,904.7987060546875,4386600
2015-04-06,900.6577112588537,919.6370883160326,894.7913583502713,916.5313720703125,3806600
2015-04-07,935.856144208664,961.7371216480628,933.095506615128,956.906005859375,7357900
2015-04-08,966.2229335455247,981.4064367869544,956.5607042100695,978.3007202148438,7487800
2015-04-09,962.0818663643113,963.8072642595126,949.3139219398207,951.3843994140625,6066400
2015-04-10,955.5256040712615,966.2230738170936,948.969090356074,953.1100463867188,4983700
2015-04-13,957.9410075855867,969.673714450828,949.3140172434976,968.2933959960938,3712800
2015-04-14,971.7444064183125,977.9558408343386,960.0116969658186,961.0469360351562,3384400
2015-04-15,979.3360985188168,988.6532495618077,972.0894254853795,975.5402221679688,5537000
2015-04-16,995.554703235146,1034.8937798967775,995.2096236153071,1027.9921875,9892600
2015-04-17,1025.9220249219152,1025.9220249219152,998.660726580566,1007.2877197265625,4955800
2015-04-20,1000.7307210679871,1007.6323122477663,991.7586525342741,999.3504028320312,3070700
2015-04-21,1011.773554499764,1014.5341917562437,996.5900495891264,1005.217041015625,3722200
2015-04-22,998.6604417067308,1000.0407602163463,982.44169921875,986.927734375,5078400
2015-04-23,1014.1890117264315,1025.5766392823934,1004.5267822850092,1009.0128173828125,5234200
2015-04-24,1026.9570437742575,1043.865946712745,1017.984972827305,1022.4710083007812,6055300
2015-04-27,1029.7175947572887,1031.7880724947363,1003.1464637933775,1009.0128173828125,5225300
2015-04-28,1045.2461668869544,1053.8731573696793,1037.9994948814656,1040.7601318359375,6840800
2015-04-30,1040.7603062913906,1062.5003259519867,1027.3021988824503,1042.140625,6236500
2015-05-01,1037.3093863910533,1045.9363772958359,1028.3373158500794,1032.478271484375,4886800
2015-05-07,1025.576778090668,1044.2110802497853,1024.1964594122148,1028.6824951171875,5465200
2015-05-08,1013.8440465868775,1016.9497635437468,998.3154618025312,1015.224365234375,4916000
2015-05-11,1033.8584032972494,1039.7247560529413,1022.4707773597296,1022.8158569335938,3802700
2015-05-12,1030.4080433117313,1037.6547174274535,1005.5623034863983,1010.04833984375,6367000
2015-05-13,1024.5412037791064,1047.3164545199018,1011.4281806253152,1026.2666015625,6555300
2015-05-14,1026.9569443850496,1030.4077405691392,999.3505749123333,1008.667724609375,4945500
2015-05-15,999.3507819988454,1005.5622164173465,977.9558412240083,990.0336303710938,6808400
2015-05-18,1001.421052622787,1021.0905908720974,1001.421052622787,1008.667724609375,5338300
2015-05-19,1028.682357912141,1041.795383608438,1011.0832971092161,1018.675048828125,4595000
2015-05-20,1022.1257411561083,1029.3724125147437,994.8644536640986,1007.9774780273438,5815100
2015-05-21,1012.8086895167197,1020.7455208144657,1004.8718582189738,1012.1185302734375,4693400
2015-05-22,1028.337446259785,1047.6619083371502,1023.8514104203967,1035.92919921875,6398600
2015-05-25,1044.9013279635847,1061.120073807141,1040.7603715779958,1043.8660888671875,4874500
2015-05-26,1055.5984975691322,1060.774691574865,1044.555950356902,1055.25341796875,4247900
2015-05-27,1041.7955976213727,1044.901314871652,1026.9571707589287,1043.52099609375,6292200
2015-05-28,1043.5209830104614,1049.0422580528448,1032.8235126158436,1043.1759033203125,4974700
2015-05-29,1047.316976509842,1055.9439697265625,1040.415381936466,1055.9439697265625,9505600
2015-06-01,1040.4151930447968,1062.1552120039419,1032.823440392397,1057.3240966796875,5991600
2015-06-02,1055.9436446629213,1057.6690427751157,1039.379822785856,1044.2109375,3858700
2015-06-03,1048.6973307906562,1051.457968713106,1033.8589019574881,1050.4227294921875,4975200
2015-06-04,1051.457842240767,1058.0143565179494,1029.0276618188275,1043.8660888671875,4791300
2015-06-05,1034.5486594224508,1041.7953311528947,1025.92166926716,1039.724853515625,3856000
2015-06-08,1039.3802099560694,1052.4932404933638,1035.5843326952736,1038.344970703125,5975300
2015-06-09,1055.943612046329,1058.7042489405678,1035.2388353395384,1036.9642333984375,5196900
2015-06-10,1049.042024409915,1073.5426769536994,1047.661705956744,1056.2886962890625,9033700
2015-06-11,1052.4929764470444,1064.5707647013546,1042.1405865147783,1050.767578125,4647900
2015-06-12,1040.4149697181522,1044.9010044134543,1033.8584574711722,1041.7952880859375,6585700
2015-06-15,1031.0979342351532,1031.4430138650846,1021.7807842270041,1025.57666015625,5454900
2015-06-16,1020.7455112536884,1021.4356704905064,1000.0407341491511,1008.667724609375,7050600
2015-06-17,1009.0128862731472,1013.4989216772343,1002.1112933437822,1002.8014526367188,4035500
2015-06-18,997.280132652575,999.6956900673046,988.3080622550086,990.3785400390625,4466200
2015-06-19,980.3713330026218,986.927846669306,961.0468716692367,973.8148193359375,9860700
2015-06-22,980.3713729328914,1005.9072693063634,977.265655806388,984.5123291015625,7889900
2015-06-23,995.8997192382814,1003.8365499875815,990.3784456735507,995.8997192382812,4560100
2015-06-24,1003.4918525360182,1005.2172511820567,991.4140620137483,996.2451782226562,4026600
2015-06-25,997.280303859345,1003.1466585879294,987.9631522315933,990.0336303710938,3572900
2015-06-26,985.8924089531154,986.2374885502288,969.6736678887834,973.4695434570312,4544200
2015-06-29,952.0748295833614,968.6386540922418,952.0748295833614,961.737060546875,5206900
2015-06-30,959.6666521188213,974.1599996157614,959.3215724165132,960.3568115234375,4733100
2015-07-01,960.7018344166818,965.5329499633174,954.490400142436,957.2510375976562,2804700
2015-07-02,962.7720911939812,971.0540016558648,959.3212951681962,965.8778076171875,3191300
2015-07-03,959.3216389144153,962.082276724241,945.8635295915152,947.5889282226562,4353400
2015-07-06,934.4756524561961,946.5534396925207,932.0600950089313,941.0321655273438,4265400
2015-07-07,934.8209838867188,942.0676581804142,929.2997082343794,934.8209838867188,5129300
2015-07-08,934.1304696961026,938.9615840572941,912.7355346679688,912.7355346679688,5585200
2015-07-09,903.4183479217162,918.6018495674593,899.6224725102804,916.5313720703125,5443700
2015-07-10,915.1510583468946,933.4402763304488,911.0101033317503,931.0247192382812,5854000
2015-07-13,931.0249805307888,933.4405383008835,919.2922713617573,923.4332275390625,4675500
2015-07-14,934.8206452927895,955.5254214897506,932.7501676730935,940.3419189453125,6757600
2015-07-15,941.0322579640051,964.842755140212,941.0322579640051,953.1100463867188,4364700
2015-07-16,945.1732875567419,945.1732875567419,928.264382448936,938.9618530273438,4417100
2015-07-17,932.0602722621088,933.0955113649545,921.362801532703,929.6447143554688,4197400
2015-07-21,937.2363149962592,937.2363149962592,922.0528106296041,936.8912353515625,4116900
2015-07-22,924.8133967119949,927.5740337171053,911.7003709377203,917.9118041992188,4179000
2015-07-23,913.7707756036662,913.7707756036662,899.9675916821606,904.7987060546875,4429600
2015-07-24,897.2072274260502,911.3554952431532,893.4113506946322,897.5523071289062,5470800
2015-07-27,893.7563524286425,903.0735035929565,890.9957150466236,900.3128662109375,3319500
2015-07-28,890.9956232510174,896.8619770834214,880.9883137722104,893.0661010742188,3685100
2015-07-29,903.073608917083,905.144087195074,893.0662972401265,893.411376953125,2212400
2015-07-30,907.559536439586,931.0249541117882,906.1792177529859,922.7430419921875,6463100
2015-07-31,925.1584055737097,934.8206343525475,918.2568135888257,932.0599975585938,3956200
2015-08-03,922.7430413463128,924.1233600319467,903.4185797474371,913.080810546875,3993800
2015-08-04,904.7989457401916,905.1440254296424,890.3055987832548,898.242431640625,4507900
2015-08-05,904.453647982032,915.4961953820415,902.3831703445301,903.7634887695312,3100100
2015-08-06,911.010259231619,926.193763552146,908.2496220824323,917.5667724609375,4065400
2015-08-07,908.5947024270117,926.5388439105683,901.3480299048061,922.3978881835938,5130100
2015-08-10,904.798815755826,915.4962845919933,894.1013469196588,909.2848510742188,5557400
2015-08-11,920.6724412043293,934.4756262298814,914.115928317192,917.9118041992188,4872600
2015-08-12,894.1012295680371,896.8618663247119,883.058682541338,888.5799560546875,7034100
2015-08-13,895.1367144355671,907.2145035663476,890.3055987832548,898.242431640625,4904100
2015-08-14,886.8546745288354,888.2349930884134,876.5022853320007,882.0235595703125,4652700
2015-08-17,877.1926488286634,880.6434460309791,874.0869313465793,876.1574096679688,2859000
2015-08-18,868.565525181529,870.2909235231689,859.2483741366734,863.0442504882812,3975000
2015-08-19,859.9385506958546,871.6712596539843,856.1426742682245,860.2836303710938,4103400
2015-08-20,848.2057384648599,848.550818098084,829.9165179039821,835.0927124023438,6421200
2015-08-21,824.7403179074962,846.1352550247618,821.2895215982599,828.5361938476562,5828600
2015-08-24,804.0354319696842,812.3173419985565,789.5420894191576,793.6830444335938,7756400
2015-08-25,757.1048070919481,810.5921567269763,741.5762217140367,775.0489501953125,11253500
2015-08-26,771.9431998840066,797.1340150791485,761.2457304175764,790.232421875,8421800
2015-08-27,800.5847131279519,812.6624997484166,795.753598479766,803.6904296875,6151900
2015-08-28,843.3746476392525,874.7768951577353,838.1984529933487,848.5508422851562,11122400
2015-08-31,855.4522353701428,862.0087470571266,830.6065068720992,843.3744506835938,6756900
2015-09-01,855.7975014120954,858.5581385134248,820.5993783701464,820.9444580078125,6948900
2015-09-02,801.6201523499254,804.3807899817805,786.0915656707405,791.2677612304688,6990100
2015-09-03,800.9299491354463,820.254411501489,800.9299491354463,803.0004272460938,4155100
2015-09-04,809.5568058894231,813.3526817908654,776.0840820312501,785.05615234375,4904100
2015-09-07,776.0841468677187,796.7889262416907,771.5981113366914,786.7816162109375,3467400
2015-09-08,783.3308412654911,805.7610195396131,779.5349649421781,785.7463989257812,4370900
2015-09-09,803.3455160151353,825.7756958007812,803.3455160151353,825.7756958007812,5727900
2015-09-10,805.0707898241762,806.1060287309368,777.4644189772264,791.957763671875,8676200
2015-09-11,791.957850612886,803.345479837385,784.3660977965534,787.81689453125,7301900
2015-09-14,764.6964025220435,767.4570393542531,733.9843177637124,748.4776611328125,9921300
2015-09-15,747.0974686234086,755.3793805157698,737.7803177445023,745.3720703125,9564600
2015-09-16,754.6891012997329,770.9078428457262,754.6891012997329,759.8652954101562,4569200
2015-09-17,775.7390747070312,786.0914644940468,768.8374815156876,775.7390747070312,6440700
2015-09-18,771.5979648516432,779.534795438221,758.1398608135331,768.4922485351562,4481300
2015-09-24,756.4144920254149,757.1046512334673,743.9916262804719,748.4776611328125,5902900
2015-09-25,744.6819292205839,757.7949567045423,741.9212918555401,757.1047973632812,5231500
2015-09-28,756.4089138090997,762.3237949198424,744.5791515876142,752.2337036132812,3546500
2015-09-29,737.9684734576294,738.3164076742526,715.70068359375,715.70068359375,5051500
2015-09-30,725.7906086091766,745.2749202496914,719.5277941532969,740.055908203125,7075900
2015-10-01,745.2750487609611,773.1097844756562,742.4915751894916,758.844482421875,6292000
2015-10-02,749.7980892232683,760.5840478153432,740.4038672237192,750.4939575195312,4498000
2015-10-05,764.7591938595119,782.8517680545505,758.8443138342109,773.8054809570312,5944800
2015-10-06,787.3751565520851,802.3363283292568,778.6768008676829,790.1586303710938,7024000
2015-10-07,802.6841516138347,853.4825417896561,802.6841516138347,847.2197265625,11999000
2015-10-08,830.8669939775331,860.0934711526222,825.6479801962672,854.1785888671875,9060900
2015-10-09,871.2271375697379,893.4949238335012,865.3122568434259,884.7965698242188,10386700
2015-10-13,835.0419929827464,858.3535819535148,822.864297251748,854.5263061523438,8858600
2015-10-14,845.480112243397,848.95945426909,812.4263629993136,831.562744140625,7380900
2015-10-15,829.8228312751163,841.6525907146777,818.688940037882,834.6939086914062,4301600
2015-10-16,843.3924473353795,848.2635258265905,828.431277683803,837.8255004882812,4574300
2015-10-19,838.1733893400493,838.1733893400493,817.9932081106085,826.3436279296875,5124900
2015-10-20,826.6917253451807,828.7793307122139,810.6867508645921,828.431396484375,4575000
2015-10-21,807.5553227481569,827.735507461381,801.2925068026735,827.3875732421875,8320900
2015-10-22,818.3410960477942,836.0857371610754,816.6014253504137,828.083251953125,4764500
2015-10-23,848.2633192161512,852.4385283345244,831.5624827426585,836.781494140625,4444400
2015-10-26,843.0446123708497,843.0446123708497,821.1247565807698,824.2561645507812,5889800
2015-10-27,811.0344171262255,821.1245063997821,794.3335797079249,798.5087890625,7159800
2015-10-28,795.0295345304728,803.0320199983945,785.9832466102137,795.7254028320312,5303400
2015-10-29,816.6014545961988,820.7766644194431,793.9857347202922,801.9882202148438,7229400
2015-10-30,798.508980592986,811.7304800537848,794.3337702369442,804.075927734375,4860600
2015-11-02,793.2900384174785,797.4652491459916,786.6792880973329,790.1586303710938,4009900
2015-11-04,811.3825309423952,841.6528054672616,808.2511232329263,821.820556640625,9013600
2015-11-05,833.9981402559763,843.04442796839,821.1245769729262,830.518798828125,7635300
2015-11-06,833.3024191947268,837.1296954415501,813.4701695520965,821.47265625,4991200
2015-11-09,818.6889184073334,822.8641275109832,812.0781706598879,820.4285888671875,6011200
2015-11-10,799.5527055172645,812.7742036937902,796.4212980544031,812.42626953125,5530500
2015-11-11,855.9181768813874,868.7917429564326,845.8280845522978,846.8718872070312,10912700
2015-11-12,837.8252817789713,838.8690840403239,814.8616320292155,835.0418090820312,6951100
2015-11-13,826.3435638906797,831.5625758731471,815.5576057935803,820.0807495117188,4232400
2015-11-16,805.4675468268885,839.2171589401534,805.1196126813909,829.8229370117188,5765000
2015-11-17,838.5212975019291,859.397346402392,837.4774950569059,845.47998046875,6805800
2015-11-18,845.1321456991523,854.5263688090234,832.2585806967362,838.1734619140625,4265200
2015-11-19,843.3923389420587,846.8716802743279,834.6939856113856,839.5650634765625,4571000
2015-11-20,843.3924092669308,851.394894998424,835.3899235354377,845.132080078125,3489800
2015-11-24,837.4775695424795,849.3073316382187,835.7378986460473,847.2197265625,3313200
2015-11-25,858.00574389371,875.7503882321444,855.5702044747092,857.3098754882812,6192800
2015-11-26,858.0056008994216,861.8328764914303,849.6551814259478,856.2659301757812,4558000
2015-11-27,855.5701392476301,870.8792429999261,854.5263367190645,864.2684936523438,4931200
2015-11-30,858.7015830697213,867.0520036506263,842.3486760987826,850.6990966796875,7394000
2015-12-01,842.3488050453094,861.1372542284761,838.8694626039821,859.3975830078125,4861400
2015-12-02,860.7891210997144,869.4874751932847,854.5263061523439,854.5263061523438,3243200
2015-12-03,846.175840435606,876.0981768983783,840.6088941169508,872.6188354492188,9950000
2015-12-04,869.8354820649787,880.6214420425844,852.7867066165051,866.3561401367188,7255700
2015-12-07,866.3562049056734,869.487612875212,846.523954431929,853.1347045898438,6567400
2015-12-08,833.9982705220689,834.3462047191995,805.1197321602284,810.3387451171875,11269800
2015-12-09,807.2073652602608,828.083417810095,805.8156284236052,813.818115234375,7785100
2015-12-10,813.8181233983131,826.3437550538664,808.5991102084992,819.3850708007812,6225600
2015-12-11,808.5989309656237,824.9518353354104,807.2071944235141,822.5162963867188,7750200
2015-12-14,795.0294479336874,800.9443278526688,783.5476222086057,798.5087890625,6744700
2015-12-15,800.9445914197524,804.7718679208895,789.8106961437177,790.1586303710938,4632600
2015-12-16,803.3800750967777,819.7329826453046,803.3800750967777,812.0784301757812,5954600
2015-12-17,815.9057072742444,822.8643913448136,803.0321417436913,815.2098388671875,5743100
2015-12-18,809.2949445558994,824.2561150700454,793.2899714477433,793.98583984375,7846400
2015-12-21,792.9418624004666,802.6840177963477,785.6352458535557,796.4212036132812,5766700
2015-12-22,792.9418734564489,808.9468432585536,788.070795690591,805.1195678710938,5060700
2015-12-24,825.2999051368844,836.0858651112702,818.689155475164,821.1246948242188,6630000
2015-12-25,821.1246948242188,821.1246948242188,821.1246948242188,821.1246948242188,0
2015-12-28,816.2535062837865,819.0369794509945,807.555152636261,816.6014404296875,2452600
2015-12-29,814.166018409874,824.9519784828254,804.7717951205294,823.5602416992188,3841300
2015-12-30,830.5189123777135,840.9569380883677,822.5164259995453,824.9519653320312,2894600
2016-01-04,839.2172187556425,863.2246765061149,837.477547904159,843.0444946289062,9354000
2016-01-05,839.9131488298116,852.438779881126,829.1271887578463,846.1759643554688,6818200
2016-01-06,837.8255562340696,842.0007666471962,808.5990833421835,819.037109375,6849300
2016-01-07,801.2923128408343,802.3361152457508,772.0658455031747,776.5889892578125,10114000
2016-01-08,765.4550234765981,777.2847829303273,758.8442755465728,764.7591552734375,8538600
2016-01-12,734.8370527626812,739.3601975003302,718.1362106544384,720.2238159179688,9072000
2016-01-13,721.6156282333403,727.1825761849957,713.961074799814,725.094970703125,8113500
2016-01-14,695.3116013947939,702.1311021181052,684.5256429380738,698.9996948242188,11797900
2016-01-15,713.6129394895991,727.1823712985188,691.4843361110775,695.6595458984375,11541100
2016-01-18,674.7835594271531,690.6493495933498,664.6238558539567,685.5695190429688,7321900
2016-01-19,681.9510095377916,694.1982759854146,675.0618956157317,693.850341796875,6585500
2016-01-20,686.0566587096749,686.5437326019003,649.2452041032698,650.776123046875,7735800
2016-01-21,656.8299270992059,669.7730569775447,642.0775146484375,642.0775146484375,8207900
2016-01-22,667.6160278027108,689.4662657542668,661.3532134423567,688.5616455078125,8900600
2016-01-25,710.4816218486271,718.1361740918542,697.6080567122906,711.177490234375,8475800
2016-01-26,688.8400539420774,692.3889653180518,676.8014982555876,680.5592041015625,7510900
2016-01-27,705.6104813709306,715.3526379184583,698.303863960285,708.0460205078125,6069400
2016-01-28,710.1336648320763,712.5692041039158,688.700927734375,688.700927734375,6703900
2016-01-29,715.3527070757445,738.3163640149464,699.6956682535614,733.0973510742188,13186500
2016-02-01,737.9684364445702,739.3601732412596,720.5717264859524,732.4014892578125,7258100
2016-02-02,712.9172120787752,713.6130805141863,692.8762096334202,696.2163696289062,9300700
2016-02-03,683.3426218233553,690.7884205963642,675.0617726554659,685.3606567382812,9863600
2016-02-04,697.260087211319,713.9609276235662,689.0488491697843,705.2625732421875,9347500
2016-02-05,747.0146207456236,747.0146207456236,701.7831812035039,713.9608764648438,9099500
2016-02-08,701.087340864594,726.138600687051,691.0668199466384,717.4402465820312,6796500
2016-02-09,688.9097382650667,690.7885915002772,670.8867291336014,671.8609619140625,9004400
2016-02-10,670.1212128642645,679.0979314585846,647.1575575947726,653.0028686523438,8804400
2016-02-12,630.6654204002526,636.6499131555793,609.9285539294256,611.45947265625,11172700
2016-02-15,634.2840555611598,670.5387827243916,634.2840555611598,658.082763671875,12262400
2016-02-16,661.1444614726059,680.0025180752191,658.082666405353,672.8350830078125,7656900
2016-02-17,654.1163531640166,654.7426517677242,620.0883684412953,627.464599609375,12475700
2016-02-18,658.8481620650267,677.2886738096687,645.6962753985351,665.6676635742188,14083100
2016-02-19,629.0649827931002,633.0314408472335,593.5756972594186,603.0394897460938,21994400
2016-02-22,571.7254509262457,589.4005249807586,566.4368681633265,574.0218505859375,15758500
2016-02-23,591.4881439042246,604.0137751869023,577.7099579877665,579.1712646484375,15037800
2016-02-24,563.6534473864931,579.0321232212722,556.9731272212588,571.5863647460938,11180400
2016-02-25,583.346492187146,590.5835407961727,574.5785670210591,579.4496459960938,7320800
2016-02-26,586.6866231849659,593.6453070916667,578.4058148194537,580.28466796875,6361800
2016-02-29,585.0861062578862,592.8102705065122,568.0373315059437,568.176513671875,7404400
2016-03-01,573.1173181542698,580.3543680299525,566.4369970939824,575.2745361328125,7649400
2016-03-02,594.2019820410897,599.8384985067627,590.3050939223197,597.8900756835938,8020300
2016-03-03,608.3280809939396,633.4489098265531,605.8925419253648,632.6834716796875,11960500
2016-03-04,632.0571490291923,681.2550448262477,631.6396450509568,675.8968505859375,16926400
2016-03-07,681.9510303479254,685.9870585636606,659.8919936268777,661.4229125976562,12779800
2016-03-08,671.5129041460896,682.3684325505674,649.3146885641017,656.69091796875,10816300
2016-03-09,620.8537972895984,642.4257177700383,620.8537972895984,639.5726318359375,8937700
2016-03-10,654.116303541049,660.7270534172618,649.2452246848923,651.8199462890625,7868800
2016-03-11,627.3947928505123,652.7244139634374,622.1757810117855,645.2090454101562,12965400
2016-03-14,655.6472601770246,659.6137188249729,650.5674290012911,652.2374877929688,7466000
2016-03-15,646.9487220392481,651.750187492071,638.9462371454493,640.1987915039062,5633400
2016-03-16,636.0236531709811,647.0879765991428,632.5443115234375,632.5443115234375,4550400
2016-03-17,653.4204237746757,671.6521842424286,645.2787550478522,647.7142944335938,8028500
2016-03-18,664.8327038329281,669.4254184047339,649.3148041268848,656.2039184570312,8334200
2016-03-22,665.9460000544829,670.9562605869968,637.69376249569,650.1497802734375,8251200
2016-03-23,649.1059058572582,655.0903983898413,639.711684326653,641.4513549804688,5036900
2016-03-24,628.8562628624177,631.8484883988946,608.8848318821947,609.3719482421875,8628300
2016-03-25,608.6064079388202,619.2532270772903,606.3100510065266,616.8176879882812,6314000
2016-03-28,616.5393482139369,621.4104265858304,605.5446369547212,614.3125610351562,5540400
2016-03-29,614.3829958446019,625.4909527771592,604.8216833266554,608.4774780273438,7234600
2016-03-30,590.5499453341733,597.4396861144272,584.5741423159109,590.8311767578125,12040700
2016-03-31,592.1669463694279,610.5864898198937,592.1669463694279,600.0409545898438,10579200
2016-04-01,588.4408735387466,591.8154362745529,571.0758833839997,573.6771240234375,6693000
2016-04-04,567.279499383775,583.4493197965347,566.3655186847054,570.794677734375,5670000
2016-04-05,557.7182299622399,558.2806499581449,535.783506842785,546.9617919921875,13999600
2016-04-06,553.9920575279245,563.8345560119232,539.2985961985713,543.0247192382812,10512300
2016-04-07,547.664792000797,572.1304249613445,543.1653465071802,558.2103271484375,12270700
2016-04-08,537.7520698179648,572.0602063131397,536.275668976493,565.9437866210938,9436600
2016-04-11,577.1220960270922,584.5742582223105,558.6322204589483,564.8189697265625,7774600
2016-04-12,559.8976783449908,584.9257334287029,556.8043039369384,577.4735717773438,6174300
2016-04-13,598.9864363696335,610.0943922179833,584.3633019040909,600.2518920898438,9643400
2016-04-14,612.4847087178802,617.7574764532098,610.0943701805732,616.1405029296875,8199600
2016-04-15,610.8677095211107,616.5622812719806,597.5803182225582,601.9391479492188,7783800
2016-04-18,562.9910266834157,584.43361731228,556.4528027129874,583.5899658203125,10078700
2016-04-19,608.8991223205692,610.516138545275,591.6044635448877,599.126953125,7688000
2016-04-20,613.5392288041265,619.9368361434604,609.1803991319944,610.93798828125,7970600
2016-04-21,632.0291701778056,648.6911268501235,626.8970175336475,645.5274658203125,10335700
2016-04-22,639.1297895241296,658.0414685513704,633.9273506682729,657.83056640625,7982700
2016-04-25,663.665664980627,664.3687006426827,643.8400507286765,645.9491577148438,4883600
2016-04-26,640.2546265625987,641.1685643991713,627.1781366743106,636.247314453125,4660100
2016-04-27,648.9018750767187,651.5031154439445,640.6060633706085,643.9103393554688,5335400
2016-04-28,653.8232250929392,663.6657252556286,624.2957246048709,624.4363403320312,7419100
2016-05-02,593.2213819842642,601.5171928010568,589.4250158019443,600.9547729492188,9212500
2016-05-06,594.1354854942969,599.0567356642267,582.2542072585466,583.9414672851562,6456500
2016-05-09,590.6202563104222,597.8615581264759,580.9887018434321,581.7620239257812,4822500
2016-05-10,573.8880896736066,585.2772777138007,562.6395173691972,580.4966430664062,7692800
2016-05-11,588.8626865944883,597.1585422026682,582.8165967236768,585.2772216796875,7897600
2016-05-12,588.7219456904156,596.595908973564,584.2225013201465,595.4710693359375,6047800
2016-05-13,597.0179070660389,598.8457826671062,569.9510334301035,570.3025512695312,9026900
2016-05-16,567.3498213636273,577.1923213625006,564.6782942316263,571.2868041992188,6728500
2016-05-17,585.6287168703344,593.1512071696148,580.4262357149724,589.3547973632812,6485800
2016-05-18,596.1743300446692,641.0280033693523,595.4712942781072,637.0206909179688,15758300
2016-05-19,630.1310456927813,631.2559288378533,594.7683497896338,599.4786987304688,11769600
2016-05-20,604.1889247778605,612.0628906422592,594.4869973558413,602.4313354492188,6797000
2016-05-23,592.5888130175292,593.573037258774,580.7074924368848,589.1439208984375,4770100
2016-05-24,589.1440126233788,589.7064326930678,577.8954395899968,578.3875732421875,3886400
2016-05-25,588.9331981739457,589.8471362870455,578.5985615783534,584.6446533203125,4087000
2016-05-26,596.4554968335173,609.5319435095573,592.5888005367437,599.548828125,6581400
2016-05-27,617.2652621741476,627.6701805627592,611.28945952212,621.1319580078125,8459900
2016-05-30,630.3417893377939,631.9588057702749,616.070173257732,630.552734375,7062900
2016-05-31,641.1685887903709,654.7371698615214,639.8328037330994,641.5903930664062,9856500
2016-06-01,637.0909082023835,638.6375951988008,628.3732490661331,631.6072387695312,6049900
2016-06-02,624.295809466978,625.561265363647,610.5866109482774,611.2193603515625,4833400
2016-06-03,602.2906368307852,616.9840558501134,602.1500211218669,609.4616088867188,4235800
2016-06-06,590.5499484603253,594.6978759765625,587.386288022145,594.6978759765625,5546600
2016-06-07,600.6033255342828,624.2956346660886,600.6033255342828,620.7804565429688,7275200
2016-06-08,627.8109718172315,629.70917706652,619.2339264422277,623.9442749023438,6067600
2016-06-09,625.7016026404191,650.6593631951773,624.2955316232495,640.1138305664062,8152600
2016-06-10,636.7394028398128,637.6533406115225,615.2968153109799,621.4835205078125,6960200
2016-06-13,597.5803297393176,603.8373644734863,583.5196160983925,585.6287231445312,6197400
2016-06-14,580.0045094461087,592.588866875626,579.0905715283551,580.4966430664062,5684300
2016-06-15,576.6299208332276,584.1524118110717,566.0140554445275,580.70751953125,5437900
2016-06-16,577.1922739595844,581.5511036116594,560.249131802681,561.5145874023438,5310700
2016-06-17,564.3970138445596,575.0128779545211,559.0539600438403,572.0601196289062,6784400
2016-06-20,584.9255276061738,604.8917526836061,583.6600723063096,600.6032104492188,8249800
2016-06-21,592.377836716733,603.1343167654802,589.1438898077593,598.9863891601562,6645000
2016-06-22,604.6809377216523,610.516167870458,597.088161380058,600.1112060546875,4784100
2016-06-23,593.5027269875061,617.1950378796791,592.2372713511359,615.8592529296875,6676800
2016-06-24,614.0314492723909,615.5078072028076,549.0709279559027,559.757080078125,9009300
2016-06-27,557.5072120048139,559.6163187337098,534.3070379869591,535.9240112304688,8964300
2016-06-28,524.3942444200887,544.1495266071164,520.5978352100383,535.7833862304688,8761000
2016-06-29,553.9920758277566,556.1714691143922,536.8379893107585,548.8599243164062,7931000
2016-06-30,562.4285314037178,568.4746209523511,554.3436212647894,557.7885131835938,6178500
2016-07-01,555.2575586288102,557.6478970494352,547.1023620935453,554.8357543945312,3547300
2016-07-04,548.2975000319906,559.2648385966429,547.2429465965475,558.772705078125,3613000
2016-07-05,548.2272459191597,555.3982188457292,541.9702537565817,552.2345581054688,5481700
2016-07-06,540.3531411998048,541.1967924958553,528.8936695822906,537.611328125,6473000
2016-07-07,531.4951007285815,534.4478598701653,526.714465547395,531.8466186523438,5607600
2016-07-08,529.385874793888,532.6901511202641,516.7312323685361,521.3009643554688,5048900
2016-07-11,521.3009643554688,521.3009643554688,521.3009643554688,521.3009643554688,0
2016-07-12,548.0163195523658,550.3363287439892,538.5956241562062,544.2199096679688,6507400
2016-07-13,563.1315144272945,571.567941609726,557.2259982356375,563.4830322265625,6841800
2016-07-14,558.4212471762519,575.7862375248532,558.350960770304,569.9510498046875,4654600
2016-07-15,573.3958665065345,580.6371681245481,568.1230990622864,570.9352416992188,4519800
2016-07-19,583.5196908481759,583.5196908481759,570.8650469502636,578.4578247070312,3490900
2016-07-20,575.5050823155394,576.3487338481367,561.1631779009833,566.0140991210938,3923400
2016-07-21,581.4105813141895,593.221573658544,578.1063046159139,589.6361083984375,5668900
2016-07-22,572.6928094729302,582.6759240434225,572.6928094729302,580.9183349609375,6113100
2016-07-25,580.9887397277674,591.9560798629326,579.5123389607945,582.8869018554688,4957800
2016-07-26,576.4892365034679,580.4965483147995,558.2805958938532,563.8345947265625,5833400
2016-07-27,570.7946137066627,573.5364267666382,563.201794993162,567.2091064453125,4615300
2016-07-28,565.2405256606686,573.5363357388865,562.5689994198704,571.49755859375,4541600
2016-07-29,571.4273501473427,578.0359022178629,557.5775396867137,574.098876953125,5262500
2016-08-01,571.4976904077641,579.7231730892659,561.7957642225946,571.9194946289062,3665100
2016-08-02,556.1714960608696,559.3351565456525,538.5253180763707,540.4235229492188,7394300
2016-08-03,534.2367782511996,546.1883836446502,527.4173242388413,538.9470825195312,8629200
2016-08-04,549.4925274806727,556.1010783187035,542.8840195525235,554.6950073242188,6225400
2016-08-05,555.3982940340836,565.0298932847561,553.4298023334113,560.108642578125,6566100
2016-08-08,570.6541261086626,577.8953857421875,569.6698588959945,577.8953857421875,7260900
2016-08-09,585.6990595489686,597.5803807537968,580.0747736124623,596.6664428710938,6271000
2016-08-10,586.120892423529,594.9088389846654,582.3244823451599,591.7451782226562,5127000
2016-08-12,604.6106281242421,609.6724931277251,588.5110953974436,592.7293090820312,6377200
2016-08-15,592.5889258601434,599.5489549203382,591.9561764410792,594.908935546875,5020600
2016-08-16,598.9864374416978,608.7586511789418,588.6518037066753,588.7924194335938,6492300
2016-08-17,599.3380377388404,629.00615798367,596.8774123639596,626.8267211914062,10009200
2016-08-18,632.8024115140951,641.8715891379424,622.8896253846845,624.0144653320312,10211600
2016-08-19,643.0667555477156,660.2911299881448,639.7624792159404,654.8777465820312,9363200
2016-08-22,648.2692559085319,650.6595946519795,631.2558248765602,637.5128173828125,8582700
2016-08-23,625.7018010534725,629.2872661202701,619.6557109263524,623.3114624023438,7105100
2016-08-24,628.8655115706138,634.6304136069022,620.0775642317287,622.2569580078125,3042600
2016-08-25,617.2653141177215,619.3744211135679,609.6022082021894,612.4846801757812,5636400
2016-08-26,612.4847378270706,613.1174442394442,601.8688725361368,602.4313354492188,4191400
2016-08-29,623.3816381535461,625.7016469140593,611.7112221393303,613.4688110351562,4358700
2016-08-30,610.5865037511827,617.5465743257754,609.1804323550947,616.1405029296875,3161600
2016-08-31,619.9368213510097,633.9272478092122,617.6168123113288,631.6072387695312,4861600
2016-09-01,618.6714899553571,619.5854278926296,610.7974805921273,615.1563110351562,5995100
2016-09-02,601.0956273584078,612.4848162482316,594.4870734726122,611.2193603515625,5350300
2016-09-05,621.7648104240506,632.0291148132328,616.7732310461068,620.5696411132812,6323700
2016-09-06,619.8666255847338,622.6787685676203,601.9392140688325,603.76708984375,6680100
2016-09-07,601.1658505774737,602.7125378040924,592.8700373382054,598.213134765625,6700500
2016-09-08,599.6191690646058,604.6107053987073,597.5803483591875,597.650634765625,6593200
2016-09-09,610.5162568486315,619.7962943353593,609.5319896437259,611.9926147460938,7307100
2016-09-12,602.5718544664471,607.2822020286188,588.0190504525692,590.4796752929688,5574500
2016-09-13,604.6808172349138,605.2432799636086,592.7292137181358,595.4710693359375,3790100
2016-09-14,580.1451163504661,586.1912067080887,577.54387546269,583.5899658203125,5238700
2016-09-15,580.0044324722897,585.2069136366042,575.9971205386846,583.8008422851562,5375800
2016-09-16,580.777831957748,589.8470105472853,577.825116054083,589.6361083984375,4686900
2016-09-20,576.4894191087805,584.9961360560579,574.099079963148,581.1997680664062,6109600
2016-09-21,581.41039888181,598.9160012116129,572.3412231379585,597.2286987304688,6937900
2016-09-23,598.986297685133,609.4615447029703,597.0178066972528,605.8760375976562,8763500
2016-09-26,601.23606300202,605.0324295548104,590.5499131347469,591.8153686523438,5602500
2016-09-27,596.8773713108257,611.78173828125,591.6046030130268,611.78173828125,5936700
2016-09-28,603.8253231186125,610.3608529346193,601.4810687711102,609.0111083984375,5364200
2016-09-29,651.6341527082291,657.6013857449981,643.6778564453125,643.6778564453125,11960900
2016-09-30,629.256912263174,647.5847750750502,628.1203174214739,645.8798828125,8466000
2016-10-03,645.1696288981937,647.8690747044644,637.2843542765997,638.7761840820312,5594400
2016-10-04,630.890978861392,649.5030178230742,630.890978861392,648.5795288085938,4852800
2016-10-05,647.300871070673,659.3773796975202,645.8090410488298,652.5576782226562,5556100
2016-10-06,663.2134723770619,679.268152277752,663.2134723770619,674.86376953125,9808200
2016-10-07,692.6231147938084,697.8799639827503,683.388139929891,686.0875854492188,8245100
2016-10-11,702.4975362676262,723.169657462771,699.8691113556745,708.0385131835938,11510600
2016-10-12,686.7271550751473,708.038641981224,686.7271550751473,704.8419189453125,7126100
2016-10-13,694.1860399042663,705.8362911224028,692.6231891647429,698.8035278320312,7119300
2016-10-14,708.1095697708851,728.1423734988101,704.6997409861655,725.3008422851562,8224900
2016-10-17,724.945717376271,747.6779691705293,722.1041859019887,742.35009765625,12346600
2016-10-18,721.038477704885,736.6668979112964,714.6450330749894,736.3117065429688,6789100
2016-10-19,725.3007207587214,728.1422514962677,713.9345978085357,717.4865112304688,7915400
2016-10-20,724.2351131354186,730.9837483240273,714.6449473410801,717.1312866210938,8254400
2016-10-21,721.038561463356,733.825452208519,717.8418387770653,727.4320068359375,7196800
2016-10-24,727.0768576282694,729.2080062094954,710.7380518388701,716.7763061523438,4572200
2016-10-25,708.9620407436261,715.7106774040113,705.6942971777172,709.1041259765625,5820500
2016-10-26,694.6122399899122,702.8527058540301,691.4865819242027,700.7215576171875,6485900
2016-10-27,695.9620502899389,707.1150691212518,691.2024767730737,705.9074096679688,5006500
2016-10-28,705.978441045112,714.28992874846,701.858229342097,711.8035888671875,6188400
2016-10-31,696.1751936918778,700.6505969796599,683.814514746262,700.1533203125,5540400
2016-11-01,692.0549394960783,695.5357892366153,685.94562133872,689.9948120117188,5488700
2016-11-02,674.8635252628695,681.185948263922,672.7323772883552,678.7706298828125,5713700
2016-11-04,662.7872392126914,670.8856215367575,662.0768563196445,666.978515625,5896300
2016-11-07,670.9564936529687,675.4318962147757,663.5684958607351,672.945556640625,5163300
2016-11-08,651.6341459790506,669.3226953738393,651.5631250410498,666.5521850585938,5438500
2016-11-09,677.7763058416792,686.3009006202351,626.770822421653,638.9183959960938,8865000
2016-11-10,679.1259204566238,697.737957492267,671.4537952988621,692.6942138671875,8862400
2016-11-11,696.1751456763828,700.0112301489502,683.4592761824331,689.284423828125,8587000
2016-11-14,704.1314789083725,722.459347488631,697.5959481158659,713.9347534179688,7277400
2016-11-15,724.9456797933344,738.442953596444,713.9347459013239,721.03857421875,8170500
2016-11-16,745.9020119991029,754.7817978562351,740.9293319191089,742.35009765625,9680700
2016-11-17,737.0221469106119,754.071333923484,733.470232949597,751.940185546875,7235400
2016-11-18,753.0057560264124,753.3609474207645,739.1532916466813,743.4155883789062,5850800
2016-11-21,759.0440047079901,768.9893636840425,754.7817080039678,766.8582153320312,7184900
2016-11-22,785.6834904682876,792.0769365932556,774.3173640239,780.0004272460938,8596900
2016-11-24,801.3118925495601,805.2189984086226,772.5413857691902,777.1588745117188,6459200
2016-11-25,778.2243535716062,786.038564333165,773.9620567925742,780.710693359375,4273100
2016-11-28,762.2407424029183,773.2516757740694,756.9128714168774,772.896484375,5997300
2016-11-29,766.858278286707,780.7107437119879,763.6615554962575,779.2899780273438,4861200
2016-11-30,779.2899132231963,787.8145066221738,769.6997456493466,770.7653198242188,8295900
2016-12-01,856.0112880761146,860.6287763520438,836.4757607548755,847.4866943359375,20262600
2016-12-02,840.027586765553,858.1423465647256,833.9893334991621,847.841796875,9768700
2016-12-05,841.8036735806684,844.6452049682824,828.6615909129533,836.8309936523438,5553100
2016-12-06,852.1040215934592,856.0111263193983,830.0821585927112,834.6996459960938,7251900
2016-12-07,843.5796893274613,848.5523696013917,833.9895202277386,844.645263671875,6612100
2016-12-08,858.1426200882613,862.4049178701566,845.7109182243998,851.3939819335938,6337800
2016-12-09,863.8254300631011,890.1095919975868,858.4975594007052,886.5576782226562,12323500
2016-12-12,925.6286883193029,927.7598364888792,878.7434285886245,893.3062744140625,8360000
2016-12-13,884.071332530252,894.3718824070609,875.9019309038174,889.75439453125,5256100
2016-12-14,891.5303622778312,898.6341898657023,885.1369174487471,891.1751708984375,4346300
2016-12-15,880.8746815470095,891.1752322586478,865.6014511814766,867.022216796875,10318700
2016-12-16,875.191450747559,876.257024754151,867.7324327014151,873.060302734375,5625600
2016-12-19,872.7052773627817,881.2298710366549,868.798171928923,874.83642578125,3695800
2016-12-20,867.0221406610191,867.7325234063374,846.4210410467875,857.0767822265625,5981000
2016-12-21,851.0384518948639,863.8253401537183,843.2242424033418,854.945556640625,5061100
2016-12-22,858.1425038998306,866.3119068756981,849.6179094902296,864.5359497070312,4379400
2016-12-26,864.536015470442,865.6015898526981,846.4212509720884,852.814697265625,2641000
2016-12-27,844.645019224669,857.4319076570021,838.9619576991877,848.5521240234375,2733500
2016-12-28,849.6178427709818,859.5632021345217,847.4866943359375,847.4866943359375,3613600
2016-12-29,831.1479138540343,842.1588477555193,824.7544683628494,838.60693359375,4406800
2016-12-30,824.0438840167325,834.3444325669416,822.6231186994622,831.8580932617188,3407000
2017-01-04,840.0277194495962,853.1698021640296,838.2517623260242,845.3555908203125,5927100
2017-01-05,842.5140022382344,843.2243850394472,815.8746471927591,829.7271118164062,8302500
2017-01-06,809.1260239196433,822.9784887716478,803.4429614162569,819.4265747070312,7737100
2017-01-10,810.9019785061689,819.071380830147,806.994873046875,806.994873046875,4807700
2017-01-11,810.191647952399,821.5577736580004,805.2189679561984,818.005859375,5587400
2017-01-12,811.9673295938933,821.5574949040574,805.9290773615677,813.7432861328125,4831300
2017-01-13,803.0876342295978,818.7160534715715,803.0876342295978,817.2952880859375,5257000
2017-01-16,813.0330098784713,816.9401147752224,800.6013124797179,803.7980346679688,3200200
2017-01-17,806.994796888926,808.4155623764066,793.4975247578612,797.0494384765625,3625500
2017-01-18,792.7872535525344,814.4539302849289,789.9457221777941,811.9675903320312,5458900
2017-01-19,811.9674354090225,814.8089662416,801.3116947868568,807.7051391601562,5497900
2017-01-20,811.2571999251275,829.7271536887469,811.2571999251275,819.0714111328125,5285900
2017-01-23,806.9948613701185,814.453880775388,803.0877559673582,809.481201171875,3346100
2017-01-24,799.5359124638537,804.1534010742624,789.2353609483265,794.563232421875,5355000
2017-01-25,802.0222178833931,806.2845148783447,795.6287723909658,798.1151123046875,3524700
2017-01-26,806.284342803534,806.284342803534,752.6504503967791,772.1859741210938,13356900
2017-01-27,793.4976122093708,814.0987140482891,791.01127233226,800.6014404296875,8386900
2017-01-30,800.9567696900494,803.0879185229276,793.1425573028295,802.7327270507812,4409800
2017-01-31,784.973082149528,796.6943996657878,784.2626992697546,788.8801879882812,4164800
2017-02-01,784.9731256119967,791.0113804243966,776.4485305827261,790.6561889648438,3350200
2017-02-02,775.7380834138498,780.3555720055989,766.1479148002171,769.6998291015625,6625300
2017-02-03,777.8691476567,778.9347218315722,765.4374489498578,770.7653198242188,3710800
2017-02-06,782.4867193328886,783.5522936215851,769.3446364389634,773.60693359375,3904100
2017-02-07,761.1751870021758,764.3719096727402,754.781741661047,763.3063354492188,4316000
2017-02-08,756.5576953125001,759.75441796875,747.32271875,754.78173828125,6153700
2017-02-09,760.1097428737083,764.0168490286667,752.2955305637918,756.20263671875,5010700
2017-02-10,773.2516624813989,795.2735288451319,771.8308969095451,783.197021484375,7308200
2017-02-13,816.9401571412401,832.2133861660545,810.1915210605081,821.2024536132812,9542400
2017-02-14,815.51946580363,820.4921454731644,808.4156377042954,810.9019775390625,4759600
2017-02-15,826.8855513723273,826.8855513723273,808.7707905819541,809.8363647460938,4127000
2017-02-16,806.6394543199815,811.6121325940809,800.9563934352965,809.1257934570312,3792800
2017-02-17,800.9566318407033,806.9948858279724,793.8528036203867,800.6014404296875,3655500
2017-02-20,795.2736152850148,797.4047638744343,788.1697866536167,794.563232421875,3169700
2017-02-21,809.8362880998142,816.2297324795495,798.4701647580623,799.8909301757812,2790800
2017-02-22,808.4156514720358,808.4156514720358,798.1151005525767,800.6014404296875,3530100
2017-02-23,818.0057938621554,821.2025164608351,796.3391184711039,813.3883056640625,8099400
2017-02-24,812.3228030483309,825.8200774321684,806.2845487187193,814.8091430664062,5830000
2017-02-27,793.4976314412783,802.0222255122678,782.8418888525413,791.0112915039062,6194100
2017-02-28,793.4974309996466,809.4810408452079,792.0766656800411,792.7870483398438,6630300
2017-03-01,798.1152012214422,802.3774986912497,786.0386917236546,797.760009765625,6369900
2017-03-02,807.7052696932122,811.2571838079581,795.2735702916017,796.6943359375,6153500
2017-03-03,781.421115822988,786.0386042346693,766.1478849228114,777.8692016601562,8083300
2017-03-06,777.1587847345526,784.6178041492808,768.2789997170188,781.4210815429688,4751900
2017-03-07,781.4211052440927,797.7599101719237,780.0003395981944,796.6943359375,5805200
2017-03-08,799.1806660349107,799.1806660349107,788.8801152282385,791.366455078125,4102400
2017-03-09,781.0658013613752,787.8144372076081,773.6067827944862,781.7761840820312,5983700
2017-03-10,791.3664775719803,792.7872432408708,779.2899693864116,790.3009033203125,6419700
2017-03-13,781.7763210121203,791.7216808432604,779.645172476876,787.8145751953125,4458500
2017-03-14,798.470203964043,809.1259451201468,796.6942471046924,797.0494384765625,5429700
2017-03-15,786.3937323847904,790.6560290372825,781.4210529568829,785.683349609375,3551900
2017-03-16,784.6178067542296,796.6943144181697,783.5522325485878,793.852783203125,5873400
2017-03-17,788.8799216455692,797.0493220047985,784.9728171259379,789.9454956054688,4783200
2017-03-21,785.3281914133106,790.6560624541065,783.552234399712,786.03857421875,3327100
2017-03-22,770.7653701514528,775.7380499588816,767.9238388329221,769.3446044921875,4776700
2017-03-23,762.2406869664372,778.9346815085727,761.8854955932003,777.513916015625,3733900
2017-03-24,779.6451146455324,781.0658802303078,770.054946948298,776.0932006835938,4114500
2017-03-27,770.7653323602499,775.3828205264634,760.1095904382188,764.3718872070312,3613100
2017-03-28,769.699771548558,791.3664471666762,768.6341973378309,778.224365234375,5903000
2017-03-29,793.266033413174,800.4287064011033,790.0428305686057,795.0567016601562,5450300
2017-03-30,802.5775101242682,815.8284551820987,794.6985698196123,797.2055053710938,5815200
2017-03-31,806.1588142293946,807.9494824084913,783.9545288085939,783.9545288085938,5583500
2017-04-03,783.9546729749669,792.1917481135802,780.7314696598575,786.4616088867188,4264700
2017-04-04,794.3403842913838,795.41478517185,778.5825047112121,784.6707763671875,4897400
2017-04-05,788.9683288235449,793.6240656708922,773.9267174705767,774.2848510742188,5984800
2017-04-06,771.7779982012945,777.8662701128592,766.4059935734432,775.7174682617188,6812600
2017-04-07,784.6708948886295,816.1866588093046,780.0151570367116,806.8751831054688,15048000
2017-04-10,807.2331917230671,811.5307952282476,797.2054502109793,803.65185546875,6122800
2017-04-11,797.921772671517,801.1449755234216,786.4614958647447,797.2055053710938,5099700
2017-04-12,787.8939405585334,792.9078110893604,777.8661994968793,787.1776733398438,4899800
2017-04-13,771.4198174952128,776.0755545553046,756.3782054549162,768.5547485351562,8138400
2017-04-14,759.9595702430432,759.9595702430432,745.6342249038719,755.3038330078125,5239900
2017-04-17,753.5131245834568,756.7363271125686,749.5736548256535,755.6619262695312,4052500
2017-04-18,757.0944410381895,767.1221819790927,752.4387041727701,756.378173828125,3407100
2017-04-19,755.6618422482392,760.3175787170671,748.8573043322597,753.1549072265625,5576700
2017-04-20,730.5924820210893,747.4247597931437,726.2948791856711,743.4852905273438,6192200
2017-04-21,747.7829230779242,753.5130604195175,743.8434536555789,752.4386596679688,4055200
2017-04-24,758.885085057804,761.3920202137288,750.6480124026225,752.7968139648438,3797400
2017-04-25,753.5132042384204,761.0340109347164,751.7225359773976,753.871337890625,4846700
2017-04-26,761.7500876080918,772.1359609229177,757.0943512945491,767.480224609375,5559200
2017-04-27,773.2105867900545,773.2105867900545,759.6015074486826,767.122314453125,4468000
2017-04-28,769.2709514241269,780.0149591255812,764.2570811634482,765.3314819335938,3957200
2017-05-01,759.2432861328125,763.1827560136903,752.0806136221256,759.2432861328125,4639600
2017-05-02,760.6758049318694,767.4803436765518,756.7363351323164,764.2571411132812,3944500
2017-05-08,779.6568880241641,797.5635689617884,777.1499526928967,787.5358276367188,8357600
2017-05-09,784.3127615072137,786.1034299124814,775.3594194808758,780.373291015625,5244000
2017-05-10,776.0755498619096,786.1032911614636,772.1360800656563,785.3870239257812,3687400
2017-05-11,792.5497022997141,796.4891721258763,787.8939652324316,791.8334350585938,4552300
2017-05-12,791.1172118920877,803.2937556695123,783.9545390818379,795.77294921875,6913100
2017-05-15,763.8990608162715,778.940673828125,753.8713188083692,778.940673828125,9093000
2017-05-16,787.8940218885647,789.3265564738166,760.6758647687778,763.1828002929688,8258200
2017-05-17,763.1827070375369,765.6896422553984,745.6341605125067,751.0061645507812,6772900
2017-05-18,738.4714573493654,745.6341290986318,729.8762512502458,739.9039916992188,6922500
2017-05-19,746.3504502909265,757.4525923058106,745.992316677543,753.5131225585938,6316700
2017-05-22,763.5409123214915,768.5547832279178,758.8851750512385,761.750244140625,5544100
2017-05-23,754.9456590408398,762.1083313277547,753.8712581978025,755.6619262695312,3162500
2017-05-24,756.3782171285377,764.6152905158277,753.513148124263,759.2432861328125,4327900
2017-05-25,752.438640077512,757.4525101208653,747.782903608684,753.1549072265625,3687600
2017-05-26,739.1877430745087,743.1272126354678,732.7413383383938,738.1133422851562,6812000
2017-05-29,730.9506804398665,735.6064172579547,727.0112108245609,727.7274780273438,4510900
2017-05-30,726.2948448850923,732.7412488337766,720.2065744891128,730.2343139648438,3110600
2017-05-31,716.9835116986147,729.5181884765625,707.6720375207107,729.5181884765625,10388700
2017-06-01,724.1460963269055,724.5042299057022,716.625291172175,722.7135620117188,4596400
2017-06-02,732.0250151689881,744.5596900862654,727.3692787711424,742.410888671875,6403800
2017-06-05,733.0995511897343,752.7969011239968,729.5182148380502,736.32275390625,6424300
2017-06-06,730.950576247755,735.6063124021993,723.4297716905758,725.9367065429688,6475000
2017-06-07,731.3087651213491,748.1410432607729,731.3087651213491,739.5458374023438,6731300
2017-06-08,736.680883717397,737.3971509840158,726.6531419847344,732.025146484375,4907700
2017-06-09,732.0249451189986,739.1876158148792,728.8017433058524,733.8156127929688,6097400
2017-06-12,740.6203990524782,747.7830721574344,735.248394223761,737.0390625,3616100
2017-06-13,740.6203687970542,753.5131798592854,740.6203687970542,749.215576171875,5059700
2017-06-14,745.9922551586762,757.4525298418629,742.0527857363309,752.4386596679688,4199200
2017-06-15,748.499326797456,753.155064236866,742.4110547613044,746.3505249023438,5393800
2017-06-16,747.7830180846992,754.2294234130156,740.620345497681,745.6342163085938,7235000
2017-06-19,751.3642971035175,755.6619003281324,748.4992282871075,749.9317626953125,2679200
2017-06-20,755.3037491207685,760.6757530263217,752.7968139648438,752.7968139648438,3860700
2017-06-21,742.7690233881074,745.2759583754347,736.6807527045983,743.4852905273438,5808300
2017-06-22,734.8902155508501,740.9784873171096,727.7275428846625,732.025146484375,6009200
2017-06-23,733.4575159391859,733.4575159391859,725.9367113323876,730.2343139648438,6002500
2017-06-26,741.3364891096346,744.5596912361983,737.7551534134528,743.4852905273438,5153100
2017-06-27,748.8573054560908,758.5269119827835,748.1410383059655,754.2293090820312,4739100
2017-06-28,752.4388129981016,768.1966938985854,752.4388129981016,765.6897583007812,4559900
2017-06-29,766.4058827037392,771.0616193743693,761.3920124430605,765.3314819335938,4452600
2017-06-30,766.0477781904505,779.2987215252082,766.0477781904505,774.2848510742188,7160700
2017-07-03,777.1498631509818,786.8194697431829,773.5685273760924,778.5823974609375,3729100
2017-07-04,790.0427422146021,797.9216816201874,784.6707380744302,787.1776733398438,4618000
2017-07-05,786.8195513028027,786.8195513028027,772.8523403329305,777.8662109375,4833400
2017-07-06,762.8246106150433,771.7779511152198,759.9595416549868,768.5547485351562,5164500
2017-07-07,762.8246890461478,772.1361641237064,761.7502880756603,765.6897583007812,3900000
2017-07-10,770.3454334553845,772.1361015945184,761.750226387542,764.6152954101562,2910000
2017-07-11,768.5548293270282,773.5687005341942,764.2572254351716,767.8385620117188,2844500
2017-07-12,767.8385628929902,775.3593697123712,765.6897609445956,768.9129638671875,3012600
2017-07-13,783.9544573134988,785.0288581229737,772.8523156155918,773.21044921875,4321500
2017-07-14,773.5686664105782,777.5081364710024,771.0617309175809,775.7174682617188,2957400
2017-07-17,775.7174682617188,775.7174682617188,775.7174682617188,775.7174682617188,0
2017-07-18,788.6103640335582,789.3266313941699,777.8663536243816,778.2244873046875,4280500
2017-07-19,775.3592942769923,785.7451693504485,773.568626160879,776.0755615234375,3250200
2017-07-20,785.7451762699776,787.1777107754835,779.2987709952012,783.5963745117188,3025600
2017-07-21,772.1361487864342,773.9268170350113,764.9734757921259,771.7780151367188,3564700
2017-07-24,761.0339385500106,765.3315419677048,757.0944687504576,764.2571411132812,3430200
2017-07-25,760.6757833131602,767.1221882564921,759.6013824892716,762.8245849609375,2178000
2017-07-26,773.5686833852958,777.15001988245,768.9129459389954,771.7780151367188,3532700
2017-07-27,772.1361487864342,777.5081535321654,768.55481228928,771.7780151367188,3114400
2017-07-28,772.4941624010785,778.9405670942724,767.8384256782161,773.9266967773438,3529300
2017-07-31,768.5547485351562,772.852351975241,764.2571450950715,768.5547485351562,3815700
2017-08-01,770.3453380191559,775.3592081875744,767.8384029349467,771.4197387695312,3115900
2017-08-02,766.4060273810999,771.4198985882659,764.2572254351716,767.8385620117188,3460900
2017-08-03,768.9129459389954,774.2849506847266,765.6897430915567,771.7780151367188,3870100
2017-08-04,766.0479728613007,768.9130424185192,758.5271652736021,764.9735717773438,3241500
2017-08-07,779.2986919454843,781.0893598957266,761.3920124430605,765.3314819335938,4606000
2017-08-08,764.6152601680994,773.5686004510983,763.5408593341397,770.3453979492188,4302200
2017-08-09,767.4803823193979,767.8385159555712,754.2294377809854,761.750244140625,5234500
2017-08-10,764.9735495592855,768.1967527175409,761.3922127167795,762.4666137695312,3629900
2017-08-11,762.4666137695312,762.4666137695312,762.4666137695312,762.4666137695312,0
2017-08-14,758.1689650803875,763.8991036922374,757.4526977539062,757.4526977539062,3918100
2017-08-15,757.4525746432217,760.6757770885121,753.513104987867,756.378173828125,4061700
2017-08-16,752.0806669278909,756.7364043898255,750.6481323242188,750.6481323242188,3274100
2017-08-17,743.8434611613152,744.2015947487786,736.3226558245855,739.9039916992188,6108600
2017-08-18,734.1738085532979,737.0388770744815,732.7412742927061,734.8900756835938,4741500
2017-08-21,741.3366127563828,748.1411517140501,739.9040782389792,745.6342163085938,5636900
2017-08-22,739.9041005924822,748.8574415967474,738.1134323916292,748.1411743164062,3364000
2017-08-23,751.36425891642,753.871194003367,745.9922551586762,752.4386596679688,4874100
2017-08-24,755.6618859360196,762.1082906501657,755.6618859360196,756.02001953125,5366700
2017-08-25,759.2431433237966,763.8988795800275,757.0943419747671,758.885009765625,3705500
2017-08-28,755.6620061516478,755.6620061516478,748.4993331075564,753.871337890625,4170100
2017-08-29,744.9179547991072,754.587562866211,743.4854202706473,752.0806274414062,3107500
2017-08-30,750.6480929129465,753.871295601981,744.9179547991072,752.0806274414062,3642300
2017-08-31,755.6618827144721,757.4525506829898,752.0805467774367,752.7968139648438,4491500
2017-09-01,757.8106090911102,761.0338111146547,753.1548728348794,758.885009765625,3166000
2017-09-04,758.8852522308885,767.1223267005961,753.8713808145446,756.7364501953125,2927100
2017-09-05,755.3037523407893,759.6013554835533,753.5130843646376,756.02001953125,3618200
2017-09-06,758.5268946190205,762.1082302876655,754.5874253835109,757.0943603515625,3894900
2017-09-07,764.2571411132812,767.838477294693,761.0339385500106,764.2571411132812,4067400
2017-09-08,762.1082349115122,765.3314370328485,756.7362313759518,761.3919677734375,4938400
2017-09-11,762.4665283895395,762.4665283895395,756.0201227948886,757.810791015625,2581200
2017-09-12,764.9732838107232,765.3314173705596,759.9594139730124,762.1082153320312,2539400
2017-09-13,767.1221913555728,771.7779282778989,763.8989888708855,766.0477905273438,2959800
2017-09-14,767.8384647006839,777.1499386196286,767.8384647006839,772.4942016601562,3384200
2017-09-15,773.5687118858796,786.8196574135544,772.8524445600593,781.8057861328125,6370500
2017-09-18,781.8057861328126,781.8057861328126,781.8057861328126,781.8057861328125,0
2017-09-19,786.8196889420002,798.638100291607,785.0290205556962,796.1311645507812,4675400
2017-09-20,803.651885516827,822.274834735577,803.2937518780049,814.7540283203125,8815900
2017-09-21,832.3024017101026,851.641614142265,832.3024017101026,844.4789428710938,11524000
2017-09-22,843.0466129260989,850.5674195834684,834.4514053176764,845.9116821289062,4772500
2017-09-25,842.3303626615004,846.2698328950364,834.0932885368344,841.9722290039062,5723700
2017-09-26,863.8182705037265,870.2646755074855,854.1486629980877,855.9393310546875,7134600
2017-09-27,856.6610745551442,866.7649119972436,851.2483044968766,864.2389526367188,3371400
2017-09-28,875.4254381035026,884.0858711267855,870.7343702158912,874.7037353515625,4573200
2017-09-29,870.3734101758548,874.703626146879,860.6304242410505,862.7955322265625,4134800
2017-10-02,854.1349568157779,864.2387923843633,854.1349568157779,863.51708984375,3251700
2017-10-03,858.1044389747246,859.1869929347432,841.5052782544398,855.9393310546875,5310700
2017-10-04,847.6397402118486,851.9699559983715,840.4227139009772,844.7529296875,4486200
2017-10-05,841.5053136366067,844.7529756532145,835.0099896033911,843.3095703125,3036900
2017-10-06,845.113806979939,858.4653060654462,845.113806979939,851.609130859375,4771800
2017-10-09,851.609130859375,851.609130859375,851.609130859375,851.609130859375,0
2017-10-10,843.3096048310973,844.0313075309956,831.0406589328272,842.22705078125,5073600
2017-10-11,842.9488212923955,847.6398892191083,839.3403075026164,845.8356323242188,2685500
2017-10-12,838.6184770849062,840.0618823810937,829.2363426596878,836.453369140625,5113200
2017-10-13,828.8754649481557,838.6184503872503,823.823546572329,835.3707885742188,5082200
2017-10-16,843.6705125495569,850.5266886566748,839.3402960608508,846.1964721679688,6328300
2017-10-17,849.443885529347,849.8047367976262,835.3706860664563,844.3919677734375,5658400
2017-10-18,853.0526169218816,858.4653873338225,842.2270760979999,849.083251953125,3710900
2017-10-19,850.1657334216692,854.4959493813722,847.2789227818673,849.4440307617188,4450000
2017-10-20,846.5572704952871,851.6091894155488,840.0619461692363,844.0313110351562,3212500
2017-10-23,854.856693283891,860.9911651225681,851.2481804376102,856.6609497070312,4614900
2017-10-24,853.7740412061937,862.4344710409141,851.9697849906269,861.7127685546875,3446900
2017-10-25,867.4864998362108,868.9299049940081,851.9698943898892,856.3001098632812,4444600
2017-10-26,849.0831181650926,856.6609955477815,841.1443894784662,855.2175903320312,5640500
2017-10-27,858.8260764931612,863.5171432975355,854.495860981431,859.9086303710938,3606700
2017-10-30,873.6212323902553,884.0859229062889,869.291015625,869.291015625,9013000
2017-10-31,867.8476100365816,873.6212323902553,864.2390960655355,869.291015625,4645200
2017-11-01,870.0124922827406,900.3240017608618,868.9299383728077,889.8593139648438,7227100
2017-11-02,894.1897093561213,912.5931295244676,891.3028983493218,907.1803588867188,5363900
2017-11-03,907.1803588867186,907.1803588867186,907.1803588867186,907.1803588867188,0
2017-11-06,923.7793352317361,941.821900372981,918.0057143865378,918.7274169921875,7526700
2017-11-07,938.2132995304803,958.4209705972906,936.7698944542796,952.2864990234375,8118500
2017-11-08,943.9869426636708,959.1426963302894,941.4609837192344,957.3384399414062,6183400
2017-11-09,967.0814819335938,980.7938313042939,959.5036046497856,967.0814819335938,10104700
2017-11-10,966.3596053817761,983.319613392584,965.6379029132311,976.4634399414062,8425800
2017-11-13,972.1334350998802,973.215989036517,956.9776799869645,960.225341796875,7374300
2017-11-14,954.8125721136909,963.4730036067856,947.5955458694452,960.225341796875,5468900
2017-11-15,938.5742770714247,938.9351283890223,912.5929822043956,925.2227783203125,10694200
2017-11-16,918.0059502360834,920.1710586092818,902.4893402281623,907.541259765625,7164500
2017-11-17,913.6757864795096,919.0885577264262,904.6545010679821,909.7064208984375,6948600
2017-11-20,910.0671121643478,916.923287870582,908.2628553995494,908.9845581054688,4466400
2017-11-21,915.4799101316355,928.4705592308625,911.1496937652265,923.4186401367188,3948200
2017-11-22,932.4399103235316,938.2135320592811,926.3054372292978,935.3267211914062,4225800
2017-11-23,935.3267211914064,935.3267211914064,935.3267211914064,935.3267211914062,0
2017-11-24,942.9045703923591,944.3479757814022,924.8620030293213,926.666259765625,5065200
2017-11-27,935.326778492647,940.7395492015165,919.0884663660386,920.1710205078125,3498900
2017-11-28,915.8407919071169,919.0884542897663,902.8501423765196,907.1803588867188,6586200
2017-11-29,921.6144139207158,925.2229276792151,905.3761020074691,907.1803588867188,5329000
2017-11-30,907.9021209354928,914.0365947255975,900.6850929471344,912.9540405273438,5866800
2017-12-01,927.3879605806791,940.7394604022686,923.7794471153846,938.2135009765625,5561400
2017-12-04,948.6779368923324,964.5553919030828,945.0694243898892,951.9255981445312,7608200
2017-12-05,948.6781380325161,959.1428265083407,938.9351522101966,955.1734619140625,5545900
2017-12-06,944.3479369974472,944.3479369974472,921.253451721239,925.9445190429688,6633800
2017-12-07,923.4186878061614,925.5837961011348,899.2416451789583,916.20166015625,6557700
2017-12-08,913.675528464707,927.7487297325282,913.675528464707,927.3878784179688,5532100
2017-12-11,929.5529667464086,939.6568033414783,927.0270075976412,935.6874389648438,3070900
2017-12-12,941.8219651337351,972.8551793105556,941.8219651337351,968.5249633789062,7656800
2017-12-13,963.4730151183624,965.2772717009809,956.2559887878876,959.864501953125,4271300
2017-12-14,954.0907056459972,954.4515568962415,945.4302756401335,951.9255981445312,4308500
2017-12-15,952.6475736033922,957.6994925543192,940.0177762260744,941.461181640625,3767200
2017-12-18,943.265465926116,957.3386691285332,942.5437631977869,955.895263671875,3700500
2017-12-19,956.2563067352145,958.4214153542376,946.5133179496105,953.7303466796875,2819700
2017-12-20,946.1521519252232,960.9470559026962,940.0176795443198,959.864501953125,3751100
2017-12-21,967.0817244441997,981.8766314226372,965.9991702750458,972.8553466796875,4621700
2017-12-22,985.1243313876065,1010.0230782248757,985.1243313876065,1000.2800903320312,6188400
2017-12-25,1004.9707567029766,1010.022674330927,998.4754340384691,1007.1358642578125,1834800
2017-12-26,1007.4968956241538,1013.6313681261634,996.6713559147253,999.5581665039062,2278000
2017-12-27,1013.6314868482806,1033.117460607557,1012.548932750543,1022.6527709960938,4513100
2017-12-28,1018.6833991247938,1030.9523454833638,1015.4357368534077,1019.0442504882812,3093700
2017-12-29,1023.3745364100482,1025.1787933501223,1015.0749544857072,1016.8792114257812,2691600
2018-01-01,1016.8792114257812,1016.8792114257812,1016.8792114257812,1016.8792114257812,0
2018-01-02,1016.8792114257812,1016.8792114257812,1016.8792114257812,1016.8792114257812,0
2018-01-03,1016.8792114257812,1016.8792114257812,1016.8792114257812,1016.8792114257812,0
2018-01-04,1033.8390258998445,1058.0160642018654,1033.8390258998445,1051.881591796875,6893700
2018-01-05,1055.4899668322944,1066.3155049536513,1037.0865520259877,1044.6644287109375,6865100
2018-01-08,1044.6644287109375,1044.6644287109375,1044.6644287109375,1044.6644287109375,0
2018-01-09,1053.6858419172033,1055.4900984958285,1033.1173169208744,1036.725830078125,6411500
2018-01-10,1038.169278602327,1069.5633443786226,1036.0041706177549,1058.376953125,5423200
2018-01-11,1059.820306785553,1096.9879920422477,1056.572644967007,1086.8841552734375,8744700
2018-01-12,1082.5539172535211,1084.719025088028,1053.6858127934272,1076.05859375,9297900
2018-01-15,1091.2145027696488,1103.4834488986728,1077.1412998569451,1078.945556640625,5208600
2018-01-16,1081.832256604294,1082.5539592437897,1069.9241630526121,1078.5845947265625,3820800
2018-01-17,1060.902926777324,1066.6765481475406,1045.747170680505,1065.593994140625,8886400
2018-01-18,1077.8627698096545,1090.131713289242,1066.676380166501,1067.0372314453125,7748900
2018-01-19,1069.9240760266662,1078.5845069961906,1062.3461989283323,1077.501953125,5116200
2018-01-22,1082.5538293185402,1090.13170612377,1073.1716961311129,1086.523193359375,5190900
2018-01-23,1093.3795395804523,1100.5965662443496,1087.6059182493343,1092.6578369140625,3563200
2018-01-24,1096.988025628905,1099.8748362226652,1087.605891199184,1097.348876953125,3249900
2018-01-25,1092.2970226786283,1102.7617116966924,1091.2144686422769,1099.1531982421875,4052300
2018-01-26,1082.9147109806556,1089.0491828522556,1065.2329979389856,1077.86279296875,7405300
2018-01-29,1075.3371120585832,1086.5235048350316,1072.4503010194999,1076.780517578125,3733900
2018-01-30,1058.3769965296435,1062.3463613308115,1045.7471994350176,1049.355712890625,5651700
2018-01-31,1019.0441507416094,1045.3862976977487,1019.0441507416094,1024.0960693359375,6213700
2018-02-01,1026.2611482230918,1052.9641457506968,1026.2611482230918,1051.881591796875,5059200
2018-02-02,1051.8817880023669,1053.325193543365,1027.3438938053991,1045.747314453125,4847100
2018-02-05,1010.3838515007633,1010.3838515007633,980.0723359557404,1004.6102294921875,8481100
2018-02-06,954.4518078411663,967.0816049203501,932.8007271339943,961.3079833984375,9437400
2018-02-07,996.671241409867,1006.775077311198,971.4116516565393,974.2984619140625,8235700
2018-02-08,962.029697178049,990.897805120376,957.6994809866999,985.8458862304688,7351500
2018-02-09,949.039124506224,951.2042327750595,918.7276087425271,929.9140014648438,10840200
2018-02-12,929.9140014648439,929.9140014648439,929.9140014648439,929.9140014648438,0
2018-02-13,943.9872221188028,947.2348845802208,935.326788888355,938.935302734375,8817300
2018-02-14,933.5224518605968,952.6475736033922,931.3573437387709,941.461181640625,7741600
2018-02-15,962.751627113555,964.9167357202572,948.678421169991,957.69970703125,6495300
2018-02-16,955.1734570979002,973.937725994421,953.0083491483016,964.9164428710938,5398200
2018-02-19,969.6075173618185,971.4117740000058,958.7819775326951,968.5249633789062,3728300
2018-02-20,967.081682714402,971.772750578315,955.8952901158398,956.9778442382812,2746000
2018-02-21,959.1426231494178,963.833689402594,947.9562343918437,951.9255981445312,3583700
2018-02-22,925.5836023697741,937.1308441927108,922.3359406070731,935.6874389648438,4917000
2018-02-23,943.9871800356401,961.3080457243674,941.8220718245491,955.534423828125,5044800
2018-02-26,974.2985041252921,977.5461658057097,960.5861548079731,965.2772216796875,5496700
2018-02-27,983.6806144285426,999.1972198652365,982.5980605608663,994.8670043945312,6066700
2018-02-28,984.7633034302177,986.2067087851906,945.7913588459511,946.5130615234375,7936000
2018-03-01,924.8618891402108,927.387848259985,912.5929448441643,918.7274169921875,7603000
2018-03-02,902.8500251358527,908.9844977287022,893.1070392530917,903.2108764648438,5133700
2018-03-05,895.272045135498,912.9537582397461,891.3026809692383,906.4584350585938,5945400
2018-03-06,921.6144327163696,939.2961504936218,921.6144327163696,923.779541015625,5386300
2018-03-07,916.5623091752382,929.9138073797593,913.3146474498141,918.7274169921875,4678800
2018-03-08,920.8924599216,928.8311880243724,916.562244592815,922.6967163085938,3669700
2018-03-09,925.5837994701458,941.4612603577428,910.7888927339758,918.0059204101562,6780100
2018-03-12,934.965648870695,946.8737408864159,929.1920284994363,940.37841796875,4142500
2018-03-13,927.3879704709913,928.4705245221247,914.7581732077676,924.5011596679688,5537000
2018-03-14,909.7062597752557,918.0058408838756,903.5717867819279,914.7581787109375,4014000
2018-03-15,910.7887751630542,924.5011259777119,905.3760051046366,919.81005859375,4765900
2018-03-16,911.1496651854505,919.0883949415218,909.345408422707,914.7581787109375,4579000
2018-03-19,922.6968347435834,932.0789691602174,919.0883215064165,920.892578125,3450200
2018-03-20,911.8714057582544,918.0058790063313,901.0458647322364,915.4799194335938,6678500
2018-03-21,915.4799194335938,915.4799194335938,915.4799194335938,915.4799194335938,0
2018-03-22,937.1308578152891,963.1121522945732,936.0483038786523,960.225341796875,9101500
2018-03-23,923.7794428599528,936.7700912751709,914.3973078934065,917.2841186523438,6435000
2018-03-26,915.1190147986779,938.2135009765625,914.7581634521484,938.2135009765625,5285200
2018-03-27,936.0482665559288,965.2772216796875,916.5622964734229,965.2772216796875,7340900
2018-03-28,947.838904172148,952.9250462412971,929.3108152059618,951.4718627929688,6486400
2018-03-29,952.1986534509979,962.3709397144958,930.7641931100559,942.0263671875,5246700
2018-03-30,962.7343348819071,964.5508147590429,948.929087815676,956.1950073242188,2982600
2018-04-02,956.5582925466447,959.4646603173902,948.9290771484374,948.9290771484375,1768300
2018-04-03,937.6667744563176,947.8390602698693,934.033815237192,944.5693969726562,2958900
2018-04-04,951.4721955573964,951.8354915465363,935.4871720352409,938.7568359375,5324600
2018-04-05,943.116213285006,950.7454276451698,938.3933663001427,944.5693969726562,5179600
2018-04-06,951.4721556374858,975.0863939408216,947.8391958985111,963.82421875,5871100
2018-04-09,960.5544116636012,964.9139626998959,947.8390544744083,959.8278198242188,3635000
2018-04-10,958.3747418130534,973.6331721224349,956.5582620143176,969.2736206054688,3870600
2018-04-11,987.4386120134258,1004.8768214971066,984.5322437661456,997.6109008789062,5764900
2018-04-12,1017.5919980246805,1027.0376931152346,996.884128018466,999.0639038085938,6247200
2018-04-13,1000.5168825999602,1017.5917894562414,997.9738113660461,1013.2322387695312,3532800
2018-04-16,1016.1386058940047,1023.041227814629,1003.7865456149929,1013.2322387695312,3460200
2018-04-17,1009.5993379749012,1024.4944703451679,1004.8764911257923,1020.8615112304688,4370600
2018-04-18,1015.7751729985719,1022.3144981466313,1012.1422145829832,1013.5953979492188,5307000
2018-04-19,1027.7642926155252,1036.4833958402592,1014.6856377784242,1024.49462890625,6013000
2018-04-20,1017.2288094884161,1032.1239456273536,1014.3224414613063,1031.0340576171875,4194200
2018-04-23,1028.1277685043312,1039.0266494425398,1019.4086637537646,1021.5884399414062,3001000
2018-04-24,1028.1274120955818,1033.5768506755937,1020.4981980835651,1028.85400390625,3513600
2018-04-25,1016.8653007852868,1021.2248519140554,1009.2360863099416,1010.6892700195312,4223100
2018-04-26,1024.1311154863065,1025.5842990485432,1009.9625757544987,1013.2322387695312,5059000
2018-04-27,1024.4942985983455,1033.9399907130821,1016.5017898858762,1019.0448608398438,3740300
2018-04-30,1019.0448608398438,1019.0448608398438,1019.0448608398438,1019.0448608398438,0
2018-05-01,1017.2286587859948,1048.4721104487073,1016.1387709372955,1040.8428955078125,4731500
2018-05-02,1025.5844569115818,1025.5844569115818,1005.9664758016896,1015.4121704101562,5139700
2018-05-03,1015.4121704101562,1015.4121704101562,1015.4121704101562,1015.4121704101562,0
2018-05-04,1015.4121704101562,1015.4121704101562,1015.4121704101562,1015.4121704101562,0
2018-05-07,1031.3971441782464,1036.1199912632471,1021.5881540786295,1024.1312255859375,3811400
2018-05-08,1021.2248174793782,1031.0338071883584,1003.0600217220076,1008.5094604492188,4393500
2018-05-09,1022.314783158894,1037.209916815438,1015.0488643020433,1018.6818237304688,7733500
2018-05-10,1049.5620014830406,1058.644400249768,1040.116306765644,1052.8316650390625,5722900
2018-05-11,1023.0412922236271,1024.4944758773538,1000.153649677431,1005.6030883789062,11184200
2018-05-14,1010.689299081759,1014.3222584601981,973.996409359524,990.3447265625,8962100
2018-05-15,997.9740219590781,1000.1537977624106,984.8953671390829,992.8878784179688,7044700
2018-05-16,980.1724049693277,982.352180517814,973.6330783238689,977.6293334960938,8433200
2018-05-17,985.6218641447388,987.0750478736658,971.0900268554688,971.0900268554688,4579300
2018-05-18,979.445845218932,1001.2436014181663,975.449589915739,997.9739379882812,7599800
2018-05-21,999.0640445857279,1011.0528131207566,999.0640445857279,1001.6071166992188,4215000
2018-05-22,997.6108615013861,999.4273415842364,984.532204904864,991.071533203125,3882600
2018-05-23,957.2846182971449,960.9175770003599,943.479375224928,946.3857421875,8553900
2018-05-24,940.5733541605211,941.2999461683702,928.9478820349373,933.3074340820312,7320000
2018-05-25,911.5093920077139,927.4944112378213,903.8801782842536,907.1498413085938,9025900
2018-05-28,868.2774108861612,884.9890263258112,861.7380831054286,883.1725463867188,9967000
2018-05-29,893.7079547910431,895.5244343739517,876.9963426282837,879.9027099609375,5604100
2018-05-30,878.4495116582942,881.3558789425235,869.0038179845492,880.2659912109375,6135400
2018-05-31,901.337203853802,903.5169794374872,879.1761520863365,882.08251953125,14376700
2018-06-01,900.9738969841592,904.606856246192,882.0825088215881,894.4345703125,6773800
2018-06-04,878.4496261132416,900.6106795428975,869.0039312087982,895.5245361328125,7167500
2018-06-05,886.4418775812944,887.1684692842299,862.1010555329556,868.640380859375,8109400
2018-06-06,878.4496713668829,890.8017345705529,874.453415624519,885.352294921875,5716500
2018-06-07,871.910274841233,886.4421127552534,869.0039072584289,879.5394897460938,5376200
2018-06-08,879.9027393183433,893.3446886803493,878.8128515322347,879.1761474609375,7378100
2018-06-11,861.7379772181513,878.08629466116,860.2847934454394,872.2735595703125,5196400
2018-06-12,880.6292578125,882.809033203125,870.0936767578124,871.91015625,4961300
2018-06-13,861.0112622214409,866.0974046986984,846.4794265721339,861.7378540039062,6813400
2018-06-14,855.1986341390079,855.1986341390079,840.6667966854989,842.4832763671875,7652200
2018-06-15,842.8466796875,854.8354471140894,839.9403118265086,853.3822631835938,8898300
2018-06-18,835.2172705078125,841.7565966796875,832.3109033203125,835.58056640625,4867800
2018-06-19,851.2024700458234,858.4683895511228,829.0414155546603,831.22119140625,5250400
2018-06-20,816.6892312783265,821.0487823349723,805.7903536367118,811.6030883789062,9162300
2018-06-21,813.0564174898045,822.865409121719,811.6032335443357,817.0526733398438,5580800
2018-06-22,801.4308853836748,807.6069166853622,799.251109630138,806.5170288085938,6026900
2018-06-25,831.9476593949721,835.5806186063039,820.3221899187105,820.6854858398438,6946000
2018-06-26,809.0600676279328,818.8690581200541,805.4271081864063,814.872802734375,4520800
2018-06-27,830.4946543286262,839.213758311079,807.6070063746877,826.8616943359375,9818500
2018-06-28,824.6818556406353,840.6668783931409,821.0488959241567,835.9440307617188,7909800
2018-06-29,829.4046112896827,841.3933770244876,815.2360699667315,835.2173461914062,6069300
2018-07-02,835.5807151541806,840.3035626746172,821.04887662976,822.8653564453125,3358300
2018-07-03,823.5918187651328,832.3109205076838,818.1423801760384,827.5880737304688,4667000
2018-07-04,837.0337354901118,862.4644479398982,828.3146340787564,845.0262451171875,10496600
2018-07-05,841.7565746785447,847.5693089016162,837.397024011241,840.6666870117188,5822100
2018-07-06,842.8464426372183,852.6554314092893,838.1235961914062,838.1235961914062,5333200
2018-07-09,845.0261336798143,855.5617131624946,843.2096544586624,850.8388671875,3112300
2018-07-10,850.1124846132465,866.0975056914442,843.9364537421245,857.74169921875,6291200
2018-07-11,861.3747073098551,862.4645951723307,847.5694610518314,859.5582275390625,4617300
2018-07-12,843.5731057747225,844.2996975970952,820.3221674587957,834.85400390625,6351000
2018-07-13,830.4944021213436,845.3895335679643,828.3146267876917,840.6666870117188,4684700
2018-07-16,840.6666870117188,840.6666870117188,840.6666870117188,840.6666870117188,0
2018-07-17,823.9552383890913,834.1275252827837,819.232390902734,829.0413818359375,5964200
2018-07-18,825.4083060128348,834.127407836914,806.8802146366664,813.7828369140625,8995800
2018-07-19,831.2210687554042,850.8390485249811,830.8577728337453,840.303466796875,5861900
2018-07-20,845.3896733573351,846.1162652553646,835.5806827339367,841.7567138671875,4416100
2018-07-23,839.5767897147329,847.2060032950052,836.6704226365338,843.9363403320312,3108400
2018-07-24,850.1125171880012,852.2922928730986,846.8428536603551,849.3859252929688,3296100
2018-07-25,850.1124537450795,858.1049639939649,845.0263108594252,847.9326782226562,3882800
2018-07-26,863.9176196627434,870.8202415187536,861.7378443397929,865.0075073242188,4145000
2018-07-27,872.2734618534316,887.8951856600528,871.1835741459929,877.722900390625,5199900
2018-07-30,874.8165330711031,890.4382568759441,871.9101658515978,886.8052978515625,4378700
2018-07-31,905.6967588918377,911.1461978743397,888.2585541478312,894.0712890625,6735300
2018-08-01,888.2585910644531,910.7829397949218,881.7192640136718,908.2398681640625,5621300
2018-08-02,903.5168374571508,903.880133330676,886.805227274992,890.0748901367188,4972500
2018-08-03,902.4270783339797,904.606853885511,888.2585372490258,892.9813842773438,3360300
2018-08-06,884.9889176067655,894.7979080728504,882.4458460044473,891.8915405273438,2795800
2018-08-07,894.7979637490706,910.0563943123922,893.7080758516905,908.6032104492188,3306200
2018-08-08,915.1424475816876,916.2323353715824,894.4345795736859,900.247314453125,4297200
2018-08-09,884.2622432716465,906.4232937398349,880.2659882691863,896.9776000976562,4387300
2018-08-10,897.3408513447084,898.0674431271738,858.1048950915795,861.7378540039062,9441700
2018-08-13,855.9252640406291,859.9215195178986,834.8540987968445,837.0338745117188,5179800
2018-08-14,834.4908080689676,852.6556058066465,829.767960657171,850.475830078125,3821400
2018-08-15,865.7340937651808,878.8127456223132,850.4756665985263,853.0187377929688,6196800
2018-08-16,819.9588732297728,857.3783521587346,817.4158018462513,854.4719848632812,7771900
2018-08-17,864.6442334229332,871.9101513508571,861.0112744589713,869.0037841796875,4061200
2018-08-20,873.3633886515722,878.812827432676,869.3671335454295,873.7266845703125,3799200
2018-08-21,875.9065190020922,882.8091419224737,869.7304879680667,872.2735595703125,3998400
2018-08-22,871.9101852687784,880.6292871214662,865.007562968734,880.2659912109375,3094600
2018-08-23,881.7191603272197,883.5356398499374,870.0936913818257,871.546875,3376300
2018-08-24,871.9103186065447,886.078861283901,871.1837266743726,878.4496459960938,3188100
2018-08-27,873.7268403099563,878.8129840789123,867.9141045740065,875.9066162109375,2855900
2018-08-28,865.370830078125,877.3595947265625,860.2846875,871.91015625,4176400
2018-08-29,869.3670946335951,879.5393799030228,867.5506151211972,877.722900390625,2392700
2018-08-30,891.1650074616786,896.2511510020224,887.5320477900044,890.4384155273438,4442000
2018-08-31,886.4421025028936,887.5319903338398,881.7192552354601,882.8091430664062,3765600
2018-09-03,871.9101855713095,875.9064405885114,865.7341550901793,871.18359375,2354400
2018-09-04,866.8241933251313,868.2773772200603,859.5582738504866,859.9215698242188,3067000
2018-09-05,857.0151818756634,883.1724913691131,853.3822222237955,876.9964599609375,4989400
2018-09-06,889.3483691686297,898.4307667295839,886.8052978515625,886.8052978515625,5953900
2018-09-07,870.8203927038513,879.5394955093967,862.1012898983058,873.3634643554688,4493600
2018-09-10,873.0001614711758,890.4383669437586,870.820385787103,888.6218872070312,3583600
2018-09-11,881.7193560147892,900.9740432289564,876.9965082075406,899.8841552734375,3614500
2018-09-12,925.6781235162724,927.494603350488,912.9627646767632,920.5919799804688,5372900
2018-09-13,933.6705950732645,961.6443833303234,933.6705950732645,954.7417602539062,6508400
2018-09-14,954.741630811305,963.0974365604145,950.7453758878178,959.4644775390625,7183100
2018-09-17,959.4644775390625,959.4644775390625,959.4644775390625,959.4644775390625,0
2018-09-18,959.4645871762876,984.1687113444011,955.8316277398004,980.8990478515625,5160600
2018-09-19,995.4308664317039,1007.0563364046288,990.7080192552031,997.9739379882812,5133200
2018-09-20,1004.1499323149776,1007.4195956256993,993.977646459399,994.3409423828125,4675000
2018-09-21,994.7042492140462,1019.045076349671,991.4345858674697,1010.6892700195312,7580100
2018-09-24,1010.6892700195311,1010.6892700195311,1010.6892700195311,1010.6892700195312,0
2018-09-25,1019.4083715533293,1022.6780348975844,1007.4196059577271,1019.7716674804688,4978700
2018-09-26,1024.525132239263,1041.344602647188,1021.2343662898862,1040.2476806640625,4102300
2018-09-27,1023.0625227428106,1044.6353207563295,1020.868678877029,1036.2255859375,5225100
2018-09-28,1037.3225078703908,1053.0450555751588,1035.1286640046094,1036.2255859375,5070700
2018-10-01,1034.3971272191823,1062.5514498759078,1030.3750811253642,1050.8509521484375,4873100
2018-10-02,1067.67061426149,1080.1023953864526,1060.723442456364,1068.0362548828125,6367300
2018-10-03,1059.6264989118497,1076.4459671485458,1055.6044521595963,1055.9700927734375,4025500
2018-10-04,1074.9832484690085,1080.1022163188609,1055.9699393124138,1060.7232666015625,4089600
2018-10-05,1028.1813826166397,1052.6793031839636,1024.5249765618153,1042.8070068359375,5719000
2018-10-08,1042.8070068359375,1042.8070068359375,1042.8070068359375,1042.8070068359375,0
2018-10-09,1028.1814977776967,1031.8379042420554,1009.8994654559026,1016.1153564453125,7375200
2018-10-10,1031.8377906598894,1054.1418676373003,1029.6439470227672,1043.9039306640625,5120000
2018-10-11,987.2297591711642,1008.436916960767,979.9169461402666,988.6923217773438,8570200
2018-10-12,977.7231762160433,990.1549593092915,969.6790812733534,984.6703491210938,5614800
2018-10-15,972.6040700239863,1018.6747891303856,972.6040700239863,1009.8994140625,6927500
2018-10-16,1031.8378793032764,1054.8732394719889,1024.8907071889028,1048.6573486328125,10572000
2018-10-17,1060.3580183047743,1064.3800659604133,1045.732390466088,1051.5826416015625,7750600
2018-10-18,1051.2170027735904,1051.2170027735904,1023.7939505273229,1027.084716796875,6339900
2018-10-19,1023.7939505273229,1029.2785609765763,1017.9436993814525,1027.084716796875,4523000
2018-10-22,1033.666029426489,1050.4854978925725,1030.00962323821,1041.344482421875,5573000
2018-10-23,1034.7628279610592,1035.4941091115618,1004.7803007904562,1008.4367065429688,5447500
2018-10-24,974.7979335834974,987.2297151820867,967.8507615136975,975.16357421875,7611900
2018-10-25,957.2473457923749,972.9698957805613,953.5909388183779,964.1945190429688,5647700
2018-10-26,971.87262792562,976.2603147334106,955.7844429637211,965.65673828125,7361400
2018-10-29,975.1636259329265,975.8949072422125,964.5600469482789,969.6790161132812,3956800
2018-10-30,940.4276693913497,950.6656066942104,937.8681850656345,938.2338256835938,7362000
2018-10-31,941.1587907909292,950.2998046875,933.1146985619469,950.2998046875,8070700
2018-11-01,953.2251819316247,955.4190258486135,930.9211021089054,942.9872436523438,4945300
2018-11-02,933.1148381218361,942.9871346066674,914.8328075943706,938.965087890625,7031700
2018-11-05,927.6303920400152,940.4278156590142,924.3396259665583,927.9960327148438,4914200
2018-11-06,941.5244793069775,949.9342125202048,930.9209026468212,943.7183227539062,5254700
2018-11-07,939.6964396271927,947.0092523869374,915.5641575200352,921.0487670898438,5670100
2018-11-08,949.9340614278963,989.0575966753115,948.4714993625723,979.185302734375,6885100
2018-11-09,965.2912570139429,970.7758664287949,936.7712880567128,940.7933349609375,5488200
2018-11-12,940.4275908954327,952.4937302809495,939.330669133113,950.66552734375,5077400
2018-11-13,917.7580639977572,927.996002560282,909.348328749969,922.145751953125,5026900
2018-11-14,899.475840435606,908.2512144886363,883.0220140861742,904.96044921875,5031300
2018-11-15,910.0794879363939,912.6389722335232,893.9913009258671,898.74462890625,5374300
2018-11-16,905.32614492002,928.7271438194067,904.9605043122172,923.9738159179688,6769800
2018-11-19,936.0402148664343,948.8376396790613,930.5556042324513,944.449951171875,4867000
2018-11-20,936.4056525438716,937.5025744328335,916.661058542556,920.68310546875,5268100
2018-11-21,878.2688404703375,898.3790762013402,877.5375591710283,890.7006225585938,4720600
2018-11-22,891.7974000977385,895.4538060021982,862.5461528620604,868.03076171875,7391900
2018-11-23,868.03076171875,868.03076171875,868.03076171875,868.03076171875,0
2018-11-26,828.5416385736285,847.5549506679923,828.5416385736285,846.8236694335938,7270600
2018-11-27,865.4714145741016,872.0529462438666,851.9427105862512,865.1057739257812,7718200
2018-11-28,875.7092544935043,879.3656605665461,858.5241459502081,867.6651611328125,6246900
2018-11-29,869.1278871454745,876.0750599918204,854.8679007766594,855.5991821289062,4934400
2018-11-30,869.859109535059,885.9472981939672,868.0309062783649,881.1939697265625,6818500
2018-12-03,884.8503344884583,913.004663313091,874.9780373681325,903.8636474609375,7104100
2018-12-04,913.7360657540715,923.6083641835874,889.9694213867188,889.9694213867188,5295200
2018-12-05,872.4186148467473,888.1411632283107,869.1278489064201,881.5596313476562,4646900
2018-12-06,886.6783397467066,894.3567913486369,866.5681093606988,873.8809204101562,4514800
2018-12-07,866.2026939827963,866.933975277843,838.4140047710224,864.0088500976562,6644900
2018-12-10,859.2554764414014,878.634429739867,854.5021482738532,872.7841796875,6297900
2018-12-11,869.4933361381577,871.6871797112565,835.4887607551263,841.7046508789062,6399500
2018-12-12,858.1586322151346,864.0088827969166,850.8458189879073,859.2555541992188,4812000
2018-12-13,872.7842486904902,875.7093739479365,860.3524663463442,865.471435546875,5056000
2018-12-14,855.2334772185607,862.911930840446,826.7135066229866,830.0042724609375,8532500
2018-12-17,825.616457648602,825.616457648602,812.4533963220521,816.1098022460938,4134200
2018-12-18,788.3211141776335,802.2154566353098,783.2021459037528,792.7088012695312,6056800
2018-12-19,713.511191325788,752.1228360124895,711.0248169895543,735.6690063476562,10418200
2018-12-20,738.5941260228798,764.1889719741677,726.3817191707772,732.3782348632812,6791800
2018-12-21,737.1315168405553,740.7879231740898,714.3886872995172,723.1640625,7969100
2018-12-24,723.1640625,723.1640625,723.1640625,723.1640625,0
2018-12-25,694.717183504062,699.7630419535849,680.0184483171537,686.0880737304688,5548200
2018-12-26,687.4043329766998,699.4704728640569,672.924974038644,687.5505981445312,4890200
2018-12-27,723.9685251842229,730.5500572313523,711.0979914789406,716.9482421875,4642700
2018-12-28,709.7085655569608,721.1896919275729,703.9314249132007,717.89892578125,4272800
2018-12-31,717.89892578125,717.89892578125,717.89892578125,717.89892578125,0
2019-01-04,706.9296412707336,719.5076885509945,701.6644069866862,718.4107666015625,5474600
2019-01-07,738.5940930135696,748.1007496563185,726.6742170728962,730.842529296875,4540400
2019-01-08,737.4971313476562,748.1007093392685,735.3032876252537,737.4971313476562,6094500
2019-01-09,740.4222984370647,745.906908055117,730.5500011245705,738.2284545898438,4485800
2019-01-10,759.0699965391319,773.3299820232485,740.0566825603097,740.7879638671875,8855500
2019-01-11,739.6909490101708,747.7350423755805,733.4750586823543,745.5411987304688,5404100
2019-01-15,740.7879903077611,747.0038816380828,731.2082226992839,744.4443969726562,5398800
2019-01-16,755.413445140982,758.3385698075492,720.3850594052956,724.6265258789062,6323800
2019-01-17,732.378106640478,737.1314343420887,722.1401700523935,729.0873413085938,3965700
2019-01-18,731.2812919502372,737.1315422858391,726.6010738282085,732.0125732421875,3868700
2019-01-21,752.8540782928467,763.8232975006104,746.2725467681885,760.5325317382812,5187600
2019-01-22,761.9950788327228,762.36071946556,745.9068909878861,751.7571411132812,3544200
2019-01-23,736.7657911848314,742.9816812345298,729.8917302175029,738.593994140625,2893300
2019-01-24,731.2811635486214,742.9816621653994,729.5260709025606,739.3252563476562,4378900
2019-01-25,747.3695558301446,758.3387763168884,746.6382744643616,752.488525390625,4812100
2019-01-28,759.8012892392751,764.9202584641788,747.3695068359375,747.3695068359375,4117100
2019-01-29,741.8849123072296,746.2726003051039,732.7438956449917,744.4443969726562,5119400
2019-01-30,749.5633240646317,758.3386995658761,742.9817924386983,743.7130737304688,6481200
2019-01-31,764.1889858017807,778.8146123243029,755.7792505513305,764.5546264648438,6665800
2019-02-01,759.8013041217738,763.4577107826101,753.9510534644357,756.1448974609375,3231700
2019-02-04,760.5326000089626,771.1361795283184,760.5326000089626,764.9202880859375,4389300
2019-02-05,767.1140670995813,768.5766296679313,755.4135665527813,762.7263793945312,3178100
2019-02-06,761.6293905347255,762.7263123645884,756.1447813854116,759.435546875,3717900
2019-02-07,760.5325825508005,765.651551856431,738.5941426695274,742.2505493164062,3731700
2019-02-08,734.9376732490528,736.4002357828817,713.5842513283767,717.7525634765625,7430400
2019-02-12,722.5058995177037,737.4971656514213,718.5569627801533,733.8407592773438,6410600
2019-02-13,833.6605884989755,867.665165135118,819.7662453573258,825.2508544921875,13279000
2019-02-14,817.9381434029906,822.3258312531632,794.1715008812229,801.4843139648438,7107200
2019-02-15,810.2596358006749,810.9909170604228,797.8278543849607,805.8719482421875,3940100
2019-02-18,819.4006823057051,841.7047615652535,817.9381197313085,835.1232299804688,4844200
2019-02-19,835.1230639032078,854.8676547310421,835.1230639032078,854.5020141601562,5534400
2019-02-20,848.2861733249181,855.9646257558763,832.563627871051,837.3169555664062,4498400
2019-02-21,848.286215897006,853.0395438309116,827.4447011098812,838.0482788085938,4364800
2019-02-22,831.1011944069211,832.1981163529047,819.0350530011013,830.0042724609375,3459300
2019-02-25,833.6607594969412,834.0264001809311,818.6694914533558,829.2730712890625,3693100
2019-02-26,813.1847664309663,815.3786102252944,795.6340160763411,797.4622192382812,5909300
2019-02-27,794.1715662736972,802.5813020123229,787.5900339565119,791.9777221679688,5249400
2019-02-28,798.9248951694422,810.2597563823725,790.1495187465284,791.9777221679688,6827000
2019-03-01,791.6119004878761,799.6559937029954,786.4929320782547,793.074462890625,3220300
2019-03-04,806.2375944155938,809.1627194746981,795.2683754439531,797.4622192382812,3960300
2019-03-05,792.3433628522569,793.4402849051211,779.1802982178862,791.9777221679688,4771200
2019-03-06,797.8277894066047,798.559070606794,779.911400001965,781.3739624023438,3787100
2019-03-07,773.695628830285,784.2992078643484,771.5017848922029,780.2771606445312,3437900
2019-03-08,770.0391577218326,773.6955639788213,764.1889077106505,766.3827514648438,5804100
2019-03-11,757.9732089132114,766.0173047145094,749.9291131119134,760.1670532226562,2687300
2019-03-12,764.9202652854481,770.7705158803655,761.2638586636247,763.4577026367188,3056400
2019-03-13,767.4796402939937,781.0083428623014,757.2417032152745,759.435546875,3893700
2019-03-14,774.426819987135,781.3739916489648,763.4576015737194,763.8232421875,4857200
2019-03-15,772.2331490440832,787.5900582580281,769.3080234795224,781.7398071289062,6807400
2019-03-18,786.4928629595533,786.8585035281073,774.061083628719,778.0831298828125,2303700
2019-03-19,786.1273804287284,787.5899429969679,767.1140670416149,774.4268798828125,2364000
2019-03-20,776.2551406224568,782.8366726673011,768.5766865701386,772.2330932617188,4806300
2019-03-22,783.5678160997128,798.5590808967676,778.0832070276197,786.8585815429688,5097400
2019-03-25,764.920130750868,766.7483337402343,751.3914286295573,756.8760375976562,2853800
2019-03-26,760.898153602795,781.3740289520292,760.1668723403224,772.9642944335938,2610100
2019-03-27,787.8004491443807,793.734915804602,772.2224741612997,779.2696533203125,2981300
2019-03-28,785.9458206599398,787.8003412372403,773.3350807342966,776.6732177734375,3173600
2019-03-29,784.833219570664,794.4767279396798,781.1241778902734,782.9786987304688,4946300
2019-04-01,796.3312470095912,800.0402886817365,787.058642829228,793.364013671875,3815200
2019-04-02,805.9746680325264,813.0218464460644,796.7020648568185,809.3128051757812,3892400
2019-04-03,811.167438831068,812.651055545894,797.8148883976348,812.2801513671875,3820200
2019-04-04,797.8148124575105,800.4111414613238,779.269605287415,780.0114135742188,3988900
2019-04-05,789.2841861670615,795.9604621778732,780.3824848193127,782.60791015625,4556000
2019-04-08,797.0729481194302,807.0873592870545,789.2839616557224,790.767578125,2468200
2019-04-09,801.8948197901526,804.4911489939135,794.4767363508357,797.4439697265625,2401600
2019-04-10,785.5749097335794,789.6548549682675,778.5277316009364,786.6876220703125,2343300
2019-04-11,781.4950016318508,783.3495222811907,771.4805901254151,781.8659057617188,2070000
2019-04-12,777.04435673795,777.4152609655099,754.0482946292374,765.5463256835938,5925900
2019-04-15,781.4951271583046,793.3640612205095,775.1897559377583,785.5750732421875,5343100
2019-04-16,778.8987323620377,780.0114448368406,767.7716076140086,774.8187866210938,3045500
2019-04-17,779.2697721508441,787.8005692757702,777.7861552595527,782.60791015625,3258200
2019-04-18,787.8004176363032,795.9603089677527,782.6077595162899,784.4622802734375,3554400
2019-04-19,782.6078451029215,785.9459828308487,770.3680067671886,771.8516235351562,2247400
2019-04-22,778.1569071336879,788.1713191892692,769.2552075287267,787.8004150390625,3531500
2019-04-23,805.6037703901598,828.5998264510207,805.6037703901598,809.6837158203125,6098200
2019-04-24,809.6838467231709,813.3928886229563,796.3312958839431,799.66943359375,3809500
2019-04-25,793.7349307876723,795.5894516539986,782.9787097629795,794.1058349609375,4035000
2019-04-26,790.0259026766485,802.2657406054416,788.1713817783465,801.8948364257812,4239200
2019-05-07,791.1385348784145,791.8803431624074,762.9498200866848,765.9170532226562,6453100
2019-05-08,766.287991306107,767.400703781382,752.9354416028059,757.3862915039062,5915700
2019-05-09,747.7427432824385,749.5972639751033,739.5828522347135,741.5115356445312,6045100
2019-05-10,738.0993685913087,749.2264947509766,735.5030391540528,741.8084106445312,5702400
2019-05-13,734.9837484526238,748.484670292161,729.9394604236734,744.4047241210938,6372500
2019-05-14,726.9721959947891,757.7572430700786,724.0049625417491,749.5973510742188,7478700
2019-05-15,758.1281013375124,758.1281013375124,736.9865642649888,747.0009765625,6644300
2019-05-16,748.1136114339885,748.1136114339885,725.5626227854157,738.766845703125,6984400
2019-05-17,758.8699135158373,762.9498592874278,748.1136928452804,750.7100219726562,6879000
2019-05-20,755.9027192815772,760.3535694441772,748.8555398574604,752.9354858398438,3376900
2019-05-21,733.4258910874169,745.517357582988,728.4557663149196,732.9066162109375,6545400
2019-05-22,736.6156711277606,742.9210419279478,731.1262713793956,740.4730834960938,5949400
2019-05-23,727.417192362765,730.087729377366,701.7506435934731,703.8276977539062,8784700
2019-05-24,678.5319611891296,683.7987812333287,657.7613318464512,670.5946044921875,12633000
2019-05-27,679.0513837721766,696.4096720492993,678.9030130464462,682.4636840820312,6042800
2019-05-28,674.0812332661679,686.988670941614,667.6274917902515,670.149658203125,12441700
2019-05-29,667.4049769283375,671.2623893769018,658.7258102381651,668.4434814453125,8357300
2019-05-30,672.0041765983366,677.716064453125,669.1111060337556,677.716064453125,5678400
2019-05-31,664.73433530676,666.1437890511623,650.3432828427528,651.9010620117188,8079800
2019-06-03,643.0736614125464,649.0822907939122,633.0592489260117,639.6613159179688,8197600
2019-06-04,652.791360998432,669.1111450233927,647.8212358991887,651.2335815429688,6551100
2019-06-05,668.3694306100891,669.9272102845266,657.3164663107514,664.14111328125,6277300
2019-06-06,654.4232559109906,663.9183925820267,647.9695149948608,649.8240356445312,9156700
2019-06-07,656.2778190500826,661.6930106424397,652.7171482274632,655.5360107421875,5068700
2019-06-10,663.1766388095435,671.5590637794875,657.3163349645421,666.6631469726562,5757700
2019-06-11,673.1910776275724,686.9145321026249,670.4463776772842,686.0243530273438,7471600
2019-06-12,685.2082621703106,689.4365780814443,678.0127133778732,678.6803588867188,6014900
2019-06-13,667.5534314638502,669.4079525588421,658.4291514553748,669.0370483398438,5975300
2019-06-14,678.7546199666451,682.3894988835788,670.1496614743442,677.8644409179688,6548000
2019-06-17,671.0398019127302,685.9501766161131,670.0012974092807,685.0599975585938,5098900
2019-06-18,689.881782910264,692.5522749271026,671.5591071475843,672.8201904296875,6280400
2019-06-19,692.9973105763462,713.0261343197296,692.2555022895542,710.7265014648438,9428700
2019-06-20,710.7264876949629,721.7794490645731,704.1985839529444,709.7621459960938,6610600
2019-06-21,741.8082763135401,747.7427425240484,728.0848232017396,741.2890014648438,16928600
2019-06-24,738.0992732446476,745.517356392835,730.0135445025687,736.6898193359375,5885000
2019-06-25,735.651355498254,736.6156973055112,716.5127089739929,717.47705078125,6159900
2019-06-26,720.3701080984746,725.2660706293381,710.8008070508434,712.284423828125,4925000
2019-06-27,728.4557925916968,728.9750674869073,719.7024632023898,727.7881469726562,4397300
2019-06-28,724.5241543949853,728.4557292142866,713.1744967934611,720.5183715820312,4456800
2019-07-01,737.2090431423516,739.7312093485699,728.7524561050692,736.5414428710938,5509900
2019-07-02,727.7139957251138,729.5685166112634,719.6282665509459,728.0848999023438,4061400
2019-07-03,711.7650065983435,712.8777189588411,706.0530740925124,710.9490356445312,5081400
2019-07-04,716.735267493708,722.6697345476382,714.8065385353462,718.7381591796875,2930300
2019-07-05,710.7265912637952,713.8421955172491,701.0089195895648,708.8720703125,4998800
2019-07-08,713.4712054538189,716.7351800458036,709.3170971334612,710.4298095703125,4114700
2019-07-09,707.6852431916457,718.2930946999314,706.2016263296086,715.177490234375,2820400
2019-07-10,717.0318353218347,723.9306882581498,713.5453727728886,722.3728637695312,3985700
2019-07-11,732.6098509396751,739.5087042751686,728.3815798971275,738.6926879882812,6596100
2019-07-12,737.2831287567781,739.2118118110131,724.7465530751228,726.3785400390625,4245300
2019-07-16,723.1147230651117,728.0848477391892,708.6494611894987,714.2872314453125,5818300
2019-07-17,704.4211769466468,722.4471557118702,700.2670683803692,720.3700561523438,5002600
2019-07-18,713.2486740469319,713.2486740469319,687.9530293545733,693.6649169921875,7024000
2019-07-19,689.5849465025956,709.6137697002666,688.1013299694347,705.6080322265625,4459900
2019-07-22,706.3499375486873,713.2487463205347,701.3056496981102,704.3470458984375,2228300
2019-07-23,710.8007791250062,719.3315752592181,706.349928968026,714.3614501953125,2863000
2019-07-24,734.3902563750562,734.3902563750562,723.7824061715829,726.8980102539062,3598900
2019-07-25,710.2815396732918,722.1504740177019,707.6852102854521,719.925048828125,3063200
2019-07-26,711.7651658628002,720.0734290688482,710.429919786705,716.9578247070312,2408700
2019-07-29,711.1717362441905,716.0676536707638,706.4241442794465,713.5455322265625,2932100
2019-07-30,717.0318939436104,727.3430475575301,710.7265233120561,715.1032104492188,3624400
2019-07-31,716.586972686053,718.2931230895501,709.8365338075395,713.1004638671875,4185600
2019-08-01,711.3941768247527,719.7766017612581,709.2429145924131,715.919189453125,2023200
2019-08-02,682.5377951176654,690.3267822265625,680.8316450919459,690.3267822265625,6053600
2019-08-05,683.7245866227424,687.4336274037312,675.4904889231213,679.347900390625,4024100
2019-08-06,652.0495954018047,680.0899443740442,651.3077869883783,678.3096313476562,4190300
2019-08-07,667.850030745201,685.2083637855918,664.3635225373497,681.12841796875,5331000
2019-08-08,672.8201620892914,678.6062580663144,661.3221328584381,663.8442993164062,7459500
2019-08-09,697.2256677922941,697.2256677922941,674.6005137170807,681.12841796875,6028400
2019-08-13,676.0842280693029,676.0842280693029,656.7230006841081,659.1709594726562,7503700
2019-08-14,672.3008348065325,684.9857835546615,671.1881223870326,682.3152465820312,5874400
2019-08-15,660.0610922981521,670.1497135058012,659.022587724388,670.0013427734375,4905500
2019-08-16,666.2180332891111,681.64768254787,665.4020622486362,677.0484619140625,4698000
2019-08-19,681.4993022561023,686.3952189829545,677.716052715911,684.0214233398438,2269000
2019-08-20,693.9617230345766,695.8904066662869,681.8702557825711,686.3211059570312,2618700
2019-08-21,680.2382531450935,684.2440363232427,673.042703135064,675.4906616210938,3297500
2019-08-22,675.7131549085146,677.4934675476198,664.7343565569773,666.4405517578125,3801800
2019-08-23,664.5861126336274,668.2951543487914,660.4319587468109,661.1737670898438,3529300
2019-08-26,638.1777208209643,652.4946130636191,637.6584459155024,650.8626708984375,4249800
2019-08-27,653.0880803744019,659.8385181550337,653.0880803744019,657.687255859375,3872300
2019-08-28,659.245172467734,667.62759881986,656.1295679512958,666.1439819335938,4320200
2019-08-29,670.223836645808,675.3423323134812,663.5475615713063,667.5533447265625,2904800
2019-08-30,678.161313257686,682.1670518353322,673.1911874466026,681.7219848632812,4707700
2019-09-02,675.268098386054,675.7873732605216,667.108206941635,670.2979736328125,3268100
2019-09-03,668.9627126560591,670.2979585343376,662.2864379882812,662.2864379882812,3577700
2019-09-04,658.0581894242807,666.663193714908,655.3876973926594,662.8799438476562,3858700
2019-09-05,670.4463817843272,680.0157276685393,670.29801105814,678.9030151367188,3677900
2019-09-06,681.7218173558244,681.7218173558244,671.8557761708049,672.5233764648438,4564200
2019-09-09,674.2296293826795,677.4193962416608,667.4049834875915,675.6390380859375,5773700
2019-09-10,686.7662005585827,698.4126013733529,682.908787863218,695.2969970703125,8675300
2019-09-11,705.4596583668779,730.161864478391,702.7891667296701,729.9393310546875,9515800
2019-09-12,731.4230801846768,744.7756313442349,730.0136261183891,741.0665893554688,9003600
2019-09-13,752.1936636697362,752.1936636697362,736.0964134885875,745.146484375,8057500
2019-09-17,797.4438939033965,823.4071834723443,796.3311814932988,817.4727172851562,15967300
2019-09-18,783.3496028985078,785.5750279067422,771.4806695212576,782.9786987304688,6892600
2019-09-19,781.4949687383142,791.1384757089817,776.3023111387241,790.3966674804688,4761700
2019-09-20,795.2185952240566,797.4440203972582,777.7860980339769,786.31689453125,5168300
2019-09-24,774.0769483598457,778.8987022307982,767.7715779132154,769.6260986328125,4693100
2019-09-25,758.498992252952,765.9170753067706,749.9681967410606,763.691650390625,3598000
2019-09-26,769.9969666248232,770.3678707513284,751.0808561730573,753.6771850585938,4810900
2019-09-27,767.189433828662,775.071517052929,755.9293149368519,764.5620727539062,3485100
2019-09-30,755.5539367030127,755.9292739790698,741.7415066170947,743.9935302734375,4319300
2019-10-01,742.1167275986612,744.5188949524994,734.1595969201992,743.3928833007812,4419800
2019-10-02,722.6743585566278,733.5591389307841,719.2212283267188,732.3580322265625,3950800
2019-10-03,711.2641243277362,714.7172088734468,702.8565603436792,705.2587280273438,6521900
2019-10-04,703.3820993523848,707.8861469469572,690.6206311677631,706.0094604492188,6207200
2019-10-07,700.9048525523564,701.9557694559039,693.0227695968215,699.4035034179688,3859100
2019-10-08,705.6341303337832,713.6663577893889,704.5081184236761,710.7387084960938,4437100
2019-10-09,695.8753436982406,698.1273674642543,692.7225012623132,693.9986572265625,3710800
2019-10-10,690.6956835116367,695.5000192951987,687.2425986667614,690.9959716796875,3720300
2019-10-11,703.382067684874,716.7440657836828,701.730574477709,713.5161743164062,6166400
2019-10-15,722.1489289568564,730.4063491424338,719.2963747835284,721.3982543945312,5631600
2019-10-16,726.1274857309684,726.6529670814151,708.486633740872,715.6180419921875,4641600
2019-10-17,705.7091961381032,714.8674357201571,703.081834952455,713.2159423828125,2508600
2019-10-18,724.4759617897867,725.5269244460559,712.4651694554494,717.0443115234375,2910400
2019-10-21,716.5938855534127,726.2025561584894,715.9933550949797,723.5751953125,2343600
2019-10-23,737.1625309468678,739.2644108736348,729.0552536193117,737.7630615234375,5384400
2019-10-24,750.6745573762175,752.9265810483462,745.6450286782891,751.4252319335938,4285800
2019-10-25,750.2991974839701,757.0552682967323,746.8461129511289,749.5485229492188,2773000
2019-10-28,759.6825747177094,763.8112843629143,753.6771788701385,755.1785278320312,2855000
2019-10-29,758.9320646142771,763.4361124754894,752.926667465994,759.6827392578125,4482000
2019-10-30,758.5567108037417,759.3073854309597,745.7952421410365,750.0740966796875,5098900
2019-10-31,751.4251780398837,757.4305740681745,742.5672280616619,757.0552368164062,4307700
2019-11-01,741.2160352164503,744.6691196620623,734.7602068901485,737.9880981445312,4289700
2019-11-05,758.9320539210364,785.9563407075422,754.8033434397647,783.3289794921875,7550800
2019-11-06,791.9616477951942,797.9670441765794,785.5809141399722,797.2163696289062,5198500
2019-11-07,799.093043372063,821.2379421785223,788.2082626027865,800.2190551757812,8995000
2019-11-08,817.8598549725015,818.6105294607736,793.0875968595208,805.098388671875,6073900
2019-11-11,809.9779250158858,811.8546115891385,796.465781688466,798.3424682617188,4016700
2019-11-12,795.7151102941176,798.7178088235294,787.8330266544118,797.591796875,3661400
2019-11-13,800.5944861253938,803.2218473081775,781.452283222255,785.5809936523438,3761000
2019-11-14,780.7016509433963,784.8303615974238,771.6935549709725,775.822265625,2570100
2019-11-15,761.1840371454737,775.0715171131179,758.1813387740912,771.6934814453125,4188500
2019-11-18,772.0688923031568,777.6989522859217,767.5648443169449,775.822265625,2811000
2019-11-19,765.6880782340918,771.6934749261238,762.6853798880758,766.0634155273438,3357300
2019-11-20,759.3072893579368,760.4333011562926,749.3233272426894,757.4306030273438,4895900
2019-11-21,763.4361124754894,769.0661723020048,753.3020047877617,759.6827392578125,5601600
2019-11-22,773.9455019215148,775.0715138059787,764.9374068458037,765.312744140625,4132100
2019-11-25,780.7016620023039,796.8411675148516,778.4496379772972,794.2138061523438,5700900
2019-11-26,796.8410249408923,799.093048562958,783.3288832084985,784.4548950195312,6863000
2019-11-27,782.5783010463957,799.843817520321,782.5783010463957,798.3424682617188,3807900
2019-11-28,798.3423973523793,802.8464447281332,791.5863262887484,793.4630126953125,2531300
2019-11-29,806.224564612079,809.6026004973252,800.2191674827526,802.47119140625,4225500
2019-12-02,789.3343186740093,801.7204492095501,785.5809457844515,796.841064453125,3075300
2019-12-03,796.8410646525863,805.4738223007301,795.715052785437,803.9724731445312,3214900
2019-12-04,796.0903736645023,798.3423973523793,787.0822789129945,793.4630126953125,4575200
2019-12-05,812.9806232434618,814.4819725015291,804.3478650095745,805.473876953125,4055200
2019-12-06,802.8464514578716,807.35049887138,795.3397057686909,799.0930786132812,3865200
2019-12-09,815.6078787063062,825.7419848844334,814.10652964288,823.1146240234375,5856000
2019-12-10,819.7366043629037,822.7393025473832,813.3558707208847,819.3612670898438,4802100
2019-12-11,828.7447281722184,829.870740031148,812.6052248608935,819.7366333007812,3025900
2019-12-12,816.3585487758335,820.8625959414932,808.8518034997338,809.6024780273438,3020100
2019-12-13,830.9967585585778,832.4981077158652,822.739338193497,825.36669921875,4989900
2019-12-16,812.9804923279644,824.615947204311,810.7284688035102,821.9885864257812,3900300
2019-12-17,833.9995736384736,856.8951514926353,833.6242362966021,854.6431274414062,7439200
2019-12-18,858.3962847380601,860.6483082222876,852.7662260274913,855.0182495117188,5278100
2019-12-19,863.6510620117188,869.2811210861107,859.1470147522052,863.6510620117188,4488000
2019-12-20,873.4097137255295,888.7985397946085,867.7796554075738,877.1630859375,6535700
2019-12-23,876.4125126277797,876.7878498922884,857.6456494023455,860.2730102539062,4346500
2019-12-24,865.9030919820266,868.1551156282736,859.8976955920341,862.1497192382812,1969700
2019-12-25,870.4073083517435,870.4073083517435,858.0211758913694,858.7718505859375,1389800
2019-12-26,860.2729080153736,865.9029663139034,859.1468963556675,862.9002685546875,1863100
2019-12-27,869.3827666428984,873.1958489527358,863.2818349471588,864.8070678710938,2765800
2019-12-30,858.7060895954204,869.0014112735182,851.8425418100218,866.7135620117188,2809000
2020-01-06,880.8220315967086,907.5136083117603,874.3397915373389,902.17529296875,9015800
2020-01-07,898.7435188196719,908.6575330281197,888.8295046112241,902.17529296875,5037300
2020-01-08,922.384329020525,928.1039507383042,893.7862204316291,905.2254638671875,8820400
2020-01-09,872.0518112380784,881.5845157771915,862.5191066989651,880.8218994140625,7292300
2020-01-10,883.1097728240185,893.4050940097907,878.9153827112965,892.2611694335938,4651700
2020-01-14,878.5340503246754,884.2536730481432,867.8574212408685,880.8218994140625,6411000
2020-01-15,877.7715580677107,878.1528663031875,861.3753039422061,867.8575439453125,4894200
2020-01-16,869.7638941048727,874.3395919256787,854.8928761872533,857.1807250976562,6919000
2020-01-17,860.9938066149946,864.4255799805991,849.1732539112458,857.1807250976562,4268700
2020-01-20,859.4686136004023,864.4256198012919,852.2237583837174,857.5620727539062,2937300
2020-01-21,852.2237441119025,855.655517578125,845.3601971794577,849.1732788085938,3115500
2020-01-22,844.9788926214884,848.4106661023518,839.6405783179231,841.547119140625,3389200
2020-01-23,827.4388579332353,828.9640908510846,817.9061521966773,822.8631591796875,6248700
2020-01-24,815.6182355876296,820.1939339639977,809.1359962211079,818.668701171875,4590300
2020-01-27,795.7901786956353,809.1359651136263,791.2144804951812,803.0350341796875,4317000
2020-01-28,793.5023556677932,793.8836638636931,779.0126442235951,788.5453491210938,6543700
2020-01-29,794.6462864766594,803.7976832499031,791.2145126866931,799.2219848632812,4556600
2020-01-30,795.7901647644628,801.8910955915982,788.5453094072396,794.646240234375,3692200
2020-01-31,796.9340350036769,797.3153431543964,785.494790482093,785.8760986328125,5414700
2020-02-03,766.0481098592281,782.0630529224873,759.5658710002899,780.9191284179688,4608900
2020-02-04,775.5808423990411,784.7322387695312,771.005144213796,784.7322387695312,4528700
2020-02-05,784.732234545141,801.89110264744,783.2070018249366,798.8406372070312,6406000
2020-02-06,825.5322667508416,825.913574957193,816.7621780047588,819.4313354492188,6135300
2020-02-07,820.194005356366,822.8631629749129,816.380923044156,821.71923828125,3127500
2020-02-10,812.186390581171,817.9060130500526,808.7546170998422,815.6181640625,3396500
2020-02-12,810.2798752419327,812.5677243014394,798.4593217678151,801.1284790039062,5211800
2020-02-13,836.9714514020515,837.734067758682,796.1714763223159,799.9845581054688,8396100
2020-02-14,792.7396991190485,803.0350198868284,788.5453091766198,801.1284790039062,4265500
2020-02-17,786.257460117113,803.0350198868284,783.5883028810221,801.1284790039062,3175500
2020-02-18,798.4593436707686,800.3658846059901,788.5453308076167,794.2649536132812,3038100
2020-02-19,791.2144666441113,801.8910955915982,789.3079257606316,794.646240234375,3131200
2020-02-20,816.7621028957083,826.294807177871,812.5677130115566,817.5247192382812,6278300
2020-02-21,823.244327354342,825.1508681773024,811.4237742519869,815.6181640625,4303500
2020-02-25,776.7247278550092,786.2574319278492,769.0985645967371,777.86865234375,8282400
2020-02-26,759.7946310298236,761.7774613915544,745.076145349097,755.2189331054688,9647100
2020-02-27,741.5682212698022,741.6444642928097,726.1633603628695,730.9678344726562,9094300
2020-02-28,697.7939128277459,714.7240039564541,695.4298209219734,711.4447631835938,14038200
2020-03-02,691.0828952713913,720.4436226048069,691.0828952713913,712.5886840820312,7177000
2020-03-03,725.4769765817083,728.2224235668532,707.1741828663885,707.479248046875,6267000
2020-03-04,698.5565979661661,711.5973193314686,694.5147404968228,702.4459228515625,5955600
2020-03-05,700.7681567997444,703.3610243663135,690.8541446152244,694.7434692382812,7792700
2020-03-06,672.0937478554139,679.8724435632879,667.594339533091,671.1023559570312,9155500
2020-03-09,602.4668529699738,602.6193855331709,570.3607266391226,584.1640625,22523500
2020-03-10,546.7958866235306,560.7517555920887,527.04410585218,558.84521484375,24307500
2020-03-11,565.3274649622946,580.045950531526,549.2362793354365,550.1514282226562,14272800
2020-03-12,535.6616768638039,542.6014661752425,513.7745810060632,517.35888671875,15300400
2020-03-13,463.97577842433105,479.68565568347907,441.09728928203475,454.5193176269531,28354200
2020-03-16,454.6718639153989,467.40756589814913,430.72569260540365,446.8169250488281,14622100
2020-03-17,434.538806697992,455.89206546984826,427.0651754371244,427.14141845703125,20905200
2020-03-18,417.9137874396323,429.35303344619155,407.0846252441406,407.0846252441406,18408800
2020-03-19,408.07598258884593,410.28758858079976,378.56274436303397,392.1373291015625,19350400
2020-03-23,393.28128256048916,414.2532333349863,392.7474417769471,394.2726745605469,15874700
2020-03-24,419.3627672010145,450.2487306809004,413.7193873540269,436.97918701171875,13666900
2020-03-25,475.1100383106845,479.0756530761719,460.08648525385695,479.0756530761719,12103800
2020-03-26,468.7038899510042,471.2205606054341,444.45270451164714,457.49346923828125,13159700
2020-03-27,476.5589879370482,479.60945341516293,450.93504999303826,458.2561950683594,13112100
2020-03-30,448.1896289529042,458.56119248025465,436.97915953002524,456.959716796875,9300800
2020-03-31,453.4517209285371,468.2464986241525,452.8416370800034,464.2808837890625,9531500
2020-04-01,450.70631269591263,467.6364068475798,443.9190078117067,449.48614501953125,10882700
2020-04-02,447.1218946824189,472.6695388641039,446.2067458800633,469.7716064453125,14232200
2020-04-03,500.2763913567964,509.1990131338758,478.1605142998649,482.1261291503906,20893900
2020-04-06,486.7779710047013,519.417939068816,482.2785627992957,512.4781494140625,16171200
2020-04-07,514.8422158366833,525.90015154932,504.2418778055143,517.35888671875,11112000
2020-04-08,511.7155924912565,513.1645822360998,489.9047825774063,505.00457763671875,15084400
2020-04-09,520.104320338917,520.8669366443993,507.90245945120046,513.3170166015625,10033900
2020-04-10,499.36117592129494,506.22472306099434,489.82847156060126,497.68341064453125,13520600
2020-04-13,501.0388869030071,513.8508308661321,499.51365437057785,505.2332763671875,7339900
2020-04-14,505.9960282552883,513.3934173295695,499.5137882550321,508.8177185058594,7009400
2020-04-15,493.565350994547,495.090583818049,482.27863740991415,487.9982604980469,13518700
2020-04-16,480.4481904426247,492.6500492475168,477.3977257414017,489.4470520019531,7373900
2020-04-17,497.225871050573,498.5223281831462,486.5492419175853,490.6673889160156,8120800
2020-04-20,488.3031788645092,493.10765196268596,482.8123325181347,484.2613220214844,8418400
2020-04-21,472.822095172,485.1001987022597,470.9917974753532,480.219482421875,8964900
2020-04-22,470.458050186547,472.1357689381534,459.1712908433962,468.4752197265625,9615400
2020-04-23,478.1604584422483,497.607175651622,477.70290724412064,496.61578369140625,13699100
2020-04-24,492.19255741194087,498.5985061278307,488.15065395913064,498.2934875488281,12295600
2020-04-27,499.894970095248,509.35143055847936,495.7005805673703,507.7499084472656,9919000
2020-04-28,503.1742907607732,504.69952355880304,496.15821058055354,501.57281494140625,8300700
2020-04-30,516.825097497181,533.8314323912199,513.1645484129226,527.0441284179688,16413500
2020-05-01,526.4340146502125,529.8657879485143,507.9024481486637,513.6220703125,9984100
2020-05-07,519.8755043972575,524.0698937517886,513.2407337453552,516.2911987304688,10281900
2020-05-08,522.3923303093509,528.4170195986397,518.579247606363,527.8831787109375,7820800
2020-05-11,541.0762831744025,541.0762831744025,531.5435791015625,531.5435791015625,7004400
2020-05-12,531.3147839199642,531.467316488786,523.0022476564238,526.4340209960938,6976400
2020-05-13,512.4782295871232,525.1376434256214,509.80907214135703,520.7144775390625,8852600
2020-05-14,509.50396788138795,513.3170496543258,503.860634785285,505.9197082519531,9463900
2020-05-15,520.3331457214468,524.9088439922725,512.0968981432426,520.1043701171875,10103100
2020-05-18,527.7304540136273,545.880711764353,526.4339970572034,540.9237060546875,11391000
2020-05-19,564.2597613082075,570.0556259771746,552.5154528701846,558.9214477539062,11034300
2020-05-20,553.2020117309484,567.0815943926926,551.3717135652773,565.2513427734375,8683000
2020-05-21,579.5883475571887,590.4175075708271,573.4874175829026,574.7838745117188,12410200
2020-05-22,571.1996563326597,573.9450566230381,549.0837817884045,550.4564819335938,11957300
2020-05-25,561.8957818913474,571.7335525545492,561.2856980505751,563.5735473632812,8107700
2020-05-26,570.4370805004118,574.1739195661049,560.5230670692548,571.2759399414062,8242000
2020-05-27,574.250035142533,592.6290681135274,566.6238726572403,587.7483520507812,9817800
2020-05-28,577.6057446576801,591.0277761820875,574.7840543524308,583.401611328125,10575500
2020-05-29,577.2245031523468,577.376989229923,566.3953384983938,572.6488037109375,18334300
2020-06-01,579.5884547897778,581.1136875655403,563.3447350371885,565.40380859375,7471500
2020-06-02,574.4026652174206,585.231827094275,571.9622834985448,577.3005981445312,8582200
2020-06-03,588.7398372169862,597.5099254656848,586.5282311270115,590.4176025390625,10770500
2020-06-04,592.858041136,596.2898151279327,574.6314895380589,576.385498046875,10425200
2020-06-05,581.342372993265,584.1640625,570.9708103455077,584.1640625,7629000
2020-06-08,603.0007839856819,616.9566545000728,599.3402346526891,613.9061889648438,13368100
2020-06-09,621.5323238372803,622.2949401855468,603.2295314788818,610.0930786132812,9157000
2020-06-10,600.0265469796053,602.4669286581352,589.0448992458341,594.688232421875,8911800
2020-06-11,571.8096499106847,579.0545042219538,561.5906201784195,563.9547119140625,13063400
2020-06-12,533.2976137527061,553.1256392061763,528.2643643715427,550.4564819335938,12950200
2020-06-15,544.5843293770956,557.3200320227835,537.8733146528223,538.4833984375,8209100
2020-06-16,552.820552724879,563.8021990847056,544.4317737551321,559.2265014648438,11753100
2020-06-17,560.217998440416,561.819520835761,543.7455025361465,551.9817504882812,7546400
2020-06-18,540.542388749132,544.8130676774347,534.670234314217,542.2201538085938,7789300
2020-06-19,550.6089632846841,551.7528877236412,538.7121677380921,543.89794921875,8414100
2020-06-22,534.670308841543,542.9828457446808,532.6875249335106,537.64453125,6003600
2020-06-23,541.5339431482478,545.0420068796847,533.2976944838912,536.119384765625,6521300
2020-06-24,537.6445343691448,538.1020855670657,527.2729704807291,533.3739013671875,7033400
2020-06-25,519.9517768242388,527.6542292753265,518.8078523900934,526.5865478515625,7854600
2020-06-26,527.42539969947,529.9420706561556,520.6381427472796,522.3921508789062,7610500
2020-06-29,522.3146555627945,523.7118319188519,507.1784757233848,511.990966796875,9612900
2020-06-30,521.6160227117766,527.5152325895197,516.6482321163577,517.6573486328125,6281100
2020-07-01,520.0634414742104,523.9445119329732,509.66215369418694,513.0775146484375,5325700
2020-07-02,512.2238421864226,521.6160163881043,510.7490160466854,516.3377685546875,7567800
2020-07-03,520.0635808251252,521.4607570893832,509.2741831082088,513.4657592773438,5902800
2020-07-06,509.1965031320502,517.6572566620725,504.461615574809,516.8810424804688,7592100
2020-07-07,520.0635516019868,523.6341182296063,505.936442665288,508.88604736328125,7500900
2020-07-08,500.6582304656693,501.3568422959336,492.11987304687494,492.119873046875,12305500
2020-07-09,489.0150638189289,494.293312175352,484.43537998499875,487.9283447265625,11892400
2020-07-10,473.3354570513533,474.88788560670463,464.25374052727597,464.3313903808594,12446500
2020-07-13,476.36263792165676,497.5532749456308,475.974530842916,492.3526306152344,11773400
2020-07-14,484.12479161095587,490.2568551826937,481.3303921482855,483.11572265625,6530300
2020-07-15,496.77702096153774,502.90913126457116,494.6036309701007,502.0552673339844,10891600
2020-07-16,521.2277551178896,522.4696786962986,505.85872579742687,507.56640625,12513600
2020-07-17,505.9364419802058,510.7489798369196,499.7267279396354,507.3336181640625,6995000
2020-07-20,503.60783998386216,504.8498113183333,497.1652706204928,504.539306640625,5448000
2020-07-21,500.27005417626646,504.53923229569153,494.2155928639892,501.1238708496094,6137400
2020-07-22,509.89511401883857,520.4516079209822,509.27410477347996,515.32861328125,9861600
2020-07-27,515.0181443448553,519.0544678375995,501.0462881305261,518.5111083984375,7707800
2020-07-28,514.9405730305095,518.3558874415219,509.8951802033769,511.6028137207031,6473300
2020-07-29,514.9405069681185,514.9405069681185,501.9000708175701,503.06439208984375,7471200
2020-07-30,500.96869342111006,501.4344030182619,485.2115063230103,489.9464416503906,18168400
2020-07-31,482.88286547570084,486.06537232322853,464.952335269764,465.0299377441406,10412200
2020-08-03,466.1942239103398,473.8787633475994,465.806116815051,470.3081970214844,5088300
2020-08-04,474.1116677458027,480.0109246373685,472.17113206627965,478.45849609375,5421900
2020-08-05,480.4765627536448,492.4302797113039,474.26684950319384,487.3848876953125,7655600
2020-08-06,502.90920932879146,507.10073766797643,479.38988069077055,493.6722412109375,7613800
2020-08-07,497.553382117469,528.291450424103,496.3114581485321,516.958740234375,15232000
2020-08-11,532.4830847760821,545.1353701723102,529.6110819864186,536.5194091796875,12279800
2020-08-12,535.3548987371905,543.5051471600558,532.0947898927742,542.1079711914062,6967800
2020-08-13,547.2310661554438,553.1302757194834,536.4416687374379,538.8479614257812,7868700
2020-08-14,534.4234962477049,536.2087794977344,527.3599657198828,530.3095703125,6559300
2020-08-17,528.6018702087041,533.5696600393278,524.2550896391745,526.350830078125,3868600
2020-08-18,518.5885843431408,520.9948763076554,509.6621228285811,512.30126953125,6536600
2020-08-19,506.09167849261235,516.7258229300751,503.84063827270063,513.8538208007812,3081000
2020-08-20,510.0503747787659,514.9405625512496,505.23788423498667,509.4294128417969,4671200
2020-08-21,506.2469356932337,516.1824684681768,506.09168337030263,512.0685424804688,4109700
2020-08-24,511.1371163781268,513.7762639477837,505.7812187593833,513.4657592773438,3490600
2020-08-25,525.807607627964,526.5061721011862,517.8902119635717,520.9174194335938,6507500
2020-08-26,525.497013408653,529.9214438239968,522.5474089238753,526.350830078125,4854300
2020-08-27,517.4244332554682,518.5887547050767,508.8084734789098,513.4657592773438,5992500
2020-08-28,519.2097249107827,523.323650914042,504.1511496803344,508.26507568359375,8361600
2020-08-31,523.0908334492295,528.5243335256367,511.6028239580228,523.01318359375,9914200
2020-09-01,515.9496312396275,519.1320907744666,510.9042385188989,517.1139526367188,5379600
2020-09-02,513.9314400280766,516.337732647871,504.0735568764093,508.88604736328125,7206600
2020-09-03,510.43853233435,512.1462133619749,504.61692476951316,505.7036437988281,5329700
2020-09-04,499.64906941181073,501.66720729804905,496.00085334697707,500.5805358886719,5213900
2020-09-07,496.31142423906243,503.37495516046977,494.370888559955,496.854736328125,4130700
2020-09-08,501.822449178217,504.6944510153736,500.1147685688521,502.5986633300781,4485600
2020-09-09,489.01501978221626,490.56744841644553,478.5361265011688,487.229736328125,11036900
2020-09-10,489.1702049238445,495.5351709251047,487.3849217149968,494.370849609375,6106400
2020-09-11,486.6087492012867,492.50795875593604,485.98773987859965,491.1883850097656,4718600
2020-09-14,495.22473630687784,496.6219126080198,491.1884123664083,492.6632385253906,3928800
2020-09-15,489.0149439215507,489.7911581182516,481.25280195454195,481.48565673828125,6284000
2020-09-16,479.545183183964,479.6228330394761,469.6096496582031,469.6096496582031,10016900
2020-09-17,479.00180147770504,479.0794513296146,466.4271683515069,467.9019470214844,10074400
2020-09-18,468.6781783819874,469.6096450043756,465.18521408030193,467.2033996582031,10576100
2020-09-23,460.760798966998,461.7699154787561,446.4008341228697,449.1175842285156,12558800
2020-09-24,448.0309006296815,449.8161840332298,437.0086481634312,437.31915283203125,11354200
2020-09-25,438.5610030777825,443.9945022309586,433.3603586987577,442.3644714355469,7561100
2020-09-28,444.07209889086676,446.24553642480276,437.0861714995494,446.01263427734375,6456300
2020-09-29,450.51481960698425,453.93013425988494,445.003669395052,449.4281005859375,5120400
2020-09-30,439.7253712583879,445.3917257905059,435.9219024946654,437.396728515625,8756300
2020-10-02,438.9491566935127,441.51065423342874,422.2605503824419,423.9682312011719,10526200
2020-10-05,435.3008941106063,447.7203207464373,434.83518456230377,442.3644714355469,9568400
2020-10-06,443.99452873928277,450.5147470629194,443.60642163374143,449.89373779296875,6665000
2020-10-07,447.7980393383909,450.4371394778698,441.51067521290145,450.20428466796875,5393900
2020-10-08,449.97141945396976,451.2909931813785,445.5469886627094,448.0308837890625,5257500
2020-10-09,450.5147584641533,452.22239187066594,439.25965211862035,441.7434997558594,8632500
2020-10-12,441.9764019261628,443.9945399755087,440.2687211432933,441.7434997558594,3199200
2020-10-13,439.02676921316584,439.4148763455595,431.0317717611282,433.0499572753906,5643800
2020-10-14,426.91785236643074,426.91785236643074,420.009526350321,426.68499755859375,8171800
2020-10-15,429.7898421811722,431.49752301630116,423.9682352725678,424.8220520019531,5759000
2020-10-16,424.8996734212198,424.97727589093176,417.6032409667969,417.6032409667969,4665200
2020-10-19,419.00041178388676,421.2514518934718,414.4207764723356,418.6123046875,6185000
2020-10-20,411.7040840621785,413.2565126636552,404.0971460138535,405.8824768066406,10376600
2020-10-21,407.51241189855716,419.46612826478815,407.51241189855716,417.9913024902344,8289000
2020-10-22,410.2291823921467,411.9368630145557,407.9005399187759,408.5991516113281,7215700
2020-10-23,418.68997229772896,421.95003414461956,413.25647271776916,419.4661865234375,5593800
2020-10-26,417.9913053486301,427.383477288932,416.4388771022099,422.6485900878906,5621900
2020-10-27,412.9460439970999,414.03276306342786,408.6768649708141,409.8411865234375,5773300
2020-10-28,402.93277220778117,403.8642387229096,391.98817093999844,394.3944396972656,9477900
2020-10-29,386.6323716285925,393.4630484184079,383.6051404078376,391.6777648925781,9159100
2020-10-30,388.10711372189405,391.988184859113,379.5687572200124,381.89739990234375,8153500
2020-11-02,379.56875977296386,392.7644017282612,379.56875977296386,387.3309020996094,5786800
2020-11-04,397.4216967680608,409.8411247920627,396.6454825165607,408.2886962890625,9449800
2020-11-05,400.52651555359125,400.52651555359125,388.1070887147202,392.7643737792969,6911000
2020-11-06,388.10708913107123,395.0930167354305,385.00223241802263,393.54058837890625,5644900
2020-11-09,393.54061633300785,393.54061633300785,381.12118859863284,388.10711669921875,7729700
2020-11-10,423.03677266814174,425.365415453471,408.28870169439,420.7081298828125,12667300
2020-11-11,430.79883202778086,443.21825781596914,430.0226179160191,437.008544921875,11347100
2020-11-12,437.0086013046237,437.0086013046237,420.7081028545401,427.69403076171875,6934000
2020-11-13,421.48431197949947,421.48431197949947,409.84109894139175,417.6032409667969,5477800
2020-11-16,426.91784601141933,428.47027454236996,419.9319176221416,425.36541748046875,5372900
2020-11-17,433.12756733141447,446.32321006373354,423.03678171258224,442.442138671875,10876600
2020-11-18,443.2183264307229,456.413968373494,441.6658979668675,450.98046875,12379700
2020-11-19,451.7566498598845,452.5328640349015,438.56100888459576,446.3231506347656,8464200
2020-11-20,446.3232119878133,447.87564055124915,440.1134977340698,447.09942626953125,4722100
2020-11-24,457.9664303531873,464.17614466306105,454.0853589095163,457.1902160644531,8500400
2020-11-25,482.8053558701542,488.23885665968965,471.1621398925781,471.1621398925781,13731900
2020-11-26,471.1620518021297,482.0290513494606,469.6096232953682,478.9241943359375,8609900
2020-11-27,471.16208005614834,476.5955801556426,470.38586575622054,474.2669372558594,5859600
2020-11-30,474.2669287903668,474.2669287903668,450.2042859221158,453.30914306640625,15263200
2020-12-01,451.7567132357893,453.30914180360986,440.11349897713495,450.20428466796875,7975400
2020-12-02,448.6517615193472,452.53283212072563,443.2182626774174,444.77069091796875,7625300
2020-12-03,452.5328640349015,453.3090782099184,443.9945081097146,446.3231506347656,5603400
2020-12-04,450.98046424476877,450.98046424476877,440.889679330514,441.6658935546875,5970500
2020-12-07,447.8755473990715,450.9804038801742,444.77069091796875,444.77069091796875,6989900
2020-12-08,438.5610366579937,444.7707504513812,436.2323939854734,441.6658935546875,4547400
2020-12-09,444.770781829353,446.3232103872216,440.8897104346815,443.2183532714844,4498800
2020-12-10,447.0993950076219,451.7566803722847,444.7707523252906,445.5469665527344,4824300
2020-12-11,449.42806911468506,451.75671195983887,446.3232119878133,447.09942626953125,6848500
2020-12-14,447.87558193141246,453.3090811922788,445.5469393910412,451.75665283203125,6334600
2020-12-15,446.3232432416478,450.9805292580824,443.9946002334305,449.4281005859375,5127800
2020-12-16,453.30914462078204,460.29507321938996,452.53293033204784,457.1902160644531,5378300
2020-12-17,460.29507290587134,461.8475014822824,451.75671573561067,456.41400146484375,6291500
2020-12-18,455.6377865527677,458.7426437013385,453.3091436913396,454.861572265625,8281200
2020-12-21,458.74257743503733,458.74257743503733,443.21829393469767,446.3231506347656,7177600
2020-12-22,437.78484503777474,439.3372735662775,423.0367740169986,423.81298828125,10083000
2020-12-23,423.81298828125,426.9178453382555,420.7081312242445,423.81298828125,7049500
2020-12-24,435.4561214746605,447.0993332787958,435.4561214746605,444.77069091796875,7363200
2020-12-25,447.09939649113323,452.53289610126853,445.5469680310946,448.6518249511719,4477700
2020-12-28,447.8755473990715,450.20418975989855,440.8896203165903,444.77069091796875,9165600
2020-12-29,435.45617713792467,437.78481979641623,430.79889182094155,436.2323913574219,8079500
2020-12-30,443.3707519641025,444.16390178872524,437.81870319174345,440.9913024902344,4496100
2021-01-04,443.3707644725848,444.1639143195841,427.5077675325997,433.85296630859375,6192600
2021-01-05,433.85294398811465,437.8186930190846,431.4734945695327,437.0255432128906,5287100
2021-01-06,452.8886073446682,463.9927062988281,449.7160076434796,463.9927062988281,16211200
2021-01-07,469.5447523215776,479.0625513551231,465.57900272426696,475.0968017578125,12962300
2021-01-08,487.7871583835245,489.37345808558473,476.6830604691028,483.02825927734375,13359500
2021-01-12,487.787085227596,494.92543281629247,482.2350371030542,490.1665344238281,10177400
2021-01-13,498.0981249699056,515.5474223414628,497.3049750893803,514.7542724609375,17936400
2021-01-14,522.6858216755869,524.272121589625,507.615972492224,509.99542236328125,13392300
2021-01-15,519.5131286806611,528.2377766432371,517.9268290511019,521.892578125,12464100
2021-01-18,508.40905561447147,513.9611045837403,500.4775570869446,507.61590576171875,7919500
2021-01-19,503.65007264056914,506.82267152334435,496.51172515432484,498.89117431640625,7128500
2021-01-20,504.4432800863391,513.1679280123607,501.270680840513,509.2021789550781,6920400
2021-01-21,509.20208081169307,510.7883801288635,502.8568835430115,506.8226318359375,5741400
2021-01-22,499.6843707216514,502.85696990083653,491.7528727736887,493.33917236328125,7925800
2021-01-25,494.92543281629247,496.5117322804473,488.58023495967336,490.1665344238281,5051900
2021-01-26,490.1665706823368,490.9597204730849,477.4761740303669,480.6487731933594,7352200
2021-01-27,479.8556498344371,486.2008485099338,475.88990066225165,479.0625,6488200
2021-01-28,469.54467612288573,485.4076719378481,468.7515263321376,480.6487731933594,7883200
2021-01-29,482.2351013688016,483.0282512065793,474.3036029910253,479.85565185546875,6637500
2021-02-01,480.64873201240124,483.0281811807795,474.3035342300593,476.6829833984375,5957800
2021-02-02,481.44193324012565,490.1665811242136,478.26933400954823,484.6145324707031,6566200
2021-02-03,492.5460649721182,498.0981140136718,490.95976524596,498.0981140136719,7447400
2021-02-04,508.4090782981248,510.78852796254665,502.06387919300005,504.4433288574219,9657500
2021-02-05,508.40908117133665,525.0652289164194,507.6159312787137,517.9268798828125,11101100
2021-02-08,536.1692356229853,556.7911293007925,533.7897863524692,553.6185302734375,18521000
2021-02-09,566.3089074264994,578.2061533808377,555.9979609327396,569.4815063476562,22221900
2021-02-10,557.5843722132407,572.6542201108958,549.652873319738,566.3090209960938,11031700
2021-02-12,573.447265625,588.5171107797372,571.0678163900415,573.447265625,17132900
2021-02-15,599.6213626539134,613.1049118141204,594.8624629503108,609.9323120117188,18516900
2021-02-16,630.5540476077344,636.8992455710827,614.6910526993638,619.449951171875,19304400
2021-02-17,619.4500140861925,648.0034078212794,613.89796530437,644.0376586914062,19278100
2021-02-18,650.3828743077531,652.7623238479034,621.0363299792326,626.58837890625,17411700
2021-02-19,608.345865267271,613.104763822165,591.6897203251424,600.4143676757812,14667000
2021-02-22,609.9321437717713,619.4499405536454,602.0006464535428,615.4841918945312,11372300
2021-02-24,639.2786838492167,640.8649833128625,613.8978924308856,615.4841918945312,15461000
2021-02-25,632.9335776799842,632.9335776799842,622.6226296726661,626.58837890625,11156600
2021-02-26,620.2431681107502,639.2787640629982,618.6568684480628,621.8294677734375,12830400
2021-03-01,620.2431258866645,628.9677734375,609.1390290037831,628.9677734375,10784200
2021-03-02,625.795190002204,628.9677891910618,607.5527446662716,611.5184936523438,9893700
2021-03-03,611.518443235417,617.8636410899998,602.7937961853656,615.4841918945312,9452900
2021-03-04,620.2430945545971,624.2088432410076,609.1389982326477,617.0704956054688,9879900
2021-03-05,640.8651181748999,647.2103173647504,625.0021202002736,643.2445678710938,20037900
2021-03-08,667.832165412183,686.0746117357937,664.6595660515551,672.591064453125,24167500
2021-03-09,658.314398024835,665.4527469190801,645.6239999906213,660.69384765625,17907500
2021-03-10,636.8993550011174,642.4514041729827,630.5541559475571,637.6925048828125,16487400
2021-03-11,642.4512833305026,648.0033314580502,633.726636272928,638.4855346679688,10043300
2021-03-12,642.4512587498574,657.5211030909035,636.8992108347352,651.9690551757812,11990800
2021-03-15,652.7623350868503,657.5212342490872,647.2102860642403,655.1417846679688,10291600
2021-03-16,646.4170800545365,656.72802734375,645.6239302630586,656.72802734375,9195200
2021-03-17,648.796425847724,653.555323836827,637.6923305398167,640.8649291992188,10094800
2021-03-18,636.8993102576345,646.4171081693302,636.1061604316599,644.0376586914062,9579300
2021-03-19,624.2088809372791,639.2787268557141,622.6225813669175,631.3472290039062,18949400
2021-03-22,635.3129399522974,642.4512875922107,626.5882928368476,640.0718383789062,8968100
2021-03-23,636.8992669916937,640.865015852165,621.8294213219027,627.3814697265625,13789700
2021-03-24,606.759542102149,608.3458415586252,579.7924513420535,591.689697265625,21401800
2021-03-25,606.7595321853439,621.0362270602932,605.966382470069,610.7252807617188,13745800
2021-03-26,609.9322103125753,622.6226074062049,607.5527608575197,617.8637084960938,11340900
2021-03-29,632.933555044779,634.5198546814827,610.7253601309271,617.8637084960938,10306900
2021-03-30,620.2431476602875,629.7609453225937,609.9322001927891,613.89794921875,10328100
2021-03-31,608.3458631404493,610.7253124095776,599.6212158203125,599.6212158203125,12996400
2021-04-01,598.8281409987304,610.7253888331422,598.8281409987304,605.17333984375,7458000
2021-04-02,617.0705484395187,620.2431476602875,605.173301361636,613.89794921875,8370900
2021-04-05,613.8979553458313,620.2431538506978,609.9322062802898,616.2774047851562,6840300
2021-04-06,605.1732619936103,609.1390107615894,593.276015689673,598.8280639648438,9933800
2021-04-07,602.7939624563151,609.9323120117188,597.2419128021121,609.9323120117188,7343300
2021-04-08,609.9321310464437,612.3115801922686,604.380083039519,610.7252807617188,5866400
2021-04-09,613.1048825210855,613.1048825210855,598.0350341796875,598.0350341796875,9345300
2021-04-12,592.4829040035125,598.8281024399624,589.3103047852875,590.1034545898438,8659600
2021-04-13,586.9308325961374,590.1034316912517,578.2061850845732,581.3787841796875,9419800
2021-04-14,581.3787779089523,581.3787779089523,569.4815314305972,578.9993286132812,13916500
2021-04-15,594.862434528867,603.5870835686236,592.4829847907514,598.0350341796875,11738500
2021-04-16,604.3800956490113,617.0704913581769,602.0006464535428,615.4841918945312,11426900
2021-04-19,602.0006858885444,613.1047828614556,601.207536104765,607.552734375,9965200
2021-04-20,604.380114358569,605.9664138713212,594.8623172820561,599.6212158203125,8212000
2021-04-21,582.1719910586419,586.1377403165345,576.6199420975921,579.7925415039062,10338200
2021-04-22,580.5856385522959,586.1376870083972,575.0335900961948,582.965087890625,6785600
2021-04-23,578.9993876390496,582.9651368694541,575.0336384086452,578.2062377929688,5529000
2021-04-26,578.9993286132812,582.9650774393997,573.4472802567155,578.9993286132812,4766300
2021-04-27,575.826788254726,581.3788371772923,569.481589486079,578.2062377929688,6805600
2021-04-28,578.2061498040321,592.4828448609218,575.8267006278838,590.8965454101562,7713400
2021-04-30,602.7937934609585,604.3800929174347,589.3102480809107,591.689697265625,7672500
2021-05-06,610.7252935035941,621.0362400172912,607.5526945763028,615.4841918945312,13479100
2021-05-07,614.6911948618263,628.9678935811977,609.1391453598485,628.1747436523438,10308100
2021-05-10,645.6238992651157,648.7964982787036,640.0718509913371,644.8307495117188,14983400
2021-05-11,641.6582582535282,649.5897571194556,634.5199092741935,639.27880859375,11319200
2021-05-12,636.1061318763217,641.658180408908,625.002034811149,632.9335327148438,12745200
2021-05-13,628.174658203125,639.2787556966146,617.863710530599,618.6568603515625,13300500
2021-05-14,632.1403829244744,640.0718808281691,623.4157352304101,632.9335327148438,12327500
2021-05-17,638.4857063150226,639.2788562607556,627.3816070747614,633.726806640625,7845400
2021-05-18,640.8650852272726,656.7280823863636,639.2787855113636,654.3486328125,12158000
2021-05-19,644.037587067747,656.7279828720377,636.8992394278337,640.0718383789062,8831800
2021-05-20,628.9677416647002,632.1403406138285,613.1047469190582,617.0704956054688,10483200
2021-05-21,609.1391209893048,613.8980203720338,592.4829731497535,593.276123046875,13125200
2021-05-24,600.4143780886031,609.9321753634555,598.03492876989,604.380126953125,6524000
2021-05-25,610.7253928589665,613.104842441534,606.7596435546875,606.7596435546875,5680300
2021-05-26,598.8280764766497,607.552723948495,597.2417769363143,603.5869750976562,7930400
2021-05-27,602.0007598959211,604.3802095397785,587.7240620327767,588.5172119140625,14416500
2021-05-28,597.2418212890625,601.2075704344082,594.069221972786,597.2418212890625,9108400
2021-05-31,596.4486714599934,598.8281209472008,592.4829223146477,597.2418212890625,5637800
2021-06-01,605.1732369852807,613.8978839142953,602.0006381020028,612.3115844726562,8211800
2021-06-02,626.5884065390819,640.8651044095926,621.0363573672166,637.6925048828125,13997600
2021-06-03,634.5197860054348,645.6238822605299,632.9334865404212,638.4855346679688,9180500
2021-06-04,638.4856058756511,642.4513549804688,636.899306233724,642.4513549804688,6927600
2021-06-07,649.5897630990951,651.9692127807767,641.6582641601562,641.6582641601562,6935600
2021-06-08,634.519838483146,642.4513364641854,628.9677898964186,635.31298828125,7912300
2021-06-09,640.8651975011419,651.9692974578448,640.0720475042345,651.1761474609375,9198700
2021-06-10,654.3486125922642,655.1417624257094,644.037664757477,646.4171142578125,8400700
2021-06-11,645.6238865432834,645.6238865432834,639.2786886411382,640.0718383789062,7243900
2021-06-14,640.8649291992188,646.4169768531724,636.1060312101157,640.8649291992188,6472900
2021-06-15,636.899306233724,644.0376546223958,636.1061564127605,642.4513549804688,6354900
2021-06-16,650.3829127720425,672.5911097935268,648.7966129847936,666.2459106445312,15751300
2021-06-17,664.6595720051318,674.9705200195312,659.9006729215629,674.9705200195312,10625600
2021-06-18,655.9349761663699,659.1075758092544,644.037727505553,647.2103271484375,20888200
2021-06-21,633.726692779275,643.2444904180126,630.5540935663624,636.8992919921875,10714400
2021-06-22,659.9006977791116,663.0732972876651,650.3828992534515,660.69384765625,14953200
2021-06-23,657.5212656777716,667.8322143554688,655.1418159829183,667.8322143554688,10164200
2021-06-24,670.2115887768696,688.4540343885477,666.2458397308526,686.0745849609375,16813200
2021-06-25,688.45407844208,707.4896750810316,687.6609285821237,703.52392578125,17767300
2021-06-28,702.7307413736979,711.4553894042969,688.4540445963542,690.0403442382812,17692800
2021-06-29,681.9221818691572,685.1694303542483,668.9331879287922,672.9922485351562,16395600
2021-06-30,672.9922485351562,677.8631212627931,668.1213758075194,672.9922485351562,9264100
2021-07-01,681.9220972118263,684.3575332732971,674.6157890274139,677.863037109375,7112200
2021-07-02,686.7931165193256,699.7821116308023,685.9813043248583,694.0994262695312,10855500
2021-07-05,690.0403962848873,693.2876452085808,677.8632128210363,683.5458984375,8172400
2021-07-06,690.040397866604,707.9002669878573,690.040397866604,695.7230834960938,12258100
2021-07-07,674.6159292879971,677.8631780450994,664.0623708274148,669.7450561523438,12453500
2021-07-08,651.8851787504444,657.5678639948444,640.5198082616447,642.1434326171875,17045100
2021-07-09,640.5197783512856,653.508772589081,638.0843419316989,652.6969604492188,13315800
2021-07-12,658.3795497842674,664.0622339377691,655.9441137184809,660.003173828125,7614200
2021-07-13,680.298511555022,688.4166322179697,676.239451223548,682.7339477539062,13480100
2021-07-14,677.0512632898428,684.3575718864957,675.4276391572532,682.7339477539062,6549900
2021-07-15,666.4977697947669,669.7450183686756,664.0623333643354,664.8741455078125,8261100
2021-07-16,653.5089152822977,660.8152261363856,648.6380413795725,656.7561645507812,8713600
2021-07-19,642.1434045240828,647.8260895198712,636.4607195282945,643.7670288085938,10418100
2021-07-20,614.541748046875,623.471680977543,612.1063117930565,614.541748046875,17382400
2021-07-21,620.2244391276041,621.8480633138021,607.2354456380208,608.8590698242188,13139700
2021-07-26,633.2135153190275,634.8371397172814,618.6008957347422,621.84814453125,11424600
2021-07-27,631.5897216796875,637.2724055508415,629.9660977165007,631.5897216796875,8140000
2021-07-28,627.5308273884934,634.837137151102,626.719015192648,630.778076171875,5798300
2021-07-29,633.2133456428744,634.8369696060613,626.7188497901269,631.5897216796875,16999000
2021-07-30,637.2726023027974,641.3316634639617,627.530855516003,629.1544799804688,6547400
2021-08-02,629.1544447139818,639.7080031414421,628.3426325272541,636.4607543945312,6255600
2021-08-03,626.7189228796834,629.1543591084904,616.9771779644552,620.2244262695312,10165400
2021-08-04,623.4716509282971,636.4606436559699,620.2244027463788,634.0252075195312,10144700
2021-08-05,625.095325386077,631.5898222732051,623.4717011642949,627.53076171875,5449000
2021-08-06,629.1544400728666,638.0843740609976,625.0953791691707,633.2135009765625,7085100
2021-08-10,633.213550085309,647.0143582281938,633.213550085309,635.6489868164062,9302600
2021-08-11,660.0032836141465,669.7450294977502,641.3316040039062,641.3316040039062,15329400
2021-08-12,652.6969555664062,659.1914526367187,649.44970703125,649.44970703125,9502800
2021-08-13,647.8261272635716,649.4497516426783,642.1434419366982,648.637939453125,6688600
2021-08-16,638.896107978478,639.7079200597722,629.9661750842426,632.401611328125,8657600
2021-08-17,624.2836303710938,632.4017530027076,621.8481935816097,624.2836303710938,7536200
2021-08-18,615.3535425218486,627.5307234424656,612.1062942763507,622.6598510742188,8009300
2021-08-19,610.4826954182172,613.7299437981013,599.1173260886227,599.9291381835938,13140100
2021-08-20,586.9401460584703,592.6228307367682,585.316521864671,590.9992065429688,10807300
2021-08-23,582.0692571878761,595.0582503747743,581.257445113695,590.1873779296875,9741800
2021-08-24,602.3646475750468,606.4237085425335,596.6819622205652,597.4937744140625,11445900
2021-08-25,608.8590647515919,617.7889977012818,604.8000043199146,605.61181640625,8089400
2021-08-26,612.9181634618881,615.353599872995,606.4236663656033,610.4827270507812,8133900
2021-08-27,600.7411134768232,608.8592366319155,594.2466149527495,608.0474243164062,8621400
2021-08-30,625.0952987271454,625.9071108034144,617.7889900407242,620.2244262695312,8935000
2021-08-31,616.9772620691788,619.4126986299782,613.7300133214462,615.3536376953125,8724800
2021-09-01,617.7890835356152,622.659956730377,616.1654591373613,621.84814453125,5882500
2021-09-02,623.4717193643512,624.2835314989403,618.6008465568173,619.4126586914062,5618600
2021-09-03,628.3426184777768,633.2134914892325,625.0953698034731,626.718994140625,10521800
2021-09-06,631.5898407102412,632.4016528448302,616.9772222876393,619.4126586914062,9382500
2021-09-07,621.8480769425129,629.966198051423,619.4126406098399,627.53076171875,7919800
2021-09-08,630.7781133542115,636.4607990601054,628.3426766231142,635.6489868164062,7886300
2021-09-09,636.4606602661445,637.2724723328105,629.1543516661504,634.8370361328125,6948200
2021-09-10,631.5898812741649,640.5198153281698,630.7780690874372,636.4607543945312,8844500
2021-09-13,631.5898743061591,644.5788691505018,631.5898743061591,642.1434326171875,8822500
2021-09-14,649.4497374324968,655.1324226350312,638.8961791992188,638.8961791992188,19812600
2021-09-15,629.9662145964552,631.589838860879,622.6599054065478,628.3425903320312,15368900
2021-09-16,643.7670852796509,651.8852074143249,631.5899020776399,640.5198364257812,18291000
2021-09-17,636.4607473727876,642.955244794959,627.530813417302,642.1434326171875,17387400
2021-09-21,625.9072005373573,641.3316321978109,625.9072005373573,639.7080078125,9015400
2021-09-22,637.2725595505591,644.5788691505018,635.6489351950162,642.1434326171875,7117400
2021-09-24,659.1914441544735,667.309565387903,655.1323835377588,664.0623168945312,14722100
2021-09-27,680.2986510731932,698.1585201944465,677.8632143748405,695.7230834960938,19487200
2021-09-28,717.6419933357538,729.0073642709355,707.088434610228,724.9483032226562,27365500
2021-09-29,715.2065801953786,730.6310126854038,711.9593312501102,720.0774536132812,17333700
2021-09-30,729.8191408479595,730.6309530179794,705.4647757473601,711.1474609375,16971600
2021-10-01,707.9002053767342,724.9482607814491,707.9002053767342,716.8301391601562,15200000
2021-10-04,736.3136741578379,760.6680404475128,724.1364910130005,724.9483032226562,21913600
2021-10-05,760.6680063549054,770.4097524341572,750.1144481023828,765.5388793945312,26517900
2021-10-06,798.0113594805608,798.0113594805608,776.9042431565582,792.3286743164062,27168300
2021-10-07,750.9262647575506,751.7380769356669,713.5829045642022,726.5718994140625,35292500
2021-10-08,741.1844888887263,762.2916046730711,739.5608645976228,758.2325439453125,24105400
2021-10-11,779.3397425518134,789.8933015655359,767.1625590744413,783.3988037109375,20501200
2021-10-12,785.8342140959139,804.5058948027383,783.3987774819803,797.1995849609375,19557300
2021-10-13,789.8932261949175,797.199535584182,780.151480342565,794.7640991210938,14304600
2021-10-14,787.4578391358443,790.7050879570231,774.4688438511293,776.0924682617188,15668200
2021-10-15,779.3396490459501,784.2105218524873,773.65696410499,781.7750854492188,12896300
2021-10-18,803.6940543297494,826.4247952602877,802.0704299775681,819.9302978515625,20159300
2021-10-19,806.9412716080797,808.5648958970295,785.0223437072566,788.2695922851562,17265200
2021-10-20,796.3876803843968,800.4467409368148,785.0223108376266,786.6459350585938,14100600
2021-10-21,797.1995160032532,806.1294494819047,781.7750854492188,781.7750854492188,11943800
2021-10-22,767.1624524811465,778.5278221475338,763.9152040050358,772.0333251953125,9268700
2021-10-25,780.1514918217894,793.9522986490218,776.0924309902504,792.3286743164062,9873400
2021-10-26,797.1996058625411,812.6240381551972,793.1405447328948,801.2586669921875,12777700
2021-10-27,802.0704792181167,805.3177281218339,795.5759814106826,801.2586669921875,7901000
2021-10-28,779.339707772943,789.8932663157016,768.7861492301844,769.5979614257812,16108100
2021-10-29,767.9743416409532,777.7160880465467,767.1625294404871,772.84521484375,9774000
2021-11-01,777.7160018432744,787.4577471690774,772.0333170698892,786.6459350585938,9902800
2021-11-02,791.5167808532715,792.3285929361979,773.6569150288899,779.339599609375,10201200
2021-11-04,761.4797528381673,779.3396191094249,757.4206923219724,762.2915649414062,13568900
2021-11-05,761.4798069121217,776.09242580809,758.2325582685733,767.9743041992188,11386300
2021-11-08,781.7750787793975,806.9412547317977,776.9042060144169,787.457763671875,22028700
2021-11-09,798.011304605364,800.4467409368148,786.6459350585938,786.6459350585938,12916000
2021-11-10,796.3876803843968,800.4467409368148,785.0223108376266,786.6459350585938,10052900
2021-11-11,774.4688392446822,778.5279002470128,767.1625294404871,772.84521484375,13661000
2021-11-12,773.6569736846076,790.705028718581,772.8451615401326,788.2695922851562,8611200
2021-11-15,788.2695757993718,793.1404485643525,780.9632666519008,787.457763671875,8747300
2021-11-16,793.1405727638205,805.3177565831218,789.0815114907201,799.6350708007812,10303800
2021-11-17,806.9412658205069,826.4247571481651,802.8822051272449,815.0593872070312,17019300
2021-11-18,784.2106419406903,787.4578909756414,754.1735883673927,757.4208374023438,25240600
2021-11-19,763.1034063574929,783.3987097180644,761.4797820886471,781.7750854492188,12804100
2021-11-22,746.8671875,753.3616847826087,729.007319972826,746.8671875,20266400
2021-11-24,763.1034568267344,780.1515127771188,761.4798324505073,775.2806396484375,14233000
2021-11-25,772.033338041521,793.140453487451,772.033338041521,790.7050170898438,10050700
2021-11-26,787.4578009354441,792.328673930921,767.9743089535361,771.2215576171875,12193900
2021-11-29,738.749025132921,774.468758216271,737.9372130173904,759.8561401367188,14976100
2021-11-30,767.9744011910519,781.7752096691153,759.0444662934816,760.6680908203125,16998800
2021-12-01,756.6089244590385,767.1624824182311,738.7490571434818,761.4797973632812,11703000
2021-12-02,750.9261934545711,753.3616297576671,733.8781393328998,741.1844482421875,13816700
2021-12-03,733.0663740534613,755.7971143341888,731.4427497476951,752.5498657226562,11451000
2021-12-06,760.6680110298971,776.0924424168427,760.6680110298971,768.7861328125,9554500
2021-12-07,780.1514593668787,793.140453487451,778.5278351018071,790.7050170898438,11021200
2021-12-08,806.9412628266399,809.3766992335613,795.5758929276732,802.8822021484375,11721300
2021-12-09,797.1995171989541,807.7530749622804,792.3286443851113,802.8822021484375,7125900
2021-12-10,803.6939646506164,819.1183942752242,799.6349042230881,800.4467163085938,14846300
2021-12-13,811.0004137033387,811.0004137033387,800.4468547662582,801.2586669921875,8796200
2021-12-14,792.3286743164062,799.6349838131764,789.0814256511751,792.3286743164062,8409400
2021-12-15,798.8232303143997,806.9413525736924,798.0114180884704,801.2586669921875,7287300
2021-12-16,808.5649435796087,822.3657508495418,808.5649435796087,820.7421264648438,10983400
2021-12-17,828.0483844072006,832.9192572566548,820.7420751330195,827.236572265625,11581400
2021-12-20,811.8121444749293,814.247580908354,786.6459679962064,788.2695922851562,13200800
2021-12-21,799.6349885901626,802.8822372747927,792.3286790497449,795.575927734375,7457100
2021-12-22,805.3176154208543,811.0003002070902,803.6939911962154,807.7530517578125,7489600
2021-12-23,819.1184067670036,836.1664608226102,819.1184067670036,828.04833984375,11184300
2021-12-24,832.1074686304603,836.9783416175654,819.11847399818,822.36572265625,6404400
2021-12-27,823.9893587320157,824.8011709081064,810.1885517384746,819.9302978515625,5405900
2021-12-28,823.1774672564338,832.9192124310662,823.1774672564338,828.04833984375,10611900
2021-12-29,847.2470844348351,848.0818106263964,831.3872867951682,840.5692749023438,6620700
2021-12-30,834.726177527757,840.5692607704514,831.387272817646,836.3956298828125,5036500
2022-01-04,848.9165225457289,850.5859749007844,834.726177527757,836.3956298828125,6635600
2022-01-05,845.5776179572044,855.5943320889778,843.0734394242611,847.2470703125,10428200
2022-01-06,851.4207154548384,853.9248940297056,825.5442035145443,829.7178344726562,12511500
2022-01-07,840.5692931359307,860.6027221679688,839.7345669262625,860.6027221679688,13425000
2022-01-11,857.2638081409278,859.7679867430923,840.5692841264989,850.5859985351562,9143100
2022-01-12,868.9498797023998,909.8514590543859,868.1151535931756,908.1820068359375,19142400
2022-01-13,924.8766528830324,933.2239150931681,909.8515809047882,919.0335693359375,13376500
2022-01-14,913.1905380823505,914.8599906199781,898.1654652437012,909.0169067382812,10351900
2022-01-17,944.0752086282732,952.422469535685,928.2154129041908,937.3973999023438,12398800
2022-01-18,957.430893933084,967.4476077318609,944.910001684613,953.2572631835938,14551000
2022-01-19,959.9351340632611,964.9434912844607,939.9017051784626,942.4058837890625,14095100
2022-01-20,926.5461886547546,935.7281779116936,913.1905679173888,933.2239990234375,11822100
2022-01-21,876.462454029087,883.9749893493363,853.924848068339,877.2971801757812,19888000
2022-01-24,889.8181106803414,919.0335270722851,887.3139321324605,917.3640747070312,16043100
2022-01-25,909.0168921054225,922.3725121914525,904.0085345731612,915.6947021484375,12567700
2022-01-26,942.4058115650599,949.0836206815528,910.6862182617188,910.6862182617188,11076600
2022-01-27,928.2154481823251,942.405792264249,910.6861996105365,912.3556518554688,13943300
2022-01-28,932.3890433578966,938.2321259930849,918.1986998152967,937.3973999023438,10993600
2022-01-31,943.2406692835159,969.9519094756155,938.2323117474973,964.1088256835938,14016200
2022-02-01,959.9350810371707,961.6045333520179,927.3807608976492,930.7196655273438,11927700
2022-02-02,929.8850871054276,951.5879706464879,915.6947401747343,949.9185180664062,14638500
2022-02-03,945.7448531625994,959.1004733308267,943.2406743810567,958.2657470703125,7280700
2022-02-04,980.8031604129968,984.9767908828394,960.7697341577526,969.9517211914062,10722200
2022-02-07,981.6380193083208,986.6463765496899,974.9602096531622,979.9685668945312,11755800
2022-02-08,969.9517735072544,982.4726655921157,960.7697859783561,981.637939453125,7971900
2022-02-09,952.4226726608476,963.2741141547924,935.728147285548,957.4310302734375,17968800
2022-02-10,966.6129957784817,972.4560795180754,951.5879233052411,954.0921020507812,14086100
2022-02-14,988.3158418000821,1018.3659856385982,987.4811155823456,1016.696533203125,25403800
2022-02-15,1001.6714099307619,1006.6797669804157,978.2990770323775,983.3074340820312,17149600
2022-02-16,944.9101603261616,949.9185180664062,924.8767293651829,949.9185180664062,21301900
2022-02-17,959.9352349175347,989.150655110677,944.9101616753472,976.6297607421875,19359000
2022-02-18,970.7866181256389,971.6213443665036,939.9017472136452,944.0753784179688,13907500
2022-02-21,951.5878910582576,961.6046057009761,933.2239142132737,940.7364501953125,8568400
2022-02-22,955.7615262176354,963.2740622315731,939.901727965989,956.5962524414062,11075800
2022-02-24,955.7615364887929,1025.8785400390625,953.257357790569,1025.8785400390625,31552800
2022-02-25,971.6213619876218,980.8033508036559,945.7448480515253,964.1088256835938,21476200
2022-02-28,988.315664556962,1009.1838162579114,976.6294996044304,989.150390625,20411900
2022-03-01,1018.3659480168269,1032.5562931941106,1001.6714242788461,1020.035400390625,22540600
2022-03-02,1064.276097538261,1112.6902258968644,1044.2426651140115,1098.4998779296875,34172200
2022-03-03,1110.1857821146646,1147.7484589531307,1109.3510559626986,1121.8719482421875,35553900
2022-03-04,1105.1774900517717,1130.2192760801352,1094.3260494394808,1116.0289306640625,24135500
2022-03-07,1201.1712478936888,1202.0059742647059,1164.4432875689338,1191.9892578125,32930600
2022-03-08,1194.4930231491192,1199.5013796403105,1111.8551410444632,1119.36767578125,33794500
2022-03-09,1135.227747804559,1153.591726077868,1111.0206855351971,1116.86376953125,21006400
2022-03-10,1035.895171891737,1123.5414193120691,1035.895171891737,1120.2025146484375,28524100
2022-03-11,1140.2361004946044,1165.277888938849,1136.0624690872303,1160.26953125,19834800
2022-03-14,1160.2693904131308,1171.1208307551242,1125.210890846691,1161.9388427734375,18516000
2022-03-15,1111.8554352441934,1120.2026982715522,1058.432951869097,1082.6400146484375,23768300
2022-03-16,1044.2424324922783,1082.63983608512,1038.399349336846,1076.7967529296875,16427500
2022-03-17,1060.1022121215265,1100.1690673828125,1058.432759818973,1100.1690673828125,14387900
2022-03-18,1109.3510268137006,1134.3928107146871,1102.6732177734375,1102.6732177734375,20161700
2022-03-22,1164.4431037504085,1215.3614043445123,1162.7736512719132,1197.8321533203125,26264900
2022-03-23,1191.9890590933867,1222.0392034402787,1181.9723443110893,1220.3697509765625,16842700
2022-03-24,1252.089318135375,1276.296378285992,1225.3780793484868,1244.5767822265625,16838100
2022-03-25,1227.0473184893208,1259.601635102303,1225.3778663553219,1242.0723876953125,13038700
2022-03-28,1270.4532088216147,1285.4782796223958,1244.576697998047,1252.0892333984375,16716100
2022-03-29,1218.7003327426532,1262.1060980184188,1214.5267014661372,1260.4366455078125,11755000
2022-03-30,1239.5684735023813,1252.9240934189052,1208.6836024454194,1218.7003173828125,21396200
2022-03-31,1231.2211545308433,1232.8906069437662,1183.6417607625326,1202.0057373046875,16916400
2022-04-01,1189.4849200581396,1193.6585513565892,1172.7903948643411,1184.4765625,10442100
2022-04-04,1191.9890867969286,1220.3697793397125,1186.1460030381202,1217.8656005859375,9173400
2022-04-05,1242.0723876953125,1250.419648365308,1227.8820445563204,1242.0723876953125,13288400
2022-04-06,1227.0473539869774,1247.9155062656675,1222.8737235312394,1227.882080078125,12891200
2022-04-07,1206.1794157127886,1217.8655830622552,1175.2945448606272,1197.8321533203125,12769000
2022-04-08,1201.170954914014,1209.5182165881906,1191.1542409050019,1207.0140380859375,7700300
2022-04-11,1227.0473539869774,1249.5849584479627,1224.5431757135345,1227.882080078125,10272500
2022-04-12,1207.8487548828125,1239.5683489986016,1193.6584101468015,1207.8487548828125,10208200
2022-04-13,1243.7420553711581,1270.4532941442299,1240.403150524524,1266.2796630859375,17411200
2022-04-14,1281.3045596168154,1318.032507905506,1272.957298642113,1314.693603515625,14490500
2022-04-15,1328.0494390954234,1339.7356063784755,1311.354914405349,1317.197998046875,10701800
2022-04-18,1361.4384584836362,1367.2815419964413,1328.0494098390343,1341.405029296875,11888300
2022-04-19,1354.7605647903551,1399.835777666929,1348.9174816396883,1392.3232421875,17723100
2022-04-20,1360.6036846454326,1389.819101186899,1353.9258751502402,1378.1329345703125,14166300
2022-04-21,1369.7856164639884,1377.2981518376482,1337.231296511462,1372.289794921875,12637700
2022-04-22,1358.9341165344044,1360.6035687660192,1315.5283585124212,1323.0408935546875,13548200
2022-04-25,1269.6186713092495,1309.6855327312376,1262.9408610722514,1267.94921875,15171900
2022-04-26,1247.9155631732615,1256.2628244653904,1193.658364774424,1222.873779296875,22446500
2022-04-27,1235.3947188719876,1248.7503374543874,1207.0140293843879,1229.5516357421875,17639800
2022-04-28,1237.0643452377917,1278.8006591796875,1231.2212612859264,1278.8006591796875,12521400
2022-05-02,1277.1311602254552,1287.982601456129,1256.263004012621,1272.122802734375,9808000
2022-05-06,1334.7273043941645,1355.5954611232792,1308.8507900500626,1333.892578125,17344900
2022-05-09,1344.7440196241396,1358.9343661999374,1323.0411366258604,1333.892578125,14038100
2022-05-10,1270.4531107266528,1282.9740020938668,1206.1792017082873,1227.882080078125,21691500
2022-05-11,1197.8319961485909,1243.7419332832058,1195.32781775943,1233.7252197265625,12746000
2022-05-12,1260.4366191724264,1266.2797028374641,1228.71702213365,1230.386474609375,15502500
2022-05-13,1239.5684160802407,1239.5684160802407,1206.179367835655,1223.7086181640625,14008100
2022-05-16,1243.7421135280442,1257.9324597897737,1224.543409762175,1228.717041015625,11879900
2022-05-17,1265.4450641202773,1308.0161051955638,1249.5852645039943,1297.9993896484375,13927800
2022-05-18,1306.34637786964,1311.354734589907,1274.6267853079491,1289.65185546875,12352000
2022-05-19,1232.0559602122353,1289.6520721733764,1232.0559602122353,1281.3048095703125,11012500
2022-05-20,1283.8088281313994,1283.8088281313994,1263.7754003842256,1273.7921142578125,9119300
2022-05-23,1262.1060980184188,1264.6102767843286,1246.2462991676584,1260.4366455078125,8926900
2022-05-24,1269.6184924897693,1280.4699325965196,1254.5934215727307,1262.10595703125,9381400
2022-05-25,1268.7839450296246,1272.9575764277486,1256.2630508352534,1267.94921875,7175300
2022-05-26,1279.6353675496177,1282.9742726182403,1263.7755684736603,1269.61865234375,6757200
2022-05-27,1292.991039867681,1313.8591973865268,1281.3048716571275,1308.01611328125,12299900
2022-05-30,1330.5535892532416,1338.0661252026011,1310.5201600549494,1319.7021484375,11247600
2022-05-31,1344.7438690749004,1411.5219631320028,1340.5702381963315,1401.5052490234375,33553100
2022-06-01,1371.455481620374,1376.4638400438203,1333.058067040619,1336.39697265625,22004100
2022-06-02,1333.0579023038647,1334.7273549053725,1295.4952187699425,1308.01611328125,14206500
2022-06-03,1338.9009819743344,1346.4135186562353,1321.3717297165658,1340.5704345703125,14063900
2022-06-06,1364.7774765890076,1379.8025497257674,1348.9176771668724,1353.09130859375,14947600
2022-06-07,1359.76889438047,1404.0093802013203,1354.7605374950908,1394.827392578125,13838500
2022-06-08,1409.852574986049,1464.1097788783482,1402.3400390625,1460.7708740234375,19676700
2022-06-09,1510.8543982872595,1528.3836482121394,1483.3084341195913,1508.3502197265625,21529300
2022-06-10,1494.994695004861,1505.8461361187992,1477.4654439746532,1489.151611328125,14365000
2022-06-13,1474.9610578875513,1498.3333893085198,1451.5887264665828,1453.2581787109375,15630800
2022-06-14,1435.729200634058,1445.745915987319,1399.8359706182066,1439.90283203125,18131800
2022-06-15,1416.5304829841916,1423.2082931573639,1374.794169401864,1387.3150634765625,19190700
2022-06-16,1370.6204357523443,1418.1998296852819,1366.4468047055955,1396.4969482421875,13550500
2022-06-17,1367.2815601528969,1378.9677273336908,1331.3883323833154,1361.4384765625,23768400
2022-06-20,1308.850840491706,1317.1981035050462,1219.5351262489685,1232.8907470703125,26997200
2022-06-21,1257.9323636568508,1303.007577749399,1241.2378399188701,1291.3214111328125,15442900
2022-06-22,1303.8423927687058,1305.5118452562458,1225.378125854328,1240.4031982421875,18835800
2022-06-23,1197.8320409515106,1228.716908906358,1187.8153270202088,1207.8487548828125,18315500
2022-06-24,1191.9891250758496,1212.8572820274576,1186.1460411293992,1203.67529296875,13660200
2022-06-27,1232.8906892990685,1252.0893933301304,1212.0225327435662,1248.75048828125,11732500
2022-06-28,1293.8256267987672,1311.3548772263634,1278.8005550036846,1309.6854248046875,20126800
2022-06-29,1342.874362192623,1368.4042930327869,1293.5164959016392,1297.771484375,19348400
2022-06-30,1263.731517558195,1270.5394987975658,1241.60557853024,1250.966552734375,12003900
2022-07-01,1225.4365906671399,1227.1385859319553,1194.8006759004613,1199.0556640625,15833100
2022-07-04,1220.330812904095,1237.3507684536637,1204.1618551320043,1233.94677734375,10309700
2022-07-05,1254.3704858694964,1268.837445340176,1239.0525287828948,1261.178466796875,10991900
2022-07-06,1171.8236538199492,1191.396597928779,1129.2737753224926,1134.3797607421875,24720800
2022-07-07,1129.2740343490168,1142.889998591356,1100.3401103340457,1138.635009765625,19518000
2022-07-08,1164.1646445994816,1193.949558752246,1153.9526740328195,1169.2706298828125,17505000
2022-07-11,1204.1617560318732,1221.1817101807337,1192.247788127671,1194.80078125,9373700
2022-07-12,1178.6318976317832,1192.2478617921504,1159.9099469112782,1182.035888671875,10549000
2022-07-13,1131.826734863996,1169.2706268444592,1129.2737422289645,1162.462646484375,11148900
2022-07-14,1152.2509354888052,1178.6318653264366,1146.2939513319207,1173.52587890625,8977800
2022-07-15,1170.1219283808216,1170.1219283808216,1138.6350110353014,1145.4429931640625,9386000
2022-07-19,1195.651673532869,1210.1186332838006,1185.4397019439762,1199.0556640625,11126800
2022-07-20,1219.479626447675,1219.479626447675,1201.6086758856366,1210.11865234375,7616100
2022-07-21,1221.1817746782033,1226.2877611925373,1204.1618196304235,1205.0128173828125,6338700
2022-07-22,1191.3966064453125,1199.9065822056361,1182.8866306849889,1191.3966064453125,7050800
2022-07-25,1178.63179232845,1197.3537413762665,1176.078799276475,1186.290771484375,5000800
2022-07-26,1211.8205620659721,1231.3935065375433,1206.7145765516493,1225.4365234375,9379700
2022-07-27,1231.3934922565293,1239.0524704391892,1213.5225431636566,1227.989501953125,5661900
2022-07-28,1251.8174978747707,1280.7514169283004,1240.7545288248916,1274.79443359375,20221000
2022-07-29,1278.198457510465,1301.1753938305599,1274.794466944525,1283.304443359375,10689800
2022-08-01,1293.5165068891104,1296.0694999948125,1274.7945574472942,1281.6025390625,7338900
2022-08-02,1238.201647416306,1256.0725990285002,1238.201647416306,1247.5626220703125,7331600
2022-08-03,1250.966540535586,1263.7315052349288,1247.5625499490948,1260.3275146484375,6201900
2022-08-04,1225.4365613957598,1232.244542292403,1204.16162109375,1204.16162109375,11498100
2022-08-05,1153.952965135676,1202.4598375639457,1152.2509696118773,1195.65185546875,10967400
2022-08-08,1210.1186213075182,1260.3274811226684,1210.1186213075182,1251.8175048828125,12394400
2022-08-09,1319.0463718480694,1319.8973695073262,1269.688507611174,1271.3905029296875,25922800
2022-08-10,1276.4964553545108,1281.6024411759288,1250.1155286105175,1262.8804931640625,12836000
2022-08-12,1281.602343169097,1294.3673067464783,1274.7943625944936,1287.559326171875,12072300
2022-08-15,1260.3276689760962,1277.3476239926538,1253.519686969473,1268.837646484375,8301800
2022-08-16,1243.3076335912187,1253.519605941044,1237.3506497204874,1247.5626220703125,9806800
2022-08-17,1239.903628355147,1253.5195913295343,1230.5426538102556,1250.1156005859375,9828000
2022-08-18,1261.1786491590199,1269.6886265487567,1253.5196695082566,1257.774658203125,8158200
2022-08-19,1267.986557712031,1276.4965346094273,1262.8805715735934,1270.53955078125,10795500
2022-08-22,1276.496559807786,1320.7484405477892,1274.794564394709,1308.83447265625,14723700
2022-08-23,1338.6194907986387,1368.4044127172353,1330.960510876714,1334.364501953125,22090600
2022-08-24,1384.5732345341887,1403.2951836182406,1353.937317851195,1357.34130859375,17641600
2022-08-25,1363.2983692140508,1370.957348816377,1343.7254213414396,1358.1923828125,9632200
2022-08-26,1344.5764013641028,1369.255335313191,1342.0234081969559,1347.12939453125,9212000
2022-08-29,1336.0664113043542,1359.894347302139,1336.0664113043542,1356.4903564453125,11192400
2022-08-30,1387.1261837076725,1425.4210783499088,1384.5731907315233,1415.2091064453125,16974300
2022-08-31,1371.8082254081594,1376.0632137003684,1345.427297996464,1365.000244140625,17590800
2022-09-01,1351.3843466502087,1359.0433259448257,1325.00341796875,1325.00341796875,13334800
2022-09-02,1313.9404296875,1327.5563926894429,1285.8575059959926,1313.9404296875,13329500
2022-09-05,1321.5993507993253,1328.4073320011248,1308.8343860459513,1324.15234375,8463500
2022-09-06,1335.215371878036,1338.6193626285217,1313.0894319998786,1313.9404296875,9773400
2022-09-07,1273.9434670410158,1285.006436360677,1262.8804977213542,1276.4964599609375,12838000
2022-09-08,1234.7977364512597,1277.3476239926538,1233.0957409496039,1268.837646484375,14326800
2022-09-09,1268.83748345413,1284.15544100086,1264.582495246705,1283.304443359375,11724300
2022-09-12,1291.8144930247404,1297.7714768529177,1264.5825669530727,1270.53955078125,10010200
2022-09-13,1293.5164629744224,1298.6224490124794,1280.7514978792801,1289.261474609375,7293000
2022-09-14,1281.6025119179174,1305.4304470664576,1275.6455281307824,1293.5164794921875,10924800
2022-09-15,1314.7915482521057,1318.1955393155417,1298.6225907007854,1307.132568359375,8472200
2022-09-16,1279.900452793435,1285.8574362838299,1273.092471661555,1283.304443359375,10340300
2022-09-20,1285.8574818976288,1305.4304283461036,1281.6024935392647,1282.4534912109375,6961900
2022-09-21,1282.4534912109375,1299.4734446443938,1279.900498195919,1282.4534912109375,7631800
2022-09-22,1263.7314528357201,1285.0063931191496,1256.0724743336855,1284.1553955078125,8250300
2022-09-26,1234.7974679385914,1241.6054484647864,1156.5056918873506,1157.356689453125,19341500
2022-09-27,1133.528934286327,1175.2278215085719,1121.6149665085427,1147.1448974609375,12644800
2022-09-28,1157.356695130814,1176.9296392396438,1126.7207826126453,1134.3797607421875,14780600
2022-09-29,1159.9096538493434,1170.9726219344802,1145.4426955841645,1162.462646484375,12078000
2022-09-30,1162.4627204990456,1165.8667108958218,1147.1447637135532,1156.5057373046875,9871300
2022-10-03,1159.0586985560826,1193.0986015973772,1155.654708251953,1191.3966064453125,11238400
2022-10-04,1224.5857607256355,1256.9236751853814,1222.883765227754,1255.2216796875,13203800
2022-10-05,1273.9434479519114,1278.1984360880233,1258.6254906619085,1265.4334716796875,11614700
2022-10-06,1290.96337890625,1316.4933072959584,1282.4534027763473,1290.96337890625,12770700
2022-10-07,1299.4733962402345,1303.7283844401043,1276.4964599609375,1276.4964599609375,10354200
2022-10-11,1279.0494818629988,1296.0694350481351,1269.688507611174,1271.3905029296875,9135200
2022-10-12,1255.2215410089816,1259.4765292835884,1239.9035832203974,1250.966552734375,9099500
2022-10-13,1264.5823974609375,1269.6883829150192,1255.2214241284541,1264.5823974609375,8527500
2022-10-14,1290.1125160815072,1292.6655091872096,1275.645555149195,1281.6025390625,8438600
2022-10-17,1251.8174594381583,1256.0724474036176,1238.201497948688,1252.66845703125,9311700
2022-10-18,1247.5625621146896,1254.3705433540604,1235.6485949457908,1250.966552734375,9515000
2022-10-19,1247.5624204071403,1248.4134179653988,1231.3934668002264,1239.9034423828125,8132200
2022-10-20,1251.8175690047096,1269.6885200238114,1245.8605853316756,1262.029541015625,9483200
2022-10-21,1254.3705620074384,1267.1355270210827,1254.3705620074384,1262.029541015625,5200000
2022-10-24,1270.5394718961895,1273.0924648068985,1262.0294955271595,1262.8804931640625,5691700
2022-10-25,1262.0295613877317,1287.559491827133,1255.2215799372248,1279.9005126953125,6348000
2022-10-26,1275.6455515611892,1277.3475469602035,1264.5825814675966,1267.986572265625,7557600
2022-10-27,1282.4533407409224,1296.9202994619548,1279.0493504536207,1287.559326171875,8142800
2022-10-28,1283.3043784075242,1286.708368801178,1272.2414096281489,1273.0924072265625,12826200
2022-10-31,1273.9435021924407,1296.069441442276,1269.6885138751647,1291.814453125,6101100
2022-11-01,1298.622426331159,1314.7913818359375,1296.0694333567203,1314.7913818359375,6923100
2022-11-02,1324.152382751081,1361.5962804638364,1323.3013850757911,1353.0863037109375,10395300
2022-11-04,1361.596203390497,1365.0001938989733,1334.3642793226873,1352.2352294921875,8912600
2022-11-07,1375.2122638306953,1379.4672522707654,1359.8943054464423,1370.957275390625,11138600
2022-11-08,1381.169044823922,1401.5929863370297,1371.8080716304141,1399.8909912109375,11464700
2022-11-09,1359.8943782796837,1374.361339750744,1336.0664417391133,1358.1923828125,13338500
2022-11-10,1324.152238649103,1334.3642096412557,1312.238272491592,1328.4072265625,10985600
2022-11-11,1341.172315666826,1347.980296964627,1316.4933834622968,1335.21533203125,9854100
2022-11-14,1345.427297529202,1346.2782951873482,1314.7913818359375,1314.7913818359375,8157300
2022-11-15,1301.1755061721053,1313.0894741815293,1296.920517597311,1299.4735107421875,8328200
2022-11-16,1325.00341796875,1336.9173857603764,1318.1954363735347,1325.00341796875,7407500
2022-11-17,1316.4935126870366,1333.513467602189,1305.4305419921875,1305.4305419921875,7790800
2022-11-18,1306.2812784218647,1314.791254177056,1298.6223002421925,1301.17529296875,6823100
2022-11-21,1295.2185022929118,1297.771495398614,1273.0925620434928,1281.6025390625,9428400
2022-11-22,1283.3045991870085,1304.5795428074828,1283.3045991870085,1298.62255859375,6309400
2022-11-24,1283.304630915324,1312.2385549545288,1281.602635383606,1307.132568359375,7466000
2022-11-25,1319.8974787329164,1330.96044921875,1308.8345082470828,1330.96044921875,6250200
2022-11-28,1325.8543934447603,1330.1093818704494,1290.1124906689708,1300.324462890625,11443100
2022-11-29,1300.3243789967423,1322.4503173828125,1292.665400324641,1322.4503173828125,7763600
2022-11-30,1311.387449340422,1317.3444332115337,1304.5794677734375,1304.5794677734375,9870100
2022-12-01,1307.98345855693,1314.7914401239145,1302.8774723816914,1304.5794677734375,5533300
2022-12-02,1291.8143083041082,1291.8143083041082,1268.8373739666833,1273.943359375,12081500
2022-12-05,1279.900467192691,1288.4104437032806,1275.645478937396,1280.75146484375,5707400
2022-12-06,1250.9666020557133,1267.9865558251788,1248.4136089902936,1263.7315673828125,7523300
2022-12-07,1242.4564350575884,1252.668405756692,1235.6484545915196,1239.9034423828125,10741100
2022-12-08,1229.691650390625,1232.2446434364188,1220.3306758893814,1229.691650390625,8689400
2022-12-09,1214.3736717138397,1224.5856437254488,1209.2676857080353,1211.8206787109375,11722400
2022-12-12,1205.0127137639959,1217.7776789521738,1199.9067276887247,1216.07568359375,9923300
2022-12-13,1230.5425089518228,1236.4994920518664,1223.734528266059,1225.4365234375,6975300
2022-12-14,1238.2017219025768,1246.7116993726975,1234.7977309145283,1241.605712890625,6810000
2022-12-15,1242.4566251709807,1263.7315673828125,1242.4566251709807,1263.7315673828125,5441100
2022-12-16,1254.370512169778,1259.4764979723689,1244.1585405645967,1249.2645263671875,8811100
2022-12-19,1233.9464013740358,1235.6483964104136,1211.820465901122,1213.5224609375,8053800
2022-12-20,1212.6715486699884,1233.9464881203392,1193.9496019536798,1198.20458984375,10162000
2022-12-21,1207.5657468616453,1215.2247262286326,1194.80078125,1194.80078125,7720700
2022-12-22,1219.479585585286,1226.2875665236547,1208.416616560437,1224.5855712890625,5889200
2022-12-23,1213.5226284950659,1216.926619037829,1202.4596592310854,1212.671630859375,5839100
2022-12-26,1228.8407771993711,1250.966719171105,1226.2877838949403,1243.3077392578125,5505700
2022-12-27,1250.115723895962,1261.1786949038908,1243.3077417372365,1256.9237060546875,5135100
2022-12-28,1254.3704977547693,1259.476483498683,1239.9035381470142,1251.8175048828125,7519200
2022-12-29,1227.4597169692906,1234.4190916934256,1223.1101077667063,1231.809326171875,8552000
2022-12-30,1230.939279900581,1239.6384974263801,1214.4107666015625,1214.4107666015625,6258600
2023-01-04,1165.695214624626,1176.1342762481302,1159.6057620109154,1163.08544921875,9761100
2023-01-05,1138.7277585489846,1165.695337246478,1131.7683834012446,1150.0367431640625,8270900
2023-01-06,1155.2562021801252,1186.5733883838034,1154.3862803411344,1179.614013671875,8512800
2023-01-10,1189.1832761534977,1198.7524173661445,1183.9637445829628,1192.6629638671875,5806500
2023-01-11,1191.7929444776737,1208.3214597660503,1191.7929444776737,1198.7523193359375,5352200
2023-01-12,1210.9312985838098,1220.5004395927335,1205.7117671243968,1217.020751953125,5402700
2023-01-13,1235.2890131856775,1239.6386223870354,1219.6304200607885,1223.110107421875,7275100
2023-01-16,1217.0205820070091,1228.3295652565382,1208.321364122756,1226.5897216796875,4422800
2023-01-17,1229.199609375,1237.898828125,1226.58984375,1235.2890625,4782800
2023-01-18,1242.248340791869,1263.1264641665223,1237.0288099482057,1254.42724609375,6308100
2023-01-19,1228.3297850871375,1237.898926472377,1217.8907217577848,1229.19970703125,5728700
2023-01-20,1244.8580334125336,1254.4271727329653,1240.5084246305191,1253.5572509765625,4530000
2023-01-23,1260.5168455352155,1264.866455078125,1252.6875483579781,1264.866455078125,4389300
2023-01-24,1262.2565682802663,1282.2647702585198,1262.2565682802663,1277.9151611328125,6114300
2023-01-25,1274.435449683148,1284.8745113870373,1271.8256842571757,1280.52490234375,3472800
2023-01-26,1285.7444823557123,1288.3542478814682,1274.4354984107704,1284.004638671875,4038300
2023-01-27,1290.094140625,1293.5738281249999,1266.60625,1274.435546875,4495500
2023-01-30,1272.695703125,1277.915234375,1257.90703125,1261.38671875,4482500
2023-01-31,1252.6875,1254.4273437499999,1232.6792968749999,1235.2890625,5550500
2023-02-01,1246.5979736838879,1255.2971919231334,1242.248364564265,1247.4678955078125,3924100
2023-02-02,1230.0694088333887,1236.1588613523659,1217.8905037954344,1226.5897216796875,5352300
2023-02-03,1200.4921629614666,1204.841772247559,1182.2238039598792,1194.4027099609375,8355300
2023-02-06,1204.8417728597467,1224.8499755859375,1199.622241713784,1224.8499755859375,6476100
2023-02-07,1223.9801764099384,1232.6793958584808,1216.15087890625,1216.15087890625,4384000
2023-02-08,1237.0289555286329,1250.0777841734496,1225.719970703125,1225.719970703125,6556900
2023-02-09,1230.939404331358,1238.76870089601,1223.9800296072233,1231.809326171875,5523700
2023-02-10,1217.8905514425664,1225.7198478446971,1203.1018804607638,1212.6710205078125,9766000
2023-02-13,1250.0776390407395,1283.1346677697222,1248.3377954234247,1280.52490234375,14078500
2023-02-14,1285.7444821895183,1290.9640132403551,1277.0452637714566,1279.655029296875,5816400
2023-02-15,1286.614428443935,1288.3542721605595,1264.8663819861265,1272.6956787109375,5274900
2023-02-16,1272.6957764674507,1275.3055422428454,1260.516869515609,1270.9559326171875,5307300
2023-02-17,1248.3377444462253,1252.6873533118915,1238.7686049417593,1250.947509765625,7412100
2023-02-20,1224.8498312587658,1240.5084228515625,1218.7603789726782,1240.5084228515625,6426400
2023-02-21,1249.2078125,1280.5249999999999,1243.98828125,1274.435546875,7786700
2023-02-22,1270.9559084381985,1275.305517981108,1259.6469236266335,1264.866455078125,5952200
2023-02-24,1274.4354974052883,1274.4354974052883,1256.1671387394103,1257.906982421875,5558400
2023-02-27,1270.955859375,1272.695703125,1257.037109375,1257.037109375,5072200
2023-02-28,1250.9476317507524,1266.606225194086,1246.5980224609375,1246.5980224609375,7771700
2023-03-01,1249.2079313426907,1284.004809653072,1248.3380093849312,1283.1348876953125,9290200
2023-03-02,1291.8340088384837,1296.1836182958523,1283.1347899237464,1289.2242431640625,5912200
2023-03-03,1296.1833779341937,1319.6712646484375,1294.4435344738795,1319.6712646484375,10052400
2023-03-06,1325.7610619382315,1326.630983894884,1298.7934812820076,1300.5333251953125,7226900
2023-03-07,1304.8828125,1339.6796875,1304.012890625,1339.6796875,9345100
2023-03-08,1325.7607639828657,1326.6306857440093,1305.7525634765625,1305.7525634765625,9186900
2023-03-09,1309.2322985757917,1310.9721421619388,1292.703784507393,1296.1834716796875,5842900
2023-03-10,1286.6144040313243,1290.094091398549,1276.1753419296504,1279.655029296875,7033100
2023-03-13,1278.7851076203633,1286.6144041976308,1272.695654726933,1284.004638671875,4956700
2023-03-14,1242.2485624579974,1242.2485624579974,1211.8012937703013,1213.5411376953125,10190500
2023-03-15,1218.760645445898,1225.720021008758,1204.8418943201775,1207.45166015625,8161400
2023-03-16,1143.9472898182873,1172.6547123004193,1137.8578365645017,1154.3863525390625,10924500
2023-03-17,1166.565161567162,1182.2237543398755,1163.0854742843367,1173.5245361328125,9255400
2023-03-20,1150.036694354391,1170.0448970549592,1143.947241358566,1150.9066162109375,6721000
2023-03-22,1185.703539878912,1198.7523682708295,1180.484008522145,1193.5328369140625,8457400
2023-03-23,1168.3051498713587,1197.0125735092997,1166.5653060145137,1192.6629638671875,5289300
2023-03-24,1171.7848628481845,1187.4434578973808,1169.1750970066519,1177.00439453125,5017500
2023-03-27,1183.0937994094122,1184.8336432320732,1163.9555173601423,1169.175048828125,4919900
2023-03-28,1200.492113669307,1214.410862813299,1189.1831299898136,1190.9229736328125,8733000
2023-03-29,1204.841844871418,1227.4598145224338,1202.2320791424547,1225.719970703125,8429900
2023-03-30,1222.240283412538,1227.4598148719508,1210.9312985838098,1217.020751953125,5260600
2023-03-31,1230.9394778536316,1235.289087316012,1212.6711181116343,1215.2808837890625,8959400
2023-04-03,1278.7852049456199,1291.8340335675139,1272.695751588736,1282.264892578125,15717600
2023-04-04,1301.4032228524784,1308.3625983757536,1280.5250962826524,1298.79345703125,12077100
2023-04-05,1293.5738281249999,1293.5738281249999,1270.0859375,1274.435546875,7427100
2023-04-06,1270.085887855806,1273.5655752197945,1245.7280763078866,1249.207763671875,7077900
2023-04-07,1248.3379398303084,1257.0371589232027,1237.8988769188356,1238.768798828125,5163400
2023-04-10,1249.2078125,1263.996484375,1249.2078125,1257.037109375,4149100
2023-04-11,1259.6469473428972,1278.7852296920296,1251.8176500182522,1275.3055419921875,6355300
2023-04-12,1291.8340086745193,1309.2324465017855,1276.1754146299797,1297.9234619140625,10827300
2023-04-13,1311.842089126169,1313.5819327456998,1298.7932619796886,1302.27294921875,6513900
2023-04-14,1309.232349068202,1322.2811764675528,1305.7526617617084,1317.0616455078125,7875300
2023-04-17,1317.931616016015,1318.8015378747714,1302.273022558399,1307.4925537109375,5826100
2023-04-18,1290.094091398549,1290.9640132403551,1276.1753419296504,1279.655029296875,9343000
2023-04-19,1286.614453125,1294.44375,1280.5249999999999,1291.833984375,6443300
2023-04-20,1284.0046385059059,1285.7444821895183,1277.0452637714566,1279.655029296875,6031200
2023-04-21,1265.7363035929136,1272.6956784580293,1257.9070068696585,1259.6468505859375,7221200
2023-04-24,1261.3866942175048,1263.9964597917478,1255.2972412109375,1255.2972412109375,4890000
2023-04-25,1269.2160402415288,1269.2160402415288,1257.9070556471904,1258.7769775390625,7227100
2023-04-26,1261.3867676118227,1263.9965333379162,1246.5980951639601,1260.516845703125,5153600
2023-04-27,1235.2890863760115,1264.8664306976907,1233.5492425923833,1263.1265869140625,6514800
2023-04-28,1266.6064671906822,1281.3951416015625,1263.996701118174,1281.3951416015625,6935700
2023-05-01,1298.7933101512385,1301.4030756773295,1288.354248046875,1288.354248046875,4988900
2023-05-02,1281.3949703411915,1290.964111328125,1281.3949703411915,1290.964111328125,4829100
2023-05-08,1261.3867674437972,1269.2160646210348,1250.0777826322324,1264.866455078125,11372400
2023-05-09,1275.305395657388,1282.2647702585198,1271.8257083568224,1277.9151611328125,5677500
2023-05-10,1282.264819068019,1288.3542720758048,1268.3460693359375,1268.3460693359375,7722300
2023-05-11,1289.2241697233867,1308.3624502455964,1270.9558110430958,1284.004638671875,10531200
2023-05-12,1284.0046875,1297.9234374999999,1264.86640625,1270.0859375,10555900
2023-05-15,1281.3949710032978,1284.874658636708,1269.216064286362,1273.565673828125,4776100
2023-05-16,1297.9234620787997,1310.1023685594319,1288.3543212725888,1289.2242431640625,8211100
2023-05-17,1278.7852779065147,1289.224341399629,1271.8259022444386,1283.1348876953125,5681800
2023-05-18,1304.8829106141159,1315.3219738990288,1298.79345703125,1298.79345703125,7606500
2023-05-19,1307.492578125,1308.3625,1295.313671875,1304.8828125,7093300
2023-05-22,1298.7931893874136,1309.232250521137,1297.0533458651264,1305.7525634765625,4047000
2023-05-23,1307.492553791886,1320.5413816740406,1300.5331789214035,1311.8421630859375,7003900
2023-05-24,1322.2813455811333,1357.0782230964262,1320.5415017053685,1350.98876953125,12742800
2023-05-25,1357.0779542110427,1370.126780693841,1345.768971259284,1357.9478759765625,8420900
2023-05-26,1342.2895279183126,1346.639137535676,1314.4520263671875,1314.4520263671875,8775000
2023-05-29,1330.110692596932,1343.1595221515126,1323.1513168344889,1337.070068359375,6313000
2023-05-30,1336.2000245579568,1336.2000245579568,1317.0617429562153,1328.3707275390625,4520200
2023-05-31,1301.403125,1308.3625,1287.484375,1287.484375,16531100
2023-06-01,1278.7849871916533,1295.3135006315454,1274.4353783916818,1292.7037353515625,5409700
2023-06-02,1302.2730468749999,1317.931640625,1295.313671875,1317.931640625,5806500
2023-06-05,1348.8138671875,1359.2529296875,1342.7244140624998,1354.9033203125,11044100
2023-06-06,1349.6838127439116,1391.4400634765625,1342.7244376218032,1391.4400634765625,12496000
2023-06-07,1390.134983513945,1401.4439664837078,1367.9519784578713,1375.3463134765625,11759200
2023-06-08,1387.9602533832015,1402.7489242121042,1370.561817113904,1380.56591796875,9176700
2023-06-09,1382.305908280068,1382.7408692329568,1374.4766111280728,1380.131103515625,7315700
2023-06-12,1381.4359129312222,1392.7448971050924,1372.301733406173,1372.7366943359375,5722200
2023-06-13,1365.7774654327877,1372.7368410528272,1356.208323955233,1370.1270751953125,8652500
2023-06-14,1389.7001953125,1400.1392578124999,1382.305859375,1391.875,8997100
2023-06-15,1384.4806883924814,1396.2246339113622,1378.3912351604693,1389.2652587890625,7249000
2023-06-16,1397.9644770916452,1431.4564698533306,1397.9644770916452,1424.0621337890625,15245400
2023-06-19,1433.1962141841234,1434.5010969284488,1393.6147709395846,1401.8790283203125,7933500
2023-06-20,1405.7937253109355,1405.7937253109355,1385.7855225373269,1390.1351318359375,5721300
2023-06-21,1378.826220124737,1397.5295410917286,1370.561962023043,1395.354736328125,5475200
2023-06-22,1422.322290159107,1436.2410403991962,1413.1881103140486,1415.3629150390625,9906700
2023-06-23,1399.2693851326387,1416.232862291536,1381.4359860681568,1388.830322265625,9546200
2023-06-26,1395.7897216112794,1410.5783942615703,1386.6555414449233,1397.0946044921875,5136000
2023-06-27,1409.7083493975395,1410.1433103199083,1389.7001469685708,1403.618896484375,6036900
2023-06-28,1391.005029959564,1411.4481933141915,1390.570069037125,1410.143310546875,12864200
2023-06-29,1425.722637071871,1432.8445734418835,1416.8202166093554,1427.9482421875,9649200
2023-06-30,1428.3932623451433,1428.838383336837,1415.0396325943318,1422.606689453125,5526500
2023-07-03,1427.5030972646566,1436.405517578125,1424.3872501549426,1436.405517578125,5512000
2023-07-04,1434.6249495705795,1439.521280456486,1428.3932557157896,1431.9542236328125,3812700
2023-07-05,1443.5274346228873,1444.4176766423896,1432.3994093791093,1438.631103515625,4888700
2023-07-06,1445.7529486586493,1454.655368293247,1434.6249241154023,1443.52734375,6176500
2023-07-07,1423.9422414258179,1431.5092992889747,1409.698367801052,1426.1678466796875,6951300
2023-07-10,1442.1920188292609,1454.6554066463038,1438.6310508815343,1439.076171875,7192100
2023-07-11,1448.8689324072805,1452.4299005975288,1443.082359098127,1447.5335693359375,4259800
2023-07-12,1464.8932603794892,1489.820037219736,1459.9969292144408,1484.9237060546875,11228700
2023-07-13,1500.9479644122996,1515.6369569465837,1493.3809076522139,1499.16748046875,8073100
2023-07-14,1508.9602674752678,1512.0761146352463,1491.6005475839595,1496.0517578125,7807400
2023-07-18,1488.4846382243936,1497.3870583094676,1481.807823160588,1486.259033203125,5184400
2023-07-19,1507.1797498246315,1520.5333802129182,1502.2834186822597,1516.972412109375,6689700
2023-07-20,1521.4236247923532,1539.2284653399524,1514.7468095870036,1536.5577392578125,5748300
2023-07-21,1555.697777429137,1580.624551545312,1532.9966081447633,1573.0574951171875,9330600
2023-07-24,1584.630766304063,1610.4477844067696,1571.2771362509388,1592.6429443359375,9436600
2023-07-25,1614.0088742463486,1658.9660988185717,1607.3320587158203,1638.04541015625,14223900
2023-07-26,1638.045246503017,1640.7159724484025,1600.655083267622,1622.9111328125,9694500
2023-07-27,1609.557621732138,1628.6978257516296,1605.1064114950468,1626.027099609375,5813200
2023-07-28,1614.0088742463486,1638.04541015625,1601.1003642206606,1638.04541015625,7933700
2023-07-31,1658.5207882578018,1661.1915141648192,1625.1367144200844,1631.368408203125,7733200
2023-08-01,1653.1791860808419,1671.8742657295752,1636.2645902081786,1646.0572509765625,7893300
2023-08-02,1646.9476967319986,1668.313504689603,1634.4843087567294,1653.62451171875,6202300
2023-08-03,1638.490371972979,1642.9415818941225,1614.0087174066887,1616.679443359375,5709600
2023-08-04,1632.2586394438872,1659.8561403016786,1630.9232764991555,1646.9476318359375,6414800
2023-08-07,1646.5026118764845,1685.6732606586231,1644.7221278409327,1674.9903564453125,7041300
2023-08-08,1682.5573821566,1697.6914961759978,1666.5330261360607,1670.093994140625,7397100
2023-08-09,1691.45980755072,1691.45980755072,1611.7831481950411,1615.3441162109375,11930800
2023-08-10,1824.9961030956476,1905.1178832315543,1808.5266260677113,1883.7520751953125,41718300
2023-08-14,1850.3679966855545,1868.172836682529,1787.60593569622,1792.9473876953125,18384400
2023-08-15,1804.520596366223,1833.4534623661748,1799.6242651970003,1802.7401123046875,11258700
2023-08-16,1744.8744109544707,1778.258487694671,1734.1915063976066,1762.234130859375,9608100
2023-08-17,1726.6243614711643,1763.1242835234034,1712.3804894507784,1741.3133544921875,11252200
2023-08-18,1740.423169878773,1761.3438575985433,1734.1914756643732,1734.6365966796875,8936100
2023-08-21,1752.8865893721188,1775.1426405322525,1751.1061052793082,1762.234130859375,6447700
2023-08-22,1766.2401223064396,1778.7035102662633,1760.4535493250928,1776.4779052734375,5624600
2023-08-23,1768.9108695897603,1774.6974426407585,1757.7828444916868,1771.136474609375,4259900
2023-08-24,1780.038928628145,1803.6303422858823,1776.4779605288638,1795.6181640625,7424200
2023-08-25,1783.5997986979976,1792.947339444855,1774.6973789390859,1787.1607666015625,5029500
2023-08-28,1804.5203964910818,1815.203299677018,1800.5143077963558,1814.7581787109375,6728600
2023-08-29,1816.0937211502953,1833.4534405436436,1801.849848827548,1808.08154296875,6551500
2023-08-30,1820.0997695717108,1824.5509795731089,1811.1973495689144,1815.6485595703125,5806200
2023-08-31,1819.654633993013,1820.9899969827338,1810.3070930649667,1811.6424560546875,5844900
2023-09-01,1824.9960956092339,1878.4106154807237,1822.3253696156594,1870.3984375,10643200
2023-09-04,1903.3375219344648,1913.5753056118483,1893.5448592865325,1906.453369140625,9929700
2023-09-05,1916.6908781540055,1924.2579345703125,1899.7762814587309,1924.2579345703125,7918300
2023-09-06,1958.5322791756648,1991.0261101710794,1953.1908275051858,1958.087158203125,12110000
2023-09-07,1961.2033100708227,2010.1666246663267,1960.3130679872681,1990.581298828125,11106400
2023-09-08,1958.5324004032027,1983.4591764083343,1931.3800193976128,1935.3861083984375,12667900
2023-09-11,1976.3371690107124,1985.6847096749523,1946.0689420979356,1960.7579345703125,8780400
2023-09-12,1967.8798762995186,1987.020078670222,1954.0811257531975,1977.2274169921875,7795100
2023-09-13,2021.2944346557044,2043.9956053598316,1990.1359650618047,1995.4774169921875,10814800
2023-09-14,2014.172691000336,2023.0751117340392,1970.1057083685055,2018.6239013671875,13739500
2023-09-15,2047.5567075941299,2093.849294026693,2028.8616246117488,2051.11767578125,20257400
2023-09-19,2068.0322032666386,2099.190673828125,2060.910267138299,2099.190673828125,10943200
2023-09-20,2100.081033682681,2105.86760711165,2006.605616753185,2017.733642578125,18884900
2023-09-21,1992.361528310435,2026.1907231611037,1966.9896321724336,1980.34326171875,11688900
2023-09-22,1980.7884275294414,2030.1968579689399,1968.3250396708293,2015.062744140625,9573400
2023-09-25,2026.1907836268188,2034.2029615937088,1999.9286447353466,2019.06884765625,6349700
2023-09-26,2021.739628714302,2025.7457178068664,2001.7091832514786,2015.5079345703125,4601500
2023-09-27,2025.3007697806675,2026.1910118772744,2000.8191121239781,2018.1788330078125,5410400
2023-09-28,2083.1660950784276,2108.5379898261776,2052.8978697653224,2068.031982421875,13743800
2023-09-29,2032.4223972077064,2038.6540909354567,1995.9224768023118,2008.3858642578125,10408900
2023-10-02,2001.263894838483,2020.8492176527386,1980.788330078125,1980.788330078125,9217200
2023-10-03,1914.0203811949877,1918.4715913838133,1833.898597796128,1852.1485595703125,18601900
2023-10-04,1866.3923269888542,1869.0630529516334,1776.9230072357514,1778.7034912109375,15372900
2023-10-05,1707.4841539924143,1759.1181899317053,1703.9231859966012,1747.5450439453125,22429800
2023-10-06,1728.8498511589323,1735.5266657231402,1698.1365041635754,1706.148681640625,15170700
2023-10-10,1857.4898366052792,1880.1910064271985,1839.2398765523637,1852.593505859375,23641000
2023-10-11,1853.4838195154596,1861.4959974096184,1832.1180117977021,1849.9228515625,9678900
2023-10-12,1816.0935127975467,1841.9105284206491,1794.2825858056153,1832.56298828125,13710200
2023-10-13,1842.8009346392435,1850.3679916172307,1823.2156106962177,1847.697265625,10313000
2023-10-16,1922.9229250967628,1935.3863144260936,1891.7644517734354,1897.551025390625,14289300
2023-10-17,1891.3191276474827,1915.3556616302938,1877.0752556576688,1889.9837646484375,9731400
2023-10-18,1905.1180203727044,1978.562990784269,1904.6728993399072,1975.4471435546875,16943600
2023-10-19,1973.2215298408767,2006.6056071560279,1926.4838215996647,1942.5081787109375,15342100
2023-10-20,1976.3370826618554,2002.1540986065372,1954.0810344336812,1985.239501953125,14176300
2023-10-23,1965.6544239111697,1972.3312392097812,1933.6057104778356,1936.7215576171875,9302500
2023-10-24,1918.471443703647,1939.3921299806939,1885.532490841914,1931.8250732421875,12189800
2023-10-25,1905.1181397777314,1954.9716985756534,1899.3315659886869,1933.1607666015625,9324400
2023-10-26,1933.160562922606,1963.8739128746345,1899.3313658739949,1902.892333984375,10317400
2023-10-27,1911.7945934972608,1963.873747732227,1902.0019320171816,1958.9774169921875,7426100
2023-10-30,1925.1485287839193,1936.276554961861,1912.240018417507,1920.252197265625,7275700
2023-10-31,1930.0447375250574,1956.7519986531715,1925.5935273370383,1942.9532470703125,8498700
2023-11-01,1950.520226361165,1983.459180434813,1950.0751053601698,1977.672607421875,7083600
2023-11-02,1975.0017678762263,1997.7029376219302,1932.7152752126606,1939.39208984375,9534400
2023-11-06,1951.4103965653803,1951.8555175499982,1919.3616856728831,1931.8250732421875,8994100
2023-11-07,1924.258006539919,1954.526233337216,1894.4349007249352,1895.770263671875,9331600
2023-11-08,1830.337659218983,1846.3620161576705,1792.0572509765625,1792.0572509765625,15469800
2023-11-09,1798.2889608240012,1841.9108217548803,1781.3743616875377,1838.349853515625,11697700
2023-11-10,1798.2889093137255,1829.002259497549,1797.3986672794117,1816.09375,11038100
2023-11-13,1824.1059718385955,1828.112061088607,1788.0511685884915,1805.410888671875,8693400
2023-11-14,1839.6851686561863,1861.941219571456,1838.7949266195756,1855.264404296875,8765600
2023-11-15,1885.5327406291258,1918.0265768108836,1845.026725662825,1854.374267578125,9616800
2023-11-16,1849.4778550507274,1861.0510016767971,1836.1242243283396,1846.80712890625,7210000
2023-11-17,1802.2948006839454,1854.3739539761216,1800.0691958423995,1853.9288330078125,10233800
2023-11-20,1857.4898617025437,1879.7459108482728,1849.922804992996,1866.83740234375,7651400
2023-11-21,1879.7459671852414,1889.0935081065982,1862.3862483312928,1885.9776611328125,6799600
2023-11-22,1876.1851279966293,1889.538758800876,1871.288796701739,1876.6302490234375,4577000
2023-11-24,1878.4106086877293,1890.8739966126718,1872.6240357225777,1879.7459716796875,4687200
2023-11-27,1883.7520040557715,1886.8678509433876,1857.4898660030092,1860.605712890625,4004800
2023-11-28,1865.9474351590368,1877.5205824190882,1859.2706194320842,1871.7340087890625,4105500
2023-11-29,1877.520377155661,1877.9654981554606,1833.0082771756784,1841.465576171875,7662400
2023-11-30,1840.5752686130945,1869.9532535534727,1832.117969918137,1860.605712890625,10832200
2023-12-01,1863.7217204654246,1874.4046250011709,1843.6912744609,1856.1546630859375,6416900
2023-12-04,1844.5815170423118,1846.3620011321211,1810.307198313485,1810.7523193359375,6186500
2023-12-05,1805.4107756931944,1816.093679691379,1773.8071846985652,1792.9473876953125,7855600
2023-12-06,1792.5022621664418,1803.6302871364346,1783.154721191648,1799.1790771484375,5845500
2023-12-07,1762.6791579275184,1763.1242789269952,1739.5328659547329,1747.5450439453125,10900900
2023-12-08,1735.0816392811066,1739.9779702282826,1695.9109917036985,1698.1365966796875,14773900
2023-12-11,1731.5207399162484,1737.7524340958958,1716.8317464927945,1724.3988037109375,13282300
2023-12-12,1722.6181724504652,1724.3986563496387,1702.1426076099688,1710.15478515625,10406100
2023-12-13,1684.3379842360098,1693.2404048715066,1663.4172957425922,1676.3258056640625,11851600
2023-12-14,1687.8988379780308,1689.6793219843369,1629.5879867715114,1641.1611328125,8183500
2023-12-15,1674.5452404785156,1715.4963734195105,1662.526973202354,1691.4598388671875,11688000
2023-12-18,1682.5573540187418,1686.5634429568815,1667.4232402524356,1684.782958984375,5098200
2023-12-19,1719.502467589171,1720.8378306237987,1684.783028688846,1707.9293212890625,7071300
2023-12-20,1735.5269106529393,1753.331752003572,1727.95985307892,1731.9659423828125,8842200
2023-12-21,1718.1670661848923,1728.8499702233476,1710.6000091576532,1712.3804931640625,5312400
2023-12-22,1714.6061819925621,1727.9598126934388,1710.6000927822993,1716.831787109375,4122300
2023-12-25,1723.0635125082306,1729.740327979071,1714.1610918804433,1721.7281494140625,3604700
2023-12-26,1729.7403372139836,1737.3073947880025,1720.837916538667,1731.9659423828125,4955200
2023-12-27,1748.8805383260596,1763.56953241228,1742.6488438652389,1757.782958984375,8617200
2023-12-28,1737.369841458922,1748.7103756721003,1726.936549982798,1745.9886474609375,6523100
2023-12-29,1726.4828859280651,1744.1741188632186,1717.864080139144,1727.84375,6485000
2024-01-04,1764.133555795158,1803.1449946736316,1744.1742149736133,1797.7015380859375,11536700
2024-01-05,1785.0001393813181,1797.7015380859375,1776.8349544997773,1797.7015380859375,5544800
2024-01-09,1774.5668291353231,1789.9899559734115,1759.143702297235,1771.3914794921875,6880100
2024-01-10,1770.9378824160688,1775.9277176380401,1760.9582119721256,1770.0306396484375,6063100
2024-01-11,1782.2785563151042,1796.7944417317708,1770.9380208333332,1775.9278564453125,6515500
2024-01-12,1806.320362591026,1824.0115966796875,1785.4537787941433,1824.0115966796875,10343200
2024-01-15,1849.8679853049457,1854.8578204786472,1839.888314957543,1853.0433349609375,2664800
2024-01-16,1860.7549562092067,1866.6520343249356,1844.424586042573,1863.4766845703125,6625200
2024-01-17,1864.3839831698183,1871.1883042762774,1819.4754638671875,1819.4754638671875,8496500
2024-01-18,1805.8668212890625,1805.8668212890625,1805.8668212890625,1805.8668212890625,8020600
2024-01-19,1812.6711098014036,1813.1247312002529,1796.7943608416817,1807.6812744140625,6818400
2024-01-22,1802.6912939684885,1815.8463134765625,1790.4435171851092,1815.8463134765625,7361500
2024-01-23,1824.4651762969024,1833.9912252034749,1803.5985929777432,1812.6710205078125,6041700
2024-01-24,1818.1145913145797,1829.455126440045,1808.1349204041703,1813.124755859375,5160900
2024-01-25,1828.0942949282578,1833.9913732989942,1804.5059814453125,1804.5059814453125,4801600
2024-01-26,1837.1666733099491,1851.6825581361018,1799.5160970421155,1800.42333984375,7626000
2024-01-29,1845.3317573303636,1882.0750887816318,1843.5172718265972,1874.363525390625,11397300
2024-01-30,1859.8477215206128,1870.7346350124408,1851.2289150062488,1863.0230712890625,4937000
2024-01-31,1864.3839514249696,1866.1984370224634,1848.9608238462715,1855.3115234375,4634400
2024-02-01,1837.1666429789993,1853.4970131388127,1833.084050439046,1849.8680419921875,4204200
2024-02-02,1830.8158774901015,1835.3520912598985,1817.66085755769,1833.083984375,5253900
2024-02-05,1844.878173315984,1847.5999016267524,1822.650725444707,1838.0738525390625,4276700
2024-02-06,1828.547866412227,1838.0739158279196,1793.6190185546875,1793.6190185546875,7363100
2024-02-07,1829.4551920251336,1843.063834663555,1814.032063701589,1836.713134765625,7226200
2024-02-08,1848.9607230554432,1850.7752085540255,1819.021712328834,1819.928955078125,5166200
2024-02-09,1840.7955870068004,1860.3013066325502,1804.0522546885277,1810.4029541015625,8888700
2024-02-13,1823.5579267435048,1859.8476367284502,1793.165294631113,1826.7332763671875,18424000
2024-02-14,1836.7128346580796,1843.0635335183445,1782.7318943458267,1791.8043212890625,10716700
2024-02-15,1785.0000694657754,1788.6290403820972,1744.6277680216956,1753.7001953125,9352300
2024-02-16,1781.824878913091,1827.187019414952,1778.6495290779608,1813.124755859375,11800500
2024-02-19,1814.4854209567861,1850.3215080206828,1809.9492074043942,1844.8780517578125,5756000
2024-02-20,1852.5897281489906,1853.043349531985,1822.1970954883682,1831.72314453125,4548300
2024-02-21,1814.4854304766413,1821.7433721985478,1785.4536635890152,1796.340576171875,9860800
2024-02-22,1819.4755288825684,1832.1769287351517,1814.4856932261964,1829.4552001953125,7730600
2024-02-26,1831.269479167077,1835.8056928880753,1797.2478762595886,1799.9696044921875,8323800
2024-02-27,1799.0623866402323,1816.7536203969064,1796.794279748351,1805.4130859375,6407200
2024-02-28,1814.4855875874782,1826.7333653036935,1800.4233242836751,1814.939208984375,19063900
2024-02-29,1847.1461556167642,1859.847553543402,1805.866612355191,1824.465087890625,11897200
2024-03-01,1826.2797468469498,1891.147606707634,1826.2797468469498,1876.1781005859375,10894100
2024-03-04,1900.673574655281,1926.076371834445,1880.2606126363103,1887.5185546875,7944900
2024-03-05,1878.8997747747746,1930.6126126126126,1877.085289236605,1913.375,7912800
2024-03-06,1921.5402034918654,1949.6647296052968,1911.5605329354864,1946.4893798828125,6127200
2024-03-07,1958.737019233385,1975.9746307968098,1946.4892425962146,1954.2008056640625,6710000
2024-03-08,1949.2110935068724,1972.345784167531,1934.2415877852698,1967.8095703125,6404500
2024-03-11,1928.7980731205616,1932.8806654672421,1846.6926048151004,1868.4664306640625,9571200
2024-03-12,1867.559237043987,1880.2606357899747,1834.8984974114471,1872.549072265625,6851900
2024-03-13,1886.1576225111796,1901.58074881358,1848.5070494788497,1863.93017578125,5027600
2024-03-14,1897.951824766217,1949.664661291874,1891.1475041707358,1916.0966796875,8877300
2024-03-15,1947.8502397027107,2031.7701964668004,1944.2212685993986,2001.3775634765625,21225900
2024-03-18,2002.2848224804245,2019.522435360863,1982.3254812504429,2000.4703369140625,5920300
2024-03-19,2019.9761400586583,2073.0498450635682,2015.893547365973,2057.173095703125,8852100
2024-03-21,2057.172880878391,2098.906046267765,2042.6569972646955,2096.637939453125,8431000
2024-03-22,2096.638133996005,2109.3395333365256,2053.544100519237,2072.142578125,5957600
2024-03-25,2076.678693659856,2079.854043344351,2059.4410810868817,2063.977294921875,4219400
2024-03-26,2087.565688992807,2092.101903006264,2054.9049480959184,2059.441162109375,4721200
2024-03-27,2073.049566517267,2088.0190710457287,2058.9873046875,2058.9873046875,5403200
2024-03-28,2066.245734042047,2106.1644222079526,2061.255898021309,2086.205078125,7133100
2024-03-29,2131.56691886213,2158.3305809631865,2111.15395624268,2130.2060546875,6187300
2024-04-01,2151.9797758576956,2152.433397226974,2047.6468609236165,2067.606201171875,10850300
2024-04-02,2104.8036372069264,2128.391953830797,2085.7515353184153,2108.88623046875,6522000
2024-04-03,2172.8465983072915,2213.6725260416665,2156.9698486328125,2177.3828125,12685500
2024-04-04,2217.3011027504303,2260.395129911087,2213.6721320421643,2240.435791015625,10420900
2024-04-05,2247.2403478460274,2295.3242147963056,2227.734628234122,2240.8896484375,14808800
2024-04-08,2265.3851200258828,2270.828576461668,2200.97088553576,2231.817138671875,9821000
2024-04-09,2257.6739268201463,2257.6739268201463,2224.1059399636683,2238.621826171875,4628700
2024-04-10,2212.311701914418,2245.426066121872,2209.1363519219226,2243.157958984375,4472800
2024-04-11,2271.282398687345,2357.924087952231,2266.292563179943,2329.799560546875,12638000
2024-04-12,2328.4385116615376,2357.0166582102765,2303.942957476904,2353.84130859375,7536500
2024-04-15,2357.9240147569444,2384.2340557065218,2328.892245433273,2347.49072265625,9349800
2024-04-16,2320.726855527473,2325.7166904396704,2254.9517589575976,2263.116943359375,10274100
2024-04-17,2243.611572868938,2261.7564299079104,2180.558194658509,2202.78564453125,8699200
2024-04-18,2112.061040711915,2162.8666327565315,2091.6480796225605,2152.886962890625,9650600
2024-04-19,2132.0207658374197,2266.292711941223,2104.803479465027,2185.548095703125,28033000
2024-04-22,2169.21755366496,2215.0333154634045,2128.3916273099107,2167.856689453125,10103700
2024-04-23,2195.527743262106,2202.7856862150384,2171.0321857959584,2173.30029296875,5429700
2024-04-24,2203.692773638026,2221.837629740439,2196.8884525996214,2209.13623046875,4600400
2024-04-25,2195.5273354740466,2201.424413028006,2140.6391520871953,2141.0927734375,5621500
2024-04-26,2143.8145357398007,2173.753545337521,2139.2783221643886,2152.886962890625,6020900
2024-04-30,2152.886892633229,2188.269357366771,2141.092737722048,2170.578125,6553200
2024-05-01,2141.092919236495,2147.8972399544077,2099.8133735478254,2132.927734375,5706800
2024-05-02,2105.7106767490372,2133.38158396181,2098.452733873556,2120.2265625,5039200
2024-05-07,2161.9593555515094,2166.9491904048596,2104.349444062831,2141.0927734375,5100200
2024-05-08,2145.175304163542,2153.340488235215,2114.7826745634243,2117.05078125,3599400
2024-05-09,2158.783876367517,2158.783876367517,2129.7521116926864,2148.3505859375,3769100
2024-05-10,2166.949375517691,2206.868057754567,2164.2276471833584,2199.156494140625,4841100
2024-05-13,2163.774040148839,2176.475439126652,2147.443670034508,2171.031982421875,4755000
2024-05-14,2207.3217515963397,2234.539035833039,2137.0104339848654,2167.856689453125,13333000
2024-05-15,2168.3103271126624,2201.8783112562473,2164.2277344465506,2166.949462890625,8253700
2024-05-16,2167.4027439992747,2174.6606853772546,2117.0507756895386,2131.113037109375,7319700
2024-05-17,2136.103230828798,2143.3611734266447,2117.958374334181,2138.371337890625,4351000
2024-05-20,2150.1653545764834,2238.621524226782,2150.1653545764834,2228.188232421875,8872600
2024-05-21,2195.5275078445184,2233.6317042616547,2191.898536757172,2213.67236328125,4512100
2024-05-22,2193.2593244014865,2206.867965504288,2173.7536054874713,2176.928955078125,5050700
2024-05-23,2172.392846598069,2174.207332166328,2118.865522334429,2171.031982421875,4815200
2024-05-24,2153.3408609854428,2163.32053213389,2128.8453045301626,2151.07275390625,3875700
2024-05-27,2166.949462890625,2183.279833555072,2148.804606596795,2166.949462890625,3440500
2024-05-28,2175.1147134843686,2209.136320056074,2174.6610920634125,2190.537841796875,4084600
2024-05-29,2222.745142870672,2248.601565961209,2200.517691441966,2207.775634765625,6012900
2024-05-30,2162.413444417917,2173.753980627367,2142.454100689285,2156.062744140625,6210400
2024-05-31,2141.0927264931915,2200.063500739826,2139.2782411317567,2198.70263671875,10386500
2024-06-03,2236.3532093680806,2257.219791037641,2228.6416465771563,2253.5908203125,6422100
2024-06-04,2215.4866708716795,2231.817039453043,2161.505730283283,2168.763671875,10241900
2024-06-05,2104.803312000432,2119.3191969107797,2096.184505334913,2099.8134765625,8318600
2024-06-06,2101.174405905107,2114.7830484303995,2090.2874918848734,2096.1845703125,6746200
2024-06-07,2112.9685872746004,2120.2265300389618,2101.174430282514,2108.432373046875,3682600
2024-06-10,2115.689959722,2135.6492989646604,2112.9682316434555,2128.391357421875,3792500
2024-06-11,2163.7741202184698,2166.495848671575,2123.401814830746,2125.669921875,5273400
2024-06-12,2114.7827371504936,2164.681085731908,2111.1537663445724,2154.701416015625,5176700
2024-06-13,2140.1856753205598,2145.1755105110065,2116.597363511177,2119.319091796875,4363900
2024-06-14,2094.823433435332,2133.3812489056663,2090.287219850587,2125.216064453125,5083200
2024-06-17,2123.8551826275216,2123.8551826275216,2053.5438726515995,2057.62646484375,5311400
2024-06-18,2092.5554667418937,2093.916330908429,2059.8947267450553,2062.616455078125,3690500
2024-06-19,2091.1946938616798,2101.174364851909,2083.4831299146845,2084.843994140625,3197200
2024-06-20,2083.936711327197,2108.4322669239905,2079.400497327791,2100.720703125,3327700
2024-06-21,2111.1535724809596,2138.8244723351363,2110.699951171875,2110.699951171875,6020200
2024-06-24,2113.421848593598,2115.23633397552,2081.668354409964,2101.174072265625,3819500
2024-06-25,2136.556595845438,2167.402848184608,2127.4841686868585,2166.49560546875,7086500
2024-06-26,2171.939436814979,2175.568408305063,2152.4337150557803,2172.8466796875,7066200
2024-06-27,2170.9985576987597,2174.6938743927153,2141.436024147117,2151.13623046875,5299300
2024-06-28,2189.47534520061,2191.3230037197663,2168.2272722303087,2186.703857421875,5256400
2024-07-01,2193.632530998154,2231.0476152286974,2187.627640936462,2224.580810546875,6705600
2024-07-02,2246.7526240458014,2299.410888671875,2235.666673598207,2299.410888671875,8120700
2024-07-03,2264.3056456517334,2282.3203172511653,2246.7528887086964,2278.625,6063400
2024-07-04,2291.0964409722224,2296.6394162326387,2274.0056005859374,2286.477294921875,4742000
2024-07-05,2286.477310748101,2316.501760283177,2269.3864702435194,2273.081787109375,5192800
2024-07-08,2266.15333531807,2284.629921826982,2250.448236785495,2254.60546875,4806800
2024-07-09,2244.9050487775257,2249.524194968426,2209.799537726684,2228.738037109375,5577600
2024-07-10,2228.7377904414143,2250.9096897038366,2219.4994990820715,2231.04736328125,3997200
2024-07-11,2247.676464902864,2296.1774983625437,2247.2145502984863,2289.248779296875,5583100
2024-07-12,2257.376708984375,2291.5583902745007,2248.6003313558294,2257.376708984375,5097900
2024-07-16,2277.239259596357,2308.1875416233256,2275.853515625,2275.853515625,5002600
2024-07-17,2276.3151904604592,2292.944116364797,2264.7673252491136,2272.157958984375,4639000
2024-07-18,2274.467521682931,2302.18239806412,2269.3864610130463,2280.934326171875,5043400
2024-07-19,2263.8435397061435,2281.858209783381,2235.666748046875,2235.666748046875,5706200
2024-07-22,2220.8855342768497,2229.19999759153,2183.0085347321947,2191.322998046875,5409400
2024-07-23,2179.774893580256,2211.6469994622307,2164.0697979282686,2187.62744140625,4786700
2024-07-24,2158.5273728759184,2181.6231076595254,2127.579088265885,2137.279296875,5020900
2024-07-25,2107.254425970318,2118.3403764795876,2076.7680620698266,2080.46337890625,5906600
2024-07-26,2080.4636111744308,2120.650186257063,2067.530000803009,2089.701904296875,5229200
2024-07-29,2121.5739577593404,2157.603299955123,2109.1022623838776,2134.969482421875,5029200
2024-07-30,2095.244877197643,2108.6404022061815,2081.849352189104,2092.011474609375,12994600
2024-07-31,2083.2350254468843,2160.83668493138,2056.4439763391415,2148.826904296875,6821100
2024-08-01,2145.1314140780523,2149.288645500684,2073.996565290796,2088.31591796875,5511700
2024-08-02,1986.2328376679409,2018.1049459933101,1929.4173402183694,1944.6605224609375,8445200
2024-08-05,1732.17991971126,1768.2092620412543,1570.5097938715426,1644.8780517578125,13963900
2024-08-06,1819.9436907958984,1870.2923868103028,1746.961177307129,1847.6585693359375,10749100
2024-08-07,1764.5139577854513,1902.1645230786621,1739.1086521105299,1827.7962646484375,10525900
2024-08-08,1827.3344218943378,1897.5454512492265,1819.943787225402,1866.13525390625,7679500
2024-08-09,1928.9554896354675,1973.7612086236477,1863.3636123538017,1892.0023193359375,12720500
2024-08-13,1987.1566612786028,2001.9379288659843,1940.041370843824,1949.2796630859375,9281900
2024-08-14,1939.5795475633704,1988.5424987521574,1913.7123280674073,1973.76123046875,6734800
2024-08-15,1976.532704051121,2005.6333257747062,1971.451643115257,1985.30908203125,4913600
2024-08-16,2032.4242712051082,2074.920415057579,2028.7289543483716,2070.76318359375,5199700
2024-08-19,2024.5718118013579,2045.8198846607834,1996.39501953125,1996.39501953125,6195500
2024-08-20,2013.024070400662,2028.2672540452745,1991.7759962293837,1995.4713134765625,4649400
2024-08-21,1930.803169520097,1974.685059736463,1928.0316817169582,1973.76123046875,6222500
2024-08-22,1959.4418830746274,1975.1469806758857,1957.132309897972,1968.68017578125,4277800
2024-08-23,1970.5278280317546,1990.3901572875834,1961.289535354625,1973.76123046875,4636000
2024-08-26,1984.3851356212842,1991.775769273505,1974.2230143494805,1981.1517333984375,3557700
2024-08-27,2013.9477405408873,2028.7290083613707,2008.866679727596,2025.03369140625,5665700
2024-08-28,1981.613628159945,2000.0902121054921,1970.9895923912552,1998.2425537109375,5000900
2024-08-29,1998.2426735259094,2007.0190514262774,1989.0043809992062,2000.09033203125,3548600
2024-08-30,2017.6430827235538,2018.1049973487193,2002.8618147182528,2004.24755859375,5374200
2024-09-02,1994.5473358874083,2026.8813593964678,1987.6186165640383,2017.18115234375,5611900
2024-09-03,2016.7191226032276,2030.5765604589528,2005.1712577234564,2011.1761474609375,5566100
2024-09-04,1892.4642522316278,1914.1742399921566,1871.2161791043018,1877.2210693359375,11144700
2024-09-05,1844.8869271715287,1903.0881672375308,1829.6437452494804,1875.373291015625,8008700
2024-09-06,1861.515891724704,1871.6780132179902,1827.796124951527,1842.577392578125,8616200
2024-09-09,1764.5138692892485,1812.552990337961,1759.8947230345648,1802.852783203125,9320400
2024-09-10,1812.5530230779545,1822.7151450218166,1770.5187914010703,1776.523681640625,6776900
2024-09-11,1732.1798548061774,1739.1085742254022,1683.2169042436562,1695.2266845703125,11696700
2024-09-12,1732.1798285575678,1743.2657794603363,1706.3126097844415,1716.4747314453125,8459900
2024-09-13,1716.4747219949186,1733.1036482575173,1710.0079173372412,1724.3272705078125,8086200
2024-09-17,1716.936533472485,1729.4082274202271,1692.9169747583153,1708.16015625,9627900
2024-09-18,1731.717876856837,1747.4229736328125,1721.0938408025004,1747.4229736328125,8224000
2024-09-19,1753.427970441683,1770.056897453248,1743.7277630182703,1759.894775390625,7198300
2024-09-20,1792.2287580680209,1815.324489486423,1776.5236607035072,1793.614501953125,7763400
2024-09-24,1830.5676375383296,1831.9533813971777,1802.8527603613677,1821.791259765625,5847600
2024-09-25,1833.8009054132983,1836.1104783420303,1803.3145427540344,1831.9532470703125,4824100
2024-09-26,1824.5627363803528,1852.277613388662,1806.0861517081466,1831.029541015625,9102900
2024-09-27,1794.5384343757485,1809.7816179882066,1761.7424938762174,1808.3958740234375,15810400
2024-09-30,1761.2804818640552,1792.228762033185,1757.1232501995453,1790.381103515625,9450200
2024-10-01,1807.9337005576535,1829.1817716423884,1801.4668963144734,1821.3292236328125,6912600
2024-10-02,1903.0881363667415,1918.7932326377293,1879.9924065564655,1901.702392578125,16179300
2024-10-03,1947.8939487282423,1961.2894726820293,1909.5550353432664,1924.7982177734375,9648400
2024-10-04,2004.7095994605913,2017.643209779692,1972.8374883170934,2001.0142822265625,12309200
2024-10-07,2037.0436258608902,2046.2819189486947,1996.3951362745506,2000.5523681640625,9957700
2024-10-08,2032.424470328319,2045.3580805940448,1994.5474688358368,2007.4810791015625,11040700
2024-10-09,1970.989653194013,1983.923262354883,1936.807971840285,1946.5081787109375,9000300
2024-10-10,1959.4419084226083,1965.908713400901,1939.5795788464245,1948.35595703125,4363000
2024-10-11,1968.6802118210564,1971.4516996837797,1934.4985281808035,1940.04150390625,4593300
2024-10-15,1875.3734113734079,1899.3929723072545,1868.44469187326,1876.7591552734375,9543200
2024-10-16,1867.0590724052026,1884.611829642065,1852.2778031531082,1874.44970703125,6684300
2024-10-17,1886.9212933886597,1894.7738422228354,1863.363646886133,1863.8255615234375,7561400
2024-10-18,1878.6068468403353,1879.0687614818007,1849.044309786541,1850.4300537109375,5629400
2024-10-21,1856.4348259945402,1864.2873744000906,1845.3488753043514,1846.734619140625,5268000
2024-10-22,1847.6584527725563,1855.9729158100329,1831.4914413107965,1843.039306640625,5425900
2024-10-23,1845.8108009580035,1855.9729224847993,1837.0344232757707,1837.496337890625,5405500
2024-10-24,1827.3343371793715,1843.0394351227735,1819.4817882076704,1837.9583740234375,4601200
2024-10-25,1834.7249896852443,1844.8871119846085,1813.9388304365443,1823.6390380859375,5476700
2024-10-28,1773.7521507774663,1823.6389300180826,1770.05683379668,1812.091064453125,8795900
2024-10-29,1810.7052913182217,1840.7297413018148,1810.2433767030896,1836.572509765625,4895600
2024-10-30,1842.5773876318042,1858.282484442905,1839.3439853471657,1846.734619140625,6480500
2024-10-31,1854.125237047391,1861.5158707775252,1843.0392864521898,1860.130126953125,5464900
2024-11-01,1866.1351451156802,1881.8402428716042,1849.506218079996,1855.5111083984375,5428800
2024-11-05,1884.6115973212072,1889.6926580002596,1863.363525390625,1863.363525390625,4234800
2024-11-06,1861.5161072381652,1897.5454512492265,1859.6684485709313,1866.13525390625,6570700
2024-11-07,1887.8450882423783,1914.6361367175575,1877.6829664069653,1891.5404052734375,6346400
2024-11-08,1891.5403281011518,1901.702449521964,1851.8156716379774,1853.663330078125,7132700
2024-11-11,1855.5111089759614,1872.6019506568452,1844.4251576153881,1855.0491943359375,5822500
2024-11-12,1856.8969414791566,1909.5552129539385,1850.8920508723832,1880.91650390625,10223400
2024-11-13,1871.6782190464824,1889.6928909474725,1855.5112058020038,1874.44970703125,10062700
2024-11-14,1866.1351550292968,1879.0687650146485,1847.6585693359375,1847.6585693359375,7345900
2024-11-15,1861.0541681104125,1898.0073409693932,1852.2777895564045,1885.07373046875,6607800
2024-11-18,1868.906717342946,1886.4594744509618,1858.7445948067261,1885.07373046875,5021900
2024-11-19,1912.3265561528192,1916.0218731695395,1888.3069955441365,1897.5452880859375,5164900
2024-11-20,1883.6880112449721,1898.4692805828433,1862.9018512385906,1866.13525390625,6306900
2024-11-21,1829.6437993829902,1838.8820917302912,1821.3293362704192,1829.181884765625,14007500
2024-11-22,1831.9533450309773,1864.2873677622351,1827.7961135369585,1852.277587890625,10617000
2024-11-25,1866.1351335594964,1868.444706744595,1855.5110969080438,1864.7493896484375,12121000
2024-11-26,1856.4347275645143,1856.8966421521145,1815.3243292681118,1825.4864501953125,8752000
2024-11-27,1821.7911627233289,1823.1769065083618,1795.4620308077026,1800.0811767578125,7193000
2024-11-28,1800.0811525480776,1833.8009175303744,1800.0811525480776,1821.3292236328125,4886100
2024-11-29,1821.329464836082,1836.1107336351574,1814.8626597364864,1823.6390380859375,4618900
2024-12-02,1823.6388967074913,1843.9631397305736,1822.7150674791692,1839.805908203125,3805000
2024-12-03,1829.6439150577526,1849.0443302136289,1829.6439150577526,1834.2630615234375,5744300
2024-12-04,1854.125252934084,1857.8205698308138,1834.7248392262536,1846.734619140625,5285800
2024-12-05,1831.029529985175,1844.88696840585,1831.029529985175,1840.267822265625,4917300
2024-12-06,1835.6486750256759,1844.4250526868452,1831.029528888218,1841.191650390625,4407300
2024-12-09,1839.8059259992524,1844.4250721855424,1813.4767927374003,1825.024658203125,6147400
2024-12-10,1853.2014426222722,1859.2063326407392,1831.029541015625,1831.029541015625,5844800
2024-12-11,1829.6438105394393,1833.3391275008923,1818.0959450348985,1819.943603515625,5987000
2024-12-12,1831.491456187015,1839.3440046750804,1824.1008223158947,1830.567626953125,6607800
2024-12-13,1819.9434888453977,1831.4913536223355,1808.8575386595373,1813.4766845703125,7379800
2024-12-16,1817.1721314974359,1817.1721314974359,1798.233631906334,1807.010009765625,6958700
2024-12-17,1807.0100359100168,1812.0910968494366,1785.761962890625,1785.761962890625,7054800
2024-12-18,1786.6857842199581,1810.705344917848,1785.7619549623469,1792.228759765625,5251800
2024-12-19,1782.9904745381593,1795.4621695673122,1776.9855843389375,1786.223876953125,6659800
2024-12-20,1799.6193921219094,1807.0100261757982,1788.9953556694445,1793.614501953125,8662100
2024-12-23,1796.8480041239281,1813.9388463225362,1788.9954550056486,1811.1673583984375,5097800
2024-12-24,1817.1721135694647,1825.9484913421693,1810.7053088948403,1821.791259765625,4606300
2024-12-25,1836.572509765625,1840.7297413018148,1821.3293274662624,1836.572509765625,6055700
2024-12-26,1838.882082841286,1843.9631436077402,1833.3391074596996,1836.572509765625,10809100
2024-12-27,1836.5724536885066,1857.3460238587622,1835.6282004989496,1854.0411376953125,7373000
2024-12-30,1860.178752319367,1872.9261701652104,1853.5689801030037,1860.65087890625,5882600
2025-01-06,1879.0639432858102,1893.227741853291,1873.8705504777338,1892.755615234375,11781800
2025-01-07,1887.562154856879,1888.5064080609095,1856.401799123874,1873.8704833984375,7903900
2025-01-08,1871.9819891025227,1889.4506734901124,1855.9296845301428,1882.3687744140625,8022700
2025-01-09,1872.4541084827272,1873.3983616892237,1846.0150187008228,1848.8477783203125,5745900
2025-01-10,1848.8477266125801,1856.8738786433294,1841.293701171875,1841.293701171875,4009800
2025-01-14,1887.0900598036505,1902.1981113207175,1861.5952228685999,1867.2607421875,11519300
2025-01-15,1878.119630930023,1883.7851501786809,1865.3722126205432,1879.5360107421875,4675700
2025-01-16,1881.4245171584068,1893.6998088638318,1873.398364889475,1879.5360107421875,8491800
2025-01-17,1855.4575277064307,1861.123046875,1830.4348180452498,1861.123046875,5759900
2025-01-20,1855.4574655968343,1871.5097693704454,1845.0706808021446,1846.487060546875,4545300
2025-01-21,1835.6282516311812,1841.2937709263392,1801.6351358602335,1804.4678955078125,10279000
2025-01-22,1795.0253901680524,1801.6351627778242,1765.7535400390625,1765.7535400390625,11394800
2025-01-23,1766.6977349520362,1786.527052126805,1758.1994561628494,1781.8057861328125,6866500
2025-01-24,1778.973026536417,1789.8319383225999,1771.4190009460287,1781.8057861328125,5461300
2025-01-27,1782.7500393316109,1793.1368245183946,1773.3075073436257,1781.8057861328125,4911400
2025-01-28,1770.4747252781676,1778.0287507726878,1758.1994338495722,1766.2255859375,4295700
2025-01-29,1769.058483843864,1776.6125099291326,1747.8127854790457,1748.284912109375,6778700
2025-01-30,1748.2849159929817,1757.255321989165,1744.980029573335,1751.11767578125,5314700
2025-01-31,1748.7569818996492,1768.114173113981,1742.619335904861,1765.7535400390625,7373500
2025-02-03,1761.0321580840318,1762.4485378358422,1742.1470947265625,1742.1470947265625,8328700
2025-02-04,1758.199561526615,1761.504447920462,1734.5932301419934,1741.2030029296875,6708900
2025-02-05,1761.032295442919,1767.169941512827,1740.7308507501452,1752.0618896484375,4308800
2025-02-06,1746.8684595804039,1759.615878069234,1743.5635733055221,1754.4224853515625,3598700
2025-02-07,1754.4224521073,1762.9207309388207,1739.786527453014,1759.6158447265625,3676700
2025-02-10,1764.8093182443943,1791.2484091544227,1758.1995455168872,1788.4156494140625,5670700
2025-02-12,1808.2448932865125,1825.2414510301976,1791.7204621468184,1822.40869140625,9794200
2025-02-13,1822.4087662337663,1836.572564935065,1811.0777272727273,1817.6875,7439300
2025-02-14,1831.85134505723,1831.85134505723,1777.0846553596425,1791.7205810546875,13713200
2025-02-17,1817.6873718638783,1821.4643845846344,1752.5339024308355,1757.727294921875,10025200
2025-02-18,1767.1699278288559,1781.3337263420447,1750.1733696130293,1771.4190673828125,4930500
2025-02-19,1782.2779025001455,1804.467852544518,1772.3632439696812,1774.723876953125,6479600
2025-02-20,1795.0254319677722,1809.1892307471076,1777.084620180614,1795.49755859375,6797100
2025-02-21,1795.4975760915572,1821.9366674039757,1795.4975760915572,1808.2449951171875,5638300
2025-02-25,1794.0810091162998,1801.635034417842,1782.7499711639864,1790.776123046875,6007600
2025-02-26,1765.7535735273784,1770.9469663906941,1747.8127618177418,1760.5601806640625,8121400
2025-02-27,1772.8355175498411,1793.136962890625,1771.8912642781768,1793.136962890625,5161100
2025-02-28,1793.1368509047993,1807.3006490952005,1786.999205022292,1800.21875,7876600
2025-03-03,1822.408695447895,1837.516746809121,1808.2448972967456,1825.241455078125,5369900
2025-03-04,1789.3599478780673,1795.0254675019557,1764.8093628412178,1791.7205810546875,9190500
2025-03-05,1786.5270065730365,1806.3563232421875,1781.3336141120683,1806.3563232421875,6188900
2025-03-06,1812.0218776345191,1816.7431436002162,1792.1925605785916,1802.579345703125,6421400
2025-03-07,1803.5236272465997,1824.7693244262064,1792.1925887508096,1822.40869140625,6368400
2025-03-10,1825.2414830655866,1853.5690798022486,1821.464470167365,1845.07080078125,6699000
2025-03-11,1835.6282334293603,1852.1526645430506,1816.2710426961803,1848.8477783203125,6278100
2025-03-12,1829.4905935882764,1859.2345696904858,1828.5463403786823,1853.096923828125,4447800
2025-03-13,1869.6213852428368,1890.3949561899794,1867.2607521806617,1874.3426513671875,6796100
2025-03-14,1866.7886667474936,1882.8409719243814,1863.9559070103958,1874.8148193359375,5154700
2025-03-17,1891.3391318949764,1910.6963222114252,1890.8670053018923,1905.5029296875,6245200
2025-03-18,1915.417646831371,1948.4665093598885,1914.9455202238207,1946.5780029296875,8485300
2025-03-19,1944.21741909123,1966.8794968271163,1937.6076464182634,1952.7156982421875,5447700
2025-03-21,1964.518789951339,2006.5380575085774,1953.6598781107043,1986.708740234375,9491300
2025-03-24,1984.820351892514,1990.9579980805736,1965.4631600686337,1983.8760986328125,4505000
2025-03-25,1986.2367492084047,1998.9841683262148,1977.7384697965313,1996.62353515625,4977800
2025-03-26,2006.5380486422223,2017.869087034555,1997.5676432482924,2008.898681640625,4910200
2025-03-27,2001.3448378384476,2023.5347900390625,1990.4859250594232,2023.5347900390625,5656400
2025-03-28,2020.7019097838302,2031.560821915846,1987.1809201589115,1995.67919921875,5823200
2025-03-31,1948.4665447842308,1962.1582166521112,1936.1912527647517,1942.801025390625,7259000
2025-04-01,1995.6791546855286,2007.0101931791298,1961.6860392047247,1964.518798828125,6042400
2025-04-02,1958.3812516344144,1960.2697581451514,1907.3915758445116,1918.25048828125,5356600
2025-04-03,1843.182207470321,1871.5098028720163,1841.765827700236,1869.149169921875,8778400
2025-04-04,1801.635172894474,1823.3529973056757,1735.0653198079642,1772.83544921875,13359100
2025-04-07,1595.7878542984843,1638.7513734526742,1568.4045124199897,1604.2861328125,17118100
2025-04-08,1670.3839683821786,1717.5966300097134,1667.5512086845267,1682.1871337890625,10847200
2025-04-09,1631.1973521142797,1631.6694786995515,1558.961984567685,1579.263427734375,15481300
2025-04-10,1737.4258793148535,1737.4258793148535,1675.5772950240257,1692.5738525390625,11055500
2025-04-11,1635.446548689914,1678.8821960569671,1609.9517121918611,1674.633056640625,9865900
2025-04-14,1693.990241137516,1694.46236773761,1670.3839111328125,1670.3839111328125,5909800
2025-04-15,1699.655870180218,1701.0722500720349,1679.3544250641764,1689.7412109375,4136300
2025-04-16,1699.655756188951,1700.6000093868338,1664.2462612683478,1667.5511474609375,5698900
2025-04-17,1676.049476414134,1703.904946585524,1667.5511973787948,1702.960693359375,5214600
2025-04-18,1729.8719423636333,1756.311033185785,1722.7900430362713,1754.8946533203125,5177400
2025-04-21,1717.1244351065643,1740.2586383840517,1710.0425361440682,1720.4293212890625,4264800
2025-04-22,1710.0425341112932,1725.6227118102643,1705.7933947388467,1719.012939453125,4309700
2025-04-23,1746.8684251897168,1749.7011847981325,1718.5408291055594,1730.343994140625,5738600
2025-04-24,1716.1802801906138,1724.2064328077363,1698.7115950827588,1703.432861328125,8710700
2025-04-25,1709.098316027775,1717.59659494725,1706.2655563879498,1715.2359619140625,5689500
2025-04-28,1728.927604144371,1735.0652499264236,1718.5408189747432,1723.2620849609375,5230300
2025-04-30,1721.8457242460656,1727.983370096134,1704.8491665074152,1708.154052734375,9319100
2025-05-01,1700.1278755755845,1719.012939453125,1694.934483009261,1719.012939453125,5879900
2025-05-02,1718.5408582185444,1731.760403281764,1706.2655663741261,1722.31787109375,6995500
2025-05-07,1709.098349307401,1714.2917420815395,1697.2951839116317,1710.0426025390625,8784900
2025-05-08,1709.5702953959028,1710.514548527853,1698.2392578125,1698.2392578125,5538500
2025-05-09,1719.9572048640766,1734.5931294731315,1716.18019206174,1727.51123046875,6107800
2025-05-12,1751.5896492506463,1763.3928140030093,1742.147117448756,1757.727294921875,6737400
2025-05-13,1803.5236158781886,1803.5236158781886,1759.1437153827567,1786.054931640625,10087800
2025-05-14,1808.717094155844,1820.9923863636363,1781.33375,1817.6875,9380900
2025-05-15,1794.0810319708082,1835.6281716585534,1790.3040192719225,1806.3563232421875,6648500
2025-05-16,1787.4712679626514,1790.3040274998345,1771.4189639186127,1784.1663818359375,5122600
2025-05-19,1809.661253426126,1819.5759120021628,1778.0287713025805,1780.389404296875,3578100
2025-05-20,1789.359841122093,1795.9696136222801,1766.6977639785941,1773.7796630859375,3905400
2025-05-21,1822.4086873520207,1831.8512194108393,1795.0253443814463,1819.575927734375,7352700
2025-05-22,1795.4974344675165,1802.5793333675988,1786.527029194079,1794.0810546875,4758700
2025-05-23,1782.2779106923106,1786.5270500820404,1778.0287713025805,1780.389404296875,4122100
2025-05-26,1794.0811806707338,1797.8581936826722,1783.6943948879032,1796.9139404296875,2745700
2025-05-27,1797.3860415132153,1809.6613336275689,1791.2483954560387,1807.7728271484375,2331800
2025-05-28,1822.4087126912848,1823.352965910296,1808.717041015625,1808.717041015625,3955300
2025-05-29,1811.0776846972556,1845.07080078125,1809.6613048604224,1845.07080078125,5547400
2025-05-30,1835.628184149212,1854.9853743627198,1833.2675511963455,1842.7100830078125,6496900
2025-06-02,1844.1265435543874,1852.152695945689,1829.962745216796,1842.238037109375,4215100
2025-06-03,1850.7363498648178,1876.2311873374454,1839.4053109880945,1866.3165283203125,5288700
2025-06-04,1874.3426038953992,1891.8112881130642,1865.372198486328,1869.621337890625,6188300
2025-06-05,1855.4575154249092,1866.3164270927903,1845.0707303512838,1852.624755859375,4302900
2025-06-06,1858.762378764092,1866.3164041794403,1855.4574926448772,1864.9000244140625,3632600
2025-06-09,1881.4245171584068,1887.5621630111193,1869.1492254529817,1879.5360107421875,3838900
2025-06-10,1887.5621130246811,1902.6701639543435,1882.8408471091616,1901.2537841796875,5965800
2025-06-11,1912.1128028785172,1919.6668287664322,1902.1981439006286,1919.1947021484375,4607900
2025-06-12,1932.8862902304897,1961.6860126789654,1917.778239109978,1946.1058349609375,7964600
2025-06-13,1950.8273013057642,2034.8658442952187,1948.4666680757234,2004.1776123046875,22589600
2025-06-16,2051.390056772512,2059.416208893371,1987.1808398056392,1996.1512451171875,13968200
2025-06-17,1979.626976332503,2014.0922206139896,1971.1286969206299,1996.62353515625,8651800
2025-06-18,2010.3151851512766,2042.4197959052192,1988.1252336007576,2039.5870361328125,13026100
2025-06-19,2034.8656812956892,2047.1409731086098,2007.4823380207124,2034.3935546875,6632300
2025-06-20,2043.36395729633,2052.3343628389894,2003.705322265625,2003.705322265625,10541600
2025-06-23,2050.9180196457655,2060.3605519645766,2019.757662993689,2029.2001953125,15351800
2025-06-24,1940.440401714323,1962.1582261617339,1891.3392333984375,1891.3392333984375,19256700
2025-06-25,1893.2276382673128,1910.6963222114252,1889.922752115724,1905.5029296875,8654100
2025-06-26,1897.948904198154,1910.2241956183411,1890.3948787088082,1905.5029296875,10165900
2025-06-27,1926.3201996002965,1931.1614164879575,1905.5029669833543,1926.8043212890625,10186600
2025-06-30,1939.3913957007137,1960.6927490234375,1929.2248407057773,1960.6927490234375,8728700
2025-07-01,1944.716866978411,1953.4310575698005,1926.8043640961105,1935.5185546875,4259500
2025-07-02,1938.4232277020242,1959.2404601673556,1936.9708626463034,1958.272216796875,5059400
2025-07-03,1973.279968738556,1982.96240234375,1956.819831609726,1982.96240234375,5813400
2025-07-04,1982.962503043584,1988.287841796875,1968.92297360309,1988.287841796875,3755300
2025-07-07,1975.216447999134,1976.1846913559964,1940.3596871520906,1956.81982421875,4839500
2025-07-08,1967.4704330879663,1989.7400295254777,1961.6609731477458,1985.3829345703125,5464600
2025-07-09,1996.517796869421,2037.6681394334125,1996.517796869421,2033.795166015625,7604900
2025-07-10,2013.9461696708463,2032.3427933361088,1997.0019110317887,2007.652587890625,5623200
2025-07-11,2007.6525787044366,2016.8508904949801,1988.2877117769763,2007.16845703125,4712300
2025-07-14,2027.0175289443255,2029.9222591028317,2008.1367829140343,2011.525634765625,3597600
2025-07-15,2006.2002990516357,2013.9462461522212,1995.0655000945442,2005.2320556640625,4580000
2025-07-16,2005.716159013389,2008.1367674601827,1982.9624396135266,2004.2637939453125,3799800
2025-07-17,1991.6766018056276,1993.613088535628,1970.375247775621,1983.446533203125,3423200
2025-07-18,1989.7401363243966,1996.517839951779,1974.2482423189513,1978.1212158203125,3125100
2025-07-22,1975.7005339543455,1979.0893856420887,1950.042085461432,1974.2481689453125,4371300
2025-07-23,1994.5813510302155,2023.628652258811,1988.7718907844965,2003.7796630859375,7071800
2025-07-24,2021.6921019220397,2038.1522387671905,2017.81912854671,2019.755615234375,6306700
2025-07-25,2027.9856300372144,2040.088671515116,2015.3984669001966,2036.2156982421875,3264700
2025-07-28,2036.2157890933684,2045.8982227076974,2019.7556519490092,2021.692138671875,3254100
2025-07-29,2021.6922031324,2046.8665313323245,2014.9144993862665,2044.4459228515625,4213700
2025-07-30,2060.421819852941,2065.2630365349264,2049.287021484375,2057.51708984375,14617000
2025-07-31,2066.231448268335,2080.755099497963,2061.874352899447,2079.302734375,5064800
2025-08-01,2079.3024488939077,2090.921368282372,2066.2311645818854,2089.953125,4913800
2025-08-04,2004.2638007561025,2037.184075744367,1993.6131235540167,2030.4063720703125,6634100
2025-08-05,2043.9617799408434,2062.358404203693,2032.3428593537803,2049.771240234375,3902700
2025-08-06,2054.6125419809623,2105.929443359375,2054.1284202698453,2105.929443359375,5037500
2025-08-07,2091.4055629711056,2119.9687407987203,2082.2072514672973,2119.484619140625,4347700
2025-08-08,2114.64342418722,2195.975863579036,2106.8974775784754,2159.1826171875,10682600
2025-08-12,2264.236994911079,2328.1410537796405,2257.9434133558416,2312.1650390625,17093000
2025-08-13,2289.895574112004,2293.7685475988737,2261.8165163321946,2267.6259765625,6964100
2025-08-14,2251.1657490304115,2264.2370340247817,2226.959665707504,2237.126220703125,5933300
2025-08-15,2250.681717557443,2271.9830717352293,2238.094553725115,2267.6259765625,4861500
2025-08-18,2279.2449305071336,2294.7368246822034,2253.1023590867035,2256.4912109375,4600100
2025-08-19,2256.006959566157,2275.371826171875,2238.5785796210107,2275.371826171875,5491200
2025-08-20,2279.728874585763,2318.942728661246,2277.308266309499,2298.609619140625,6090400
2025-08-21,2304.419147486669,2316.0380675580304,2293.7684707545877,2315.06982421875,3579500
2025-08-22,2330.561674837863,2360.093096143453,2328.6251881948733,2351.37890625,6201200
2025-08-25,2384.7832538943044,2408.989336455148,2360.5771713334607,2374.61669921875,4835700
2025-08-26,2376.0691944503315,2382.3627762612227,2344.601285395875,2355.736083984375,4541100
2025-08-27,2335.402873165551,2358.6407126995364,2329.5934132820544,2350.41064453125,3816300
2025-08-28,2396.4024203903937,2458.8541198308703,2393.013568482771,2452.076416015625,8601900
2025-08-29,2478.70308776807,2480.6395745553887,2428.354431297781,2438.036865234375,5713500
2025-09-01,2469.0206235944875,2490.8060996850268,2440.4574438313352,2462.242919921875,5391200
2025-09-02,2482.5760137792895,2505.8138547819035,2475.3141884659726,2500.00439453125,4704100
2025-09-03,2511.623339273772,2521.7898948105394,2481.607794355697,2488.385498046875,6280800
2025-09-04,2467.568183323487,2504.3614307106927,2456.917506448244,2484.0283203125,3936900
2025-09-05,2517.4327181982826,2523.2421783172017,2494.194877722606,2522.758056640625,4107500
2025-09-08,2515.496468375561,2538.250189317372,2481.607947823927,2535.345458984375,5641300
2025-09-09,2527.1150788834952,2528.083322208738,2470.9569660194175,2493.2265625,5429100
2025-09-10,2527.1150821955666,2534.86102880766,2499.036025726727,2531.956298828125,4194300
2025-09-11,2561.4877693126027,2583.273244576082,2549.868849172081,2573.106689453125,4562300
2025-09-12,2582.789165266921,2594.4080855980187,2555.194229480564,2562.4560546875,4345000
2025-09-16,2556.162376094839,2589.5667707824423,2551.8052811355865,2570.201904296875,5014300
2025-09-17,2586.6620179609818,2588.11438293457,2556.162353515625,2556.162353515625,4251300
2025-09-18,2576.0116492673924,2576.979892698803,2543.5754943151437,2546.480224609375,4855200
2025-09-19,2532.9247497488523,2559.067321707269,2517.432855254975,2530.02001953125,8255800
2025-09-22,2519.853433720355,2558.5831694931944,2509.686878079985,2554.22607421875,3000400
2025-09-24,2578.4320972475653,2628.296630859375,2560.5195948821574,2628.296630859375,5404300
2025-09-25,2666.542468885436,2681.066120676751,2638.947530481937,2652.987060546875,5325400
2025-09-26,2686.875244140625,2715.9225440772802,2668.4786208474097,2686.875244140625,6067500
2025-09-29,2685.907053577543,2690.748270328764,2651.05029296875,2651.05029296875,4062700
2025-09-30,2579.884676755255,2609.900223754472,2535.3454779822237,2588.11474609375,8239800
2025-10-01,2568.749535106701,2578.916089994986,2542.6069653939676,2557.130615234375,5496600
2025-10-02,2575.527444502087,2597.7970427064283,2549.868994397085,2580.852783203125,4178300
2025-10-03,2532.4403515023578,2558.0987989559276,2502.908930848249,2515.49609375,6586200
2025-10-06,2585.2098542542017,2607.963573945203,2560.035526085434,2592.4716796875,5526500
2025-10-07,2627.8123712106344,2676.7086588842294,2618.129938007942,2621.03466796875,5550800
2025-10-08,2662.669305248587,2669.931130626538,2643.7885592659154,2655.8916015625,3798700
2025-10-09,2647.1774660481537,2698.4943664506964,2634.5903017984733,2697.526123046875,4255300
2025-10-10,2658.796304943049,2664.605765186916,2590.051025390625,2590.051025390625,5144000
2025-10-14,2551.3214417664267,2603.606587062589,2524.2106256869356,2546.480224609375,5694800
2025-10-15,2554.226017070672,2584.7256833093857,2552.7736520116855,2576.979736328125,3528400
2025-10-16,2604.574679516052,2606.511166266622,2581.82096019686,2603.122314453125,2901000
2025-10-17,2569.233642578125,2595.8603338051453,2565.8447909674132,2569.233642578125,3595100
2025-10-20,2604.0906342297067,2620.066650390625,2581.82103594479,2620.066650390625,3384300
2025-10-21,2644.272522006634,2654.9231985874003,2602.1539373463306,2608.931640625,3269000
2025-10-22,2598.7652025091656,2646.693249276753,2593.923985663955,2640.8837890625,4469400
2025-10-23,2659.2804936744155,2719.795706073706,2650.5663030889177,2709.629150390625,6239300
2025-10-24,2721.732142171595,2758.525390625,2716.8909252698318,2758.525390625,5171200
2025-10-27,2754.6523044649407,2812.746904910599,2738.1921676720044,2804.03271484375,6034100
2025-10-28,2805.001022495064,2820.4929163024235,2729.4780401841854,2743.033447265625,4464400
2025-10-29,2754.1683808632297,2757.5572327996056,2698.494384765625,2698.494384765625,4224900
2025-10-30,2723.1845976008176,2767.239672868671,2718.3433805384166,2763.36669921875,4928200
2025-10-31,2778.858600040424,2780.3109651623963,2724.1528471127986,2750.779541015625,5062000
2025-11-04,2753.1999680091594,2803.5486222509303,2746.4222645535365,2779.82666015625,4898000
2025-11-05,2759.0093190158063,2764.818778890906,2670.4150559205455,2748.358642578125,6344900
2025-11-06,2757.557043522355,2806.453332390992,2757.557043522355,2804.516845703125,3701600
2025-11-07,2788.056933374525,2814.1995057659515,2780.7951077102402,2803.548828125,3328900
2025-11-10,2857.286194891867,2886.33349609375,2857.286194891867,2886.33349609375,3898300
2025-11-11,2898.9205915319776,2906.6665383363384,2861.6432225359918,2869.873291015625,4164700
2025-11-12,2896.9841564052153,2956.0470018399474,2891.6588178824118,2924.094970703125,4828300
2025-11-13,2904.2461514662687,2946.364740427356,2892.1431086613584,2920.22216796875,5259000
2025-11-14,3079.9823120693895,3101.283667261319,3006.3958123154525,3074.1728515625,8507500
2025-11-17,3074.172644154396,3109.99764819651,3049.9665603421563,3076.109130859375,5584600
2025-11-18,3030.6018676757812,3096.442419433594,2982.189697265625,2982.189697265625,5946900
2025-11-19,3009.300420160061,3030.6017744855185,2959.920007860137,2977.348388671875,5630300
2025-11-20,3011.236787592205,3063.521927955542,3006.395570891896,3035.44287109375,4119500
2025-11-21,2967.665751075143,3069.331298828125,2964.7610211393435,3069.331298828125,8799300
2025-11-25,3098.3786936236393,3116.7753171170293,3067.394906687403,3112.90234375,5154200
2025-11-26,3117.7437146775264,3208.7585933047585,3114.8389845085726,3185.520751953125,6503900
2025-11-27,3227.155218450873,3260.075493706597,3203.917377093891,3224.25048828125,4439500
2025-11-28,3224.2505066046233,3248.4565914890422,3215.5363160462325,3225.21875,4049400
2025-12-01,3195.203178327645,3208.7585857508534,3080.9504586177472,3120.6484375,8160400
2025-12-02,3143.886321444229,3169.0606498573948,3071.26806640625,3071.26806640625,5273800
2025-12-03,3073.2045714533297,3099.3471434222142,3033.506591796875,3033.506591796875,5051300
2025-12-04,3092.56938506985,3108.061279296875,3065.4585701725564,3108.061279296875,4200300
2025-12-05,3108.0613341573435,3110.9660643761817,3072.236328125,3072.236328125,5027200
2025-12-08,3101.283557277262,3114.838964645942,3079.013959457288,3107.093017578125,2938200
2025-12-09,3076.1092896767054,3109.997808763481,3074.172802871747,3097.41064453125,3528600
2025-12-10,3145.8229010584637,3161.314795923633,3086.7600518850054,3114.839111328125,3868700
2025-12-11,3134.203795301903,3147.7592025104996,3104.1882507685823,3105.156494140625,2975200
2025-12-12,3091.601153426434,3109.029534498052,3076.1092591405513,3082.886962890625,5039300
2025-12-15,3114.8390320164776,3126.4579528695076,3095.474163928094,3123.55322265625,2892000
2025-12-16,3094.505701360241,3104.18813471869,3021.887451171875,3021.887451171875,6111200
2025-12-17,2972.507233010014,3020.9194029287437,2955.078851839271,3006.395751953125,4639100
2025-12-18,3066.4267806982343,3073.2044843499198,3009.3004213483146,3016.078125,5494200
2025-12-19,3010.2688163442463,3074.172882564484,3008.3323294890874,3049.966796875,7547800
2025-12-22,3092.569317586811,3105.1564813716036,3077.077423697835,3091.60107421875,3606500
2025-12-23,3143.886327850256,3156.4734920824867,3097.41064453125,3097.41064453125,4210400
2025-12-24,3079.0137319474566,3096.4421115622536,3049.966432589462,3069.331298828125,3513500
2025-12-25,3075.141027623298,3076.109271019905,3048.0302125183066,3057.712646484375,2652700
2025-12-26,3057.7124073119535,3062.5536239163102,3040.284027536268,3045.125244140625,4446900
2025-12-29,3071.6901506921736,3074.641806826727,3034.3025063211603,3046.109130859375,4565200
2025-12-30,3055.948025919661,3094.3195561871653,3041.1897450475444,3076.609619140625,3752900
2026-01-05,3103.1745099323552,3137.6104984699687,3064.8029798475864,3065.786865234375,7992300
2026-01-06,3113.9973456884263,3141.5461373722414,3102.1907206810765,3137.610595703125,5392400
2026-01-07,3118.9167981684604,3130.723423271937,2971.333984375,2971.333984375,14749800
2026-01-08,2976.253447445046,3031.3510319266734,2976.253447445046,2998.8828125,7702800
2026-01-09,3029.3831111810146,3079.561265994341,3019.5442572960487,3069.722412109375,5748700
2026-01-13,3125.803934070137,3129.73947569314,3074.641892971098,3110.061767578125,6961400
2026-01-14,3189.7563799491923,3222.2245972651467,3123.8360599440734,3213.36962890625,8930200
2026-01-15,3207.4663433648434,3234.0312486626503,3164.175386583232,3233.04736328125,4644700
2026-01-16,3168.111051508705,3182.869332804553,3132.69117639867,3143.513916015625,5200900
2026-01-19,3148.433349609375,3170.0788288879394,3112.0295890045168,3148.433349609375,3467400
2026-01-20,3148.433312972888,3157.288281665624,3104.1584695092065,3120.884521484375,3565600
2026-01-21,3065.786955148646,3144.497788400216,3063.8191843173568,3133.675048828125,3715400
2026-01-22,3179.917711727964,3201.56319120136,3164.175544838222,3170.078857421875,4029300
2026-01-23,3192.708232678865,3200.5793161492597,3166.143325966283,3177.949951171875,3048200
2026-01-26,3153.352810220547,3176.9660605934932,3113.9973929323032,3174.014404296875,3543400
2026-01-27,3149.4173089408523,3215.3376337453,3133.675141823372,3205.498779296875,3748200
2026-01-28,3235.0152244783903,3322.5810258709016,3230.095797433867,3300.935546875,7230800
2026-01-29,3329.468325704354,3378.66259765625,3233.0475526786367,3378.66259765625,6167600
2026-01-30,3425.889110377941,3472.1317261699464,3340.2910768906113,3387.517578125,7350700
2026-02-02,3412.114583138644,3435.727832848946,3266.4995432584483,3290.11279296875,5470500
2026-02-03,3368.823747090486,3381.6142578125,3343.2427256464575,3381.6142578125,3403200
2026-02-04,3443.5989564136653,3520.342018870884,3404.243539768938,3503.615966796875,4871100
2026-02-05,3556.745775296756,3575.4395981821335,3467.21220252995,3500.664306640625,5191800
2026-02-06,3455.405477276603,3605.93994140625,3454.421591890135,3605.93994140625,4470400
2026-02-09,3688.586395640432,3713.1835308474233,3607.9077921615003,3665.95703125,5180100
2026-02-10,3763.361598933782,3824.362492824996,3746.635547382965,3783.039306640625,5917700
2026-02-12,3847.9759416451393,3937.509516354857,3791.894471772019,3933.573974609375,7293000
2026-02-13,3596.1010752732013,3638.4081467470037,3388.5012594366362,3417.033935546875,18191100
2026-02-16,3492.7932037258765,3526.245307648885,3448.5183602983657,3485.906005859375,7331400
2026-02-17,3554.778016351604,3557.729672606532,3500.664318344591,3509.519287109375,5370800
2026-02-18,3512.470983364239,3554.778056833332,3503.6160144986147,3540.019775390625,4873200
2026-02-19,3615.778866362976,3684.6508447698893,3563.6329398548837,3659.06982421875,7756800
2026-02-20,3666.940851572061,3671.8602785261423,3605.9399573414553,3617.74658203125,8884300
2026-02-24,3686.618600987308,3687.602486389226,3562.649040345621,3648.2470703125,6024800
2026-02-25,3609.8756696332225,3619.7145240067116,3533.132605520006,3561.665283203125,5479000
2026-02-26,3630.537102749746,3663.989206135516,3595.1172285765774,3625.61767578125,4552400
2026-02-27,3650.214959395559,3738.7646484375,3624.6339381167763,3738.7646484375,6660000
2026-03-02,4132.3186224727115,4142.157476335742,3859.782370466773,3966.0419921875,20546300
2026-03-03,3935.5415266367936,3988.67133724639,3851.9112691957616,3952.267578125,14507700
2026-03-04,3955.2192864536255,3983.7519628981913,3676.779719770447,3809.604248046875,13913000
2026-03-05,3896.1862946106708,4118.5444013233,3875.524700624099,4093.947265625,16715900
2026-03-06,4094.9310591275053,4110.673225621028,3942.4288212215074,4025.0751953125,10470600
2026-03-09,4083.124447543282,4250.3849670812,3966.0420838667396,4034.9140625,34033700
2026-03-10,3886.347353088334,4083.1244342573636,3871.589072000657,4025.0751953125,12107400
2026-03-11,4016.220329451121,4140.189893760489,3976.8649122100514,4103.7861328125,8885200
2026-03-12,4172.657793895564,4229.72314453125,4097.882506855701,4229.72314453125,12324700
2026-03-13,4234.642683735456,4363.531668765508,4184.464529258107,4312.36962890625,14370700
2026-03-16,4329.095662900458,4378.289931797054,4273.014196358338,4299.5791015625,10523800
2026-03-17,4308.43424843906,4501.275790502101,4281.869342134458,4434.37158203125,13330200
2026-03-18,4475.694507018717,4643.938903743316,4454.04902907754,4599.6640625,11280100
2026-03-19,4668.536072037068,4723.633652655419,4624.26123046875,4624.26123046875,15309600
2026-03-23,4457.984800544244,4532.76009183565,4320.240842902179,4410.75830078125,16560400
2026-03-24,4341.886367909279,4542.5989940260915,4334.015284532149,4446.17822265625,14245400
2026-03-25,4544.566663795286,4549.486090796579,4298.595313730592,4372.38671875,12701000
2026-03-26,4510.130510587796,4619.341786040512,4502.259427672286,4611.470703125,9407200
2026-03-27,4614.422635323661,4821.03857421875,4577.034989237883,4821.03857421875,15318800
2026-03-30,4752.166584354878,4875.152262003814,4723.633907140325,4813.16748046875,20046600
2026-03-31,4850.554833838246,4852.522604561912,4602.61572265625,4602.61572265625,15010400
2026-04-01,4457.000719178765,4648.858366030831,4448.145750862516,4625.2451171875,14486800
2026-04-02,4407.806752244362,4629.180975292348,4243.497884470967,4493.40478515625,32548200
2026-04-03,4476.678392379679,4604.583489304813,4476.678392379679,4599.6640625,12217700
2026-04-06,4634.100328810672,4696.08511027884,4439.291015625,4439.291015625,11644300
2026-04-07,4493.404671369281,4559.324993896485,4407.806640625,4407.806640625,9903500
2026-04-08,4009.333168906957,4236.610705598369,3989.6554601025055,4133.302734375,21684100
2026-04-09,4202.174752627254,4210.045836219157,4114.608947667331,4161.83544921875,10197400
2026-04-10,4178.5613939199275,4190.368019002818,4055.5757159731434,4080.1728515625,8140300
2026-04-13,4283.837305646481,4317.289411386486,4168.722706482347,4208.078125,9931200
2026-04-14,4141.173803769205,4163.803168817124,4028.026978529609,4122.47998046875,8566200
2026-04-15,4058.5272239486526,4066.398307049644,3925.702696619424,3969.9775390625,11571700
2026-04-16,3969.977670223155,3997.5264619867853,3884.379638671875,3884.379638671875,8358100
2026-04-17,3932.59007245187,3964.0744062818576,3845.0242689872175,3920.783447265625,8819000
2026-04-20,3851.911280897797,3895.202237822319,3769.2649085873463,3781.071533203125,9948100
2026-04-21,3818.4591602454916,3822.3947017659716,3724.0061637539775,3768.281005859375,7801500
2026-04-22,3837.1532010318165,3848.9598262657605,3743.684084596426,3745.65185546875,7335600
2026-04-23,3793.8622065145505,3923.7350828786375,3778.1200396825398,3905.041259765625,11234600
2026-04-24,3935.5416014666175,4031.96237070255,3905.0411540552514,4008.34912109375,9212900
2026-04-27,3919.7994901001907,3919.7994901001907,3819.4431778536496,3866.669677734375,7017200
2026-04-28,3929.638351643979,4056.5595703125,3920.7833828996636,4056.5595703125,5972600
2026-04-30,4105.753876482492,4112.641074454066,3997.526479786333,4083.12451171875,9521700
2026-05-01,4064.430647106643,4097.882751198055,3977.848730634751,4051.64013671875,4706100
2026-05-07,3793.862052556818,3848.9596342329546,3759.426064009233,3787.958740234375,12599300
2026-05-08,3741.7162892584315,3758.4423415638203,3659.0699131612164,3726.9580078125,7428100
2026-05-11,3726.957843613972,3846.991860752542,3715.1512189773907,3785.990966796875,5603100
2026-05-12,3851.9114146513098,3923.735050224629,3837.153133369121,3880.444091796875,4919900
2026-05-13,3908.976750544191,3942.4288546263715,3857.814709006739,3866.669677734375,6330200
2026-05-14,3935.5416434151784,3942.428841291155,3749.5873007638115,3856.830810546875,7215000
2026-05-15,3801.7332288279454,3857.814697265625,3726.9579375777066,3857.814697265625,6169800
2026-05-18,3903.0734433211464,3937.5094328639343,3849.943630883702,3870.605224609375,5790500
2026-05-19,3907.9929468855653,3983.752125362451,3884.3796964512117,3928.654541015625,5379500
2026-05-20,3906.0251721833883,3961.1227564761516,3888.3152343750003,3925.702880859375,6209900
2026-05-21,3805.668723606419,3870.6051599451016,3796.8137550147803,3822.394775390625,5198800
2026-05-22,3759.4260494294776,3786.9748401607067,3717.118977949376,3777.135986328125,4170500
2026-05-25,3696.4573873829618,3729.9094904362014,3581.3427974644615,3599.052734375,6971200
2026-05-26,3576.4233837730885,3641.359819351912,3552.810134471698,3608.8916015625,4542200
2026-05-27,3591.1816922459507,3666.9408676714133,3584.2944944799997,3629.55322265625,4290700
2026-05-28,3541.9874276502846,3662.021446031766,3530.18080289145,3633.48876953125,6084900
2026-05-29,3546.906981134785,3584.29462753787,3520.3420744799614,3545.923095703125,12569800
2026-06-01,3496.728826375421,3507.5515661306626,3335.3716154790873,3360.95263671875,7288600
2026-06-02,3414.08240153337,3539.0358496586546,3372.759213964378,3509.519287109375,7383900
2026-06-03,3624.6338193578026,3671.860318632823,3590.1978303031005,3647.26318359375,4739100
2026-06-04,3587.246096426981,3601.0204917506167,3527.229088231137,3589.2138671875,3446600
2026-06-05,3591.181687001781,3665.9569769229142,3580.358947671091,3625.61767578125,3111500
2026-06-08,3598.0688261992327,3630.5370436628846,3545.9229011818525,3582.32666015625,4637600
2026-06-09,3541.9875384970073,3618.730601831109,3529.197027941324,3534.116455078125,4508300
2026-06-10,3480.002613629482,3495.7447798206244,3394.4045849651434,3426.872802734375,4697200
2026-06-11,3529.1970472047624,3590.197944034061,3503.616025953766,3548.874755859375,5556700
2026-06-12,3496.728766282444,3530.180870405574,3461.3088913285424,3501.648193359375,5425200
2026-06-15,3501.6481084165994,3577.407283563573,3412.114537788358,3438.679443359375,7143700
2026-06-16,3411.130743592501,3419.0018269350853,3306.8388893032584,3323.56494140625,6864700
2026-06-17,3274.3707061068703,3372.759248958639,3239.934716108751,3351.11376953125,7587200
2026-06-18,3386.533674745735,3448.5184572875655,3347.178257258858,3373.7431640625,5375100
2026-06-19,3352.0975353655135,3443.598876953125,3316.677661202567,3443.598876953125,6833200
2026-06-22,3443.5988069963564,3445.566577743212,3386.5334553375596,3392.436767578125,3710300
2026-06-23,3398.3400905750414,3419.0016834824173,3364.8879877726235,3400.307861328125,3912400
2026-06-24,3399.3241489750258,3402.275805254888,3331.4360545381874,3346.1943359375,4381600
2026-06-25,3355.0491519622756,3357.01692272589,3205.4985739275935,3234.03125,6161500
2026-06-26,3279.29006266786,3297.0,3242.88630259624,3297.0,5818800
2026-06-29,3317.0,3324.0,3278.0,3278.0,5371500
2026-06-30,3284.0,3294.0,3230.0,3265.0,4977600
2026-07-01,3293.0,3297.0,3194.0,3205.0,3772600
2026-07-02,3206.0,3238.0,3192.0,3204.0,4501300
2026-07-03,3235.0,3261.0,3215.0,3242.0,3551900
2026-07-06,3242.0,3316.0,3240.0,3309.0,2810900
2026-07-07,3327.0,3330.0,3261.0,3281.0,4370300
2026-07-08,3350.0,3412.0,3324.0,3388.0,6251700
2026-07-09,3457.0,3470.0,3391.0,3427.0,5051800
2026-07-10,3400.0,3407.0,3345.0,3361.0,4012600
2026-07-13,3384.0,3419.0,3359.0,3391.0,3123300
2026-07-14,3455.0,3550.0,3452.0,3524.0,6930300
2026-07-15,3491.0,3528.0,3424.0,3450.0,4976000
2026-07-16,3451.0,3475.0,3414.0,3429.0,3872600
2026-07-17,3440.0,3457.0,3375.0,3401.0,3813400
2026-07-21,3525.0,3580.0,3495.0,3580.0,5933000
2026-07-22,3598.0,3634.0,3563.0,3615.0,4007500
2026-07-23,3620.0,3697.0,3610.0,3697.0,4803200
2026-07-24,3760.0,3761.0,3691.0,3761.0,6774300
2026-07-27,3688.0,3726.0,3650.0,3652.0,6330600
2026-07-28,3593.0,3607.0,3534.0,3566.0,4170000
2026-07-29,3555.0,3651.0,3555.0,3616.0,4149600
2026-07-30,3652.0,3678.0,3589.0,3628.0,3741500
2026-07-31,3590.0,3641.0,3588.0,3627.0,3219500
2026-08-03,3600.0,3601.0,3430.0,3519.0,4281000
2026-08-04,3507.0,3528.0,3466.0,3492.0,3085500
2026-08-05,3451.0,3472.0,3385.0,3394.0,4662800
2026-08-06,3400.0,3435.0,3398.0,3425.0,735800
