Date,Open,High,Low,Close,Volume
2015-01-05,2837.443656708275,2865.7551787818606,2783.966337235946,2815.423583984375,1945500
2015-01-06,2765.0915585079706,2846.880387314805,2761.9458343230926,2793.403076171875,1735800
2015-01-07,2799.6949807934975,2821.715053676143,2620.3886730348127,2648.7001953125,2430600
2015-01-08,2705.3232176899232,2818.5693058722923,2705.3232176899232,2758.800537109375,3021700
2015-01-09,2780.8203914703163,2818.5690845671984,2739.925973948694,2761.946044921875,1549400
2015-01-13,2705.3229669939005,2875.1920835260757,2695.885793853224,2868.900634765625,2550800
2015-01-14,2865.7541126315873,3001.020223326602,2850.0254951089114,2969.56298828125,3497100
2015-01-15,2953.8352213898206,2966.418119031524,2821.714796151937,2872.04638671875,2318600
2015-01-16,2843.7346631299265,2912.940595197248,2758.800110138214,2793.403076171875,1562600
2015-01-19,2805.9861308058644,2809.1318551677546,2714.7601243110553,2755.654541015625,1062300
2015-01-20,2724.197616935336,2733.6347911279527,2664.428847048764,2680.157470703125,1600100
2015-01-21,2673.8660212413806,2733.6347911279527,2654.9916728561475,2680.157470703125,1050300
2015-01-22,2680.1572195368703,2689.594392845099,2585.785486454586,2623.5341796875,1451800
2015-01-23,2610.951496605734,2664.428816415731,2551.1827274063257,2592.0771484375,1664800
2015-01-26,2570.0569029758612,2626.6799436778997,2437.9364746711044,2488.26806640625,3047400
2015-01-27,2463.10155670166,2563.764710998535,2459.9558331298826,2516.578857421875,1849800
2015-01-28,2507.142581680446,2607.8057719110284,2503.99685698574,2592.0771484375,1493600
2015-01-29,2607.8052725758275,2761.945753102022,2607.8052725758275,2673.865478515625,3150900
2015-01-30,2680.1568634069577,2708.468379569707,2579.4936948282925,2639.262451171875,2095900
2015-02-02,2645.5545243497377,2686.448946248129,2598.368652928518,2626.68017578125,1112700
2015-02-03,2636.1168558054956,2805.9859610721983,2629.8254074622846,2736.780029296875,3332800
2015-02-04,2799.694412199456,3007.312200070427,2761.945723495643,3001.020751953125,5630000
2015-02-05,2969.564263975789,2988.4386131112283,2853.172444307246,2890.921142578125,3350000
2015-02-06,2938.1061368964993,2956.98048038834,2818.5686281148432,2903.503173828125,3378500
2015-02-09,2960.125855898528,2982.145920713926,2667.5735662082375,2730.488037109375,8335100
2015-02-10,2733.634455983232,2903.503570624307,2733.634455983232,2837.443359375,4956100
2015-02-12,2705.322585809426,2736.7798251793033,2658.1367267546107,2686.4482421875,3711200
2015-02-13,2648.6999109816493,2658.1370840611567,2529.162385307893,2560.61962890625,3726200
2015-02-16,2570.0568019857574,2620.388391743128,2535.453834027565,2560.61962890625,1552400
2015-02-17,2592.076849053376,2629.8255410298816,2573.2025030651234,2585.785400390625,1402500
2015-02-18,2614.0970430661796,2736.7802977949173,2598.3684206650596,2711.614501953125,3825000
2015-02-19,2752.5088787078857,2850.026336124965,2730.4888076782227,2818.569091796875,3488100
2015-02-20,2872.0463424055542,2903.503586024454,2739.925919206175,2755.654541015625,2919400
2015-02-23,2758.7999930245537,2796.548681640625,2714.7598563058036,2752.508544921875,1367800
2015-02-24,2752.5085591491843,2765.0914554195806,2686.4483537296037,2699.03125,1145000
2015-02-25,2717.9051429291476,2780.819613830285,2702.176525203863,2730.488037109375,1127800
2015-02-26,2749.3626436455306,2765.0912628883543,2695.8853382199313,2705.322509765625,892500
2015-02-27,2689.5941724549384,2783.9658978042344,2689.5941724549384,2765.091552734375,1571200
2015-03-02,2783.965891870959,2796.5487885573816,2714.7599600956355,2736.780029296875,1108800
2015-03-03,2758.7997672357087,2758.7997672357087,2692.739567564158,2727.342529296875,831800
2015-03-04,2721.0514199196755,2850.0261114996833,2680.1570055162583,2793.403076171875,2389800
2015-03-05,2768.2371443233296,2843.734520986693,2755.654248212769,2777.67431640625,2005500
2015-03-06,2774.528736739653,2840.5889447572636,2771.3830125483382,2821.714599609375,1658000
2015-03-09,2809.1315566826515,2859.463141124894,2777.67431640625,2777.67431640625,1428400
2015-03-10,2783.966064453125,2818.569032485876,2755.6545451536017,2783.966064453125,1037400
2015-03-11,2765.091420295689,2805.985832655011,2758.7999722404093,2777.67431640625,668400
2015-03-12,2783.9659312605454,2840.5889671505906,2783.9659312605454,2796.548828125,1000600
2015-03-13,2828.0059642407714,2837.4431365352348,2787.111550964765,2812.27734375,982900
2015-03-16,2818.569032485876,2824.8604812191033,2777.6746157198977,2783.966064453125,734900
2015-03-17,2799.694176275546,2815.422795243386,2783.965557307706,2809.13134765625,729400
2015-03-18,2815.4233081192624,2831.1519299523306,2777.6746157198977,2783.966064453125,883100
2015-03-19,2780.8201851222825,2821.714599609375,2765.0915641657084,2821.714599609375,814700
2015-03-20,2831.151942202919,2997.8753343548688,2802.84042278089,2868.900634765625,4684200
2015-03-23,2894.065916936443,3007.311974555695,2875.1915739999013,2975.854736328125,2677100
2015-03-24,3001.0206512512577,3170.88974471831,2988.4377554388834,3126.849609375,6012300
2015-03-25,3208.639069070145,3252.6792131554216,3073.372912236796,3085.955810546875,3688000
2015-03-26,3092.2467282110833,3170.8898291320165,2975.854938848103,3026.1865234375,2511000
2015-03-27,3035.1037833516666,3168.8649154616037,3025.5494167723855,3098.799560546875,2175600
2015-03-30,3133.832517997382,3156.126042007526,3038.2888436681937,3041.4736328125,1403700
2015-03-31,3060.5818275483057,3168.86463934502,3009.625210232205,3095.614501953125,2442700
2015-04-01,3117.908500385182,3121.0932894560556,2955.484257770632,2971.408203125,1802000
2015-04-02,2974.59370283058,3022.3655503064456,2930.006645186438,3000.072021484375,1402000
2015-04-03,3000.0713047628615,3019.1800391881025,2949.114679628885,2971.408203125,797100
2015-04-06,2968.2237637770595,3019.180394914863,2942.7454482081575,3015.99560546875,1020700
2015-04-07,3031.9191640378544,3035.1039530757093,2993.701695583596,3028.734375,766100
2015-04-08,3035.1045700294385,3098.8003637341485,3015.9958319180255,3076.5068359375,1421000
2015-04-09,3060.5826068535052,3079.691343212632,2996.886818989749,3009.6259765625,1615900
2015-04-10,3000.072021484375,3022.3655503064456,2980.9632824940286,3000.072021484375,649600
2015-04-13,3003.25604241491,3022.36477651299,2961.8537852024033,2965.03857421875,738700
2015-04-14,2965.0381780074817,3035.103527004436,2949.1142350536284,3006.4404296875,1287000
2015-04-15,3006.4415764479277,3031.9198948924018,2977.7784681978947,2996.88720703125,789200
2015-04-16,3009.6256816779064,3015.9952598401874,2987.3321581099217,3003.256103515625,651800
2015-04-17,2993.701649655578,3006.440805611559,2961.853759765625,2961.853759765625,903600
2015-04-20,2930.0054597750272,2980.962076466767,2907.711939972391,2910.896728515625,677000
2015-04-21,2917.2667184069705,2936.375452370335,2898.157984443606,2901.3427734375,611100
2015-04-22,2894.973478783865,2977.7780007292786,2882.234321561494,2968.2236328125,900200
2015-04-23,2984.1473594084937,3003.256093833735,2945.9298905580117,2971.408203125,943000
2015-04-24,3015.995680252878,3057.397944078947,2987.332574527138,3025.550048828125,1667100
2015-04-27,3019.1798431233287,3076.5060426763034,2968.2232212984627,2977.777587890625,1401800
2015-04-28,2949.114720755912,2971.4082445629224,2920.4516187183276,2945.929931640625,728900
2015-04-30,2945.930188698743,3035.1042917080026,2939.560609912368,3009.6259765625,1672300
2015-05-01,2965.0387851880946,2990.5170991317086,2910.8973680579147,2930.006103515625,1169200
2015-05-07,2891.7890656913805,2949.1152806500204,2888.604275971456,2923.636962890625,808400
2015-05-08,2904.5276574210384,2984.147384872273,2904.5276574210384,2974.593017578125,1143500
2015-05-11,2996.886063915188,3022.3643726413534,2984.1469095521056,3006.4404296875,717300
2015-05-12,3031.918730307999,3095.614501953125,3006.440421649949,3095.614501953125,1991000
2015-05-13,3210.2677616816263,3273.963550603881,3006.441237130412,3015.99560546875,6347300
2015-05-14,3035.104672210385,3162.4962639086175,3022.3655130405623,3152.94189453125,2628400
2015-05-15,3152.9414207534032,3242.1155215423887,3111.539159672803,3216.63720703125,2785500
2015-05-18,3280.3329069200777,3344.0286915204674,3235.7458576998047,3267.59375,3114800
2015-05-19,3273.963344362452,3337.6591292722273,3197.5284024707216,3331.28955078125,2028200
2015-05-20,3324.919719175219,3458.680857302958,3299.441407150888,3452.311279296875,3289700
2015-05-21,3439.5717497051887,3496.897945533609,3337.658512676887,3375.8759765625,2708600
2015-05-22,3401.3549378122098,3452.3115660940407,3382.246202206523,3426.833251953125,1458700
2015-05-25,3465.0506296210724,3509.6376781639906,3433.2027378047023,3445.94189453125,1780100
2015-05-26,3452.311258186971,3458.6808361541057,3356.7675886799516,3388.615478515625,1076200
2015-05-27,3344.0285233784266,3369.5068359375005,3267.5935857012055,3369.5068359375,1736400
2015-05-28,3401.3548198743465,3420.463554817461,3344.028615045004,3350.398193359375,775000
2015-05-29,3350.398010712817,3388.615478515625,3299.44138697574,3388.615478515625,1079600
2015-06-01,3382.245849609375,3420.4633168365995,3350.3979602533545,3382.245849609375,611400
2015-06-02,3394.9850564827593,3407.724212417029,3356.7675886799516,3388.615478515625,424800
2015-06-03,3388.6152732155538,3388.6152732155538,3356.7673853093925,3363.136962890625,319600
2015-06-04,3420.463389266461,3541.4853713820344,3394.98507724213,3452.311279296875,2413100
2015-06-05,3433.2028226870307,3445.941979728541,3356.767880437969,3394.9853515625,935700
2015-06-08,3375.876616000234,3420.4636656455205,3356.767880437969,3394.9853515625,486100
2015-06-09,3375.8762321115655,3407.72412109375,3356.767498722255,3407.72412109375,724500
2015-06-10,3401.3546155992444,3477.78955078125,3394.9850376674103,3477.78955078125,1236700
2015-06-11,3490.5296373279816,3535.1166947391052,3439.573000286697,3471.4208984375,2061100
2015-06-12,3484.1591287130836,3496.8982845767514,3426.8329273265795,3477.78955078125,875500
2015-06-15,3516.007822833995,3637.029831228643,3503.2686640556108,3611.551513671875,3244300
2015-06-16,3630.658942572504,3675.2459822181313,3503.2674007278547,3541.48486328125,2350000
2015-06-17,3617.920993501106,3649.768889570658,3554.225201362002,3598.812255859375,1136100
2015-06-18,3643.399375733255,3738.94306565633,3598.8123204358203,3732.573486328125,3279200
2015-06-19,3764.4206833036824,3872.703511757426,3687.985745571628,3859.96435546875,3413400
2015-06-22,3859.9644331855407,3993.725576909792,3815.377385277457,3961.877685546875,3520200
2015-06-23,4006.4658199212486,4031.944139920748,3930.030859922751,3974.617919921875,2220300
2015-06-24,4000.0956193325856,4248.509200787953,3974.6173032858815,4082.900146484375,4713700
2015-06-25,4133.855816032313,4172.073281203644,3974.616377818433,4025.572998046875,2936300
2015-06-26,4006.465365650615,4012.834944928279,3859.9650422643444,3885.443359375,2086400
2015-06-29,3758.0511950339446,3942.768965637308,3738.9424601439414,3840.855712890625,2266800
2015-06-30,3872.70361328125,3904.551504837839,3809.0078301680715,3872.70361328125,1241500
2015-07-01,3910.9216518730436,4095.6394497628125,3859.9650179724176,4070.1611328125,2611900
2015-07-02,4165.704417102742,4191.182731580435,4019.2041088560095,4051.052001953125,2784600
2015-07-03,4089.2698619460452,4095.6394411702604,3961.878277461745,4006.46533203125,1253700
2015-07-06,3974.616391080097,4063.7904767774066,3879.072727832979,3936.39892578125,1545400
2015-07-07,3993.72597421875,4025.5738687499997,3936.3997640625,3980.98681640625,921200
2015-07-08,3796.2695739319274,3840.8566326861614,3388.6164653217875,3643.399658203125,6217700
2015-07-09,3452.311319262956,3637.0290835777637,3293.0718672674325,3579.702880859375,4022500
2015-07-10,3605.181835073285,3707.0951024958517,3566.964359789823,3598.812255859375,1998400
2015-07-13,3662.5081100069924,3745.312641189759,3611.551475432982,3700.7255859375,1682000
2015-07-14,3789.898617393092,3796.2681949013154,3713.4636872944075,3751.68115234375,1342500
2015-07-15,3764.420623779297,3770.7902018229165,3649.7682189941406,3668.876953125,896100
2015-07-16,3662.507837119223,3789.8994140625,3656.138258272059,3789.8994140625,1096500
2015-07-17,3802.6381521697094,3859.9643554687505,3758.0511051593444,3859.96435546875,2118000
2015-07-21,3904.5521242335412,3917.291282877044,3700.7255859375,3700.7255859375,2007700
2015-07-22,3713.46474834351,3783.530120953765,3662.5081137178704,3732.573486328125,1316600
2015-07-23,3694.355424760698,3700.725003079251,3516.007231841216,3535.115966796875,3428000
2015-07-24,3420.4635724879026,3490.5289343079526,3388.6156807515163,3414.093994140625,4686000
2015-07-27,3414.0939765030894,3516.0072295330324,3331.289458416261,3350.398193359375,2297900
2015-07-28,3286.7024102156606,3388.6156632456036,3261.2240969581753,3350.398193359375,2340800
2015-07-29,3388.6160562529817,3394.9856353060886,3324.9202657219107,3337.659423828125,889900
2015-07-30,3344.0282568077128,3350.397834439728,3261.2237475915217,3305.810791015625,1430300
2015-07-31,3305.8116830154504,3420.464111328125,3280.3333656126338,3420.464111328125,1863000
2015-08-03,3375.876943734976,3401.3552602914665,3299.441994065505,3312.18115234375,1558500
2015-08-04,3299.44121338361,3331.2891015436835,3267.593325223537,3305.810791015625,1111100
2015-08-05,3318.550393799295,3388.6157572000475,3318.550393799295,3331.28955078125,1085800
2015-08-06,3337.6588742760614,3344.0284522804054,3299.44140625,3299.44140625,553600
2015-08-07,3312.1807146713054,3344.0286061585293,3280.332823184081,3318.55029296875,710000
2015-08-10,3356.768160987446,3420.463951518517,3312.1811076156964,3337.659423828125,1502300
2015-08-11,3337.658652565696,3394.9848507967863,3312.180342240767,3363.136962890625,1019900
2015-08-12,3337.6594689002404,3344.0290480393633,3267.594098369892,3312.18115234375,1247600
2015-08-13,3273.9636332970535,3356.768160987446,3267.5940542439466,3337.659423828125,1534400
2015-08-14,3426.8332115009744,3465.0506822612083,3254.854593079922,3267.59375,4600300
2015-08-17,3203.897815627485,3210.2673937897666,2993.701736272203,3003.256103515625,5672400
2015-08-18,3003.256212957974,3114.723834859914,3003.256212957974,3047.84326171875,3463100
2015-08-19,3054.212099900886,3063.766465176906,2936.374928163313,2987.33154296875,2420300
2015-08-20,2933.190689086914,2974.5929463704424,2901.342798868815,2904.527587890625,1997800
2015-08-21,2789.875438000572,2853.5712242562927,2732.549230370423,2783.505859375,3595300
2015-08-24,2694.3316519492287,2808.984062670472,2522.353035867363,2554.200927734375,4850300
2015-08-25,2465.0266441231342,2767.581593983209,2388.591709421642,2560.5703125,6469500
2015-08-26,2630.636019772046,2796.245067021618,2598.788126070205,2789.87548828125,4171000
2015-08-27,2834.462753563597,2850.386701617325,2700.7015899122807,2722.9951171875,3592100
2015-08-28,2770.766500072171,2796.244812716513,2722.9946638640304,2758.02734375,2312200
2015-08-31,2668.853660235874,2672.038449806561,2557.386025261822,2656.114501953125,4117800
2015-09-01,2630.635524348463,2633.8203131188607,2493.689607221364,2512.79833984375,2851600
2015-09-02,2426.8089814305904,2605.157148044912,2426.8089814305904,2535.091796875,3013700
2015-09-03,2579.6794505491757,2592.4186083296654,2477.7661883052574,2487.320556640625,2368500
2015-09-04,2515.983563591452,2515.983563591452,2302.602679084329,2382.222412109375,3477500
2015-09-07,2356.744118031009,2528.7227428602987,2312.1570671493414,2477.76611328125,3530000
2015-09-08,2471.396229397846,2528.7224305952186,2391.776505512606,2439.54833984375,1902500
2015-09-09,2547.8310785060976,2617.8964331650154,2512.798401176639,2611.52685546875,2958000
2015-09-10,2547.831494548984,2713.4405416946684,2544.646705180798,2665.668701171875,2583500
2015-09-11,2646.5600529437233,2691.147105580561,2605.157789780945,2614.712158203125,1988200
2015-09-14,2637.0058267019053,2640.1906163476806,2493.690292642019,2570.125244140625,1677400
2015-09-15,2586.0491220535164,2614.7122280861295,2538.2772786658284,2592.418701171875,1124000
2015-09-16,2608.342146688433,2630.635669309702,2551.0159456623137,2560.5703125,849100
2015-09-17,2576.4941647740125,2659.2986743959214,2573.3093759424005,2640.18994140625,1218000
2015-09-18,2627.4513217085964,2646.56005859375,2566.9403215722773,2646.56005859375,1129600
2015-09-24,2601.97280876102,2614.7119657194585,2528.72265625,2528.72265625,1254600
2015-09-25,2528.7218371582035,2563.754507446289,2461.841284790039,2547.83056640625,1210800
2015-09-28,2570.5222778320312,2706.6659545898438,2570.5222778320312,2696.94140625,1359500
2015-09-29,2645.0770223496834,2648.318538308445,2521.8994159167323,2560.797607421875,1406100
2015-09-30,2602.9371987137138,2693.6996415082144,2567.2805247587316,2645.076904296875,1371900
2015-10-01,2683.974928042763,2813.6355525858917,2667.767349974872,2771.495849609375,1967700
2015-10-02,2739.0809977027316,2888.1907324889157,2732.5979657555063,2833.0849609375,1856300
2015-10-05,2875.224546397816,2982.194568980824,2852.533935546875,2852.533935546875,2602600
2015-10-06,2897.915212915871,2923.8473401008005,2752.0469975006426,2758.530029296875,1848600
2015-10-07,2784.4622806968027,2839.568053423049,2758.53015235504,2803.911376953125,877700
2015-10-08,2816.876841699551,2891.43169481703,2813.6353263466167,2862.258056640625,1295500
2015-10-09,2897.915154973301,2910.881218306515,2813.635743307411,2826.601806640625,981500
2015-10-13,2871.9824820135946,2878.4655124470337,2833.084299412959,2868.740966796875,759100
2015-10-14,2852.533128955696,2875.223733390571,2800.6688902474107,2816.87646484375,844300
2015-10-15,2794.186828824964,2855.775633636651,2774.7377325686416,2803.911376953125,777800
2015-10-16,2826.6019892521676,2862.258665722092,2803.911376953125,2803.911376953125,1020600
2015-10-19,2777.9789516301253,2846.05078125,2739.0807632759115,2846.05078125,993300
2015-10-20,2846.0504031711152,2846.0504031711152,2761.771006266276,2800.669189453125,732800
2015-10-21,2787.703128390842,2816.8767657809785,2777.9785825941294,2800.669189453125,427600
2015-10-22,2810.3942862606823,2865.5000565795194,2784.462159051818,2797.42822265625,909600
2015-10-23,2842.8095694657695,2842.8095694657695,2797.4283448676842,2803.911376953125,509000
2015-10-26,2826.6018142361113,2917.3642578125,2813.6357508680558,2917.3642578125,1415700
2015-10-27,2946.5382084133616,3008.127015849944,2920.6060789663793,2927.089111328125,1496000
2015-10-28,2923.847049124966,2969.2282671823377,2920.6055335494393,2943.296142578125,708200
2015-10-29,2978.9528286925747,3034.05859375,2949.779188368055,3034.05859375,1604500
2015-10-30,3059.990962587554,3063.232478437753,2959.503971231395,3008.126708984375,1241700
2015-11-02,3037.2997335017885,3043.7827638827953,2985.435490453732,3001.64306640625,767700
2015-11-04,3008.126456277412,3030.817065322608,2956.26220703125,2956.26220703125,830900
2015-11-05,2959.503851909022,3017.851134860131,2875.224443201865,3014.609619140625,939300
2015-11-06,3034.0578016608856,3069.7144638598916,2991.918109971151,3037.29931640625,1224600
2015-11-09,2884.9492780211344,2914.122922405618,2781.2207646540824,2803.911376953125,3935700
2015-11-10,2761.771113835328,2794.1862677535833,2703.423836782469,2742.322021484375,1688800
2015-11-11,2755.2888166600205,2810.394592993221,2752.0473004051264,2794.18701171875,709300
2015-11-12,2797.4284057617188,2836.3265991210938,2777.9793090820312,2787.703857421875,705400
2015-11-13,2761.771849169809,2803.911560483433,2739.08123538555,2794.18701171875,576700
2015-11-16,2768.2545769912235,2784.4621564818044,2742.322449806294,2758.530029296875,539000
2015-11-17,2787.7039179642447,2820.1190798010384,2774.7378532295274,2810.39453125,634400
2015-11-18,2826.601991710599,2962.7456656232657,2810.394411482901,2920.60595703125,1945400
2015-11-19,2953.02056547927,2959.5035963584783,2891.4317721267935,2936.81298828125,1138000
2015-11-20,2927.0888687954516,2978.9531233920484,2910.8812892340147,2953.02099609375,663600
2015-11-24,2972.470045552823,3157.236449692966,2969.2285296907153,3150.75341796875,2141800
2015-11-25,3173.4431796258436,3199.375299581928,3085.922274774058,3183.167724609375,2281600
2015-11-26,3176.685078938802,3299.8626636323474,3153.994471232096,3267.447509765625,2430000
2015-11-27,3247.998170890656,3293.3793828591884,3228.5490800469993,3254.481201171875,854700
2015-11-30,3280.4135713123137,3293.379632859003,3163.719017392113,3267.447509765625,1230500
2015-12-01,3273.9306591894338,3273.9306591894338,3212.341864610623,3247.99853515625,807500
2015-12-02,3241.5157604768783,3390.625485458815,3228.5496974349708,3364.693359375,1812200
2015-12-03,3364.69287437395,3416.5571190656487,3338.760752028101,3377.658935546875,994000
2015-12-04,3319.312252964427,3351.7274116847825,3280.4140625,3280.4140625,814700
2015-12-07,3345.2445102842516,3513.8033421977993,3325.7954142942267,3442.489990234375,2893200
2015-12-08,3416.5571089957525,3448.972261832524,3332.2777116201455,3338.7607421875,1389800
2015-12-09,3306.345095401174,3416.556598581213,3299.8620658023483,3312.828125,1042000
2015-12-10,3267.447628181138,3325.7949072558013,3202.6173180981787,3247.99853515625,782100
2015-12-11,3273.9309008049245,3299.863026751894,3183.16845999053,3209.1005859375,967300
2015-12-14,3163.7194166233094,3186.4100271933535,3102.1306165046176,3115.0966796875,1505400
2015-12-15,3150.7530994797153,3189.651285893045,3056.749148980835,3076.1982421875,920200
2015-12-16,3173.4431796258436,3192.892269592907,3098.8883347521005,3183.167724609375,900800
2015-12-17,3228.5496862574555,3286.8969697440357,3192.8930130156564,3260.96484375,1111500
2015-12-18,3218.82399673215,3241.5145989246225,2969.227372614954,3004.884033203125,3167800
2015-12-21,2969.2286410645565,3053.508056640625,2936.8134812276076,3053.508056640625,1368800
2015-12-22,3098.8897203836,3111.8557861592635,2988.6781612904592,2991.919677734375,954500
2015-12-24,2982.194886958799,3001.643984047661,2875.2248529700596,2901.156982421875,1226500
2015-12-25,2901.156982421875,2901.156982421875,2901.156982421875,2901.156982421875,0
2015-12-28,2888.19049993803,2965.9868770407375,2871.982921374966,2962.745361328125,864700
2015-12-29,2940.054506406679,2972.4696608323316,2901.156321095896,2949.779052734375,617400
2015-12-30,2940.054506406679,2972.4696608323316,2917.363898308722,2949.779052734375,786700
2016-01-04,2956.2617230144647,3047.024144335084,2943.295662825805,2969.227783203125,1220000
2016-01-05,2946.5381469726562,2946.5381469726562,2826.60205078125,2865.500244140625,1633800
2016-01-06,2888.1909831106805,2897.915531875363,2729.3566866208675,2794.18701171875,1443300
2016-01-07,2771.495966599472,2800.669608353151,2700.1826200904798,2726.11474609375,1486500
2016-01-08,2661.283961715069,2816.876690292808,2625.6272947493376,2752.04638671875,1660500
2016-01-12,2687.2167341983118,2709.907345946669,2615.9033829891887,2651.56005859375,1452500
2016-01-13,2696.941226387249,2794.186703300251,2696.941226387249,2745.56396484375,1061600
2016-01-14,2658.0427269796724,2671.0087890625,2596.453932086241,2671.0087890625,1011400
2016-01-15,2709.907343457762,2784.462210562461,2580.246705014807,2599.69580078125,1102000
2016-01-18,2466.7926985180106,2567.2796546994277,2450.5851249403627,2547.83056640625,1136600
2016-01-19,2551.072937321542,2580.246579552665,2502.4502002696704,2554.314453125,811100
2016-01-20,2567.280431979025,2573.7634633729112,2356.5819116777157,2376.031005859375,1964400
2016-01-21,2398.7216715040154,2492.725628900794,2320.92529296875,2320.92529296875,2322800
2016-01-22,2502.4504999398264,2602.9375018804153,2401.9634979992375,2525.14111328125,5805500
2016-01-25,2586.7294728623847,2609.4200822734583,2424.6536913547166,2457.06884765625,3034300
2016-01-26,2411.6868984375,2483.0002207031253,2379.271751953125,2431.135986328125,1328500
2016-01-27,2492.725471506326,2544.589720588382,2473.276378100555,2538.106689453125,1555800
2016-01-28,2518.657835489117,2599.6957323838765,2492.7257084827943,2499.208740234375,1462900
2016-01-29,2489.484005905512,2512.174615334338,2411.6876307209645,2470.034912109375,2508900
2016-02-01,2508.933172305727,2560.797423929618,2505.691656579234,2557.555908203125,1334200
2016-02-02,2573.763732833189,2619.144957341583,2557.55615265162,2570.522216796875,1290100
2016-02-03,2499.2085508482437,2505.6915821085504,2431.1367226150232,2457.06884765625,1499500
2016-02-04,2444.102659834192,2453.8272062261053,2392.2384124106547,2437.61962890625,1207400
2016-02-05,2395.479789838399,2434.3779731645973,2307.958877354452,2366.30615234375,1528700
2016-02-08,2320.925003445132,2408.4459183795157,2278.7853036619103,2388.996826171875,1723400
2016-02-09,2275.544190828565,2327.408445890185,2269.0611589458626,2301.476318359375,1964200
2016-02-10,2314.4419734303547,2320.925004168255,2077.811351496999,2126.43408203125,3803400
2016-02-12,1977.3242734083487,2048.6376078591416,1920.2736058477144,1954.6336669921875,3667900
2016-02-15,2087.535949042574,2110.226557184341,2022.7056400660963,2084.29443359375,1599700
2016-02-16,2084.2948025254227,2239.8875716097464,2084.2948025254227,2181.540283203125,1571800
2016-02-17,2181.5400997343518,2304.717698233468,2152.366457984561,2178.298583984375,1875400
2016-02-18,2278.7848524613814,2291.7509113658557,2233.4036462957206,2282.0263671875,1147600
2016-02-19,2249.61200587839,2346.857481636822,2226.9213948680895,2330.64990234375,1766300
2016-02-22,2298.2347476881378,2398.721739477041,2291.7517159598215,2382.51416015625,1246200
2016-02-23,2405.2047691712514,2427.895380201169,2337.1329360814993,2356.58203125,1326900
2016-02-24,2311.201164956035,2444.103335731908,2304.7181322352603,2401.963623046875,1580700
2016-02-25,2470.0342132335404,2551.07208112178,2466.7926985180106,2547.83056640625,2017900
2016-02-26,2557.555958581349,2560.797474371693,2414.9292638062166,2450.5859375,1789600
2016-02-29,2470.035216882018,2512.1749253065145,2437.6200565554823,2453.82763671875,1138800
2016-03-01,2460.3100098921227,2502.44970703125,2424.6533430820923,2502.44970703125,730500
2016-03-02,2557.555550395025,2619.1443405819773,2551.07251984903,2589.970703125,1727000
2016-03-03,2599.6958031689337,2671.0091543780563,2596.4542872048823,2651.56005859375,1291600
2016-03-04,2667.7669260201715,2729.355712890625,2661.2838958232815,2729.355712890625,1283000
2016-03-07,2774.736915936001,2807.152066823104,2693.699038718244,2703.423583984375,1202300
2016-03-08,2687.2167956738163,2700.182859826645,2580.2467664129767,2635.3525390625,1387400
2016-03-09,2589.970555879515,2703.423583984375,2583.4875257020944,2703.423583984375,1104500
2016-03-10,2722.873354417597,2774.737608787456,2709.9072908251323,2758.530029296875,901900
2016-03-11,2722.872929133422,2748.805052268026,2680.7332290396903,2742.322021484375,884600
2016-03-14,2758.5300310021644,2784.462158203125,2729.356387901084,2784.462158203125,704300
2016-03-15,2787.7036109888495,2810.394221775968,2755.2884527215374,2761.771484375,750300
2016-03-16,2735.839177860015,2803.911005745157,2732.5976622464364,2771.495849609375,798400
2016-03-17,2787.703607468378,2810.3942182268415,2671.009037853423,2722.873291015625,936900
2016-03-18,2671.0086083925335,2703.4237614070057,2635.3519400766136,2680.733154296875,1333800
2016-03-22,2696.9407308041114,2703.4237614070057,2651.55951658385,2680.733154296875,1046700
2016-03-23,2674.2502467911263,2706.6654012976855,2671.0087313404706,2687.21630859375,698500
2016-03-24,2693.6997690860867,2732.597960697438,2683.975221183249,2716.390380859375,666300
2016-03-25,2700.182039246665,2706.6650693529,2602.936587653148,2612.6611328125,848500
2016-03-28,2625.627809412339,2664.5259991814105,2612.6617461559817,2645.076904296875,678800
2016-03-29,2649.7023493201987,2725.6913194378603,2623.2714031923165,2722.387451171875,1071100
2016-03-30,2745.5141424649005,2788.464423875302,2702.563861054499,2735.6025390625,817800
2016-03-31,2762.033935546875,2775.2494089226975,2722.387515419408,2762.033935546875,654600
2016-04-01,2762.033223876953,2762.033223876953,2623.2707891845703,2643.093994140625,962800
2016-04-04,2590.2326704545453,2636.4868252840906,2534.0669110186686,2543.978515625,844800
2016-04-05,2497.7243227898994,2520.8513998527687,2375.481201171875,2375.481201171875,1413000
2016-04-06,2365.5695573443827,2448.166259765625,2352.354084956984,2448.166259765625,1084400
2016-04-07,2431.6471301020406,2501.028366151148,2378.7852359693875,2428.34326171875,724400
2016-04-08,2378.784809727823,2484.5085790490593,2365.5693385626682,2458.07763671875,596500
2016-04-11,2451.4697129450947,2491.116123397037,2428.342640181462,2487.812255859375,493700
2016-04-12,2481.2047467447915,2514.2434251302084,2464.6854075520832,2477.90087890625,540700
2016-04-13,2530.7629729750242,2577.017126528093,2520.851368642224,2550.586181640625,641000
2016-04-14,2590.2322830742387,2623.2709601542674,2583.624547658233,2603.44775390625,635000
2016-04-15,2557.194365985577,2613.360133713942,2550.586628605769,2577.017578125,411300
2016-04-18,2510.9400122650068,2530.7632228881516,2491.116801641862,2504.332275390625,463400
2016-04-19,2563.8019774459976,2610.05613683291,2553.8903718630877,2600.14453125,625300
2016-04-20,2629.878695570273,2649.70190181829,2586.928415366236,2603.44775390625,712300
2016-04-21,2639.790126647949,2659.6133316040036,2623.2707891845703,2643.093994140625,630800
2016-04-22,2636.487005516423,2662.9179529401467,2610.0560580926995,2653.00634765625,494200
2016-04-25,2676.1327203714623,2686.044323039505,2596.839899027123,2626.57470703125,441200
2016-04-26,2603.448361062254,2606.75222954076,2487.8129643145653,2524.155517578125,727300
2016-04-27,2540.674593939012,2586.928747794859,2517.547517011089,2560.497802734375,500400
2016-04-28,2580.321322647983,2586.9290597098216,2467.989792596726,2497.724609375,622400
2016-05-02,2441.5586427086814,2487.812798321566,2431.647037934492,2471.29345703125,494400
2016-05-06,2487.8125347393775,2520.8512138195815,2458.0777235671935,2507.6357421875,509600
2016-05-09,2484.508666831357,2530.762817543643,2481.2047989233365,2507.6357421875,770600
2016-05-10,2504.332275390625,2537.370959762533,2477.901327893099,2504.332275390625,1047200
2016-05-11,2610.0555966935067,2841.326345767615,2580.3207860982643,2801.679931640625,5926000
2016-05-12,2854.5419771989377,2904.099997636419,2755.4259363239744,2798.376220703125,2526800
2016-05-13,2775.249267578125,2801.680212983631,2732.2989812941782,2775.249267578125,1180000
2016-05-16,2735.602644735308,2781.856795733248,2633.182738954155,2656.309814453125,1005500
2016-05-17,2643.0941358024693,2702.563753858025,2636.486400462963,2676.1328125,858700
2016-05-18,2659.614196238572,2682.741276205864,2586.92908776994,2619.9677734375,1360500
2016-05-19,2666.2218685056187,2705.8682903421336,2646.3986575873614,2682.7412109375,911400
2016-05-20,2669.5252861668223,2669.5252861668223,2629.878871025731,2656.309814453125,585700
2016-05-23,2679.4365365600584,2702.5636090087887,2610.055319213867,2643.093994140625,673600
2016-05-24,2669.5252681129373,2748.818097858866,2649.702060676455,2738.906494140625,1080300
2016-05-25,2742.211181340329,2762.0343946994158,2676.133803476707,2686.04541015625,703900
2016-05-26,2712.475569236338,2722.387173021611,2656.309814453125,2656.309814453125,476800
2016-05-27,2656.3097453791925,2715.7793665443983,2656.3097453791925,2709.171630859375,845800
2016-05-30,2735.6029887952304,2791.7687506424754,2728.995252107319,2762.033935546875,614400
2016-05-31,2781.8569307416396,2828.111083984375,2765.337590297806,2828.111083984375,924200
2016-06-01,2841.327364561988,2884.277661933274,2798.377067190702,2821.504150390625,915400
2016-06-02,2834.7190581223063,2887.5809519800646,2818.1997162917564,2874.365478515625,1193700
2016-06-03,2857.846354074294,2937.1392008925404,2857.846354074294,2910.708251953125,1147200
2016-06-06,2847.9343555130386,2927.2271913973923,2847.9343555130386,2914.01171875,736900
2016-06-07,2937.1387057000697,2980.088990485335,2933.834837639665,2956.9619140625,982000
2016-06-08,2986.6965850863003,3082.508754298139,2970.1772455670175,3062.685546875,1592800
2016-06-09,3072.5973995413474,3135.3708948007943,2996.608431595701,3016.431640625,1370700
2016-06-10,3016.431504411558,3023.039240456271,2890.884519562008,2937.138671875,940700
2016-06-13,2890.8846118334,2940.442633750544,2834.718853660637,2847.934326171875,705700
2016-06-14,2811.5923835856615,2834.719465471795,2689.3492364732415,2712.476318359375,1189300
2016-06-15,2722.3880096470502,2897.4930636656104,2722.3880096470502,2884.277587890625,1080200
2016-06-16,2867.7575764973963,2914.0117309570314,2765.3376630510606,2775.249267578125,1058200
2016-06-17,2821.502668994968,2854.5413419340193,2699.259579120479,2728.994384765625,857500
2016-06-20,2755.4260911873894,2808.287982625037,2735.6028818982713,2795.072509765625,515600
2016-06-21,2778.553356632363,2821.5036463306037,2745.5146722491004,2811.592041015625,501800
2016-06-22,2781.85672457713,2857.845684987194,2781.85672457713,2801.679931640625,646900
2016-06-23,2824.807024476156,2894.1882496387284,2801.6799494219654,2857.845703125,830100
2016-06-24,2900.796175967495,2900.796175967495,2514.2436103772934,2633.182861328125,1269100
2016-06-27,2679.43701171875,2722.3872967401358,2636.4867266973642,2679.43701171875,531400
2016-06-28,2643.093994140625,2672.828801574707,2560.4973068237305,2643.093994140625,861900
2016-06-29,2712.4758945570416,2768.6416560764933,2712.4758945570416,2752.122314453125,738400
2016-06-30,2795.0723890047675,2811.5917293653156,2758.729840211561,2771.9453125,489000
2016-07-01,2791.7689316063597,2834.7192228618424,2785.161194490132,2824.8076171875,489300
2016-07-04,2851.2383999528556,2927.227372373384,2841.326794854526,2874.365478515625,703400
2016-07-05,2900.796600061819,2900.796600061819,2851.238571586959,2880.973388671875,446500
2016-07-06,2851.2381550370296,2930.5309890125673,2844.6304188724016,2920.619384765625,1070200
2016-07-07,2907.4038616071425,2960.2657499999996,2880.972917410714,2890.884521484375,741700
2016-07-08,2890.884636408397,2904.1001090319783,2765.3376464843755,2765.337646484375,1006600
2016-07-11,2765.3376464843755,2765.3376464843755,2765.3376464843755,2765.337646484375,0
2016-07-12,2828.110614177095,2890.884097435699,2814.895144017389,2838.022216796875,1293500
2016-07-13,2900.7958579402402,2920.6190642587385,2735.602471952755,2788.46435546875,1359200
2016-07-14,2643.094233030914,2662.917439778646,2425.038958805864,2458.07763671875,4156000
2016-07-15,2464.685714402458,2481.2050556518043,2345.746457407165,2368.87353515625,3210500
2016-07-19,2276.3655342540055,2484.5092623498,2266.4539281542056,2474.59765625,2476800
2016-07-20,2467.98957743299,2474.5973139187545,2382.0890031180534,2415.127685546875,1439800
2016-07-21,2434.951062079914,2467.989746775707,2345.7466134012743,2365.56982421875,1147100
2016-07-22,2339.138638488248,2392.0005286235755,2282.9728802194622,2319.3154296875,1496200
2016-07-25,2365.5701117995686,2464.686177936422,2349.0507674434266,2395.304931640625,1378300
2016-07-26,2362.26553780692,2395.304216657366,2339.1384626116073,2358.961669921875,808200
2016-07-27,2431.64698917456,2467.989539284506,2421.7353845991206,2441.55859375,1141600
2016-07-28,2388.696771712284,2497.7244251929274,2302.7961962426857,2434.950927734375,1994200
2016-07-29,2441.558506745956,2461.381715190443,2368.8734091161714,2438.254638671875,839100
2016-08-01,2438.254837839227,2527.459283126028,2431.647101151316,2510.93994140625,1179500
2016-08-02,2510.939333441982,2550.585743970013,2501.027730809974,2534.06640625,752300
2016-08-03,2517.5476941349934,2543.978641055046,2491.116747214941,2520.8515625,826000
2016-08-04,2514.24365234375,2527.459124892206,2471.293366561268,2514.24365234375,760000
2016-08-05,2520.8516490996194,2540.674859970652,2497.7245697500816,2524.155517578125,1116600
2016-08-08,2365.56953441412,2378.785006673417,2180.552922783965,2243.326416015625,2812100
2016-08-09,2246.630408877418,2249.9342771257675,2183.8569121587843,2220.199462890625,958000
2016-08-10,2233.41486163472,2299.4922244049785,2230.1109934962074,2273.061279296875,1048800
2016-08-12,2332.5309794748205,2434.950895004168,2316.0116382604097,2415.127685546875,1405500
2016-08-15,2388.6962067977242,2458.0774244225545,2372.1768692680025,2431.646484375,521000
2016-08-16,2434.950878436749,2444.8624830979566,2398.60832801232,2405.216064453125,465200
2016-08-17,2448.166480855739,2507.6361119696435,2444.862612460522,2484.509033203125,905000
2016-08-18,2461.3822655983545,2491.1170849143077,2401.912626966448,2421.73583984375,591200
2016-08-19,2425.0393014183655,2484.5089300635027,2398.60835535386,2471.29345703125,526200
2016-08-22,2441.558276675359,2444.8621444381133,2345.746111555487,2355.65771484375,758800
2016-08-23,2355.6579421352335,2388.6966229505942,2322.6192613198723,2345.746337890625,635900
2016-08-24,2335.83494498513,2352.354286887429,2306.100129560991,2325.92333984375,577300
2016-08-25,2368.8730795877777,2392.0001528891926,2316.0111977559723,2342.442138671875,632400
2016-08-26,2339.13810782597,2342.4419752099047,2299.49169921875,2299.49169921875,364500
2016-08-29,2335.8340723070046,2365.568876622087,2319.3147365764034,2339.137939453125,307800
2016-08-30,2316.0117347023706,2332.53107660467,2312.7078663219104,2325.92333984375,201300
2016-08-31,2339.1388153698977,2431.6471301020406,2335.834946986607,2428.34326171875,709000
2016-09-01,2434.9507903842846,2464.685603292641,2378.7850326685007,2401.912109375,607500
2016-09-02,2398.608084542411,2418.4312918526784,2358.961669921875,2358.961669921875,329800
2016-09-05,2405.2165236539126,2408.5203925050855,2372.177835142183,2385.393310546875,278100
2016-09-06,2372.1778076504947,2431.6474462824012,2349.0507259603087,2421.73583984375,391100
2016-09-07,2454.773855659173,2507.6357421875,2451.4699877511525,2507.6357421875,790600
2016-09-08,2448.166433259905,2481.2051165697553,2421.735486612025,2454.774169921875,1154400
2016-09-09,2461.3817321530237,2474.597204540423,2428.3430511845268,2448.166259765625,426400
2016-09-12,2401.9117132222877,2481.2045345666274,2401.9117132222877,2451.4697265625,458500
2016-09-13,2434.951005615573,2451.4703475804004,2362.265900970332,2382.089111328125,724300
2016-09-14,2358.9613121295797,2372.1767816653196,2282.972362299075,2299.49169921875,841900
2016-09-15,2292.883976533987,2335.834252751483,2253.2375677178375,2263.149169921875,635700
2016-09-16,2299.491786787123,2322.6188593553848,2276.364714218862,2302.795654296875,427900
2016-09-20,2289.580097066945,2309.4033013705553,2276.3646275312053,2299.49169921875,306400
2016-09-21,2299.4924548271647,2365.56982421875,2292.8847178880064,2365.56982421875,617800
2016-09-23,2375.4812985631147,2434.950927734375,2352.3542205520694,2434.950927734375,643300
2016-09-26,2438.255212165642,2448.1668187191613,2372.177835142183,2385.393310546875,423700
2016-09-27,2378.785049229452,2415.12759859268,2358.9618404858734,2411.82373046875,377400
2016-09-28,2415.8498541956824,2422.5605482351148,2389.0070780379524,2409.13916015625,473500
2016-09-29,2442.6928737914363,2449.4035684996547,2415.8500949585637,2429.271484375,456300
2016-09-30,2405.7841712920176,2439.337646484375,2365.520001061189,2439.337646484375,634800
2016-10-03,2419.2054491230087,2422.5607964865635,2389.0073228510155,2395.718017578125,298100
2016-10-04,2395.718137094665,2412.49487474939,2382.2967469708856,2405.7841796875,268500
2016-10-05,2415.84997406639,2425.916015625,2389.0071965767634,2425.916015625,344300
2016-10-06,2439.337767548613,2446.0484629201364,2425.9163768055673,2442.693115234375,311100
2016-10-07,2446.0484629201364,2449.403810605898,2429.2717244913288,2442.693115234375,261200
2016-10-11,2442.6929873511904,2493.023200002657,2439.337639841093,2466.180419921875,522700
2016-10-12,2442.693231475955,2472.891362084861,2442.693231475955,2459.469970703125,301300
2016-10-13,2459.4691162109375,2469.53515625,2402.42822265625,2415.849609375,572700
2016-10-14,2415.8505699282787,2459.4700941075394,2412.4952219144893,2456.11474609375,397900
2016-10-17,2456.1144959984754,2476.24658203125,2439.3377576378302,2476.24658203125,293300
2016-10-18,2469.5356458617166,2472.890993206637,2435.9821724125086,2462.824951171875,275000
2016-10-19,2459.469723249873,2482.957155804783,2435.9822906949626,2472.89111328125,326600
2016-10-20,2482.9569038157456,2536.6424584928427,2482.9569038157456,2519.86572265625,791900
2016-10-21,2536.642826161486,2566.8409550443607,2513.1553925859166,2523.221435546875,654200
2016-10-24,2523.22095055593,2563.485114660546,2476.246092433878,2489.66748046875,310800
2016-10-25,2503.0893496249587,2533.2874785078334,2493.0233066640003,2523.221435546875,234400
2016-10-26,2536.6425820312497,2550.0639713541664,2506.444456054687,2516.510498046875,300100
2016-10-27,2509.8002851976953,2529.932373046875,2496.3788932982425,2529.932373046875,222900
2016-10-28,2516.510744145847,2526.5767871224307,2496.3786581926806,2509.800048828125,404600
2016-10-31,2519.8659494259377,2593.68359375,2513.1552544873866,2593.68359375,704200
2016-11-01,2607.1051189221835,2607.1051189221835,2543.3535136975743,2550.064208984375,273000
2016-11-02,2516.5110242003548,2529.932416329423,2405.784539135539,2422.561279296875,827300
2016-11-04,2395.718245665668,2449.40380859375,2385.6522026166526,2449.40380859375,421600
2016-11-07,2449.403689042082,2449.403689042082,2422.5609088881965,2439.337646484375,237400
2016-11-08,2449.403689042082,2452.7590365613178,2429.271603926668,2439.337646484375,226800
2016-11-09,2456.114654238861,2466.1806979037747,2298.4133034885517,2372.23095703125,679100
2016-11-10,2382.296875,2449.403829225352,2315.189920774648,2382.296875,1334400
2016-11-11,2409.1394084116046,2422.560797873508,2358.809197929468,2389.00732421875,722000
2016-11-14,2358.809197929468,2402.4287136806533,2355.4538505639925,2389.00732421875,589900
2016-11-15,2372.2309404391685,2425.9165062765474,2368.8755925743326,2419.205810546875,781000
2016-11-16,2439.3377404591392,2546.7088652111233,2429.271697513641,2536.642822265625,949500
2016-11-17,2523.220822496749,2580.26171875,2499.733394627763,2580.26171875,635200
2016-11-18,2590.32763671875,2600.3936767578125,2563.48486328125,2597.038330078125,487200
2016-11-21,2603.7491466189854,2607.104493457412,2576.9063719115734,2580.26171875,348700
2016-11-22,2590.328241585767,2617.171021291319,2563.485461880215,2613.815673828125,505800
2016-11-24,2630.5927660205693,2677.567636842365,2617.171374357199,2650.724853515625,406800
2016-11-25,2650.724121713396,2664.1455096714385,2633.947386765843,2644.013427734375,296200
2016-11-28,2627.237048324566,2680.922607421875,2623.8817008809838,2680.922607421875,319400
2016-11-29,2657.4351829847906,2674.211920251109,2640.6584457184726,2647.369140625,241200
2016-11-30,2640.6584396075127,2674.2119140625,2620.52635493452,2674.2119140625,517700
2016-12-01,2680.9226198939377,2680.9226198939377,2610.460323250918,2627.237060546875,392800
2016-12-02,2613.8155587514243,2627.2369480133057,2553.4193070729575,2576.90673828125,552200
2016-12-05,2566.8409511021205,2576.906994047619,2526.576779320126,2536.642822265625,252000
2016-12-06,2550.064084514253,2573.551516871621,2536.642694595757,2560.130126953125,291700
2016-12-07,2563.485595703125,2586.973029171609,2553.4195527880606,2563.485595703125,337400
2016-12-08,2583.6176500822367,2717.8315539826126,2580.262302484727,2677.5673828125,1394900
2016-12-09,2670.856438060798,2784.938245716661,2670.856438060798,2711.12060546875,983800
2016-12-12,2764.805905855619,2815.1361104525054,2751.384517963116,2791.648681640625,867200
2016-12-13,2761.4511418225197,2862.111572265625,2761.4511418225197,2862.111572265625,718900
2016-12-14,2882.2436748035207,2882.2436748035207,2798.3599822888664,2808.426025390625,463300
2016-12-15,2801.714964072289,2838.6237839582714,2781.582880498117,2811.781005859375,320700
2016-12-16,2825.2027457967833,2872.1776133040935,2815.136702759503,2868.822265625,535200
2016-12-19,2885.5988926105997,2885.5988926105997,2805.070551421467,2825.20263671875,451900
2016-12-20,2825.2026230605334,2878.88818359375,2825.2026230605334,2878.88818359375,456700
2016-12-21,2885.5987570193993,2912.4415361544634,2828.557851357388,2875.53271484375,486300
2016-12-22,2858.7562450761557,2868.822288192621,2788.2939432608982,2795.004638671875,482400
2016-12-26,2768.161491448669,2815.136353121737,2754.7401023992206,2811.781005859375,231300
2016-12-27,2805.0706696098373,2845.3348419008876,2805.0706696098373,2835.268798828125,257400
2016-12-28,2818.4915732663426,2858.7557385987193,2795.004143489123,2848.689697265625,245200
2016-12-29,2848.6901815398774,2862.111572265625,2818.492052406946,2862.111572265625,272100
2016-12-30,2821.848000162379,2878.88892287672,2821.848000162379,2865.467529296875,255600
2017-01-04,2892.30980547324,2945.99537030801,2875.5330664623743,2919.152587890625,586400
2017-01-05,2952.7059258737318,2992.970097590192,2942.639882944617,2976.193359375,582900
2017-01-06,2945.9947480799788,2976.192871921345,2939.284053893008,2969.482177734375,423100
2017-01-10,2969.48229925358,2996.32507709994,2942.63952140722,2972.837646484375,506200
2017-01-11,2976.192383360515,3019.811888415404,2972.837036817831,2989.61376953125,556100
2017-01-12,2996.3253248395963,3016.45740988891,2962.771849757406,2966.127197265625,311800
2017-01-13,2969.4829857867694,3086.9201660156245,2966.1276377802305,3086.920166015625,782400
2017-01-16,3086.9195644122105,3130.539079996296,3023.1679647123933,3043.300048828125,435000
2017-01-17,3046.6556482028645,3066.7877339839406,3003.0361290105325,3016.45751953125,368900
2017-01-18,3009.746562278772,3110.406982421875,2989.6144782501515,3110.406982421875,626100
2017-01-19,3113.7626974217064,3130.5394360931596,3076.8538723445095,3107.052001953125,554900
2017-01-20,3120.4726501080972,3201.0009765625,3113.7619562368973,3201.0009765625,880000
2017-01-23,3194.2908962559272,3234.555067217136,3177.514158355423,3184.224853515625,640700
2017-01-24,3157.381709241365,3190.9351811780425,3143.960320466694,3187.579833984375,358400
2017-01-25,3221.1335388688017,3247.976318359375,3214.4228439961585,3247.976318359375,340500
2017-01-26,3261.39805678934,3338.571056075508,3247.976665609137,3305.017578125,717000
2017-01-27,3301.6616261069044,3325.1490563739253,3247.9760712108573,3268.108154296875,652900
2017-01-30,3291.5958259426816,3305.017215650909,3264.7530465262275,3288.240478515625,464600
2017-01-31,3254.6876097261234,3298.3071343925562,3237.9108694698034,3284.8857421875,506000
2017-02-01,3264.7537619401564,3325.150028861968,3254.687717453188,3315.083984375,612400
2017-02-02,3315.083621510152,3321.794317100254,3284.8854913546957,3305.017578125,320300
2017-02-03,3258.0424929691585,3291.5959686948963,3174.1588036548133,3211.067626953125,657100
2017-02-06,3258.0429416506367,3331.8605984130613,3254.6875936159813,3325.14990234375,673400
2017-02-07,3328.505012690355,3328.505012690355,3284.8854913546957,3305.017578125,479100
2017-02-08,3321.7941720145086,3388.901124984499,3311.7281290690103,3382.1904296875,1037800
2017-02-09,3362.058123442293,3409.0329874424847,3234.5549211560583,3281.52978515625,938000
2017-02-10,3375.4790172137054,3429.164568183307,3154.0261194640984,3201.0009765625,2243400
2017-02-13,3207.7119171463814,3217.777958727385,3123.8282373046873,3187.579833984375,1266300
2017-02-14,3157.381717526683,3207.7119255637717,3130.5389399069027,3133.894287109375,626900
2017-02-15,3120.472412109375,3177.5133056640625,3113.76171875,3174.157958984375,523700
2017-02-16,3174.158692957991,3194.29077769134,3137.249870946852,3167.447998046875,516700
2017-02-17,3133.8942923938043,3143.9603340181957,3100.3408203125,3100.3408203125,569700
2017-02-20,3083.564206339298,3120.4730270898226,3070.142816975471,3096.985595703125,508700
2017-02-21,3093.6304741350746,3167.44812102333,3090.2751265492448,3164.0927734375,442400
2017-02-22,3167.44812102333,3201.001596881628,3143.9606879225216,3164.0927734375,416100
2017-02-23,3164.092402610458,3194.2905273437495,3157.381708225282,3194.29052734375,357600
2017-02-24,3174.158444188222,3221.1333048844535,3170.803096995634,3194.29052734375,364500
2017-02-27,3187.579585800013,3271.4632591105396,3184.224238867592,3241.26513671875,626300
2017-02-28,3241.2653768488512,3318.4383620119193,3241.2653768488512,3268.108154296875,834700
2017-03-01,3291.5959472656245,3311.7280325700017,3231.199691352494,3291.595947265625,615500
2017-03-02,3328.504647640306,3338.5706899214765,3271.463741380341,3288.240478515625,560300
2017-03-03,3281.529909855769,3308.372690304487,3254.687129407051,3271.4638671875,473500
2017-03-06,3254.6870042450573,3298.306520796795,3241.2656145368305,3288.240478515625,360800
2017-03-07,3288.2403508910515,3318.4384765625,3268.108267110086,3318.4384765625,412300
2017-03-08,3291.596171611064,3375.4798660965653,3288.240823831644,3351.992431640625,604000
2017-03-09,3355.347162178854,3409.0327167737155,3355.347162178854,3395.611328125,466100
2017-03-10,3415.743906172495,3422.454601469494,3355.3476484995035,3382.1904296875,521900
2017-03-13,3388.9015941283938,3476.1406450663526,3382.190897902397,3429.165771484375,641700
2017-03-14,3429.164803675921,3442.586192340015,3348.6364716913595,3368.7685546875,544800
2017-03-15,3335.215097916934,3338.570445097937,3254.6867655728634,3268.108154296875,686000
2017-03-16,3278.1744392269948,3298.3065238077133,3231.199575205318,3274.819091796875,475100
2017-03-17,3308.372554163779,3338.570680925923,3298.306511909731,3328.504638671875,532300
2017-03-21,3375.4799543447534,3462.718998890443,3355.3478671419016,3449.297607421875,802400
2017-03-22,3449.2971177184463,3536.5361498786406,3435.87572815534,3456.0078125,962600
2017-03-23,3429.164798774192,3469.4289647089186,3375.4792441945574,3402.322021484375,404000
2017-03-24,3388.9006338006425,3415.7434110980735,3375.479245151927,3395.611328125,234200
2017-03-27,3402.3220293125314,3402.3220293125314,3328.5043915956917,3348.636474609375,335000
2017-03-28,3395.611795628324,3476.1401386076523,3368.769014635215,3469.429443359375,512300
2017-03-29,3476.9434933198568,3538.4218655003647,3463.281632835299,3511.09814453125,480700
2017-03-30,3545.2523548054246,3681.870942659198,3531.5904960200473,3620.392578125,1447400
2017-03-31,3640.8858710901063,3716.0261048274256,3634.05494075035,3661.378662109375,693100
2017-04-03,3716.0256284594093,3716.0256284594093,3640.8854043545316,3702.36376953125,551800
2017-04-04,3702.3635396992327,3763.841901059552,3647.716107378949,3729.687255859375,1159500
2017-04-05,3729.6883497712365,3770.6739360324586,3640.8862462052543,3709.195556640625,627900
2017-04-06,3688.702029300485,3722.856677719934,3661.378310564926,3695.532958984375,515500
2017-04-07,3729.6892089843745,3873.138793945312,3709.196411132812,3838.984130859375,1088500
2017-04-10,3866.3058466445113,3996.093498740352,3852.6439885291597,3982.431640625,1318400
2017-04-11,3927.783982530772,3941.4458398613137,3757.010765898999,3797.996337890625,1102600
2017-04-12,3743.3502243789703,3791.166741843665,3722.857431179815,3763.843017578125,543500
2017-04-13,3716.02638134058,3791.166620669158,3675.0407962522645,3770.673828125,649100
2017-04-14,3777.5041270964734,3797.9969162127295,3702.3639003368694,3722.856689453125,293700
2017-04-17,3688.7018317145266,3818.489488756334,3675.039973078547,3791.165771484375,421300
2017-04-18,3818.4901144845144,3866.306627546038,3804.828253609793,3825.321044921875,448700
2017-04-19,3845.813861980305,3907.292236328125,3838.982931497214,3907.292236328125,479800
2017-04-20,3907.2911172426147,3961.9385454557982,3845.8127605027835,3873.136474609375,540100
2017-04-21,3873.1369233002533,3873.1369233002533,3770.672983530405,3791.165771484375,496700
2017-04-24,3811.658468043551,3859.47497212295,3784.334751426751,3852.64404296875,409700
2017-04-25,3832.151874347814,3914.123037435468,3804.8281533185964,3886.79931640625,336300
2017-04-26,3927.783637612553,4043.909414724576,3920.95270954714,4030.24755859375,1136700
2017-04-27,4098.557867005814,4119.0506563408435,4071.234147892442,4112.2197265625,916800
2017-04-28,4166.866727662318,4242.006947341475,4153.204869538835,4221.51416015625,998400
2017-05-01,4207.852810503195,4310.316758810903,4187.360020841654,4276.162109375,786400
2017-05-02,4289.823980034723,4303.48583984375,4214.68375108507,4303.48583984375,502300
2017-05-08,4344.471430155757,4344.471430155757,4276.162130939471,4330.8095703125,649900
2017-05-09,4310.316980931666,4317.14791117086,4187.360236626167,4207.85302734375,788200
2017-05-10,4248.839237499999,4317.14855,4221.5155125,4269.33203125,790500
2017-05-11,4153.205741508688,4337.640864898055,4139.543880516884,4323.97900390625,1390500
2017-05-12,4371.795400943396,4460.597495025058,4330.809819059552,4344.4716796875,946300
2017-05-15,4371.794776119404,4597.21544426306,4371.794776119404,4576.72265625,1439800
2017-05-16,4604.047247161189,4651.863761597581,4522.076079555945,4624.5400390625,1150400
2017-05-17,4624.539914825258,4720.1729411288825,4563.061540772928,4617.708984375,891500
2017-05-18,4576.723524626108,4658.694692231352,4528.907010189716,4624.5400390625,814700
2017-05-19,4645.032064046101,4686.017641081803,4535.7371919509,4556.22998046875,829300
2017-05-22,4583.553035897582,4692.847892193202,4569.891178860629,4679.18603515625,480900
2017-05-23,4713.341057356013,4740.664773630541,4651.862695738327,4699.67919921875,633100
2017-05-24,4692.84912109375,4740.665633244633,4672.356330171943,4692.84912109375,495100
2017-05-25,4672.356071035242,4686.017930892071,4597.215841822687,4651.86328125,660900
2017-05-26,4679.18603515625,4686.016963674726,4617.707678489963,4679.18603515625,340100
2017-05-29,4686.01708984375,4774.8191629749,4631.369660224581,4686.01708984375,749200
2017-05-30,4699.679462355907,4747.495968513598,4672.3557445515125,4740.6650390625,438000
2017-05-31,4767.988882643885,4829.467249325539,4720.17237522482,4747.49609375,824700
2017-06-01,4747.496822296626,4767.989614335317,4692.849376860118,4733.8349609375,372300
2017-06-02,4761.159061802456,4788.482786690848,4727.004405691964,4781.65185546875,437300
2017-06-05,4781.65104439069,4931.931505785826,4761.158254200444,4897.77685546875,872400
2017-06-06,4849.9599609375,4897.77646759463,4808.974383802817,4849.9599609375,645500
2017-06-07,4870.453382383302,4966.086408124348,4870.453382383302,4911.43896484375,621400
2017-06-08,4884.114698592855,4904.607487538,4774.81982421875,4774.81982421875,661700
2017-06-09,4781.650615769092,4788.481545220191,4645.032026747118,4740.6650390625,818000
2017-06-12,4597.21544426306,4617.70823227612,4474.258716184701,4576.72265625,922500
2017-06-13,4515.243873002147,4576.722231333492,4467.427372077767,4474.25830078125,810500
2017-06-14,4501.582544421149,4610.877416516351,4481.089755903298,4556.22998046875,645500
2017-06-15,4501.5830173866425,4583.554180070466,4501.5830173866425,4528.90673828125,482900
2017-06-16,4556.229729352679,4631.369949776786,4535.7369419642855,4542.56787109375,555200
2017-06-19,4576.722107379105,4679.18603515625,4569.891178860629,4679.18603515625,470700
2017-06-20,4733.833844561909,4747.495702699173,4651.862695738327,4699.67919921875,456800
2017-06-21,4733.833512206331,4795.311869507712,4706.509797850162,4761.1572265625,459300
2017-06-22,4781.650922551501,4986.57881923228,4733.834413325986,4890.94580078125,883000
2017-06-23,4829.466745087595,4843.128602923769,4453.765654592803,4508.4130859375,1590800
2017-06-26,4535.737584116888,4645.032465661873,4474.259213247834,4631.37060546875,683600
2017-06-27,4576.723210188852,4590.385070517774,4364.964375090562,4419.61181640625,930800
2017-06-28,4412.779975215091,4467.427405248714,4289.823257639438,4317.14697265625,982600
2017-06-29,4364.964365340688,4412.780876385109,4248.838552804238,4392.2880859375,888600
2017-06-30,4323.9794812499995,4351.30320625,4228.34644375,4269.33203125,727100
2017-07-03,4282.991916232639,4323.977484809027,4235.175419560185,4242.00634765625,493300
2017-07-04,4269.332759218232,4269.332759218232,4105.390381264252,4119.05224609375,963900
2017-07-05,4064.4028995172766,4214.683342860772,4016.586394817073,4201.021484375,1023600
2017-07-06,4242.007288138855,4248.838217749384,4084.8959070966753,4160.0361328125,847100
2017-07-07,4166.86706242303,4180.528921644089,4139.543343980911,4160.0361328125,586600
2017-07-10,4201.021137852823,4235.17578125,4146.373708417339,4235.17578125,484700
2017-07-11,4262.499748794212,4303.485323301848,4201.021387032757,4248.837890625,522000
2017-07-12,4248.838851282573,4255.669781911644,4166.867683733713,4194.19140625,434600
2017-07-13,4194.19129070857,4242.007803794823,4173.69849938589,4214.68408203125,402900
2017-07-14,4228.345201346545,4228.345201346545,4173.697767403455,4201.021484375,251000
2017-07-17,4201.021484375,4201.021484375,4201.021484375,4201.021484375,0
2017-07-18,4269.3315255583975,4344.471760408225,4187.360360267676,4214.68408203125,652100
2017-07-19,4221.514272103658,4255.66891831809,4194.190555132114,4201.021484375,271000
2017-07-20,4228.346805670322,4310.317987686548,4214.684942000951,4262.50146484375,372200
2017-07-21,4317.146957105892,4487.92017534584,4282.992313457902,4289.8232421875,1169800
2017-07-24,4276.162565637807,4289.824426869877,4160.0367451652155,4166.86767578125,491600
2017-07-25,4166.867445908583,4221.514887822139,4160.036515669389,4207.85302734375,354900
2017-07-26,4235.17578125,4276.161353326613,4194.190209173387,4235.17578125,357200
2017-07-27,4214.68407326927,4228.345934122655,4187.3603515625,4187.3603515625,332300
2017-07-28,4201.023435070741,4207.854367485489,4119.05224609375,4119.05224609375,374200
2017-07-31,4119.050306643842,4166.866811032743,4078.0647314533567,4146.3740234375,520600
2017-08-01,4119.050743530481,4132.712603376353,3996.0940049176306,4023.417724609375,666000
2017-08-02,3982.431909551475,4071.2339932979057,3961.9391209946066,4037.079345703125,490200
2017-08-03,4030.248039401308,4043.90989716199,3948.2768928372134,4016.586181640625,644700
2017-08-04,3989.2628390704313,4037.079345703125,3982.431909551475,4037.079345703125,294500
2017-08-07,4098.559448849503,4125.883178508499,4043.9119895315093,4119.05224609375,485900
2017-08-08,4160.03602031633,4235.176244000204,4125.881373187296,4180.52880859375,687300
2017-08-09,4009.756061037731,4009.756061037731,3852.6446651197275,3886.79931640625,1495200
2017-08-10,3859.475841622428,3982.4325940988947,3859.475841622428,3900.46142578125,603600
2017-08-11,3900.46142578125,3900.46142578125,3900.46142578125,3900.46142578125,0
2017-08-14,3859.474817392778,4023.4171105209666,3859.474817392778,4016.586181640625,662500
2017-08-15,4064.40289665671,4071.233825894788,3914.122453418983,3948.277099609375,629600
2017-08-16,3907.2924872504336,3955.1090037027993,3886.7996944851343,3934.6162109375,345000
2017-08-17,3948.277099609375,3989.2626750378463,3934.615241133218,3948.277099609375,396100
2017-08-18,3914.121852736399,3982.4311346340673,3914.121852736399,3955.107421875,336800
2017-08-21,3996.0936042759245,4002.924533514003,3914.122453418983,3948.277099609375,279600
2017-08-22,3927.7846734693185,3982.4321124045437,3927.7846734693185,3941.446533203125,184900
2017-08-23,3955.1086472004085,4037.079810872956,3948.277716894363,3968.7705078125,450200
2017-08-24,3934.6151928191493,3961.938909435949,3797.9966097351507,3852.64404296875,706400
2017-08-25,3859.4744272182643,3955.107421875,3859.4744272182643,3955.107421875,437200
2017-08-28,3948.2780727810327,3955.1090037027993,3914.1234181722,3934.6162109375,169800
2017-08-29,3914.1234181722,3955.1090037027993,3893.630625406901,3934.6162109375,212600
2017-08-30,3961.9395866720088,4030.2488898904917,3955.1086563501603,3996.09423828125,418800
2017-08-31,4016.586909063033,4057.5724897677583,3955.108538005946,4002.925048828125,530800
2017-09-01,4023.418080369087,4030.249010896029,3968.7706361535475,3989.263427734375,218600
2017-09-04,3975.6009233884165,3996.093711653305,3900.460699750491,3914.12255859375,328300
2017-09-05,3920.9553222656245,3948.2790527343745,3797.9985351562495,3838.984130859375,484000
2017-09-06,3777.5042855867773,3859.475445491011,3702.364055674563,3811.658935546875,779100
2017-09-07,3811.658763610501,3832.1515526621706,3695.532958984375,3695.532958984375,663200
2017-09-08,3654.5475095861098,3743.3495986040903,3654.5475095861098,3716.02587890625,775500
2017-09-11,3757.010615892532,3818.488971425319,3736.5178307149363,3750.1796875,391700
2017-09-12,3791.1655347950796,3804.827392578125,3763.841819228989,3804.827392578125,227300
2017-09-13,3825.320437834225,3866.306013953877,3818.489508480949,3832.1513671875,259900
2017-09-14,3832.1509812169793,3859.474695878063,3784.3344805600827,3797.996337890625,302700
2017-09-15,3763.843011329553,3791.1667355497316,3722.8574249992857,3736.519287109375,415900
2017-09-18,3736.519287109375,3736.519287109375,3736.519287109375,3736.519287109375,0
2017-09-19,3763.843017578125,3791.166741843665,3729.6883622462,3763.843017578125,404000
2017-09-20,3763.8423883774703,3777.5042482263902,3709.1949489817903,3716.02587890625,369700
2017-09-21,3736.5184419389207,3804.8277370383526,3716.0256534090913,3757.01123046875,432800
2017-09-22,3784.3355693023846,3797.997430563404,3763.8427774108554,3777.504638671875,223000
2017-09-25,3791.166499932894,3838.9830143464624,3763.8427774108554,3777.504638671875,213900
2017-09-26,3763.8408827039934,3777.5027370876737,3688.70068359375,3688.70068359375,467000
2017-09-27,3732.9442286229396,3781.334246401385,3684.554210844494,3774.42138671875,395300
2017-09-28,3781.3349609375,3781.3349609375,3705.293490059415,3781.3349609375,401700
2017-09-29,3788.2481457901704,3788.2481457901704,3739.858114730807,3753.683837890625,214500
2017-10-02,3760.5958674065423,3767.508727456922,3663.815826701227,3698.380126953125,359200
2017-10-03,3712.2067671424834,3760.5967994888474,3684.5553200874187,3719.11962890625,314900
2017-10-04,3753.6830073561628,3753.6830073561628,3684.554406852366,3698.380126953125,254900
2017-10-05,3698.3801269531255,3726.031567154644,3677.6415468019864,3698.380126953125,221900
2017-10-06,3698.3796560451783,3719.118233555712,3677.6410785346443,3691.466796875,179100
2017-10-09,3691.466796875,3691.466796875,3691.466796875,3691.466796875,0
2017-10-10,3739.857789829799,3871.2021484375,3705.293484933036,3871.2021484375,652500
2017-10-11,3871.2016784995526,3954.1560001816856,3850.4630980790193,3864.288818359375,614200
2017-10-12,3898.8533839344354,3967.9819900325638,3891.9405233246225,3947.243408203125,419900
2017-10-13,3967.9818154896207,3974.8946757953518,3822.811749069269,3829.724609375,420700
2017-10-16,3795.159965766655,3808.985685131925,3719.1185092576693,3774.42138671875,518000
2017-10-17,3774.4218375769847,3815.899000627281,3774.4218375769847,3788.24755859375,185000
2017-10-18,3822.8115780362214,3843.550158025568,3781.334418057528,3802.072998046875,260800
2017-10-19,3788.2467060810814,3836.63671875,3788.2467060810814,3836.63671875,219100
2017-10-20,3822.8115780362214,3850.463018022017,3774.4215580610794,3802.072998046875,309100
2017-10-23,3836.6379891454644,3912.6794628042035,3808.98654417865,3905.7666015625,444100
2017-10-24,3878.115945945007,3898.8545338912368,3850.4644953500333,3885.02880859375,244300
2017-10-25,3919.592189121913,4009.4593821705635,3912.679328118171,3954.156494140625,563000
2017-10-26,3947.2420751866393,3947.2420751866393,3864.2877758832424,3891.939208984375,386400
2017-10-27,3919.591168898312,3919.591168898312,3871.2011544674688,3878.114013671875,210900
2017-10-30,3891.9395903716218,3905.765308277027,3815.898141891892,3836.63671875,255600
2017-10-31,3836.6377523671026,3850.4634739972544,3781.334865846496,3815.899169921875,249800
2017-11-01,3829.7236586474864,3933.4165374917325,3829.7236586474864,3919.5908203125,409000
2017-11-02,3954.1556236887145,3967.981342652661,3871.201309905035,3912.678466796875,323600
2017-11-03,3912.6784667968745,3912.6784667968745,3912.6784667968745,3912.678466796875,0
2017-11-06,3912.679530977787,3988.7210059614545,3878.1152241670297,3967.982421875,485600
2017-11-07,3981.807842287695,3995.633563962305,3940.330677263865,3988.720703125,452200
2017-11-08,3988.7208126538417,4099.3265890879175,3954.1565075181934,4037.11083984375,670400
2017-11-09,4189.193177062196,4493.359018301036,4133.890296836952,4258.32177734375,2265900
2017-11-10,4147.715609681372,4299.798515369689,4133.889890982435,4230.669921875,653700
2017-11-13,4272.147645649157,4272.147645649157,4189.1933224326685,4203.01904296875,421500
2017-11-14,4196.106332194011,4230.670634765625,4147.71630859375,4147.71630859375,348100
2017-11-15,4106.238296429728,4113.151155514626,3974.8939738166555,4002.54541015625,607700
2017-11-16,3974.8939738166555,4057.848282835438,3954.15539656196,4002.54541015625,388500
2017-11-17,4023.28524267146,4037.1109651548672,3878.1151565956857,3905.7666015625,546800
2017-11-20,3898.8525912850937,3933.4168873071244,3864.2882952630625,3878.114013671875,297100
2017-11-21,3878.115945945007,3926.50598448621,3836.638770052547,3885.02880859375,295800
2017-11-22,3871.2024847490793,3885.028207908897,3739.858114730807,3753.683837890625,799600
2017-11-23,3753.683837890625,3753.683837890625,3753.683837890625,3753.683837890625,0
2017-11-24,3753.6829704412535,3760.59583042365,3677.641510634893,3712.205810546875,517600
2017-11-27,3732.9441492142687,3732.9441492142687,3601.599818038211,3615.425537109375,668200
2017-11-28,3649.990099676724,3670.7286797885236,3601.6000794158585,3608.512939453125,386200
2017-11-29,3601.599540550595,3649.9895535714286,3546.2966685267857,3629.2509765625,515000
2017-11-30,3636.164379602191,3656.9029597139906,3546.297199117726,3608.512939453125,666900
2017-12-01,3629.2514107444067,3649.989990234375,3580.861391934481,3649.989990234375,506500
2017-12-04,3684.5542793347995,3698.379998957069,3546.2970831121056,3560.122802734375,491200
2017-12-05,3573.949180176722,3594.687763427264,3539.3848747591524,3587.77490234375,425600
2017-12-06,3573.9489182692305,3670.728966346154,3560.1231971153843,3594.6875,634400
2017-12-07,3594.687388605038,3649.9902715066537,3594.687388605038,3636.16455078125,476100
2017-12-08,3567.0353994693396,3677.6411482900944,3567.0353994693396,3663.8154296875,839700
2017-12-11,3684.5543706172894,3822.8115702652176,3670.7286506524965,3712.205810546875,845000
2017-12-12,3719.1191788858446,3726.0320398131416,3677.6420133220618,3705.29345703125,283000
2017-12-13,3739.8571238798254,3815.8985811121324,3726.0314043830426,3760.595703125,352800
2017-12-14,3774.4220999485833,3795.160682915334,3732.9449340150823,3781.3349609375,232200
2017-12-15,3746.769705636161,3753.6825648716517,3649.989676339286,3677.64111328125,423600
2017-12-18,3684.553937704822,3698.3796560451783,3643.076782683755,3691.466796875,308300
2017-12-19,3712.2056495750344,3774.42138671875,3677.641351161859,3774.42138671875,340700
2017-12-20,3767.508544921875,3774.4214046373277,3719.118526913704,3767.508544921875,317200
2017-12-21,3739.855972855179,3774.420260959201,3712.204542371962,3732.943115234375,412700
2017-12-22,3691.467399780499,3760.596002772643,3677.6416791820698,3739.857421875,501400
2017-12-25,3767.5085270361146,3781.334246401385,3732.9442286229396,3774.42138671875,297900
2017-12-26,3753.682529406601,3760.5953885767794,3684.553937704822,3691.466796875,211000
2017-12-27,3629.251064343399,3719.118233555712,3629.251064343399,3691.466796875,260600
2017-12-28,3670.7289076861216,3705.2932100183825,3511.733116957721,3525.558837890625,888000
2017-12-29,3497.906982421875,3580.861298210536,3463.3426841765995,3497.906982421875,594800
2018-01-01,3497.906982421875,3497.906982421875,3497.906982421875,3497.906982421875,0
2018-01-02,3497.906982421875,3497.906982421875,3497.906982421875,3497.906982421875,0
2018-01-03,3497.906982421875,3497.906982421875,3497.906982421875,3497.906982421875,0
2018-01-04,3539.3849403578533,3580.862107627672,3470.256328241489,3477.169189453125,777600
2018-01-05,3442.604455078125,3511.73305859375,3363.106561035156,3456.43017578125,931200
2018-01-08,3456.43017578125,3456.43017578125,3456.43017578125,3456.43017578125,0
2018-01-09,3470.2560469523514,3490.99462890625,3442.6046043471533,3490.99462890625,531300
2018-01-10,3477.1682479767032,3484.081107316617,3425.3218029273485,3463.342529296875,828300
2018-01-11,3497.907117843628,3546.297137260437,3470.25567817688,3539.38427734375,574400
2018-01-12,3504.819927404575,3518.6456470393073,3387.301310509353,3418.4091796875,1145300
2018-01-15,3390.7571936955037,3404.58291110099,3373.475046938646,3394.213623046875,445900
2018-01-16,3394.214170326719,3435.691329230915,3387.301310509353,3418.4091796875,261100
2018-01-17,3397.6710489078446,3463.3432258450257,3380.3888970822704,3387.3017578125,524600
2018-01-18,3439.1475918499277,3490.994037958218,3421.865443147164,3435.691162109375,648300
2018-01-19,3439.147759139598,3470.255628317745,3390.7577404180356,3418.4091796875,547300
2018-01-22,3428.77916097167,3484.0820506647615,3425.322730365852,3477.169189453125,439900
2018-01-23,3490.993966656531,3490.993966656531,3435.6910919372194,3463.342529296875,327600
2018-01-24,3470.255423933805,3470.255423933805,3414.9525486519915,3449.516845703125,485800
2018-01-25,3425.3217688562436,3432.2346281273963,3376.9317539581734,3380.38818359375,536000
2018-01-26,3387.301174074015,3408.0397526907946,3370.0190252266984,3376.931884765625,496300
2018-01-29,3383.845215335969,3432.2352388443487,3366.5630640829763,3428.77880859375,345000
2018-01-30,3432.2349722859326,3432.2349722859326,3376.9320925713555,3390.7578125,425100
2018-01-31,3380.388688607379,3383.8451187593296,3328.542236328125,3328.542236328125,472100
2018-02-01,3363.1062658334904,3446.060582770802,3363.1062658334904,3432.23486328125,491700
2018-02-02,3394.2134450798894,3414.9520201007444,3352.7362950381803,3366.56201171875,406700
2018-02-05,3318.172811514196,3335.4549615741657,3266.3263613342865,3287.06494140625,441100
2018-02-06,3204.110781433038,3214.4800719878376,3017.463551446647,3134.982177734375,1161900
2018-02-07,3228.3059672082873,3262.8702709257204,3100.4180434537834,3117.7001953125,857500
2018-02-08,3114.243408203125,3159.1769978886305,3079.6791084450433,3114.243408203125,656800
2018-02-09,2996.7249132433767,3065.853515625,2989.8120530052142,3065.853515625,682800
2018-02-12,3065.853515625,3065.853515625,3065.853515625,3065.853515625,0
2018-02-13,3103.8744542112527,3197.1980736585842,3103.8744542112527,3169.546630859375,848200
2018-02-14,3162.633395724826,3176.459115487558,3090.048366970486,3173.002685546875,836700
2018-02-15,3128.0692843798524,3190.285027052601,2768.600548937306,2782.42626953125,1869200
2018-02-16,2823.9035089666195,2910.3142650549494,2810.0777879924867,2889.57568359375,812400
2018-02-19,2917.2269802203755,3000.1813019328033,2906.857690006322,2989.81201171875,364300
2018-02-20,3007.0944633833856,3014.00732421875,2951.791576700473,3014.00732421875,268100
2018-02-21,2979.442348434703,2986.355207711814,2868.8366000009323,2896.488037109375,790900
2018-02-22,2903.400896386486,2927.595903856373,2858.4673110852664,2896.488037109375,454600
2018-02-23,2906.858260519463,2958.7047217653508,2896.488968270285,2955.248291015625,366900
2018-02-26,2955.247599283854,2993.2683286313654,2955.247599283854,2986.35546875,290800
2018-02-27,3014.0068180599255,3048.5711164321724,2996.7246688738023,3020.919677734375,358500
2018-02-28,3027.832477292388,3027.832477292388,2965.6167414576125,2996.724609375,535100
2018-03-01,2958.703717417062,2972.529435722749,2903.400844194313,2917.2265625,404700
2018-03-02,2861.9237929124097,2886.118800823505,2851.554503807655,2875.74951171875,382000
2018-03-05,2861.9238030236384,2872.2930921650286,2789.3387790339084,2823.903076171875,431300
2018-03-06,2872.292978006517,2934.5087103821093,2868.836548430095,2917.2265625,322900
2018-03-07,2899.944414617891,2972.529435722749,2875.7494075829386,2917.2265625,535500
2018-03-08,2917.2272192726673,2944.878662109375,2903.401497854313,2944.878662109375,365200
2018-03-09,3020.92024529693,3020.92024529693,2906.8580392388076,2948.335205078125,446100
2018-03-12,2958.7036649816177,2965.6165240119485,2913.770081284467,2937.965087890625,254500
2018-03-13,2896.488581730769,2965.6171875,2889.575721153846,2965.6171875,375100
2018-03-14,2931.053406762295,2969.074146708504,2924.1405449538934,2951.7919921875,289700
2018-03-15,2931.052978515625,2982.8994345035194,2886.119383326117,2931.052978515625,369900
2018-03-16,2958.7041410765896,3010.5505921468566,2927.5962704344292,2989.81201171875,483800
2018-03-19,2979.442203106083,2986.3550620460046,2837.7285948376966,2855.0107421875,504700
2018-03-20,2827.36001306801,2879.2064680753697,2803.1650007312423,2861.92431640625,347400
2018-03-21,2861.92431640625,2861.92431640625,2861.92431640625,2861.92431640625,0
2018-03-22,2834.2725467083596,2844.64183651339,2716.753928918013,2754.774658203125,1010200
2018-03-23,2689.102673446256,2792.7955785919985,2671.8205225886322,2775.513427734375,864900
2018-03-26,2765.1437538156288,2837.728777353289,2702.928019354777,2830.81591796875,553600
2018-03-27,2848.098462871477,2868.837043911803,2796.2520102706612,2820.447021484375,426600
2018-03-28,2804.321933962264,2807.827336379717,2762.25710495283,2786.794921875,382800
2018-03-29,2786.794896779327,2807.8273110946425,2741.2246657628093,2762.257080078125,310500
2018-03-30,2779.784155149193,2779.784155149193,2734.2139230975667,2755.246337890625,289600
2018-04-02,2758.7517403561346,2828.8597896663287,2751.7409354251154,2755.246337890625,352700
2018-04-03,2723.698040008545,2723.698040008545,2650.0845794677734,2692.1494140625,569400
2018-04-04,2664.1059966919106,2678.1276072008154,2629.051970419649,2632.557373046875,611300
2018-04-05,2629.052203634511,2674.6224418308425,2608.0197860054345,2660.600830078125,523400
2018-04-06,2657.0951035732237,2685.138323663706,2615.0302734375,2615.0302734375,504400
2018-04-09,2597.503299707959,2608.019507399084,2565.9546766345825,2583.481689453125,476500
2018-04-10,2558.9439880123987,2608.019626138664,2537.911571672571,2597.50341796875,476700
2018-04-11,2632.557102982716,2653.5895165884367,2597.5030803065147,2608.019287109375,479300
2018-04-12,2608.019547347184,2608.019547347184,2541.416897616544,2551.93310546875,371000
2018-04-13,2558.943902720576,2597.503331391708,2551.9330975076427,2579.976318359375,485900
2018-04-16,2601.008544921875,2611.5247519768154,2579.9761308119946,2601.008544921875,245500
2018-04-17,2579.9762628424655,2586.9870679045375,2530.900627407962,2558.94384765625,642300
2018-04-18,2601.0087642022277,2695.6546356758936,2590.492556260709,2685.138427734375,501900
2018-04-19,2688.643888774671,2709.676305114499,2597.50341796875,2597.50341796875,576300
2018-04-20,2601.0090537383176,2639.5684871495328,2579.9766355140187,2625.546875,514600
2018-04-23,2625.546361383402,2646.5787754932826,2590.492337866935,2601.008544921875,343800
2018-04-24,2629.0522351428513,2667.6116679249467,2618.53602620228,2657.095458984375,392500
2018-04-25,2636.062944613821,2653.5899588732213,2583.4819018356197,2586.9873046875,538000
2018-04-26,2551.933066379749,2611.5249099627927,2537.9114561249153,2583.481689453125,513000
2018-04-27,2583.4821713096217,2604.5145906147204,2527.3957198293583,2530.901123046875,430600
2018-04-30,2530.901123046875,2530.901123046875,2530.901123046875,2530.901123046875,0
2018-05-01,2523.889969517394,2590.4926214907696,2509.8683585756307,2569.460205078125,387600
2018-05-02,2590.492549603592,2646.5789918142245,2579.9763416890983,2604.51416015625,635300
2018-05-03,2604.51416015625,2604.51416015625,2604.51416015625,2604.51416015625,0
2018-05-04,2604.51416015625,2604.51416015625,2604.51416015625,2604.51416015625,0
2018-05-07,2583.4817930279355,2586.9871957321798,2534.4061551685177,2544.92236328125,422500
2018-05-08,2572.965829439252,2657.0955023364486,2569.460426401869,2625.546875,625600
2018-05-09,2608.0194923431272,2657.095127951735,2590.492479625768,2639.568115234375,729600
2018-05-10,2657.095175701639,2657.095175701639,2551.9330975076427,2579.976318359375,810400
2018-05-11,2650.08455392264,2685.13858241368,2492.341425712959,2506.363037109375,1695800
2018-05-14,2506.36299919731,2674.6223334091574,2502.85759640123,2618.535888671875,1267200
2018-05-15,2579.9767228112178,2636.0631733071136,2544.9226912512827,2562.44970703125,1189500
2018-05-16,2572.965639541709,2632.557486779051,2558.9440284270404,2565.954833984375,900000
2018-05-17,2572.9653036428053,2723.697603447493,2569.459901321766,2713.181396484375,1387500
2018-05-18,2716.6869066251033,2723.697711545426,2643.0734549617137,2646.578857421875,799400
2018-05-21,2695.6544534573377,2695.6544534573377,2622.041002842768,2678.12744140625,769800
2018-05-22,2699.1603046925534,2790.300782513341,2678.12788673391,2709.676513671875,781100
2018-05-23,2713.181543754189,2723.69775128812,2615.0302734375,2615.0302734375,1156500
2018-05-24,2569.459841378922,2593.997657053755,2492.340992115162,2555.438232421875,1424000
2018-05-25,2558.9439880123987,2653.5898615416245,2555.438585289094,2597.50341796875,861700
2018-05-28,2597.503403844912,2618.535820070377,2530.9007524642734,2544.92236328125,504600
2018-05-29,2541.4168819304437,2555.438492313508,2492.341245589718,2499.35205078125,689300
2018-05-30,2467.8038520592486,2467.8038520592486,2425.739013671875,2425.739013671875,916300
2018-05-31,2436.2548040574598,2439.760206653226,2390.6845703125,2390.6845703125,4922400
2018-06-01,2390.6844514829922,2446.770890227461,2376.662841796875,2376.662841796875,1281600
2018-06-04,2373.157557333669,2418.727791078629,2306.5549080141127,2390.6845703125,1205700
2018-06-05,2355.630675231839,2359.1360780223627,2253.9739943066556,2267.99560546875,1613600
2018-06-06,2253.9738690776207,2324.0819209929437,2250.4684664818546,2282.01708984375,974800
2018-06-07,2267.9957114235585,2341.609173463581,2267.9957114235585,2310.060546875,982700
2018-06-08,2292.5331847857983,2310.0601969018976,2239.9521484375,2239.9521484375,990700
2018-06-11,2215.4140625,2253.9734844738923,2190.876248516614,2215.4140625,1059400
2018-06-12,2215.4141869028663,2229.4357956807326,2152.316947402468,2201.392578125,1525900
2018-06-13,2194.38232421875,2250.46877340006,2190.8769211449185,2194.38232421875,1101000
2018-06-14,2173.349929559426,2190.8769451203893,2134.7904953253073,2138.2958984375,863500
2018-06-15,2148.8117990930095,2180.360422570721,2141.8009938757405,2145.306396484375,666600
2018-06-18,2134.7901967029698,2145.306404568502,2089.2199626189986,2117.26318359375,834400
2018-06-19,2103.2412448848295,2117.262853184062,2061.8775004020945,2077.30126953125,1176400
2018-06-20,2075.19868578411,2120.7689271949093,2026.8241218249532,2106.747314453125,1132700
2018-06-21,2124.2741848625587,2159.328214315736,2068.888818326538,2085.013671875,943800
2018-06-22,2063.981316628801,2110.252636906485,1981.9548852274525,2005.7916259765625,3442300
2018-06-25,1991.0689819335937,2059.7748834228514,1958.1181924438474,1963.0257568359375,1144200
2018-06-26,1934.982453777223,1959.5202747490357,1911.1457134046052,1931.47705078125,1007700
2018-06-27,1939.8900786722575,1991.770044636026,1929.3738693552773,1932.8792724609375,1042600
2018-06-28,1927.9714063532458,1940.5908555584672,1888.7108977147798,1923.0638427734375,818700
2018-06-29,1946.9005385111811,2028.2258760939312,1939.889733547151,1965.8297119140625,755400
2018-07-02,1973.5415096248594,2012.1009352125564,1939.1885668285474,1945.498291015625,849700
2018-07-03,1972.1398843986137,1973.542045709953,1911.8469480110273,1925.16748046875,614200
2018-07-04,1925.1673856284854,1958.1181748216895,1918.8576600382974,1932.8792724609375,705000
2018-07-05,1927.2702093882954,1944.096140645232,1895.0205078124998,1895.0205078125,928500
2018-07-06,1930.0749440507404,1976.3462649033918,1911.8468479572718,1946.90087890625,856100
2018-07-09,1963.0256379180867,1967.2321214279111,1917.4553998949882,1954.6126708984375,399300
2018-07-10,1973.5416614163305,1983.3567886844758,1927.971427671371,1956.0146484375,981600
2018-07-11,1963.0252162644654,1977.0468249520686,1906.9387815140522,1908.3409423828125,963500
2018-07-12,1916.0529785156252,1934.2810712494,1902.7324492101743,1916.052978515625,683000
2018-07-13,1931.4771064678512,1958.1181700053387,1931.4771064678512,1944.0965576171875,654900
2018-07-16,1944.0965576171875,1944.0965576171875,1944.0965576171875,1944.0965576171875,0
2018-07-17,1979.1503870131978,2004.3892867413151,1946.900681805048,1990.36767578125,1251100
2018-07-18,2005.7914460225402,2035.2368290120357,1985.4601101488408,1995.976318359375,1018200
2018-07-19,2007.1933859010057,2039.4430875256814,2001.5847421401927,2026.12255859375,558800
2018-07-20,2012.802036830357,2023.318243919335,1977.748013200431,1992.470703125,683400
2018-07-23,1986.86230754244,2002.9871604265177,1964.4277296167668,1978.4493408203125,517400
2018-07-24,1977.047107256172,2019.111939325452,1976.346026721684,2016.3076171875,579800
2018-07-25,2040.1445004703335,2048.5574674825825,2012.802357680525,2040.8455810546875,598800
2018-07-26,2052.063087568467,2056.970652178299,2022.6176999094728,2035.938232421875,532300
2018-07-27,2036.6389501259928,2041.546513861236,2003.6881650465016,2024.7205810546875,531900
2018-07-30,2033.1335500152122,2051.3616439119005,2013.5032950495481,2016.3076171875,526600
2018-07-31,2030.3289442883893,2069.589448735955,2023.3181399227526,2059.0732421875,1057400
2018-08-01,2075.1987506734913,2091.3236058307516,1998.780958841258,2033.1339111328125,1196000
2018-08-02,2029.628172062037,2063.981118670341,2026.122769346904,2035.23681640625,503000
2018-08-03,2040.1444597942073,2045.0520237868393,1972.8407250381097,1983.35693359375,767300
2018-08-06,1983.357229598224,2024.0199087487001,1982.6561489232158,2001.5853271484375,374800
2018-08-07,1984.0580672123665,2007.193726653359,1978.4494224993987,2004.389404296875,358700
2018-08-08,2012.1011584863718,2043.6497829225693,1998.0795476258395,2035.23681640625,668000
2018-08-09,2022.6168850153633,2022.6168850153633,1974.242339065256,1987.5628662109375,728700
2018-08-10,1917.4550333019417,1925.1669182622054,1829.118896484375,1829.118896484375,2062400
2018-08-13,1803.1790581251246,1806.6844606486961,1747.0926177479823,1759.010986328125,1201400
2018-08-14,1779.3422181595204,1817.2005632267442,1777.238976766897,1808.78759765625,778100
2018-08-15,1808.7879043970352,1841.7386918027178,1787.7554869040464,1804.5814208984375,606100
2018-08-16,1780.7442596577932,1840.3360951187824,1770.2280533999715,1803.1788330078125,812300
2018-08-17,1810.8910455889873,1834.7277840907393,1800.3748374264496,1831.9234619140625,460900
2018-08-20,1826.3150878068877,1845.2442653004716,1817.201039384051,1839.6356201171875,377300
2018-08-21,1834.0265175135403,1863.471897381877,1829.8200346752067,1844.542724609375,501900
2018-08-22,1819.3036436686746,1876.7922366478003,1792.662588385665,1873.9879150390625,582400
2018-08-23,1871.1840234062824,1878.8959096024116,1848.749445381179,1864.1732177734375,290600
2018-08-24,1848.7490244140624,1855.759828450521,1830.5209339192709,1840.3360595703125,495200
2018-08-27,1850.852140665675,1895.7212834696913,1841.738096033609,1885.205078125,722100
2018-08-28,1896.4230767927577,1918.857656629123,1865.5755295177553,1869.0809326171875,596500
2018-08-29,1866.9777779175124,1904.1350525061823,1866.9777779175124,1878.195068359375,466200
2018-08-30,1891.5155684219565,1892.2166490625873,1862.070181515462,1881.700439453125,515700
2018-08-31,1876.792322835705,1912.5474249890933,1871.1836793606635,1908.3409423828125,568600
2018-09-03,1914.6511343874836,1923.0641016568538,1873.2873786464138,1886.60791015625,508700
2018-09-04,1883.8035613603122,1894.3197702998002,1867.678707653097,1876.0916748046875,325100
2018-09-05,1872.5859612483878,1918.1561924281502,1864.8740759718128,1902.732421875,823100
2018-09-06,1876.792651132437,1883.803456702599,1822.8094482421875,1822.8094482421875,925400
2018-09-07,1850.1515560624612,1862.7710058575065,1824.2115759282017,1831.9234619140625,751400
2018-09-10,1836.8312629986135,1867.6788109268343,1826.315053477629,1848.7496337890625,373200
2018-09-11,1843.8416447401682,1848.7492080531647,1817.2005867553291,1841.7384033203125,401700
2018-09-12,1845.2442120441206,1864.8744696190581,1814.3966644263617,1821.407470703125,447100
2018-09-13,1825.6138695406626,1840.3365620369582,1799.6738875233798,1803.88037109375,416900
2018-09-14,1817.9017552231298,1857.1622636274858,1807.38554761482,1850.8525390625,467800
2018-09-17,1850.8525390625,1850.8525390625,1850.8525390625,1850.8525390625,0
2018-09-18,1843.8416381973045,1882.4010640911645,1838.232994430925,1872.5859375,452500
2018-09-19,1890.1134122879967,1899.2274606410174,1867.6788317267146,1870.483154296875,500400
2018-09-20,1877.4937918143378,1916.0532236850581,1872.5862277580645,1913.2489013671875,555300
2018-09-21,1932.177668758935,1970.7370924823535,1925.1668644455863,1961.623046875,878400
2018-09-24,1961.623046875,1961.623046875,1961.623046875,1961.623046875,0
2018-09-25,1949.0041749006343,1983.3571261848542,1910.4447397856936,1962.32470703125,827000
2018-09-26,1988.1161419642453,1996.7134009565232,1958.025735491273,1983.10107421875,413400
2018-09-27,1983.1009121882005,1994.5639232413116,1905.009149388882,1917.1885986328125,738600
2018-09-28,1928.651840780906,1957.309371847487,1928.651840780906,1953.0107421875,538700
2018-10-01,1970.2050740590014,1977.3694561464886,1924.3530286990829,1935.8160400390625,440700
2018-10-02,1959.4587477805396,1983.1012116477273,1943.6971052024146,1970.205322265625,521200
2018-10-03,1958.7419884645344,1978.8022575490286,1930.8008993825604,1954.443359375,417900
2018-10-04,1973.0704381839464,1997.4293324825137,1957.3088006966382,1984.533447265625,502500
2018-10-05,1960.175302963342,1969.4890014057846,1920.7711941683917,1925.06982421875,469200
2018-10-08,1925.06982421875,1925.06982421875,1925.06982421875,1925.06982421875,0
2018-10-09,1940.831314337606,1972.3545988820338,1927.218986920694,1962.324462890625,490900
2018-10-10,1962.3245691542268,2003.87799194026,1953.7273092674611,1975.220458984375,451800
2018-10-11,1885.6653466322816,1885.6653466322816,1819.7530320843448,1844.828369140625,1040200
2018-10-12,1845.5449842087767,1915.0394964247128,1838.380601506103,1885.66552734375,546700
2018-10-15,1886.381888133082,1892.8298323006466,1849.8435378502154,1869.90380859375,303400
2018-10-16,1873.4859705007575,1894.2626791602306,1869.9037793525727,1884.2325439453125,229200
2018-10-17,1920.054565791914,1950.144973166265,1915.0394978961888,1931.517578125,327700
2018-10-18,1920.770730967223,1930.8008653325871,1887.8145751953125,1887.8145751953125,367700
2018-10-19,1864.1724241743539,1864.888862461892,1831.9327012351355,1846.9779052734375,357400
2018-10-22,1841.2460266837018,1849.126846253165,1807.573433977813,1812.5885009765625,368800
2018-10-23,1805.4244525042022,1806.8573290538086,1756.706649817581,1758.1395263671875,532500
2018-10-24,1768.169670120431,1787.5135036266108,1758.8559725063444,1768.8861083984375,403300
2018-10-25,1716.5860506408562,1736.6463216834036,1680.0476998133588,1694.37646484375,760400
2018-10-26,1715.8696188035185,1728.7655073790772,1659.987434976097,1670.7340087890625,717800
2018-10-29,1680.7642288434977,1720.8847730955165,1676.46559910221,1685.779296875,492200
2018-10-30,1658.5546788389177,1723.03412639637,1656.405363920336,1716.586181640625,460800
2018-10-31,1740.9445569114962,1795.3938516955595,1722.3171665906325,1766.736328125,630600
2018-11-01,1776.050279524883,1829.7831439719853,1769.6023357912309,1788.9461669921875,453400
2018-11-02,1796.8274222237724,1826.9178336007255,1787.5137234642393,1805.4246826171875,370400
2018-11-05,1805.4246738119582,1841.9630303057716,1786.7972763837395,1817.6041259765625,357200
2018-11-06,1820.4694962110304,1828.3503165409484,1791.8119677386019,1807.5736083984375,296100
2018-11-07,1816.1712581089564,1836.9479707263765,1797.5438605898903,1805.4246826171875,362800
2018-11-08,1841.2462170476242,1864.8886782003758,1830.4996437963737,1852.709228515625,551000
2018-11-09,1791.8121128613734,1912.8901804637615,1763.154582067909,1851.2764892578125,1200000
2018-11-12,1834.7985645461122,1836.947879537771,1762.4382931602638,1768.1697998046875,667000
2018-11-13,1723.033682771051,1788.945989970609,1697.9583485103497,1782.498046875,519600
2018-11-14,1780.3488657104444,1813.3050217759094,1758.8557204503586,1804.707763671875,465500
2018-11-15,1785.3642125451536,1876.3518750625028,1785.3642125451536,1846.9779052734375,436600
2018-11-16,1829.0670098307032,1829.783448142427,1790.3793409976215,1795.3944091796875,324900
2018-11-19,1791.0957640628114,1805.424530175314,1759.572478615306,1796.8272705078125,302900
2018-11-20,1774.6175063968628,1795.3942151919816,1745.243538789971,1755.9901123046875,286300
2018-11-21,1739.512153691286,1780.3491358825559,1720.8847583057943,1744.5272216796875,372900
2018-11-22,1754.557433908142,1764.5875703208467,1737.362914343505,1760.2889404296875,204400
2018-11-23,1760.2889404296875,1760.2889404296875,1760.2889404296875,1760.2889404296875,0
2018-11-26,1750.9755182152749,1772.4686710575245,1738.079626509925,1745.96044921875,190500
2018-11-27,1745.9601656707496,1801.1259156734775,1744.5272890473022,1795.3944091796875,429300
2018-11-28,1794.678062812189,1892.8301165468276,1791.0958710700488,1889.2479248046875,751500
2018-11-29,1912.890373962747,1953.7273594743112,1894.9794154050435,1902.143798828125,728600
2018-11-30,1920.0543513960902,1944.413249883951,1898.561205671507,1917.1885986328125,453000
2018-12-03,1948.7118850484205,1951.5776378205505,1903.5762788873726,1905.0091552734375,356400
2018-12-04,1891.397438226744,1894.263191921027,1842.679625423934,1848.4111328125,575200
2018-12-05,1823.3352850179758,1877.0681519634957,1823.3352850179758,1862.02294921875,344800
2018-12-06,1854.1420269279588,1864.1721615403976,1783.9310846408878,1790.3790283203125,547200
2018-12-07,1821.9026509265288,1834.0821023876972,1753.8410104082354,1770.319091796875,456700
2018-12-10,1743.8107226602474,1773.1846912835301,1713.7203157778602,1750.2586669921875,489900
2018-12-11,1733.780412975873,1750.2584912810157,1691.5105599322465,1697.2420654296875,438000
2018-12-12,1697.2423097710034,1747.39299009349,1696.5258714806823,1743.0943603515625,404700
2018-12-13,1758.8558541662785,1803.2750244140623,1741.6613366510073,1803.2750244140625,438800
2018-12-14,1809.7231679554206,1828.3505639834655,1761.005362958996,1784.6478271484375,713900
2018-12-17,1779.632799194235,1801.8423872679152,1731.6314314220879,1735.213623046875,417000
2018-12-18,1716.585835817535,1738.0789806733474,1698.674881771025,1702.9735107421875,410800
2018-12-19,1715.8696893934207,1726.6162636484942,1658.5546266996946,1675.7491455078125,446300
2018-12-20,1654.972521509935,1667.8684112879344,1574.731429557938,1587.6273193359375,640000
2018-12-21,1611.2697377700595,1611.2697377700595,1533.1779630181982,1557.536865234375,1026300
2018-12-24,1557.536865234375,1557.536865234375,1557.536865234375,1557.536865234375,0
2018-12-25,1504.5203864241446,1551.8053128546178,1478.7286083711592,1538.909423828125,1031000
2018-12-26,1568.9994491730995,1584.761087475295,1531.0282296269013,1563.2679443359375,606400
2018-12-27,1642.0763299052592,1644.2256444731981,1595.5078475999183,1627.0311279296875,497700
2018-12-28,1620.583434793454,1685.7793201012366,1611.9861751924277,1649.240966796875,514900
2018-12-31,1649.240966796875,1649.240966796875,1649.240966796875,1649.240966796875,0
2019-01-04,1621.2997501400323,1724.4668575285275,1592.6422203098948,1718.7353515625,686700
2019-01-07,1755.273841178063,1810.4395904722307,1741.6615134301517,1809.0067138671875,947900
2019-01-08,1806.8573299563475,1824.0518485602145,1783.9313051511915,1792.528564453125,649200
2019-01-09,1799.6926144083498,1821.1857586887043,1764.587145417104,1812.5885009765625,662600
2019-01-10,1796.1109740111206,1832.6493304828266,1768.1698778856983,1829.067138671875,594300
2019-01-11,1836.9474073658562,1879.21725800337,1827.6337114626751,1858.4405517578125,525700
2019-01-15,1877.0679824012693,1915.039204946028,1874.202229756382,1901.4268798828125,625800
2019-01-16,1930.0846471468726,1953.0106711664346,1908.5914996285333,1913.6065673828125,743600
2019-01-17,1910.0244154118402,1966.6230383741565,1894.9792118395787,1944.4134521484375,612400
2019-01-18,1935.099808056801,1977.3696668777382,1926.5025486355935,1962.324462890625,621300
2019-01-21,1978.0859363882485,1991.6982626437273,1959.4585425649618,1966.6229248046875,457700
2019-01-22,1956.59271161783,1980.9516102611865,1930.800936583688,1950.8612060546875,514000
2019-01-23,1932.9507732377324,1963.7576239602017,1922.9206357932073,1947.279541015625,448500
2019-01-24,1927.9351336763275,1970.2049861055,1927.9351336763275,1967.3392333984375,441400
2019-01-25,1961.6081373961788,2002.4451219950035,1953.0108774806367,1997.4300537109375,585000
2019-01-28,1986.683349609375,2005.310744881587,1975.2203371341677,1986.683349609375,423300
2019-01-29,1979.5189218592773,2006.0271376062167,1965.9065948540922,2002.4449462890625,405200
2019-01-30,1930.800821679761,1960.8912240955494,1884.2323417505645,1903.576171875,1026500
2019-01-31,1927.2190019446114,1974.5039291298697,1926.5025636539258,1972.3546142578125,475300
2019-02-01,1969.488967679503,1988.8328025748638,1953.0108861019735,1973.78759765625,355300
2019-02-04,1994.5639629584941,2049.0132665450046,1993.1310865483229,2041.1324462890625,502700
2019-02-05,2066.2078544595447,2068.3571691486495,2037.5503252714789,2057.610595703125,494000
2019-02-06,2057.6111716003957,2072.656378635078,2034.68514183326,2038.267333984375,414500
2019-02-07,2017.4903592841567,2021.7889893110407,1952.294470543085,1971.6383056640625,764400
2019-02-08,1762.4383709881756,1857.0082347972973,1740.9452201224663,1829.067138671875,1091200
2019-02-12,1829.7830945163048,1916.4721134812512,1806.1406347985924,1910.024169921875,638700
2019-02-13,1919.3383441954168,1945.1301248564973,1872.0534129834357,1877.0684814453125,714200
2019-02-14,1873.4858721644346,1948.711882327825,1871.3365575883377,1940.1146240234375,618900
2019-02-15,1919.3384071352916,1940.1151200158154,1888.531557002101,1939.398681640625,495000
2019-02-18,1975.2199457908162,1977.3692602040815,1898.5610650510203,1930.80078125,401500
2019-02-19,1947.9957047567652,1972.3546065448234,1932.9505007112,1961.6080322265625,368900
2019-02-20,1951.5779113769531,1954.4436645507812,1907.8751754760742,1914.3231201171875,369000
2019-02-21,1909.307991729646,1941.5477139164504,1909.307991729646,1931.517578125,334600
2019-02-22,1913.606659503782,1977.3696668777382,1903.5765235123733,1962.324462890625,306300
2019-02-25,1980.951920488491,1980.951920488491,1932.2341155723184,1933.6669921875,353000
2019-02-26,1933.6670612094126,1933.6670612094126,1906.4424045491837,1927.2191162109375,298900
2019-02-27,1936.5324105460104,1946.562545117836,1927.9351523415887,1942.263916015625,215100
2019-02-28,1946.562843322754,1951.5779113769531,1921.4875030517578,1937.2491455078125,331300
2019-03-01,1941.547865818887,1975.2204671817974,1927.9355376083486,1963.041015625,321300
2019-03-04,2006.0270446227478,2035.4010120618666,1963.040750809403,1988.1160888671875,502800
2019-03-05,1998.14614686315,2001.7283378758125,1953.0105401036024,1983.8173828125,528400
2019-03-06,1984.5339446117177,2008.8928450148942,1981.668191623109,2006.7435302734375,349700
2019-03-07,1997.4299933013247,2006.027252956854,1945.129997063521,1957.3094482421875,423300
2019-03-08,1949.428557014683,1949.428557014683,1867.0381549357824,1883.5162353515625,559600
2019-03-11,1882.7996119991603,1897.1283761696257,1849.1270161985665,1866.321533203125,216500
2019-03-12,1879.933685906583,1907.8747734638835,1879.2172477640881,1882.7994384765625,179700
2019-03-13,1905.72545638975,1925.7857243517474,1886.3816265692526,1906.44189453125,172800
2019-03-14,1916.4723729652476,1916.4723729652476,1872.7696384789372,1885.66552734375,153300
2019-03-15,1902.859849534805,1912.1735460874982,1857.7242431640625,1857.7242431640625,497200
2019-03-18,1864.8888099864548,1887.8148345425695,1864.8888099864548,1886.3819580078125,141900
2019-03-19,1872.7698385598776,1884.2328521088286,1836.231482872596,1844.1123046875,229300
2019-03-20,1842.6790771484377,1861.306470618834,1833.3653804132396,1842.6790771484375,315700
2019-03-22,1843.3958789155683,1882.7999882588858,1843.3958789155683,1877.0684814453125,512500
2019-03-25,1841.2465352187921,1863.456123775906,1820.4698233427825,1857.0081787109375,320300
2019-03-26,1891.3973543226402,1918.6220132106178,1872.0535177443405,1889.9644775390625,388300
2019-03-27,1901.6936976105146,1933.9506454497061,1891.4301232980447,1909.7579345703125,340700
2019-03-28,1900.9604146368602,1914.1564375691637,1877.5008183127645,1904.6259765625,267600
2019-03-29,1904.6260095854307,1914.1564707573361,1856.240591328064,1875.301513671875,340800
2019-04-01,1883.3657557682445,1887.7644301686375,1846.7101357649701,1854.041259765625,240600
2019-04-02,1850.3760440390406,1869.436970007747,1822.5177676232388,1840.8455810546875,395700
2019-04-03,1854.7746938287958,1890.6972076618435,1843.7780059207198,1878.9674072265625,304000
2019-04-04,1898.761389878217,1913.4236399931065,1862.8388770967372,1869.4368896484375,297200
2019-04-05,1866.5043104688712,1898.0281460345277,1865.7711980138558,1890.697021484375,310300
2019-04-08,1905.359079396021,1912.6902032105495,1872.3690222306413,1874.568359375,171500
2019-04-09,1881.1667993201972,1896.5621628376266,1852.5754099306853,1888.4979248046875,286100
2019-04-10,1861.3729217223508,1868.704047841777,1822.5179532893912,1829.115966796875,426700
2019-04-11,1790.9938776013912,1812.9872530938355,1782.9296399208283,1805.6561279296875,297200
2019-04-12,1823.9838426558033,1840.1123171487407,1785.8619938543156,1795.3924560546875,387000
2019-04-15,1815.9197934813367,1818.1191311399737,1788.7946290248128,1811.5211181640625,334100
2019-04-16,1799.7912536302053,1827.6495296538094,1791.7270158338988,1823.2508544921875,198600
2019-04-17,1832.0480152378423,1886.2983366174342,1826.1831156292376,1858.4400634765625,531300
2019-04-18,1840.1125077263443,1863.572109418473,1809.3217805054255,1811.5211181640625,323600
2019-04-19,1818.1189834318411,1832.0481208049075,1804.9229585520939,1821.7845458984375,209800
2019-04-22,1829.1158226216717,1835.7138356090845,1807.1224459969621,1813.720458984375,165500
2019-04-23,1808.5886552647005,1816.6528932897963,1788.7946164758287,1802.7237548828125,258500
2019-04-24,1786.5951463183756,1801.257396185576,1766.801108997655,1768.267333984375,393200
2019-04-25,1769.000438172912,1794.6593753200534,1760.9362007838106,1789.527587890625,238000
2019-04-26,1776.3317201183277,1785.129070775125,1752.872118366868,1758.00390625,252300
2019-05-07,1748.4733084001564,1767.534233355462,1738.2097334242226,1749.2064208984375,281500
2019-05-08,1723.5475433697718,1740.4091314163497,1713.283968037072,1735.27734375,320100
2019-05-09,1729.4123702797358,1729.4123702797358,1683.9593957323243,1686.891845703125,291700
2019-05-10,1700.8208395864322,1740.4089108526682,1687.6248158310202,1725.0135498046875,545400
2019-05-13,1468.4243763826623,1611.381317668044,1458.8939136303036,1563.72900390625,1968400
2019-05-14,1580.5906634553107,1582.79000111318,1538.8032479557967,1556.39794921875,644400
2019-05-15,1568.127518136161,1593.0533412388395,1557.8639439174108,1590.85400390625,447400
2019-05-16,1589.3880600847122,1623.8443510551833,1585.7224972155132,1617.246337890625,431700
2019-05-17,1627.5096261160716,1694.955970982143,1626.0434012276787,1693.48974609375,653600
2019-05-20,1672.2299690633263,1692.0240107839356,1641.439237497934,1663.4326171875,393400
2019-05-21,1649.5031287175464,1658.3004787373734,1621.6448536547612,1646.5706787109375,393000
2019-05-22,1673.695775963298,1698.6216000468512,1662.6990888676128,1683.9593505859375,443100
2019-05-23,1665.6314419760183,1685.4254775980926,1638.5062820494722,1673.6956787109375,287500
2019-05-24,1652.4353697765064,1682.4929785435147,1650.236032549652,1668.5638427734375,193000
2019-05-27,1663.4324012782931,1684.692665552013,1661.233063594805,1683.2264404296875,151200
2019-05-28,1675.1618662867054,1702.2870256095098,1675.1618662867054,1700.82080078125,274600
2019-05-29,1686.892077684715,1692.7569784328584,1661.2331369115882,1678.0947265625,254600
2019-05-30,1675.8952030868697,1692.7567908694584,1658.3005027919944,1689.8243408203125,187400
2019-05-31,1682.4932829372547,1691.2906334362729,1677.3614951461607,1680.2939453125,248800
2019-06-03,1677.361625414823,1691.2907647867119,1648.0371214740044,1656.83447265625,408600
2019-06-04,1649.5033882759715,1664.8987532332137,1620.1788835955097,1627.510009765625,377400
2019-06-05,1664.1657517273304,1670.763765720963,1637.0405830868408,1648.7703857421875,272800
2019-06-06,1626.7765660821988,1654.634839859181,1623.1110037431222,1623.8441162109375,218800
2019-06-07,1601.1176742409307,1637.0401861630028,1595.2527743352862,1626.776611328125,342500
2019-06-10,1636.307103687806,1657.567366235721,1636.307103687806,1646.5706787109375,266800
2019-06-11,1626.7769148130305,1645.1047304373326,1626.7769148130305,1640.7060546875,225100
2019-06-12,1640.705488783703,1678.8273321334582,1631.9081403183748,1667.0975341796875,300300
2019-06-13,1667.0981091864946,1673.6961228112434,1630.442477937891,1640.7060546875,257800
2019-06-14,1653.9018681684415,1653.9018681684415,1626.7767045504308,1634.8409423828125,234800
2019-06-17,1628.9760970273526,1628.9760970273526,1615.7800710388321,1616.51318359375,143500
2019-06-18,1604.0502451203774,1612.1144830985877,1567.3946179466943,1571.0601806640625,350300
2019-06-19,1593.0535598587205,1607.715810754797,1579.1244215074478,1601.1177978515625,198800
2019-06-20,1592.320501189477,1612.1145405689042,1581.323812645351,1610.6483154296875,227900
2019-06-21,1597.452072512948,1606.9825346252328,1561.5295614743366,1574.7255859375,386700
2019-06-24,1549.799866037418,1564.4621164256623,1549.799866037418,1563.72900390625,271500
2019-06-25,1556.397855758667,1580.5905685424805,1547.600505655462,1548.3336181640625,201000
2019-06-26,1540.2689089948317,1546.8669195521632,1523.407326459429,1533.6708984375,305500
2019-06-27,1541.0024908711646,1573.9925537109375,1541.0024908711646,1573.9925537109375,305100
2019-06-28,1581.323775376616,1594.5198013185627,1569.59397453933,1584.2562255859375,210200
2019-07-01,1608.4488688408924,1619.445556640625,1592.3203934012845,1619.445556640625,230600
2019-07-02,1604.7833062409816,1625.3104568004824,1600.3846311210884,1619.445556640625,181700
2019-07-03,1610.6481332606788,1640.7057452150202,1610.6481332606788,1624.5772705078125,256500
2019-07-04,1637.773288474795,1640.7057384093962,1620.1785888671875,1620.1785888671875,247500
2019-07-05,1631.1755249740525,1631.9086375695463,1609.9152597047278,1622.378173828125,219800
2019-07-08,1612.114596709362,1627.5099612072686,1592.320556640625,1592.320556640625,262800
2019-07-09,1603.316998404402,1625.3103728681112,1583.5229613870638,1617.979248046875,374200
2019-07-10,1604.0502094293229,1606.9826595379689,1594.5197465762235,1602.583984375,325300
2019-07-11,1596.7188480126597,1616.5128833186018,1584.2559368941036,1606.982421875,285100
2019-07-12,1607.7158208223066,1617.9793965138306,1579.124431395918,1579.8575439453125,326800
2019-07-16,1577.6578808271452,1579.8572180216067,1551.2658344936056,1554.931396484375,364500
2019-07-17,1539.5364170154714,1574.725820832968,1531.4721786406285,1568.1278076171875,371300
2019-07-18,1565.9286379972943,1567.394863313771,1538.8034696424722,1541.0028076171875,342100
2019-07-19,1536.6038114687203,1554.1985116000415,1530.0057989194747,1543.9349365234375,250400
2019-07-22,1543.9348777661482,1551.9991150194378,1529.272628214713,1532.205078125,216000
2019-07-23,1535.8706089016139,1544.6679584514081,1521.2083596519565,1538.0699462890625,204100
2019-07-24,1524.8740652030274,1529.272740391113,1508.0124769820325,1525.607177734375,374700
2019-07-25,1514.6102685151411,1541.7354282126532,1512.4109312423698,1538.802978515625,236200
2019-07-26,1539.5360622176204,1546.1340739128389,1517.542689900226,1521.208251953125,187600
2019-07-29,1516.8096294421684,1523.4076413633766,1499.9480434213033,1502.8804931640625,324100
2019-07-30,1499.215132870169,1521.9416214369053,1497.0157952669367,1502.1475830078125,280700
2019-07-31,1495.5494274866894,1516.0765764914086,1487.4851903776926,1514.6103515625,511500
2019-08-01,1508.0125275898756,1535.870804715989,1501.4145145863224,1532.9383544921875,342100
2019-08-02,1522.6747243842676,1537.336974980168,1510.2118113777522,1523.4078369140625,390100
2019-08-05,1528.5395694021452,1532.2051319186971,1493.350169243247,1513.8773193359375,471300
2019-08-06,1481.620362691708,1513.1442001957869,1468.4243376900006,1509.4786376953125,519900
2019-08-07,1498.4820140745135,1531.472077985156,1489.684663698342,1525.607177734375,523100
2019-08-08,1521.2084464838938,1524.1408965012122,1483.819708763085,1488.2183837890625,787900
2019-08-09,1510.9448426967538,1562.995829514546,1507.2792802447966,1549.7998046875,1150700
2019-08-13,1513.1443080098911,1611.3813900221612,1511.6780829052304,1584.2562255859375,1262000
2019-08-14,1591.587083140591,1675.161900035122,1574.7254972759047,1671.496337890625,1007800
2019-08-15,1635.5740359157985,1700.0879378255208,1635.5740359157985,1649.503173828125,840600
2019-08-16,1653.1686710926103,1692.0236332069821,1626.0435088618224,1633.3746337890625,719800
2019-08-19,1656.1010183479011,1689.0910784743533,1646.5705565335927,1672.2294921875,573900
2019-08-20,1681.7602162796168,1683.9595539643765,1645.8377007618744,1655.3681640625,351700
2019-08-21,1691.2905950791635,1733.811121526754,1667.0978817555342,1709.618408203125,818000
2019-08-22,1722.8140744600992,1722.8140744600992,1656.833960970138,1667.0975341796875,460500
2019-08-23,1672.2295588740596,1681.0269085919417,1650.9692970558451,1662.6990966796875,407600
2019-08-26,1640.7060396983009,1668.5643191927313,1630.442463042458,1659.7669677734375,386700
2019-08-27,1659.7666365786852,1663.4321989386206,1652.4355118588146,1656.10107421875,452700
2019-08-28,1656.1013720875055,1667.8311737490371,1631.9086561605964,1665.6318359375,402100
2019-08-29,1682.493187899681,1682.493187899681,1637.7733253890578,1644.371337890625,367300
2019-08-30,1639.9728075491878,1645.8377080679154,1623.111218557846,1631.9085693359375,661000
2019-09-02,1626.776606501711,1658.3004434010234,1615.7799192112534,1650.2362060546875,441600
2019-09-03,1648.7699485452881,1683.9593471803141,1631.908361699338,1681.760009765625,285300
2019-09-04,1670.7630960402407,1677.3611073892368,1659.0332980864698,1667.0975341796875,354300
2019-09-05,1664.165168319729,1681.0267537256118,1656.1009318212634,1668.5638427734375,318000
2019-09-06,1675.8948826450155,1691.2902424593399,1661.9657475749127,1667.0975341796875,324300
2019-09-09,1650.9693582699088,1678.8276334094544,1643.6382332331862,1676.6282958984375,428600
2019-09-10,1676.6285579937505,1682.4934589399465,1656.1014046820649,1659.7669677734375,326200
2019-09-11,1661.2330255334123,1701.5542154735435,1659.7668004446803,1684.692626953125,687500
2019-09-12,1700.0879225819622,1733.0779857627247,1683.2263347340167,1694.2230224609375,522200
2019-09-13,1706.6860878057066,1706.6860878057066,1672.962909094769,1686.158935546875,365100
2019-09-17,1683.9593403422748,1692.0235774967218,1670.763315907725,1677.361328125,299500
2019-09-18,1675.8950848646568,1722.8142823411827,1670.030185180091,1717.6824951171875,400200
2019-09-19,1733.8110169864551,1797.5918028121725,1727.9461171404123,1748.4732666015625,668300
2019-09-20,1765.3349101142474,1766.0680226184477,1704.486572265625,1704.486572265625,419300
2019-09-24,1694.223325541091,1714.017366990511,1672.2299461528467,1708.1524658203125,445200
2019-09-25,1715.483133269914,1735.2771694230285,1700.820884267607,1727.946044921875,276700
2019-09-26,1728.6795683767473,1755.8047354801993,1721.348442132571,1730.87890625,321500
2019-09-27,1713.6149027578024,1732.3798491305333,1674.5838143025217,1708.3607177734375,675200
2019-09-30,1688.8451364351902,1719.6196478102315,1665.5766034443054,1706.10888671875,358000
2019-10-01,1691.847565884136,1715.8666972542746,1660.322455960829,1679.08740234375,460200
2019-10-02,1657.3199498164379,1657.3199498164379,1581.5095716771896,1584.511962890625,1004700
2019-10-03,1547.7327003497567,1559.7422654349148,1534.9725374467762,1542.478515625,767300
2019-10-04,1532.7210197411296,1552.2365665155023,1518.45965863678,1529.7186279296875,652600
2019-10-07,1537.2244623655913,1552.2364200058803,1520.7113089612735,1535.7232666015625,638300
2019-10-08,1535.7231417074547,1568.7494458301958,1534.9725438864834,1557.490478515625,533200
2019-10-09,1561.2434676204819,1564.2458589043674,1541.7279242752259,1557.490478515625,414100
2019-10-10,1558.2412577147975,1596.521751040161,1552.236474448074,1590.5169677734375,567600
2019-10-11,1595.7708740234375,1602.5262540169515,1580.008320705238,1595.7708740234375,318600
2019-10-15,1612.2838890165442,1625.0440501493567,1587.514164464614,1595.0201416015625,523900
2019-10-16,1598.7734611756632,1605.528841997532,1553.7375890298697,1563.495361328125,441900
2019-10-17,1555.2388270306565,1587.5145362788796,1546.9822502462273,1580.7591552734375,504300
2019-10-18,1580.759045717215,1609.2817635411723,1577.7566543673247,1581.5096435546875,443300
2019-10-21,1580.008472860453,1590.5168427512112,1576.2554836137535,1583.0108642578125,232200
2019-10-23,1586.7637275888444,1595.0203032763927,1565.7469894750848,1575.5047607421875,255700
2019-10-24,1581.5096590584242,1595.7710181102086,1576.2554741446088,1589.7662353515625,282900
2019-10-25,1593.5191365309317,1595.0203321376496,1570.250604626806,1584.511962890625,257400
2019-10-28,1594.2699573151397,1598.7735447651824,1582.2603907816924,1590.5169677734375,206500
2019-10-29,1591.2673499090804,1612.284088492785,1591.2673499090804,1599.52392578125,221600
2019-10-30,1599.5240169432898,1607.7805932860285,1572.5024943670542,1583.0108642578125,294200
2019-10-31,1593.519329429412,1600.2747104773935,1572.5025883912472,1574.0037841796875,220200
2019-11-01,1580.008472860453,1587.5144513538517,1556.7399395309164,1583.0108642578125,262500
2019-11-05,1583.0109017112038,1601.7758483886719,1577.006118774414,1585.2626953125,232700
2019-11-06,1598.7735146889531,1599.5241125831733,1572.5025883912472,1574.0037841796875,239200
2019-11-07,1574.0039680981838,1589.7665257186236,1574.0039680981838,1577.7569580078125,252500
2019-11-08,1576.2553585319645,1598.7732922252783,1564.9963916853078,1575.5047607421875,437200
2019-11-11,1626.5457267038148,1688.8453553685201,1614.5361597323054,1623.5433349609375,885500
2019-11-12,1610.7829626265113,1625.0443215686846,1559.7423095703125,1559.7423095703125,882500
2019-11-13,1558.9918164781243,1586.0133404998926,1543.9798586882532,1580.7591552734375,344000
2019-11-14,1580.0086172576862,1589.7663901908688,1567.999050570692,1577.0062255859375,300600
2019-11-15,1575.5049799681278,1580.7591652276692,1560.4930220837246,1574.0037841796875,355300
2019-11-18,1580.0085157211906,1611.5336262486442,1573.253134893879,1600.274658203125,315000
2019-11-19,1592.7686362992308,1601.0252126419696,1581.5096685591327,1583.0108642578125,268500
2019-11-20,1576.2555555040085,1583.0109364561686,1571.7519682025684,1580.008544921875,261800
2019-11-21,1583.7615943545386,1591.2675734747024,1556.7400695219494,1576.255615234375,427500
2019-11-22,1587.5144353713954,1617.538349042722,1583.7614461624796,1604.027587890625,348500
2019-11-25,1619.7902885927958,1622.0420823211455,1595.7711554904004,1598.02294921875,246800
2019-11-26,1621.2911250868456,1642.307861893527,1609.2815611973135,1620.54052734375,448600
2019-11-27,1597.2722107744307,1600.2746021480668,1577.7566668457957,1582.26025390625,398700
2019-11-28,1576.2556276680004,1582.2604110114976,1570.2508443245033,1577.0062255859375,343000
2019-11-29,1583.0106499929045,1589.766029722604,1563.4951085515506,1570.25048828125,259600
2019-12-02,1554.4882664356417,1558.2412559731492,1544.730493638122,1546.231689453125,474700
2019-12-03,1538.7255232608113,1542.4785123419354,1528.9677516498891,1534.9725341796875,473600
2019-12-04,1533.4713974989854,1564.2459091472763,1532.720799653905,1560.492919921875,493900
2019-12-05,1574.0039680981838,1580.0087519535896,1552.9872246042644,1577.7569580078125,369000
2019-12-06,1592.0179121172841,1601.7756833843869,1571.7517717933017,1575.5047607421875,226500
2019-12-09,1583.0106830578877,1593.5190517458018,1579.2576942407757,1586.763671875,218700
2019-12-10,1572.502235143496,1584.5117987531837,1557.4902806313862,1574.7540283203125,210200
2019-12-11,1574.0037314954768,1580.7591123173459,1556.739980506256,1563.495361328125,215200
2019-12-12,1573.252925942294,1581.509501412411,1561.9939593921345,1565.7469482421875,172000
2019-12-13,1580.0086503568857,1584.5122379588531,1563.4954958163387,1564.24609375,307200
2019-12-16,1561.9941156120356,1568.749496217758,1557.4905285415539,1560.492919921875,192500
2019-12-17,1564.2459091472763,1568.749496217758,1552.9869414710722,1560.492919921875,144800
2019-12-18,1557.490645524887,1558.9918413278024,1542.4786874957315,1545.4810791015625,205600
2019-12-19,1539.4762958899003,1549.9846665103091,1532.7209147767803,1545.4810791015625,186500
2019-12-20,1552.236312458222,1555.989301608266,1540.9773450080897,1543.979736328125,193000
2019-12-23,1548.483430595808,1551.4858221238658,1533.4714729555192,1535.7232666015625,244400
2019-12-24,1531.9701772294022,1559.7422970517873,1531.9701772294022,1558.99169921875,245400
2019-12-25,1558.24092431734,1573.2528792722276,1557.4903265695955,1570.25048828125,263100
2019-12-26,1574.0036159483325,1607.780517578125,1574.0036159483325,1607.780517578125,465900
2019-12-27,1608.5313254510788,1613.034912923177,1576.255615234375,1576.255615234375,270100
2019-12-30,1577.7565560603487,1580.0083494324615,1553.7374267578125,1553.7374267578125,232800
2020-01-06,1553.7375554940807,1553.7375554940807,1532.7208156130014,1539.4761962890625,357300
2020-01-07,1549.2342405628938,1552.9872304867379,1540.2270647456676,1548.483642578125,240800
2020-01-08,1557.490648326307,1558.9918441319228,1516.207763671875,1516.207763671875,519400
2020-01-09,1533.471413465897,1541.7279898477495,1525.2148370840443,1539.4761962890625,306800
2020-01-10,1549.2339624492245,1552.2363538493198,1520.7112441483182,1524.4642333984375,309800
2020-01-14,1528.9679028876826,1532.7208923400335,1504.198172502168,1514.70654296875,431500
2020-01-15,1521.4619364934488,1525.214925976659,1503.4475869740395,1515.4571533203125,330400
2020-01-16,1516.2075122070312,1516.9581099853515,1492.1883833007812,1501.195556640625,384800
2020-01-17,1496.692271012083,1501.1958585878465,1483.1815082847922,1489.9368896484375,468800
2020-01-20,1489.9367454670448,1497.4427240336295,1488.435549753728,1495.9415283203125,176700
2020-01-21,1501.195738369361,1507.2005213228383,1490.6873682007754,1497.4427490234375,268500
2020-01-22,1493.6896722129652,1493.6896722129652,1483.181302659708,1492.1884765625,274700
2020-01-23,1486.1837474727777,1492.1885302908495,1471.922388279857,1473.423583984375,413600
2020-01-24,1474.174241592984,1476.4260352410383,1465.1670670007659,1469.670654296875,340300
2020-01-27,1459.1624135749742,1459.1624135749742,1435.1432791951393,1455.409423828125,503900
2020-01-28,1456.1596089733291,1468.1691727586763,1442.6488497148137,1459.91259765625,419400
2020-01-29,1467.4189785070587,1476.426153822703,1450.1552258187405,1454.6588134765625,384400
2020-01-30,1450.1548147336,1450.9054124637933,1423.8838941768317,1437.3946533203125,677700
2020-01-31,1444.9007944447371,1455.4091638588807,1435.8936206611857,1447.152587890625,446200
2020-02-03,1419.3803451267597,1445.6512663744786,1418.629747376825,1439.646484375,321100
2020-02-04,1429.8889757658305,1439.6467483038653,1422.3829968904195,1426.135986328125,345100
2020-02-05,1438.1454672720704,1438.1454672720704,1422.382912568149,1428.3876953125,407200
2020-02-06,1422.3826611889956,1444.1499947903046,1420.1308680578256,1435.142822265625,470600
2020-02-07,1429.1381496108058,1439.646518357944,1416.3779875607092,1434.392333984375,667900
2020-02-10,1508.7015563584166,1512.4545453045819,1429.138190699714,1444.150146484375,1628100
2020-02-12,1452.4068071015026,1486.1837095922353,1448.6538179358658,1471.1717529296875,679500
2020-02-13,1473.4236061505953,1480.1789869225543,1449.4044745169635,1467.4188232421875,495200
2020-02-14,1459.162174987793,1460.6633706410726,1437.3948380152385,1441.1478271484375,469500
2020-02-17,1435.8935295196804,1447.1524960344714,1425.3851607725421,1434.392333984375,299600
2020-02-18,1439.646758339255,1447.1527372669884,1417.128821556055,1419.380615234375,414100
2020-02-19,1420.881800721105,1424.6347901577694,1388.606091565792,1389.356689453125,729000
2020-02-20,1385.6036570609529,1390.8578421093962,1366.0881125953056,1372.0928955078125,706900
2020-02-21,1372.0928887004263,1396.112020231287,1365.3375079573716,1386.354248046875,362100
2020-02-25,1346.5724414386582,1373.5939620026445,1336.0640723304411,1357.080810546875,542500
2020-02-26,1347.323028598781,1354.078408686463,1314.296725947892,1334.5628662109375,657600
2020-02-27,1337.565442147846,1369.09055357894,1321.802886432299,1338.3160400390625,849900
2020-02-28,1325.5559834548765,1326.3065814070026,1276.7671165666732,1285.7742919921875,1150500
2020-03-02,1276.0163912807939,1358.5821577754334,1276.0163912807939,1336.8148193359375,945800
2020-03-03,1362.3350218325065,1366.0880108733675,1302.2871971787322,1307.5413818359375,702100
2020-03-04,1285.7740700398015,1325.555754635312,1283.5222765721312,1309.0426025390625,553700
2020-03-05,1334.5631580223617,1346.5727252486597,1318.050003086202,1330.0595703125,436700
2020-03-06,1322.5533727992165,1322.5533727992165,1287.275274886865,1302.2872314453125,624000
2020-03-09,1267.0093509615385,1270.0117427884616,1212.2157001201924,1219.7216796875,872400
2020-03-10,1200.9564637560534,1251.9971134656855,1167.930161002762,1239.987548828125,1184900
2020-03-11,1240.7382630740894,1255.7502202800677,1207.7119572209376,1224.9757080078125,808700
2020-03-12,1210.7143469091766,1228.728695530268,1168.680866793297,1188.1964111328125,1166700
2020-03-13,1115.388511239393,1179.9399324820495,1092.1199756751794,1149.916015625,1221000
2020-03-16,1154.4196128636763,1167.930375562991,1092.8705827890199,1098.8753662109375,877300
2020-03-17,1087.616399895655,1184.44353280562,1074.8562350935665,1150.6666259765625,1255000
2020-03-18,1137.1557716186696,1146.9135439163874,1056.091201760705,1064.3477783203125,1833200
2020-03-19,1095.1224957117736,1095.8730937211717,1005.8013325934041,1017.060302734375,1578900
2020-03-23,1028.3192375018975,1101.8778398925442,1013.3072778303371,1081.6116943359375,1478500
2020-03-24,1186.6951895467196,1259.503180303223,1164.177254261203,1245.2418212890625,2570600
2020-03-25,1284.2728128301962,1365.3373737803195,1224.975587690754,1254.2489013671875,1920300
2020-03-26,1200.9566752435576,1229.479396280592,1169.431562518414,1194.2012939453125,1112700
2020-03-27,1218.2202589700173,1264.7573236996175,1212.2154764242625,1235.4840087890625,1142800
2020-03-30,1211.4113671875,1267.3226610576924,1181.9026287560096,1261.8868408203125,894200
2020-03-31,1251.0150643634977,1297.607804190816,1205.198870199968,1218.400146484375,941600
2020-04-01,1233.1545055099741,1240.9199620937902,1201.3161335163288,1206.751953125,694300
2020-04-02,1203.6456306573702,1233.15436224768,1198.209811680208,1223.8358154296875,725000
2020-04-03,1232.3777142828244,1246.355533348414,1209.0813491735082,1237.0369873046875,651500
2020-04-06,1248.6852935357474,1261.8865684052173,1214.5172879912368,1257.227294921875,601200
2020-04-07,1279.747079782197,1314.691629897609,1254.8976219223484,1281.3001708984375,846300
2020-04-08,1273.5345400296726,1305.3729035304143,1262.6629037123462,1292.171630859375,688300
2020-04-09,1303.820359705225,1348.860014775447,1302.2672681510794,1343.4241943359375,795300
2020-04-10,1338.7648209923489,1338.7648209923489,1291.3955320825269,1316.2449951171875,535000
2020-04-13,1320.1275260339116,1326.3398908623064,1296.8311579274307,1303.820068359375,328300
2020-04-14,1296.8311579274307,1315.4682524126154,1285.1829738741903,1303.820068359375,273500
2020-04-15,1289.8421153964453,1307.7026624488944,1278.1939325361523,1282.07666015625,553200
2020-04-16,1271.2053979290417,1316.2450516125386,1270.428852175878,1315.468505859375,374300
2020-04-17,1343.4239801913764,1348.0832541111154,1303.820151873596,1317.7979736328125,445400
2020-04-20,1338.7648434693785,1361.284669722634,1327.1166574763156,1351.1895751953125,489700
2020-04-21,1358.9549375973206,1382.2513079561318,1345.753661060661,1355.8487548828125,637100
2020-04-22,1355.8487106440134,1358.9548932571727,1309.2559714466247,1317.7979736328125,437100
2020-04-23,1348.8597220599518,1383.8042744449244,1335.6584467145176,1376.038818359375,760800
2020-04-24,1378.3685463883303,1435.8329252236747,1366.720361489274,1411.760009765625,902500
2020-04-27,1436.6094887548961,1447.4811281292575,1408.6538446493955,1424.9613037109375,628500
2020-04-28,1421.0785290025685,1428.0674398009419,1399.335250963185,1417.19580078125,338000
2020-04-30,1420.3020096441462,1449.8107446722915,1417.1958270096047,1442.0452880859375,526500
2020-05-01,1428.8440403293919,1446.7045908335092,1423.4082206107473,1436.6094970703125,320400
2020-05-07,1429.6203723546676,1473.8834691630414,1424.184553448376,1461.458740234375,685800
2020-05-08,1474.660202609862,1490.9676614064956,1459.129289470211,1482.4256591796875,532500
2020-05-11,1482.4256759257953,1505.7220458984375,1473.1071279367386,1505.7220458984375,465400
2020-05-12,1519.6998855185166,1525.9122509166507,1499.5096979745813,1518.92333984375,413800
2020-05-13,1520.476354158549,1562.4098184713996,1511.1578065334709,1556.9739990234375,772500
2020-05-14,1549.208311651745,1555.4206758087444,1478.5426693658758,1489.414306640625,617000
2020-05-15,1533.677405342838,1563.9626806888484,1511.934130735446,1529.794677734375,818800
2020-05-18,1436.60936536287,1494.0737399773848,1419.5253620990954,1475.4366455078125,1185700
2020-05-19,1467.6711702346802,1486.3082644598826,1384.5807918139867,1391.5697021484375,1350000
2020-05-20,1397.0056716528563,1403.2180370632082,1384.580940832153,1396.2291259765625,678200
2020-05-21,1396.2291479256771,1408.653878941701,1334.105492845558,1369.050048828125,919600
2020-05-22,1379.9216698608052,1390.0167636752062,1362.8376649441266,1365.94384765625,538800
2020-05-25,1390.0166299802447,1390.0166299802447,1344.2004393831305,1354.2955322265625,579400
2020-05-26,1358.9548248378962,1375.262282735951,1337.988093254683,1347.306640625,720700
2020-05-27,1358.9550345770624,1402.4415956835285,1347.3068485664019,1393.123046875,1093400
2020-05-28,1384.58089617622,1392.346352688706,1352.7425244750282,1368.2734375,731400
2020-05-29,1369.0500592793503,1378.3686076125052,1358.1784195573362,1360.508056640625,684700
2020-06-01,1360.5078505049703,1379.9214899242763,1343.423847815981,1376.8153076171875,543100
2020-06-02,1386.1338923527644,1433.503173828125,1382.2511643629807,1403.2178955078125,733500
2020-06-03,1409.4302698500157,1415.642634675801,1378.3684457210898,1384.580810546875,485400
2020-06-04,1383.0280036904655,1399.3354647109595,1360.5081765669263,1370.603271484375,610300
2020-06-05,1359.7313514499488,1362.8375338633125,1327.8929817129713,1354.2955322265625,649100
2020-06-08,1351.1894706330927,1367.496929761423,1346.5301965964268,1364.3907470703125,485500
2020-06-09,1358.9547964242788,1369.0498891977163,1348.0831580528845,1362.8375244140625,409400
2020-06-10,1368.2734652558063,1388.4636525978328,1362.837645586799,1372.9327392578125,356900
2020-06-11,1369.8265612384396,1369.8265612384396,1322.457275390625,1322.457275390625,504400
2020-06-12,1296.8309035668008,1303.0432671767016,1275.0876309321477,1292.171630859375,777100
2020-06-15,1288.2891854745371,1315.4682822145062,1258.00390625,1258.00390625,529900
2020-06-16,1300.7139231936776,1319.3510182125722,1292.948466935805,1310.032470703125,426600
2020-06-17,1465.3414106889204,1525.911961846173,1445.9277724974932,1452.14013671875,5165700
2020-06-18,1463.7885542470995,1501.0627455488825,1432.7267281622806,1480.87255859375,1648100
2020-06-19,1494.0738054719934,1497.179988019752,1473.1070732746214,1496.4034423828125,829300
2020-06-22,1522.0292766353627,1522.0292766353627,1483.201999170175,1498.73291015625,654800
2020-06-23,1510.3810637836866,1510.3810637836866,1473.883423681973,1483.978515625,827600
2020-06-24,1483.2018892342144,1515.0402543957866,1478.5426162837405,1510.3809814453125,726800
2020-06-25,1492.5206112340593,1505.7218861513222,1470.7773348997443,1499.509521484375,764300
2020-06-26,1495.626952243626,1519.6998678820228,1490.1911325833428,1505.7220458984375,471600
2020-06-29,1502.6158383018092,1502.6158383018092,1452.1403708653143,1460.682373046875,640100
2020-06-30,1476.9898117795092,1493.2972702691884,1454.4699881509048,1477.766357421875,859500
2020-07-01,1481.649038759162,1500.2861335863213,1467.6712176387928,1470.0008544921875,655100
2020-07-02,1487.861375154194,1492.520648771587,1464.5650070672286,1475.4366455078125,663200
2020-07-03,1488.6379850185413,1518.9232648389498,1483.202165563596,1516.5936279296875,1024100
2020-07-06,1556.9739884424164,1594.2481786894168,1541.4430758394994,1585.7061767578125,1497200
2020-07-07,1611.3320223551355,1622.980205649269,1582.5998368962728,1619.8740234375,1093400
2020-07-08,1625.3100901400105,1633.0755468535317,1577.1642585161783,1589.5889892578125,1288800
2020-07-09,1615.2151547862998,1669.5733571108387,1591.9187823614973,1657.9251708984375,1238100
2020-07-10,1646.276705568033,1680.444712664728,1607.4494247763341,1631.5223388671875,1046800
2020-07-13,1658.7015152184672,1716.1658935546875,1641.6175108482396,1716.1658935546875,1231900
2020-07-14,1716.1658193440455,1727.814003638236,1675.008901504573,1683.5509033203125,802800
2020-07-15,1699.0819575132368,1705.294322988605,1642.3941225505007,1686.6572265625,948400
2020-07-16,1685.8805217689392,1687.4336129912044,1653.2656061013688,1660.2545166015625,656500
2020-07-17,1651.7125532080563,1666.46692016196,1615.2149086378736,1636.181640625,713000
2020-07-20,1629.9693211515184,1656.3718732807,1623.7569559446522,1654.042236328125,425200
2020-07-21,1667.2434083182316,1681.9977747635255,1643.1704946443306,1647.05322265625,563800
2020-07-22,1630.7458020197275,1657.9248987200565,1629.9692563997182,1653.265625,476700
2020-07-27,1650.159608918938,1679.6683454549002,1644.7237890307345,1671.1263427734375,782100
2020-07-28,1678.114981792752,1730.143535138478,1678.114981792752,1706.84716796875,1504100
2020-07-29,1692.8695539930955,1713.0597413342975,1680.4448233215865,1690.5399169921875,1106400
2020-07-30,1670.3496402344701,1677.3385508630663,1580.2703476881204,1594.2481689453125,4619500
2020-07-31,1585.7061203537285,1622.980309274874,1578.7172099310137,1596.5777587890625,1219500
2020-08-03,1613.661884586266,1621.4273412012144,1576.3876928345142,1606.6729736328125,683300
2020-08-04,1615.2148716650786,1658.7014259022153,1614.438326053701,1629.96923828125,799000
2020-08-05,1619.0974537988193,1677.3383694030933,1609.7789073021354,1675.7852783203125,705100
2020-08-06,1667.2436104464998,1706.8474409694488,1664.9139733569145,1701.41162109375,692800
2020-08-07,1734.026301771573,1764.3115797693747,1702.1879325943967,1763.5350341796875,1203900
2020-08-11,1802.3623423209874,1830.3179839942127,1661.8075883528277,1788.384521484375,2636100
2020-08-12,1782.9488589638158,1822.5526881481164,1763.5352172068056,1814.7872314453125,816200
2020-08-13,1828.7650608441795,1838.0836089249142,1793.8205055414244,1836.530517578125,752300
2020-08-14,1836.530500849003,1859.0503251723098,1806.2452198624867,1813.234130859375,632900
2020-08-17,1829.5417875357327,1873.804895298694,1816.340509781867,1867.592529296875,790000
2020-08-18,1878.464033996932,1897.1011306550247,1860.6034830329263,1896.3245849609375,705400
2020-08-19,1902.536893915652,1912.6319876384696,1889.3356175088902,1897.10107421875,587800
2020-08-20,1903.3135912665005,1924.280326054014,1883.8999479447289,1891.6654052734375,648200
2020-08-21,1914.184908426305,1915.7379996298962,1873.0279915311348,1899.4305419921875,763800
2020-08-24,1887.0058030348557,1893.2181678185095,1822.552518404447,1847.4019775390625,900800
2020-08-25,1863.7095575747283,1888.5590183423913,1848.9551902439282,1857.4971923828125,587300
2020-08-26,1862.1565794366174,1880.0171304487285,1846.6256655130428,1855.9442138671875,365900
2020-08-27,1859.0503053632613,1863.70957931154,1814.0106571965657,1820.2230224609375,435600
2020-08-28,1812.4575515868491,1816.340279846461,1739.4622603061448,1756.5462646484375,1009500
2020-08-31,1793.8204883270002,1826.4354062965822,1793.8204883270002,1823.3292236328125,776600
2020-09-01,1838.860124322352,1864.4861311224524,1830.3181220556519,1862.156494140625,708200
2020-09-02,1949.1299482976485,2039.209260649253,1931.2693949865545,2023.6783447265625,2385500
2020-09-03,2037.6562675627576,2078.036650913849,2012.0302550514882,2072.600830078125,1349300
2020-09-04,2012.0299110571245,2055.5164703080695,1984.074265824374,2053.96337890625,754900
2020-09-07,2081.1421143623493,2087.354478882834,1953.0120961273537,1994.945556640625,1078300
2020-09-08,2005.8174632679331,2053.186749082623,1977.8618191805751,2050.08056640625,654300
2020-09-09,2004.2640564059768,2022.1246039834032,1975.5318711727257,1997.275146484375,664400
2020-09-10,2031.4434365915697,2079.589267275315,2000.3816103439922,2003.48779296875,889900
2020-09-11,1993.392577842539,2019.7951285424401,1980.967848101409,2013.582763671875,454700
2020-09-14,2012.0297555690859,2042.3150355641435,2001.9346622374,2037.65576171875,443000
2020-09-15,2047.7513634005304,2081.1428342485483,2029.8908092260094,2072.600830078125,650900
2020-09-16,2085.024798611354,2102.108800685637,2067.9407965370715,2078.035888671875,710700
2020-09-17,2081.1421458880345,2082.6952370416825,2049.303777238255,2070.2705078125,450600
2020-09-18,2069.494355709967,2084.2487244748786,2040.7621639046126,2074.93017578125,508100
2020-09-23,2067.9409836777695,2080.3657135834565,2053.186616914766,2068.717529296875,641600
2020-09-24,2059.3991573017383,2127.73517760436,2047.7509720228825,2088.13134765625,879500
2020-09-25,2084.248663708172,2114.5339460794903,2056.2930184423394,2105.991943359375,634500
2020-09-28,2140.1599384149777,2160.350126513232,2127.7352072775902,2154.914306640625,779100
2020-09-29,2186.603870166488,2212.748046875,2103.417853366676,2212.748046875,737000
2020-09-30,2222.2553262339884,2253.152993871466,2212.748351576303,2242.0615234375,670800
2020-10-02,2281.6739777319044,2314.1561419982268,2242.8538301941044,2254.737548828125,1023100
2020-10-05,2294.349382994692,2297.518373855182,2253.152501808323,2276.127685546875,653500
2020-10-06,2298.3112226509497,2335.546875,2291.180991350068,2335.546875,616500
2020-10-07,2342.677043330205,2444.084774661374,2342.677043330205,2440.12353515625,974200
2020-10-08,2463.8909721869927,2475.7746907023643,2388.627421589641,2440.12353515625,704500
2020-10-09,2432.20082772984,2432.20082772984,2369.6132494266944,2388.627197265625,424300
2020-10-12,2412.3945886712327,2428.239544918663,2376.743437114515,2408.433349609375,237200
2020-10-13,2420.3170667949476,2444.084501166093,2396.5496324238024,2408.433349609375,246400
2020-10-14,2400.5110572852527,2428.239732864455,2388.62733917988,2412.394775390625,248800
2020-10-15,2408.4333255833612,2420.3170426503843,2313.363589047176,2342.6767578125,682500
2020-10-16,2334.7543600205245,2356.14505147643,2307.8179337427173,2337.131103515625,360600
2020-10-19,2305.4410738067263,2347.430206766093,2301.4798348482955,2328.416259765625,226800
2020-10-20,2301.4799371400386,2356.1450371960323,2274.5435110254907,2321.2861328125,314400
2020-10-21,2345.053281679258,2364.067227206387,2299.1029133220295,2307.025390625,266200
2020-10-22,2321.286185823957,2321.286185823957,2275.3358108144726,2284.050537109375,364300
2020-10-23,2260.2830625123615,2273.75127564335,2188.1885098700113,2253.15283203125,612800
2020-10-26,2245.230357569413,2272.166783877585,2202.448974609375,2202.448974609375,433600
2020-10-27,2177.8894235508674,2261.867698886041,2153.329739254732,2260.283203125,467400
2020-10-28,2255.529462930498,2337.1309854741726,2243.6457460552056,2328.416259765625,587200
2020-10-29,2295.934284210205,2342.67690766376,2277.71258354187,2332.377685546875,389200
2020-10-30,2333.1692939633404,2336.338284515413,2255.5290254375655,2274.54296875,499600
2020-11-02,2234.9313501624724,2287.219712130116,2228.5933668936673,2238.100341796875,384000
2020-11-04,2226.2166116529547,2256.3220320240625,2184.227472714305,2238.892578125,498700
2020-11-05,2230.969899143163,2252.360590647732,2207.2024641380867,2219.086181640625,725600
2020-11-06,2218.2941450171293,2258.6987883727984,2205.6181784741743,2254.737548828125,558800
2020-11-09,2416.3559509656443,2606.4954356317935,2380.7047975907417,2551.0380859375,1915500
2020-11-10,2495.580675257718,2515.386871093097,2321.286151906386,2370.405517578125,1450600
2020-11-11,2376.7434250518013,2392.5883812188135,2331.585299975817,2341.884521484375,597000
2020-11-12,2364.067599752675,2364.067599752675,2317.32497629912,2332.377685546875,469300
2020-11-13,2329.208229215351,2337.1307061854714,2291.1803397587737,2330.792724609375,326500
2020-11-16,2305.4411851129967,2341.0923374601048,2283.2582458747956,2303.856689453125,402500
2020-11-17,2275.335852820982,2275.335852820982,2211.163776191978,2247.607177734375,628400
2020-11-18,2241.2693197316135,2260.2832694218077,2196.903437121161,2205.6181640625,383600
2020-11-19,2234.138936877123,2257.114124525859,2193.734296529345,2215.917236328125,412500
2020-11-20,2194.5267287805027,2224.632149608539,2183.435257949121,2219.878662109375,303500
2020-11-24,2222.2550956264913,2246.0225298043147,2206.410139507942,2241.26904296875,406800
2020-11-25,2230.1776954145184,2253.152883040458,2189.7730551068307,2199.280029296875,572000
2020-11-26,2202.449242474991,2231.762415846061,2193.734515256565,2217.501953125,347900
2020-11-27,2233.3463052632164,2253.944745822579,2203.240892137994,2225.423828125,403400
2020-11-30,2253.9452431370023,2279.2971755729895,2226.216567035141,2258.69873046875,586100
2020-12-01,2190.565025470008,2190.565025470008,2045.5836874370925,2066.18212890625,1816200
2020-12-02,2026.5698572182846,2078.8582116265748,1986.1652197209692,2074.89697265625,1094100
2020-12-03,2074.8972845978888,2074.8972845978888,2029.7391535470754,2036.869384765625,542300
2020-12-04,2051.9220897340665,2055.091081378443,2022.6089170235796,2045.5841064453125,327200
2020-12-07,2044.7914608655224,2048.7526996506163,1988.5418701171875,1988.5418701171875,449300
2020-12-08,1956.8521841776742,2005.179302896232,1937.0459879815437,1998.049072265625,612000
2020-12-09,1998.0493396577383,2020.2322823660716,1987.7501162574406,2013.10205078125,321500
2020-12-10,2000.425688685962,2035.2845917759353,1990.1264673184698,2032.1156005859375,372700
2020-12-11,2048.7524139053517,2071.727595654484,2044.7911756727428,2067.766357421875,416700
2020-12-14,2052.7137255394346,2109.75555812872,2049.54473484003,2079.650146484375,469000
2020-12-15,2107.379369941547,2112.9251051256037,2085.9886770887565,2092.32666015625,312200
2020-12-16,2103.417986515882,2116.8861996122173,2063.805595056073,2068.55908203125,450400
2020-12-17,2051.1294103456485,2078.0658336564834,2005.971288912778,2066.974365234375,426500
2020-12-18,2079.65068282368,2083.6119222195352,2031.323562194254,2034.4925537109375,488400
2020-12-21,2030.5314999284417,2052.7144425729975,2002.0105736711557,2021.8167724609375,359900
2020-12-22,2009.1405798433102,2021.8165456467382,1962.3979559431702,1970.3204345703125,477700
2020-12-23,1996.464108723701,2026.569519886995,1990.1261274261656,2005.1788330078125,354100
2020-12-24,2008.3481852213542,2040.0380974141963,2004.386946197249,2039.245849609375,360500
2020-12-25,2039.2458158421846,2045.5837981758043,2006.7636563823828,2016.2706298828125,262400
2020-12-28,2007.5557667465966,2036.8689330329516,1990.1263165222772,2000.425537109375,431500
2020-12-29,2006.7639929308084,2045.5841412346415,1996.464769911424,2043.2073974609375,318000
2020-12-30,2037.6613812429837,2040.0381246892237,1990.1265123181863,2028.9466552734375,320900
2021-01-04,2041.6225898644057,2041.6225898644057,1993.2954738451085,2022.608642578125,347500
2021-01-05,2037.6613812429837,2038.453629058397,2009.9327077035184,2028.9466552734375,350900
2021-01-06,2047.960638472149,2078.066055981604,2044.7916471553642,2068.55908203125,322100
2021-01-07,2075.6893894692867,2086.7808594893518,2028.154517954723,2029.739013671875,465200
2021-01-08,2054.298828125,2058.2600676701695,2034.4926303991515,2054.298828125,222500
2021-01-12,2036.8693626480278,2059.052303975972,2013.8941734155142,2055.091064453125,326500
2021-01-13,2030.5310249862553,2039.2457504153808,2016.2705651931408,2037.6612548828125,321800
2021-01-14,2051.921428301041,2070.143124382479,2007.5555595810185,2023.4005126953125,473900
2021-01-15,2013.8938600082577,2022.608585602314,1987.7496832260892,2001.2178955078125,384000
2021-01-18,1969.5281222064489,1992.503309472735,1962.3978916755327,1966.359130859375,271600
2021-01-19,1968.7361653645835,1971.9051571800596,1929.9160156250002,1929.916015625,354000
2021-01-20,1929.9154299251063,1955.2673567549928,1914.0704756564273,1953.682861328125,370200
2021-01-21,1961.605484008789,1988.5419082641602,1958.4364929199219,1977.450439453125,311700
2021-01-22,1980.6197317023027,1990.9189543071548,1956.8522949218752,1956.852294921875,283800
2021-01-25,1964.7746513327388,1999.6335564370293,1951.3064379969903,1998.84130859375,321600
2021-01-26,1985.3733839615795,2015.4788063839817,1976.6586564182526,1995.672607421875,274500
2021-01-27,1992.5034229900127,2005.1793891004859,1976.6584653519212,1983.7886962890625,273400
2021-01-28,1944.1760065650863,1970.3201826924897,1943.3837588036497,1962.397705078125,393000
2021-01-29,1979.8273766861396,2002.0103164809423,1947.34521484375,1947.34521484375,509900
2021-02-01,1941.007310666215,1993.2956708719173,1925.1623530281236,1983.7886962890625,344300
2021-02-02,2026.5702601704852,2030.5314999284417,1999.6338298163819,2021.8167724609375,329100
2021-02-03,2031.3234770760826,2065.3901344529436,2005.9715460049304,2048.7529296875,500200
2021-02-04,2056.6755167643228,2105.794885808771,2041.6228068958628,2091.534423828125,508200
2021-02-05,2137.484873212394,2137.484873212394,2090.742246259269,2103.418212890625,739000
2021-02-08,2024.1933097127035,2043.2072586102006,1964.7747194080252,1994.087890625,1282100
2021-02-09,2005.1794577648957,2054.298828125,1984.5810121300135,2054.298828125,716800
2021-02-10,2047.168376561897,2064.5978286843283,2016.2707114357695,2052.714111328125,425100
2021-02-12,2066.9742292429332,2085.9881738584295,2034.4920738581266,2042.41455078125,352700
2021-02-15,2063.805734881918,2097.87239384542,2043.2072899272425,2075.689453125,410700
2021-02-16,2099.456856362578,2121.639796731692,2080.442907474766,2094.703369140625,355800
2021-02-17,2122.432199049102,2146.9918848163743,2099.457009137783,2134.31591796875,422900
2021-02-18,2139.0691089873676,2176.304756440111,2119.262913533781,2171.55126953125,659100
2021-02-19,2159.6677032059956,2212.7483107316016,2147.7839851032477,2177.889404296875,570900
2021-02-22,2200.864615980217,2227.0087960836536,2167.5902049394795,2176.304931640625,528900
2021-02-24,2176.3048934147664,2200.072329454971,2140.653739354459,2145.4072265625,590800
2021-02-25,2176.304756440111,2197.6954475299844,2166.797782622389,2171.55126953125,273800
2021-02-26,2131.938823930369,2147.783779886745,2106.5868944001677,2124.80859375,617300
2021-03-01,2149.3686156260305,2151.7453593956134,2077.2740546153527,2101.833740234375,370100
2021-03-02,2126.3928857587266,2154.9138037495295,2097.871967767924,2105.002197265625,284800
2021-03-03,2115.301429105092,2119.2626677363755,2094.702988222421,2104.2099609375,221200
2021-03-04,2078.8585504617413,2102.6259881575693,2063.8058399210504,2101.833740234375,246100
2021-03-05,2078.8584446564887,2079.6506925393605,2021.0243492068225,2075.689453125,435000
2021-03-08,2080.442927246094,2096.287884803185,2057.467738788311,2059.844482421875,286600
2021-03-09,2059.844021471168,2112.132369708513,2051.9215444655097,2108.96337890625,384000
2021-03-10,2122.432002116491,2150.9529248772947,2105.0025493182216,2131.146728515625,448700
2021-03-11,2129.562365301724,2210.3716514850485,2127.18562159045,2205.6181640625,595200
2021-03-12,2217.501410193024,2272.16650390625,2190.564987203899,2272.16650390625,731500
2021-03-15,2293.5572927849994,2295.1417883240565,2227.0084801446055,2248.399169921875,449200
2021-03-16,2237.307485856681,2307.817530559671,2230.9695043103447,2297.518310546875,486200
2021-03-17,2285.635107338834,2332.3777317176873,2272.1668935347575,2329.208740234375,479400
2021-03-18,2356.1448670843647,2404.4719810359943,2343.4689027691834,2400.5107421875,544800
2021-03-19,2375.95129637273,2412.3946973841157,2345.05363029786,2350.599365234375,1734000
2021-03-22,2351.391555560229,2388.6272035087904,2329.20861635683,2354.560546875,393000
2021-03-23,2380.7049081632927,2392.58862650687,2283.25841774596,2291.97314453125,569200
2021-03-24,2261.8674512098064,2283.2581416415633,2243.645751953125,2243.645751953125,289100
2021-03-25,2240.4771556585606,2260.2833539935905,2212.748477989519,2249.984130859375,420200
2021-03-26,2265.0369232336957,2285.635370244565,2258.6989395380433,2277.712890625,355000
2021-03-29,2307.0256140350875,2316.532587719298,2234.931063596491,2257.90625,482100
2021-03-30,2260.3295185669162,2294.2586964724956,2238.517904199044,2257.906005859375,371100
2021-03-31,2259.522067315828,2269.216119803418,2224.785045901963,2237.71044921875,395200
2021-04-01,2278.1018617066266,2310.415363291118,2231.2472844091144,2238.517822265625,375700
2021-04-02,2257.9064799515586,2261.1378309067663,2217.514593011459,2223.977294921875,226100
2021-04-05,2209.436230804399,2248.212442533325,2208.6283930600466,2232.863525390625,295900
2021-04-06,2227.208479368094,2250.635772041897,2190.855783839779,2193.279296875,295400
2021-04-07,2202.973820714057,2252.251929648255,2198.934631457156,2251.444091796875,315000
2021-04-08,2249.8279759123716,2308.8001275251554,2236.9025728191586,2303.145263671875,617000
2021-04-09,2329.804139387104,2332.2276527082417,2282.141710738061,2294.25927734375,525700
2021-04-12,2300.7214280105886,2317.6860171918465,2248.211985306695,2250.635498046875,409000
2021-04-13,2266.7924021840563,2291.0275312166727,2249.019974226804,2272.447265625,282100
2021-04-14,2261.9457772307073,2265.9849661186195,2230.440103904994,2261.137939453125,280100
2021-04-15,2247.404650385737,2270.024107686528,2238.518435017569,2259.522216796875,289600
2021-04-16,2245.788973062345,2289.412212107441,2242.5576220219677,2284.565185546875,324500
2021-04-19,2293.4511220791105,2298.298148050394,2239.325998733108,2241.74951171875,252400
2021-04-20,2224.78499120461,2264.3690378890783,2219.1301273925433,2244.173095703125,286200
2021-04-21,2218.3221856200635,2225.5927244658683,2192.471380834979,2198.93408203125,240300
2021-04-22,2219.9380835687707,2233.671324988228,2183.5853856937365,2198.12646484375,279300
2021-04-23,2207.012632102273,2242.557491477273,2202.1656058238636,2221.5537109375,267800
2021-04-26,2224.7849985442544,2242.5574277265255,2202.1655432213647,2211.0517578125,208100
2021-04-27,2207.012767904609,2224.785198685686,2182.7776350213226,2184.393310546875,434400
2021-04-28,2181.1618846792035,2316.878624170354,2161.7737790376104,2282.1416015625,2457800
2021-04-30,2230.439956213209,2299.9140004849714,2224.7850921445774,2264.369140625,621900
2021-05-06,2257.9061766959153,2278.1021174534812,2230.439697265625,2230.439697265625,540000
2021-05-07,2221.553481105483,2241.7494218428055,2200.5497027386677,2205.396728515625,349100
2021-05-10,2173.8909809256343,2223.1690745103474,2127.036400140169,2186.008544921875,738700
2021-05-11,2161.773791326993,2197.318651871981,2160.965953587334,2173.891357421875,413500
2021-05-12,2185.201325948765,2214.2834877728524,2144.001596697975,2156.927001953125,498000
2021-05-13,2152.8873953577427,2172.2754994810393,2134.30712890625,2134.30712890625,403600
2021-05-14,2143.1931794288903,2162.581282069785,2121.381563957884,2153.695068359375,351600
2021-05-17,2149.655911033208,2156.1186120058746,2131.075645736792,2146.424560546875,280600
2021-05-18,2152.8872758202087,2164.1970025975006,2129.459984638676,2130.267822265625,339400
2021-05-19,2128.652170685948,2141.5775728608915,2118.958119054741,2131.07568359375,247400
2021-05-20,2131.075912214206,2148.0405043887695,2119.7661840978303,2122.189697265625,327200
2021-05-21,2139.9622137610636,2156.9268066221366,2131.8838362081715,2133.49951171875,273700
2021-05-24,2135.1152727202507,2167.428784225665,2131.8839215697094,2144.809326171875,274100
2021-05-25,2140.7695891569047,2181.161468197601,2140.7695891569047,2159.349853515625,304200
2021-05-26,2164.1972260810962,2186.0088442610845,2157.7345243981363,2179.546142578125,265600
2021-05-27,2186.8166896291145,2214.283171877873,2186.008851915916,2196.5107421875,383200
2021-05-28,2205.3973245886327,2220.746243697491,2167.4289457404034,2175.50732421875,331800
2021-05-31,2168.2358575057697,2175.506395030938,2135.9223573939103,2144.000732421875,258900
2021-06-01,2156.1188177499357,2170.659896325994,2145.616927667227,2161.773681640625,232200
2021-06-02,2158.542237502312,2192.4714193792197,2144.001159555066,2183.585205078125,318200
2021-06-03,2174.699434178956,2177.1229476642966,2150.4642993255497,2156.927001953125,264000
2021-06-04,2148.8485238953213,2153.69555064095,2135.115281449374,2136.73095703125,247900
2021-06-07,2154.503268157262,2168.236509836555,2148.040566190536,2157.734619140625,278400
2021-06-08,2176.314729958322,2249.020121827754,2166.6206777090647,2244.173095703125,530100
2021-06-09,2250.636101044804,2293.4515042592243,2250.636101044804,2279.71826171875,607100
2021-06-10,2278.9101406098753,2297.490407619456,2259.522035904226,2295.06689453125,372600
2021-06-11,2302.3373252467104,2339.4978575138502,2302.3373252467104,2333.03515625,566200
2021-06-14,2345.9606140136716,2352.4233154296876,2305.568730163574,2326.572509765625,264400
2021-06-15,2326.5726578454733,2385.5448120200285,2325.7648201170546,2373.42724609375,382500
2021-06-16,2366.964009880045,2400.085349267445,2352.4229340514307,2371.81103515625,286800
2021-06-17,2380.697546424642,2392.8151111332845,2340.3056640625,2340.3056640625,251500
2021-06-18,2346.7686894294716,2358.078418053228,2323.341394423119,2334.651123046875,363400
2021-06-21,2333.842783244417,2333.842783244417,2280.5255026303184,2292.64306640625,271800
2021-06-22,2333.035044759398,2344.344771430669,2310.415591416855,2320.91748046875,351300
2021-06-23,2329.8038764565677,2354.0390069328846,2318.4941489009534,2335.458740234375,302100
2021-06-24,2323.341126812347,2349.1919321176306,2303.9530228333842,2308.800048828125,257400
2021-06-25,2331.4196307546335,2337.882332433787,2303.953148618231,2304.760986328125,206600
2021-06-28,2307.9922827173496,2364.5409210758426,2303.9530942631714,2361.3095703125,333200
2021-06-29,2379.081848999482,2380.6975242789385,2344.344830491171,2364.540771484375,308800
2021-06-30,2379.0819204284876,2403.317050347963,2361.3094918208726,2366.96435546875,310500
2021-07-01,2346.7685631267186,2352.423427134253,2312.839379081513,2313.647216796875,261400
2021-07-02,2307.99201455283,2328.187954477163,2299.105800986123,2310.41552734375,325900
2021-07-05,2310.415850297384,2323.3412536556916,2304.760986328125,2304.760986328125,167400
2021-07-06,2317.6863817114368,2328.9961096110396,2304.760978397605,2312.83935546875,183500
2021-07-07,2300.721442256871,2332.227108074293,2291.027391236126,2292.64306640625,182500
2021-07-08,2278.1024222538385,2291.835663806433,2249.020263671875,2249.020263671875,289600
2021-07-09,2229.6321744132147,2238.5183896010935,2201.3578533608734,2232.863525390625,304200
2021-07-12,2262.7535593911425,2273.2554502415833,2252.2516685407018,2267.6005859375,218200
2021-07-13,2258.7138500056103,2269.2157384355364,2243.3649361464877,2249.82763671875,211500
2021-07-14,2237.710086318942,2250.635487539557,2224.7846850983274,2233.6708984375,223200
2021-07-15,2229.631905283446,2232.8632558708136,2201.3575876439822,2207.012451171875,239600
2021-07-16,2201.3577681107954,2230.43992578125,2198.934254971591,2221.5537109375,154500
2021-07-19,2213.475192323023,2223.9770819216355,2202.97330272441,2216.70654296875,174300
2021-07-20,2202.16552734375,2223.977144819275,2200.5498519751927,2202.16552734375,168600
2021-07-21,2203.781234363628,2236.0947421988717,2203.781234363628,2219.93798828125,267800
2021-07-26,2281.3336693548385,2316.8785282258063,2270.023941532258,2278.91015625,498200
2021-07-27,2276.4868957888652,2276.4868957888652,2244.981221929473,2270.83203125,259800
2021-07-28,2261.1375917243545,2282.9492083647824,2237.710299777228,2240.941650390625,256300
2021-07-29,2245.788442321668,2258.7138434285553,2232.0552036456,2257.906005859375,171800
2021-07-30,2245.7889138695286,2261.1378309067663,2220.745943966667,2223.977294921875,258100
2021-08-02,2251.4437056171096,2274.0631615759467,2237.710464499244,2271.6396484375,215100
2021-08-03,2268.4080658898497,2281.333467974692,2219.1299704413877,2230.439697265625,265900
2021-08-04,2221.553536218199,2222.3613738677327,2186.0086796387077,2198.93408203125,318800
2021-08-05,2205.396783227521,2219.9378609191313,2192.471380834979,2198.93408203125,195100
2021-08-06,2205.3968219989943,2223.9770882649195,2161.7735881572557,2183.585205078125,380600
2021-08-10,2161.773714378318,2175.506955463681,2051.09994798451,2054.331298828125,892100
2021-08-11,2051.9074640012254,2067.256378102022,2032.5193619791667,2059.98583984375,452800
2021-08-12,2044.6375399326273,2047.8688912403043,2013.9397025096957,2030.904296875,584300
2021-08-13,2017.9785981691682,2041.4058917427894,2009.092383365381,2033.3275146484375,252800
2021-08-16,2010.7079595012851,2012.3236348403782,1975.1631020412383,1984.04931640625,400800
2021-08-17,1979.2021519323557,1988.8962032887591,1971.931613415053,1975.1629638671875,342700
2021-08-18,1967.084638515913,1984.8570664614365,1964.6611256142505,1972.739501953125,366700
2021-08-19,1966.2768281306078,1984.049256322421,1959.8141269699483,1969.5081787109375,330400
2021-08-20,1966.2768080861945,1984.857073733681,1963.0454575388055,1964.6611328125,300700
2021-08-23,1968.7002656656246,2007.4764711444714,1967.8924280514818,2000.2059326171875,357900
2021-08-24,2000.2064775774359,2020.4024234334279,1999.3986397431963,2014.74755859375,332500
2021-08-25,2012.3235100368051,2020.4018862312525,1999.3981081256898,2013.13134765625,247500
2021-08-26,2014.74755859375,2021.2102612676674,2009.900531588312,2014.74755859375,189100
2021-08-27,2009.092754841045,2011.5162684174516,1977.5870783477596,1983.241943359375,286500
2021-08-30,1999.3985507281973,2011.5161177023076,1996.9750373333752,2007.4769287109375,254200
2021-08-31,2043.829444170281,2057.5626854947454,2035.751066920596,2043.0216064453125,707100
2021-09-01,2051.9073156537543,2066.448391119017,2044.6367779211228,2063.217041015625,479800
2021-09-02,2080.1818776822415,2093.107279640655,2070.4878262134307,2088.26025390625,361600
2021-09-03,2169.044204746672,2170.6598801319583,2105.2250270278687,2127.844482421875,986700
2021-09-06,2139.1544041736265,2176.31494140625,2122.9976488550947,2176.31494140625,452700
2021-09-07,2186.0087192314945,2225.592764775598,2182.7773685748334,2208.628173828125,376900
2021-09-08,2213.475154030379,2239.3259587489824,2210.243803440554,2232.055419921875,322400
2021-09-09,2236.9025483074333,2258.7141657882207,2225.5928207248026,2227.20849609375,345800
2021-09-10,2251.4436433717974,2286.1806640625,2232.863376490724,2286.1806640625,440700
2021-09-13,2287.7965431949806,2323.3414047417955,2278.1024900458497,2301.52978515625,498700
2021-09-14,2303.1449378343873,2307.184125729572,2265.9844091986865,2283.7568359375,308400
2021-09-15,2261.945213607595,2263.560888760172,2232.8630608612116,2233.6708984375,369400
2021-09-16,2247.4044376633574,2253.867139137587,2198.1263389223564,2202.16552734375,325200
2021-09-17,2202.1655346179587,2202.9733723049058,2156.1187864619706,2169.044189453125,539000
2021-09-21,2128.6524616588244,2144.809216586026,2113.303544477983,2132.691650390625,248200
2021-09-22,2144.808496935614,2144.808496935614,2100.377435793822,2108.455810546875,201400
2021-09-24,2148.8482238496645,2173.8911918719728,2140.769847068275,2168.236328125,216100
2021-09-27,2173.8913754549894,2177.1227264404297,2132.691650390625,2132.691650390625,333900
2021-09-28,2128.6523279329626,2131.883678715403,2097.1466578041636,2119.76611328125,264500
2021-09-29,2090.0615858696724,2093.362117390983,2075.2091940237765,2090.88671875,400400
2021-09-30,2102.438619615919,2128.8428722955537,2078.509765625,2078.509765625,357100
2021-10-01,2078.509410216745,2095.8371980748443,2047.9794982762846,2051.280029296875,334100
2021-10-04,2070.2582513119473,2076.034181068497,2034.777539950284,2042.2037353515625,247400
2021-10-05,2021.5755188508679,2047.9797705256547,1998.4717986354294,2032.30224609375,248000
2021-10-06,2060.356672063632,2084.2855240819918,2035.6026872170523,2050.455078125,332900
2021-10-07,2071.9083847228276,2100.788031662413,2065.307322565208,2071.083251953125,322500
2021-10-08,2099.9627840822222,2118.9408367477986,2083.460129590417,2108.214111328125,328400
2021-10-11,2112.3398362235066,2142.8697479189245,2095.012048504486,2141.219482421875,326000
2021-10-12,2145.345001634541,2149.4706650992225,2121.4161535393864,2129.66748046875,216500
2021-10-13,2126.3673863618924,2143.6951764719424,2099.963134765625,2099.963134765625,277200
2021-10-14,2102.4383515195404,2123.066671295046,2092.5367580272978,2100.7880859375,184200
2021-10-15,2129.667462401595,2151.946044921875,2115.6402067406775,2151.946044921875,258600
2021-10-18,2141.2195776338767,2157.7222333381837,2118.9409924330616,2126.3671875,164000
2021-10-19,2140.394689661856,2174.2251377251314,2138.7444239026718,2161.84814453125,339800
2021-10-20,2183.301559164492,2198.9790835878202,2165.1486361480074,2174.22509765625,271300
2021-10-21,2157.722111549698,2175.049899061187,2148.6456514246324,2160.197509765625,148900
2021-10-22,2168.449083330397,2209.7057249462723,2165.9736848334446,2195.678466796875,356300
2021-10-25,2171.749779570537,2174.225178255458,2145.3455269313818,2149.47119140625,213300
2021-10-26,2164.323295900274,2199.8040056691307,2152.7714369057626,2194.028076171875,198700
2021-10-27,2180.000435898587,2195.6779560659124,2139.568936519696,2153.59619140625,232300
2021-10-28,2131.318115234375,2145.3453734453637,2111.5149271718024,2131.318115234375,804900
2021-10-29,2141.219862456514,2161.8481848308543,2127.1926032419624,2149.47119140625,240100
2021-11-01,2176.7004163612582,2176.7004163612582,2150.2961656699918,2163.498291015625,221500
2021-11-02,2167.62395049808,2202.279529455415,2165.9736848334446,2195.678466796875,374000
2021-11-04,2223.7328092195576,2260.8637837705332,2218.782012612761,2235.28466796875,604900
2021-11-05,2260.0389488345286,2271.590809106045,2241.06089267418,2264.98974609375,590700
2021-11-08,1963.815891869084,1963.815891869084,1852.4229736328125,1852.4229736328125,1257200
2021-11-09,1827.6689546551866,1882.1277135749347,1783.1117882663016,1800.4395751953125,1379200
2021-11-10,1807.86578809206,1863.1496802883942,1793.0133991437913,1842.5213623046875,925700
2021-11-11,1826.8439163436578,1832.619845618457,1803.7401992444607,1817.7674560546875,561500
2021-11-12,1835.09539940309,1855.7237199899052,1827.6692039918364,1835.9205322265625,355800
2021-11-15,1863.1497960807235,1915.958293400992,1855.7236011450607,1905.2315673828125,585600
2021-11-16,1906.0568989187047,1907.7071646320544,1868.1007875116657,1878.8275146484375,316200
2021-11-17,1886.2534333870387,1911.0074154524855,1876.35184056086,1894.5047607421875,246500
2021-11-18,1896.1553844202033,1901.9313146599516,1873.0516634612104,1889.5543212890625,227900
2021-11-19,1889.5540054461646,1898.630465734334,1844.9968367587878,1883.778076171875,246200
2021-11-22,1883.77776601691,1889.5536943402208,1868.1002462822096,1881.3023681640625,150100
2021-11-24,1881.3029102612568,1882.1280431166344,1833.4452046493475,1841.696533203125,385900
2021-11-25,1839.2207337254313,1848.2971931561085,1815.2918861354638,1823.543212890625,195600
2021-11-26,1822.718354692228,1822.718354692228,1760.8333947094682,1772.38525390625,389600
2021-11-29,1702.2491538267657,1751.7571272778591,1702.2491538267657,1707.199951171875,418800
2021-11-30,1713.8006949974485,1746.8060044822334,1666.7681289816303,1667.59326171875,499600
2021-12-01,1649.4403793015485,1664.2927689100668,1618.9104673284833,1655.21630859375,416500
2021-12-02,1631.2875172290685,1645.3147745851102,1609.8340648021815,1620.560791015625,460200
2021-12-03,1628.8121365124953,1664.2928466796875,1601.5827542911618,1664.2928466796875,481100
2021-12-06,1653.5661533115147,1671.719075154256,1639.5388955239418,1648.6153564453125,331700
2021-12-07,1675.0195462095971,1689.0468034931257,1665.9430856143726,1683.2708740234375,284100
2021-12-08,1685.7462603351264,1703.0740486205095,1675.0195342536988,1676.6697998046875,362100
2021-12-09,1697.2980269344694,1706.3744869715522,1675.0194432070846,1693.17236328125,415200
2021-12-10,1689.8719392752205,1689.8719392752205,1669.2436197039897,1684.921142578125,317100
2021-12-13,1701.4238642984033,1708.8500596323925,1684.096075185762,1687.3966064453125,337800
2021-12-14,1649.4404206838192,1665.9430762184247,1637.8885618095953,1644.4896240234375,481600
2021-12-15,1650.2655862282877,1675.8447028148262,1650.2655862282877,1662.642578125,262000
2021-12-16,1684.0960546105675,1689.8719842442147,1667.5933985144325,1675.8447265625,251100
2021-12-17,1670.8938124187014,1673.3692106593217,1640.3639007843842,1645.314697265625,488000
2021-12-20,1650.265434093045,1657.6916285464638,1637.8884433373473,1646.1397705078125,287000
2021-12-21,1657.6918465620936,1669.2437061200176,1646.1399870041696,1665.1180419921875,229400
2021-12-22,1677.4951478981334,1700.5988685774978,1675.0197492539157,1695.6480712890625,253000
2021-12-23,1703.8991905264813,1712.150518325641,1673.3692776695902,1681.62060546875,152100
2021-12-24,1681.6206024709525,1692.3473285907378,1676.6698058002823,1679.9703369140625,145400
2021-12-27,1678.3199115851764,1678.3199115851764,1655.2161959881337,1660.1669921875,187900
2021-12-28,1666.7682064987544,1678.3200653556764,1665.9430737232599,1676.6697998046875,236500
2021-12-29,1670.8939501475588,1693.997668964414,1670.8939501475588,1687.3966064453125,208300
2021-12-30,1676.6698356079403,1679.1452339872828,1662.642578125,1662.642578125,219900
2022-01-04,1688.2217033674829,1703.0740937196895,1673.3693130152762,1701.423828125,263300
2022-01-05,1705.5493573538865,1724.5274101933346,1690.696968175188,1694.8226318359375,316700
2022-01-06,1675.8446670291933,1686.5713931106209,1662.6425426212822,1676.6697998046875,300200
2022-01-07,1686.5714081438236,1698.948399886562,1665.9430885725928,1684.921142578125,251200
2022-01-11,1691.5223360061646,1695.648000240326,1671.71914768219,1689.8720703125,247000
2022-01-12,1708.024857762569,1727.0029117377087,1703.0740610734022,1717.101318359375,196600
2022-01-13,1699.7735299472909,1721.226982267014,1693.9976004765963,1717.101318359375,198200
2022-01-14,1708.85003809395,1709.6751708984375,1682.4457883503446,1709.6751708984375,284800
2022-01-17,1710.5002826983273,1733.604000940273,1705.5494859321961,1731.9537353515625,168800
2022-01-18,1742.680581634478,1759.1832386575318,1716.276330397592,1730.3035888671875,289400
2022-01-19,1720.4019946533554,1740.2051830810199,1709.6752675883704,1730.3035888671875,298900
2022-01-20,1745.980822395712,1775.6856000924254,1734.4289644025457,1771.5599365234375,443800
2022-01-21,1784.7621459129773,1829.319314604286,1774.8605528704643,1817.7674560546875,1210400
2022-01-24,1789.7131573332458,1793.8388215963469,1742.6805847338935,1767.4345703125,473300
2022-01-25,1749.2814268725915,1760.833285351939,1700.5985947096278,1712.9755859375,352600
2022-01-26,1720.4017457629413,1744.330594984584,1703.8990911273254,1727.0028076171875,277100
2022-01-27,1722.0522113010481,1736.9046021987092,1692.3474295057258,1702.2490234375,302600
2022-01-28,1721.2267747345416,1739.379693739412,1697.297926955394,1704.72412109375,326100
2022-01-31,1699.7737564765403,1760.8335904470566,1699.7737564765403,1744.3309326171875,351700
2022-02-01,1785.5874299392806,1799.6146879378794,1750.9318513545072,1766.609375,298300
2022-02-02,1777.336170376028,1806.2158203125,1777.336170376028,1806.2158203125,373100
2022-02-03,1780.6363461918595,1802.0897961459784,1754.2321000944826,1777.3358154296875,336900
2022-02-04,1765.7843214824193,1817.7676916942848,1755.8827271563496,1812.81689453125,509600
2022-02-07,1967.1166615312236,1995.1711776772227,1906.0568322722847,1945.6632080078125,1373100
2022-02-08,1934.936200842099,1934.936200842099,1863.149655224503,1893.6795654296875,713700
2022-02-09,1884.603105638957,1898.6303616791768,1859.0239916832618,1893.6795654296875,449300
2022-02-10,1914.3081328907272,1914.3081328907272,1887.9038827818895,1895.330078125,252100
2022-02-14,1862.324948411083,1882.9532708347767,1854.898752338553,1860.6746826171875,316900
2022-02-15,1860.6743698459202,1876.351892252604,1847.4722457139756,1856.5487060546875,349100
2022-02-16,1887.9039478600544,1897.8055419921875,1872.2264238175103,1897.8055419921875,249500
2022-02-17,1902.7558960333915,1913.4826205123309,1882.127579727739,1890.37890625,280800
2022-02-18,1862.324894349765,1875.5270203176854,1852.4232998738246,1864.80029296875,185200
2022-02-21,1824.3685134887696,1856.5486907958984,1817.7674514770508,1848.29736328125,190900
2022-02-22,1840.8712248241577,1860.674411465027,1832.6198970571288,1845.822021484375,173000
2022-02-24,1845.822021484375,1862.324677018433,1827.6691003969113,1845.822021484375,200500
2022-02-25,1868.1006667353813,1881.3027915886348,1840.8712842255457,1844.9969482421875,224300
2022-02-28,1830.9697975782478,1844.997056054512,1819.4179376566185,1836.7457275390625,229300
2022-03-01,1861.4992570097288,1892.8542976863112,1858.198726412194,1887.078369140625,208100
2022-03-02,1871.4008552487996,1892.8543042066783,1864.7997940309908,1890.37890625,181900
2022-03-03,1892.0295702051615,1894.5049686834063,1835.9205380316112,1839.2210693359375,259300
2022-03-04,1817.7676455596854,1825.193841115762,1774.8607379023529,1786.41259765625,275200
2022-03-07,1773.2101988181091,1779.811260516827,1741.8551557491987,1769.90966796875,215000
2022-03-08,1741.0301209956265,1774.0354313462547,1721.2269347852498,1724.5274658203125,227500
2022-03-09,1721.2268254922842,1743.505408564332,1719.57656007954,1731.12841796875,225200
2022-03-10,1772.3851592256751,1797.9642746521165,1760.0081678903005,1787.237548828125,233100
2022-03-11,1744.3308530768459,1764.9591744235445,1724.527664584015,1733.6041259765625,272900
2022-03-14,1728.6532155184327,1783.1119803032616,1726.1778171191224,1772.38525390625,262000
2022-03-15,1786.412299955915,1790.5379634662058,1752.5818591715306,1758.3577880859375,186100
2022-03-16,1790.5383328882149,1804.565591717293,1777.3362069314355,1792.1885986328125,194300
2022-03-17,1833.4451352074034,1833.4451352074034,1779.8115016392298,1802.090087890625,196800
2022-03-18,1801.264664301631,1823.5432469567588,1780.6363470283645,1809.5159912109375,434200
2022-03-22,1836.7457446122223,1836.7457446122223,1804.5655631028437,1811.1666259765625,229700
2022-03-23,1844.1720246782322,1873.0516760714038,1840.8714930904412,1860.6746826171875,301600
2022-03-24,1852.4229643098902,1870.5758842274035,1834.2700443923766,1847.47216796875,347900
2022-03-25,1863.1499455592016,1903.5814545638077,1851.5980858435998,1887.9039306640625,505200
2022-03-28,1880.4776403835542,1896.1551634933776,1863.974984478477,1868.92578125,254900
2022-03-29,1857.3741837518683,1903.5816267950067,1854.0736521059298,1880.4779052734375,356900
2022-03-30,1892.3151709114468,1910.917017989218,1871.1767083230707,1904.1527099609375,334200
2022-03-31,1885.550852951763,1892.3151609444153,1862.7213134765625,1862.7213134765625,261800
2022-04-01,1860.1847111965167,1902.461636450983,1841.5828640845514,1887.241943359375,228100
2022-04-04,1895.6971796510327,1947.2750244140625,1883.859641508698,1947.2750244140625,287000
2022-04-05,1968.4138234368231,1976.023670692378,1930.3645871590495,1951.5030517578125,258000
2022-04-06,1927.827949708535,1946.4297983460733,1916.8359482408985,1921.9091796875,244900
2022-04-07,1890.6238837719604,1895.6971142293091,1875.4041923999143,1883.0140380859375,176700
2022-04-08,1892.315048611504,1902.4615099981609,1861.8756644515333,1867.79443359375,142700
2022-04-11,1860.1845550185685,1867.7944009254627,1826.3630176545946,1835.6639404296875,149800
2022-04-12,1819.5988478354357,1850.883772263833,1819.5988478354357,1843.27392578125,145500
2022-04-13,1853.4204759032764,1889.7786330491892,1840.7373978291207,1883.85986328125,156200
2022-04-14,1886.3963992707982,1899.079476809598,1876.2499372397585,1884.705322265625,102200
2022-04-15,1876.2499172210694,1895.6973025730676,1861.8757628304618,1894.0062255859375,144800
2022-04-18,1885.550707592533,1902.461476270493,1871.176554216267,1888.932861328125,153500
2022-04-19,1896.5428634291222,1917.6813260174983,1890.6240939043769,1904.1527099609375,152300
2022-04-20,1928.6733028964939,1943.8929957733624,1915.1446870059442,1930.3643798828125,225800
2022-04-21,1915.144607564372,1926.9821459775735,1881.3230692409395,1894.8516845703125,238400
2022-04-22,1864.412438583201,1881.3232090011893,1848.3472066861123,1866.103515625,233000
2022-04-25,1838.2006827127734,1885.5508382932312,1826.363143817659,1874.558837890625,431400
2022-04-26,1876.2499866891415,1911.762604733731,1872.8678325896567,1907.534912109375,304200
2022-04-27,1888.9325571228674,1915.9897826501422,1855.9565635115014,1914.2987060546875,296700
2022-04-28,1897.3885498046875,1905.8439354990044,1877.9411627077588,1897.3885498046875,229100
2022-05-02,1888.932841970873,1927.827609531598,1885.55068826994,1898.2337646484375,305000
2022-05-06,1892.3151390540081,1947.275140858526,1886.3963696289063,1944.738525390625,261900
2022-05-09,1921.9091307724148,1953.1940572302146,1899.07958984375,1899.07958984375,195100
2022-05-10,1899.0795213586744,1916.8358303295258,1866.9490575066577,1904.998291015625,277900
2022-05-11,1894.851786422052,1914.2991720033583,1869.4856313160005,1904.1527099609375,203700
2022-05-12,1873.7131599757981,1902.461466581925,1866.9488525390625,1866.9488525390625,215800
2022-05-13,1864.4125017557678,1876.2500414494552,1846.6561922152366,1857.648193359375,299800
2022-05-16,1815.3711206540538,1819.5988130635883,1697.8412716689986,1699.5323486328125,898900
2022-05-17,1704.6055787064647,1784.0861959675797,1704.6055787064647,1772.2486572265625,398700
2022-05-18,1774.7852984315134,1792.5416068007664,1747.7280666307472,1765.484375,300600
2022-05-19,1729.9719147987419,1790.0051532888253,1719.8254519553475,1783.2408447265625,247600
2022-05-20,1794.2327213744531,1794.2327213744531,1759.5656424035049,1763.7933349609375,242100
2022-05-23,1779.0131411042262,1785.777449625535,1745.191598497682,1778.1676025390625,287100
2022-05-24,1775.6308942685223,1814.5256662382137,1768.8665860998804,1810.2979736328125,337400
2022-05-25,1781.5494790328175,1806.9156320328102,1763.7931719328226,1799.3057861328125,238600
2022-05-26,1801.8425867010446,1827.2087423092244,1790.8505859375,1790.8505859375,227700
2022-05-27,1822.1355432816383,1822.1355432816383,1776.4764623827016,1786.6229248046875,185300
2022-05-30,1800.9970553953258,1824.6721340577994,1790.8505931114084,1812.8345947265625,340400
2022-05-31,1813.680125984862,1816.2167415456797,1785.7773548158639,1790.8505859375,410800
2022-06-01,1800.997006341617,1855.9570088825583,1792.5416213353183,1845.810546875,241100
2022-06-02,1846.656206597222,1846.656206597222,1813.680202907986,1826.36328125,153100
2022-06-03,1839.0463071710924,1849.1927695554846,1829.7453833187328,1839.891845703125,225300
2022-06-06,1826.3631136344081,1851.7292679904415,1820.4443442846668,1842.4283447265625,288900
2022-06-07,1834.8185665348396,1855.957029282937,1820.4444118661336,1836.5096435546875,176300
2022-06-08,1848.3471567696386,1853.4203877580273,1833.9730023025372,1843.27392578125,167800
2022-06-09,1853.4204759032764,1892.3152486640204,1843.2740134439518,1883.85986328125,303600
2022-06-10,1859.3393340352795,1871.1768741337305,1843.2741010445245,1849.19287109375,193400
2022-06-13,1824.6721725921982,1838.2007892564593,1803.5337090542905,1830.5909423828125,249400
2022-06-14,1811.1435286836845,1826.3632222020349,1800.1515278093204,1817.9078369140625,191900
2022-06-15,1817.9075488191202,1842.4281622683084,1811.9887800555232,1833.9727783203125,191500
2022-06-16,1833.97287730083,1864.4122611564455,1820.44426225389,1823.826416015625,258400
2022-06-17,1793.3871509874912,1794.2326894839491,1755.3379186468796,1768.02099609375,376000
2022-06-20,1769.7122748992729,1784.9319695711251,1733.3541154054033,1747.728271484375,237900
2022-06-21,1753.6471241878728,1812.8348284757951,1750.2649696571343,1807.7615966796875,237800
2022-06-22,1806.9157917528698,1812.8345613093836,1785.7773290510347,1797.6148681640625,166800
2022-06-23,1805.2245588670603,1835.6639425294557,1799.3057898215945,1818.753173828125,135100
2022-06-24,1836.5096144797585,1862.7213078724253,1835.6640759832208,1860.1846923828125,222400
2022-06-27,1877.0953769505104,1902.4615306930848,1871.1766077439097,1894.8516845703125,261700
2022-06-28,1881.3231504864257,1915.990228765052,1881.3231504864257,1913.45361328125,263900
2022-06-29,1893.160811243199,1943.0475856350474,1890.624195596156,1932.901123046875,336200
2022-06-30,1931.2099420740592,1937.9742501023397,1896.5428634291222,1904.1527099609375,225700
2022-07-01,1912.6080676124873,1916.8357600696324,1846.6560652810222,1855.1114501953125,174600
2022-07-04,1885.550707592533,1891.469476629819,1870.3310157823691,1888.932861328125,123600
2022-07-05,1904.9980367344485,1908.380190372681,1872.8675771712399,1883.0140380859375,179100
2022-07-06,1886.3964048542857,1909.2259444916974,1872.022250267767,1887.241943359375,218800
2022-07-07,1902.461604875915,1902.461604875915,1872.8677576889563,1891.4696044921875,199900
2022-07-08,1882.1687697160883,1897.388463271744,1869.485691753042,1876.25,209000
2022-07-11,1894.006247918517,1907.5348639750778,1878.786554854886,1904.1527099609375,138100
2022-07-12,1885.550707592533,1917.681168080657,1864.4122467450832,1888.932861328125,241800
2022-07-13,1884.705401819527,1888.9330945109123,1869.4857081305402,1883.85986328125,173800
2022-07-14,1869.4856807607036,1877.0955274937867,1851.7293717168436,1871.1767578125,260900
2022-07-15,1796.7694740155678,1870.331330128205,1795.9239354395604,1846.65625,851800
2022-07-19,1847.501616111816,1915.990234375,1831.4363846673655,1915.990234375,370700
2022-07-20,1936.2833164278313,1998.8531703211324,1932.0556235972028,1989.55224609375,524900
2022-07-21,1999.6985401069937,2012.3816175283912,1989.5520781698758,2005.6173095703125,405100
2022-07-22,1993.7797425844226,2005.617281344466,1971.7957420300568,1992.9342041015625,248200
2022-07-25,1967.5676940917967,1976.8686157226562,1927.827392578125,1927.827392578125,257700
2022-07-26,1923.6001730588798,1946.4297135743038,1911.7626335323635,1939.6654052734375,214700
2022-07-27,1930.364383173263,1937.9742296246686,1904.152689840643,1913.45361328125,211100
2022-07-28,1941.3560665246212,1954.8846802286255,1924.4452993946156,1953.193603515625,240600
2022-07-29,1953.1937720291412,1979.4054633420865,1944.7383877346429,1973.4866943359375,311200
2022-08-01,1987.0156725503405,1987.0156725503405,1955.7307449399734,1970.950439453125,176600
2022-08-02,1971.7958710414866,1975.1780251942166,1948.120791972378,1959.11279296875,146300
2022-08-03,1975.177899015832,1988.706514762516,1955.7305138799743,1976.0234375,191400
2022-08-04,1985.324259148111,2003.08056640625,1965.0313365673808,2003.08056640625,172400
2022-08-05,1987.8611649909678,2036.9024017283036,1987.8611649909678,2025.910400390625,325600
2022-08-08,2068.1869624596075,2091.016499657649,2005.6171197686792,2011.535888671875,582900
2022-08-09,1987.8606499170044,2046.2027957461296,1987.0151115716549,2027.6009521484375,263700
2022-08-10,2037.7478099452794,2037.7478099452794,1992.0887303863396,2003.92626953125,223900
2022-08-12,2009.844947992369,2037.7477175690406,1982.787716887718,1999.698486328125,228200
2022-08-15,2017.4549615220476,2025.064808401217,1994.6254208845392,2019.9915771484375,141000
2022-08-16,2017.4547659351495,2025.9101505367219,1995.4707659710614,2023.37353515625,141600
2022-08-17,2014.9184151060615,2036.9024179565683,2001.3897979672881,2033.520263671875,198200
2022-08-18,2035.2113027892658,2036.9023799000172,2009.8451461279953,2015.763916015625,130500
2022-08-19,2026.7558056947078,2028.4468827123922,2009.845035517864,2020.8370361328125,154500
2022-08-22,2019.145935588019,2048.7397830526675,2008.1539351011495,2047.0487060546875,225900
2022-08-23,2028.4470160839353,2034.365786034993,2017.4550147462567,2025.910400390625,196900
2022-08-24,2039.4390214951657,2039.4390214951657,1985.3245532631215,1989.55224609375,171900
2022-08-25,1979.40557149078,1989.55203319855,1970.9501867343051,1985.3243408203125,147600
2022-08-26,1981.0964426317814,1992.9339800610794,1966.7222900390625,1966.7222900390625,139500
2022-08-29,1943.892927592474,1976.0233892055728,1932.9009275669403,1972.6412353515625,239100
2022-08-30,1990.3975352101181,2027.6012274570362,1987.8609198296465,2023.37353515625,694900
2022-08-31,2016.6091540817624,2035.2109995282187,2013.2270003642248,2026.755615234375,253700
2022-09-01,2012.3814892557514,2025.9101043095716,1999.698412642795,2003.08056640625,214200
2022-09-02,1999.698608982506,1999.698608982506,1942.2019893584848,1943.89306640625,261100
2022-09-05,1943.8930369247219,1975.1779618339062,1932.0554977698955,1967.568115234375,164300
2022-09-06,1972.6414150895741,1987.8611088193695,1954.8851057381464,1961.6494140625,135400
2022-09-07,1954.8848703627064,1954.8848703627064,1932.055332516775,1947.2750244140625,149300
2022-09-08,1965.0316436018206,2002.2353408128706,1964.1861050288421,1997.162109375,244100
2022-09-09,2012.3815943368315,2056.3495955576363,2007.3083634267387,2031.8289794921875,313100
2022-09-12,2057.194927209333,2070.723541609394,2051.276158409306,2066.495849609375,255600
2022-09-13,2065.650577507889,2094.3988868141796,2062.268423471855,2076.642578125,243400
2022-09-14,2042.8207568660164,2079.1789077539465,2041.975218473274,2058.885986328125,272500
2022-09-15,2084.252356663223,2085.097895144628,2039.4388171487603,2046.203125,178500
2022-09-16,2036.9018739472835,2040.2840273286822,2021.6821837309901,2027.6009521484375,128500
2022-09-20,2019.9913077992999,2029.2922305225281,2002.2350007822279,2026.755615234375,128800
2022-09-21,2007.3085295351216,2011.536222310048,1990.3977584354154,1996.3165283203125,122600
2022-09-22,1987.8608915875998,2010.6904296875,1987.0153531394553,2010.6904296875,138700
2022-09-26,2003.926293746994,2008.999524870404,1968.4136758831232,1977.714599609375,150900
2022-09-27,1978.559951621201,2014.9181045783425,1978.559951621201,2003.08056640625,150800
2022-09-28,2009.8449308074796,2019.1458539201772,1965.0313921735728,1992.088623046875,235100
2022-09-29,2034.5103674453328,2044.0336074631618,2002.4776510217253,2006.806396484375,250800
2022-09-30,2014.5980657418636,2031.0472979073538,1973.9078598588094,1985.16259765625,175700
2022-10-03,1976.5049330767463,1991.222665824142,1936.6804797602633,1986.8939208984375,188500
2022-10-04,2024.1212524568646,2053.5567197723194,2013.7322639925865,2050.95947265625,168400
2022-10-05,2071.7378357193315,2071.7378357193315,2033.6448709171375,2034.5106201171875,184200
2022-10-06,2049.227984433247,2065.6772162474554,2040.570494004716,2046.6307373046875,182400
2022-10-07,2024.1211272594976,2042.301855947457,2017.19513537837,2031.047119140625,147800
2022-10-11,2004.209216611511,2008.5379622197431,1976.5052447188248,1988.625732421875,186100
2022-10-12,1977.3707705065315,1986.0282607451766,1965.2502841724283,1979.968017578125,139100
2022-10-13,1970.4448574662051,1970.4448574662051,1941.8751385310622,1945.338134765625,151700
2022-10-14,1971.310697564668,2002.4776651150976,1960.9217083811916,1990.357177734375,158000
2022-10-17,1984.2971403237293,1984.2971403237293,1953.995918721927,1975.6396484375,191800
2022-10-18,1991.2227036926322,2037.9731497793289,1991.2227036926322,2013.732177734375,179800
2022-10-19,2012.8662005219444,2037.1071698185526,1992.0882268391372,2029.3154296875,139700
2022-10-20,2004.2089200009402,2004.2089200009402,1975.6392032147496,1978.2364501953125,173200
2022-10-21,1990.357246859806,2000.746236404094,1984.2970029589717,1992.0887451171875,131900
2022-10-24,2005.9405751284478,2018.06106198723,1985.1625976562498,1985.16259765625,145500
2022-10-25,1997.2831440005095,2006.8063839588995,1985.1626567807405,1991.222900390625,93800
2022-10-26,2005.940649685214,2036.2418679584046,1997.2831587500168,2026.7186279296875,148700
2022-10-27,2037.973498339886,2037.973498339886,1991.2230442573227,2002.477783203125,180000
2022-10-28,1991.2228212012865,2011.1350494132994,1981.699581621628,1993.820068359375,364700
2022-10-31,1997.2831526113416,2019.7926289736713,1992.9544071570474,2018.9268798828125,124500
2022-11-01,2032.778865336554,2032.778865336554,1998.1489017022004,2018.9268798828125,124900
2022-11-02,2015.463675737586,2033.6444047713014,2004.2089387167146,2013.732177734375,243600
2022-11-04,1991.2229472135757,1997.2831909659649,1954.861484699241,1981.69970703125,290200
2022-11-07,2082.992446675678,2238.827293060392,2044.0337350794996,2066.543212890625,1838400
2022-11-08,2087.3211981720838,2144.460642004252,1968.713564762886,2074.3349609375,914800
2022-11-09,2089.918159423931,2114.1591322755753,2047.4964569335525,2059.616943359375,274400
2022-11-10,2076.9321612622366,2076.9321612622366,1999.8804887518825,2012.0009765625,352600
2022-11-11,2036.2414209151025,2043.1674121427047,2012.000451618494,2029.3154296875,187700
2022-11-14,2034.510354746943,2038.8391001825746,1986.8941549549932,1991.222900390625,287800
2022-11-15,1981.6997050380453,1984.2969523578856,1947.9354898801232,1961.7874755859375,274300
2022-11-16,1968.713239111812,2014.5979364174084,1966.1159920945142,2009.4034423828125,225500
2022-11-17,2010.2695699439857,2076.0665067724713,2009.4038207751898,2064.811767578125,356300
2022-11-18,2077.7978036917893,2120.219508850497,2058.7513238246147,2119.353759765625,396100
2022-11-21,2111.562208426339,2133.2059375,2103.770465959821,2121.08544921875,308000
2022-11-22,2132.3400288435846,2147.0577635128257,2121.951039665297,2126.27978515625,297000
2022-11-24,2138.400390625,2170.433109027075,2132.340146602986,2138.400390625,271900
2022-11-25,2147.0579518411823,2165.238684497902,2131.474466706851,2160.044189453125,143000
2022-11-28,2160.043732456724,2160.043732456724,2133.2055137368206,2134.93701171875,166700
2022-11-29,2119.3538510581607,2133.2058370127893,2109.8306107143535,2132.340087890625,135100
2022-11-30,2126.279817655489,2150.52079277534,2120.2195738755263,2133.205810546875,314400
2022-12-01,2148.7893745952483,2150.5208728825933,2120.2196528540544,2130.608642578125,151700
2022-12-02,2122.816398654958,2122.816398654958,2103.769921994922,2115.024658203125,193300
2022-12-05,2111.5624954788773,2115.8912418820732,2089.918763462899,2103.770751953125,161000
2022-12-06,2090.783935546875,2102.038673088121,2072.6032056725544,2090.783935546875,197500
2022-12-07,2085.5893830281825,2122.816590778374,2076.066143836273,2116.75634765625,129300
2022-12-08,2119.35388634963,2134.9373708080834,2082.9924226132393,2107.2333984375,167300
2022-12-09,2107.2331084643406,2127.145335865606,2107.2331084643406,2116.75634765625,114900
2022-12-12,2116.7566063889567,2116.7566063889567,2097.7101256770725,2100.307373046875,220900
2022-12-13,2115.8904071422176,2133.2053859240687,2109.8301645685697,2115.024658203125,110100
2022-12-14,2111.5621820494184,2126.279917635659,2107.2334362887595,2121.951171875,126800
2022-12-15,2134.936966379756,2173.0299211732313,2134.0712174071773,2144.460205078125,294500
2022-12-16,2137.5341306195314,2146.191620010457,2105.501419873107,2115.024658203125,249900
2022-12-19,2089.9182984407284,2102.038785672779,2080.3950584726886,2095.11279296875,115800
2022-12-20,2102.038868008141,2111.562108349199,2057.0199136685924,2060.48291015625,214200
2022-12-21,2054.422310649671,2076.9317839226974,2048.3620678453944,2056.15380859375,129700
2022-12-22,2061.348584667848,2107.2332864685186,2056.154090124376,2102.904541015625,143400
2022-12-23,2093.381262024837,2095.1127601737408,2079.5292768336053,2088.186767578125,74200
2022-12-26,2090.7839749988757,2105.501708984375,2083.857982535111,2105.501708984375,89400
2022-12-27,2106.3673789022396,2116.7563672075526,2102.0386337750256,2108.098876953125,65800
2022-12-28,2094.24713193527,2097.710128432889,2067.40890907872,2068.274658203125,170000
2022-12-29,2069.1401516967026,2118.487845691143,2069.1401516967026,2116.75634765625,154300
2022-12-30,2121.085027863316,2150.5204935561133,2121.085027863316,2134.93701171875,215200
2023-01-04,2147.057749368687,2147.9234984611744,2112.427785669192,2142.72900390625,180700
2023-01-05,2112.42753795367,2149.6547445651486,2108.098792998847,2134.93701171875,289200
2023-01-06,2122.8167561051114,2128.8769996992123,2102.0387780681936,2119.353759765625,125300
2023-01-10,2141.8632894346,2148.78928228645,2108.0990742818312,2117.622314453125,195600
2023-01-11,2128.0113540643265,2152.252329619168,2128.0113540643265,2147.923583984375,141000
2023-01-12,2147.0578289340615,2147.0578289340615,2117.6223586986753,2140.1318359375,128700
2023-01-13,2131.4742672977336,2147.923500067294,2109.8305399693654,2110.6962890625,123800
2023-01-16,2086.455137720767,2102.904369096989,2074.334651443551,2092.515380859375,141300
2023-01-17,2078.6635986628667,2118.4880574460785,2078.6635986628667,2109.83056640625,101800
2023-01-18,2119.353458875605,2148.788923582211,2113.2932161418926,2145.325927734375,175600
2023-01-19,2134.9373734012725,2163.507094943139,2121.951136336788,2147.057861328125,160700
2023-01-20,2150.5208938953488,2157.446887112403,2116.7566769622094,2121.951171875,205800
2023-01-23,2147.9231893099272,2177.3586542178423,2145.3259424062876,2160.909423828125,263700
2023-01-24,2177.358959775613,2177.358959775613,2163.506974345629,2166.969970703125,213600
2023-01-25,2160.9098180599685,2190.3452883380287,2146.192082920938,2179.956298828125,271800
2023-01-26,2188.613896554296,2203.3316324092893,2170.4331640275395,2176.493408203125,230400
2023-01-27,2186.016264531717,2189.479260594341,2166.969786187282,2173.030029296875,139300
2023-01-30,2160.909423828125,2179.955901121482,2156.5806789887256,2160.909423828125,151700
2023-01-31,2161.7754105528434,2170.432901183812,2140.131683975422,2153.117919921875,146500
2023-02-01,2157.4465457408764,2160.909541801456,2140.997314453125,2140.997314453125,83700
2023-02-02,2136.6686353549367,2154.849365234375,2134.9371372711807,2154.849365234375,135400
2023-02-03,2145.326404701791,2145.326404701791,2115.8909334508385,2129.742919921875,154700
2023-02-06,2145.3263572282226,2153.1180994457586,2124.54837798146,2139.26611328125,124400
2023-02-07,2150.5207457386364,2167.835727588384,2139.2660075363005,2142.72900390625,129800
2023-02-08,2142.7290833112106,2153.1180728060526,2128.8770973180876,2140.1318359375,121700
2023-02-09,2165.238484910347,2200.7341977777296,2150.5207503067977,2182.553466796875,404600
2023-02-10,2166.104321583208,2173.8960637471764,2139.2660985739835,2155.71533203125,371400
2023-02-13,2277.78586717278,2337.5225546813017,2173.8959758536107,2182.553466796875,945400
2023-02-14,2181.687846559195,2245.753283323235,2181.687846559195,2210.257568359375,428700
2023-02-15,2218.049310668515,2233.632795286795,2195.539832886555,2210.257568359375,257400
2023-02-16,2210.257727008412,2250.0821905581133,2201.60023493239,2244.8876953125,307500
2023-02-17,2231.901240784445,2251.8134706285264,2219.780753053265,2244.021728515625,270500
2023-02-20,2244.0214331527936,2302.8923658126664,2217.1832138519694,2277.78564453125,375000
2023-02-21,2290.7719395242016,2340.985383398882,2278.6514530716927,2283.845947265625,366000
2023-02-22,2269.128429995382,2289.0406596366993,2259.6051897321427,2284.7119140625,242300
2023-02-24,2288.174632647698,2295.1006247253304,2254.410421269242,2277.78564453125,351700
2023-02-27,2292.5038744377366,2320.207848751184,2275.1888904918324,2285.577880859375,355900
2023-02-28,2294.2351781542056,2318.4761536214955,2294.2351781542056,2315.87890625,304400
2023-03-01,2308.0869147850767,2345.314123088062,2307.2211657547746,2340.11962890625,390800
2023-03-02,2327.999458735426,2334.925451918722,2299.4297368543293,2329.73095703125,259700
2023-03-03,2337.5226610707273,2342.717155873107,2315.01318359375,2315.01318359375,388200
2023-03-06,2318.4762388611407,2334.0597236630456,2308.0872489932044,2321.073486328125,284400
2023-03-07,2321.9387947479913,2344.4482685225803,2321.073045756661,2343.58251953125,374100
2023-03-08,2347.04588961314,2379.0786073983436,2346.18014048381,2371.286865234375,476000
2023-03-09,2378.213054782502,2430.1580068345406,2375.6158071799,2420.634765625,471400
2023-03-10,2411.110964513178,2429.291693509507,2391.1987375171984,2398.990478515625,473700
2023-03-13,2374.749683641177,2386.870170542736,2334.0594776145144,2353.10595703125,314900
2023-03-14,2334.0597276557774,2337.5227242843466,2274.323035812955,2289.040771484375,316300
2023-03-15,2310.6844174062444,2347.9116298260524,2307.221420902076,2323.670654296875,304600
2023-03-16,2269.9942637567938,2295.9667381704867,2248.350535078716,2289.906494140625,208800
2023-03-17,2308.087237688638,2318.4762275056914,2284.712010600269,2305.489990234375,317100
2023-03-20,2309.818531557416,2327.9992621281453,2283.846059313517,2288.1748046875,261300
2023-03-22,2300.2954631223515,2309.818703654661,2281.248982057733,2298.56396484375,281800
2023-03-23,2276.9202363612285,2299.4297139830505,2257.008006157309,2298.56396484375,185500
2023-03-24,2288.174940129151,2329.7308981791693,2282.9804453728984,2323.670654296875,186200
2023-03-27,2338.388613603871,2358.3008454116784,2324.536626259309,2332.328369140625,236000
2023-03-28,2338.3883423078037,2371.2868084343113,2330.5966003304734,2333.19384765625,268000
2023-03-29,2353.105989810219,2360.897731498332,2333.193761051707,2360.031982421875,324400
2023-03-30,2383.004612442641,2388.3060687550824,2363.56593929702,2376.819580078125,249000
2023-03-31,2381.237601288094,2381.237601288094,2340.593100486887,2352.07958984375,171400
2023-04-03,2375.936273593924,2397.1421012496526,2364.4497836137375,2383.0048828125,232000
2023-04-04,2391.84064138874,2427.183687438075,2377.703422969006,2424.532958984375,409300
2023-04-05,2419.2316767739985,2444.8553870101,2391.840814107821,2398.909423828125,357700
2023-04-06,2364.4497836137375,2405.9778627728724,2351.1961413289073,2383.0048828125,260600
2023-04-07,2378.5871520543983,2394.49152379919,2367.9842375578705,2385.65576171875,135600
2023-04-10,2403.3269666344736,2424.5327928106603,2395.374781818404,2401.559814453125,244200
2023-04-11,2402.4434952398456,2422.765746210981,2384.77197265625,2384.77197265625,176500
2023-04-12,2366.216781153139,2390.9569117999977,2360.0317484914244,2387.422607421875,128200
2023-04-13,2390.0733927468955,2406.861338943639,2379.4704793594788,2392.72412109375,240200
2023-04-14,2412.162873018963,2427.1836674663336,2397.1420785715923,2411.279296875,333700
2023-04-17,2412.1629921403332,2451.0403443946097,2392.724316013195,2414.813720703125,321000
2023-04-18,2425.4166053307,2450.15673828125,2420.9987244466734,2450.15673828125,261400
2023-04-19,2456.3419343403893,2473.1298828125,2438.6704096329045,2473.1298828125,256000
2023-04-20,2474.0133086328683,2483.7326466310687,2458.99251354474,2470.47900390625,254900
2023-04-21,2457.2251750284395,2489.917491272975,2450.1565661107024,2475.7802734375,297100
2023-04-24,2493.451924003679,2526.1442419300206,2485.4997385621364,2506.70556640625,345300
2023-04-25,2504.0547389341205,2539.3977839437766,2504.0547389341205,2516.4248046875,234600
2023-04-26,2517.3085235379267,2517.3085235379267,2482.8490526997452,2491.684814453125,203100
2023-04-27,2498.75341796875,2513.774212914107,2487.2669277164186,2498.75341796875,259700
2023-04-28,2513.774121859348,2543.8157106618846,2511.1233934355946,2535.863525390625,397700
2023-05-01,2531.445437087666,2537.6304695692065,2504.938155023921,2527.9111328125,375500
2023-05-02,2523.493570419671,2551.768008183477,2502.2877420968166,2512.007080078125,369100
2023-05-08,2527.911515045166,2573.85747756958,2527.0279388427734,2544.699462890625,415700
2023-05-09,2553.534896525931,2567.672113946144,2530.561918218085,2533.212646484375,230400
2023-05-10,2532.329206353453,2540.2813915792667,2505.821922267409,2515.541259765625,289900
2023-05-11,2521.7263269064124,2550.0007636481805,2519.9591746100523,2549.1171875,262000
2023-05-12,2557.9527251144937,2567.6720618938575,2541.164779768319,2562.37060546875,219500
2023-05-15,2565.905162487206,2605.666089591863,2549.1172154874616,2589.76171875,688400
2023-05-16,2589.761573519772,2620.6867373113764,2575.6243557864673,2580.042236328125,383700
2023-05-17,2587.11093349359,2602.13172784789,2583.576628939637,2584.460205078125,357700
2023-05-18,2586.227185659077,2595.9465225371946,2553.534870705409,2568.5556640625,318800
2023-05-19,2574.7407017708156,2595.94652772912,2555.302027975703,2561.487060546875,372800
2023-05-22,2556.185745180795,2579.158724570598,2526.1441567479756,2536.7470703125,414200
2023-05-23,2531.445525982313,2534.096254281771,2487.266720991348,2490.801025390625,265000
2023-05-24,2482.8489562286727,2492.568293779746,2458.1088242804867,2459.8759765625,205600
2023-05-25,2449.273255936936,2480.198423309877,2443.9717986730034,2447.506103515625,191500
2023-05-26,2434.252591537686,2450.156964186571,2430.7182865046,2436.9033203125,200200
2023-05-29,2481.0813030133927,2489.033486676897,2451.9232962472097,2474.0126953125,275300
2023-05-30,2474.0128648276796,2487.2665051749705,2436.0190958321114,2448.38916015625,170500
2023-05-31,2420.998420603464,2435.135637658083,2403.3268992851904,2410.3955078125,379900
2023-06-01,2398.025577787458,2416.580676215438,2388.3062405156593,2392.72412109375,173600
2023-06-02,2402.443323219277,2417.464116339809,2392.7239864942267,2410.3955078125,209100
2023-06-05,2432.48493065801,2438.6699631733045,2399.79261593431,2423.649169921875,271500
2023-06-06,2419.2313465549973,2441.320748915799,2399.7926724774916,2428.95068359375,267300
2023-06-07,2438.6698239015695,2462.5263765266936,2436.0190958321114,2448.38916015625,325400
2023-06-08,2416.580676215438,2430.717894065327,2390.956968862514,2392.72412109375,290300
2023-06-09,2422.765801008358,2440.4373239916426,2414.8136156658793,2431.6015625,294400
2023-06-12,2452.807460923454,2473.1297129411914,2452.807460923454,2457.225341796875,237400
2023-06-13,2462.5270795465917,2486.3836389824573,2461.6435032711893,2483.73291015625,240500
2023-06-14,2488.1504074140403,2494.3354403870153,2459.8759709661535,2466.944580078125,279000
2023-06-15,2466.9447231706768,2468.7118755511715,2442.20458984375,2442.20458984375,174900
2023-06-16,2432.4850544926085,2474.0131320665832,2427.183597781037,2461.64306640625,368300
2023-06-19,2461.642800503541,2462.5263765266936,2436.0190958321114,2448.38916015625,171500
2023-06-20,2435.135782848394,2465.177370880631,2418.347836595085,2461.64306640625,242500
2023-06-21,2474.013074696493,2485.4995639718695,2449.272943949528,2456.341552734375,151100
2023-06-22,2440.437172821367,2460.7594229933043,2424.5328031215895,2428.95068359375,171000
2023-06-23,2438.6701313946546,2447.5058927402874,2393.6077485319274,2405.09423828125,194200
2023-06-26,2416.580885127927,2416.580885127927,2391.840751751846,2400.676513671875,124800
2023-06-27,2386.5391731576055,2386.5391731576055,2346.778246540763,2362.6826171875,208200
2023-06-28,2385.6555831401856,2420.9986288163363,2385.6555831401856,2418.347900390625,234700
2023-06-29,2418.3480301869067,2420.1151825655597,2362.6827302593306,2373.28564453125,181400
2023-06-30,2372.401923463055,2372.401923463055,2353.846824620327,2363.566162109375,138700
2023-07-03,2383.004783821951,2417.464252331056,2383.004783821951,2392.72412109375,214900
2023-07-04,2385.6554710838313,2385.6554710838313,2363.5660685737957,2366.216796875,299200
2023-07-05,2344.1277418305167,2362.6828426893335,2336.1755557481665,2349.42919921875,233500
2023-07-06,2341.4764786200585,2350.312238916738,2329.989990234375,2329.989990234375,196300
2023-07-07,2297.2978515625,2323.805134465144,2290.2292427884613,2297.2978515625,182400
2023-07-10,2310.5513222782547,2338.8257552851014,2307.9005941838627,2322.92138671875,210100
2023-07-11,2330.8737481201447,2347.661693993641,2322.921563232699,2331.75732421875,229500
2023-07-12,2348.5452754195767,2360.031764727498,2316.736535797641,2324.688720703125,166500
2023-07-13,2345.8946703937218,2367.1004979227046,2338.8260612173945,2362.6826171875,230500
2023-07-14,2386.5391731576055,2391.8406300398515,2351.1961272759677,2362.6826171875,281800
2023-07-18,2369.7509928084564,2395.3746985472503,2369.7509928084564,2390.0732421875,235300
2023-07-19,2401.5598822499305,2410.3956434061115,2378.586903243861,2392.72412109375,246600
2023-07-20,2391.840561345153,2398.025594196803,2371.518310546875,2371.518310546875,205000
2023-07-21,2367.983917885638,2376.8196787732713,2352.963124376662,2367.100341796875,182400
2023-07-24,2380.354035092427,2390.9569483890523,2367.9839695796973,2379.470458984375,202600
2023-07-25,2375.0527204502814,2383.0049058982177,2346.7782833020638,2354.73046875,289400
2023-07-26,2354.7306566069833,2359.1485377638446,2338.8262844422834,2349.42919921875,262900
2023-07-27,2347.661704028412,2363.566073871284,2337.942366902212,2359.148193359375,236100
2023-07-28,2322.0379871340942,2345.894541796431,2307.0171934578084,2331.75732421875,323400
2023-07-31,2363.566094368308,2379.470464349104,2353.8467571578212,2372.40185546875,283400
2023-08-01,2380.354086519036,2406.8613703332794,2378.5869342647534,2391.840576171875,337300
2023-08-02,2391.840607388673,2404.2106733301,2383.00484600194,2390.95703125,215100
2023-08-03,2374.1692013356715,2382.121386974682,2357.3812538755383,2360.031982421875,214700
2023-08-04,2371.518330718553,2396.258462335587,2363.566145555935,2384.77197265625,251800
2023-08-07,2253.1190944623345,2269.9070406563674,2174.4808201850215,2233.680419921875,1248300
2023-08-08,2235.4475362387047,2249.5847538591865,2183.3165462631778,2200.1044921875,638900
2023-08-09,2194.803285991422,2240.7492485000994,2178.898914353803,2227.49560546875,456100
2023-08-10,2217.776134402253,2238.0983858330305,2191.268849927326,2203.638916015625,502700
2023-08-14,2213.3583359172444,2246.050654651351,2210.7076073712356,2215.12548828125,552500
2023-08-15,2191.2690366886054,2219.543475871684,2185.084003117307,2198.337646484375,437900
2023-08-16,2179.782463487146,2185.967496824969,2152.3916015625,2152.3916015625,309800
2023-08-17,2153.2747749704663,2153.2747749704663,2079.9379648258014,2115.281005859375,384000
2023-08-18,2094.959010041592,2113.5141088230653,2088.7739771144343,2101.14404296875,311200
2023-08-21,2115.2811823637035,2141.7884653507176,2109.0961496667337,2124.116943359375,379100
2023-08-22,2125.000695305218,2132.952880859375,2111.747052714957,2132.952880859375,270400
2023-08-23,2111.746723306481,2129.418244003606,2108.212419167056,2128.53466796875,148900
2023-08-24,2136.4869670655203,2148.8570322180917,2127.6512062422553,2139.1376953125,142400
2023-08-25,2120.5828455242436,2141.7886739794862,2107.329202739717,2132.0693359375,176600
2023-08-28,2146.2060901988634,2148.856818181818,2132.068874289773,2138.25390625,168700
2023-08-29,2143.5557716600442,2163.8780234111496,2140.9050431707697,2161.227294921875,188600
2023-08-30,2161.2272636934254,2179.7823628502374,2158.5765352424523,2162.11083984375,202300
2023-08-31,2162.9946732954545,2169.1797070834727,2144.4395719314,2147.973876953125,234500
2023-09-01,2160.3437245645123,2166.5287577227746,2154.15869140625,2154.15869140625,130000
2023-09-04,2161.2271443201876,2171.8300575384387,2156.809263812583,2158.576416015625,191500
2023-09-05,2154.1584835500075,2162.1106682718905,2135.6033858656147,2146.206298828125,214200
2023-09-06,2134.720021540638,2155.9258495691874,2132.069293037069,2147.090087890625,241000
2023-09-07,2146.2060901988634,2147.0896661931815,2132.952450284091,2138.25390625,211000
2023-09-08,2131.185803243035,2144.439446298029,2114.397855373376,2117.048583984375,276500
2023-09-11,2120.58298291893,2143.555965233885,2104.6786105470383,2114.39794921875,187600
2023-09-12,2114.397775437397,2146.2065175668354,2114.397775437397,2140.021484375,156500
2023-09-13,2140.0213705102437,2148.8571317427386,2122.349848045254,2129.41845703125,145600
2023-09-14,2131.185759751865,2141.7886739794862,2125.884302638054,2132.0693359375,155600
2023-09-15,2147.08968834221,2160.343328393705,2141.7882323216118,2151.507568359375,344300
2023-09-19,2146.206511722769,2154.158697233475,2132.9528692049253,2147.090087890625,220100
2023-09-20,2153.274986263915,2153.274986263915,2123.2333984375,2123.2333984375,285700
2023-09-21,2123.233429641152,2131.185614770894,2107.329059381668,2122.349853515625,251000
2023-09-22,2111.7467017560175,2123.233190091929,2108.2123976526605,2115.281005859375,196700
2023-09-25,2146.2061296778056,2181.54917010066,2136.4867935615207,2171.829833984375,415400
2023-09-26,2165.644878387451,2167.4120304709986,2147.9733575519763,2148.85693359375,235500
2023-09-27,2130.3021235260035,2169.1794745982324,2125.000666561609,2168.2958984375,398600
2023-09-28,2161.065164652884,2173.7188293559957,2134.854002053581,2143.892333984375,326100
2023-09-29,2143.892114350485,2157.4496108577605,2130.33461784321,2142.98828125,199400
2023-10-02,2141.1808457952056,2149.3153445761923,2089.662353515625,2089.662353515625,333700
2023-10-03,2091.4701209271648,2095.9892871348725,2069.7781231301674,2077.0087890625,255600
2023-10-04,2045.3742660809858,2074.2969247264086,2033.6244360062828,2063.450927734375,301000
2023-10-05,2063.451142227845,2094.1814702329907,2061.6434758746013,2091.469970703125,185000
2023-10-06,2084.2393052901493,2099.604469292722,2077.912473053796,2091.469970703125,166100
2023-10-10,2093.277637056369,2103.2198019992097,2086.046971643393,2091.469970703125,218000
2023-10-11,2093.2777129848437,2094.1815461942497,2079.72021484375,2079.72021484375,146100
2023-10-12,2074.2971683307555,2075.2010015195706,2054.4128381768223,2072.489501953125,202200
2023-10-13,2056.220414111176,2059.835746707415,2026.3939201922008,2030.9130859375,233400
2023-10-16,2011.9325185481334,2036.3360127084209,2010.124852314038,2020.0670166015625,218500
2023-10-17,2036.3360332625193,2052.6050295335913,2030.9130345054953,2050.79736328125,221000
2023-10-18,2058.931907930695,2068.874072543179,2044.4705775852647,2067.06640625,293100
2023-10-19,2052.6052915408777,2085.143288236374,2048.08612533317,2077.0087890625,375000
2023-10-20,2067.0666011145354,2084.239432518635,2048.989936478641,2068.874267578125,220800
2023-10-23,2066.1627746825197,2076.1049402649815,2033.6247782308267,2041.75927734375,257700
2023-10-24,2047.1822920916286,2083.335621753291,2032.7209602269636,2077.0087890625,271700
2023-10-25,2093.277468218027,2101.411966151517,2067.970141313837,2070.681640625,328800
2023-10-26,2052.605375424404,2065.2590413231014,2034.5287098548365,2038.14404296875,195600
2023-10-27,2038.1436264682823,2053.5087890625,2026.3937962491746,2053.5087890625,206700
2023-10-30,2033.6246636602566,2033.6246636602566,1995.6636699385983,2005.6058349609375,519100
2023-10-31,2011.028728535345,2062.5472173113067,2010.1248953989245,2058.931884765625,354100
2023-11-01,2073.393067694591,2076.1045669112796,2054.4125731777704,2055.31640625,307800
2023-11-02,2072.4893754782133,2109.5465339581992,2062.5472110079736,2104.12353515625,446500
2023-11-06,2140.2767359622803,2143.892068286541,2105.0272458007394,2108.642578125,365400
2023-11-07,2088.758347533813,2105.931176873122,2079.7200163025977,2105.02734375,315700
2023-11-08,2108.6430363294526,2133.950368098516,2096.8932037223876,2127.62353515625,525500
2023-11-09,2133.0464703819594,2133.0464703819594,2072.4896426211158,2094.181640625,294300
2023-11-10,2092.373828483875,2093.2776616711253,2060.7396669301233,2090.566162109375,294000
2023-11-13,2045.3745268191433,2114.0658498585844,2043.5668604233686,2089.662353515625,264000
2023-11-14,2096.8928713465275,2114.969534030549,2093.277538809723,2095.085205078125,237500
2023-11-15,2109.5467027145187,2123.1042008039435,2097.796871037017,2115.87353515625,204000
2023-11-16,2109.54663941071,2112.258138947228,2062.5473141110715,2064.35498046875,211900
2023-11-17,2060.739717446219,2082.431714471969,2050.7975521427506,2079.72021484375,200500
2023-11-20,2101.411963269301,2107.7387949866707,2085.142967424635,2097.796630859375,200800
2023-11-21,2091.470060879322,2131.238722365359,2091.470060879322,2124.008056640625,268700
2023-11-22,2128.5274794631646,2168.2961457461283,2124.0083128401006,2159.2578125,402200
2023-11-24,2174.6225144669816,2177.334013861579,2136.66152294262,2140.27685546875,192500
2023-11-27,2149.315285516471,2167.391948977501,2131.238622055441,2136.66162109375,145000
2023-11-28,2136.661768944816,2138.469435416004,2115.873604526148,2131.23876953125,154800
2023-11-29,2140.2768721672846,2193.60302734375,2136.661539612948,2193.60302734375,362000
2023-11-30,2196.314528074253,2212.5835245785065,2160.1612025092445,2184.564697265625,538200
2023-12-01,2183.660892969405,2191.795391328976,2152.0267326821827,2156.5458984375,352800
2023-12-04,2160.1612786442015,2175.526442550876,2141.180782053604,2163.776611328125,257000
2023-12-05,2161.0652081298826,2182.7572052001956,2153.8345424397785,2169.19970703125,226800
2023-12-06,2176.43034803207,2180.04568083611,2161.96901681591,2170.103515625,193800
2023-12-07,2164.6804673682636,2180.9494646177955,2155.642135562968,2171.9111328125,190700
2023-12-08,2152.0269636971143,2159.257629681817,2096.893135563757,2112.25830078125,418600
2023-12-11,2112.2580539475166,2133.046216224279,2100.5082230954336,2130.334716796875,230400
2023-12-12,2132.14253286356,2142.0846981291384,2108.642869508557,2115.87353515625,133700
2023-12-13,2133.0461891886566,2154.738184332948,2127.6231904025835,2149.315185546875,208800
2023-12-14,2160.1610846403364,2183.6607449753355,2139.3729235747596,2152.930419921875,249300
2023-12-15,2152.027061472171,2154.7385613396286,2109.5468968820023,2117.681396484375,489700
2023-12-18,2096.893086655622,2119.48891733079,2092.3739205205884,2114.06591796875,174400
2023-12-19,2125.8155770460357,2130.3347428135658,2109.5465802829285,2120.392578125,147400
2023-12-20,2117.6809828074706,2123.1039814830337,2105.93115234375,2105.93115234375,194500
2023-12-21,2091.4699429955167,2114.969605276365,2084.2392776783327,2110.450439453125,147500
2023-12-22,2119.48876953125,2133.9501001549174,2114.969603711354,2119.48876953125,135000
2023-12-25,2137.565586341769,2137.565586341769,2095.9892578125,2095.9892578125,133200
2023-12-26,2102.3159425403223,2110.4504410282257,2091.4699445564515,2101.412109375,179800
2023-12-27,2102.31572153137,2119.4885498671806,2098.7003892501466,2118.584716796875,218100
2023-12-28,2099.604586336642,2114.06591796875,2094.181586974602,2114.06591796875,118200
2023-12-29,2114.969698022554,2138.469361333916,2114.969698022554,2133.9501953125,183600
2024-01-04,2132.1424711806817,2182.7571292502525,2105.0274757862685,2180.949462890625,408000
2024-01-05,2194.506885047403,2199.026050790911,2180.0455546681783,2192.69921875,327900
2024-01-09,2201.7374973778224,2229.7563243148966,2199.9298311238176,2221.621826171875,321400
2024-01-10,2235.179541846237,2241.506374354496,2218.910543967858,2231.564208984375,220100
2024-01-11,2241.5062739126056,2262.294436936795,2225.23727676324,2244.2177734375,389700
2024-01-12,2259.5830386638063,2262.294538310203,2217.102877536927,2231.564208984375,234500
2024-01-15,2250.5445072187877,2250.5445072187877,2239.698509593637,2247.8330078125,42000
2024-01-16,2250.544651280113,2274.0443143055277,2239.6986529606907,2260.48681640625,326100
2024-01-17,2271.3329115001434,2290.3134093678327,2260.4869127186066,2265.909912109375,238400
2024-01-18,2276.7555653644804,2289.4092286892533,2271.3325667967206,2287.6015625,226100
2024-01-19,2291.2169461423255,2311.1012746690044,2255.9674546632127,2267.71728515625,329900
2024-01-22,2283.082591626468,2293.024756514786,2266.8135945364934,2289.409423828125,198200
2024-01-23,2289.409352895376,2294.8323517573467,2263.1981917291832,2274.044189453125,196500
2024-01-24,2276.7558883043935,2283.9865540870196,2250.544724842374,2257.775390625,155500
2024-01-25,2264.101829378268,2295.7359866749703,2264.101829378268,2290.31298828125,233300
2024-01-26,2290.3132553670616,2316.5244173266688,2277.6595909727685,2298.44775390625,251300
2024-01-29,2298.447703358152,2316.524366381024,2298.447703358152,2309.293701171875,214400
2024-01-30,2321.0436785609613,2321.0436785609613,2304.7746808140387,2312.9091796875,164500
2024-01-31,2302.96682266518,2302.96682266518,2277.659494943585,2293.024658203125,182800
2024-02-01,2285.7940203207286,2293.928518613685,2270.4288568784777,2274.044189453125,202800
2024-02-02,2274.9480702057126,2302.0630650830153,2271.3327375554054,2281.27490234375,154400
2024-02-05,2300.255398757862,2307.486064058476,2281.27490234375,2281.27490234375,170300
2024-02-06,2278.563785666761,2307.4864517283777,2257.7756194349736,2302.96728515625,169600
2024-02-07,2303.8706097502118,2311.1012746690044,2267.71728515625,2267.71728515625,133800
2024-02-08,2262.294532070641,2274.044363839286,2245.1217010241594,2258.67919921875,281200
2024-02-09,2244.217677839671,2251.448342931382,2225.237181973931,2229.75634765625,283900
2024-02-13,2256.87149308079,2267.7174914456155,2203.545334453731,2215.295166015625,510300
2024-02-14,2211.679714872733,2211.679714872733,2169.199556883759,2192.69921875,273900
2024-02-15,2196.314582104953,2196.314582104953,2144.7960919074294,2155.64208984375,251900
2024-02-16,2155.6420852945457,2196.3145774699146,2152.930585816188,2182.757080078125,253000
2024-02-19,2176.430222073372,2204.4490496831204,2175.5263889246703,2192.69921875,309000
2024-02-20,2203.5453421087595,2205.3530085091766,2169.1996805008293,2179.141845703125,278700
2024-02-21,2199.9298101231216,2201.7374763598705,2185.468480229132,2195.41064453125,173400
2024-02-22,2203.5455555208973,2216.199221549319,2188.180389629242,2207.160888671875,322800
2024-02-26,2211.679639552743,2225.2371363215584,2196.3144765480856,2204.448974609375,182300
2024-02-27,2208.064332864626,2214.3911647639516,2180.0455058818984,2194.5068359375,214900
2024-02-28,2196.314644494609,2227.044972853793,2196.314644494609,2216.198974609375,206900
2024-02-29,2218.910543967858,2241.506374354496,2218.910543967858,2231.564208984375,235000
2024-03-01,2255.9673770412132,2335.5046884112558,2246.9290462037084,2324.65869140625,510500
2024-03-04,2312.9090188257364,2312.9090188257364,2239.6985340563406,2246.92919921875,433500
2024-03-05,2241.5062017240507,2248.7368668909025,2214.3912073483566,2237.890869140625,188800
2024-03-06,2223.4295388069213,2250.5445331826154,2212.5835410566438,2237.890869140625,206800
2024-03-07,2234.27543965081,2246.9291031439775,2223.429442370951,2232.4677734375,215700
2024-03-08,2219.814157555236,2256.8713157228926,2219.814157555236,2239.698486328125,144000
2024-03-11,2240.60264018525,2250.544805994866,2214.391475778081,2227.948974609375,149900
2024-03-12,2236.083415460149,2373.466066692947,2229.756582837586,2364.427734375,486000
2024-03-13,2373.4659362815905,2412.3307631133152,2348.1586071818633,2405.10009765625,476200
2024-03-14,2387.0236450148236,2394.254311111044,2330.0821495070863,2343.6396484375,305700
2024-03-15,2359.004343337493,2401.4844981792025,2351.773678683585,2387.927001953125,335900
2024-03-18,2411.426827385784,2453.9069851395816,2407.811494810993,2435.830322265625,360500
2024-03-19,2439.4459414557414,2474.6954382014897,2434.9267752062865,2461.137939453125,264300
2024-03-21,2464.753252469576,2488.252916776217,2434.0229222224307,2443.965087890625,385300
2024-03-22,2467.464453626536,2478.3104512248947,2439.4456264974438,2463.84912109375,258100
2024-03-25,2458.426326783047,2459.330159991423,2417.7538324061215,2420.46533203125,233700
2024-03-26,2420.4653769473293,2443.0612075760387,2405.100212119807,2436.734375,254000
2024-03-27,2465.6569350298714,2470.1761009665097,2450.291770845301,2458.42626953125,252700
2024-03-28,2453.814018681805,2465.8063428332575,2401.232289710052,2409.53466796875,302900
2024-03-29,2428.906588951627,2458.426152508958,2421.526698062294,2453.813720703125,140500
2024-04-01,2476.87601257117,2476.87601257117,2437.2090969136057,2445.511474609375,309800
2024-04-02,2444.588895866109,2451.0463004966987,2407.6894408341677,2418.75927734375,212600
2024-04-03,2392.929904783291,2427.984390666778,2391.084931842055,2415.069580078125,192800
2024-04-04,2429.829138775621,2435.3640570871826,2396.61962890625,2396.61962890625,220700
2024-04-05,2389.239754414577,2395.697159156238,2361.565162664601,2381.85986328125,205700
2024-04-08,2402.1546620081576,2411.3795263015836,2384.627419850648,2403.0771484375,182700
2024-04-09,2410.4569972826084,2439.9765625,2406.7670516304347,2439.9765625,248800
2024-04-10,2445.511500259475,2458.4263101439083,2422.4493397515585,2423.371826171875,189800
2024-04-11,2398.4647401580046,2398.4647401580046,2365.255228371201,2382.782470703125,176000
2024-04-12,2387.394783717902,2398.4646204275678,2369.8675422609313,2380.014892578125,211800
2024-04-15,2370.789926000891,2371.7124123534204,2356.9526307129477,2362.487548828125,151000
2024-04-16,2338.5029500729997,2343.115381927187,2309.905872577038,2320.05322265625,198500
2024-04-17,2309.905767582816,2323.7430625164193,2288.688582017958,2304.370849609375,170200
2024-04-18,2315.440794877539,2333.890522326762,2314.5183085050776,2316.36328125,130400
2024-04-19,2313.5956234298874,2313.5956234298874,2250.866555490002,2272.083740234375,137200
2024-04-22,2296.9909628812275,2304.3708535250225,2284.9986405850605,2300.680908203125,204200
2024-04-23,2306.21618540084,2328.3558607806876,2299.7587800817173,2307.138671875,199100
2024-04-24,2296.0687572448237,2308.983567450299,2257.3243266283985,2269.316650390625,398800
2024-04-25,2253.634025632873,2273.006237887597,2236.1067859738373,2261.013916015625,321100
2024-04-26,2238.8747815423594,2238.8747815423594,2208.4327264163203,2218.580078125,487300
2024-04-30,2241.642112130446,2248.099517391727,2201.9751940968617,2223.1923828125,391900
2024-05-01,2223.1919890243826,2264.703872636871,2202.897290369388,2249.944091796875,369400
2024-05-02,2218.5799638940653,2232.4172609661696,2201.97520740754,2212.12255859375,402200
2024-05-07,2212.122667843893,2232.4173712186075,2203.8202891906003,2222.27001953125,425000
2024-05-08,2222.2698055365063,2222.2698055365063,2196.440185546875,2196.440185546875,292800
2024-05-09,2211.199915319056,2243.486939531057,2209.354942506942,2242.564453125,280400
2024-05-10,2258.246544712892,2298.8359433923724,2245.3317360421483,2293.301025390625,512600
2024-05-13,2454.7363260163875,2487.0233502217893,2336.658066065205,2456.581298828125,1645000
2024-05-14,2483.333397245715,2579.2719831719983,2475.9535060206163,2570.047119140625,836900
2024-05-15,2582.961937263769,2606.0240974179096,2538.6825897678186,2562.667236328125,439700
2024-05-16,2536.8376486166076,2575.5820781591156,2512.8530017569597,2534.99267578125,368900
2024-05-17,2527.6126455131102,2557.132209256329,2519.31026821033,2550.6748046875,262300
2024-05-20,2553.4421760531136,2553.4421760531136,2517.4652089772208,2518.3876953125,294000
2024-05-21,2518.387600765631,2529.457436373392,2484.255607641701,2491.635498046875,289700
2024-05-22,2481.488632783597,2506.3957677594917,2474.1087409388874,2493.48095703125,259500
2024-05-23,2509.1630309794373,2591.264321331338,2508.2405445709887,2557.13232421875,430500
2024-05-24,2539.60532720132,2572.814841105878,2539.60532720132,2555.28759765625,232300
2024-05-27,2564.512087994013,2569.1245198069523,2534.0700380286166,2561.74462890625,254000
2024-05-28,2555.2873450787997,2575.5820460144437,2555.2873450787997,2562.667236328125,195900
2024-05-29,2574.659661422255,2598.6443089310255,2573.73717497961,2580.194580078125,226800
2024-05-30,2584.8068313865956,2643.8459595838626,2582.961858630431,2632.776123046875,363400
2024-05-31,2632.77623127943,2661.3733101755975,2632.77623127943,2644.7685546875,380200
2024-06-03,2656.7610265031644,2657.6835129707,2609.7142166588374,2623.551513671875,329800
2024-06-04,2608.791716930913,2636.466310816319,2594.0319335253635,2634.621337890625,291100
2024-06-05,2649.3808411278114,2688.12526847021,2631.8536001872026,2665.985595703125,315400
2024-06-06,2677.0558310297874,2697.3505340906613,2634.621451902506,2641.078857421875,181600
2024-06-07,2634.6213290251835,2665.9858686564357,2634.6213290251835,2642.001220703125,159900
2024-06-10,2642.9235903889034,2667.830723701469,2634.6212126180485,2637.388671875,162200
2024-06-11,2629.0863090743082,2642.923605437857,2619.861444831942,2624.473876953125,129100
2024-06-12,2651.2261395887895,2667.830896204168,2597.721923828125,2597.721923828125,187100
2024-06-13,2630.0088127947984,2632.776272085708,2605.1016791766083,2609.714111328125,178100
2024-06-14,2630.9312228676536,2699.195216728876,2630.9312228676536,2676.133056640625,338800
2024-06-17,2654.916033368274,2667.8308438155136,2628.1639260132774,2640.15625,150900
2024-06-18,2647.53608488922,2691.815434044162,2641.0786798041245,2688.12548828125,234900
2024-06-19,2662.2957795427938,2706.5751272274974,2659.5283203125,2659.5283203125,205300
2024-06-20,2659.5282806114396,2694.582763671875,2659.5282806114396,2694.582763671875,148300
2024-06-21,2700.1179154238903,2756.3895904634724,2698.2729424717727,2703.807861328125,464800
2024-06-24,2716.7227016324227,2731.4824854103917,2674.288323270762,2679.8232421875,384700
2024-06-25,2680.745518369049,2767.4592412619227,2680.745518369049,2756.389404296875,289500
2024-06-26,2765.6144883266716,2781.2967586073764,2756.3896234556687,2776.684326171875,290400
2024-06-27,2772.0720097429516,2804.35903814262,2762.8471444859038,2781.296875,346700
2024-06-28,2795.1337890625,2822.808381033416,2785.908925072195,2795.1337890625,317000
2024-07-01,2795.1339057029963,2808.9712022658823,2767.459312577224,2799.746337890625,332000
2024-07-02,2808.971244193412,2813.583676449887,2745.319679054054,2764.69189453125,294000
2024-07-03,2772.071660563151,2781.296524658203,2753.621932373047,2767.459228515625,224400
2024-07-04,2767.4593582943535,2776.684222822001,2725.947467919938,2761.001953125,176000
2024-07-05,2767.4593451019136,2790.5215063110963,2763.7693993084445,2772.07177734375,140800
2024-07-08,2767.4593451019136,2795.1339385529327,2758.2344806182405,2772.07177734375,143500
2024-07-09,2754.5447657545606,2804.35903814262,2754.5447657545606,2781.296875,210100
2024-07-10,2795.1337995718645,2799.7462315843595,2766.5367210943964,2785.908935546875,217800
2024-07-11,2795.1337786222757,2818.1959385118985,2766.5367003591437,2804.358642578125,261100
2024-07-12,2804.3589207848836,2827.4210829623908,2776.684326171875,2776.684326171875,187600
2024-07-16,2795.133884161467,2836.6457735302015,2795.133884161467,2818.196044921875,288100
2024-07-17,2836.645868474787,2868.9328946200285,2827.4210038618608,2841.25830078125,296500
2024-07-18,2822.8083916468336,2855.095415734297,2781.29650353438,2785.908935546875,246200
2024-07-19,2785.909307628524,2785.909307628524,2767.4595771144277,2781.296875,150900
2024-07-22,2781.29668418028,2781.29668418028,2737.017333984375,2737.017333984375,168700
2024-07-23,2737.939559849564,2763.769178338711,2734.2496143511144,2751.77685546875,165200
2024-07-24,2731.4824533394244,2748.0872098946793,2705.65283203125,2705.65283203125,265200
2024-07-25,2670.598222280393,2722.2574625041243,2666.9082765501266,2708.420166015625,248900
2024-07-26,2692.737786708734,2722.257351345486,2683.512922759749,2698.272705078125,153600
2024-07-29,2725.947496435399,2747.1646850709367,2707.497767187105,2737.017333984375,100200
2024-07-30,2744.3972256836923,2758.2345226199127,2725.025009972984,2737.017333984375,138200
2024-07-31,2730.5597847117638,2762.8468091931527,2719.489947746716,2756.389404296875,317900
2024-08-01,2727.7923124898452,2727.7923124898452,2643.8460492377058,2661.373291015625,378500
2024-08-02,2615.248777317589,2636.4659631653153,2588.4966734226296,2617.09375,390900
2024-08-05,2564.5121268934877,2564.5121268934877,2377.247392447668,2416.914306640625,637800
2024-08-06,2537.7600867476904,2623.5513219594445,2534.070141147185,2577.427001953125,426000
2024-08-07,2531.3026860719087,2614.326462218582,2523.0003084572413,2573.737060546875,261100
2024-08-08,2539.6053203835613,2586.6521316220505,2527.612995950221,2560.822509765625,225900
2024-08-09,2606.9468415077845,2615.249219983924,2555.28759765625,2555.28759765625,272600
2024-08-13,2567.2796641390246,2586.65187863666,2546.0624768320904,2566.357177734375,327400
2024-08-14,2566.3573319517914,2593.1094392942077,2494.4033880652923,2539.605224609375,467500
2024-08-15,2539.605055421144,2601.411644129177,2533.147650630752,2581.116943359375,239000
2024-08-16,2605.101692153665,2629.086339461029,2562.6673161483295,2598.644287109375,282200
2024-08-19,2582.961669921875,2621.7060949707034,2574.659293125698,2582.961669921875,164100
2024-08-20,2606.94666285141,2609.7141221538,2589.4194206029397,2600.4892578125,118900
2024-08-21,2588.4969690471385,2607.869184424897,2561.7448620969008,2570.9697265625,170600
2024-08-22,2565.434685027069,2576.5045218556647,2558.0547938080053,2571.89208984375,138900
2024-08-23,2564.5122389914773,2568.2021846590906,2522.0778638139204,2536.837646484375,309500
2024-08-26,2532.2250834095516,2549.752324424044,2529.457624302,2545.139892578125,163100
2024-08-27,2536.837623232887,2559.899783444095,2523.0003271061623,2557.13232421875,300200
2024-08-28,2546.9848551696796,2560.822150652311,2536.8375051490834,2554.36474609375,212800
2024-08-29,2536.8377718875136,2556.2099876001093,2513.7756103249,2534.0703125,165900
2024-08-30,2534.07005817578,2555.2872446839865,2519.3102762570275,2543.294921875,209100
2024-09-02,2571.892354608529,2578.3497600899705,2540.5278136986685,2555.28759765625,182800
2024-09-03,2557.1325121257087,2608.791754794915,2557.1325121257087,2603.2568359375,259400
2024-09-04,2571.892184792148,2604.1792100675157,2571.892184792148,2594.954345703125,231100
2024-09-05,2591.26435723156,2643.846083241599,2586.6519251254163,2631.853759765625,252700
2024-09-06,2648.4585153477424,2667.8307301935465,2609.714085656135,2631.853759765625,204300
2024-09-09,2592.1867407192126,2616.17138671875,2570.969553873468,2616.17138671875,175700
2024-09-10,2616.171602026555,2642.9237093815514,2614.3266291055206,2640.15625,127000
2024-09-11,2640.1561722834876,2640.1561722834876,2583.884499848375,2602.334228515625,166100
2024-09-12,2638.311087370815,2706.575080540549,2638.311087370815,2700.11767578125,301100
2024-09-13,2700.117869933613,2720.4125720649895,2633.69884477638,2640.15625,320600
2024-09-17,2656.7608674400417,2675.2105956861533,2632.7762207200967,2653.993408203125,198400
2024-09-18,2664.1406270302755,2686.280299831081,2642.92344059617,2662.295654296875,132300
2024-09-19,2689.0481207669914,2694.583039711966,2668.75341796875,2668.75341796875,142700
2024-09-20,2668.75343860394,2677.0558170855975,2638.3113841711956,2652.148681640625,226700
2024-09-24,2655.838172319111,2656.760658658923,2605.101423629444,2620.78369140625,261800
2024-09-25,2620.78397471382,2620.78397471382,2570.9697069790273,2587.574462890625,215700
2024-09-26,2613.404039862286,2627.241336225835,2593.1093385290806,2624.473876953125,221800
2024-09-27,2633.880617413424,2648.9313637986434,2619.7705426772804,2634.8212890625,300000
2024-09-30,2574.6182149251304,2610.3637363599696,2563.330155524655,2596.253662109375,140300
2024-10-01,2578.3809013919554,2599.075676959494,2573.677543308424,2596.253662109375,157500
2024-10-02,2586.8468836146253,2587.787555208667,2568.0334517337915,2569.914794921875,128400
2024-10-03,2611.304478336542,2639.524627598104,2596.253732063709,2626.355224609375,175600
2024-10-04,2626.3552852116577,2661.160136770695,2624.4739418841423,2652.694091796875,181900
2024-10-07,2662.100799733942,2669.626173019409,2636.702664895491,2648.931396484375,175700
2024-10-08,2633.8805911617064,2647.990665757216,2600.0164121324847,2623.533203125,183900
2024-10-09,2657.397430539343,2661.1601171666557,2635.7619824322974,2644.22802734375,189500
2024-10-10,2644.2279858083643,2657.3973887970933,2616.0078365468025,2626.355224609375,205400
2024-10-11,2634.821278147773,2640.4653080188496,2626.355233341157,2630.117919921875,162600
2024-10-15,2632.939952289837,2651.753385317989,2627.2959223813914,2637.643310546875,186400
2024-10-16,2626.3552224225186,2666.8041029970777,2625.41455078125,2625.41455078125,155700
2024-10-17,2625.4146263732696,2663.04149310739,2619.7705963631515,2658.338134765625,253200
2024-10-18,2658.3378590221596,2669.6259178715104,2631.9990550403404,2645.16845703125,142600
2024-10-21,2650.81274630576,2658.33811960968,2632.9399847089503,2651.75341796875,203100
2024-10-22,2652.694059157754,2657.397417418672,2627.295924548797,2638.583984375,232100
2024-10-23,2629.177210952962,2642.3466137985224,2612.2451215800984,2614.12646484375,152800
2024-10-24,2600.9570685468243,2627.2958743042605,2598.135053644242,2616.948486328125,224800
2024-10-25,2642.3468541741713,2642.3468541741713,2606.601328913004,2611.3046875,154700
2024-10-28,2596.2537342239525,2640.4653014371866,2596.2537342239525,2627.2958984375,143800
2024-10-29,2636.7026735129934,2655.5161067881486,2626.3552852116577,2652.694091796875,190000
2024-10-30,2659.27879127267,2664.9228212506096,2643.28737300184,2651.75341796875,830500
2024-10-31,2652.6940982830765,2669.6261882721174,2642.3467099564405,2655.51611328125,218200
2024-11-01,2638.583958151517,2651.753361151204,2625.4145551518304,2627.2958984375,231600
2024-11-05,2627.2958852975307,2647.049989698264,2619.7705121924896,2621.65185546875,160100
2024-11-06,2621.65184669618,2646.1093092057245,2616.948488521268,2617.88916015625,157800
2024-11-07,2614.126497611371,2634.821273770943,2603.7791095315856,2628.236572265625,266000
2024-11-08,2640.4653709209074,2647.050072594027,2549.220219164823,2551.1015625,368700
2024-11-11,2535.110083408043,2548.2794864387342,2483.373142930328,2524.7626953125,378900
2024-11-12,2539.8133281022147,2582.143550237252,2539.8133281022147,2580.26220703125,217600
2024-11-13,2564.2709198848593,2567.0929348370437,2522.8813672528217,2531.347412109375,286900
2024-11-14,2521.940530442527,2575.5588110226176,2509.7117997839096,2564.270751953125,205200
2024-11-15,2564.27094842132,2568.974306727302,2533.2287836018395,2543.576171875,236700
2024-11-18,2539.8135089347375,2568.0336590340125,2532.288135574931,2553.923583984375,189600
2024-11-19,2557.686075296287,2585.9062232399756,2557.686075296287,2574.6181640625,242900
2024-11-20,2568.0334661248025,2693.142788833447,2563.330108128237,2679.03271484375,431600
2024-11-21,2686.5582297616925,2711.015692637674,2630.117930817119,2634.8212890625,279400
2024-11-22,2639.5246494900402,2654.575395887703,2624.473903092378,2635.761962890625,135300
2024-11-25,2670.566918088679,2704.4310988041393,2662.1008729098135,2680.914306640625,415800
2024-11-26,2680.914349173835,2701.609126606054,2676.2109906665123,2699.727783203125,192300
2024-11-27,2698.7870729935953,2699.727744681638,2654.5755036556034,2682.795654296875,151800
2024-11-28,2680.914256983441,2685.617615329026,2651.7534352408143,2659.27880859375,127200
2024-11-29,2659.2787694825784,2660.2194411378605,2638.5839930663715,2642.3466796875,94400
2024-12-02,2615.067167080648,2641.4059730800213,2591.550376009779,2627.2958984375,244800
2024-12-03,2624.473905260547,2653.6347264301085,2608.4824871998194,2636.70263671875,257800
2024-12-04,2631.0586349313908,2669.626173019409,2619.7705750031905,2648.931396484375,152100
2024-12-05,2634.8213961041633,2686.558338905209,2634.8213961041633,2681.85498046875,224300
2024-12-06,2680.9142700152224,2695.9650167942555,2647.990761436088,2664.9228515625,254200
2024-12-09,2652.693910062983,2693.142788833447,2645.168537268478,2679.03271484375,262600
2024-12-10,2689.3802580254164,2689.3802580254164,2629.177272186442,2640.46533203125,348400
2024-12-11,2640.465392312886,2696.9056928254518,2640.465392312886,2666.80419921875,400000
2024-12-12,2690.3208623236237,2751.4645182855243,2674.329444610511,2716.65966796875,486200
2024-12-13,2695.0243001302083,2761.811987847222,2690.3209418402776,2751.464599609375,279500
2024-12-16,2746.7610357743274,3047.775943804391,2724.1849176720725,2972.522216796875,1504700
2024-12-17,3010.149009715994,3226.503469789331,2953.708715783819,3146.54638671875,2691300
2024-12-18,3179.470025510204,3188.876741562009,2986.6323464481948,2996.0390625,1227200
2024-12-19,2944.30216763358,3052.4794038245905,2944.30216763358,3014.8525390625,506300
2024-12-20,2991.3357723807367,2991.3357723807367,2878.455177196558,2920.785400390625,685800
2024-12-23,2916.082232586749,2949.0057416643413,2850.2352144315646,2897.268798828125,514300
2024-12-24,2911.378841729965,2911.378841729965,2869.048616244392,2883.15869140625,160700
2024-12-25,2887.86202818126,2925.488894997954,2826.7183696041325,2873.751953125,475100
2024-12-26,2892.5654403884687,2920.785591026405,2878.4553650695007,2897.268798828125,228000
2024-12-27,2897.26880951175,2934.895677167747,2878.4553756837518,2901.97216796875,213000
2024-12-30,2892.565375656378,2897.268733990779,2840.828433977971,2869.048583984375,174600
2025-01-06,2845.531882240598,2859.6419576897247,2799.438969106783,2801.3203125,429900
2025-01-07,2820.133776333243,2859.641988009693,2806.023700734511,2814.48974609375,338400
2025-01-08,2814.489653537216,2814.489653537216,2772.15942813308,2774.040771484375,365700
2025-01-09,2771.218726209806,2778.744099532847,2732.6511879292216,2760.871337890625,310900
2025-01-10,2760.871296530725,2778.7440579051995,2741.117191853674,2742.99853515625,238300
2025-01-14,2727.9478953229095,2749.583344147884,2662.1008771599427,2682.795654296875,480300
2025-01-15,2774.9813624790736,2790.9727805001394,2710.0750187465123,2739.23583984375,504800
2025-01-16,2761.8120095560053,2789.0914878520284,2739.2358895868824,2760.871337890625,347600
2025-01-17,2763.693289476514,2772.15933427069,2697.846274410702,2733.591796875,350100
2025-01-20,2743.939149681012,2743.939149681012,2709.1342993079584,2718.541015625,147300
2025-01-21,2732.65109230762,2748.642510059506,2705.371614966167,2719.481689453125,197100
2025-01-22,2715.7191043279868,2791.913509402655,2713.8377609928098,2763.693359375,449100
2025-01-23,2810.7267559070124,2920.7853336985518,2806.0233978817328,2892.565185546875,541800
2025-01-24,2906.675336929763,2958.4122765838524,2873.7518298771606,2925.48876953125,344200
2025-01-27,2939.5987001349545,2981.9289214168975,2916.0819105338746,2967.81884765625,285100
2025-01-28,2963.115567294034,3000.742431640625,2939.598777077415,3000.742431640625,182600
2025-01-29,2996.039084659869,3019.555874963322,2963.115578235035,3005.44580078125,196000
2025-01-30,3014.8526047201026,3057.182828499324,2986.6324555339547,3043.07275390625,265100
2025-01-31,3043.0727319525195,3075.996239098837,3033.666015625,3033.666015625,318300
2025-02-03,3010.1491809672384,3033.665971443545,3000.742464776716,3014.8525390625,300100
2025-02-04,3057.182817488632,3085.4029665731423,3038.369384765625,3038.369384765625,266500
2025-02-05,3043.072577063194,3075.9960825337384,3028.962503290103,3071.292724609375,198700
2025-02-06,3071.2927802645327,3104.216286331687,3066.589422254939,3094.8095703125,230500
2025-02-07,3099.513107580641,3127.733257270298,3066.589599609375,3066.589599609375,244500
2025-02-10,3090.106092786575,3160.6564602017934,3085.4027349588937,3146.54638671875,322600
2025-02-12,3212.3937017151643,3395.8246744338926,3198.2836268906467,3381.714599609375,884500
2025-02-13,3419.3412752098798,3452.2647812985583,3339.3841889945184,3405.231201171875,616800
2025-02-14,3649.8059664237485,3710.9496230777545,3555.738802340662,3569.848876953125,812200
2025-02-17,3569.848812494656,3583.9588868523424,3433.451427037021,3438.15478515625,583000
2025-02-18,3438.1551138706236,3489.8920581285947,3414.638321026091,3475.781982421875,279200
2025-02-19,3504.001843510842,3527.518634406888,3424.0447544642857,3456.96826171875,275400
2025-02-20,3400.5279106528073,3414.6379849708687,3311.164106638418,3329.9775390625,367900
2025-02-21,3339.3842431841567,3433.451404963992,3329.977527006173,3428.748046875,366000
2025-02-25,3409.9347819912136,3419.3414986311896,3377.0112737512986,3395.82470703125,248800
2025-02-26,3381.714693456339,3395.824768672429,3282.9441669437056,3315.86767578125,318800
2025-02-27,3329.9775390625,3386.417836334746,3264.1305255782136,3329.9775390625,297100
2025-02-28,3306.4609159069632,3339.3844243157096,3297.05419921875,3297.05419921875,310000
2025-03-03,3339.3843965358446,3424.0448460254856,3329.9776799258843,3391.121337890625,344800
2025-03-04,3391.121182163066,3447.561479230967,3377.011107896091,3428.748046875,409000
2025-03-05,3442.858279245406,3456.968354160346,3386.417979585645,3391.121337890625,194200
2025-03-06,3372.307839474978,3386.417914117133,3339.384331976617,3362.901123046875,193600
2025-03-07,3320.570980050223,3348.7911300223213,3273.5373967633927,3292.350830078125,219200
2025-03-10,3278.2406458757923,3278.2406458757923,3231.2070641559103,3245.317138671875,143700
2025-03-11,3179.4702364491154,3188.876953125,3104.2165030420356,3188.876953125,261600
2025-03-12,3165.3602252090186,3245.317318564967,3155.953508343613,3217.09716796875,255400
2025-03-13,3217.0971786610403,3250.020687799384,3212.393820212705,3221.800537109375,270300
2025-03-14,3174.7667689523296,3174.7667689523296,3113.623112661396,3141.84326171875,263200
2025-03-17,3174.7667467271963,3184.1734630137953,3094.809658291104,3132.4365234375,300400
2025-03-18,3174.766690210926,3259.4271352832175,3141.843183793924,3212.3935546875,322100
2025-03-19,3193.5803758052357,3278.2408275938874,3193.5803758052357,3217.09716796875,245300
2025-03-21,3198.2834583792214,3250.0203966765325,3174.7666682440804,3202.98681640625,612000
2025-03-24,3212.393543590199,3231.2069757634945,3184.1733953302555,3207.690185546875,215200
2025-03-25,3179.470015222886,3198.283447265625,3155.9532251694623,3198.283447265625,211000
2025-03-26,3198.283513461188,3240.613736433468,3198.283513461188,3226.503662109375,227800
2025-03-27,3160.656691576087,3245.317138671875,3155.9533334040984,3245.317138671875,295100
2025-03-28,3269.285345099954,3288.460039206112,3254.904324520335,3259.697998046875,212100
2025-03-31,3211.7612252978442,3221.348572239032,3125.4751028271558,3168.6181640625,287000
2025-04-01,3163.824485357554,3178.2055057455427,3115.887750730924,3125.47509765625,197700
2025-04-02,3144.6497915069017,3144.6497915069017,3077.5383630296205,3125.47509765625,160400
2025-04-03,3020.0144077354753,3087.125839018486,3020.0144077354753,3063.157470703125,288200
2025-04-04,3010.4269976146,3015.2206711776807,2895.3788321006664,2967.283935546875,361500
2025-04-07,2852.2356844288156,2895.378745201688,2732.393848948613,2825.39111328125,470000
2025-04-08,2948.109375,2967.284070121951,2895.378963414634,2948.109375,263100
2025-04-09,2933.728298064201,2962.4903402020855,2807.17531265751,2853.194580078125,370100
2025-04-10,3048.7764184220987,3048.7764184220987,2967.283966986288,3015.220703125,265900
2025-04-11,2957.696560856594,2962.490234375,2909.7598256725323,2962.490234375,138600
2025-04-14,2996.0461151905547,3020.014484112079,2976.8714200533354,2991.25244140625,140100
2025-04-15,2996.045814833074,3010.4268347442726,2967.2837750106764,2981.664794921875,89800
2025-04-16,2972.0777714716924,2996.0461405964643,2948.109402346921,2952.903076171875,97000
2025-04-17,2962.4903987004204,3000.83978897486,2957.6967249161157,2991.25244140625,82100
2025-04-18,2981.664828916139,3043.982582575158,2981.664828916139,3029.6015625,124100
2025-04-21,3024.8080226630923,3034.3953698030705,2986.45863410318,3010.427001953125,106100
2025-04-22,2962.4903987004204,3010.4271365434693,2957.6967249161157,2991.25244140625,154000
2025-04-23,3034.3953419370514,3048.7763625149523,2986.4586066773827,3005.63330078125,133600
2025-04-24,3024.8078546554716,3053.5698944778687,2981.664794921875,2981.664794921875,143800
2025-04-25,2972.077586099482,3029.6016684110846,2948.109218469647,3005.63330078125,210400
2025-04-28,3029.601751612103,3077.5384881882437,3020.014404296875,3020.014404296875,184100
2025-04-30,3020.0145136595524,3043.9828828155805,2986.458796841113,3039.189208984375,138100
2025-05-01,3039.1890106694987,3039.1890106694987,2952.9028873381876,2962.490234375,153000
2025-05-02,2952.9028873381876,2976.8712549302186,2919.3471727093447,2962.490234375,157000
2025-05-07,2967.283935546875,2976.871282673036,2948.1092412945527,2967.283935546875,147700
2025-05-08,2981.665011542623,3005.6333798026117,2967.2839905866294,2976.871337890625,164300
2025-05-09,2991.2524960063897,3015.220865365415,2976.8714743909745,3000.83984375,155200
2025-05-12,2986.458822134585,3005.6335176218054,2972.0778005191696,3000.83984375,169000
2025-05-13,3010.4269695590615,3015.2206430774677,2957.696560856594,2962.490234375,115100
2025-05-14,2981.6651466901335,3000.8398421672405,2933.728407997366,2957.69677734375,177900
2025-05-15,2986.4585889733357,3173.411855377766,2986.4585889733357,3087.125732421875,484700
2025-05-16,3082.332254589406,3264.4918590596976,3072.7449069857066,3206.9677734375,421100
2025-05-19,3173.4119203866244,3226.1423299398766,3149.4435524078735,3182.999267578125,232100
2025-05-20,3192.5867520319507,3235.7298162485986,3168.618383022702,3206.9677734375,214200
2025-05-21,3240.5234033128804,3240.5234033128804,3111.0942141273067,3149.443603515625,252500
2025-05-22,3130.268992607904,3230.936142446749,3120.6816450042043,3206.9677734375,221700
2025-05-23,3206.967690957559,3250.1107540646112,3187.7929962433136,3192.586669921875,218300
2025-05-26,3187.7929178873696,3226.1423063732327,3178.2055707659038,3221.3486328125,99400
2025-05-27,3211.76134058559,3235.729708798915,3202.1739933002596,3230.93603515625,99200
2025-05-28,3235.7298162485986,3240.5234900504483,3202.1740996356502,3206.9677734375,136700
2025-05-29,3206.9675569904384,3216.5549039470616,3154.237148729011,3211.76123046875,220300
2025-05-30,3178.205676214627,3206.967718533311,3168.6183287750655,3197.38037109375,207700
2025-06-02,3159.0308721896213,3197.380260622879,3144.6498515271496,3178.20556640625,159100
2025-06-03,3192.5867221583367,3192.5867221583367,3149.443658345386,3159.031005859375,98300
2025-06-04,3149.443658345386,3178.205700887353,3115.8879420464245,3159.031005859375,165800
2025-06-05,3154.237171184621,3173.411865234375,3139.8561506473047,3173.411865234375,104700
2025-06-06,3182.9994022253786,3197.3804236209753,3163.82470703125,3163.82470703125,111200
2025-06-09,3159.0308446970594,3187.792885771691,3144.6498241597433,3173.411865234375,112100
2025-06-10,3163.8246278505067,3230.9360593503657,3154.237280493384,3192.586669921875,146300
2025-06-11,3206.9676704909407,3293.253796154374,3206.9676704909407,3274.0791015625,206500
2025-06-12,3269.2854242975704,3274.0790979402354,3221.34868787092,3230.93603515625,146400
2025-06-13,3230.935952199376,3254.904319797294,3192.586564042707,3216.554931640625,116100
2025-06-16,3163.824490591906,3182.9991844742813,3135.0624497683434,3168.6181640625,343700
2025-06-17,3211.7612581210415,3245.3169727581267,3192.586564042707,3216.554931640625,271300
2025-06-18,3216.554936308019,3274.0790186264935,3182.9992216222427,3259.697998046875,256700
2025-06-19,3259.697998046875,3278.872692153033,3216.554936308019,3259.697998046875,135000
2025-06-20,3254.904319797294,3278.8726873952123,3211.7612581210415,3216.554931640625,416800
2025-06-23,3216.555093548255,3226.1424410700088,3202.174072265625,3202.174072265625,173000
2025-06-24,3230.936117377908,3264.4918337304975,3226.1424436132525,3245.317138671875,121400
2025-06-25,3254.904291773554,3254.904291773554,3192.5865365555037,3211.76123046875,156500
2025-06-26,3264.4918337304975,3283.66652878912,3230.936117377908,3245.317138671875,179900
2025-06-27,3240.52338244158,3259.6980770122404,3178.2056250869346,3230.93603515625,246300
2025-06-30,3230.9359123843838,3350.777748897158,3230.9359123843838,3336.396728515625,362100
2025-07-01,3336.396802725771,3350.7778234271755,3245.3170049502114,3264.49169921875,305800
2025-07-02,3211.7613131790954,3259.6980491966942,3211.7613131790954,3226.142333984375,155100
2025-07-03,3230.9361148308853,3259.6981573961452,3187.7930509829953,3202.174072265625,251800
2025-07-04,3235.7297637758875,3274.079153568787,3230.9360900517754,3240.5234375,216600
2025-07-07,3240.523299238543,3307.6347285127144,3211.7612581210415,3216.554931640625,224400
2025-07-08,3250.110784948225,3259.6981323964496,3226.142416327663,3240.5234375,164000
2025-07-09,3250.1105461621805,3283.666259765625,3245.31687279026,3283.666259765625,186200
2025-07-10,3288.460039206112,3302.8410597857305,3259.697998046875,3259.697998046875,194500
2025-07-11,3259.6980806185943,3298.0474698023427,3259.6980806185943,3274.0791015625,247000
2025-07-14,3283.666397758152,3322.0157863451086,3278.8727241847823,3307.634765625,182500
2025-07-15,3350.778047470292,3360.3653952456007,3283.666613043133,3302.84130859375,185400
2025-07-16,3298.0474497767855,3360.3652068219862,3278.872755301339,3355.571533203125,259100
2025-07-17,3336.3967007643882,3350.777721026304,3317.2220070818344,3331.60302734375,166000
2025-07-18,3355.5716953797523,3374.7463907819224,3336.3969999775827,3341.190673828125,165200
2025-07-22,3326.8095116901536,3331.6031853381223,3269.2854279145313,3274.0791015625,207200
2025-07-23,3298.0474184782606,3322.0157863451086,3274.079050611413,3307.634765625,171300
2025-07-24,3307.634820662482,3341.19053623442,3298.0474733562137,3317.22216796875,105100
2025-07-25,3326.809381594603,3365.1587692786907,3317.222034673581,3336.396728515625,167200
2025-07-28,3355.5715849905305,3355.5715849905305,3317.2221954477814,3322.015869140625,102100
2025-07-29,3302.8409592686194,3331.602999552526,3288.459939126666,3326.809326171875,98400
2025-07-30,3379.5397896602235,3379.5397896602235,3317.222034673581,3336.396728515625,186000
2025-07-31,3317.2221954477814,3336.396890219156,3293.253826983563,3322.015869140625,239000
2025-08-01,3187.792985943002,3187.792985943002,3058.3637970400528,3063.157470703125,849700
2025-08-04,3020.014215783228,3039.188909216772,3005.6331957080697,3029.6015625,331800
2025-08-05,3029.6017822265626,3091.9195404052734,3029.6017822265626,3067.951171875,253800
2025-08-06,3063.1574981689455,3087.125866699219,3058.3638244628905,3067.951171875,124500
2025-08-07,3067.9510384316773,3101.5067529145235,3067.9510384316773,3087.125732421875,147600
2025-08-08,3096.713351653343,3106.300699491279,3082.332329896439,3091.919677734375,246700
2025-08-12,3106.300458715596,3154.237194189602,3101.5067851681956,3135.0625,302400
2025-08-13,3111.0942107777537,3120.681558114511,3082.3321687674816,3106.300537109375,208300
2025-08-14,3096.713351653343,3111.094373410247,3082.332329896439,3091.919677734375,125500
2025-08-15,3072.7447903911147,3087.1258112509795,3053.570095911295,3058.36376953125,191500
2025-08-18,3058.363827462924,3111.09423828125,3058.363827462924,3111.09423828125,102800
2025-08-19,3111.094049644177,3120.681396484375,3091.9193559637815,3120.681396484375,133800
2025-08-20,3120.681558114511,3130.2689054512684,3106.300537109375,3106.300537109375,118100
2025-08-21,3111.094186922399,3168.6182705018578,3111.094186922399,3144.64990234375,196900
2025-08-22,3149.4435759753715,3159.030923238615,3130.268881448885,3144.64990234375,146300
2025-08-25,3135.062609826178,3159.0309784028304,3130.2689361108473,3154.2373046875,105400
2025-08-26,3154.237110425067,3154.237110425067,3120.681396484375,3120.681396484375,213900
2025-08-27,3111.09423828125,3120.681585702764,3087.125869727465,3111.09423828125,143200
2025-08-28,3111.0941831892387,3115.887856815108,3096.7131623116306,3101.5068359375,116900
2025-08-29,3096.7133796517173,3144.650119274809,3096.7133796517173,3139.8564453125,101600
2025-09-01,3154.2374671994276,3173.412163048664,3135.062771350191,3139.8564453125,155300
2025-09-02,3168.6184890863547,3178.205837010973,3135.062771350191,3139.8564453125,134300
2025-09-03,3130.268826452599,3149.4435206422017,3115.8878058103974,3135.0625,166500
2025-09-04,3135.062771350191,3154.2374671994276,3130.2690973878816,3139.8564453125,73200
2025-09-05,3149.4435759753715,3149.4435759753715,3125.4752078172637,3144.64990234375,90400
2025-09-08,3144.6498241597433,3173.411865234375,3144.6498241597433,3173.411865234375,116800
2025-09-09,3173.4119203866244,3192.586614769625,3173.4119203866244,3182.999267578125,172200
2025-09-10,3182.999295112782,3202.173989661654,3173.411947838346,3187.79296875,153700
2025-09-11,3182.9993499344077,3197.38037109375,3163.824655055285,3197.38037109375,169800
2025-09-12,3206.967718533311,3206.967718533311,3168.6183287750655,3197.38037109375,204000
2025-09-16,3197.3802100338153,3235.729597860308,3178.205516120569,3211.76123046875,173900
2025-09-17,3206.967746026502,3216.555093548255,3192.586724743872,3202.174072265625,192000
2025-09-18,3221.3487119932433,3245.31708038605,3187.7929962433136,3192.586669921875,261800
2025-09-19,3192.5867498224434,3206.9677712180396,3154.2373594341857,3163.82470703125,455100
2025-09-22,3168.618325833492,3187.7930206948135,3154.2373046875,3154.2373046875,222400
2025-09-24,3154.237241930349,3154.237241930349,3029.6017278115205,3058.36376953125,245300
2025-09-25,3077.538385426776,3091.9194059194247,3039.18899744638,3087.125732421875,154100
2025-09-26,3067.9510108864697,3101.5067250680404,3063.1573374319596,3082.33203125,152300
2025-09-29,3096.9867151960543,3121.410900647127,3087.217041015625,3087.217041015625,145000
2025-09-30,3087.2169995577833,3121.4108587301002,3077.4473255085495,3106.75634765625,157100
2025-10-01,3106.7563774574533,3136.065399886297,3096.986703314505,3121.410888671875,131900
2025-10-02,3111.641042105456,3136.0652261094237,3092.1016949022824,3116.52587890625,135400
2025-10-03,3096.9866916904507,3170.2592474875437,3096.9866916904507,3155.604736328125,190000
2025-10-06,3189.7985957001015,3204.45310685952,3131.1805510624276,3155.604736328125,194500
2025-10-07,3136.0652162063957,3155.6045633478684,3116.5258690649225,3150.7197265625,109500
2025-10-08,3140.950062910217,3150.7197365118045,3116.52587890625,3116.52587890625,201200
2025-10-09,3116.5260516004014,3136.065399886297,3106.7563774574533,3121.410888671875,133800
2025-10-10,3111.6410934229216,3121.410767185631,3057.9078877280203,3062.792724609375,289800
2025-10-14,3018.829315929878,3033.483827172256,2984.635456364329,3004.1748046875,263200
2025-10-15,3038.3685099283853,3067.677530924479,3033.483673095703,3048.13818359375,131500
2025-10-16,3053.0230614446823,3062.7927352413053,3018.829203156502,3028.598876953125,136400
2025-10-17,3023.7141952389784,3028.599032387991,2969.9809865998363,2984.635498046875,145700
2025-10-20,3028.5989483415788,3043.2534593819414,3013.9444373012166,3023.714111328125,128700
2025-10-21,3033.483844921875,3057.90803046875,3018.82933359375,3053.023193359375,92900
2025-10-22,3057.908047797736,3116.5260934424214,3057.908047797736,3101.87158203125,187800
2025-10-23,3087.2169995577833,3121.4108587301002,3072.562488483933,3106.75634765625,125200
2025-10-24,3106.756317572571,3111.6411545498863,3087.2169696633096,3092.101806640625,149900
2025-10-27,3077.447194433439,3101.871378516244,3067.6775208003173,3082.33203125,138100
2025-10-28,3077.4472045898438,3077.4472045898438,3033.483673095703,3048.13818359375,200900
2025-10-29,3038.368592101258,3043.253429066051,2999.289896382914,3009.0595703125,171900
2025-10-30,3004.1748466429267,3018.8293580899654,2984.635498046875,2984.635498046875,193700
2025-10-31,3004.1747223929074,3043.25341796875,2999.2898854459268,3043.25341796875,166300
2025-11-04,3004.174703128186,3028.598887706464,2994.405029296875,2994.405029296875,198100
2025-11-05,2994.405172344901,3013.9445209409523,2940.671963705759,2984.635498046875,229500
2025-11-06,2989.520347746792,3004.174859255355,2950.441650390625,2950.441650390625,207700
2025-11-07,2955.3263039510757,2984.635325147285,2955.3263039510757,2979.75048828125,155700
2025-11-10,2969.9809271694216,2979.7506012719527,2940.6719048618284,2955.326416015625,166500
2025-11-11,2974.865782202744,3018.829315929878,2965.0961080411585,3004.1748046875,179100
2025-11-12,3004.174662239161,3023.7140096358385,2999.2898253899916,3013.9443359375,150000
2025-11-13,3018.829203156502,3057.907898342994,3018.829203156502,3028.598876953125,170400
2025-11-14,3023.7140307576697,3023.7140307576697,2945.556640625,2945.556640625,237900
2025-11-17,2935.787091697007,2935.787091697007,2834.182480203999,2846.883056640625,665900
2025-11-18,2867.3993967145525,2881.0769406852523,2818.551025390625,2818.551025390625,404700
2025-11-19,2818.5508340578467,2830.2744423797512,2785.333943812451,2804.873291015625,395000
2025-11-20,2833.205385719923,2838.090222591854,2785.333984375,2785.333984375,286200
2025-11-21,2791.19596081682,2856.6527789388806,2790.2189933821624,2830.274658203125,315300
2025-11-25,2833.205398062872,2842.9750718492955,2791.19580078125,2791.19580078125,189100
2025-11-26,2830.2745447340876,2845.9060230619248,2799.988555473902,2814.64306640625,152700
2025-11-27,2818.5508119780443,2840.0440937331628,2813.6659752155174,2833.205322265625,112500
2025-11-28,2821.4819512912063,2836.1364628110705,2814.643179248603,2830.274658203125,119900
2025-12-01,2803.8965382295496,2817.574082318474,2790.218994140625,2790.218994140625,154800
2025-12-02,2789.2420030210255,2793.1498727275352,2767.7487196352245,2778.495361328125,183600
2025-12-03,2755.048162046644,2785.33415248049,2707.1767578125,2707.1767578125,294800
2025-12-04,2697.4070595005583,2735.5087890625,2696.430092075893,2735.5087890625,305300
2025-12-05,2735.5088193380498,2751.1402983056955,2694.476187047979,2710.107666015625,255000
2025-12-08,2730.623779296875,2739.416485562947,2707.176562587349,2730.623779296875,197400
2025-12-09,2716.9463661923905,2732.577844746536,2670.0519305299545,2674.936767578125,263500
2025-12-10,2703.2688405106705,2706.1997427591464,2676.8907202743903,2683.7294921875,288900
2025-12-11,2692.5222049908866,2692.5222049908866,2634.8811273078454,2646.604736328125,328100
2025-12-12,2651.489402607013,2681.775390625,2642.696696408242,2681.775390625,259900
2025-12-15,2690.5682641006097,2740.393602324695,2671.028915777439,2683.7294921875,373900
2025-12-16,2668.097863675043,2671.028765758904,2650.512451171875,2650.512451171875,231600
2025-12-17,2648.558599777053,2658.328273697293,2642.696795424909,2651.489501953125,227600
2025-12-18,2666.1439351010217,2674.936641372883,2645.627620466679,2653.443359375,246900
2025-12-19,2645.627685546875,2661.259163748038,2634.881044283575,2645.627685546875,676600
2025-12-22,2664.190180178147,2668.0980498960466,2618.272710992825,2621.20361328125,332400
2025-12-23,2626.0884205426355,2655.3974430933345,2621.2035834508524,2646.604736328125,375800
2025-12-24,2652.466540838265,2659.3053127667613,2636.8350621445584,2646.604736328125,339100
2025-12-25,2656.374434286424,2667.1210759845303,2637.8120531715135,2658.328369140625,173800
2025-12-26,2648.5585408006023,2672.9827250573394,2648.5585408006023,2662.236083984375,190900
2025-12-29,2675.913627168148,2679.821496649226,2656.374279762758,2662.236083984375,210200
2025-12-30,2666.1441204097623,2671.0289575669804,2652.4665763695507,2664.190185546875,236300
2026-01-05,2647.5815490880136,2669.0748310363297,2629.996136584846,2650.512451171875,302200
2026-01-06,2650.5125176748566,2685.6833435636495,2650.5125176748566,2682.75244140625,260900
2026-01-07,2665.1669698721435,2703.2686970807263,2657.3512309575626,2693.4990234375,265700
2026-01-08,2681.7755219497403,2712.0615114508123,2663.213141287793,2706.19970703125,328600
2026-01-09,2704.2457130978064,2723.7850607357964,2690.5681697512136,2716.9462890625,239200
2026-01-13,2725.7390550964574,2730.623892112759,2681.7755219497403,2706.19970703125,353900
2026-01-14,2702.2918433964232,2726.7160285319655,2701.3148759910014,2709.130615234375,276200
2026-01-15,2717.92333984375,2729.6469487862823,2711.084567960606,2717.92333984375,205000
2026-01-16,2705.2226912796455,2714.9923651376434,2681.77547402045,2682.75244140625,287200
2026-01-19,2682.752571978753,2712.0615949792495,2676.890767378654,2707.1767578125,177600
2026-01-20,2697.4069643242415,2718.9002469084985,2687.6372904223067,2688.6142578125,162300
2026-01-21,2676.8907383028313,2681.7755754165228,2637.812041393301,2652.466552734375,303800
2026-01-22,2662.2362506839877,2680.7986318814174,2655.397478663882,2664.190185546875,177800
2026-01-23,2686.6602640500587,2714.015350374932,2676.890590362604,2699.36083984375,191900
2026-01-26,2682.752364112821,2706.1995806964724,2677.86752732456,2684.706298828125,274000
2026-01-27,2683.7293191877793,2695.4529274259494,2670.0517762432473,2678.844482421875,257000
2026-01-28,2664.1902032149465,2680.798649659631,2654.4205288357207,2672.98291015625,302200
2026-01-29,2662.236053354186,2670.0517922264185,2632.927032583314,2647.58154296875,255100
2026-01-30,2659.3052471274614,2664.1900840986727,2643.673768819585,2654.42041015625,230800
2026-02-02,2637.8119440362,2651.4894874497213,2561.6084878751544,2565.516357421875,596200
2026-02-03,2573.3321146376898,2582.124821179732,2561.608505914967,2574.30908203125,259900
2026-02-04,2569.424226968595,2589.9405420888766,2556.7236509417544,2565.516357421875,393700
2026-02-05,2593.8483642855244,2599.7101684985987,2572.3550821709173,2582.124755859375,298600
2026-02-06,2569.4242087492835,2570.4011761290362,2543.0460894959638,2556.7236328125,271400
2026-02-09,2604.5950833905245,2606.5490181867663,2560.6315504750805,2580.1708984375,266000
2026-02-10,2586.0327916489728,2625.111488916052,2580.1709870589107,2624.134521484375,256900
2026-02-12,2625.1114895624114,2625.1114895624114,2584.078857421875,2584.078857421875,362000
2026-02-13,2612.4107423000937,2612.4107423000937,2536.2072875882736,2542.069091796875,467600
2026-02-16,2557.7005941191064,2557.7005941191064,2538.16124657045,2553.792724609375,261800
2026-02-17,2553.792831763597,2566.493408203125,2533.276515976667,2566.493408203125,279400
2026-02-18,2577.239906817347,2587.0095804595658,2561.6084289897967,2576.262939453125,207600
2026-02-19,2587.0097597176277,2587.0097597176277,2566.4934436473595,2584.078857421875,169400
2026-02-20,2568.4473191212055,2568.4473191212055,2538.1613294320628,2554.769775390625,262500
2026-02-24,2554.769817256744,2566.49342636079,2534.253501324663,2535.23046875,468100
2026-02-25,2552.8157450670114,2564.5393535403387,2536.207299729798,2547.930908203125,452800
2026-02-26,2572.3552541127738,2587.9867330591483,2557.7007426005475,2587.009765625,387500
2026-02-27,2593.8484486840957,2623.157470703125,2581.1478724758495,2623.157470703125,284100
2026-03-02,2594.8253922325102,2620.2265444155096,2582.124816141011,2611.433837890625,361400
2026-03-03,2598.7333330111583,2600.687267848009,2561.608571110999,2566.493408203125,321700
2026-03-04,2565.516374551248,2581.1478528424973,2521.5528418571103,2534.25341796875,538200
2026-03-05,2569.4242380098776,2575.2860423551474,2526.4376728112334,2531.322509765625,299200
2026-03-06,2539.1382379815127,2574.3090639019956,2528.3915967280323,2565.516357421875,212100
2026-03-09,2520.575980102908,2591.8946027957422,2495.174826815049,2587.009765625,479200
2026-03-10,2610.4568462866405,2611.4338136692327,2576.2629878959096,2599.710205078125,265400
2026-03-11,2603.618039900073,2652.4664083784987,2599.7101704217994,2622.180419921875,407200
2026-03-12,2615.341677100969,2615.341677100969,2582.1247861702877,2596.779296875,211800
2026-03-13,2566.4933667905293,2612.410834715598,2566.4933667905293,2586.03271484375,263200
2026-03-16,2586.032702826226,2596.7793442055568,2574.309094048774,2580.1708984375,195600
2026-03-17,2603.618025651338,2613.387699293557,2571.3781026320157,2576.262939453125,174700
2026-03-18,2579.1940378909194,2592.87158203125,2562.5855914348035,2592.87158203125,154500
2026-03-19,2577.239863684418,2593.84830859823,2555.74658203125,2555.74658203125,283200
2026-03-23,2544.022977250412,2553.792650742157,2511.7830547276535,2518.621826171875,297400
2026-03-24,2559.6545044226796,2559.6545044226796,2525.4606465391707,2542.069091796875,162100
2026-03-25,2536.2072875882736,2557.700569686479,2535.2303202201733,2542.069091796875,227300
2026-03-26,2537.184248862243,2547.930889885533,2526.4376078389528,2539.13818359375,237200
2026-03-27,2543.0460652591173,2554.769673704415,2520.5758157389637,2545.0,410700
2026-03-30,2468.0,2515.0,2449.0,2504.0,424300
2026-03-31,2545.0,2550.0,2510.0,2535.0,351000
2026-04-01,2567.0,2577.0,2553.0,2575.0,210200
2026-04-02,2575.0,2585.0,2520.0,2533.0,265600
2026-04-03,2554.0,2557.0,2538.0,2540.0,153100
2026-04-06,2551.0,2565.0,2543.0,2553.0,188600
2026-04-07,2550.0,2568.0,2535.0,2556.0,156200
2026-04-08,2573.0,2590.0,2560.0,2580.0,243100
2026-04-09,2570.0,2576.0,2539.0,2553.0,185800
2026-04-10,2540.0,2548.0,2525.0,2528.0,183100
2026-04-13,2519.0,2536.0,2505.0,2519.0,159500
2026-04-14,2543.0,2549.0,2522.0,2539.0,197900
2026-04-15,2550.0,2583.0,2545.0,2583.0,228400
2026-04-16,2599.0,2617.0,2591.0,2608.0,281400
2026-04-17,2617.0,2654.0,2615.0,2645.0,322900
2026-04-20,2645.0,2647.0,2605.0,2617.0,169600
2026-04-21,2612.0,2614.0,2584.0,2608.0,174300
2026-04-22,2602.0,2609.0,2577.0,2590.0,201500
2026-04-23,2578.0,2582.0,2552.0,2564.0,186200
2026-04-24,2535.0,2550.0,2518.0,2520.0,236000
2026-04-27,2649.0,2653.0,2603.0,2613.0,612200
2026-04-28,2606.0,2624.0,2583.0,2602.0,239700
2026-04-30,2585.0,2601.0,2563.0,2594.0,221300
2026-05-01,2574.0,2596.0,2557.0,2595.0,198100
2026-05-07,2598.0,2606.0,2546.0,2578.0,421000
2026-05-08,2589.0,2612.0,2573.0,2603.0,346000
2026-05-11,2607.0,2621.0,2592.0,2608.0,285300
2026-05-12,2600.0,2634.0,2598.0,2604.0,218300
2026-05-13,2603.0,2626.0,2588.0,2597.0,215800
2026-05-14,2600.0,2603.0,2577.0,2591.0,208900
2026-05-15,2599.0,2662.0,2596.0,2662.0,539700
2026-05-18,2605.0,2698.0,2605.0,2640.0,705500
2026-05-19,2697.0,2733.0,2661.0,2733.0,594000
2026-05-20,2722.0,2728.0,2668.0,2679.0,282100
2026-05-21,2682.0,2685.0,2653.0,2671.0,358700
2026-05-22,2656.0,2689.0,2656.0,2676.0,262200
2026-05-25,2663.0,2670.0,2582.0,2626.0,353700
2026-05-26,2626.0,2640.0,2598.0,2598.0,217100
2026-05-27,2597.0,2636.0,2576.0,2626.0,244400
2026-05-28,2647.0,2659.0,2627.0,2643.0,417900
2026-05-29,2640.0,2678.0,2636.0,2643.0,337800
2026-06-01,2676.0,2718.0,2651.0,2715.0,448300
2026-06-02,2700.0,2700.0,2651.0,2677.0,267100
2026-06-03,2651.0,2686.0,2616.0,2686.0,317800
2026-06-04,2641.0,2660.0,2632.0,2655.0,163400
2026-06-05,2676.0,2712.0,2673.0,2694.0,192800
2026-06-08,2692.0,2723.0,2676.0,2707.0,242700
2026-06-09,2726.0,2727.0,2686.0,2695.0,182900
2026-06-10,2698.0,2708.0,2669.0,2700.0,141600
2026-06-11,2727.0,2734.0,2671.0,2685.0,152900
2026-06-12,2686.0,2687.0,2657.0,2667.0,165800
2026-06-15,2670.0,2683.0,2635.0,2636.0,175000
2026-06-16,2630.0,2647.0,2617.0,2645.0,172900
2026-06-17,2670.0,2675.0,2642.0,2643.0,107700
2026-06-18,2640.0,2657.0,2609.0,2620.0,280700
2026-06-19,2610.0,2610.0,2575.0,2588.0,440500
2026-06-22,2590.0,2668.0,2584.0,2666.0,330300
2026-06-23,2635.0,2635.0,2580.0,2602.0,234900
2026-06-24,2590.0,2603.0,2556.0,2565.0,202200
2026-06-25,2585.0,2595.0,2548.0,2552.0,265300
2026-06-26,2577.0,2619.0,2557.0,2619.0,422100
2026-06-29,2644.0,2694.0,2624.0,2685.0,502900
2026-06-30,2710.0,2739.0,2690.0,2707.0,497400
2026-07-01,2695.0,2740.0,2667.0,2739.0,359700
2026-07-02,2739.0,2819.0,2731.0,2806.0,555300
2026-07-03,2839.0,2853.0,2801.0,2813.0,342900
2026-07-06,2823.0,2869.0,2816.0,2869.0,289600
2026-07-07,2873.0,2977.0,2869.0,2940.0,515700
2026-07-08,2953.0,2991.0,2923.0,2942.0,234600
2026-07-09,2937.0,2962.0,2908.0,2925.0,288300
2026-07-10,2925.0,2965.0,2903.0,2933.0,225000
2026-07-13,2929.0,2940.0,2894.0,2907.0,265300
2026-07-14,2915.0,2968.0,2911.0,2944.0,294900
2026-07-15,2950.0,2971.0,2933.0,2938.0,208600
2026-07-16,2954.0,2988.0,2946.0,2958.0,303300
2026-07-17,2948.0,2991.0,2934.0,2958.0,346600
2026-07-21,2946.0,2998.0,2930.0,2960.0,370200
2026-07-22,2940.0,2948.0,2892.0,2907.0,214400
2026-07-23,2859.0,2870.0,2820.0,2824.0,276000
2026-07-24,2836.0,2842.0,2810.0,2827.0,157400
2026-07-27,2874.0,2896.0,2860.0,2884.0,239300
2026-07-28,2893.0,2940.0,2885.0,2929.0,367900
2026-07-29,2895.0,3020.0,2895.0,2994.0,543600
2026-07-30,3015.0,3025.0,2952.0,2991.0,350200
2026-07-31,2915.0,2949.0,2893.0,2896.0,293200
2026-08-03,3200.0,3400.0,3175.0,3400.0,1687500
2026-08-04,3350.0,3365.0,3210.0,3210.0,730100
2026-08-05,3250.0,3250.0,3145.0,3215.0,661300
