Date,Open,High,Low,Close,Volume
2015-01-05,1198.8372320379667,1232.5725282037572,1198.8372320379667,1220.2303466796875,1548700
2015-01-06,1206.2427618334862,1237.5096274198931,1203.7743250766646,1232.57275390625,2114900
2015-01-07,1231.7497943027863,1243.2691644565866,1203.7741810721286,1207.0654296875,1466400
2015-01-08,1210.3568283691407,1236.6868205566407,1188.963709716797,1234.2183837890625,1788200
2015-01-09,1237.5095368806308,1280.2957708685249,1224.3445418074325,1278.650146484375,3252600
2015-01-13,1272.890538624175,1292.6380324360562,1237.509612211221,1246.560546875,2991400
2015-01-14,1245.7374031657723,1252.3198993515887,1216.116170329598,1221.8758544921875,1723600
2015-01-15,1217.7620241769548,1233.3954555684156,1164.2792325745886,1199.66015625,3546500
2015-01-16,1193.0775974454323,1204.596967351802,1160.1651119986618,1181.5582275390625,3391800
2015-01-19,1184.8496189963055,1185.6724312317194,1162.6336886401248,1169.2161865234375,1289500
2015-01-20,1176.621326590989,1216.1163081828543,1171.6844538920056,1173.330078125,2544700
2015-01-21,1188.9636572760505,1250.6745737436656,1184.8495961782096,1217.7620849609375,4037500
2015-01-22,1207.0653283779923,1254.7884292954589,1191.431898767098,1248.2059326171875,2928300
2015-01-23,1255.6113337172264,1275.35882520426,1243.2691515378303,1257.2569580078125,2108800
2015-01-26,1254.7885828917404,1271.244826601796,1237.5095269961819,1239.1551513671875,1407300
2015-01-27,1234.2180467601854,1267.1305280071238,1224.344302386104,1259.7252197265625,2112400
2015-01-28,1243.2693667204483,1298.3977899966033,1242.4465544327445,1286.87841796875,2130200
2015-01-29,1276.181766764323,1287.7011379665798,1250.674587673611,1258.9027099609375,1534900
2015-01-30,1275.3587122202994,1297.5746381751046,1261.370906989496,1277.8271484375,2654000
2015-02-02,1261.371097140842,1274.5360922838645,1236.686731247675,1244.092041015625,1950500
2015-02-03,1236.6867604752515,1256.4342536564932,1213.6480184304698,1216.116455078125,3288000
2015-02-04,1235.0409345716198,1243.2690553882196,1221.8759412650602,1229.28125,1519600
2015-02-05,1220.2302590781555,1292.6377188211613,1219.4074470356213,1264.662109375,3891900
2015-02-06,1210.3565881019604,1210.3565881019604,1138.7719360524222,1163.456298828125,8535600
2015-02-09,1165.101835659475,1169.21589581364,1146.9999709811498,1156.0509033203125,2783900
2015-02-10,1151.1141565146568,1185.67226557371,1147.8229080328422,1174.9757080078125,2420900
2015-02-12,1192.2547437386306,1202.1284890283914,1183.2038105563497,1187.31787109375,2798100
2015-02-13,1174.1527620779134,1182.3808823447523,1151.9368373574482,1154.4052734375,3026500
2015-02-16,1155.2281962702154,1165.9247536430878,1140.4175783693152,1151.1141357421875,2351000
2015-02-17,1151.9368723098994,1159.3421807747488,1142.0631276901004,1147.0,1908900
2015-02-18,1151.114165820031,1152.7597900742412,1132.1894868966137,1142.063232421875,2695400
2015-02-19,1139.5948319023635,1145.3545169733502,1131.3667103723826,1134.657958984375,2083900
2015-02-20,1133.012276558254,1137.9491492229959,1124.784155450351,1135.480712890625,1495200
2015-02-23,1142.063251448129,1144.5316878705673,1127.2526329134992,1129.7210693359375,1902900
2015-02-24,1128.8982088908372,1156.0510083758209,1128.8982088908372,1151.1141357421875,2313700
2015-02-25,1151.9368838854614,1163.456252724316,1147.8228235858705,1150.291259765625,1368200
2015-02-26,1151.9369011251335,1155.2281494140625,1140.4175321138823,1155.2281494140625,1168200
2015-02-27,1163.4564646047313,1179.912708799989,1160.9880279754425,1176.6214599609375,2158000
2015-03-02,1198.837211784581,1198.837211784581,1164.2791041010173,1179.0897216796875,2335400
2015-03-03,1185.6722059368265,1198.0143871228447,1180.735333462419,1193.0775146484375,1636500
2015-03-04,1182.3811145282139,1205.4198557994664,1180.7354901516958,1185.67236328125,1517400
2015-03-05,1195.5461095403582,1221.876099564647,1184.8495510929909,1185.67236328125,3253600
2015-03-06,1187.3179103874882,1211.1794622940974,1186.4950982527776,1198.8372802734375,1603400
2015-03-09,1193.0777247128976,1193.0777247128976,1160.9880479792403,1164.279296875,1643000
2015-03-10,1164.2790764170604,1168.3931367577568,1150.2912712586929,1153.58251953125,1498500
2015-03-11,1153.5825252695981,1159.3422097752236,1147.0000286917402,1155.2281494140625,1667100
2015-03-12,1152.7597416253204,1166.7475471982186,1152.7597416253204,1163.456298828125,1108900
2015-03-13,1166.747722623029,1171.6845959204466,1155.2283515957213,1160.988037109375,1065200
2015-03-16,1171.6844952981853,1175.7985560260581,1164.2791859880142,1167.5704345703125,1061700
2015-03-17,1176.6213340732165,1176.6213340732165,1154.4054067865193,1157.6966552734375,1211100
2015-03-18,1404.54052734375,1404.54052734375,1404.54052734375,1404.54052734375,468500
2015-03-19,1733.665283203125,1733.665283203125,1733.665283203125,1733.665283203125,1006700
2015-03-20,1731.1968245667579,1785.5024283792134,1642.3331092372855,1727.082763671875,66619500
2015-03-23,1699.9297912099053,1922.9118693405364,1686.7647976671374,1712.27197265625,51290000
2015-03-24,1728.7282567606067,1777.2741716339413,1694.1701478677244,1759.9951171875,18183400
2015-03-25,1748.4757306706554,1813.4778872461761,1744.3616701279009,1755.0582275390625,14222800
2015-03-26,1738.6019657991515,1816.7691152316736,1721.3229117140675,1784.679443359375,10582300
2015-03-27,1822.8810498046873,1826.2029287109374,1753.9520625,1764.7481689453125,7621200
2015-03-30,1788.8318074279705,1939.1468293149078,1776.374761415241,1915.8936767578125,22349800
2015-03-31,1929.1810532232794,1987.3139304189874,1891.8099178831815,1952.4342041015625,22626300
2015-04-01,1952.4342642193028,1953.2647339190983,1876.861521537909,1878.5224609375,8944600
2015-04-02,1893.4709931422472,1936.6554193016316,1878.5225379332294,1895.96240234375,6744900
2015-04-03,1951.6038620209167,2073.682912113289,1949.9429225638776,2072.02197265625,22156600
2015-04-06,2035.4816283692574,2116.8676747096033,2031.3292790661785,2081.157470703125,14719600
2015-04-07,2081.1571957505403,2098.5970605193993,2045.4469964619236,2066.208740234375,7199000
2015-04-08,2075.3441045137824,2084.4792726408937,2003.9236991563653,2028.00732421875,6111000
2015-04-09,2056.2431485854754,2155.0690511225,2050.429860200945,2148.42529296875,15203500
2015-04-10,2140.1207052301424,2192.4403033789586,2131.816007111283,2176.661376953125,11523800
2015-04-13,2188.2878212879386,2221.506611743923,2155.069030831955,2165.03466796875,8862200
2015-04-14,2165.03506682085,2183.305404937482,2122.6811011868404,2124.342041015625,5091000
2015-04-15,2101.088204642657,2139.2898083634323,2047.9381472920124,2126.832763671875,6597700
2015-04-16,2176.661431079985,2224.828681367142,2126.002771295216,2135.137939453125,11613400
2015-04-17,2135.137661980726,2145.1032986760856,2077.8352509824103,2080.32666015625,4063100
2015-04-20,2067.8700602832773,2096.1060370100367,2044.616902978887,2073.683349609375,3186600
2015-04-21,2083.648423194515,2145.933649077173,2077.004665767032,2140.120361328125,5322800
2015-04-22,2127.6632155278357,2156.7296528984343,2102.7491263530364,2143.442138671875,3893200
2015-04-23,2159.221278946713,2159.221278946713,2080.326655292891,2084.47900390625,3928500
2015-04-24,2089.4621869142165,2121.0200418835093,2044.6168140631166,2104.41064453125,4212300
2015-04-27,2105.240756835937,2138.459545898437,2072.0219677734376,2076.17431640625,3554100
2015-04-28,2092.783921705368,2106.901908478777,2060.395599107547,2065.37841796875,2608000
2015-04-30,2040.4643747430098,2040.4643747430098,1984.822896066664,1988.144775390625,3330700
2015-05-01,1956.586959599539,1990.6362233277143,1939.9775626589656,1959.078369140625,3536400
2015-05-07,1935.8251877529779,1950.7736448012636,1881.8446484119468,1904.267333984375,4906300
2015-05-08,1976.5178919484729,2037.9726499334254,1960.738967600985,2022.1937255859375,7340600
2015-05-11,2032.9898954158316,2079.496200212926,2000.6015760035696,2072.02197265625,5609500
2015-05-12,2052.090871986436,2062.0565095679162,2013.0587914589723,2030.4986572265625,3305100
2015-05-13,1972.3659355807888,2133.477089897704,1951.6041888904647,2104.41064453125,10064200
2015-05-14,2077.005115869082,2122.6809580813174,2059.5652488425926,2085.309814453125,4649400
2015-05-15,2083.6482641986036,2129.32409302719,2069.530280742495,2109.392822265625,4145900
2015-05-18,2101.088352028383,2107.7321096632554,2062.056275923508,2081.987548828125,3135700
2015-05-19,2071.1914091222425,2077.004696958592,2042.124969940495,2047.1077880859375,2695400
2015-05-20,2055.4126434695636,2112.71505656023,2032.1594903313219,2057.904052734375,3182600
2015-05-21,2076.174702507238,2120.1896062003916,2070.361413340218,2079.49658203125,3053900
2015-05-22,2089.4620002411457,2113.545624250284,2065.3783762320068,2098.59716796875,2747100
2015-05-25,2109.3933887534818,2112.7152681058496,2079.4964745821726,2086.970703125,1604100
2015-05-26,2076.174443861291,2081.9877323041023,2049.599410979866,2052.0908203125,1430700
2015-05-27,2074.5137515071847,2103.5801971848277,2052.921534718079,2087.80126953125,2768000
2015-05-28,2080.3269953026993,2093.614513037168,2071.1918268602526,2085.309814453125,1429400
2015-05-29,2111.05446536979,2228.981190028527,2096.9364772064196,2201.57568359375,8999900
2015-06-01,2198.253933641387,2246.42119021532,2176.66171517721,2213.202392578125,5626300
2015-06-02,2212.3716061067507,2212.3716061067507,2121.019925674415,2155.899658203125,3784000
2015-06-03,2160.051982881121,2165.8652715701514,2129.3245998105326,2136.798828125,1828400
2015-06-04,2134.3071016836598,2134.3071016836598,2094.444556593848,2115.206298828125,2199900
2015-06-05,2115.2062666814945,2117.6976757117436,2081.9874796115064,2100.2578125,1490300
2015-06-08,2080.3266798053946,2093.614195524711,2039.6336629149898,2063.71728515625,2666900
2015-06-09,2063.7171896491604,2086.9703410818274,2018.0413564778512,2018.871826171875,2322900
2015-06-10,2026.3462781179182,2062.8869487069296,2009.7368823956401,2015.5501708984375,1974900
2015-06-11,2016.3806774943168,2018.0416170968658,1974.8571874305953,1986.4837646484375,2780500
2015-06-12,1993.1274214274756,2038.8032581685218,1988.975072632835,2029.6680908203125,2082200
2015-06-15,2071.1917280762314,2081.1573659017786,2029.6682371364514,2048.76904296875,3015800
2015-06-16,2053.7517394651995,2099.4275767763947,2052.0907999266105,2068.7001953125,2862500
2015-06-17,2057.904173926484,2086.970617061039,2054.582294711106,2077.83544921875,1361700
2015-06-18,2063.7177912291245,2079.4967200151823,2043.7865127625253,2051.2607421875,1357300
2015-06-19,2059.565032934433,2077.004898132668,2018.0415443672064,2064.5478515625,1868900
2015-06-22,2062.056745888891,2065.3786254634197,2032.1598297181297,2038.8035888671875,1329600
2015-06-23,2051.2602246093747,2079.4961953125,2044.6164667968749,2076.17431640625,1139200
2015-06-24,2068.7007287215883,2081.157778473023,2058.7350889204404,2071.192138671875,1135900
2015-06-25,2064.5478614287217,2104.4104106437576,2056.243163675589,2096.105712890625,1222800
2015-06-26,2094.4450061198945,2122.680981618735,2084.479367708539,2104.41064453125,1356500
2015-06-29,2013.8893549709185,2065.3784848712057,1993.1276090433832,1995.6190185546875,2826400
2015-06-30,1993.1275327306735,2012.2283382526757,1969.8743781821488,1998.1103515625,1704100
2015-07-01,2001.4321845345012,2021.3634594012346,1982.3313794538815,2015.5501708984375,1061300
2015-07-02,2033.8207066602047,2034.6511765281753,2008.0761407531134,2013.0589599609375,1078800
2015-07-03,2009.7369341550395,2016.3806926150562,1984.822839929977,1993.9580078125,1061200
2015-07-06,1968.2132971803312,1991.4664500584113,1944.1296745566058,1954.92578125,1375600
2015-07-07,1972.365763124377,1982.3314006643739,1958.2477766093816,1979.009521484375,931200
2015-07-08,1965.7216593513672,1968.2130682985808,1894.30126953125,1894.30126953125,2206700
2015-07-09,1831.1858416702914,1919.2156372335796,1810.4240974336667,1909.25,2124800
2015-07-10,1924.1986100487559,1937.4861274250097,1882.6751182479627,1904.267333984375,1480300
2015-07-13,1907.5890553792317,1908.4195251464844,1814.57644144694,1833.67724609375,3803200
2015-07-14,1868.557052510715,1888.4883277374959,1840.3210792727753,1871.0484619140625,2096200
2015-07-15,1910.080152857642,1954.9255129682126,1908.4192135942876,1931.67236328125,2242700
2015-07-16,1934.1645191527537,1947.452038391244,1924.198879723886,1939.1473388671875,1215100
2015-07-17,1943.2991738515357,1951.6038711756876,1925.0288397384015,1939.977294921875,880500
2015-07-21,1955.756191620767,2003.923435405907,1949.1124338572995,1984.8226318359375,1274500
2015-07-22,1943.2996826171875,1956.5872018145699,1924.19887377095,1943.2996826171875,1336100
2015-07-23,1966.5523681640625,1996.4492791665566,1958.2476706633697,1966.5523681640625,2010900
2015-07-24,1968.2138098755654,1988.9755589248857,1954.0958205220277,1974.027099609375,1086600
2015-07-27,1958.247752681323,1964.061041175288,1905.9281562356389,1920.046142578125,1903900
2015-07-28,1882.67518691952,1983.9925106090575,1881.8447170532122,1961.56982421875,2958700
2015-07-29,1955.7564335078982,1974.8572394402472,1930.8423388135302,1964.8916015625,1543700
2015-07-30,1993.127411265432,2032.9899594907406,1985.6531834731868,2018.04150390625,2584900
2015-07-31,2016.3804095223757,2061.2257728313575,2006.4147732314907,2047.1077880859375,2083200
2015-08-03,2047.1079453205375,2048.7688848299254,2009.7368063593108,2018.04150390625,976700
2015-08-04,2016.3806706527992,2047.9385229941527,1999.7712746836658,2030.4986572265625,1223100
2015-08-05,2011.398062772529,2024.6855809411336,1988.9753758630086,1999.771484375,1287700
2015-08-06,2013.0586792973709,2014.7196188017415,1958.2476756531355,1962.4000244140625,1615900
2015-08-07,1969.0438839443782,1979.009521484375,1949.9430786593841,1979.009521484375,1007600
2015-08-10,1930.8420583110083,2034.650771123428,1906.7584369385268,2022.1937255859375,3694700
2015-08-11,2022.1942671360432,2111.0545491005428,2009.7372182625152,2036.312255859375,3144700
2015-08-12,2015.5505497051652,2019.702899416136,1926.6902658903928,1955.7567138671875,3006900
2015-08-13,1939.1472053446496,1961.5698925156585,1929.181566601979,1947.451904296875,1427700
2015-08-14,1938.316608523105,1958.2478847032912,1926.69003075133,1951.6041259765625,913100
2015-08-17,1943.2994045171522,2006.4151116724101,1934.99470620725,1988.144775390625,1638200
2015-08-18,1976.5181884765623,1983.9924169203814,1955.7564427992875,1976.5181884765625,1097600
2015-08-19,1968.2133329540452,1969.8742724755255,1934.9945425244412,1945.7906494140625,1326000
2015-08-20,1927.5206612572558,1935.82536035789,1910.9112630559869,1922.537841796875,1688300
2015-08-21,1868.557143385393,1887.6579497399991,1792.153917966968,1820.389892578125,2865800
2015-08-24,1743.986659286046,1777.2054527962564,1661.7701453482753,1677.549072265625,3422600
2015-08-25,1608.6200560654404,1779.6968405514913,1598.654418134214,1749.7999267578125,4748500
2015-08-26,1738.1730971446732,1771.391885432197,1710.7675968074664,1758.1043701171875,2569000
2015-08-27,1789.6625342072741,1808.7633408368645,1751.4609209480932,1763.91796875,1616000
2015-08-28,1805.441403393269,1890.149325723588,1773.0530801493235,1845.303955078125,2672800
2015-08-31,1803.7804940013677,1851.9477447619936,1793.8148559129625,1840.3211669921875,1411500
2015-09-01,1827.863999967755,1836.1686978322155,1759.765477479179,1760.595947265625,1688000
2015-09-02,1745.6475469008813,1800.4585545580926,1739.834258209965,1754.78271484375,2228600
2015-09-03,1755.6129950121203,1769.7309803078658,1716.5809180180004,1729.0379638671875,1682000
2015-09-04,1753.952281980358,1753.952281980358,1651.8044928309337,1670.0748291015625,2301000
2015-09-07,1753.1218653170208,1842.8126097292607,1711.5983725335766,1815.4071044921875,7580500
2015-09-08,1811.2545258013977,1851.9475435750192,1732.3598995056009,1763.0872802734375,4343500
2015-09-09,1820.3897493432576,1907.5890758400833,1787.1709582968476,1896.79296875,3768300
2015-09-10,1867.7266611996772,1920.0462608686764,1841.1516264471695,1904.267333984375,3234500
2015-09-11,1893.47096618885,1989.8054539423179,1879.352980914635,1960.739013671875,3539200
2015-09-14,1959.0783235456017,2004.754164069132,1926.69000026528,1956.5869140625,2339900
2015-09-15,1951.6039126628154,1996.4492791665566,1928.3507596608754,1966.5523681640625,2167000
2015-09-16,1972.365571392907,1980.670268535614,1881.8443725374011,1913.4022216796875,2862500
2015-09-17,1935.8254119041828,1943.2996412937744,1897.6237950240488,1920.876953125,1680800
2015-09-18,1923.3677100986306,1925.8591190495356,1895.962211638676,1914.2325439453125,1447000
2015-09-24,1876.8618619331364,1906.7587765480005,1863.57434432653,1879.353271484375,2231100
2015-09-25,1876.8620232431335,1901.7761208968034,1844.4736962933628,1885.9971923828125,1874400
2015-09-28,1896.7928054890021,1908.4193813545214,1861.0826081877644,1890.1490478515625,1917900
2015-09-29,1870.2181308122485,1888.4884677917644,1836.999336304038,1858.591552734375,2881900
2015-09-30,1900.1147907630127,1901.775730265428,1783.0185558427397,1842.8123779296875,14738000
2015-10-01,1841.1516293192042,1891.810289395195,1799.6281374536381,1808.7633056640625,4551800
2015-10-02,1803.780718201911,1835.3385760710053,1794.645548818752,1817.0682373046875,1519500
2015-10-05,1818.728974356402,1872.709514691181,1810.424275843359,1859.4219970703125,1684000
2015-10-06,1884.3361673798172,1891.810396338133,1835.3384442086362,1841.1517333984375,2238600
2015-10-07,1832.016472228048,1866.896205606823,1821.2203642774748,1856.10009765625,1576100
2015-10-08,1853.608781662297,1871.8791191159576,1836.1689140928936,1841.1517333984375,2100500
2015-10-09,1869.3876753748923,1880.18378367337,1826.2032421809809,1866.0657958984375,1976000
2015-10-13,1865.2352942104997,1947.4518098502324,1863.574354500606,1926.6900634765625,2790100
2015-10-14,1911.7415752571312,1931.6728514544254,1870.218083179435,1876.0313720703125,1973900
2015-10-15,1863.5740362938413,1885.1662488355705,1834.5075963338215,1873.5396728515625,1519700
2015-10-16,1878.5225935164742,1919.2156116784138,1863.5741378651496,1910.0804443359375,2391800
2015-10-19,1930.0116581328928,1986.4835999371253,1905.097566160437,1939.977294921875,2550200
2015-10-20,1945.7904467077674,1972.365476282948,1925.0287048521573,1952.4342041015625,1947300
2015-10-21,1973.196238139981,2001.4322112446775,1939.1469764549056,1974.857177734375,2074100
2015-10-22,1955.7565888721135,1989.805854325938,1953.2651792047604,1975.6878662109375,1006500
2015-10-23,2002.2628741018386,2014.7199222609127,1983.9925368018635,1996.4495849609375,2078500
2015-10-26,2027.177044891672,2037.9731536928157,2008.0762370127256,2013.8895263671875,1616100
2015-10-27,2008.0762544370787,2028.8380023117384,1993.1277959673237,2001.4324951171875,1305100
2015-10-28,1997.2798652882957,2036.3119458157591,1980.6704693191623,2030.4986572265625,2380600
2015-10-29,2072.0223133380596,2094.444999694824,1615.2638875521147,1727.3773193359375,35441400
2015-10-30,1700.8022540983607,1700.8022540983607,1616.9247991843301,1621.0771484375,17160000
2015-11-02,1642.6692520793958,1655.9567687797348,1574.570728990159,1592.841064453125,8757900
2015-11-04,1606.9592055316748,1623.5686030048705,1579.5536997009021,1587.8583984375,4405300
2015-11-05,1594.5021240988672,1630.2123279198313,1562.9442695594103,1612.7724609375,4986000
2015-11-06,1616.0942758413462,1617.7552154876373,1581.2145432692307,1587.02783203125,2399600
2015-11-09,1590.349461947702,1604.4674467273942,1578.7228862467787,1591.179931640625,3278000
2015-11-10,1587.8583848880717,1621.077179551002,1584.5365054217787,1616.0943603515625,3672100
2015-11-11,1624.3988191793894,1640.1777443145675,1613.6027125079515,1631.873046875,2635700
2015-11-12,1627.7208164306385,1632.7036352564467,1586.1973262155711,1596.1629638671875,4546500
2015-11-13,1577.8927934848195,1646.821794463367,1577.8927934848195,1634.36474609375,3857800
2015-11-16,1577.892707773957,1581.2145871587443,1498.1676025390625,1498.1676025390625,6918200
2015-11-17,1515.6071953419334,1549.656452881122,1505.6415589890003,1543.0126953125,3937000
2015-11-18,1536.3690996732232,1563.774602532259,1533.8776903224016,1549.6566162109375,1774400
2015-11-19,1561.2832728062697,1585.3668977591324,1556.3004538505052,1582.87548828125,2156800
2015-11-20,1586.1973209905698,1614.433294243805,1578.723092776478,1600.3153076171875,1593000
2015-11-24,1594.502097102186,1643.4998177943887,1588.688808206501,1633.5341796875,2180100
2015-11-25,1638.5167842633502,1653.4652394669693,1621.076919859128,1628.5511474609375,2380400
2015-11-26,1640.1778408031369,1665.0919345874884,1636.0254918390783,1652.6348876953125,2438700
2015-11-27,1644.3302931479357,1655.9568709782745,1625.229486712379,1629.3818359375,1514200
2015-11-30,1623.5684257641174,1644.3301703391062,1598.6543322741309,1609.450439453125,1488300
2015-12-01,1608.6200844202783,1634.3646495297407,1608.6200844202783,1633.5341796875,1730600
2015-12-02,1621.0770908188351,1657.6177629479482,1621.0770908188351,1646.8216552734375,1433500
2015-12-03,1638.5169012175134,1656.787236659371,1636.0254918390783,1652.6348876953125,1316800
2015-12-04,1630.2123909595953,1652.6350779468132,1628.5514511827644,1638.51708984375,1582200
2015-12-07,1648.482542624335,1706.6154282584425,1645.991133240016,1688.3450927734375,2941900
2015-12-08,1688.345149108947,1699.9717266237158,1659.2787053220245,1682.5318603515625,1940400
2015-12-09,1686.6840460997505,1696.6496830043282,1669.24418151674,1675.887939453125,1470800
2015-12-10,1659.2786573164303,1660.9395969133436,1620.2465767889666,1624.39892578125,1890100
2015-12-11,1615.2637624233582,1660.9396014636075,1613.6028228218947,1640.1778564453125,1814100
2015-12-14,1604.4676207551279,1623.5684257641174,1587.0277553121373,1609.450439453125,1400900
2015-12-15,1620.2467235102313,1636.856120983427,1584.5365189428608,1587.8583984375,1330200
2015-12-16,1611.1114353395262,1616.924724023741,1581.2145221064216,1603.63720703125,1194700
2015-12-17,1623.568537905965,1635.1951156710206,1608.6200807794653,1617.7552490234375,1344100
2015-12-18,1605.2981681404533,1632.7036723042581,1583.7059527386675,1587.02783203125,1990500
2015-12-21,1572.079305625231,1582.044943061841,1521.4206486557966,1545.5042724609375,2322600
2015-12-22,1536.3689377438777,1568.757255890911,1532.216589263489,1543.0126953125,1162100
2015-12-24,1541.3519711935571,1548.8261995021467,1505.641769274741,1508.1331787109375,1146200
2015-12-25,1495.6761461900685,1528.0644691780822,1487.3714479880136,1515.607421875,1270200
2015-12-28,1528.8947104791778,1549.656452881122,1520.5900135184002,1543.0126953125,1148000
2015-12-29,1546.3347366898147,1570.4183604083994,1538.8605086392195,1569.587890625,993800
2015-12-30,1576.2316639977046,1592.8410598248668,1573.74025462363,1577.0621337890625,898500
2016-01-04,1587.0277304258586,1598.6543072055354,1540.5214233071522,1550.487060546875,1588400
2016-01-05,1533.8777006083521,1576.231659856336,1528.064412084119,1541.3519287109375,1353500
2016-01-06,1543.0129519010845,1552.148120077033,1508.9636886998228,1514.7769775390625,2029700
2016-01-07,1511.4550601734834,1515.6074092398942,1466.6096902562483,1468.2706298828125,2225100
2016-01-08,1430.0689183055358,1453.3220714487152,1387.7149607947447,1391.8673095703125,4919100
2016-01-12,1359.479185263514,1365.2924743880371,1329.5822697659655,1333.734619140625,4269500
2016-01-13,1376.918898864137,1421.7642671021727,1371.9360801710218,1414.2900390625,2569600
2016-01-14,1365.2924239807314,1379.41041133333,1339.5478588083454,1371.105712890625,2403000
2016-01-15,1379.4101948064467,1405.985225651604,1335.3952999691548,1346.19140625,2677100
2016-01-18,1312.1424445386203,1332.0737221771817,1289.7197571952388,1320.4471435546875,1935500
2016-01-19,1314.6336562803501,1377.7493592982319,1307.1594282913904,1362.8009033203125,2547000
2016-01-20,1387.7151668817828,1401.0026849369046,1328.75180551218,1329.582275390625,4674700
2016-01-21,1342.8696085485847,1410.1376594406288,1337.8867899639888,1339.5477294921875,4558600
2016-01-22,1386.054036433836,1396.0196736041212,1349.5133668094568,1379.4102783203125,2643100
2016-01-25,1396.8502725057556,1396.8502725057556,1356.157250298394,1375.258056640625,1920400
2016-01-26,1353.66574150489,1356.9876206251477,1317.1250711820587,1318.7860107421875,2055400
2016-01-27,1352.0047120013596,1401.8328954903532,1347.0218936524602,1393.5281982421875,2549200
2016-01-28,1371.1055960884516,1386.0540520118873,1344.5305633356772,1347.02197265625,2044300
2016-01-29,1348.683021868652,1438.3737647022815,1334.5650345707659,1430.8995361328125,3899800
2016-02-01,1453.3220426304135,1478.236134789792,1437.5431175961403,1476.5751953125,2083500
2016-02-02,1469.1009875613267,1484.8799128093003,1454.98300181314,1459.9658203125,1620100
2016-02-03,1432.5603382729316,1450.8306730219197,1412.6290640013083,1423.4251708984375,1572900
2016-02-04,1408.4768321349557,1420.1034097587112,1382.7322673966398,1407.6463623046875,1601400
2016-02-05,1405.1547657619012,1435.8821453914466,1396.850068564727,1421.76416015625,2238100
2016-02-08,1488.2017453457447,1572.9096571902012,1479.8970481060921,1561.2830810546875,6535400
2016-02-09,1510.6244583616394,1518.9291557687952,1415.1204381793477,1432.560302734375,3073500
2016-02-10,1469.9314284883774,1469.9314284883774,1348.6828473814267,1381.0711669921875,3035700
2016-02-12,1336.2260054337096,1383.562787478285,1272.2798261805117,1314.6337890625,4281900
2016-02-15,1381.0712642018386,1387.715022538348,1320.4469693811927,1361.970458984375,2774900
2016-02-16,1324.5993336838942,1380.2408103966347,1323.7688638822117,1349.513427734375,2666600
2016-02-17,1337.8869101699706,1381.9018116218692,1335.3955006538256,1359.4791259765625,1622100
2016-02-18,1418.442461864899,1503.150384060578,1415.9510523885556,1451.6612548828125,4318700
2016-02-19,1420.1031494140625,1430.8992552283214,1388.5453016493054,1420.1031494140625,2052000
2016-02-22,1424.2558257969197,1475.744957691619,1419.2730065813037,1449.169921875,1551100
2016-02-23,1457.474554520619,1479.0667701431466,1428.4081104133702,1443.3565673828125,1491700
2016-02-24,1420.1034959429942,1456.6441706924045,1404.3245682102943,1452.4918212890625,1564100
2016-02-25,1466.609311739782,1518.928896473421,1465.7788421408354,1480.727294921875,2487800
2016-02-26,1478.2361476923365,1482.3884964218094,1381.9016571685663,1384.39306640625,3282000
2016-02-29,1395.1892919447816,1398.5111712113169,1356.1572105629932,1368.6142578125,2063300
2016-03-01,1392.697947008543,1406.8159345453023,1366.1229116452316,1394.35888671875,1871300
2016-03-02,1418.4425972603462,1476.5754905906883,1407.646488498997,1474.91455078125,2222900
2016-03-03,1489.8627925658777,1511.4550069508905,1485.710443645683,1509.7940673828125,1565900
2016-03-04,1509.7940318095611,1527.233896863467,1495.6760458135423,1518.92919921875,1262100
2016-03-07,1523.911764073333,1535.5383388401049,1515.6070678113529,1527.233642578125,1202900
2016-03-08,1523.0814002198601,1536.3689151618,1489.032143181139,1519.759521484375,1255000
2016-03-09,1494.8457794015465,1495.6762492789917,1440.8652373676016,1456.6441650390625,1955900
2016-03-10,1470.7620976145674,1501.4894819238498,1461.6269293064024,1498.1676025390625,1494500
2016-03-11,1464.9486795945993,1474.0838470977403,1438.3736468581894,1466.609619140625,2409000
2016-03-14,1489.8628787222992,1506.4722753635735,1474.0839519130886,1498.998046875,1571200
2016-03-15,1489.86276760349,1492.354176913864,1457.4744465686317,1470.761962890625,1996100
2016-03-16,1457.474505746965,1505.6417543699415,1457.474505746965,1500.658935546875,1356000
2016-03-17,1510.6244857478086,1513.9463647708935,1459.9658306457657,1471.5924072265625,1493900
2016-03-18,1479.8971597819984,1540.521454206289,1467.4401129824867,1525.572998046875,2648700
2016-03-22,1552.9783821398346,1631.8730058314304,1546.3346243552792,1625.229248046875,5457600
2016-03-23,1658.4481050100762,1696.6497138385507,1645.1605888958243,1670.9051513671875,4962400
2016-03-24,1643.4998358934445,1689.1756777196897,1617.7552705004698,1656.787353515625,2548700
2016-03-25,1656.7871341608504,1661.7699526094543,1607.7894194162438,1636.025390625,2020900
2016-03-28,1645.16076299296,1645.9912328379842,1611.9419691919916,1629.3818359375,1531000
2016-03-29,1625.1867117513852,1641.9671630859375,1610.923328117016,1641.9671630859375,1326300
2016-03-30,1641.9671520683094,1665.4597837790466,1629.381813651843,1636.093994140625,1308300
2016-03-31,1653.7132198811807,1658.747354492691,1626.0254795178732,1626.864501953125,1607400
2016-04-01,1626.0254865098827,1637.771800653917,1594.981656272078,1595.8206787109375,1966300
2016-04-04,1570.6502241359217,1610.0842842504453,1553.0307504677303,1574.8453369140625,1356500
2016-04-05,1573.1671770831533,1581.5574020275967,1513.5965799776045,1516.1136474609375,1259900
2016-04-06,1490.9430382682363,1527.8600296491043,1485.9089030799362,1523.6649169921875,1128400
2016-04-07,1534.5721676954581,1591.625698260407,1533.73314518715,1574.0062255859375,1681200
2016-04-08,1555.5478926328856,1632.7379714474623,1547.99668927059,1615.95751953125,1673900
2016-04-11,1609.245261247961,1646.162253685349,1590.786765029267,1639.4500732421875,1500700
2016-04-12,1625.1867119376484,1641.967163274124,1607.5672380343492,1632.7379150390625,1178300
2016-04-13,1652.035400390625,1682.2402121803977,1639.4500621448863,1679.72314453125,1747400
2016-04-14,1703.215809149728,1719.1572379053168,1685.5963352619724,1706.5718994140625,1895900
2016-04-15,1682.2401571603957,1707.410832828631,1669.6548193262781,1696.5035400390625,1146200
2016-04-18,1637.772049883148,1673.0109976777649,1637.772049883148,1660.4256591796875,968000
2016-04-19,1679.723177299387,1708.2499445462297,1669.6549065063837,1706.5718994140625,1641800
2016-04-20,1713.2842380821498,1724.1915324480008,1680.5623549845964,1687.2745361328125,1174500
2016-04-21,1717.479203788163,1721.6743166454864,1702.376797501799,1712.445068359375,1396300
2016-04-22,1708.2498237746431,1734.259521484375,1704.0547112408153,1734.259521484375,1489500
2016-04-25,1740.1329273897059,1742.6499952692475,1690.6305924253893,1697.3427734375,1201100
2016-04-26,1697.3425283208005,1708.249820890336,1657.0694480640539,1678.884033203125,1081400
2016-04-27,1686.4353136862478,1691.4694489509827,1660.42561481845,1664.6207275390625,1075200
2016-04-28,1649.5184146733754,1652.0354824475464,1556.3869070290496,1563.9381103515625,4474600
2016-05-02,1518.630771105697,1576.5233253633176,1518.630771105697,1536.250244140625,1874400
2016-05-06,1531.216153231534,1539.606378728693,1506.0454767400568,1522.825927734375,1880500
2016-05-09,1538.7676013892217,1560.5821911580983,1529.53835187162,1532.055419921875,1058100
2016-05-10,1538.7673894346149,1550.5137053844976,1524.5040057811862,1540.4454345703125,1668100
2016-05-11,1547.157514102917,1555.547739233627,1511.0795460408642,1524.50390625,1751300
2016-05-12,1657.0693962257747,1762.7862285925835,1621.830452103505,1714.1229248046875,7845300
2016-05-13,1728.3864524147727,1730.0644975142045,1672.1719415838068,1707.410888671875,2892200
2016-05-16,1691.4695909948855,1741.8109478697334,1688.9525231511432,1722.513427734375,1846500
2016-05-17,1725.030469484603,1787.1181420244184,1724.1914468827133,1784.60107421875,2387700
2016-05-18,1798.864291362001,1834.9422598921158,1789.6350435984832,1807.2545166015625,2459800
2016-05-19,1833.2642600167026,1866.8251618019056,1819.8398993026215,1830.7471923828125,2245800
2016-05-20,1834.9422380471085,1841.6544181588492,1800.5423149744377,1823.1959228515625,1835000
2016-05-23,1823.19630772293,1861.7913515127389,1812.2890127388537,1844.171875,1613700
2016-05-24,1838.2983499879404,1839.9763950358526,1781.2448183589217,1807.2545166015625,1970800
2016-05-25,1832.425282148113,1836.6203949735436,1802.220469805012,1817.3228759765625,1465900
2016-05-26,1809.7716509174488,1809.7716509174488,1773.6936810567859,1796.3472900390625,2135300
2016-05-27,1813.1276314728452,1855.0787566804538,1805.5764289354756,1839.1373291015625,1948600
2016-05-30,1862.6299074862866,1909.6151664138686,1855.9177276394892,1892.834716796875,2124800
2016-05-31,1874.3761757759903,1886.9615126769033,1838.2982099933727,1869.342041015625,2223200
2016-06-01,1852.5616886605915,1854.2397336684362,1824.0349235272308,1829.9080810546875,1327500
2016-06-02,1832.425303888778,1852.5618456897535,1813.9668072378836,1838.2984619140625,1863900
2016-06-03,1880.2492888980632,1921.361388476825,1867.6639522923197,1873.537109375,2487200
2016-06-06,1850.0447975471122,1933.9470559392716,1847.5277297953476,1905.4202880859375,2555100
2016-06-07,1904.5812315702956,1946.5323600189806,1873.537396518269,1933.947021484375,2660200
2016-06-08,1944.8542376249802,1989.3224320141621,1944.8542376249802,1985.1273193359375,2410000
2016-06-09,2004.4247930004644,2033.7905810938157,1972.5419373562545,1989.3223876953125,2692500
2016-06-10,1984.2884748326958,1996.8738139965394,1968.3470452251604,1977.5762939453125,1805700
2016-06-13,1940.6589323344983,1969.1856957151178,1912.97119140625,1912.97119140625,1526000
2016-06-14,1894.5129060570448,1904.5811765941062,1870.1812522591465,1876.8934326171875,1934300
2016-06-15,1860.1128213473075,1951.5662708407024,1860.1128213473075,1927.234619140625,1898100
2016-06-16,1915.4882984058277,1936.4638601492115,1859.2737929335585,1862.6298828125,1538000
2016-06-17,1887.8009932381767,1906.2594918387279,1866.8254266466415,1879.4107666015625,1430700
2016-06-20,1887.8003957251613,1915.4881348624635,1869.3419029669597,1903.7418212890625,1756500
2016-06-21,1872.698082409604,1933.9467204095597,1864.3078580260485,1923.0394287109375,1475400
2016-06-22,1887.8006022574125,1904.5810520552561,1855.9177476415095,1867.6640625,1524300
2016-06-23,1868.5030224222533,1909.6151230503137,1865.1469325750647,1906.259033203125,1528400
2016-06-24,1929.7521051370875,1938.1423316811617,1746.8451664762679,1778.72802734375,2896400
2016-06-27,1803.0594485728518,1890.3177932222593,1803.0594485728518,1858.4349365234375,2960100
2016-06-28,1851.7229836767774,1906.2594557832524,1841.6547119032743,1898.708251953125,1913800
2016-06-29,1924.7173812415642,1936.4636948149653,1887.8003957251613,1903.7418212890625,1141700
2016-06-30,1971.7029260325774,2013.6540521183767,1967.5078134239973,1995.195556640625,3074600
2016-07-01,1988.4833651783595,1994.3565227970298,1952.405396949385,1989.3223876953125,1867700
2016-07-04,1967.5081290975647,2009.459261914144,1960.7959478469122,2008.6202392578125,1173900
2016-07-05,2019.527507529758,2072.385934191318,1997.7129187487967,2043.0201416015625,2246800
2016-07-06,2013.6541854063275,2038.8248627239068,2009.4590725200644,2028.756591796875,1970200
2016-07-07,2007.781135321834,2067.35174150982,1998.551886475808,2050.5712890625,2645600
2016-07-08,2070.7076526988635,2116.8538929332385,2048.89306640625,2048.89306640625,3334600
2016-07-11,2108.463689172259,2188.170832216972,2098.395418471874,2152.931884765625,3577500
2016-07-12,2223.4095615623273,2307.311809168453,2218.37542670596,2275.428955078125,6333200
2016-07-13,2349.2631867704745,2367.7216832379568,2157.127018995318,2192.365966796875,6859900
2016-07-14,2230.1216730945193,2291.370311971833,2209.1461118351654,2249.419189453125,4831300
2016-07-15,2315.7021914675133,2318.2192590669342,2225.92678042149,2246.90234375,3623800
2016-07-19,2305.6340983014347,2355.1364315619094,2259.4878554315005,2331.643798828125,4271000
2016-07-20,2279.624069068758,2309.8288782283,2239.350990189369,2293.887451171875,3206200
2016-07-21,2349.2633390273313,2371.0779271754423,2327.4487508792204,2348.42431640625,2946800
2016-07-22,2323.253352147808,2390.375153582198,2314.8631269685097,2343.389892578125,2598400
2016-07-25,2320.736511092692,2347.585234286823,2211.663573116535,2230.1220703125,3706500
2016-07-26,2208.307522727795,2303.117078224847,2187.3319573523413,2281.302490234375,2973200
2016-07-27,2259.487948413412,2282.1415594817977,2238.512382609352,2258.64892578125,1669700
2016-07-28,2223.4094640197286,2227.6045762159924,2153.7706015617523,2191.526611328125,2320000
2016-07-29,2180.619584927746,2227.604847242465,2154.609886146384,2221.731689453125,1809600
2016-08-01,2164.678003886919,2231.7998024570566,2157.126801547779,2204.112060546875,1587600
2016-08-02,2204.1121297699506,2280.463178041388,2200.756039736041,2257.8095703125,2102000
2016-08-03,2215.8583310947593,2250.258252175746,2206.62908397547,2208.30712890625,1250800
2016-08-04,2196.560837518601,2225.9266241164432,2154.609713807398,2220.053466796875,1591900
2016-08-05,2178.102349298194,2196.560843783772,2018.68807874093,2037.985595703125,4624800
2016-08-08,2037.9857514514122,2091.6831940586126,2026.239435881087,2074.063720703125,2226200
2016-08-09,2084.971273775011,2148.7369948240657,2074.063979385041,2141.185791015625,1552500
2016-08-10,2147.898026315789,2253.6148822985197,2147.898026315789,2231.80029296875,2910500
2016-08-12,2349.263435636712,2483.5070605302385,2329.126891902683,2462.531494140625,7322900
2016-08-15,2456.6581595134835,2472.599588827266,2408.8338715721347,2442.394775390625,2130300
2016-08-16,2446.5891796875,2498.6085655381944,2413.028285590278,2454.140380859375,2539400
2016-08-17,2434.8435061127207,2450.7849349949197,2395.4094451935966,2425.6142578125,2052800
2016-08-18,2407.155520260068,2491.8967916250963,2406.3164977713054,2444.072509765625,2489300
2016-08-19,2434.0046395166523,2439.038775275735,2399.6047118295846,2424.775390625,1643100
2016-08-22,2432.3263716264205,2505.3213334517045,2427.292236328125,2491.89697265625,1971100
2016-08-23,2504.482154807672,2559.0186171401674,2487.701704859212,2492.73583984375,2688400
2016-08-24,2488.5410577098064,2525.45805249714,2479.3118090129733,2521.262939453125,1441600
2016-08-25,2521.262694821436,2538.0431453693323,2484.345703616064,2502.80419921875,1460700
2016-08-26,2483.5064089846433,2486.8624987265143,2438.199197469383,2444.911376953125,1858200
2016-08-29,2480.1506121924044,2491.896927676401,2444.911665740415,2459.175048828125,1231900
2016-08-30,2458.3365559674994,2476.795055705139,2424.7756473536083,2473.43896484375,833200
2016-08-31,2514.5504298306446,2579.9941847611717,2505.3211823404417,2575.799072265625,2535700
2016-09-01,2588.3846321352066,2613.5553092710434,2584.189519279234,2600.969970703125,2036400
2016-09-02,2600.970170025664,2613.555509558046,2529.6532460088315,2605.165283203125,1853100
2016-09-05,2605.1652384570943,2621.945690878718,2592.5798991408765,2609.3603515625,1626100
2016-09-06,2605.16503830312,2710.0428578805404,2600.969925520023,2697.45751953125,2435300
2016-09-07,2668.0916213637674,2743.6036483834964,2663.8965087515603,2731.018310546875,2107900
2016-09-08,3318.3344767252606,3318.3344767252606,2919.79873046875,3020.4814453125,14955400
2016-09-09,2936.5787456846306,3024.676108055169,2894.627620746279,2923.993408203125,5162400
2016-09-12,2936.5785504331684,3028.871019161068,2877.8469794245048,2965.9443359375,3981000
2016-09-13,2965.944690797121,2982.7251416644312,2877.847323743741,2932.3837890625,2913100
2016-09-14,2949.1644434160694,2999.5057994914505,2877.8475223092796,2890.432861328125,2922000
2016-09-15,2877.847323743741,2949.1642399298103,2852.6766474427754,2932.3837890625,2271300
2016-09-16,2949.164218668165,3037.2615850864177,2911.408204488914,3003.70068359375,2509300
2016-09-20,3024.676082271556,3209.261030426824,2986.920070148887,3205.06591796875,4688600
2016-09-21,3163.1145896099983,3184.0901505490565,3070.8221214781415,3154.724365234375,3223200
2016-09-23,3100.1881862059545,3112.773523903678,3024.676160019612,3058.237060546875,3682500
2016-09-26,3083.4075632402973,3133.7489112115677,3049.8466645927842,3121.16357421875,1934600
2016-09-27,3108.578657820418,3125.3591094145904,3066.627528834987,3104.383544921875,2141100
2016-09-28,3129.5544631897055,3188.2860482897804,3104.383783861102,3150.530029296875,2020700
2016-09-29,3158.9195851972027,3163.1146975281417,3083.4075632402973,3121.16357421875,1681000
2016-09-30,3125.3595179441686,3163.115538966313,3062.432816240595,3066.6279296875,1582200
2016-10-03,3054.0418833856997,3104.3832331118374,2999.5054211823835,3087.602783203125,1600900
2016-10-04,3095.9933191247887,3133.749335211676,3083.4079804291596,3104.383544921875,1510700
2016-10-05,3075.017711566246,3079.212824406036,3037.2616960081336,3062.432373046875,1717400
2016-10-06,3049.8470601573626,3054.0421730324074,2898.82299665576,2944.96923828125,4286400
2016-10-07,2903.0180220170455,2911.4082475142045,2840.091330788352,2907.213134765625,2775200
2016-10-11,2903.017428665955,2923.9929881216335,2810.7249670609676,2823.310302734375,2863600
2016-10-12,2772.9690815718654,2789.749529871847,2701.652176296946,2764.578857421875,4570400
2016-10-13,2764.579388765298,2810.725630459408,2718.4331470711886,2806.530517578125,2660700
2016-10-14,2747.799051607572,2768.774616887019,2705.8479210486776,2726.823486328125,2561800
2016-10-17,2743.6039555180178,2802.3355386636636,2714.238163945195,2793.9453125,1774200
2016-10-18,2798.1404859007894,2882.04274934609,2772.969806867199,2856.8720703125,2414200
2016-10-19,2861.0671218093094,2911.408478791291,2781.3599732545044,2793.9453125,2060400
2016-10-20,2768.7743924252213,2844.286421309546,2768.7743924252213,2840.09130859375,1519900
2016-10-21,2835.896172643249,2848.481510687524,2714.237904881926,2772.969482421875,2193800
2016-10-24,2764.5795450846354,2798.140450032552,2751.994205729167,2768.774658203125,1420400
2016-10-25,2772.9698310908566,2844.286755642361,2768.7747178819445,2831.701416015625,1809700
2016-10-26,2827.5059050621344,2882.0423691063597,2827.5059050621344,2869.45703125,1707200
2016-10-27,2861.067228429458,2919.7988137637867,2814.9209828096277,2852.677001953125,1838000
2016-10-28,2861.066850207037,2886.237526308565,2840.091286789097,2865.261962890625,1010600
2016-10-31,2886.2373451368344,2894.6275699773482,2823.310658832979,2835.89599609375,1921000
2016-11-01,2814.9204018802966,2819.1155142526964,2701.6523678255007,2722.6279296875,2369600
2016-11-02,2697.457542143961,2735.21355750834,2651.3113011430532,2672.286865234375,1854200
2016-11-04,2655.5065025990407,2714.238084015133,2642.9211637241633,2663.896728515625,1424900
2016-11-07,2751.9937846956354,2789.7497969856668,2710.0426599289335,2739.408447265625,2197600
2016-11-08,2781.359865153494,2785.5549780722777,2718.4331713717406,2735.213623046875,1333200
2016-11-09,2718.4332923030547,2747.7990840408966,2584.1896729300643,2609.3603515625,2993600
2016-11-10,2714.2377724056037,2760.3840096489757,2684.8719850689126,2739.408447265625,2598400
2016-11-11,2848.4809740811897,2865.2614216457328,2802.3347432786964,2823.310302734375,2925900
2016-11-14,2823.3109243819963,2844.2864884561563,2789.7500218633395,2810.7255859375,1721400
2016-11-15,2844.286379045759,2953.3593080357145,2785.5548018973213,2936.578857421875,3319700
2016-11-16,2978.5298257297636,3016.2858376052113,2928.1884765625,2928.1884765625,3157600
2016-11-17,2936.5787714761573,2999.5054594363605,2894.627646169355,2991.115234375,1774700
2016-11-18,3037.2614304956896,3066.627217807112,3007.8956431842676,3041.45654296875,2097200
2016-11-21,3062.432306463068,3108.578546697443,3028.8714044744315,3045.65185546875,2221500
2016-11-22,3041.4567427201705,3062.432306463068,2995.3105024857955,3045.65185546875,1374900
2016-11-24,3087.6028932005493,3087.6028932005493,3041.456654307606,3054.0419921875,1325000
2016-11-25,3041.4567654156385,3049.846990975406,2949.164284258198,2974.3349609375,2041200
2016-11-28,2928.1885464147967,2999.5054594363605,2898.822758700035,2991.115234375,1490300
2016-11-29,2965.9447578875133,2978.5300963226796,2911.4082913351263,2949.164306640625,1828900
2016-11-30,2932.383633190795,2944.9689706723007,2877.8471707709377,2923.993408203125,9284900
2016-12-01,2970.1400715221057,3007.896089380438,2936.5791667591443,2953.359619140625,1978200
2016-12-02,2835.8963550585045,2835.8963550585045,2701.652740617865,2756.189208984375,6141400
2016-12-05,2684.8722278225805,2689.0673406785536,2575.7992935672883,2600.969970703125,5831800
2016-12-06,2592.579074480016,2655.505751045065,2550.6279567699835,2571.603515625,4924700
2016-12-07,2542.238434281603,2600.9700152716073,2506.999485687601,2596.77490234375,3730600
2016-12-08,2559.019132915296,2739.4090062191613,2453.3022769325657,2710.043212890625,8142100
2016-12-09,2634.531038411458,2861.067146809896,2626.1408121744794,2768.774658203125,6714900
2016-12-12,2793.944949776786,2810.7253999255954,2588.384435453869,2642.9208984375,5479800
2016-12-13,2584.1892530487803,2630.335489710366,2567.4088033536586,2579.994140625,3062200
2016-12-14,2605.1648151676827,2638.725714557927,2563.213690929878,2579.994140625,2607500
2016-12-15,2588.383962709013,2600.969298022023,2514.5499955393557,2571.603515625,2914500
2016-12-16,2571.604091068811,2571.604091068811,2367.7216133755906,2397.08740234375,11803400
2016-12-19,2292.209927620356,2302.2781996304016,2155.449232817238,2213.341796875,13438800
2016-12-20,2181.458831501898,2227.6050760144385,2146.2198811468675,2154.610107421875,9178900
2016-12-21,2181.4588323719204,2203.2734206956397,2142.0247688636587,2145.380859375,6232800
2016-12-22,2139.507501775568,2142.024569424716,2068.190585049716,2104.2685546875,7715000
2016-12-26,2138.66889650333,2191.527327448685,2125.2445330886367,2161.322509765625,6478800
2016-12-27,2165.5173133595285,2178.9416748526523,2124.405206286837,2135.3125,3622100
2016-12-28,2127.7613411970965,2161.322245632382,2124.405250753568,2131.117431640625,2835600
2016-12-29,2122.7270731437925,2122.7270731437925,2091.6832384772624,2106.78564453125,3202900
2016-12-30,2101.751900645281,2160.4834906832725,2099.234832500795,2142.864013671875,3444800
2017-01-04,2164.678267984357,2164.678267984357,2126.922251682304,2142.024658203125,4049200
2017-01-05,2166.3561137519728,2219.214531709515,2143.702506055883,2193.204833984375,5509600
2017-01-06,2185.654081984593,2328.2879376227434,2177.263855182349,2282.980712890625,14195100
2017-01-10,2287.175203012735,2294.7264050769736,2242.707013078885,2277.10693359375,5251000
2017-01-11,2298.9221231991132,2337.517166143332,2268.7173069818987,2271.234375,5227600
2017-01-12,2259.4880630544735,2290.531902019574,2225.9271560651755,2234.3173828125,4369300
2017-01-13,2223.4094265692247,2262.004458124766,2208.3070229170567,2241.867919921875,2410400
2017-01-16,2235.155825052301,2236.8338699660044,2170.5510958747386,2205.7900390625,2963200
2017-01-17,2180.619694443619,2229.283004284993,2178.102626693203,2206.62939453125,2470600
2017-01-18,2196.5612288411457,2270.3952197265626,2183.1368668619793,2265.361083984375,3754400
2017-01-19,2298.921693659627,2299.7607161755614,2174.7463613013697,2204.951171875,8697300
2017-01-20,2191.5266593089873,2235.9948495629596,2191.5266593089873,2224.24853515625,2649100
2017-01-23,2224.2485341389975,2244.385073112719,2209.1461299087064,2215.019287109375,2453200
2017-01-24,2164.678133285055,2168.034223414179,2106.785578557664,2136.1513671875,5397400
2017-01-25,2131.956601918636,2186.4930754033708,2126.9224659046604,2185.654052734375,3132300
2017-01-26,2190.6877458027016,2226.7657132747495,2186.492633305952,2218.37548828125,3342300
2017-01-27,2213.3413521703374,2223.4096221574655,2176.424362217534,2199.9169921875,2782700
2017-01-30,2184.81449614205,2193.204720781612,2159.643822223363,2171.39013671875,2910300
2017-01-31,2156.287862552207,2168.0341777567714,2116.8538043654544,2121.887939453125,4479600
2017-02-01,2096.7173869331477,2136.1514474316905,1888.6397911110507,1983.4493408203125,13211600
2017-02-02,2005.2637259567841,2038.8246251359772,1981.771096531349,1988.4832763671875,3612200
2017-02-03,2041.341621308729,2146.219427582297,2038.8245539581633,2058.1220703125,6280300
2017-02-06,2069.869001882145,2127.761568209615,2043.020275469405,2100.912841796875,4637500
2017-02-07,2086.649058814188,2118.531915362213,2069.0295854587002,2074.063720703125,2522000
2017-02-08,2080.7759013223554,2121.888005824289,2074.063720995509,2101.75146484375,2707000
2017-02-09,2173.0688314056993,2246.063807595775,2132.7957410939334,2142.864013671875,5870400
2017-02-10,2184.8146750198243,2189.8488102157226,2153.7708413117853,2182.297607421875,3729600
2017-02-13,2222.5709100284753,2267.878131297459,2202.4343672422606,2244.385498046875,4202500
2017-02-14,2225.9267791196594,2241.029184707354,2175.585427160677,2182.297607421875,2766400
2017-02-15,2177.2633777296687,2182.297512707078,2070.7075207078315,2089.166015625,5880700
2017-02-16,2073.2245397210468,2080.7757420106013,2026.2392810304846,2037.985595703125,4849000
2017-02-17,2038.8245849609375,2058.9611240716627,2008.6197762948495,2038.8245849609375,3448500
2017-02-20,2050.5710234121243,2079.9368113906125,2045.536888330098,2066.512451171875,2563400
2017-02-21,2060.6391409078337,2093.3610165167124,2058.1220735533047,2085.809814453125,1437300
2017-02-22,2080.7761010673194,2086.6492594171064,2058.1224902895706,2078.259033203125,1726500
2017-02-23,2078.2586337898506,2090.8439706920904,2063.156229507163,2079.09765625,1499400
2017-02-24,2064.8343189380785,2105.9464203716284,2059.8001840686643,2084.1318359375,1643700
2017-02-27,2126.083251953125,2160.4831782870156,2114.3369356439916,2126.083251953125,4251500
2017-02-28,2130.2779861287163,2146.219412570798,2120.209716796875,2120.209716796875,1802600
2017-03-01,2139.5073665934765,2139.5073665934765,2074.9026343473206,2107.62451171875,2293700
2017-03-02,2128.5999627440824,2128.5999627440824,2099.2341768962137,2113.49755859375,1676900
2017-03-03,2113.4976674180302,2116.8537574020206,2063.99534015417,2079.936767578125,2121700
2017-03-06,2071.5467862665555,2086.6491929708072,2066.5126506984716,2070.707763671875,1495300
2017-03-07,2064.834325920184,2068.190415844475,2031.2734266772713,2034.6295166015625,3109800
2017-03-08,2048.8930442841197,2060.6393598533164,2038.8247737962372,2055.605224609375,2289300
2017-03-09,2051.41017859032,2062.3174719734175,2036.307772367569,2044.697998046875,1531700
2017-03-10,2061.4785792246585,2101.7516650214775,2056.4444435000564,2096.717529296875,2328000
2017-03-13,2125.244074267847,2159.6439980913688,2110.9806912190693,2136.1513671875,3085700
2017-03-14,2094.2001506024094,2142.863455384036,2067.3514307228916,2089.166015625,3443000
2017-03-15,2080.7757912460015,2111.8196236153976,2072.3855662813,2098.395263671875,1610100
2017-03-16,2095.878329190341,2127.7611860795455,2087.4881036931815,2122.72705078125,1472600
2017-03-17,2123.566073330966,2126.0831409801135,2102.590509588068,2122.72705078125,1480700
2017-03-21,2116.015069110577,2133.6345443093564,2103.429729682877,2126.92236328125,1409400
2017-03-22,2097.5563742897725,2133.6343439275565,2093.361261541193,2122.72705078125,1847000
2017-03-23,2122.726616492638,2126.0827060048796,1993.5171702713471,2006.9415283203125,5534300
2017-03-24,1996.8736683238635,2053.9272017045455,1991.0005104758523,2021.205322265625,2853800
2017-03-27,1997.7126341725623,2005.26383690568,1929.7518095745038,1954.9224853515625,4232300
2017-03-28,1964.9912562764093,1970.8644154540075,1949.0498242229287,1960.796142578125,1919300
2017-03-29,1972.7055429848813,2020.3431067654562,1952.2894442217776,2008.4337158203125,2342800
2017-03-30,2008.433341177933,2019.4920592784467,1953.9904212984804,1958.2437744140625,2351400
2017-03-31,1957.3930827795589,1964.198447691439,1921.6649169921875,1921.6649169921875,2900900
2017-04-03,1917.4115715985154,1942.081019502844,1891.0407824594054,1930.171630859375,2515000
2017-04-04,1951.4382166569342,1982.0623560639306,1910.6060307809391,1923.3660888671875,2414200
2017-04-05,1917.4114406746878,1958.2436275213536,1908.0540645223268,1932.7235107421875,1876000
2017-04-06,1923.3663658833814,1935.2757551458171,1895.294234050497,1904.651611328125,1640000
2017-04-07,1912.3073814804306,1933.5741450645103,1879.98190083263,1920.8140869140625,1808400
2017-04-10,1943.7823465080028,1972.705147287553,1936.1263110075336,1954.841064453125,1729000
2017-04-11,1953.139689718874,1955.6917015085762,1914.008842276771,1931.8729248046875,1619000
2017-04-12,1902.0993349600726,1924.2167690875153,1891.8912884397143,1920.8140869140625,1612700
2017-04-13,1900.3979963623922,1917.4114072519392,1884.2352560173226,1898.6966552734375,1793500
2017-04-14,1885.0860969567545,1898.6968268986807,1874.87804950031,1885.936767578125,1538300
2017-04-17,1882.5341440814448,1959.0945024037808,1880.8328027853927,1953.990478515625,2042600
2017-04-18,1973.5556862571023,1978.6597095836294,1929.3208174272017,1946.334228515625,1398200
2017-04-19,1956.5424537499348,2044.161528852649,1953.9904418537392,2036.5054931640625,3879000
2017-04-20,2036.5056456367925,2058.623083726415,2011.8361954599056,2028.849609375,2499300
2017-04-21,2037.3565075544934,2054.369923066431,2008.4337011842001,2022.04443359375,1725100
2017-04-24,2039.0574874973815,2056.070899992145,2019.4920631284037,2030.55078125,1408500
2017-04-25,2029.7000278577302,2038.2067337582237,2008.4332631064967,2020.3426513671875,1651600
2017-04-26,2037.3560479400471,2057.772141948632,2003.3292245924054,2056.07080078125,2308500
2017-04-27,2058.622737529115,2070.532125266887,2029.6999387373837,2054.369384765625,1855500
2017-04-28,2041.609499371596,2067.129618113741,2019.4920631284037,2030.55078125,1991000
2017-05-01,2028.8490461518495,2031.4010575306568,1994.8222277677512,2016.0889892578125,1458100
2017-05-02,2012.6866742213338,2066.2789229432037,2011.836003606701,2057.772216796875,2751300
2017-05-08,2081.5910247393185,2102.0071197919315,2074.785659721781,2091.799072265625,2235900
2017-05-09,2102.8577309686616,2114.767119412659,2096.903036746663,2107.111083984375,1708800
2017-05-10,2116.4686865521035,2179.4183179045376,2112.215333082345,2173.463623046875,3174300
2017-05-11,2178.567633213141,2185.372998721031,2141.1381229197486,2156.4501953125,1938300
2017-05-12,2186.2237847305787,2233.0106750652794,2181.9704310637876,2209.19189453125,4824300
2017-05-15,2192.1783090152253,2339.344334416713,2187.0742850128613,2294.2587890625,8684000
2017-05-16,2284.0503700368163,2324.8825554229497,2245.7701962373167,2263.63427734375,3562200
2017-05-17,2261.082448609791,2274.6931781725284,2221.1009305192492,2237.263671875,2499600
2017-05-18,2195.5811834839506,2298.5123431900943,2195.5811834839506,2284.901611328125,3533500
2017-05-19,2284.901171948123,2307.869277548495,2268.7384309700838,2272.14111328125,3337800
2017-05-22,2270.440020339615,2299.3628231464886,2267.8880083272434,2291.706787109375,1730300
2017-05-23,2215.9966027357555,2243.218058124448,2165.8070443628535,2166.65771484375,5689500
2017-05-24,2173.463623046875,2187.0743541501038,2164.106245413405,2173.463623046875,2172700
2017-05-25,2173.463356844179,2174.314027433942,2131.780497945798,2136.884521484375,2826400
2017-05-26,2147.942956415914,2163.2550250161066,2124.1241830378367,2124.974853515625,1814600
2017-05-29,2130.9298608723698,2135.1832138880827,2102.8577309686616,2107.111083984375,1965800
2017-05-30,2067.1294114716197,2087.545504424426,2041.6092952806123,2084.142822265625,3916200
2017-05-31,2095.201624367567,2115.617718149468,2074.7855305856665,2083.292236328125,2414400
2017-06-01,2073.9348437017547,2083.2922199448717,2059.473444053301,2066.27880859375,2607800
2017-06-02,2085.844447773534,2089.247130396329,2062.0256694139666,2073.93505859375,2412800
2017-06-05,2073.935133236744,2081.591169413582,2051.8176953925463,2075.636474609375,1947800
2017-06-06,2071.3827690270864,2074.785451193866,2039.05728844268,2039.907958984375,2633500
2017-06-07,2037.356319997794,2051.8177218516403,2014.3882111710964,2048.4150390625,2252300
2017-06-08,2043.310905737223,2058.6229774704743,2020.3427981373459,2034.80419921875,2298200
2017-06-09,2096.9031259964922,2159.002082669005,2092.649772799745,2125.825927734375,5806700
2017-06-12,2109.662976319417,2183.67131460159,2096.9029179949043,2159.8525390625,3567900
2017-06-13,2139.4368285888377,2155.5995720254928,2114.767378080259,2124.124755859375,2075000
2017-06-14,2147.0924694245286,2150.4951516264696,2088.396201441053,2098.604248046875,2077700
2017-06-15,2082.441359766106,2093.5000761374126,2056.0705745729892,2073.083984375,2133600
2017-06-16,2061.1747394621716,2089.246867568755,2048.4146812319063,2056.92138671875,1891800
2017-06-19,2065.4284770631007,2130.930121516914,2064.5778063559083,2124.124755859375,2445600
2017-06-20,2150.4951195293766,2155.5991427561075,2126.676344471298,2128.377685546875,1559700
2017-06-21,2134.332391488229,2145.391108542572,2097.7535581546326,2103.708251953125,1471400
2017-06-22,2113.9166608881906,2163.2555608203897,2107.961966068787,2156.4501953125,2452900
2017-06-23,2168.359293652034,2189.6260580071935,2136.8844824063985,2147.092529296875,1851200
2017-06-26,2153.0473138969523,2168.3593848768596,2143.689937187009,2165.807373046875,1273300
2017-06-27,2169.209980514814,2170.9113216760024,2145.391204258181,2164.10595703125,1267600
2017-06-28,2160.7031928437623,2184.5219681979456,2136.884417489579,2142.839111328125,1786500
2017-06-29,2158.151706459115,2159.002377214518,2120.7221932213533,2154.7490234375,1929000
2017-06-30,2129.2286350753616,2140.287353515625,2113.0658927395916,2140.287353515625,1631300
2017-07-03,2132.631103515625,2141.988479717728,2119.871045058212,2132.631103515625,1035400
2017-07-04,2136.033513154179,2141.1375358857304,2105.409376764872,2118.16943359375,1669000
2017-07-05,2119.0204190255317,2220.250218248349,2114.76706611701,2205.788818359375,5289500
2017-07-06,2210.892971770103,2260.231868408297,2198.983582926401,2214.295654296875,3613800
2017-07-07,2218.5488672476886,2238.964961118066,2200.6847851111083,2208.3408203125,2704800
2017-07-10,2221.1010491857915,2259.381228126182,2215.1463546839527,2248.322509765625,2436000
2017-07-11,2260.2315024852574,2260.2315024852574,2231.308705690188,2244.91943359375,1649900
2017-07-12,2242.3674874125377,2252.575533637481,2217.698042368925,2249.1728515625,1775500
2017-07-13,2256.829042881002,2276.3944661702076,2254.277031147627,2272.14111328125,2166800
2017-07-14,2279.7971939667227,2303.615970620106,2274.6931703981404,2281.49853515625,2676000
2017-07-17,2281.49853515625,2281.49853515625,2281.49853515625,2281.49853515625,0
2017-07-18,2279.7968661789614,2290.0049118484194,2256.828763422681,2260.2314453125,2038400
2017-07-19,2240.666602556363,2263.634711238604,2221.101176641862,2256.829345703125,1952100
2017-07-20,2248.322808923856,2250.024150436473,2140.2876228726527,2174.314453125,4788600
2017-07-21,2175.1647240641373,2176.866065264031,2145.391253065997,2151.345947265625,2123400
2017-07-24,2126.6763638227417,2127.5270343682705,2094.3508830926357,2123.273681640625,2208800
2017-07-25,2124.1243449765275,2131.7803798603036,2101.1562403251996,2103.708251953125,1386300
2017-07-26,2109.663289714587,2122.4233499346346,2077.337803823799,2119.871337890625,2606300
2017-07-27,2099.4548822551465,2101.1562233266663,2075.6361072538725,2086.69482421875,3547700
2017-07-28,2086.6948070596677,2095.2015123473143,2063.7267027830226,2069.681396484375,1856100
2017-07-31,2065.4279880798967,2073.0840226320875,2048.4145779639175,2062.8759765625,1632900
2017-08-01,2064.57723297094,2077.337290035037,2048.414494023083,2063.7265625,1648600
2017-08-02,2066.2788120420637,2113.916363904705,2054.3694240764034,2107.961669921875,2296500
2017-08-03,2118.1700333629046,2127.527411020331,2084.1432055177174,2090.097900390625,2299100
2017-08-04,2084.1427007463067,2096.0520876077144,2069.6813024145977,2073.083984375,1363100
2017-08-07,2091.7988302322556,2092.6495007610206,2069.681396484375,2069.681396484375,1247200
2017-08-08,2069.6817637335776,2105.4099322813827,2056.071032858223,2100.305908203125,1696200
2017-08-09,2088.3961556400463,2089.246826171875,2064.577380748836,2089.246826171875,1707300
2017-08-10,2005.8814251529545,2029.7002037383163,1982.913317231356,1996.5240478515625,5265300
2017-08-11,1996.5240478515625,1996.5240478515625,1996.5240478515625,1996.5240478515625,0
2017-08-14,1956.5424091303153,1988.8678924115989,1943.782349940335,1985.4652099609375,2431000
2017-08-15,1987.1664261122883,2013.537213445114,1982.9130733166712,2007.58251953125,1616900
2017-08-16,1988.8677493450848,2008.4331720289758,1978.6597027274026,2001.6278076171875,1620900
2017-08-17,2001.6278104983503,2062.0254197399067,2001.6278104983503,2054.369384765625,2556800
2017-08-18,2036.5055578374127,2056.0709829962516,2025.4468392693734,2040.7589111328125,1845600
2017-08-21,2044.161702371335,2048.4150558927067,2019.492251947378,2023.74560546875,1199100
2017-08-22,2025.4466749074836,2039.9080749383224,2015.2386278268914,2020.3426513671875,912600
2017-08-23,2036.5056112185653,2046.7136593950995,2016.089514865497,2016.940185546875,1106200
2017-08-24,2020.3427860119323,2036.5055283000277,2001.6280317836113,2006.7320556640625,1112900
2017-08-25,2016.089450194487,2022.0441447731205,2006.7320729994915,2012.686767578125,721600
2017-08-28,2012.6861320438716,2068.8303774855012,2007.5821097309963,2053.518310546875,1623500
2017-08-29,2047.5643372069082,2057.772385418991,2008.4334857272581,2025.4468994140625,1497800
2017-08-30,2028.8492272824658,2030.5505683535623,1990.5690531827968,2000.777099609375,1562600
2017-08-31,1999.0757585382787,2009.2838049648572,1988.017041576152,2000.777099609375,1325400
2017-09-01,2002.4786675231544,2009.2840325784582,1984.6145842529818,1994.8226318359375,1395400
2017-09-04,1976.9588995295699,1982.0629242271507,1951.4387760416666,1977.8095703125,1322800
2017-09-05,1981.2118612253068,1993.9719204431597,1954.8410721750772,1963.3477783203125,1367100
2017-09-06,1936.977139559659,1957.3932358923037,1931.022444795971,1955.69189453125,2137700
2017-09-07,1965.049046392894,1983.7637992156835,1946.3342935701046,1950.587646484375,1673000
2017-09-08,1942.0811636428202,1984.6146976691632,1935.2757981986053,1955.69189453125,1705500
2017-09-11,1968.4520730533632,2007.5829267095667,1958.244024273484,1997.3748779296875,2514800
2017-09-12,2039.057350431955,2071.3828319990866,2033.9533270266186,2066.27880859375,3119000
2017-09-13,2067.1292163663607,2069.6812277445906,2026.2970343146794,2049.26513671875,2050700
2017-09-14,2033.9538244521061,2035.6551660032999,1988.868273345472,2022.04443359375,2568000
2017-09-15,1999.0757352583637,2056.070660476368,1998.2250647327216,2050.115966796875,1845900
2017-09-18,2050.115966796875,2050.115966796875,2050.115966796875,2050.115966796875,0
2017-09-19,2051.817222122487,2101.1561105483174,2041.6091762412802,2073.083984375,2638700
2017-09-20,2062.8760587731185,2096.0522098214287,2059.4733766143177,2084.142822265625,1862600
2017-09-21,2096.052340574187,2130.0791642848067,2084.14295227547,2092.649658203125,2029400
2017-09-22,2096.0524055527385,2106.2604529823784,2073.934969455185,2096.903076171875,1177800
2017-09-25,2109.6630241297466,2122.423082743435,2079.0388834568957,2083.292236328125,1043000
2017-09-26,2075.6364144184804,2103.7085462528285,2065.428366478717,2090.948486328125,1631000
2017-09-27,2099.4551774697175,2135.1833449955393,2096.9031655035874,2115.617919921875,1546300
2017-09-28,2113.9164602647825,2162.4046849066713,2103.7084129717537,2146.241943359375,2639200
2017-09-29,2150.4953812698254,2161.5540996070517,2133.4819684433237,2145.391357421875,1350400
2017-10-02,2141.1380335073004,2179.418212890625,2127.527303059896,2179.418212890625,1987300
2017-10-03,2184.52220184949,2191.327566964286,2163.2554358657526,2167.5087890625,1795100
2017-10-04,2154.748719577647,2180.2688386409436,2143.6900013168856,2170.060791015625,1231800
2017-10-05,2163.255321941122,2185.372757399427,2162.404651346572,2176.015380859375,1044200
2017-10-06,2179.41792523979,2179.41792523979,2133.481716042698,2147.943115234375,1790200
2017-10-09,2147.943115234375,2147.943115234375,2147.943115234375,2147.943115234375,0
2017-10-10,2147.9433098740465,2164.9567222294845,2141.137944931871,2160.703369140625,1741400
2017-10-11,2160.703199913331,2176.0152698339766,2151.345823850714,2162.404541015625,1213400
2017-10-12,2164.1060615392194,2180.2688033510294,2153.0473434574546,2158.1513671875,1165900
2017-10-13,2157.3005302116494,2161.553882992035,2125.825719636795,2137.735107421875,1598900
2017-10-16,2141.9885548743273,2158.1512961541575,2132.631178343899,2134.33251953125,1142700
2017-10-17,2136.033746941215,2153.897828456853,2134.332405844488,2142.839111328125,991100
2017-10-18,2141.1379792173466,2152.1966974254615,2119.87121343251,2130.929931640625,932000
2017-10-19,2126.676493992543,2149.644600127662,2124.975152797349,2131.780517578125,1152700
2017-10-20,2119.870953455106,2120.721623982174,2103.708213440801,2113.916259765625,1237800
2017-10-23,2130.078848968941,2131.780189902622,2083.291973292706,2088.39599609375,1990400
2017-10-24,2252.575608672288,2285.751760008474,2211.7434224123676,2250.874267578125,9323000
2017-10-25,2279.7972925435593,2282.349304438197,2160.7034041271045,2172.61279296875,9533600
2017-10-26,2164.1060332369943,2236.4130351336707,2160.7033507947976,2207.490234375,3765900
2017-10-27,2199.8344018582784,2227.055863907569,2187.0743415226734,2217.698486328125,2431400
2017-10-30,2220.2501015937023,2243.2182060929476,2214.295407834639,2236.412841796875,2907100
2017-10-31,2254.276752005316,2320.6290488567934,2234.711331138855,2260.2314453125,4642900
2017-11-01,2282.349170049985,2282.349170049985,2253.426370280436,2269.589111328125,2208600
2017-11-02,2283.200171511764,2286.6028543307084,2248.322672617583,2268.73876953125,1841500
2017-11-03,2268.73876953125,2268.73876953125,2268.73876953125,2268.73876953125,0
2017-11-06,2268.7385442713316,2274.693238613251,2195.5808709277494,2221.95166015625,2811600
2017-11-07,2209.1915264495033,2227.9062794652477,2198.983479350006,2220.250244140625,1946200
2017-11-08,2197.2821125423316,2207.490159522784,2163.255289274158,2205.788818359375,2438900
2017-11-09,2222.802554673325,2272.9921263249616,2197.282433494527,2227.055908203125,3347600
2017-11-10,2101.1566005608975,2163.2555608203897,2101.1566005608975,2156.4501953125,5907700
2017-11-13,2151.3460271800973,2197.282241283587,2140.287308969998,2172.61279296875,2814500
2017-11-14,2178.5676748292203,2277.245476578611,2171.7623091913315,2268.73876953125,3839200
2017-11-15,2248.3223045984178,2284.9011389146235,2228.756881592075,2238.1142578125,2947400
2017-11-16,2228.757099605708,2299.3627634481786,2219.3997224699588,2265.3359375,2783500
2017-11-17,2304.466815004686,2386.1311982606658,2294.258767097688,2382.728515625,5821100
2017-11-20,2362.3123860556025,2369.968421876453,2256.829225857225,2287.453369140625,4671400
2017-11-21,2276.3941736812085,2322.3303789797083,2250.8740596264865,2307.018310546875,2943300
2017-11-22,2329.136126053051,2447.379340633538,2325.73344361908,2335.0908203125,7071900
2017-11-23,2335.0908203125,2335.0908203125,2335.0908203125,2335.0908203125,0
2017-11-24,2310.421186030001,2312.973197649327,2214.2954150353803,2255.978271484375,5396800
2017-11-27,2262.783690461799,2276.394419426983,2192.178033954908,2198.9833984375,4020700
2017-11-28,2189.626140153001,2190.4768107591212,2158.1513277265594,2168.359375,3121600
2017-11-29,2181.9701799118297,2181.9701799118297,2136.8846362333397,2170.060791015625,2346700
2017-11-30,2168.359714206778,2186.2237997298625,2152.1969701620824,2164.95703125,1927000
2017-12-01,2156.4498206412436,2172.6125609142946,2044.1613092705754,2062.025390625,7930600
2017-12-04,2062.026100926751,2067.9807967627607,2022.895242575831,2027.999267578125,3662300
2017-12-05,2007.5828243421754,2024.596238107787,1969.302643369549,1992.270751953125,5098800
2017-12-06,2007.5829267095667,2038.2070730492042,1988.8681706131215,1997.3748779296875,3313300
2017-12-07,2024.5956938538372,2032.2517279902593,2011.8356369598002,2016.0889892578125,2018600
2017-12-08,2032.2517550752266,2064.57723297094,2027.9984027205276,2063.7265625,3307900
2017-12-11,2055.21982993462,2062.0251936099003,2032.2517275305497,2049.26513671875,1695900
2017-12-12,2054.369384765625,2076.4868191357727,2049.265361449437,2054.369384765625,1657800
2017-12-13,2011.8358003748754,2023.7451877766719,1925.9180769762022,1972.7049560546875,7037900
2017-12-14,1982.0623318703847,1987.166355042583,1967.6009328824891,1972.7049560546875,1786300
2017-12-15,1975.2571845892953,1979.5105376999527,1958.2437721466658,1969.302490234375,1727400
2017-12-18,1986.3162781418011,1990.5696320564516,1975.2575579637098,1977.8095703125,1621400
2017-12-19,1997.3747996848767,1999.076141081542,1970.1533373382345,1976.1080322265625,1057600
2017-12-20,1971.0036898263309,1976.9583837532987,1961.6463136553816,1974.4063720703125,1492100
2017-12-21,1965.899864982836,1969.3025475704308,1949.7371226917612,1965.0491943359375,1711000
2017-12-22,1950.5875223084945,1976.9583086981863,1950.5875223084945,1972.7049560546875,1413200
2017-12-25,1972.705172722901,1974.4065139671638,1950.5877365474826,1969.302490234375,991400
2017-12-26,1959.945060483871,1973.5557900705644,1943.7823190996723,1951.4383544921875,1658400
2017-12-27,1954.8411366503526,1981.2119265703532,1953.1397953651915,1967.6011962890625,1354000
2017-12-28,1993.120934571151,2002.4783098508278,1962.496797292209,1981.2115478515625,3361400
2017-12-29,1975.25736152823,1990.569434098216,1971.8546787348996,1976.1080322265625,1099900
2018-01-01,1976.1080322265625,1976.1080322265625,1976.1080322265625,1976.1080322265625,0
2018-01-02,1976.1080322265625,1976.1080322265625,1976.1080322265625,1976.1080322265625,0
2018-01-03,1976.1080322265625,1976.1080322265625,1976.1080322265625,1976.1080322265625,0
2018-01-04,1994.8227678423955,2026.2975833691198,1982.913378183635,2011.836181640625,2738800
2018-01-05,2023.7451633597018,2045.862596839043,2014.3877876569038,2033.1025390625,1858500
2018-01-08,2033.1025390625,2033.1025390625,2033.1025390625,2033.1025390625,0
2018-01-09,2045.8629725138348,2056.92169128418,2028.8495590209961,2041.609619140625,1896200
2018-01-10,2050.115967815401,2055.219990971788,2026.2971930855954,2039.0572509765625,1287200
2018-01-11,2024.5961785674692,2044.161603822533,2016.9401425980964,2038.2069091796875,1237600
2018-01-12,2033.1023793851805,2053.518470224195,2031.4010384819292,2043.3104248046875,1649400
2018-01-15,2051.817449636348,2064.577508402743,2035.6547085322477,2045.0120849609375,1512900
2018-01-16,2041.609499371596,2048.414864369501,2019.4920631284037,2030.55078125,1889200
2018-01-17,2016.9404089401687,2027.148458247331,1982.9135779162941,2022.04443359375,1333700
2018-01-18,2033.9532970246046,2050.1160375697605,2005.881168709334,2010.134521484375,2500300
2018-01-19,2024.5958520334664,2056.070661497852,2016.0891467728216,2039.0572509765625,1962800
2018-01-22,2036.5055950927735,2050.1163258870442,2031.401571044922,2041.609619140625,777900
2018-01-23,2050.116142043848,2076.4869305929597,2042.4601066586217,2067.980224609375,1988200
2018-01-24,2069.681396484375,2085.844136530903,2062.876032254258,2069.681396484375,1253900
2018-01-25,2067.1294791613063,2082.441549377316,2054.3694206479645,2066.27880859375,1357600
2018-01-26,2069.6812557965786,2075.6359490931573,2059.473210145301,2063.7265625,917600
2018-01-29,2067.1294430560947,2073.9348074776785,2046.7133497913433,2054.369384765625,1076100
2018-01-30,2033.9532095809361,2036.5052211362447,2012.6864466200313,2033.1025390625,2553000
2018-01-31,2019.4918975894652,2030.5506148045718,2006.7318392643422,2010.134521484375,1877000
2018-02-01,2014.387852296451,2086.6948486837814,2005.8811468391182,2037.35595703125,4261600
2018-02-02,2033.953012437038,2062.0251368245004,2030.5503306931032,2042.459716796875,1565700
2018-02-05,1999.9270080023525,2016.0897528564763,1982.062921584637,2008.4337158203125,1752800
2018-02-06,1928.4702202678795,1938.6782673094388,1851.0591968693896,1895.2940673828125,4399300
2018-02-07,1939.52904742697,1948.8864244101703,1874.027408544568,1878.28076171875,2417700
2018-02-08,1859.5660101749359,1875.7287522578836,1831.4938791887635,1867.2220458984375,3242700
2018-02-09,1673.2690297587362,1718.354570469063,1669.8663474409757,1697.9384765625,7199400
2018-02-12,1697.9384765625,1697.9384765625,1697.9384765625,1697.9384765625,0
2018-02-13,1702.1920005974855,1705.5946832573507,1637.54103006005,1654.554443359375,5382400
2018-02-14,1610.3192547130218,1621.37797120075,1538.0122622932613,1555.8763427734375,7565500
2018-02-15,1573.7406501458192,1576.2926620109206,1551.6232139816077,1560.9805908203125,3564900
2018-02-16,1571.1886369205488,1632.4369216299585,1569.4872956786207,1613.72216796875,3856600
2018-02-19,1616.2741926914669,1650.301017800761,1616.2741926914669,1641.7943115234375,2107700
2018-02-20,1650.3009978995835,1651.1516685170577,1633.2875855501034,1646.8983154296875,1880000
2018-02-21,1636.6902702279965,1640.092952702483,1614.5728341438346,1635.839599609375,2444900
2018-02-22,1616.274093396373,1638.391528358639,1602.6633641888245,1625.6314697265625,1923500
2018-02-23,1625.6313184174737,1658.8074677729323,1623.0793069285921,1644.3460693359375,2104500
2018-02-26,1663.9117431640625,1679.2238144201735,1657.9570487866858,1663.9117431640625,1678300
2018-02-27,1675.8209421192798,1680.0742947642527,1653.7035083654214,1670.7169189453125,1636900
2018-02-28,1666.4637175811222,1686.8798121303548,1661.359693943814,1663.06103515625,2097600
2018-03-01,1654.5543685968057,1662.210404235557,1645.1969917049987,1652.85302734375,2138500
2018-03-02,1625.6316264204545,1649.4504048295455,1620.5276024756492,1637.541015625,2385000
2018-03-05,1631.586231033237,1634.9889134754335,1607.7674539378613,1618.826171875,2913000
2018-03-06,1634.9889889374178,1639.2423421864746,1617.9755759411908,1620.527587890625,2005700
2018-03-07,1614.5728031752026,1625.6315210051696,1599.2607323337095,1601.812744140625,2288800
2018-03-08,1610.3194657695087,1628.1835485910406,1593.306053558526,1618.826171875,1697400
2018-03-09,1618.8262242180394,1658.807744206609,1618.8262242180394,1636.6903076171875,2625400
2018-03-12,1654.5542186089801,1656.255559707807,1635.8394665218864,1649.4501953125,1401800
2018-03-13,1654.5542515257864,1691.1330858782844,1652.0022398267747,1683.47705078125,2360700
2018-03-14,1683.4770703322986,1691.1331055182463,1659.6582941982388,1678.373046875,1935000
2018-03-15,1687.7305283570702,1690.2825402447068,1652.8530325593686,1672.41845703125,1495800
2018-03-16,1677.5224808065234,1682.6265045817968,1664.7624213683398,1672.41845703125,1246000
2018-03-19,1661.3597436020054,1664.7624261285841,1634.9889540210213,1650.301025390625,1217400
2018-03-20,1643.4956458902045,1683.4771652260429,1638.3916221452039,1674.970458984375,1373400
2018-03-21,1674.970458984375,1674.970458984375,1674.970458984375,1674.970458984375,0
2018-03-22,1658.8076862910673,1658.8076862910673,1621.3781795234738,1640.943603515625,2322500
2018-03-23,1599.2608069462865,1623.0795849220822,1597.5594656623011,1603.51416015625,2090400
2018-03-26,1596.7087165748592,1623.93017578125,1587.3513399726623,1623.93017578125,1987500
2018-03-27,1649.4503095991688,1653.7036626409408,1633.2875680404354,1640.943603515625,2037800
2018-03-28,1629.6982511632582,1649.5937181360582,1624.508129344267,1646.9986572265625,1472600
2018-03-29,1662.5690901421158,1674.6793748778025,1644.403663038586,1659.1090087890625,1606400
2018-03-30,1673.8142938613892,1676.4093547821044,1641.8085425059,1660.8389892578125,1461100
2018-04-02,1668.6242691568928,1700.6300223755577,1666.029208085109,1672.0843505859375,1584100
2018-04-03,1659.9740356950258,1679.8695035537987,1658.243995011654,1672.9493408203125,1752300
2018-04-04,1679.8696930682074,1697.1701018536678,1666.029366039839,1688.5198974609375,2359900
2018-04-05,1718.7956646152256,1771.5619130004943,1717.0656236845612,1749.9364013671875,3930900
2018-04-06,1749.9363371483794,1755.9914801834948,1720.5256424063898,1741.2861328125,2342100
2018-04-09,1746.4759632620342,1768.9664907730855,1736.095719795395,1767.2364501953125,1865600
2018-04-10,1773.2918888552533,1780.2120523239569,1709.2803767697467,1741.2861328125,3134500
2018-04-11,1736.0957933985544,1763.7764438164686,1730.9056714451956,1733.500732421875,1475800
2018-04-12,1734.365784512507,1762.9114557787977,1732.6357438297016,1736.0958251953125,1441000
2018-04-13,1743.016022908085,1755.9913282895347,1729.175697167872,1745.611083984375,1805900
2018-04-16,1747.341280918864,1768.1017713852266,1742.1511583022732,1755.12646484375,1241300
2018-04-17,1748.2062790971884,1780.2120348253409,1741.2861156965068,1776.751953125,1869900
2018-04-18,1794.0522222751524,1831.2480976646566,1786.2670390540934,1808.757568359375,2059400
2018-04-19,1816.5428077135743,1826.0580319444548,1792.32223694406,1796.6473388671875,1749300
2018-04-20,1814.8127108646431,1828.6530365909703,1800.1073647804205,1808.757568359375,1547200
2018-04-23,1825.1929329380846,1839.033258495909,1817.4077498118083,1826.9229736328125,1744100
2018-04-24,1833.8432272218765,1834.7082476120754,1801.8374727845135,1824.3280029296875,1542200
2018-04-25,1817.407757785933,1846.8184497253533,1814.8126967324547,1844.223388671875,1419800
2018-04-26,1839.8984073266051,1852.0086930353839,1833.8432644722157,1840.763427734375,728000
2018-04-27,1815.6776673973322,1815.6776673973322,1735.2307769409472,1803.5673828125,2616600
2018-04-30,1803.5673828125,1803.5673828125,1803.5673828125,1803.5673828125,0
2018-05-01,1793.1871816710848,1838.1682397737845,1775.886774708508,1830.383056640625,1339200
2018-05-02,1849.4134469808325,1858.0636501940264,1835.5731218397225,1839.033203125,1180500
2018-05-03,1839.033203125,1839.033203125,1839.033203125,1839.033203125,0
2018-05-04,1839.033203125,1839.033203125,1839.033203125,1839.033203125,0
2018-05-07,1851.1436164635124,1858.0637795157124,1838.1683107406375,1852.8736572265625,890100
2018-05-08,1851.1436522532017,1879.689325395424,1843.3584686689592,1865.8489990234375,1087400
2018-05-09,1873.6342183318584,1896.1247491151587,1864.9840141844354,1878.8243408203125,1385300
2018-05-10,1868.4441583806818,1892.664730804135,1850.2787290630918,1884.0145263671875,1489400
2018-05-11,1734.3657933804473,1836.438194187875,1698.0349388557695,1820.0028076171875,5309200
2018-05-14,1774.1564765139694,1850.278256101112,1770.696395623645,1845.088134765625,1914000
2018-05-15,1833.8431585670837,1877.9591968156315,1831.2480974936398,1875.3641357421875,2362500
2018-05-16,1870.1739552488214,1899.5846464969527,1852.8735486322735,1880.55419921875,1604400
2018-05-17,1871.9040828710124,1876.229184726075,1846.8184921116504,1871.0390625,1301900
2018-05-18,1852.8734822591146,1871.0389085557727,1830.3829544632524,1868.44384765625,1283900
2018-05-21,1875.3640755508352,1891.7994618218065,1872.7690145606819,1877.0941162109375,1009700
2018-05-22,1860.6589355468752,1874.4992623570797,1846.8186087366705,1860.658935546875,877400
2018-05-23,1858.0638097614287,1877.094258464758,1836.4382998712817,1852.0086669921875,1227600
2018-05-24,1854.6037514740565,1857.1988126934698,1829.5181596863945,1833.84326171875,1263400
2018-05-25,1816.5426696373136,1840.7632385658112,1802.702344535315,1828.6529541015625,1130100
2018-05-28,1828.6532575401002,1836.4384417018132,1818.2730119911498,1823.463134765625,720500
2018-05-29,1816.5429373155848,1833.8433462424,1805.2976715131551,1813.9478759765625,850200
2018-05-30,1801.8372576613654,1825.1928054082962,1788.861953357515,1816.5426025390625,1916300
2018-05-31,1829.5180889665226,1837.303272323827,1804.432498148542,1811.3526611328125,1422500
2018-06-01,1795.7822582690746,1825.1929503601868,1793.187197202212,1798.3773193359375,1089100
2018-06-04,1808.757778754601,1813.0828810471753,1795.782471876878,1799.2425537109375,785600
2018-06-05,1793.1871956184111,1803.5674398766944,1781.0769106504142,1794.917236328125,1091500
2018-06-06,1786.2670011778137,1802.7023876293285,1785.4019808382602,1792.3221435546875,1053100
2018-06-07,1782.8071013077445,1800.1075098599788,1776.7519583144624,1790.59228515625,1489100
2018-06-08,1790.5920271110806,1845.08830619707,1787.996966202224,1822.5977783203125,2411300
2018-06-11,1815.6777359422365,1820.8678581031006,1794.0522269386367,1819.1378173828125,920800
2018-06-12,1829.5181924365304,1846.8186008756466,1827.7881515926188,1839.8984375,1287600
2018-06-13,1851.143672627614,1858.9288562975432,1839.8984073266051,1840.763427734375,671000
2018-06-14,1842.493352747675,1871.039024409963,1832.1131085068432,1854.6036376953125,1181000
2018-06-15,1877.09410076624,1884.8792836726439,1844.2233284947577,1845.953369140625,1239900
2018-06-18,1833.8430082775296,1840.7631705729166,1794.9170953659784,1816.5426025390625,939200
2018-06-19,1810.4877867857385,1813.9478685569486,1787.9972552728723,1793.1873779296875,1051500
2018-06-20,1780.2118996397094,1820.867856531384,1775.0217774833252,1815.677734375,1137700
2018-06-21,1813.9476936562053,1827.7880194065626,1802.70242898404,1815.677734375,854500
2018-06-22,1802.7023942150834,1821.732841754782,1796.6472518160883,1806.1624755859375,948800
2018-06-25,1790.5922536199428,1805.2976006303481,1782.8070699085517,1787.9971923828125,1009200
2018-06-26,1768.1015974281477,1782.8069433950159,1746.4760886533415,1777.6168212890625,976500
2018-06-27,1786.2670566273384,1794.0522399249878,1773.291751131256,1780.2119140625,772100
2018-06-28,1771.561749159058,1809.6226461136473,1757.7214229937529,1800.107421875,1565700
2018-06-29,1800.1074204056895,1800.1074204056895,1768.1016661745457,1796.6473388671875,1079100
2018-07-02,1802.7025046738204,1825.1930349624574,1778.48193359375,1778.48193359375,778200
2018-07-03,1783.672024243295,1794.0522688072715,1755.9913720726909,1775.8868408203125,970600
2018-07-04,1765.5065616678655,1771.5617042115573,1752.5312562170973,1766.37158203125,866400
2018-07-05,1752.5310997411218,1759.4512620303267,1728.310531728905,1756.856201171875,1759100
2018-07-06,1752.5312311102873,1782.8069433950159,1730.9057223354812,1777.6168212890625,1311800
2018-07-09,1779.3468136428357,1814.8126470698442,1777.6167729878598,1803.5673828125,1165300
2018-07-10,1814.8127028807414,1826.922987838001,1791.4571533203125,1791.4571533203125,991800
2018-07-11,1775.0217035695368,1789.7270490669455,1761.1813783955054,1786.2669677734375,1261500
2018-07-12,1799.2424273905947,1820.8679373351933,1783.6720602304838,1788.8621826171875,1248100
2018-07-13,1801.8374101799327,1820.8678581031006,1791.457165858205,1819.1378173828125,1010000
2018-07-16,1819.1378173828125,1819.1378173828125,1819.1378173828125,1819.1378173828125,0
2018-07-17,1838.1681598017162,1873.6339925320083,1835.5730988702317,1853.738525390625,1764300
2018-07-18,1868.4439346789204,1872.7690363795662,1851.1435278763379,1858.9287109375,803600
2018-07-19,1861.523743525853,1867.5788858142737,1852.0085199297637,1863.2537841796875,650900
2018-07-20,1854.6035809105153,1869.308926468108,1852.8735402566808,1863.2537841796875,716200
2018-07-23,1864.119015939301,1878.8243631648083,1852.8737504139133,1857.1988525390625,1091900
2018-07-24,1866.7139242445735,1870.1740056611527,1847.683476453387,1858.063720703125,913900
2018-07-25,1845.0885024046195,1860.6588695135192,1839.0333596400474,1848.548583984375,725200
2018-07-26,1836.4382956071659,1847.6835607239314,1825.1930304904004,1841.62841796875,922900
2018-07-27,1833.84326171875,1842.493465783461,1827.788118873452,1833.84326171875,836100
2018-07-30,1825.1932665899644,1832.1134306339075,1817.4080820405286,1820.8681640625,791300
2018-07-31,1799.242651425178,1823.4632255789786,1788.8624053592637,1820.8681640625,1274500
2018-08-01,1816.5427894049913,1845.0884618099267,1813.9477282772698,1825.1929931640625,1171600
2018-08-02,1823.4629509066358,1836.4382565345293,1820.0028694058642,1821.73291015625,760000
2018-08-03,1808.757644534111,1816.5428280830383,1762.9115636348724,1771.561767578125,1872300
2018-08-06,1771.5616756228628,1775.886777369989,1751.6662075860827,1770.6966552734375,830600
2018-08-07,1770.696693088055,1787.132080078125,1760.3164486732742,1787.132080078125,746900
2018-08-08,1778.481898972341,1786.2670823822393,1764.6415729102994,1768.9666748046875,1253800
2018-08-09,1758.5865376027807,1758.5865376027807,1723.1206999039543,1730.9058837890625,1899100
2018-08-10,1726.580687005836,1740.4210131541793,1698.0350143248777,1723.12060546875,2352600
2018-08-13,1715.3353962412496,1720.5255184689083,1658.244051737002,1664.2991943359375,1811700
2018-08-14,1643.5388170717135,1648.72893965194,1622.7783267508078,1640.0787353515625,1594200
2018-08-15,1634.888388849337,1634.888388849337,1596.8274951406752,1618.4530029296875,1793400
2018-08-16,1595.9625937201852,1620.183164248188,1586.4473695841841,1614.9930419921875,1284200
2018-08-17,1606.3427203125,1622.77810625,1601.1525984375,1621.9130859375,776000
2018-08-20,1617.587982618127,1627.968226356853,1608.0727591909615,1618.4530029296875,688600
2018-08-21,1595.0974808149,1612.3978873313306,1587.3122978825063,1610.6678466796875,973500
2018-08-22,1598.5575968533103,1621.9131461579852,1589.0423730625168,1620.18310546875,837500
2018-08-23,1620.1830736782463,1634.8884192482035,1616.722992367668,1617.5880126953125,664200
2018-08-24,1622.77829420535,1638.3486616337595,1620.1832329672818,1634.0235595703125,775100
2018-08-27,1643.5387008858527,1663.4341693702602,1640.0786194103034,1653.9189453125,963700
2018-08-28,1649.5940220534362,1666.8944313041277,1634.8886741903484,1641.808837890625,989000
2018-08-29,1648.7287647299027,1672.0843138630125,1648.7287647299027,1659.1090087890625,1096100
2018-08-30,1672.9493661748438,1672.9493661748438,1653.0538980145432,1661.7041015625,906000
2018-08-31,1656.513949423005,1666.029173153372,1648.7287663708864,1662.569091796875,755700
2018-09-03,1672.9492717575679,1683.3295154292798,1650.4587438021922,1657.37890625,911400
2018-09-04,1655.6488939701483,1665.1641174987124,1645.2686501208057,1653.0538330078125,643900
2018-09-05,1658.244051737002,1671.2193573061493,1653.0539295093433,1664.2991943359375,844100
2018-09-06,1642.6737290647463,1644.4037698536508,1599.422709342136,1624.50830078125,1704200
2018-09-07,1607.2080125025013,1627.9685035143743,1604.6129511260172,1621.04833984375,925700
2018-09-10,1627.968408464938,1631.4284900982323,1608.0729390734962,1613.2630615234375,681800
2018-09-11,1608.0728744630221,1610.6679355837264,1595.0975688595013,1604.61279296875,883500
2018-09-12,1614.9930359249436,1632.293443379951,1595.9625877244353,1601.1527099609375,797000
2018-09-13,1596.8274898929196,1620.1830382282983,1593.3674086580488,1608.07275390625,653800
2018-09-14,1626.2383415701545,1640.0786678813897,1608.072913286658,1624.50830078125,1531100
2018-09-17,1624.50830078125,1624.50830078125,1624.50830078125,1624.50830078125,0
2018-09-18,1623.6431965202046,1658.2440105110454,1621.9131558206625,1640.943603515625,985300
2018-09-19,1671.219386114187,1679.0045695898743,1655.6490191628127,1659.97412109375,895600
2018-09-20,1648.7287978135146,1670.3543067040382,1638.3485535460634,1665.1641845703125,1161900
2018-09-21,1678.1395922126887,1696.305020788187,1674.6795105792605,1690.2498779296875,1715600
2018-09-24,1690.2498779296875,1690.2498779296875,1690.2498779296875,1690.2498779296875,0
2018-09-25,1685.0595703125,1701.49495626524,1681.5994890592915,1685.0595703125,1113500
2018-09-26,1673.8144067840653,1717.0654250472196,1673.8144067840653,1706.6851806640625,1409200
2018-09-27,1712.740538995355,1749.0713989134383,1708.4154366241546,1711.010498046875,1855600
2018-09-28,1711.8752556360355,1736.9608455367152,1707.550153929022,1736.0958251953125,1353600
2018-10-01,1751.666259765625,1776.751850646219,1743.881076388889,1751.666259765625,1563800
2018-10-02,1762.9115839708318,1765.5066451837426,1738.6910126503296,1746.4761962890625,1164700
2018-10-03,1742.150869723428,1748.2060117731123,1711.8751594750072,1724.8504638671875,1545000
2018-10-04,1745.6110152587892,1750.8011372070314,1717.065344543457,1730.0406494140625,1615600
2018-10-05,1709.2802463790931,1724.8506129959067,1693.7098797622796,1717.0654296875,1002700
2018-10-08,1717.0654296875,1717.0654296875,1717.0654296875,1717.0654296875,0
2018-10-09,1706.6852323260746,1708.4152731089696,1674.6794778425142,1684.1947021484375,1086900
2018-10-10,1688.519745263697,1710.145254296275,1676.4094602054531,1689.384765625,844200
2018-10-11,1626.238288959704,1648.72881848787,1608.9378816303456,1643.5386962890625,1776000
2018-10-12,1624.5082168699757,1652.1888680626482,1621.0481354708916,1640.943603515625,1382100
2018-10-15,1643.5386394081315,1666.8941884944575,1637.4834970524173,1652.1888427734375,1347800
2018-10-16,1634.8884705638338,1662.5691219172957,1628.8333280802642,1661.7041015625,1323300
2018-10-17,1681.5996366279069,1687.65477935239,1667.7593104005168,1673.814453125,1030200
2018-10-18,1672.9494298233167,1698.0350210667896,1657.3790628446095,1666.894287109375,1090000
2018-10-19,1653.0539680563245,1686.7897633227801,1649.5938864905343,1684.1947021484375,1649000
2018-10-22,1679.0045134440272,1679.8695338012885,1659.1090452270191,1672.0843505859375,822200
2018-10-23,1666.894255449767,1675.5444591625317,1648.728827652961,1664.2991943359375,806300
2018-10-24,1685.0593840012714,1691.9795457425496,1672.9491009540343,1679.8692626953125,1128400
2018-10-25,1631.4283683046165,1635.7534700233455,1602.0176766172585,1616.7230224609375,1827600
2018-10-26,1616.722985523804,1632.293351355494,1589.907355480338,1603.7476806640625,1288200
2018-10-29,1614.1279803732166,1619.3181024966032,1579.5271662173063,1591.637451171875,1514400
2018-10-30,1574.337167450876,1602.0178209445178,1571.742106185847,1598.5577392578125,1108300
2018-10-31,1608.9378755411524,1640.9436289793366,1604.6127737251816,1629.6983642578125,1328600
2018-11-01,1643.5388534187337,1668.6244464445986,1643.5388534187337,1656.51416015625,1390400
2018-11-02,1655.6489684587884,1685.9246810481602,1648.7288055812178,1682.464599609375,1142100
2018-11-05,1663.4338785597765,1705.8198692251062,1660.8388179067972,1679.8692626953125,1099300
2018-11-06,1687.65478515625,1699.7650706468637,1677.2745404500097,1687.65478515625,626500
2018-11-07,1748.206162017023,1847.6835042396642,1745.611100915563,1783.6719970703125,5776400
2018-11-08,1809.6225887172704,1826.057975517284,1791.457161201466,1808.757568359375,2544800
2018-11-09,1842.4934155841206,1941.1057392351017,1836.4382729037973,1859.7938232421875,4479000
2018-11-12,1820.002733281323,1866.713830048049,1820.002733281323,1853.738525390625,1543100
2018-11-13,1810.4877175019164,1861.5239216742114,1792.3222888982184,1851.1436767578125,2218000
2018-11-14,1836.4381191807265,1867.5788503585438,1831.247997317757,1853.738525390625,2209600
2018-11-15,1847.6834827359635,1877.9591952339779,1838.1682588080162,1871.904052734375,1066200
2018-11-16,1866.713925840243,1895.259597551424,1858.9287426462847,1861.5238037109375,1323600
2018-11-19,1849.4134738869864,1858.9286975599316,1823.462863869863,1831.248046875,1954300
2018-11-20,1805.2974916205087,1828.6530413443963,1793.1872065784928,1819.1378173828125,1085300
2018-11-21,1796.647320759127,1828.653074667691,1790.592178127777,1825.1929931640625,781400
2018-11-22,1829.5180980477048,1837.3032814436526,1817.4078127651196,1832.1131591796875,868300
2018-11-23,1832.1131591796875,1832.1131591796875,1832.1131591796875,1832.1131591796875,0
2018-11-26,1821.7328232020548,1850.2784942208905,1820.0027825342465,1831.248046875,982400
2018-11-27,1833.8432329963234,1858.0638039981618,1829.5181310317096,1838.1683349609375,1024300
2018-11-28,1842.493279203561,1852.008502711185,1806.1624258108147,1828.6529541015625,1683300
2018-11-29,1839.8982634546592,1869.3089550190496,1834.7081414138845,1858.9287109375,1407500
2018-11-30,1861.5238474151233,1864.983928915895,1820.0028694058642,1821.73291015625,1730300
2018-12-03,1852.0087234073812,1859.7939072049835,1826.0581107487071,1839.8984375,1021700
2018-12-04,1841.628656194329,1848.548820238272,1809.6228974910928,1820.8681640625,1244400
2018-12-05,1801.837615086482,1807.0277378375713,1779.3470831650952,1799.2425537109375,1325900
2018-12-06,1799.2423332979884,1803.5674350607237,1762.9114784910096,1784.5369873046875,1225300
2018-12-07,1793.1871320780722,1807.8924775895662,1783.6719085118114,1789.72705078125,1225200
2018-12-10,1768.1015306815746,1773.2916525915987,1746.4760227231404,1765.5064697265625,920100
2018-12-11,1753.3963581246123,1756.8564397390664,1725.7157052089797,1743.01611328125,1486300
2018-12-12,1744.7460967640818,1762.9115246431327,1739.5559745129244,1751.666259765625,1781200
2018-12-13,1762.046388453213,1785.401937048322,1757.721286861526,1765.5064697265625,1154000
2018-12-14,1757.721242420709,1778.4817295359142,1725.7154914514342,1738.6907958984375,1483300
2018-12-17,1743.0159560030331,1751.6661592586313,1727.4455901429562,1733.500732421875,880000
2018-12-18,1702.359951674847,1710.145134380677,1671.2192208515266,1696.3048095703125,1278300
2018-12-19,1686.7896982487416,1691.114800039123,1672.084352161445,1675.54443359375,1082800
2018-12-20,1653.0539506427108,1669.4893379070809,1633.1584818489994,1642.6737060546875,1186200
2018-12-21,1600.28759765625,1626.238207347973,1585.5822521642738,1600.28759765625,1552600
2018-12-24,1600.28759765625,1600.28759765625,1600.28759765625,1600.28759765625,0
2018-12-25,1544.0613712255258,1551.8465546098562,1518.9757803204611,1544.9263916015625,1579400
2018-12-26,1551.8465820037723,1569.1469898299013,1514.6507051775948,1537.1412353515625,1067100
2018-12-27,1576.9319127652511,1588.1771759939668,1561.361548294722,1572.6068115234375,1182500
2018-12-28,1574.336860016102,1590.772244818468,1563.0915967302728,1586.4471435546875,1103900
2018-12-31,1586.4471435546875,1586.4471435546875,1586.4471435546875,1586.4471435546875,0
2019-01-04,1551.8467455731322,1568.2821347402949,1537.1413973709343,1567.4171142578125,1109100
2019-01-07,1598.5576818361478,1613.2630284764155,1578.6622128522563,1607.2078857421875,1165400
2019-01-08,1628.8333680081892,1636.61855139219,1608.9378993601867,1614.9930419921875,1425300
2019-01-09,1643.5386008147145,1650.4587633444607,1627.1032148065674,1635.75341796875,980500
2019-01-10,1635.7536003956914,1646.9988657606536,1610.6680084276982,1634.0235595703125,702900
2019-01-11,1646.1337890625,1664.299217107856,1641.808687146939,1646.1337890625,894500
2019-01-15,1634.8884393176893,1660.8390494655891,1634.8884393176893,1659.1090087890625,553200
2019-01-16,1669.489190533664,1669.489190533664,1650.4587438021922,1657.37890625,606900
2019-01-17,1657.3790599351876,1668.6243249556248,1644.4037541423756,1659.97412109375,763200
2019-01-18,1663.4342041015625,1672.0844079710455,1653.053959458183,1663.4342041015625,687800
2019-01-21,1682.4645595967334,1683.3295799358577,1657.3789697621291,1662.569091796875,583000
2019-01-22,1665.164214707214,1667.7592758210435,1648.728827652961,1664.2991943359375,996400
2019-01-23,1643.5387366413142,1678.1395521495526,1640.9436754781964,1666.894287109375,903700
2019-01-24,1666.8942928893384,1680.734619140625,1649.59388507523,1680.734619140625,760100
2019-01-25,1686.7896728515625,1697.1699169921876,1678.1394694010417,1686.7896728515625,655800
2019-01-28,1676.4095431154874,1678.139583923656,1660.8391758419689,1669.4893798828125,603400
2019-01-29,1672.9493787602407,1706.6851728510626,1648.7288086437532,1689.384765625,1743100
2019-01-30,1674.6795023073187,1681.5996655399933,1659.9741554378845,1669.4893798828125,974400
2019-01-31,1693.7097609202067,1699.7649030685425,1652.1887861887615,1660.8389892578125,1203700
2019-02-01,1626.2383592264734,1628.8334204380049,1587.3124410534992,1592.5025634765625,2992100
2019-02-04,1621.048173897159,1626.2382961188146,1590.7724609375,1590.7724609375,1100800
2019-02-05,1600.2878103374983,1613.2631169078024,1591.6376059572956,1597.6927490234375,1068900
2019-02-06,1513.7856890197036,1550.1165455561766,1480.0498936644074,1547.521484375,3160800
2019-02-07,1545.7913263108994,1546.6563466389973,1489.5650049845376,1494.755126953125,2064900
2019-02-08,1486.9698486328125,1513.785477084015,1480.049686451857,1486.9698486328125,2277200
2019-02-12,1484.3747396219937,1484.3747396219937,1447.1788691069905,1456.694091796875,1984400
2019-02-13,1441.1239918739195,1461.8844815527755,1436.7988898574913,1438.5289306640625,1407500
2019-02-14,1452.3691105433873,1463.6143746512278,1448.9090292794365,1453.234130859375,1375900
2019-02-15,1448.043996593854,1452.3690981368463,1421.2283670273011,1429.0135498046875,1417900
2019-02-18,1436.7988953763634,1456.694364728354,1433.33881374993,1452.3692626953125,928000
2019-02-19,1455.8294073540662,1469.6697344590366,1443.7191211372171,1457.5594482421875,938600
2019-02-20,1453.2341942838077,1467.939540297394,1450.6391332225867,1458.42431640625,909000
2019-02-21,1469.6696490077347,1484.3749957017496,1466.2095674326722,1473.9947509765625,1279400
2019-02-22,1467.9396053530136,1487.835074370762,1462.7494830005573,1467.0745849609375,961400
2019-02-25,1469.6695889364514,1484.3749350294,1468.8045685780426,1475.7247314453125,801300
2019-02-26,1475.7247888816976,1494.75523750737,1467.0745849609375,1467.0745849609375,1065100
2019-02-27,1458.424235121279,1482.6448036760808,1458.424235121279,1478.3197021484375,808500
2019-02-28,1483.5098876953125,1491.2950707794278,1473.1296435831587,1483.5098876953125,1009500
2019-03-01,1479.1848790368367,1490.4301441991051,1473.9947566542514,1487.8350830078125,689100
2019-03-04,1499.945243782097,1500.8102641072308,1477.4547153286167,1484.3748779296875,593500
2019-03-05,1480.914826667274,1486.1049487233508,1474.8596842685176,1483.5098876953125,580700
2019-03-06,1490.4301441991051,1495.6202665816907,1483.5099810223246,1487.8350830078125,766200
2019-03-07,1482.6448072412365,1495.6201118553665,1480.9147666260192,1485.2398681640625,836000
2019-03-08,1479.1847777240043,1481.7798387375553,1455.8292286020464,1466.20947265625,1028400
2019-03-11,1427.2835525811888,1460.154325307301,1413.4432272228257,1455.8292236328125,864200
2019-03-12,1447.179148397933,1477.4548627995634,1444.5840871635075,1473.1297607421875,957700
2019-03-13,1479.1849642960483,1493.0252914473563,1465.3446371447403,1471.3997802734375,563400
2019-03-14,1481.7799042195518,1489.565087604243,1472.2646800827072,1474.8597412109375,462800
2019-03-15,1476.58984375,1486.970088697276,1471.399721276362,1476.58984375,1088200
2019-03-18,1481.7799402281296,1492.1601849933004,1477.4548382426417,1487.8350830078125,388800
2019-03-19,1491.2949499959097,1491.2949499959097,1471.3994837256625,1486.9698486328125,590000
2019-03-20,1477.4547119140625,1482.6448338528708,1461.884346097638,1477.4547119140625,823200
2019-03-22,1483.5099509647598,1493.8901955196152,1475.7247675486183,1488.7000732421875,779700
2019-03-25,1471.3997487853355,1475.7248509275619,1461.8845240724381,1468.8046875,546500
2019-03-26,1451.504217903569,1480.9149112341538,1445.4490751590367,1467.0745849609375,648200
2019-03-27,1486.5646845714932,1486.5646845714932,1459.9872468258766,1465.302734375,794700
2019-03-28,1478.5914250071455,1478.5914250071455,1449.3562440453506,1452.89990234375,799400
2019-03-29,1459.987203340582,1476.819580078125,1454.671715949779,1476.819580078125,1397000
2019-04-01,1488.3364985539363,1490.994242301354,1471.5041214869573,1474.161865234375,518300
2019-04-02,1476.819610021298,1482.1350975198752,1452.8999162777018,1459.101318359375,761800
2019-04-03,1459.9872339915646,1462.6449777427626,1433.4097964795822,1444.040771484375,770900
2019-04-04,1434.295748834818,1436.9534926560066,1413.9197128723715,1421.8929443359375,935100
2019-04-05,1415.6913990917908,1426.3223733027428,1410.3759119863146,1420.1209716796875,1262100
2019-04-08,1428.9802903688505,1430.7521196191528,1418.3493148670364,1419.2352294921875,567800
2019-04-09,1428.9802106237353,1429.8661251994474,1419.2351502909014,1422.77880859375,547600
2019-04-10,1424.550763331422,1458.215520176319,1422.778934023796,1448.470458984375,1542600
2019-04-11,1449.3561794343389,1473.2758718822163,1448.4702648992325,1462.6448974609375,1096800
2019-04-12,1458.2154617635017,1459.9872910001523,1443.154913251971,1453.785888671875,1174900
2019-04-15,1467.0745849609375,1475.9337310053877,1460.8731827298225,1467.0745849609375,818200
2019-04-16,1467.9604344267866,1494.537871380802,1467.9604344267866,1476.819580078125,1140000
2019-04-17,1477.705649180449,1510.4844915183844,1477.705649180449,1499.853515625,1353300
2019-04-18,1490.994320782438,1502.511210960793,1484.7929183787082,1485.6788330078125,957700
2019-04-19,1507.8265093039563,1512.2560818929808,1493.6518770190778,1495.4237060546875,1097000
2019-04-22,1497.1955494388367,1505.1687801754933,1487.4504896495898,1501.6251220703125,599200
2019-04-23,1506.0548385593142,1507.8266677811487,1498.081607061059,1503.3970947265625,708500
2019-04-24,1506.0548233720526,1531.7463468295757,1498.9675065561842,1512.2562255859375,1755400
2019-04-25,1522.8871523194034,1620.337755434665,1519.343494024303,1599.0758056640625,4798500
2019-04-26,1567.1828627352754,1568.0687772987212,1506.0547578575288,1537.061767578125,2621700
2019-05-07,1537.0617824388587,1543.2631844429347,1527.316722146739,1528.20263671875,1580500
2019-05-08,1534.4042172761556,1548.578852077783,1529.9746439006472,1537.9478759765625,1147300
2019-05-09,1529.0886520943666,1545.9210300722305,1514.9140180077445,1526.430908203125,1292700
2019-05-10,1547.6925279697234,1567.1826456659649,1540.6052124438172,1564.52490234375,2066300
2019-05-13,1865.7360882124412,1903.830414799875,1789.5474350375744,1790.433349609375,13861900
2019-05-14,1789.5474742970255,1857.7628978222092,1739.0503425965649,1839.15869140625,5399200
2019-05-15,1819.6686019111696,1829.4136625835274,1776.2587861888487,1806.3798828125,2609000
2019-05-16,1835.6151123046875,1869.2798682253333,1809.923588049458,1835.6151123046875,3398600
2019-05-17,1847.131965637207,1863.0784286499024,1832.0714172363282,1842.702392578125,1362600
2019-05-20,1863.0784834512497,1926.864337378254,1859.5348248997495,1867.508056640625,2992900
2019-05-21,1846.2461053316235,1889.6559225875014,1838.272873590748,1867.508056640625,2462900
2019-05-22,1848.0176288811622,1874.5950636205846,1835.614826002765,1862.1922607421875,1768300
2019-05-23,1860.4206555861438,1870.1657161630237,1838.2727906386897,1845.360107421875,1601800
2019-05-24,1885.226046917965,1969.387924012517,1860.4204410374655,1933.0654296875,5780700
2019-05-27,1913.5755026411475,1943.6965985160546,1913.5755026411475,1933.9515380859375,2163000
2019-05-28,1913.5755175376783,1954.3275887444993,1910.9177737633204,1925.0924072265625,10487800
2019-05-29,1931.2938169359722,1950.783938024317,1879.9107704303362,1920.662841796875,3871700
2019-05-30,1921.548741364282,1962.3008124121184,1917.1191684243,1929.52197265625,2712300
2019-05-31,1941.038768072198,1960.528888061969,1922.4345626274167,1941.9246826171875,2009300
2019-06-03,1936.6094077801833,1973.8178227512572,1935.7234931380149,1959.6431884765625,2045800
2019-06-04,1941.0388249532773,1970.2740057946548,1929.5219355309166,1951.6697998046875,2066700
2019-06-05,1943.6964613970588,1951.669692095588,1908.2598805147059,1927.75,2331500
2019-06-06,1940.1529195789046,1940.1529195789046,1872.8234118674907,1917.119140625,3015500
2019-06-07,1901.1725214345272,1933.9513580109847,1901.1725214345272,1909.145751953125,1333700
2019-06-10,1933.9513437319572,1951.6696336424652,1911.803481343822,1918.0048828125,1575500
2019-06-11,1904.7162721129669,1934.8373666487068,1902.9444430226292,1926.8641357421875,1383200
2019-06-12,1910.0318369194185,1947.2402493269396,1900.2867765269725,1938.381103515625,1631700
2019-06-13,1932.179572610294,1968.5020680147059,1932.179572610294,1957.87109375,2240800
2019-06-14,1967.6162678161402,2003.9387653309811,1964.0726095220093,1977.361328125,2365500
2019-06-17,1967.6165028811047,1972.0460762779553,1918.0052808363762,1941.0390625,2513100
2019-06-18,1928.6361297425353,1942.8107636772531,1921.5488127751764,1930.407958984375,1278900
2019-06-19,1939.2670914174005,1955.2135544806774,1904.7164214469672,1924.20654296875,1142200
2019-06-20,1933.951554335557,1950.783931583553,1906.4882019835632,1910.0318603515625,1186500
2019-06-21,1913.575469927579,1919.7768719134554,1872.8233997346767,1880.796630859375,1998500
2019-06-24,1812.581337721929,1855.9911547054942,1809.0376791926583,1846.24609375,2121900
2019-06-25,1859.534538820216,1877.2528288518522,1844.4739922933254,1863.964111328125,1779800
2019-06-26,1839.1585119945516,1863.0782036245384,1834.7289394704799,1844.4739990234375,1425000
2019-06-27,1844.4741499819625,1858.6487832190958,1834.7290896314335,1841.81640625,1266500
2019-06-28,1827.6417450911774,1844.4741218031174,1824.098086836032,1829.41357421875,1824300
2019-07-01,1847.131965637207,1859.5347702026368,1840.044648742676,1842.702392578125,1401300
2019-07-02,1840.0445845630613,1847.1319012103913,1827.6417804302337,1837.3868408203125,1156100
2019-07-03,1833.8431322948043,1846.2459360881023,1824.0980721714984,1838.272705078125,1013700
2019-07-04,1840.0446198344862,1851.5615096071622,1826.7559008660137,1845.360107421875,1021500
2019-07-05,1861.3066639740196,1875.4812982546405,1844.4742857657823,1848.0179443359375,1117600
2019-07-08,1848.0177359132606,1857.7627958821226,1839.1585904870226,1855.990966796875,845500
2019-07-09,1849.789756215245,1877.253109875529,1848.9038415810423,1871.9376220703125,888900
2019-07-10,1878.1389075812617,1930.4078677450798,1870.1656763698318,1897.6290283203125,2340900
2019-07-11,1908.2599510116368,1952.555678750997,1908.2599510116368,1943.696533203125,1966900
2019-07-12,1939.2670943016828,1965.8445327800066,1926.8642896784652,1964.9586181640625,1649300
2019-07-16,1964.9584313619828,2004.8245852895252,1956.9852005764742,1974.7034912109375,1806000
2019-07-17,1963.1868627064885,1966.7305213034317,1949.012228318716,1950.7840576171875,1173800
2019-07-18,1948.1262096161088,1948.1262096161088,1906.4882233259964,1911.8037109375,1673500
2019-07-19,1892.3134550543286,1908.2599167542246,1881.6824805877313,1890.5416259765625,1422600
2019-07-22,1893.1993850342965,1893.1993850342965,1843.5881704522092,1851.5614013671875,1235500
2019-07-23,1866.6222082164438,1881.6827575945547,1857.7630615234375,1857.7630615234375,759000
2019-07-24,1856.8769946415919,1898.5149806855588,1848.0178486747905,1875.481201171875,1582200
2019-07-25,1871.0515565926275,1879.9107022204337,1853.3332653370157,1874.59521484375,804900
2019-07-26,1892.3134626908736,1895.8571208607068,1865.7360264171255,1871.051513671875,967000
2019-07-29,1865.7360194614957,1877.2529084705172,1854.219130452474,1860.4205322265625,563300
2019-07-30,1849.7895363515847,1865.735997871857,1840.9303910625445,1858.648681640625,697600
2019-07-31,1847.1318359375,1859.5346396320444,1835.6149467925661,1847.1318359375,1013400
2019-08-01,1858.6486672794117,1863.9641544117646,1843.5881204044117,1852.447265625,756700
2019-08-02,1839.1587341308596,1855.1051971435547,1828.5277587890625,1842.702392578125,1036200
2019-08-05,1823.2120646438375,1831.1852952472361,1774.4867665119564,1805.4937744140625,1407100
2019-08-06,1771.8292356950965,1798.4066742305229,1760.3123456630783,1793.0911865234375,1649200
2019-08-07,1793.9771628927242,1823.212346288013,1789.5475896510138,1813.46728515625,1276200
2019-08-08,1801.06425926629,1804.6079174252006,1771.829079455278,1800.1783447265625,1362700
2019-08-09,1794.8630125529564,1841.816487215003,1793.9770979366913,1823.2122802734375,2238200
2019-08-13,1804.608068865705,1824.0981903753002,1790.4334350405447,1797.520751953125,1410800
2019-08-14,1801.9502154806387,1833.8431396484375,1800.1783863602054,1833.8431396484375,907300
2019-08-15,1819.6685492019874,1846.245986629475,1816.1248908783225,1837.3868408203125,1379900
2019-08-16,1825.869858314251,1867.5078414975453,1817.896627491918,1849.78955078125,1195000
2019-08-19,1866.6220654367369,1878.138955256707,1840.9305419921875,1840.9305419921875,778600
2019-08-20,1860.4205678231688,1871.051542496444,1854.2191659304247,1868.393798828125,947900
2019-08-21,1871.0514850452812,1877.2528867476092,1845.3599637070647,1858.648681640625,829700
2019-08-22,1851.561294310253,1902.0584205187145,1832.957089917662,1872.8232421875,1886800
2019-08-23,1872.8234285174674,1887.8839764289135,1868.3938556023363,1878.138916015625,761200
2019-08-26,1849.7898192322439,1890.541893793874,1837.3870139308783,1877.253173828125,979800
2019-08-27,1896.7431539273043,1953.4416881876255,1891.4276663403994,1931.2938232421875,2791500
2019-08-28,1956.0993710186635,1996.8514412482189,1956.0993710186635,1981.7908935546875,3277600
2019-08-29,1967.6162418071497,1972.045814616261,1908.259966165061,1919.77685546875,2373300
2019-08-30,2008.3681489329651,2059.7511893555993,1942.8104766696042,1987.106201171875,8317400
2019-09-02,1898.5150099072603,1925.092448216741,1800.1784881621804,1801.9503173828125,6037200
2019-09-03,1811.6953796174896,1813.4672088396094,1764.741905231315,1786.8897705078125,4101300
2019-09-04,1786.8897705078125,1832.0714156718673,1781.5742828414532,1786.8897705078125,3426900
2019-09-05,1815.2390061241974,1862.192479684267,1812.5812623377785,1819.6685791015625,3378200
2019-09-06,1815.2389986131768,1836.5009488165524,1803.722108919682,1824.09814453125,1890100
2019-09-09,1779.802168221309,1808.151431229314,1774.4866814073082,1798.4063720703125,3559100
2019-09-10,1787.7754906374325,1792.2050632108653,1720.4459875212558,1725.761474609375,6473500
2019-09-11,1718.6741379158582,1769.1712646484375,1700.9558478342512,1769.1712646484375,2681300
2019-09-12,1762.9700790459137,1782.4602005228032,1744.3658721816103,1756.7686767578125,1744000
2019-09-13,1770.0573095085047,1770.9432240778283,1746.1376161367682,1749.6812744140625,2197600
2019-09-17,1731.9630137661047,1735.5066721062913,1711.586978310033,1716.9024658203125,2666700
2019-09-18,1716.016551235266,1728.4193554259184,1700.9560032894738,1716.9024658203125,2700700
2019-09-19,1731.9629764411138,1758.5404134197497,1728.4193181772955,1739.05029296875,2833500
2019-09-20,1757.6546588515857,1811.6954522940994,1757.6546588515857,1787.7757568359375,3590100
2019-09-24,1781.5741825339935,1804.6079611246864,1778.0305242892714,1788.6614990234375,2768400
2019-09-25,1798.4064651954884,1799.2923797103629,1757.6543975112556,1770.943115234375,3376000
2019-09-26,1718.6741433118386,1754.9966380931714,1661.0897003658235,1674.37841796875,7783000
2019-09-27,1708.9291783198012,1717.7883238787426,1681.4658270870827,1692.0968017578125,3536100
2019-09-30,1670.8350016489414,1705.3856724147465,1670.8350016489414,1689.439208984375,2005900
2019-10-01,1692.0969161788105,1708.9292938790184,1686.7814284840078,1696.5264892578125,1558800
2019-10-02,1698.2983380764445,1738.164496247253,1698.2983380764445,1713.35888671875,2472800
2019-10-03,1709.8150275735293,1752.338924632353,1702.7277113970588,1747.0234375,2376000
2019-10-04,1765.6278579895754,1778.0306628123824,1736.3926751929594,1764.741943359375,2354900
2019-10-07,1747.9094452754152,1762.0840783845924,1733.734812166238,1749.6812744140625,1698600
2019-10-08,1754.110910226633,1784.232006664868,1751.4531664232593,1770.057373046875,2011900
2019-10-09,1762.0841139516522,1773.6010035853233,1747.909480556365,1757.654541015625,1417500
2019-10-10,1762.9699352753867,1777.144567920817,1727.5333536618111,1739.9361572265625,1852500
2019-10-11,1741.708116111736,1742.5940307181,1720.4461655589985,1735.5067138671875,1699500
2019-10-15,1737.2783851066063,1743.4797867872521,1697.4122314453125,1697.4122314453125,2635300
2019-10-16,1697.4123762472875,1716.0165828763027,1680.5799988210358,1684.1236572265625,1975400
2019-10-17,1692.0968934686691,1716.9025023781576,1673.492686786553,1709.815185546875,1749300
2019-10-18,1709.8149913324971,1721.3318798751511,1692.0967012668752,1693.8685302734375,1282900
2019-10-21,1691.2110323863167,1698.2983494418907,1678.8082275390625,1678.8082275390625,1054600
2019-10-23,1679.6939843542882,1691.210873487519,1659.3179497339565,1670.8348388671875,1587900
2019-10-24,1670.8349395557573,1674.378597964147,1662.8617081368805,1669.0631103515625,1052300
2019-10-25,1669.9488229761876,1670.834737471135,1632.7404141883892,1642.4854736328125,1801800
2019-10-28,1640.7138903124148,1644.2575488228088,1627.4251708984375,1627.4251708984375,1383100
2019-10-29,1627.4252190546158,1649.5730853999428,1622.9956457855506,1641.599853515625,1274300
2019-10-30,1636.2841293539502,1657.5460779757666,1629.196813146678,1652.2305908203125,1874000
2019-10-31,1654.8885087620972,1662.8617403353621,1624.7674117075408,1636.2843017578125,1533800
2019-11-01,1640.7137519279775,1686.7813086775752,1632.7405209520857,1651.3447265625,3022000
2019-11-05,1659.3179649283259,1677.9221706215958,1639.8278446782333,1646.9151611328125,1929800
2019-11-06,1655.7743298760774,1655.7743298760774,1599.075797445864,1618.56591796875,2495200
2019-11-07,1550.3504701113688,1599.0757706005834,1523.7730334808882,1576.0419921875,5539600
2019-11-08,1576.0419858398438,1576.0419858398438,1549.4645493164064,1550.3504638671875,3263500
2019-11-11,1548.5787429853342,1561.8674621757118,1533.5181945695729,1544.149169921875,2561200
2019-11-12,1533.5181019750135,1552.1223077182112,1530.8603582974138,1541.4913330078125,1772000
2019-11-13,1547.6926265297598,1551.2362845183798,1532.632080078125,1532.632080078125,1398600
2019-11-14,1530.8603954081632,1538.8336266342474,1518.4575912786988,1519.343505859375,1677100
2019-11-15,1511.3702598505433,1534.404038722826,1511.3702598505433,1528.20263671875,1572100
2019-11-18,1517.5716471823216,1541.491340395353,1515.7998180554305,1537.061767578125,1238300
2019-11-19,1531.7464209875197,1554.7802017542492,1526.4309331182744,1553.894287109375,1348500
2019-11-20,1561.8673672358557,1574.2701710596232,1551.2363925297693,1556.5518798828125,1742100
2019-11-21,1563.6391598822427,1583.1292797221347,1560.095501729535,1578.69970703125,1805100
2019-11-22,1578.69977223651,1584.0152596851178,1568.0687973392944,1568.9547119140625,1309800
2019-11-25,1561.867359867161,1572.4983345230917,1556.5518725391955,1560.9814453125,879900
2019-11-26,1567.1830630034967,1578.6999538000175,1563.639404296875,1563.639404296875,830100
2019-11-27,1568.9547119140625,1578.69977223651,1564.5251390402227,1568.9547119140625,1075600
2019-11-28,1556.5517369393033,1572.4981975340145,1548.5785066419478,1569.8404541015625,1321900
2019-11-29,1574.2701636324134,1579.5856509603789,1553.8941288752128,1560.9814453125,1098600
2019-12-02,1568.068832568908,1588.4448682463571,1564.5251741902212,1576.927978515625,1053900
2019-12-03,1573.3843916690062,1599.9618307174692,1568.0689038593137,1577.81396484375,1225300
2019-12-04,1577.8138493773529,1594.646226209565,1576.9279348072364,1588.44482421875,1331500
2019-12-05,1596.418210608937,1614.1365037344524,1593.7604666401096,1611.478759765625,1558600
2019-12-06,1611.4786022207354,1611.4786022207354,1596.4180545364295,1603.50537109375,1218700
2019-12-09,1616.7941391141626,1622.9955412915867,1612.364566130288,1617.6800537109375,866400
2019-12-10,1585.787030650983,1599.961663327193,1569.840568890247,1574.2701416015625,1999500
2019-12-11,1591.9884890738617,1607.9349514018136,1589.3307453525363,1599.0758056640625,1745000
2019-12-12,1594.6461253046657,1599.0756978749564,1582.2433221078516,1590.216552734375,1147200
2019-12-13,1600.847606563089,1604.391264795658,1583.1293154002433,1586.6729736328125,1743700
2019-12-16,1581.3575514889835,1595.5321850037305,1573.3843201369382,1576.927978515625,973300
2019-12-17,1576.9279581359135,1580.4716164688032,1557.4378373050201,1560.0955810546875,1180000
2019-12-18,1568.0687401511452,1584.9011164578526,1558.3236801841042,1559.2095947265625,1118800
2019-12-19,1564.5253189735304,1573.3844657400848,1560.9816602669086,1563.639404296875,727900
2019-12-20,1568.0687112532348,1594.646147037188,1547.6926771522042,1561.8673095703125,1650600
2019-12-23,1572.4984206722281,1595.5322003553142,1565.411103846663,1568.06884765625,1809400
2019-12-24,1560.981387867647,1562.7532169117646,1542.3771829044117,1551.236328125,1379800
2019-12-25,1548.578634765625,1557.4377802734375,1544.1490620117188,1550.3504638671875,572900
2019-12-26,1546.8070254404213,1566.2971483268414,1544.149281410455,1563.639404296875,642400
2019-12-27,1565.4112178147009,1579.5858524977994,1563.6393884793135,1572.49853515625,816700
2019-12-30,1568.9547852258058,1576.042102155115,1550.3505782863695,1554.7801513671875,890000
2020-01-06,1540.6053827154642,1548.5786135633302,1529.9744082516427,1533.51806640625,1135000
2020-01-07,1539.7194322312341,1555.6658935546875,1537.061688677325,1555.6658935546875,841400
2020-01-08,1542.377254259641,1565.4110328987854,1534.4040231922447,1552.122314453125,1097300
2020-01-09,1562.7534102401603,1568.9548126617483,1556.5520078185725,1567.1829833984375,986100
2020-01-10,1574.2701127992182,1593.7602323724218,1571.6123692210542,1591.9884033203125,1328200
2020-01-14,1607.0490293724101,1607.9349439420753,1581.3575068521236,1603.50537109375,1348200
2020-01-15,1592.8743249356517,1602.619384765625,1584.9010941656734,1602.619384765625,884100
2020-01-16,1602.619594116211,1606.1632526991102,1589.3308744303386,1594.6463623046875,871400
2020-01-17,1596.417983055642,1604.3912138256203,1591.9884104056541,1602.619384765625,717300
2020-01-20,1599.9617768006178,1609.706837456657,1597.3040329853343,1608.8209228515625,515400
2020-01-21,1606.1632139608305,1634.5124819402824,1606.1632139608305,1616.794189453125,1090000
2020-01-22,1623.8812692389133,1646.029131612603,1623.8812692389133,1642.4854736328125,1149900
2020-01-23,1628.3109848412437,1632.7405577053385,1615.9081808217782,1629.1968994140625,641500
2020-01-24,1638.0560742214095,1642.4856471641392,1622.9955262161288,1626.5391845703125,997300
2020-01-27,1597.3039765165122,1611.478609696914,1590.2166599263114,1599.0758056640625,1062400
2020-01-28,1600.8476348116126,1603.505378532938,1585.7870870574359,1599.0758056640625,1011400
2020-01-29,1608.8209655091005,1615.9082825377748,1601.733648480426,1612.3646240234375,854300
2020-01-30,1612.364655219184,1623.8815456136067,1591.1027037217882,1594.6463623046875,1025800
2020-01-31,1594.6461253046657,1607.0489285014796,1590.216552734375,1590.216552734375,1178400
2020-02-03,1561.867424114797,1575.1561429813437,1543.2632177016314,1566.2969970703125,1588400
2020-02-04,1560.9814319776838,1562.7532610718695,1517.5716191701317,1524.658935546875,2359000
2020-02-05,1550.3506053969845,1609.7068857178976,1544.1492029753965,1567.1829833984375,2968900
2020-02-06,1460.8731728411735,1475.9337210147937,1410.376040729623,1415.6915283203125,7687300
2020-02-07,1412.1478452240808,1413.0337598070319,1343.0465077538936,1358.1070556640625,4208900
2020-02-10,1376.7112533912782,1402.4027761379623,1366.0802784616158,1377.59716796875,2951500
2020-02-12,1387.3420635042883,1405.0603529487873,1379.3688332542636,1404.1744384765625,1725300
2020-02-13,1399.7450716954581,1428.9802535726417,1390.0000110697301,1426.322509765625,1942300
2020-02-14,1420.1211654396723,1428.9803118241991,1402.4028726706183,1421.007080078125,1186600
2020-02-17,1416.5775068858616,1433.4098850164628,1411.2620190551454,1421.007080078125,1488000
2020-02-18,1413.033764230971,1421.0069955024937,1383.7985829020542,1398.859130859375,1403900
2020-02-19,1393.5435715247845,1416.5773495665164,1389.999913364518,1413.03369140625,1104600
2020-02-20,1418.3494348447184,1424.5508377453511,1392.657908542097,1393.5438232421875,1107500
2020-02-21,1397.973187433332,1421.0069661869866,1394.4295291635392,1401.516845703125,1021400
2020-02-25,1366.080222019278,1371.3957092644891,1342.1605294158276,1352.79150390625,1674200
2020-02-26,1334.1872988669288,1351.9055896885347,1331.5295552436878,1337.73095703125,1506900
2020-02-27,1337.7309651637386,1343.932366989001,1289.0056651081056,1303.1802978515625,1662500
2020-02-28,1251.7972269737952,1272.1732611000496,1225.219791156942,1230.5352783203125,2320900
2020-03-02,1207.5014389655246,1292.5492292374913,1197.7563796635286,1270.4013671875,2401600
2020-03-03,1279.2605698529412,1318.2408088235293,1243.823988970588,1250.025390625,3255200
2020-03-04,1241.1663304786603,1268.629682544926,1237.622672147529,1257.11279296875,1052100
2020-03-05,1282.8042494978836,1288.1197367195598,1269.5155314436927,1281.9183349609375,1263800
2020-03-06,1269.515560585883,1271.2873897004479,1252.6831839975146,1264.2000732421875,1272700
2020-03-09,1223.4481043068758,1227.8776774578785,1159.6622509324407,1176.49462890625,1874700
2020-03-10,1151.688920788299,1189.783246629758,1115.3664240557448,1178.266357421875,2159300
2020-03-11,1162.3198971364347,1164.9776408036673,1133.084716796875,1133.084716796875,1630600
2020-03-12,1106.5072739257812,1149.9170869140626,1092.3326411132814,1107.3931884765625,2437500
2020-03-13,1041.8354229168929,1074.614258501863,994.8819557276112,1019.6875610351562,2788900
2020-03-16,1022.345313984934,1042.7213471059508,986.0228201605127,990.452392578125,1914300
2020-03-17,962.1032787802812,1013.4863268182705,942.6131571106991,993.1102905273438,2559900
2020-03-18,984.2510602990562,1000.1975221220832,938.1835039214226,940.8412475585938,2193900
2020-03-19,962.9891646832118,976.2778836070831,924.0089225065225,960.3314208984375,3006400
2020-03-23,968.3046606424248,1038.29191424787,968.3046606424248,1026.7750244140625,2225400
2020-03-24,1062.2116373302867,1099.4200516487788,1059.5538934503945,1094.990478515625,2352500
2020-03-25,1121.5677632131394,1121.5677632131394,1064.8692348990471,1112.7086181640625,1978400
2020-03-26,1079.0438806514928,1090.5607693612378,1065.7551629094794,1073.7283935546875,1383300
2020-03-27,1087.9031137163602,1094.9904304180955,1042.721469742798,1065.7552490234375,2158800
2020-03-30,1052.2418133939677,1086.4757080078125,1049.539137503401,1086.4757080078125,1291700
2020-03-31,1080.1695344928155,1081.971318537007,1053.1427738299426,1064.8543701171875,1531100
2020-04-01,1061.2507278272697,1079.2685670093963,1040.5302127678237,1053.1427001953125,1103000
2020-04-02,1030.6204743013432,1059.449019037045,1023.4133381174178,1039.62939453125,1120900
2020-04-03,1059.449061352126,1079.2686866495296,1001.7919695778606,1011.7017822265625,1378100
2020-04-06,1005.3955613577023,1041.4312445604874,998.1884247171453,1035.125,1497700
2020-04-07,1061.2506440622321,1067.5568872782214,1030.620319870283,1050.43994140625,1458700
2020-04-08,1023.4134421356894,1040.5303923122547,994.5848944698953,1032.42236328125,1450600
2020-04-09,1042.3319169487659,1052.2417277408456,1017.1069440234716,1033.322998046875,851400
2020-04-10,1030.6204267037972,1033.3231026479505,988.2785035787286,1026.115966796875,1524200
2020-04-13,1020.7108154296875,1026.116168379889,1011.7018938460185,1020.7108154296875,1014300
2020-04-14,1027.016838415345,1087.3765999713346,1027.016838415345,1086.4757080078125,1539400
2020-04-15,1077.4666877778504,1083.7729309337408,1062.1515258278307,1076.5657958984375,1003800
2020-04-16,1086.4757003538862,1127.9167303839681,1077.4667807821293,1120.7095947265625,1853400
2020-04-17,1118.907743147119,1148.637175936052,1108.9979322174745,1142.3309326171875,1386700
2020-04-20,1142.3309894810486,1150.4390170089112,1127.0158263728642,1146.83544921875,1029900
2020-04-21,1146.8355750978085,1160.3489557941691,1136.02487054072,1154.943603515625,1082100
2020-04-22,1170.2586493104304,1180.1684608134442,1156.7452699881392,1163.051513671875,1360000
2020-04-23,1150.438997222156,1191.880026096251,1148.637213358065,1181.97021484375,899200
2020-04-24,1195.4836860765486,1210.798850103151,1192.7810100718539,1200.8890380859375,1074400
2020-04-27,1195.483777812883,1210.7989430147059,1191.8802095301012,1194.5828857421875,778900
2020-04-28,1194.5828725876625,1203.5917931954125,1182.8712757975873,1195.4837646484375,688300
2020-04-30,1220.7087692548644,1233.3212583836969,1193.6820068359375,1193.6820068359375,1185200
2020-05-01,1154.943462243241,1158.5470299881497,1119.808676730381,1122.5113525390625,1561500
2020-05-07,1122.511458467846,1227.9158249531897,1122.511458467846,1199.0872802734375,2041900
2020-05-08,1190.979323511919,1190.979323511919,1145.033827672957,1177.4659423828125,1713700
2020-05-11,1182.871185165474,1201.7899169921875,1172.961373256243,1201.7899169921875,858900
2020-05-12,1227.0149017979372,1227.0149017979372,1189.1774378658422,1192.781005859375,895900
2020-05-13,1194.5829480894413,1219.8079273854476,1190.9793796185832,1215.303466796875,771700
2020-05-14,1205.3934980937618,1225.2131221281884,1193.6819020734188,1200.8890380859375,1056500
2020-05-15,1227.9157504137504,1353.1397337648227,1208.9970191161065,1263.050537109375,3518200
2020-05-18,1277.4649054807137,1292.780070073924,1257.6452807130297,1264.8524169921875,1310000
2020-05-19,1290.0772428987375,1294.5817025457304,1263.0504850167808,1266.654052734375,1075600
2020-05-20,1291.8792364983142,1315.3024304655082,1285.572991968685,1302.68994140625,1288100
2020-05-21,1298.1854473407452,1298.1854473407452,1271.1586857722357,1288.275634765625,1282100
2020-05-22,1290.077461943985,1311.6988719206997,1281.0685411203538,1293.6810302734375,1227100
2020-05-25,1306.2932926675549,1326.1129150390625,1299.086157259734,1326.1129150390625,912800
2020-05-26,1331.5184457581352,1355.842531032472,1327.0139855221469,1330.6175537109375,1306400
2020-05-27,1329.7166406124236,1405.3915713789843,1329.7166406124236,1399.0853271484375,1758900
2020-05-28,1408.0940992200697,1413.4994508485536,1318.0049054120038,1333.320068359375,2559300
2020-05-29,1307.194202155036,1342.3289877401817,1306.2933102169552,1333.320068359375,1162500
2020-06-01,1334.2210129271161,1355.8424202939298,1327.0138771381785,1354.9415283203125,978300
2020-06-02,1362.1488108915441,1387.3737888710173,1354.9416743259806,1378.3648681640625,965500
2020-06-03,1386.4727783203125,1404.4906181945207,1378.364750376919,1386.4727783203125,817700
2020-06-04,1380.1665124037818,1381.9682963625335,1338.7254813524933,1345.9326171875,1148900
2020-06-05,1345.9326998724011,1350.4371600460036,1316.203262726625,1348.6353759765625,921400
2020-06-08,1351.3380258062666,1354.0407018578792,1338.725537565408,1350.4371337890625,829900
2020-06-09,1341.42823578209,1344.1309118783602,1331.5184234290994,1340.52734375,655700
2020-06-10,1331.5184647056772,1333.320248825712,1308.0952711452255,1312.5997314453125,830800
2020-06-11,1312.5997145121635,1339.626475964027,1299.0863337862318,1305.392578125,1357500
2020-06-12,1273.8612971608231,1299.0862733422257,1246.8345369664635,1292.780029296875,1319800
2020-06-15,1292.779928485999,1326.1129301264045,1281.969225251273,1282.8701171875,742400
2020-06-16,1309.8968296715018,1333.3200191979522,1299.9870187180034,1319.806640625,957700
2020-06-17,1319.8067888949558,1324.311248925314,1299.9871647613797,1318.0050048828125,834100
2020-06-18,1308.9960806530476,1326.1130287138926,1291.8791325922025,1309.89697265625,903100
2020-06-19,1290.0774073692533,1306.2934641657941,1252.239941510658,1263.9515380859375,2156900
2020-06-22,1255.8433962196657,1255.8433962196657,1219.8077177054718,1229.717529296875,1205200
2020-06-23,1239.6273928193366,1289.1764528520864,1231.5193648139777,1276.56396484375,1540700
2020-06-24,1270.2577255314511,1272.9604015432203,1245.0327494216067,1259.447021484375,1126200
2020-06-25,1237.8254894819415,1245.0326247918802,1205.3933805872182,1208.9969482421875,1117500
2020-06-26,1224.3121289062499,1226.1139127604167,1208.09607421875,1216.2041015625,850900
2020-06-29,1205.3936405922743,1215.3034537810001,1175.664201026097,1182.871337890625,2400300
2020-06-30,1194.582772391183,1223.4113159179688,1193.681880405971,1210.798828125,973100
2020-07-01,1223.4113294246079,1234.2220333665043,1178.3667296667063,1184.6729736328125,1056000
2020-07-02,1196.3846662632877,1196.3846662632877,1169.3579042242075,1186.474853515625,1365900
2020-07-03,1184.6729949859528,1206.2944032594608,1184.6729949859528,1199.9881591796875,662100
2020-07-06,1203.591726505055,1246.8345430261948,1203.591726505055,1225.213134765625,905800
2020-07-07,1229.717523965491,1229.717523965491,1181.9702501411898,1196.384521484375,1047700
2020-07-08,1194.5827198375355,1210.7987748579546,1188.2764762184836,1189.1773681640625,702500
2020-07-09,1171.1595116592036,1190.9791341642056,1163.952376202839,1181.97021484375,742400
2020-07-10,1180.1684740643168,1182.8711499591207,1161.2497428006905,1162.150634765625,668400
2020-07-13,1169.3578139014114,1196.3845738529078,1169.3578139014114,1192.781005859375,538100
2020-07-14,1181.970216301306,1208.096082362844,1181.970216301306,1207.1951904296875,837900
2020-07-15,1210.7989238948737,1227.9158729677922,1198.186435104302,1212.6007080078125,607600
2020-07-16,1220.7086355373654,1226.1139874290436,1193.6818760789736,1202.6907958984375,528100
2020-07-17,1194.5827414772727,1207.1952289438502,1178.3666861631016,1179.267578125,456800
2020-07-20,1183.7722001594204,1187.3757685008495,1160.349005940132,1176.5650634765625,409000
2020-07-21,1190.9792130912083,1216.2041888601598,1186.474753132467,1201.7899169921875,605000
2020-07-22,1199.0872671682914,1210.7988633164414,1195.4836991227066,1199.9881591796875,424500
2020-07-27,1172.9614809531865,1173.8623730276513,1144.1329345703125,1144.1329345703125,1062100
2020-07-28,1135.1238882985974,1168.456891367683,1132.4212123740767,1136.0247802734375,940800
2020-07-29,1127.9166282536241,1128.817520129226,1107.1961151147798,1110.7996826171875,724600
2020-07-30,1113.5024582712274,1118.9078100104082,1090.9801593579743,1095.484619140625,595100
2020-07-31,1103.592605654879,1108.0970652697968,1069.3587125815031,1072.9622802734375,728800
2020-08-03,1081.971342018893,1113.5025634765625,1077.4668818106543,1113.5025634765625,951500
2020-08-04,1108.9980927711379,1147.7364501953125,1105.3945246386565,1147.7364501953125,764400
2020-08-05,1150.439035967739,1216.2041492219637,1150.439035967739,1204.4925537109375,2021700
2020-08-06,1474.760009765625,1474.760009765625,1445.9314695625096,1474.760009765625,1783200
2020-08-07,1575.6600230270842,1632.4162159663101,1536.0207771647677,1627.0108642578125,10235500
2020-08-11,1606.290525523817,1639.6235313815744,1592.7771447706723,1631.5155029296875,3205900
2020-08-12,1639.6235637984462,1675.6592465192912,1610.7950176217703,1612.5968017578125,3062400
2020-08-13,1609.8938275830797,1612.5965032869126,1570.254583926865,1590.97509765625,2332200
2020-08-14,1589.1736138988388,1614.398591897233,1582.8673693992403,1595.4798583984375,1395100
2020-08-17,1621.6056403007747,1654.9386451291793,1581.9663913156446,1584.6690673828125,1565500
2020-08-18,1576.5610482775871,1590.074428691395,1552.236963532733,1575.66015625,1332800
2020-08-19,1588.2724378657915,1596.3804650585266,1557.6421129154585,1572.957275390625,827300
2020-08-20,1581.0654565904445,1581.0654565904445,1520.7056927206097,1528.813720703125,1416800
2020-08-21,1549.5342992192143,1560.3450036323716,1516.2012939453125,1516.2012939453125,1052600
2020-08-24,1519.8048357955072,1531.5164320405231,1499.0843193620178,1518.0030517578125,785000
2020-08-25,1538.7236234334073,1573.8584134298376,1536.0209472798358,1547.7325439453125,1269700
2020-08-26,1548.633409721907,1557.642330080964,1531.5164610396985,1549.5343017578125,623400
2020-08-27,1540.525424289814,1583.7682432172473,1534.2191798628967,1554.939697265625,1038800
2020-08-28,1540.5253522289966,1563.9485447190282,1495.4807512866284,1518.0030517578125,873800
2020-08-31,1545.0297590654372,1563.9484908090956,1521.6065673828125,1521.6065673828125,1079500
2020-09-01,1518.0029399129162,1563.047537536445,1506.2913445307988,1559.4439697265625,899700
2020-09-02,1574.7593349009253,1635.1191034583405,1572.957550764883,1612.5968017578125,1816500
2020-09-03,1611.6957269571308,1644.1278377287667,1601.7859153324644,1625.2091064453125,1191800
2020-09-04,1584.6690063826334,1586.4707903580543,1547.732434886506,1572.0565185546875,1465500
2020-09-07,1565.7501756925724,1593.6778255466975,1544.1287693538948,1587.37158203125,939500
2020-09-08,1623.4074855800293,1655.839599609375,1605.389644452615,1655.839599609375,1599800
2020-09-09,1611.6958891152665,1615.2994573413487,1568.45307040228,1597.2816162109375,1859400
2020-09-10,1621.605756472972,1690.974447166538,1621.605756472972,1660.3441162109375,2098100
2020-09-11,1657.6412700784617,1680.163569943658,1641.4252141755203,1672.0555419921875,1015300
2020-09-14,1641.4251578409985,1667.5510247879738,1620.7046426761563,1642.3260498046875,971100
2020-09-15,1635.1190823128486,1658.5422757784872,1623.4074855800293,1655.839599609375,753700
2020-09-16,1666.6501945948303,1672.9564385743781,1648.6323546532644,1654.9385986328125,617600
2020-09-17,1678.361865036423,1706.2895181851773,1659.4431322582348,1666.6502685546875,1083300
2020-09-18,1657.6411831870255,1664.8483187660995,1631.5153167128822,1661.2447509765625,998400
2020-09-23,1659.4429855022024,1718.0009627321933,1656.740309630049,1693.6768798828125,1492100
2020-09-24,1666.6502685546875,1681.064541147593,1642.3261835541596,1666.6502685546875,919500
2020-09-25,1681.9653494140625,1695.4787292968751,1670.253753515625,1689.1724853515625,944200
2020-09-28,1692.7761477172533,1733.3162896263943,1692.7761477172533,1716.1993408203125,1258100
2020-09-29,1713.496379446476,1747.7302713597076,1710.7937037691158,1736.0186767578125,928500
2020-09-30,1745.92866734096,1760.3429391043528,1734.2170715332031,1740.5233154296875,880100
2020-10-02,1756.7392763531848,1760.3428440995503,1682.8661375526917,1696.3795166015625,1251600
2020-10-05,1690.9743690531175,1713.4966701859507,1684.6681247359243,1699.0823974609375,542800
2020-10-06,1674.758412989274,1689.1726865814355,1662.1459235961327,1683.767333984375,866800
2020-10-07,1695.4788185167215,1739.6225284568486,1686.469898120777,1733.3162841796875,1205700
2020-10-08,1748.6313560727738,1803.5857675722273,1747.7304640809796,1790.0723876953125,1655500
2020-10-09,1776.559030145101,1791.8741941980759,1744.1269180329184,1754.9376220703125,916400
2020-10-12,1768.4510498046875,1768.4510498046875,1730.613584653492,1768.4510498046875,583700
2020-10-13,1788.2707914935593,1793.6761440119276,1768.451165592875,1785.568115234375,585200
2020-10-14,1787.3697162411079,1797.2795281759124,1765.7483083833524,1772.9554443359375,535700
2020-10-15,1766.64928025223,1772.9555244958635,1727.9109227556232,1742.3251953125,673300
2020-10-16,1710.7938929691607,1736.0188687475368,1699.9831890641422,1714.3974609375,624800
2020-10-19,1725.208297221672,1733.3163257725832,1702.685995691363,1705.388671875,413800
2020-10-20,1686.4697218448068,1699.0822090808256,1663.9474232090588,1678.3616943359375,554600
2020-10-21,1664.8483057037602,1697.280415555132,1660.3438460021807,1662.1456298828125,436900
2020-10-22,1648.632285060352,1662.1456644460925,1633.3171217565125,1651.3349609375,617300
2020-10-23,1642.3260676654324,1691.8751262071762,1642.3260676654324,1674.7581787109375,578500
2020-10-26,1690.9741719729209,1696.3795236148162,1660.3438460021807,1662.1456298828125,455700
2020-10-27,1646.8306567211162,1667.5511737367538,1620.7047874405296,1665.7493896484375,481100
2020-10-28,1643.2269596389187,1677.4608546313962,1636.920715824515,1674.7581787109375,649800
2020-10-29,1638.7226505383314,1655.839599609375,1613.4976729599514,1655.839599609375,761100
2020-10-30,1648.6325790396716,1648.6325790396716,1590.074591259574,1606.2906494140625,779500
2020-11-02,1592.7770644970153,1619.8038246411954,1591.8761724922094,1603.5877685546875,426400
2020-11-04,1624.3081706453352,1634.2179820025724,1590.0742768657883,1619.8037109375,768900
2020-11-05,1640.5244140625,1654.9386867835324,1616.200328845758,1640.5244140625,715400
2020-11-06,1624.3082882718982,1665.7493205849917,1616.2002602106409,1636.9207763671875,715200
2020-11-09,1642.3261835541596,1693.6770296663851,1621.6056667018581,1666.6502685546875,885200
2020-11-10,1683.7670714632773,1694.5777749718698,1628.8126619612656,1651.3349609375,1259400
2020-11-11,1795.4777476066874,1919.8008430255147,1752.2349318088343,1856.7384033203125,4892200
2020-11-12,1901.782895108288,1921.602517890089,1828.8106475934744,1838.720458984375,1574200
2020-11-13,1825.2071529431641,1842.324100576886,1731.514386948056,1749.5322265625,1527500
2020-11-16,1761.2438623097976,1772.0545663239755,1707.1903422389087,1721.6046142578125,907400
2020-11-17,1738.7215670369897,1738.7215670369897,1686.4698308255154,1704.4876708984375,890900
2020-11-18,1700.8841793706058,1700.8841793706058,1644.1279805886418,1665.7493896484375,1014900
2020-11-19,1690.974278515944,1705.3885504691966,1630.6145147116988,1654.9385986328125,1114800
2020-11-20,1653.1368933552149,1671.1547341547268,1635.119052555703,1649.5333251953125,739400
2020-11-24,1664.848349498582,1707.190271807258,1657.6412137864668,1667.551025390625,963900
2020-11-25,1668.4520731088721,1679.2627776862514,1616.2003343182055,1623.407470703125,1188500
2020-11-26,1621.6056211521168,1646.8305974811497,1619.8038371286143,1627.911865234375,710000
2020-11-27,1610.7948310755794,1643.2269417683763,1603.5876953660688,1642.3260498046875,1613800
2020-11-30,1639.6235258175375,1660.344042902045,1615.2994405444201,1648.6324462890625,1356800
2020-12-01,1661.2448674952902,1707.1903600344767,1650.4341633684228,1703.5867919921875,1112400
2020-12-02,1703.5866974112307,1759.4419989656972,1669.352802910106,1752.23486328125,1539300
2020-12-03,1765.7482865720879,1781.9643422650968,1730.6134992372351,1732.415283203125,1062300
2020-12-04,1706.2893130886685,1741.424098310663,1678.3616632968265,1739.622314453125,686800
2020-12-07,1737.8207631471778,1764.847524626916,1713.4966778154132,1715.2984619140625,679900
2020-12-08,1716.1991848590135,1761.2437828868092,1712.59561701679,1752.23486328125,769800
2020-12-09,1748.6313345817778,1771.1536340998325,1735.117954870945,1749.5322265625,728000
2020-12-10,1713.4966463321834,1745.0278674792005,1702.6859419389205,1734.2171630859375,621500
2020-12-11,1754.9374739583334,1770.25263671875,1749.5321223958333,1756.7392578125,747200
2020-12-14,1756.7394883609904,1763.946624723497,1698.181505415624,1699.0823974609375,1035300
2020-12-15,1702.685973223518,1746.8296836404238,1695.478836828921,1715.2984619140625,827200
2020-12-16,1710.7939831898268,1754.937693129954,1704.4877389126657,1733.3162841796875,741100
2020-12-17,1742.3250905896928,1742.3250905896928,1709.8929792860583,1724.3072509765625,751700
2020-12-18,1727.9107440625412,1754.9375023116945,1708.0911213464954,1712.5955810546875,1007000
2020-12-21,1709.8930981432304,1716.1993424461823,1672.0556323255194,1690.974365234375,575300
2020-12-22,1679.262813763477,1703.5868995851583,1663.9476486164926,1671.15478515625,593400
2020-12-23,1682.8661375526917,1708.9920037138418,1673.857218186778,1696.3795166015625,503300
2020-12-24,1685.5689300633378,1713.49658203125,1682.8662540664432,1713.49658203125,474600
2020-12-25,1711.694771902902,1713.4965558733259,1690.0733642578125,1690.0733642578125,340400
2020-12-28,1684.6679587113229,1689.1724184939735,1636.0197930586965,1643.2269287109375,545900
2020-12-29,1652.2358232516685,1672.0554459951456,1644.1277957657007,1670.253662109375,494700
2020-12-30,1675.6592115492454,1682.8663479430056,1649.5333421218647,1656.740478515625,413300
2021-01-04,1652.2359460518185,1652.2359460518185,1588.272613352975,1594.578857421875,744600
2021-01-05,1589.1733977201586,1620.7046159288918,1574.7591265390233,1618.90283203125,556300
2021-01-06,1616.2002602106409,1636.9207763671875,1608.9931241561899,1636.9207763671875,487600
2021-01-07,1629.713679506077,1663.9475765880177,1619.8038671928837,1634.2181396484375,647500
2021-01-08,1670.2535869177757,1671.1544788201047,1615.299180875713,1658.5419921875,1100400
2021-01-12,1669.3528570042192,1733.3161882763723,1659.4430451169844,1731.514404296875,1239100
2021-01-13,1718.9019164403942,1735.1179722558695,1699.9831846556729,1731.514404296875,616600
2021-01-14,1727.910973405309,1745.027922568344,1693.6770750792393,1705.388671875,640600
2021-01-15,1714.3975736276054,1736.919874910154,1709.8931133710958,1723.406494140625,496300
2021-01-18,1711.6948767553401,1727.910933482496,1702.6859563513647,1708.09130859375,250300
2021-01-19,1716.1990710842995,1717.0999629851312,1675.658935546875,1675.658935546875,348200
2021-01-20,1684.6679379539469,1693.6768574082462,1668.4518829362084,1678.3616943359375,337900
2021-01-21,1710.7938448372533,1725.2081163050766,1696.3795733694303,1700.884033203125,538000
2021-01-22,1697.2805935722597,1745.0278714169144,1689.1725652590164,1742.3251953125,691500
2021-01-25,1752.2348418752595,1772.0544647653653,1738.7214626320056,1762.1446533203125,469100
2021-01-26,1774.7571286602645,1790.973183642947,1754.0366139601701,1788.2705078125,643800
2021-01-27,1802.684965242337,1834.2161865234375,1790.9733687664998,1834.2161865234375,917800
2021-01-28,1796.3786963619405,1842.3241895988806,1782.8653159981345,1810.79296875,831900
2021-01-29,1799.9822532868445,1820.7027697160725,1744.1269481297952,1761.243896484375,730500
2021-02-01,1768.4508907872773,1826.1079753570104,1763.045539108865,1821.603515625,650100
2021-02-02,1845.0267990074442,1854.9366109161756,1812.5946873061414,1815.29736328125,688900
2021-02-03,1824.3061442457195,1840.5221988612368,1810.7927653994548,1833.3150634765625,455400
2021-02-04,1836.918831312952,1871.1527281201577,1818.0000988668646,1853.1348876953125,541600
2021-02-05,1865.7473537659046,1869.3509218079441,1846.8286215451978,1863.044677734375,450900
2021-02-08,1880.1615645132922,1925.2061635672762,1872.9544286646549,1900.882080078125,779600
2021-02-09,1910.7918874313013,1910.7918874313013,1870.251748376889,1892.7740478515625,560800
2021-02-10,1952.2329860425177,1979.2597463476748,1872.95448914739,1888.2696533203125,2982600
2021-02-12,1900.8820845680675,1966.6471993422235,1893.6749487024067,1959.4400634765625,1673800
2021-02-15,1957.6385768615094,1961.2421453416962,1916.1975393393604,1922.5037841796875,849600
2021-02-16,1932.413234096568,1943.2239375041013,1919.8007467877792,1930.6114501953125,659000
2021-02-17,1910.7918143770587,1942.3230324360861,1906.2873546543406,1931.5123291015625,591400
2021-02-18,1936.016808330149,1997.2774611763332,1933.3141324692879,1989.16943359375,1139200
2021-02-19,1979.2597736711696,2012.592778507689,1974.7553135581265,1995.475830078125,829000
2021-02-22,1997.2777242647826,2043.223219951523,1996.3768321924936,2029.7098388671875,670300
2021-02-24,2000.8809814453125,2034.2139829371974,1981.9622508688371,2000.8809814453125,986500
2021-02-25,2027.0066885149818,2040.520066438415,1952.232664005318,1969.349609375,885000
2021-02-26,1941.4223939006988,1955.8366668948572,1873.8554892405816,1889.170654296875,937000
2021-03-01,1926.10702045811,1941.4221838574495,1906.2873972354353,1911.6927490234375,452300
2021-03-02,1928.8097798713236,1950.4311879595589,1887.3687477022058,1914.3955078125,557000
2021-03-03,1930.6115777983919,1943.2240659407987,1870.2518131168742,1888.2696533203125,669300
2021-03-04,1869.350903975096,1886.4678520114944,1857.6393079501916,1881.0625,494900
2021-03-05,1863.945499922878,1885.566907365193,1829.71160480588,1859.4410400390625,816700
2021-03-08,1884.6662177913772,1923.404576952481,1883.765325717863,1912.5938720703125,621700
2021-03-09,1923.4045979294365,1967.5483100130627,1921.6028137627577,1961.2420654296875,646600
2021-03-10,1981.0612264714568,1981.9621183434313,1930.6112816408968,1942.3228759765625,515100
2021-03-11,1918.9000322565687,1936.917872935034,1913.494680053029,1935.1160888671875,495000
2021-03-12,1948.629547741384,1997.2777195296571,1943.2241953204648,1988.268798828125,784600
2021-03-15,1988.2686938972558,2012.592778507689,1971.1517454676919,1995.475830078125,532600
2021-03-16,2008.0881278732563,2042.322021484375,1993.673856879101,2042.322021484375,734000
2021-03-17,2031.5114399924207,2040.5203599036954,1977.4579205247733,1991.8721923828125,689800
2021-03-18,2016.1962107286097,2063.042592747326,2014.3944268048128,2021.6015625,898000
2021-03-19,1991.872030090305,2058.5380320019663,1991.872030090305,2036.9166259765625,946200
2021-03-22,2034.2143256425966,2067.5473327501145,2020.7009443827917,2027.9080810546875,560300
2021-03-23,2044.1239633067712,2056.736451401216,2006.2864990234375,2006.2864990234375,437500
2021-03-24,2008.088297732305,2029.7097060524375,1939.620504718552,1954.9356689453125,657000
2021-03-25,1945.025663998553,1947.7283397706678,1897.2783920245265,1926.10693359375,515400
2021-03-26,1924.3053021197552,1936.0168980596227,1911.6928141845133,1932.413330078125,440300
2021-03-29,1927.9088089511965,1937.8186205859924,1903.5847258476067,1919.80078125,609300
2021-03-30,1971.9345238634714,1991.1416783166871,1954.556622215324,1971.0198974609375,518300
2021-03-31,1973.763735676782,1989.312384196942,1953.641955238928,1977.4222412109375,470100
2021-04-01,1997.544170161359,2051.507130802165,1997.544170161359,2014.0074462890625,767000
2021-04-02,2047.848701972736,2057.9095933178455,2002.117377676784,2013.0928955078125,467900
2021-04-05,2013.0928709943712,2035.0439063891304,2006.6904856708998,2022.2391357421875,452000
2021-04-06,2034.1291158278855,2048.7631382439135,2008.5195765998367,2028.641357421875,529800
2021-04-07,2044.1899823885633,2070.7141477081464,2016.7511906786497,2037.78759765625,659500
2021-04-08,2016.7513256436798,2019.4952049982971,1985.654026291351,2014.0074462890625,444600
2021-04-09,2034.1290400377422,2068.8848419808332,2022.2388972677375,2029.555908203125,547100
2021-04-12,2050.592544059891,2065.226567567901,2020.4098705746208,2026.812255859375,341200
2021-04-13,2005.775710391302,2010.348842425938,1980.1661709973412,2004.861083984375,514900
2021-04-14,1994.8003294356033,2031.3853882056283,1993.8857029663527,2026.812255859375,358400
2021-04-15,2016.7511100666954,2064.311680462826,2012.1779782978367,2050.59228515625,452800
2021-04-16,2057.909447806222,2080.7751083374023,2038.7022929600307,2048.76318359375,445800
2021-04-19,2047.8483887789073,2107.299101271372,2047.8483887789073,2086.2626953125,960100
2021-04-20,2066.141231691117,2072.5436170925504,2004.8612571345411,2013.0928955078125,967200
2021-04-21,1979.251347472858,1997.5438737896127,1943.5809211551864,1948.154052734375,720600
2021-04-22,1975.5929365032832,1993.8854636931285,1931.6908712476547,1949.9833984375,672600
2021-04-23,1941.7519946612122,1954.5567652336367,1926.2033446804112,1935.349609375,482400
2021-04-26,1939.007998249176,1952.7273944632032,1917.971590721001,1942.66650390625,601600
2021-04-27,1949.983539332279,1973.7638263973067,1931.6910108207192,1933.520263671875,502000
2021-04-28,1926.203281402588,1952.7274481455486,1911.569258371989,1931.6910400390625,549600
2021-04-30,2022.239179038062,2078.0313951942453,2015.8367935775163,2042.3609619140625,1743300
2021-05-06,2045.1048579238661,2131.079749088823,2032.300086899298,2117.3603515625,1354000
2021-05-07,2103.640905212794,2157.603867563905,2066.1412195111748,2135.65283203125,1679100
2021-05-10,1998.4586986723402,2023.1536116536458,1896.9351675269718,1920.7154541015625,3712200
2021-05-11,1931.6908721923828,1951.8126521110535,1857.6061370372772,1873.15478515625,2186400
2021-05-12,1899.6791235563041,1924.3740375360924,1864.9233186958616,1900.59375,1466100
2021-05-13,1900.5937099428077,1911.5692270358365,1819.1919581695113,1822.8504638671875,1273900
2021-05-14,1847.5452880859375,1862.1793101697865,1814.6187383972772,1847.5452880859375,1076900
2021-05-17,1864.0087229436176,1868.5818552373948,1817.3627735470893,1833.8260498046875,884400
2021-05-18,1831.082250636804,1861.2649250978502,1827.4237446415257,1840.228515625,887500
2021-05-19,1832.9113185928163,1854.8623523484189,1823.7650545279819,1836.56982421875,588700
2021-05-20,1828.3381504126025,1875.8987226094284,1828.3381504126025,1869.496337890625,616000
2021-05-21,1869.4963362520973,1910.6545236940467,1861.2646987637077,1907.91064453125,767900
2021-05-24,1893.2767295837402,1937.178798675537,1893.2767295837402,1931.6910400390625,676700
2021-05-25,1944.495576839882,1979.251377366653,1938.0931925323189,1965.531982421875,978900
2021-05-26,1960.0445575187218,2001.2027493471599,1958.215304548569,1986.5687255859375,658500
2021-05-27,1984.7394502761406,2046.9340505612915,1980.1663179022325,2022.2391357421875,1139200
2021-05-28,2027.7267073626151,2067.0556421468245,2021.3243226303018,2037.78759765625,911300
2021-05-31,2035.9582283625086,2037.7874810384856,1984.7391534351498,2006.690185546875,553000
2021-06-01,2020.409544771808,2035.0435659199966,1977.4221076490035,1981.9952392578125,409900
2021-06-02,1961.8737036428604,1985.6539909597434,1954.5566921607424,1962.788330078125,656600
2021-06-03,1951.8128268259877,1965.5322234531618,1935.3495508733786,1939.008056640625,674500
2021-06-04,1921.6299354556802,1966.446626001767,1921.6299354556802,1949.0687255859375,908700
2021-06-07,1939.92263368874,1985.6539546149245,1939.92263368874,1976.5076904296875,677100
2021-06-08,1985.6538934074142,2054.2508726821984,1953.6419697458484,2037.78759765625,1253400
2021-06-09,2024.068396196027,2026.812275630545,1975.5931928528776,2010.3489990234375,862000
2021-06-10,2016.7515115417891,2053.336572975654,2016.7515115417891,2044.1903076171875,696100
2021-06-11,2047.8484519715867,2089.9212651876173,2047.8484519715867,2070.714111328125,1009100
2021-06-14,2070.714018291335,2076.20177629034,2031.3850859651304,2068.884765625,540000
2021-06-15,2077.1166944689326,2124.677270476147,2076.202068007255,2115.531005859375,787600
2021-06-16,2089.0065506544574,2094.494308668436,2048.762991885282,2056.99462890625,825600
2021-06-17,2056.9947758529293,2056.9947758529293,2027.7267310208733,2028.641357421875,510800
2021-06-18,2025.8974088113737,2038.7021779867052,2010.3487605270427,2017.665771484375,873200
2021-06-21,2007.6051690668223,2014.9221810725328,1983.8248800482631,1992.0565185546875,700400
2021-06-22,2018.5803918000436,2041.4460509731298,2002.1171171954215,2029.555908203125,456300
2021-06-23,2037.7876532504963,2080.775094768797,2029.5560155129494,2072.54345703125,764600
2021-06-24,2089.921504017759,2105.47015415706,2078.9459862723706,2082.6044921875,579600
2021-06-25,2107.299165221162,2128.335571818422,2097.238275109429,2109.12841796875,631400
2021-06-28,2110.043134557846,2160.3475872672875,2087.1774742353723,2149.3720703125,865100
2021-06-29,2159.433122509022,2164.9208813972277,2121.9334367729484,2162.177001953125,699600
2021-06-30,2149.3717282467705,2179.5543950689594,2144.798596910075,2159.4326171875,595400
2021-07-01,2159.4332909856166,2159.4332909856166,2074.373021582117,2083.519287109375,999200
2021-07-02,2093.5797930461604,2113.7015734948345,2082.6042764377926,2099.982177734375,588300
2021-07-05,2113.7015437183322,2141.1403348527115,2107.2991591203104,2121.0185546875,319000
2021-07-06,2122.8480076339383,2143.884416154223,2099.9823461988462,2100.89697265625,369300
2021-07-07,2093.579881973233,2100.896893356276,2060.653330749539,2075.287353515625,567600
2021-07-08,2072.5433940623607,2089.00666903726,2031.3852066251116,2049.677734375,564700
2021-07-09,2024.9829955890393,2050.5925366353326,1996.629575144929,2038.702392578125,692800
2021-07-12,2067.055605831079,2080.775001445002,2063.397100334033,2070.714111328125,450700
2021-07-13,2074.372623018242,2088.0920186731246,2057.909348232383,2058.823974609375,397700
2021-07-14,2046.9340381828888,2056.9949293446457,2012.178232351365,2026.812255859375,611700
2021-07-15,2018.5803396086433,2037.7874928174251,1997.5439337133107,2002.1170654296875,453100
2021-07-16,1983.824993180554,2017.6661756368383,1979.2518604161912,2003.94677734375,542900
2021-07-19,1984.7392696530385,1994.8001599600354,1969.1906209967703,1980.1661376953125,712000
2021-07-20,1948.15441714418,1956.3860555264794,1918.8863695626712,1921.6302490234375,908300
2021-07-21,1936.2640561725823,1947.239572787637,1909.7398910195332,1919.80078125,976700
2021-07-26,1945.410527206528,1983.8248394503805,1939.922768314549,1952.7275390625,953100
2021-07-27,1971.9346951844261,1982.910212968384,1943.581274242535,1952.7275390625,453400
2021-07-28,1936.2640964347381,1955.4712509104722,1917.9715683626102,1932.6055908203125,532500
2021-07-29,1958.215211918669,1972.8492349876549,1906.9961311772186,1939.008056640625,715600
2021-07-30,1929.8619107709824,1941.7520552449269,1876.8135738872302,1885.9598388671875,794000
2021-08-02,1885.959611228877,1910.6545236940467,1879.557226515685,1907.91064453125,568200
2021-08-03,1888.7036373300148,1909.7400458813902,1823.7651587583775,1833.8260498046875,1110200
2021-08-04,1833.8260444127786,1840.2284296052421,1778.033830592739,1780.7777099609375,982800
2021-08-05,1778.033787579114,1821.935856408228,1773.4606554094146,1806.38720703125,824400
2021-08-06,1799.9849482318457,1833.8261286610011,1799.9849482318457,1813.704345703125,962900
2021-08-10,1875.8987542114257,1906.9960519409178,1816.4480379638671,1829.2528076171875,1787500
2021-08-11,1829.252934675051,1853.9478492931642,1789.9239965795375,1790.838623046875,967900
2021-08-12,1791.7531551193215,1812.7895627598239,1781.6922645086463,1808.2164306640625,851600
2021-08-13,1819.1918246982334,1832.9112200579486,1812.789440197033,1827.4234619140625,810100
2021-08-16,1810.0455730198362,1811.8748257464858,1788.0945403000403,1803.6431884765625,657500
2021-08-17,1801.8140990279103,1812.789616382395,1785.350822996183,1797.240966796875,619100
2021-08-18,1804.558017570723,1818.2774145618841,1788.0947411813297,1810.0457763671875,599500
2021-08-19,1792.667771047138,1810.9602993231292,1790.8385182195389,1793.5823974609375,620100
2021-08-20,1783.5215234529762,1800.8994254763643,1724.0708060045438,1731.3878173828125,888400
2021-08-23,1731.3878379286728,1780.7776653180804,1731.3878379286728,1760.6558837890625,709800
2021-08-24,1769.8022338237959,1790.8386428046472,1769.8022338237959,1774.3753662109375,548000
2021-08-25,1780.7776343249689,1797.240909834907,1763.399732397812,1781.6922607421875,665600
2021-08-26,1788.0946577055454,1788.0946577055454,1770.7167556613483,1777.119140625,357500
2021-08-27,1769.8020021444577,1778.9482657214317,1749.680222275115,1750.5948486328125,353500
2021-08-30,1776.2044035291842,1802.728568154491,1767.058139865285,1791.7530517578125,634000
2021-08-31,1768.8875439856663,1783.5215671003357,1761.5705324283317,1770.716796875,734100
2021-09-01,1800.899463586774,1834.7406419274091,1796.3263313785799,1828.3382568359375,884400
2021-09-02,1838.3991355667572,1842.0576413091785,1821.0212332902556,1832.911376953125,763000
2021-09-03,1837.4845313590454,1850.2893016124185,1820.1066288723246,1842.9722900390625,541300
2021-09-06,1874.984201434078,1881.3865865121454,1863.0940577176666,1866.7525634765625,490100
2021-09-07,1874.9841926298946,1903.3376121282004,1869.4964340173192,1897.849853515625,591800
2021-09-08,1887.7889968014176,1915.2277903595777,1866.7525884068282,1903.337646484375,583800
2021-09-09,1879.5572045018864,1901.508237547164,1872.240193486794,1878.642578125,542900
2021-09-10,1924.3739716960024,1951.8127640680937,1908.8253226851507,1916.142333984375,1039900
2021-09-13,1955.4714250933398,2004.8612552874654,1949.9836661828815,1986.5687255859375,1073200
2021-09-14,1966.4466961154412,1986.5684762617386,1952.7273005611473,1960.0443115234375,719000
2021-09-15,1936.2640976039675,1942.6664824330783,1896.0205358209846,1913.3984375,606400
2021-09-16,1918.8862050599075,1924.3739635109844,1855.7769828725225,1863.093994140625,750700
2021-09-17,1862.1794210551698,1862.1794210551698,1831.0821222752702,1852.1185302734375,1093300
2021-09-21,1829.25291984312,1841.1430638221002,1809.1311377248458,1814.618896484375,648700
2021-09-22,1825.5943073409487,1841.1429562511673,1809.131032024247,1836.56982421875,700600
2021-09-24,1858.5209050105168,1911.569237929124,1852.1185200030986,1902.4229736328125,748600
2021-09-27,1911.5692823938139,1938.0934494700916,1905.166897237471,1922.5447998046875,551300
2021-09-28,1910.6545755099569,1925.2885981084055,1880.4719039006563,1916.142333984375,748500
2021-09-29,1884.1304108813736,1900.5936863162592,1867.6671354464877,1896.9351806640625,814700
2021-09-30,1919.8008409902927,1937.1787428382277,1890.532795772718,1896.9351806640625,1042600
2021-10-01,1883.2158788824895,1902.4230345194649,1872.2403613756464,1879.557373046875,683300
2021-10-04,1903.337636435003,1906.9961422234414,1867.66720499773,1888.70361328125,522400
2021-10-05,1859.4355640224014,1880.471972272532,1828.3382648700347,1862.179443359375,697500
2021-10-06,1879.5571694390217,1911.5690920328736,1867.6670267613054,1892.3619384765625,592100
2021-10-07,1894.1913528625519,1927.117904626459,1885.0450884836887,1905.1668701171875,592600
2021-10-08,1927.1178548636858,1955.4712737060086,1924.3739756208804,1942.66650390625,715800
2021-10-11,1941.752021278542,1953.6421655444965,1917.057106264637,1952.7275390625,378200
2021-10-12,1937.1785369443223,1952.7271843135638,1931.690779049296,1948.154052734375,492700
2021-10-13,1948.1542796577485,1972.849193061861,1936.2641361668798,1945.410400390625,435200
2021-10-14,1961.8738595615089,1974.6786306728661,1953.6422209899222,1968.2762451171875,398200
2021-10-15,1980.1661656977055,1998.4586937872918,1971.0199016529125,1997.5440673828125,393500
2021-10-18,1988.3979635472945,2015.8367578924733,1985.6540841127767,2010.3489990234375,537700
2021-10-19,2001.2024681534351,2019.4949952846364,1994.8000836575145,2000.287841796875,337900
2021-10-20,2028.6415361976187,2029.5561626792228,1995.7149828598756,1998.4588623046875,385900
2021-10-21,1989.3124025259447,1997.5440400536381,1957.3004788071362,1960.958984375,377800
2021-10-22,1955.4714448409934,1984.7394926590064,1951.812938863742,1970.10546875,461200
2021-10-25,1946.32509532784,1985.6540328744081,1932.6056985092698,1956.385986328125,526400
2021-10-26,1977.4224194145465,2004.8612133934719,1971.9346606187614,1992.9710693359375,487700
2021-10-27,1993.8855856410275,2005.7757290416391,1977.4223101632576,1988.3978271484375,484600
2021-10-28,1986.5687064197575,1991.1418388010186,1945.410514988409,1957.3006591796875,1413400
2021-10-29,1947.2394843819588,1949.983363411149,1916.1421887178037,1925.2884521484375,620300
2021-11-01,1946.324858154986,1962.788132331109,1918.8860678614476,1944.49560546875,496500
2021-11-02,1960.9588971656976,1972.8490397324674,1952.727260004088,1966.4466552734375,415500
2021-11-04,1993.8855763043987,1993.8855763043987,1934.4348595797262,1954.556640625,503300
2021-11-05,1963.7029411430724,2006.6903832640432,1946.325039009063,2005.7757568359375,580100
2021-11-08,1998.4588355348822,2010.3489796364627,1971.0200414543117,1981.0809326171875,390600
2021-11-09,1976.507882476246,1996.6296656388918,1939.9228221805267,1941.7520751953125,444900
2021-11-10,1809.1312002380039,1848.4601393736127,1666.4494675599813,1673.7664794921875,2485200
2021-11-11,1673.7664427718496,1695.7174780868902,1664.6201780572492,1687.48583984375,1146900
2021-11-12,1690.229743911785,1709.4369000926006,1668.278708276567,1678.339599609375,819800
2021-11-15,1686.5710161601028,1694.8026534407106,1661.8761043182792,1669.193115234375,535200
2021-11-16,1663.705517817088,1686.5711791394779,1653.6446268352365,1681.998046875,520600
2021-11-17,1692.0589277525885,1692.9735542000224,1657.3031227501028,1667.364013671875,618900
2021-11-18,1657.303176281664,1663.7055616205005,1627.1205025414351,1656.3885498046875,700000
2021-11-19,1654.5590587441993,1669.1930802698528,1628.9495210743057,1644.4981689453125,437200
2021-11-22,1636.2667916831144,1652.7300685139114,1621.632767833517,1647.2423095703125,613900
2021-11-24,1633.5228587911674,1651.8153880049545,1603.3401855884192,1612.4864501953125,664300
2021-11-25,1620.7179830168814,1632.6081262331452,1597.8523229856048,1615.230224609375,524300
2021-11-26,1614.3156881480465,1617.9741939568808,1576.8160036074971,1590.535400390625,604000
2021-11-29,1555.779534320987,1608.8278664730256,1552.1210286553294,1567.669677734375,474200
2021-11-30,1596.9376046316966,1608.8277471633185,1535.6576392764136,1536.572265625,830400
2021-12-01,1532.914091960219,1546.6334901579535,1514.621561029906,1531.0848388671875,501400
2021-12-02,1531.0847119609562,1557.6088796114147,1515.5360619589633,1523.7677001953125,584100
2021-12-03,1536.5724489094575,1564.0112426399835,1524.682304959563,1559.4381103515625,551800
2021-12-06,1555.779447688613,1589.620623211528,1555.779447688613,1573.1573486328125,561400
2021-12-07,1588.7061622173896,1621.632714802206,1588.7061622173896,1612.4864501953125,638300
2021-12-08,1632.6081610479418,1644.498304517759,1616.1448854743492,1620.718017578125,524700
2021-12-09,1624.37670456554,1634.4375963167906,1607.9134271544028,1617.0596923828125,778200
2021-12-10,1619.8034468612977,1628.0350849311744,1581.3891358685398,1590.535400390625,849000
2021-12-13,1600.5962550164356,1618.8887836451947,1592.364617133494,1604.2547607421875,321900
2021-12-14,1604.254865802131,1617.9742631721606,1597.8524803627838,1601.510986328125,530500
2021-12-15,1596.02321798451,1605.1694828440202,1577.7306882654898,1586.876953125,405200
2021-12-16,1604.254865802131,1617.0596366808252,1589.620841940766,1601.510986328125,450500
2021-12-17,1594.193883895874,1604.2547747294109,1575.9013551076255,1580.4744873046875,708300
2021-12-20,1572.2428461336401,1581.389110509054,1540.2309208196916,1553.9503173828125,502100
2021-12-21,1573.1574282438858,1602.4254734205163,1573.1574282438858,1598.7669677734375,523400
2021-12-22,1600.5962791792842,1606.9986642960014,1590.535388281586,1595.1085205078125,294400
2021-12-23,1612.4864209399345,1638.0959613746015,1612.4864209399345,1614.315673828125,466000
2021-12-24,1617.974127767298,1622.5472598412587,1603.3401051306237,1606.083984375,162200
2021-12-27,1606.0840187375852,1636.266691071492,1606.0840187375852,1611.57177734375,490000
2021-12-28,1614.3155400335452,1621.6325509798728,1592.364507194562,1618.888671875,445100
2021-12-29,1608.8277929632823,1633.522705078125,1607.9131665886584,1633.522705078125,330800
2021-12-30,1625.2912255776662,1630.7789843584574,1614.3157080160838,1619.803466796875,325500
2022-01-04,1629.8643603515625,1647.2422631835936,1619.8034692382812,1646.32763671875,519900
2022-01-05,1637.1812230890448,1637.1812230890448,1606.083926114169,1609.742431640625,547100
2022-01-06,1600.5961395973382,1604.254645059275,1570.4134695363598,1573.1573486328125,644800
2022-01-07,1576.8158074734583,1589.620576211642,1562.1817860583915,1572.24267578125,695900
2022-01-11,1566.755009437675,1594.1938011966536,1563.0965038698112,1593.2791748046875,461200
2022-01-12,1612.4864158738928,1626.2058124922185,1596.9377663731234,1606.9986572265625,822600
2022-01-13,1603.340046969327,1614.3155635486949,1597.8522886796432,1609.742431640625,672500
2022-01-14,1594.1936553479068,1606.998423663954,1577.7303817987029,1583.2181396484375,910200
2022-01-17,1566.7551917636517,1609.7426371885738,1565.840565265249,1596.9378662109375,526900
2022-01-18,1598.7670242785057,1628.949696933649,1598.7670242785057,1614.315673828125,545500
2022-01-19,1605.1694704253098,1630.7790118338048,1582.3038084534394,1591.4500732421875,705900
2022-01-20,1618.8889005189483,1653.644707422745,1610.6572620417332,1642.669189453125,842400
2022-01-21,1623.4618376411859,1647.2421237136764,1615.2302001545545,1643.5836181640625,659700
2022-01-24,1648.1566627235857,1653.6444207570714,1623.4617515728992,1649.0712890625,576100
2022-01-25,1642.669043455409,1660.961571778966,1639.0105377906978,1651.8153076171875,806800
2022-01-26,1659.1324047945411,1682.9126928456205,1652.7300195500197,1665.5347900390625,717100
2022-01-27,1655.4736545982207,1660.0467862407572,1579.5596693321145,1588.7059326171875,790600
2022-01-28,1601.510986328125,1616.14501018949,1588.7062154494306,1601.510986328125,647400
2022-01-31,1600.5961787593258,1628.0349703952,1593.279167656426,1624.37646484375,634100
2022-02-01,1641.7544145518934,1641.7544145518934,1603.3401051306237,1606.083984375,459800
2022-02-02,1606.0841174933196,1649.986189042112,1606.0841174933196,1647.2423095703125,394200
2022-02-03,1615.2303073830801,1626.2058247605416,1596.9377784206442,1602.425537109375,563600
2022-02-04,1594.1937932442743,1649.0713764884836,1592.3645404694673,1643.5836181640625,543300
2022-02-07,1637.181134856341,1652.7297825058147,1616.1447292129355,1634.437255859375,890700
2022-02-08,1625.2912206449635,1625.2912206449635,1596.9378003635939,1612.4864501953125,1047600
2022-02-09,1550.2918831429831,1555.7796420213654,1467.060873487519,1499.9874267578125,2841800
2022-02-10,1536.5724320193153,1572.2428634769067,1533.828552676424,1556.6942138671875,1545400
2022-02-14,1536.5724974499258,1563.0966655606685,1533.8286179901938,1541.1456298828125,1371400
2022-02-15,1564.925734777618,1575.9012513277823,1548.462459952371,1564.0111083984375,593900
2022-02-16,1591.4499907020559,1610.657145762253,1586.876858544866,1604.2547607421875,664300
2022-02-17,1613.4008202118812,1616.1446991578196,1586.8766570678083,1597.8521728515625,734200
2022-02-18,1596.0230594308034,1606.998576171875,1581.3890371093748,1600.59619140625,559600
2022-02-21,1582.30377443659,1592.3646654879208,1569.4990040076232,1585.9622802734375,399400
2022-02-22,1593.2793042175751,1603.3401953463888,1562.1820043648786,1581.38916015625,723300
2022-02-24,1582.3036401922052,1618.888695456765,1580.4743874289773,1609.742431640625,822200
2022-02-25,1628.0350531622446,1630.778932465327,1596.937754393977,1611.57177734375,561900
2022-02-28,1609.7424953054137,1619.8033859010725,1606.0839896342652,1613.4010009765625,571000
2022-03-01,1632.6081528774528,1652.7299340333652,1627.1203943803857,1651.8153076171875,536200
2022-03-02,1631.6935398744733,1634.4374191455627,1618.888769942723,1628.0350341796875,576600
2022-03-03,1637.1815185546875,1645.4131574747948,1629.8645061812585,1637.1815185546875,486000
2022-03-04,1645.4129645029705,1649.0714702606201,1577.7306079864502,1580.4744873046875,680500
2022-03-07,1569.4988895218985,1581.3890326243372,1544.803976924526,1574.072021484375,435200
2022-03-08,1572.242998740656,1586.877023161744,1525.5970458984375,1525.5970458984375,488200
2022-03-09,1536.5722940134447,1576.8158540947493,1534.7430412824763,1573.1573486328125,665400
2022-03-10,1617.0596261160713,1639.010661764706,1605.1694818063943,1632.6082763671875,744100
2022-03-11,1629.864147419659,1646.3274216360192,1617.0593785847122,1644.4981689453125,614300
2022-03-14,1631.6936276084498,1686.5712159809314,1631.6936276084498,1668.2786865234375,493200
2022-03-15,1651.8154315501533,1686.571237972582,1649.986178580552,1678.339599609375,393800
2022-03-16,1645.41302470157,1678.339577725059,1645.41302470157,1668.2786865234375,553400
2022-03-17,1688.4002920911203,1689.314918468201,1656.3883688932929,1679.2540283203125,446900
2022-03-18,1701.205261729394,1704.863767668597,1671.93721421577,1678.339599609375,802000
2022-03-22,1668.2786647041064,1708.5222289842493,1662.7909059386322,1703.9490966796875,722000
2022-03-23,1714.9245898098598,1740.5341303510202,1701.2051930913808,1713.0953369140625,733100
2022-03-24,1713.0953127982068,1723.1562035834606,1674.681002527238,1722.2415771484375,594200
2022-03-25,1733.2169710688229,1742.3632347683945,1721.32682825938,1741.4486083984375,466500
2022-03-28,1737.790261102518,1739.6195140089417,1720.4123584914928,1727.7293701171875,389900
2022-03-29,1737.7901374856838,1749.6802805316386,1714.0098513937744,1746.9364013671875,479300
2022-03-30,1790.8199453933685,1790.8199453933685,1763.7428972096313,1781.4830322265625,506200
2022-03-31,1774.0135471795195,1794.554756673177,1736.6658935546875,1736.6658935546875,727700
2022-04-01,1746.9363819381954,1786.1514156321582,1733.864704040208,1783.350341796875,570100
2022-04-04,1783.3503668990165,1790.819897231578,1769.3449975254641,1788.9525146484375,342100
2022-04-05,1802.9578345287805,1805.7589083265984,1781.4829354121766,1787.0850830078125,420500
2022-04-06,1771.212327248478,1778.6818573581186,1752.5385019743771,1759.0743408203125,460400
2022-04-07,1743.201660677918,1759.0744128104968,1720.7930694319246,1747.8701171875,561700
2022-04-08,1762.8092274212913,1762.8092274212913,1723.5941916417923,1749.737548828125,627300
2022-04-11,1777.7482197179204,1797.355736847162,1775.880837134183,1793.6209716796875,690000
2022-04-12,1792.6873791881444,1824.4328848612677,1780.5493917248914,1811.3612060546875,609300
2022-04-13,1812.2948983350982,1831.902416555107,1807.6264416160486,1825.3665771484375,389100
2022-04-14,1828.1675540470821,1837.5044669891,1820.698023693468,1830.9686279296875,321400
2022-04-15,1825.366528582159,1835.6371330908053,1806.6927022028017,1828.1676025390625,246800
2022-04-18,1810.4274894749951,1824.4328594296753,1797.355810850627,1801.090576171875,261400
2022-04-19,1822.5655270426516,1829.1013665351202,1804.82539127738,1816.96337890625,257300
2022-04-20,1828.1675534862682,1842.1729228949985,1820.6980231349453,1826.3001708984375,392700
2022-04-21,1826.3003166643812,1832.8361562434459,1800.156958348122,1808.5601806640625,312500
2022-04-22,1783.3504093054569,1785.2177919330018,1719.8593999689274,1725.4615478515625,637900
2022-04-25,1713.3234403458916,1737.5994127976592,1705.8539103607325,1730.1298828125,443100
2022-04-26,1749.7374506496492,1762.8091285093583,1741.3342291684075,1746.002685546875,342200
2022-04-27,1718.9257368958579,1776.8145993008245,1717.9920455667457,1773.079833984375,502300
2022-04-28,1760.0080320840175,1764.6764884025426,1742.2678980736216,1759.0743408203125,371300
2022-05-02,1763.7428243161498,1784.284032434178,1749.737455144767,1778.681884765625,276700
2022-05-06,1798.289431526501,1834.7033919779722,1780.549296947579,1821.6317138671875,481600
2022-05-09,1810.4274616674713,1812.2948442994132,1760.0081306050456,1767.4776611328125,356300
2022-05-10,1752.5385508532236,1773.0797592276353,1737.5994902172877,1760.9417724609375,455500
2022-05-11,1690.9149502606913,1777.7482414667898,1603.1479677513014,1771.21240234375,1845000
2022-05-12,1757.2070597415147,1814.1622301157083,1754.4059857886857,1800.1568603515625,541800
2022-05-13,1820.6980231349453,1835.637083837591,1794.5546669053153,1826.3001708984375,621600
2022-05-16,1846.8413500467937,1853.3771890004477,1780.5492692311607,1792.687255859375,453000
2022-05-17,1788.0188986695841,1823.4991692437065,1777.7482940297066,1815.095947265625,393500
2022-05-18,1816.9632573990502,1825.3664790416974,1791.7535924711087,1821.6317138671875,408900
2022-05-19,1803.8916260649735,1844.040352732051,1797.3557868401003,1804.8253173828125,473600
2022-05-20,1828.1675320095487,1859.9130356297348,1814.1621627653487,1848.708740234375,555700
2022-05-23,1867.3824946403981,1873.9183333716394,1846.8412871993537,1864.5814208984375,492000
2022-05-24,1860.846850401912,1873.9185292306258,1852.4436282977388,1858.0457763671875,474000
2022-05-25,1848.708765312264,1864.5815173376723,1844.9740001298148,1854.3109130859375,405500
2022-05-26,1760.008072706046,1766.5439117028325,1668.5063267510368,1695.5833740234375,2827100
2022-05-27,1712.3898909630823,1720.793112892563,1687.1802251746399,1693.716064453125,1236600
2022-05-30,1709.588796880766,1745.069066832415,1695.58342716301,1739.4669189453125,1036500
2022-05-31,1738.5331791819483,1778.6819045873317,1736.6657966049538,1742.2679443359375,780700
2022-06-01,1759.074537016174,1792.687426258521,1755.339771544802,1780.5494384765625,415900
2022-06-02,1777.7483125420026,1786.1515346075898,1731.0637455109627,1736.6658935546875,435400
2022-06-03,1756.2734359172407,1756.2734359172407,1717.0583990706036,1728.2626953125,389200
2022-06-06,1716.12448885122,1731.0635486018289,1714.2571063823937,1724.5277099609375,294400
2022-06-07,1719.8594467666123,1723.5942121233259,1699.3182373046875,1699.3182373046875,341800
2022-06-08,1675.0422141701476,1706.7877187865272,1673.1748315456546,1697.4508056640625,569000
2022-06-09,1668.506328522345,1720.7930405521445,1666.6389459498523,1709.5887451171875,611600
2022-06-10,1709.5888197853992,1730.1300289799808,1696.5171412070292,1726.395263671875,564900
2022-06-13,1707.7214077014996,1708.6550990124354,1673.1748291968768,1674.1085205078125,485100
2022-06-14,1650.7661149289934,1668.506248517031,1639.5618200312852,1660.10302734375,443900
2022-06-15,1667.572674927888,1673.1748227719906,1613.4185791015625,1613.4185791015625,532700
2022-06-16,1650.766257322815,1655.4347139328906,1621.8218263403448,1623.689208984375,398800
2022-06-17,1594.744676585478,1615.285884363511,1577.9382338579962,1587.275146484375,640300
2022-06-20,1605.0153795699,1612.48491013218,1571.4024920396403,1591.010009765625,319000
2022-06-21,1619.0206336996785,1647.9650625605148,1610.6174124175002,1642.3629150390625,343100
2022-06-22,1652.6336184532308,1661.9705315518365,1640.4956314250433,1655.4346923828125,300800
2022-06-23,1653.5672619759134,1673.1747789163392,1649.8324968444037,1662.9041748046875,298900
2022-06-24,1675.9759524875217,1682.5117918565538,1658.2358170572918,1680.6444091796875,386500
2022-06-27,1695.583400143286,1714.2572261360535,1685.312795847264,1710.5224609375,375700
2022-06-28,1711.4562273579259,1744.135424279654,1711.4562273579259,1736.6658935546875,396000
2022-06-29,1716.124636982573,1749.7375243228194,1696.5171193674296,1748.8038330078125,537200
2022-06-30,1786.1515118107714,1808.5601036996675,1757.207080620947,1763.742919921875,1555600
2022-07-01,1741.334303839732,1783.3504130476613,1734.7984646296097,1762.8092041015625,971600
2022-07-04,1772.1461449322026,1803.8916501628112,1768.4113796109546,1801.090576171875,491500
2022-07-05,1810.4274657321296,1825.3665268212035,1801.0905525514584,1809.4937744140625,422100
2022-07-06,1799.2231685898296,1817.8969949374148,1782.416724877003,1795.4884033203125,560500
2022-07-07,1790.8198681121178,1798.2893983232213,1744.1353042927194,1755.339599609375,807400
2022-07-08,1753.4722900390625,1767.477659767809,1746.936450832314,1753.4722900390625,572600
2022-07-11,1755.339599609375,1778.6818815190743,1744.1353042927194,1755.339599609375,572200
2022-07-12,1741.3342547987068,1764.6765370346143,1731.9973419043436,1756.2733154296875,398000
2022-07-13,1756.2732915336953,1769.3449694079493,1742.2679223827088,1760.008056640625,323200
2022-07-14,1764.6765143160455,1777.748192199868,1752.5385277096389,1769.344970703125,390300
2022-07-15,1766.5439670663077,1776.8145715259957,1738.5332276307954,1739.4669189453125,406400
2022-07-19,1750.6711419253427,1753.4722157524232,1728.2625513086982,1746.002685546875,293000
2022-07-20,1757.2070107350519,1794.5546623978585,1750.6711716940608,1788.9525146484375,412800
2022-07-21,1793.6210224428437,1818.8306880367827,1792.6873311245497,1814.1622314453125,315500
2022-07-22,1811.3611834306582,1855.2446760189266,1792.6873567973525,1833.769775390625,419700
2022-07-25,1833.769799242727,1835.637181930347,1814.1622810227182,1825.3665771484375,292500
2022-07-26,1825.3665519055023,1828.1676258981963,1802.0242686330535,1815.095947265625,311600
2022-07-27,1802.9579351875927,1819.7643789128008,1801.0905525514584,1809.4937744140625,273100
2022-07-28,1816.0296393465728,1833.7697746409608,1811.3611826901547,1824.432861328125,370100
2022-07-29,1820.698048069572,1832.8360350567025,1816.0295915360603,1831.90234375,344200
2022-08-01,1830.0349611365953,1834.703417670107,1811.3611350025485,1831.90234375,349600
2022-08-02,1823.4990935994085,1825.3664761837397,1795.4883548344408,1798.2894287109375,356100
2022-08-03,1805.7591304520497,1819.7645011639322,1789.8863769785828,1790.820068359375,330800
2022-08-04,1801.0905054073833,1823.4990964544425,1789.8862098838538,1821.6317138671875,340500
2022-08-05,1821.6317138671875,1840.305539739737,1815.0958748117953,1821.6317138671875,293300
2022-08-08,1814.1621533331281,1816.9632271674047,1775.8808109313484,1778.681884765625,349300
2022-08-09,1778.682080409077,1798.2895994057124,1774.947314885908,1790.820068359375,555700
2022-08-10,1790.8199453933685,1797.3557846101326,1773.0798103764373,1781.4830322265625,577300
2022-08-12,1708.655005468537,1718.9256093265446,1673.1747375954199,1712.3897705078125,1971800
2022-08-15,1713.3236607233353,1801.0906493380455,1702.119364304436,1799.2232666015625,850200
2022-08-16,1805.7589871623345,1835.6371089768095,1803.8916045489298,1831.90234375,425100
2022-08-17,1838.4381348895542,1851.5098128420448,1825.3664569370637,1839.371826171875,379700
2022-08-18,1826.3000758173016,1844.0402094781036,1811.3610158924157,1841.2391357421875,296700
2022-08-19,1841.2393541639904,1843.1067368761242,1807.6264653455808,1816.96337890625,296000
2022-08-22,1802.957765432807,1818.8305163454727,1794.5545443613955,1812.294677734375,281600
2022-08-23,1807.6263410577174,1813.2284888089291,1788.0188239284755,1793.6209716796875,321200
2022-08-24,1794.554685446241,1798.2894506604891,1769.3450202500658,1775.880859375,274900
2022-08-25,1788.9526135033107,1811.3612057392602,1786.151539473817,1806.6927490234375,342100
2022-08-26,1815.0960198616697,1825.366624912327,1798.2895752333209,1799.2232666015625,279800
2022-08-29,1765.610158097412,1778.681835629598,1761.875393088216,1776.814453125,483000
2022-08-30,1789.8863048464752,1809.493823052931,1785.2178481306523,1806.6927490234375,259100
2022-08-31,1792.6873280267296,1799.2231672434937,1781.4830322265625,1781.4830322265625,449500
2022-09-01,1766.5438975123354,1779.6155754009046,1757.2069847347861,1774.013427734375,567700
2022-09-02,1768.411301602687,1776.8145232048116,1742.2679455071877,1751.6048583984375,342800
2022-09-05,1744.1353535290807,1767.4776360977246,1742.267970923589,1761.87548828125,291800
2022-09-06,1770.2787580459578,1784.2841279672075,1748.8038575000417,1749.737548828125,455200
2022-09-07,1749.7374238607824,1758.1406452133688,1725.4614510644215,1731.0635986328125,391200
2022-09-08,1747.8701893109837,1747.8701893109837,1722.6605231189983,1731.9974365234375,352900
2022-09-09,1729.196243870512,1761.875438544091,1729.196243870512,1755.339599609375,425300
2022-09-12,1772.1462161659756,1780.5494384765625,1764.6766852232317,1780.5494384765625,276300
2022-09-13,1785.217749482157,1805.7589578967006,1782.4166756074465,1788.9525146484375,232100
2022-09-14,1751.6049352951209,1814.1622544128038,1747.8701699746623,1796.422119140625,661200
2022-09-15,1809.4936469554652,1809.4936469554652,1763.742775592814,1776.814453125,314500
2022-09-16,1766.5440418726616,1779.6157208294362,1739.4669926050574,1746.9365234375,405300
2022-09-20,1762.809303610609,1813.2286375062515,1758.14084676842,1808.5601806640625,574500
2022-09-21,1798.2893767797646,1802.9578331057764,1771.212330088896,1777.7481689453125,428600
2022-09-22,1761.8754631663053,1769.3449934817959,1746.9364025353245,1756.2733154296875,380600
2022-09-26,1727.3289276559492,1731.0636929049351,1695.5834230395697,1697.4508056640625,535700
2022-09-27,1707.7214371313464,1735.7321769421394,1703.9866718232406,1726.395263671875,441400
2022-09-28,1719.8594467666123,1721.726829444969,1674.1085711468706,1699.3182373046875,571100
2022-09-29,1721.726657591972,1735.7320262817116,1699.318067688389,1706.78759765625,478700
2022-09-30,1713.3235835038358,1727.3289533962377,1695.5834483067933,1707.721435546875,620200
2022-10-03,1691.8486582577652,1711.4561758203554,1666.6389928201497,1702.1192626953125,539900
2022-10-04,1714.2572543525594,1748.8038330078125,1712.3898717225459,1748.8038330078125,508100
2022-10-05,1754.4059799775857,1770.278732324376,1735.7321536872444,1739.4669189453125,444100
2022-10-06,1730.1298573674158,1743.2015346491987,1711.4560326791545,1724.5277099609375,696800
2022-10-07,1717.058374420414,1732.931127201897,1714.2573004001524,1722.6605224609375,437800
2022-10-11,1701.1856216389313,1731.9974358618097,1701.1856216389313,1722.6605224609375,373200
2022-10-12,1722.6605482320617,1759.074511040219,1717.992091461785,1746.9365234375,441800
2022-10-13,1741.334249459061,1749.73747103822,1710.5224370021447,1714.2572021484375,551000
2022-10-14,1731.9972920507082,1761.875412452661,1721.726688162537,1745.0689697265625,638500
2022-10-17,1728.2626249745877,1766.5439689097352,1728.2626249745877,1758.1407470703125,437100
2022-10-18,1783.350341796875,1798.289402251718,1778.6818854047367,1783.350341796875,365300
2022-10-19,1781.4829592400197,1797.3557109732903,1774.9471202910258,1783.350341796875,339200
2022-10-20,1764.6766104705794,1771.2124497686186,1747.8701665613357,1754.406005859375,509500
2022-10-21,1753.4723160730155,1787.0852039210604,1753.4723160730155,1773.079833984375,371500
2022-10-24,1798.2894781579394,1835.6371308715,1796.4220955222613,1804.8253173828125,547700
2022-10-25,1809.4936302059987,1837.504367515689,1804.8251739877169,1822.5653076171875,509700
2022-10-26,1832.835987811511,1855.2445785947389,1830.968605246242,1844.040283203125,402000
2022-10-27,1830.9686279296875,1840.3055408717053,1816.9632585166607,1830.9686279296875,601400
2022-10-28,1803.891722672637,1816.9634018224388,1780.5494384765625,1780.5494384765625,1203600
2022-10-31,1797.355618051866,1815.0957514248455,1795.4882355915524,1812.294677734375,595700
2022-11-01,1811.361207607745,1843.106713308087,1805.7590595429788,1834.7034912109375,475300
2022-11-02,1834.7034181673394,1854.3109356134025,1830.0349616325623,1836.57080078125,542500
2022-11-04,1802.024364928881,1810.4275873560105,1787.0853028362062,1790.820068359375,458300
2022-11-07,1783.3503918444328,1803.8916005463059,1780.549317930541,1794.5546875,447100
2022-11-08,1804.825318262372,1816.0296140819005,1789.8862571696675,1814.1622314453125,687900
2022-11-09,1739.4668479107797,1792.6872506648938,1719.8593311066325,1755.339599609375,1044900
2022-11-10,1754.4060290264827,1761.8755597514491,1723.5942147859962,1736.6658935546875,790500
2022-11-11,1766.5439148114983,1770.2786799590915,1700.2518334417223,1718.9256591796875,803300
2022-11-14,1722.6603528273408,1742.2678690383837,1715.1908228421814,1730.1298828125,590400
2022-11-15,1729.196362829721,1746.0028069608954,1726.3952888078586,1736.6658935546875,407200
2022-11-16,1726.395216207371,1740.400585727712,1707.7213901802497,1738.533203125,553200
2022-11-17,1743.2016637503286,1776.8145506785622,1742.2679724467666,1775.880859375,394700
2022-11-18,1776.8145028478814,1788.9524894674412,1768.4112813420322,1783.350341796875,330800
2022-11-21,1783.3504139585666,1786.1514879071926,1764.6765876343932,1772.1461181640625,260200
2022-11-22,1782.4166498779937,1796.4220190493766,1772.1460458189795,1778.681884765625,357400
2022-11-24,1778.68193532128,1813.2285135926118,1774.013478798127,1794.5546875,482200
2022-11-25,1798.289574465579,1802.024339936951,1774.0135989016617,1780.5494384765625,327400
2022-11-28,1771.2124259431482,1781.4830304161976,1760.008130154367,1762.8092041015625,357600
2022-11-29,1759.0745125920566,1778.682031044516,1754.4060558176616,1774.947265625,490600
2022-11-30,1764.6766331028293,1768.4113984638936,1724.5279054713894,1727.3289794921875,915000
2022-12-01,1741.3342749049946,1767.477631311075,1719.859375,1719.859375,652800
2022-12-02,1708.65510141102,1717.0583232212382,1687.1802012293515,1697.4508056640625,538800
2022-12-05,1697.4508032812064,1700.2518772140136,1665.7052987093907,1674.1085205078125,535900
2022-12-06,1666.6390630981173,1693.7161123025126,1666.6390630981173,1676.90966796875,476900
2022-12-07,1661.970388744696,1681.577904566965,1658.2356238261686,1677.8431396484375,377200
2022-12-08,1671.3073716752983,1686.246431980776,1653.5672375625438,1661.970458984375,548000
2022-12-09,1675.0422371401226,1702.1192855665795,1675.0422371401226,1684.379150390625,548500
2022-12-12,1675.042065959542,1683.4452870262287,1671.3073010410146,1677.8431396484375,313200
2022-12-13,1680.644385494403,1695.5834466987978,1680.644385494403,1689.047607421875,364000
2022-12-14,1689.047486827949,1708.6550032587875,1687.1801043107262,1698.3843994140625,345600
2022-12-15,1696.517090912784,1714.2572256003693,1696.517090912784,1705.85400390625,325800
2022-12-16,1689.9812502155767,1698.3844719017316,1684.379102424807,1691.8486328125,488100
2022-12-19,1675.9759766168743,1686.246581487507,1669.4401371537444,1676.90966796875,356600
2022-12-20,1676.909515066964,1681.5779714006696,1627.4238779296875,1633.959716796875,599300
2022-12-21,1638.6282228785751,1652.6335923048875,1634.8934576982251,1640.49560546875,433500
2022-12-22,1647.9651628580912,1666.6389890661148,1642.3630149956841,1664.7716064453125,320400
2022-12-23,1654.501122936404,1661.0369625868302,1647.031591907346,1650.766357421875,302500
2022-12-26,1657.3020986959236,1661.9705553119686,1643.2967288477892,1647.031494140625,187300
2022-12-27,1652.6337401791395,1663.8380367227269,1644.230517771449,1650.766357421875,242700
2022-12-28,1638.628368804459,1638.628368804459,1616.219775726791,1627.424072265625,304400
2022-12-29,1623.68909146841,1652.6335203560009,1623.68909146841,1651.6998291015625,308400
2022-12-30,1653.567260120085,1669.440011911187,1648.8988037109375,1648.8988037109375,253500
2023-01-04,1648.898829334025,1662.9041987791047,1640.4956076669773,1659.16943359375,450100
2023-01-05,1658.2356925317797,1669.4399877515891,1641.4292497020658,1652.633544921875,331800
2023-01-06,1641.4293449493462,1649.832566851817,1629.291357756888,1633.026123046875,447400
2023-01-10,1633.0259261637977,1648.898676732571,1625.556396484375,1625.556396484375,447300
2023-01-11,1625.5565937068186,1647.965185463834,1625.5565937068186,1647.031494140625,368500
2023-01-12,1647.03139592951,1655.4346173373135,1637.6944832541726,1643.296630859375,396100
2023-01-13,1643.2967263192043,1647.0314916062932,1611.5512213789468,1619.020751953125,400800
2023-01-16,1602.2142596167726,1630.2249984212615,1597.5458031493577,1617.1533203125,374900
2023-01-17,1609.6837899646362,1622.7554680733977,1603.1479509102555,1617.1533203125,391100
2023-01-18,1623.689164332882,1663.8378900754433,1623.689164332882,1659.16943359375,452800
2023-01-19,1647.9651619039278,1663.8379141715577,1641.4293227349037,1655.4346923828125,440000
2023-01-20,1659.1695309191487,1673.1749011857708,1646.097852003635,1653.5673828125,382600
2023-01-23,1664.7716064453125,1687.1801978949409,1663.8379151349113,1664.7716064453125,445800
2023-01-24,1669.4399877515891,1678.7769004347635,1652.633544921875,1652.633544921875,493400
2023-01-25,1646.0978286529455,1677.8433341402967,1641.4293719636291,1666.6390380859375,731700
2023-01-26,1677.8433355019695,1695.5834709357687,1673.1748788088644,1685.3128662109375,358100
2023-01-27,1688.1139641912582,1692.7824209506368,1675.0422852649986,1676.90966796875,302400
2023-01-30,1674.1085454104277,1686.246532633147,1672.2411627607785,1679.710693359375,341400
2023-01-31,1677.843288106887,1700.2518796008019,1677.843288106887,1697.4508056640625,410100
2023-02-01,1698.3844708136792,1705.8540011965872,1681.5780274521364,1682.51171875,367000
2023-02-02,1677.8433098918304,1683.4454578380467,1667.5727053237667,1670.373779296875,363500
2023-02-03,1661.0367922389328,1672.2410876334618,1649.8324968444037,1662.9041748046875,427900
2023-02-06,1679.7106448564095,1694.6497056222254,1676.909570962819,1682.51171875,352200
2023-02-07,1685.3128417156752,1691.8486809910269,1674.1085458150724,1684.379150390625,269000
2023-02-08,1670.3738285056202,1693.7161123025126,1667.572754449993,1676.90966796875,508000
2023-02-09,1602.2141500482576,1690.9148168632835,1602.2141500482576,1677.8431396484375,1105300
2023-02-10,1692.782421767152,1701.1856439380867,1676.909668777609,1690.9150390625,848900
2023-02-13,1679.7105930971295,1693.7159621335147,1650.7661637552667,1661.970458984375,400800
2023-02-14,1679.7105221077013,1686.2463607151242,1662.904079974328,1677.8431396484375,270800
2023-02-15,1687.1801768561675,1700.251855038783,1676.9095725698267,1696.51708984375,332500
2023-02-16,1701.1854731898966,1706.7876207415648,1689.9811780865602,1698.3843994140625,263400
2023-02-17,1681.5780010842798,1681.5780010842798,1649.8324974547043,1667.5726318359375,658100
2023-02-20,1670.3736098113827,1685.3126694854923,1661.970388744696,1677.8431396484375,318300
2023-02-21,1680.6443098010568,1685.312766217171,1663.8378667030463,1667.5726318359375,233700
2023-02-22,1665.7051979181388,1667.5725804270157,1638.6281515394246,1651.6998291015625,316200
2023-02-24,1643.2966804612336,1652.6335934183996,1636.7608413912174,1649.83251953125,259600
2023-02-27,1649.832566851817,1651.6999494968106,1625.5565924669008,1633.026123046875,360600
2023-02-28,1636.760888336862,1638.6282709818556,1628.3576664343911,1633.026123046875,311600
2023-03-01,1626.4901113910926,1630.2248762852169,1614.352125485189,1621.8216552734375,338000
2023-03-02,1615.2860590157707,1615.2860590157707,1594.7448490167262,1603.1480712890625,404500
2023-03-03,1607.8163810676629,1609.6837636240714,1594.7447031728038,1602.2142333984375,410500
2023-03-06,1608.7501724374329,1633.9598385174158,1605.9490984285458,1629.2913818359375,454100
2023-03-07,1633.0260506805907,1647.0314198974054,1630.2249768372278,1639.5618896484375,302000
2023-03-08,1633.0262212278617,1653.567431557772,1626.4903815774358,1650.766357421875,344000
2023-03-09,1657.3020313279744,1701.1855217349687,1655.434648757464,1695.5833740234375,627000
2023-03-10,1691.848506302025,1693.7158887593118,1658.2356220708589,1668.5062255859375,678400
2023-03-13,1655.4346689551767,1668.506347108235,1650.7662124719416,1663.837890625,392500
2023-03-14,1640.4955556640625,1640.4955556640625,1616.2195827287946,1633.959716796875,469600
2023-03-15,1632.0924313046517,1647.0314924607583,1622.755518082085,1628.357666015625,289400
2023-03-16,1601.2805930819145,1623.6891844719821,1589.142606078961,1622.7554931640625,346000
2023-03-17,1629.2913347526633,1648.8988522482541,1622.7554955874664,1646.0977783203125,431800
2023-03-20,1642.362987500892,1650.7662091538243,1631.1586919636488,1635.8271484375,364500
2023-03-22,1660.103124338671,1661.0368156346995,1632.0923854578161,1654.5009765625,315100
2023-03-23,1645.1641606525268,1655.4347655147162,1636.7609384925536,1653.5673828125,226400
2023-03-24,1653.5673354582257,1673.1748532699833,1647.9651875120092,1670.373779296875,344300
2023-03-27,1670.373730795724,1679.7106437683105,1662.9042004176547,1673.1748046875,327800
2023-03-28,1671.3073222414582,1676.909469690312,1650.7661149289934,1660.10302734375,319600
2023-03-29,1658.2357940842062,1696.5171384296186,1649.8325721547253,1693.716064453125,406700
2023-03-30,1699.3806066941975,1705.0452087165115,1691.827803997779,1700.32470703125,253500
2023-03-31,1713.5421742802173,1713.5421742802173,1700.3247690791577,1706.9334716796875,449600
2023-04-03,1722.9831225705161,1745.6415307577447,1717.318520523709,1739.9769287109375,439000
2023-04-04,1739.97685518091,1764.5234630130876,1722.9830497586331,1761.691162109375,550200
2023-04-05,1756.0266604216204,1760.7471621969473,1734.3123522551164,1737.1446533203125,374000
2023-04-06,1722.0390112704918,1729.591813951503,1714.4862085894808,1727.70361328125,396200
2023-04-07,1732.4241149568818,1739.0328173027665,1717.31850959486,1727.70361328125,268500
2023-04-10,1729.5918358112203,1760.7471472641519,1727.7036351171034,1752.250244140625,269700
2023-04-11,1760.747173080815,1765.4676748853212,1742.8092662236913,1749.41796875,341500
2023-04-12,1751.306224609375,1773.9646339843748,1747.529823046875,1770.188232421875,378400
2023-04-13,1751.3061694718026,1754.1384705545063,1724.8713593665677,1749.41796875,370500
2023-04-14,1770.1880733704759,1770.1880733704759,1749.4178666429289,1760.7470703125,391900
2023-04-17,1755.0825687178196,1755.0825687178196,1722.98315648737,1736.2005615234375,346200
2023-04-18,1736.2005593161389,1736.2005593161389,1715.4303514287244,1722.983154296875,526900
2023-04-19,1715.4303492141125,1717.3185499287124,1705.0452452838124,1709.7657470703125,566100
2023-04-20,1706.933448202055,1732.4241578820634,1703.1570467679796,1722.983154296875,354000
2023-04-21,1727.7036412626035,1750.3620496726048,1722.98313951052,1738.0887451171875,353800
2023-04-24,1751.3061096847698,1767.3558152721776,1742.8092067267305,1756.026611328125,424900
2023-04-25,1761.6913099304297,1771.1323137349873,1752.2503061258724,1758.8590087890625,522900
2023-04-26,1762.635270924095,1765.4675718414878,1746.585565725536,1760.7470703125,504700
2023-04-27,1761.6911961999028,1766.4116977974372,1747.529691407299,1757.914794921875,830300
2023-04-28,1775.8528212659942,1798.51123046875,1772.0764197322014,1798.51123046875,513100
2023-05-01,1810.7845009453574,1817.3932035035523,1796.6229954635116,1802.28759765625,479000
2023-05-02,1802.2875524902342,1803.2316528320312,1786.2378466796874,1793.7906494140625,238000
2023-05-08,1795.6788046689087,1811.7285100734152,1785.293701171875,1785.293701171875,282500
2023-05-09,1793.7906206024359,1826.834132034586,1793.7906206024359,1824.0018310546875,603000
2023-05-10,1835.331150989503,1853.2690583294211,1822.1137455811424,1838.1634521484375,693100
2023-05-11,1793.7906755273639,1865.5423025484583,1785.2937723274974,1844.7720947265625,868300
2023-05-12,1859.8778262172048,1897.6418429931887,1848.5486211844095,1871.20703125,764300
2023-05-15,1881.592002815932,1919.3560169216205,1881.592002815932,1912.747314453125,709800
2023-05-16,1921.2442090373704,1938.2380153089541,1907.0827038110508,1913.69140625,563500
2023-05-17,1916.523752268733,1932.5734585685204,1910.8591500452787,1922.1883544921875,309300
2023-05-18,1922.1883677580538,1923.1324681351452,1891.0330553140382,1893.8653564453125,462000
2023-05-19,1891.9770799988908,1892.9211803382116,1860.8217688013042,1861.765869140625,445700
2023-05-22,1848.5485667948822,1857.0454703194755,1842.8839644451532,1850.436767578125,362900
2023-05-23,1850.4365626811245,1857.0452646907,1824.0017546428228,1832.4986572265625,351200
2023-05-24,1826.834287254788,1828.722488068488,1803.2317770835375,1807.0081787109375,253600
2023-05-25,1793.7907247893913,1798.511226696732,1772.076416015625,1772.076416015625,331400
2023-05-26,1769.2440676725155,1769.2440676725155,1748.473859834311,1750.362060546875,355800
2023-05-29,1768.2998642180382,1779.6290678328894,1757.9147609044244,1761.691162109375,379300
2023-05-30,1757.914906495065,1768.3000106687737,1734.3123970093632,1745.6416015625,409600
2023-05-31,1722.9832230915915,1731.4801266575228,1707.8776167521585,1715.430419921875,701700
2023-06-01,1722.038983043568,1730.5358859204275,1700.324675691593,1717.3184814453125,313900
2023-06-02,1717.3186053137147,1735.256512680928,1710.7099025994783,1730.5360107421875,259300
2023-06-05,1756.0267693014705,1766.8839240579043,1740.9211626838235,1765.4677734375,419100
2023-06-06,1765.46773046875,1773.0205335937499,1757.91492734375,1770.188232421875,433200
2023-06-07,1774.9086614638638,1794.7347688525558,1761.2192063621478,1778.2130126953125,510000
2023-06-08,1773.4926240239677,1781.0454273203168,1732.4242561000694,1739.032958984375,506600
2023-06-09,1762.6353588645125,1772.5484125699636,1743.7533518065102,1764.5235595703125,479500
2023-06-12,1777.2689466179606,1787.1820005034792,1768.2999931024915,1774.4366455078125,357300
2023-06-13,1778.685071433018,1789.542225531468,1766.8838169781811,1777.2689208984375,306900
2023-06-14,1785.2937139635776,1794.7347172103443,1772.5483595804426,1783.8775634765625,351400
2023-06-15,1786.2378551931115,1796.6229590023738,1780.5732531153321,1792.8465576171875,338800
2023-06-16,1792.8465704514576,1798.983222746315,1780.101215685215,1791.430419921875,943800
2023-06-19,1793.7906426521502,1796.150893497745,1767.355833181487,1781.0452880859375,374100
2023-06-20,1773.0204301761753,1773.0204301761753,1739.5048682638994,1754.6104736328125,421000
2023-06-21,1756.026662879731,1781.517372502179,1756.026662879731,1777.2689208984375,643100
2023-06-22,1789.070103718111,1814.088762160607,1785.293702443772,1812.2005615234375,566600
2023-06-23,1821.1695333411678,1823.5297841619831,1781.0452693873058,1796.6229248046875,605100
2023-06-26,1796.1509002685546,1801.3434521484373,1782.4614453125,1793.7906494140625,335500
2023-06-27,1789.5423267637702,1789.5423267637702,1762.6354650846527,1779.6292724609375,376900
2023-06-28,1784.821785203856,1812.2006964817783,1784.821785203856,1810.7845458984375,518100
2023-06-29,1810.7845903671398,1813.6168916033762,1775.852875120224,1779.1572265625,321100
2023-06-30,1768.3000746783089,1771.6044261259192,1747.0578153722427,1765.4677734375,434400
2023-07-03,1766.8838084732026,1803.7037221950595,1764.9956077695178,1778.2130126953125,535400
2023-07-04,1774.4366066268883,1775.3807069762508,1749.4179473687811,1751.7781982421875,331000
2023-07-05,1736.200544416354,1738.0887451171875,1717.790587583228,1738.0887451171875,423300
2023-07-06,1728.1756738119789,1728.6477239823728,1709.293666996224,1713.070068359375,400300
2023-07-07,1705.0452474850172,1729.591856806507,1701.2688460509419,1722.983154296875,565000
2023-07-10,1727.7035209181665,1733.368122626095,1715.430217217655,1724.399169921875,501500
2023-07-11,1734.7844631990986,1735.7285635872342,1701.740949614354,1703.629150390625,398400
2023-07-12,1709.765660412308,1713.5420616501044,1688.9954536044281,1692.2998046875,372800
2023-07-13,1694.6602481505856,1702.2130514849614,1679.5546414818339,1697.964599609375,296200
2023-07-14,1698.4366498177735,1714.0143066949238,1694.6602481505856,1697.964599609375,512700
2023-07-18,1703.1571227665986,1706.933524369185,1670.113608743965,1674.362060546875,470500
2023-07-19,1683.331005708034,1686.6353570933272,1665.8651483857689,1675.30615234375,464200
2023-07-20,1671.5297707133461,1674.3620719345492,1659.728515625,1659.728515625,407700
2023-07-21,1652.1756356222588,1652.6476858038652,1634.7097789028235,1641.3184814453125,432800
2023-07-24,1654.5358801092011,1668.225335322658,1654.063829929427,1655.47998046875,378400
2023-07-25,1655.0080017759785,1656.4241523764715,1630.9334415676,1634.23779296875,363800
2023-07-26,1634.7096997556198,1637.5420007081275,1621.4922953105845,1636.597900390625,374600
2023-07-27,1636.125959395263,1642.7346620587175,1622.436503878107,1638.01416015625,524600
2023-07-28,1616.299779063411,1625.740782445791,1596.0016217912946,1619.132080078125,862100
2023-07-31,1633.2935985823588,1646.038953253377,1623.852595122345,1644.622802734375,628000
2023-08-01,1649.3433906960433,1650.2874910914045,1632.3495835795413,1635.181884765625,351300
2023-08-02,1623.8525190509733,1628.5730205598425,1606.3866634681576,1612.5233154296875,483400
2023-08-03,1601.666253237801,1607.330855371268,1586.0885973707666,1588.9208984375,597000
2023-08-04,1586.5605681536451,1596.9456715453084,1576.6475149161483,1584.2003173828125,644700
2023-08-07,1577.5916492092995,1581.8401006883191,1563.9021944435694,1580.4239501953125,497000
2023-08-08,1562.486028588037,1573.3431822610053,1558.2375771507886,1568.6226806640625,708500
2023-08-09,1567.2066221494931,1591.281181706609,1565.7904715873099,1571.9271240234375,731600
2023-08-10,1491.678471609108,1491.678471609108,1435.9765539983882,1436.920654296875,2313400
2023-08-14,1438.8090872713415,1460.9954478690295,1424.6475805068596,1451.554443359375,1593200
2023-08-15,1451.0823283622349,1458.6351316328255,1412.8462618048695,1418.5108642578125,1171400
2023-08-16,1417.0947395062676,1427.9518944058825,1403.877333541519,1415.6785888671875,708800
2023-08-17,1418.5107542080061,1424.1753562214824,1378.3864899458829,1390.187744140625,923500
2023-08-18,1380.2747052209384,1383.1070062576434,1367.0573003829813,1375.0821533203125,589200
2023-08-21,1385.46722122451,1400.5728263622218,1376.970318334547,1392.5479736328125,549100
2023-08-22,1388.299517940158,1393.4920696903591,1382.1628658717384,1393.02001953125,425300
2023-08-23,1387.8275799418604,1422.2872443417775,1385.939379152824,1420.87109375,387700
2023-08-24,1422.7592945390365,1425.5915957225914,1411.4300898048173,1420.87109375,392100
2023-08-25,1406.7095475880767,1421.8151534682172,1401.9890457505328,1411.902099609375,352000
2023-08-28,1420.8709131919084,1421.8150134664545,1406.7094090737166,1413.7901611328125,279100
2023-08-29,1415.6784564833438,1432.2002123942864,1413.3182056389232,1430.31201171875,360400
2023-08-30,1431.2561635395957,1435.9766653982356,1424.6474609375,1424.6474609375,454500
2023-08-31,1425.591552734375,1437.8648574930153,1422.7592516362272,1425.591552734375,419200
2023-09-01,1427.9516719591809,1444.4734268413533,1426.5355215407092,1440.2249755859375,403200
2023-09-04,1442.1132513902141,1446.361702867305,1433.616348436033,1445.4176025390625,374800
2023-09-05,1443.5293933679168,1454.8585972399999,1439.7529920772224,1446.3616943359375,399700
2023-09-06,1444.4735770407074,1451.5543298693383,1438.3369245892272,1450.6102294921875,411500
2023-09-07,1453.914501203885,1453.914501203885,1443.5293976238572,1445.8896484375,326300
2023-09-08,1443.529533861321,1446.3618351049993,1417.5667724609375,1417.5667724609375,588900
2023-09-11,1425.591507517124,1434.0884105420605,1412.3741028116672,1417.0946044921875,329200
2023-09-12,1422.2871886419612,1435.5045936475951,1421.8151384631885,1427.0076904296875,330600
2023-09-13,1432.2002166717823,1436.9207183747214,1425.1194641173734,1429.8399658203125,360400
2023-09-14,1434.0884838016468,1444.4735880293085,1431.7282328408146,1435.9766845703125,383000
2023-09-15,1449.1940276951225,1464.2996331955278,1441.1691747730324,1456.2747802734375,812200
2023-09-19,1443.5295594727195,1457.219015726712,1437.3929066692058,1454.8587646484375,548000
2023-09-20,1438.33692932635,1444.001531607911,1423.2313232421875,1423.2313232421875,534100
2023-09-21,1420.8709131919084,1427.9516652510042,1410.4858101719012,1413.7901611328125,424100
2023-09-22,1395.3802393379121,1415.2063455801965,1389.7156375544023,1410.0137939453125,427100
2023-09-25,1416.6226266914884,1439.2810359154776,1410.0139240011583,1435.9766845703125,381000
2023-09-26,1435.5046065778922,1435.5046065778922,1424.6474523683257,1425.591552734375,311600
2023-09-27,1426.06360075473,1439.281005859375,1423.7033498431863,1439.281005859375,491700
2023-09-28,1425.5916563882051,1434.0885603004526,1407.6537481290159,1414.262451171875,480600
2023-09-29,1414.2624124181052,1422.7593160975198,1408.1257597607503,1418.5108642578125,501100
2023-10-02,1420.3990751992903,1431.2562299781482,1390.659912109375,1390.659912109375,418600
2023-10-03,1383.1070728523637,1386.4114242209528,1373.1940187465957,1381.2188720703125,490900
2023-10-04,1366.5852435264667,1378.8585479588287,1356.2001397760064,1362.3367919921875,549800
2023-10-05,1364.2250820319184,1382.6350398863285,1358.0884294137818,1379.3306884765625,357400
2023-10-06,1387.355515985541,1389.2437167558512,1379.330662711722,1382.1629638671875,366900
2023-10-10,1383.1069958728292,1393.4920995961065,1376.970343672711,1389.7156982421875,432100
2023-10-11,1392.0760265671058,1395.3803779356952,1379.3306712882616,1381.2188720703125,278700
2023-10-12,1381.2189036752152,1391.1319580078125,1376.4984016120738,1391.1319580078125,355800
2023-10-13,1378.8585436364792,1380.2746941434664,1359.0324365386593,1362.808837890625,462900
2023-10-16,1343.926770560349,1361.8646761737293,1339.6783192308642,1342.5106201171875,457700
2023-10-17,1359.032522307317,1366.5853254879064,1347.231267337646,1353.367919921875,504000
2023-10-18,1366.5853486902574,1371.7779009650735,1349.119491038603,1364.22509765625,374600
2023-10-19,1350.0635130140518,1371.3057710859512,1342.9827603234185,1359.5045166015625,317200
2023-10-20,1357.6163587829378,1359.0325093658128,1347.2312545085204,1354.7840576171875,319600
2023-10-23,1351.95178653292,1358.0884391952552,1341.5666820274298,1351.479736328125,410800
2023-10-24,1343.454762581603,1382.634926072212,1341.5665619314534,1378.386474609375,601000
2023-10-25,1387.8275704913308,1392.0760222377328,1369.8896631176333,1381.69091796875,584200
2023-10-26,1368.0014092390663,1383.579065037855,1366.5852587119036,1374.1380615234375,406700
2023-10-27,1376.4982952870391,1381.2187969855543,1361.8647400216419,1376.0262451171875,366200
2023-10-30,1373.193989123688,1373.193989123688,1350.0635300425395,1357.6163330078125,1207000
2023-10-31,1354.784023304408,1389.2436866149383,1352.4237723927279,1385.46728515625,587800
2023-11-01,1397.268680297893,1400.1009816768753,1383.1071734029822,1383.5792236328125,427400
2023-11-02,1390.1876667859083,1415.6783744281627,1386.8833157952456,1412.3740234375,517600
2023-11-06,1426.0635986328125,1432.2002509936951,1415.2064444558662,1426.0635986328125,686200
2023-11-07,1430.3120459727622,1432.6722968737074,1417.5666911076585,1426.53564453125,428100
2023-11-08,1435.0325860138437,1456.2748446883907,1432.6723350500051,1449.194091796875,940700
2023-11-09,1416.1505575919484,1434.0884646547797,1393.0200984846133,1424.6474609375,1074100
2023-11-10,1441.1693147124436,1447.3059675428601,1401.517096423598,1427.4798583984375,813800
2023-11-13,1434.0884931604614,1434.0884931604614,1402.4611300789106,1408.125732421875,447900
2023-11-14,1419.454909139451,1419.9269593253969,1397.7406005859375,1397.7406005859375,397600
2023-11-15,1407.1815309449835,1449.1939953039582,1406.7094807836468,1446.3616943359375,1041300
2023-11-16,1447.7779287646874,1448.2499789533945,1423.703369140625,1423.703369140625,499400
2023-11-17,1428.423948973795,1428.423948973795,1407.6537395372957,1415.20654296875,439800
2023-11-20,1415.2064117317575,1418.0387127559038,1384.5231506368395,1389.24365234375,563600
2023-11-21,1387.8274720272775,1394.90822443558,1384.523120903403,1392.5479736328125,398300
2023-11-22,1387.8275637325096,1402.9331698683736,1385.9393629655267,1395.8524169921875,296900
2023-11-24,1399.6288013297212,1408.5977548626943,1393.96419909837,1397.7406005859375,361700
2023-11-27,1397.7406220597406,1410.9580274692892,1393.0201201277591,1395.38037109375,466400
2023-11-28,1400.1007984423145,1420.8710058366037,1393.964146257638,1417.0946044921875,388000
2023-11-29,1417.5666656292572,1436.4486724974456,1415.2064147707335,1429.367919921875,546100
2023-11-30,1434.088507956647,1446.8338633598166,1416.6226505523032,1419.927001953125,632000
2023-12-01,1423.23139661467,1427.4798485448632,1405.765538679432,1415.20654296875,409400
2023-12-04,1416.1505892152024,1435.032597071405,1408.1257358763162,1434.560546875,372100
2023-12-05,1425.591480304114,1439.2809349163058,1420.870978713703,1433.6163330078125,502900
2023-12-06,1439.7530904140806,1442.1133413819725,1433.144387703983,1435.504638671875,381000
2023-12-07,1423.7033367325776,1424.647437088501,1386.411372673601,1386.8834228515625,563500
2023-12-08,1373.666140957865,1389.71584844672,1350.5356801651037,1359.9766845703125,871200
2023-12-11,1350.0634552587806,1357.1442076465014,1342.5106527118783,1352.4237060546875,782500
2023-12-12,1356.6721719673822,1361.8647237737987,1336.3740149059356,1337.318115234375,469400
2023-12-13,1311.8275000656006,1316.0759518470293,1294.3616427419493,1300.0262451171875,873600
2023-12-14,1298.6100495990954,1313.7156554104988,1284.920594332511,1291.529296875,539200
2023-12-15,1283.9764291017075,1286.8087300482555,1270.286974526726,1271.703125,876400
2023-12-18,1251.4050377326282,1283.5044502433107,1249.044786812725,1277.3677978515625,506400
2023-12-19,1288.6970148501189,1308.52312277089,1288.6970148501189,1302.8585205078125,448400
2023-12-20,1308.5230087047905,1323.156563275443,1300.4981561983038,1301.914306640625,479100
2023-12-21,1288.697099263689,1294.8337521173257,1278.7840446539685,1280.2001953125,389200
2023-12-22,1274.535507629965,1287.7529128942756,1260.846052177643,1262.7342529296875,471700
2023-12-25,1271.7032760384836,1274.53557732142,1255.1815185546875,1255.1815185546875,442500
2023-12-26,1253.7653981664782,1259.4300008690375,1246.684644788279,1251.877197265625,395000
2023-12-27,1251.8770963228667,1279.25600717759,1251.8770963228667,1276.4237060546875,512600
2023-12-28,1278.783937732277,1298.1379951139763,1269.3429341314481,1292.0013427734375,429800
2023-12-29,1290.1131909605206,1306.1628976903623,1289.641140762584,1300.0262451171875,444000
2024-01-04,1296.7218488726699,1322.2125586794134,1275.9516408819902,1318.4361572265625,574900
2024-01-05,1319.3802338197343,1321.2684345121418,1307.5789794921875,1307.5789794921875,368700
2024-01-09,1370.8337191557434,1428.4238409660054,1350.0635112897473,1427.0076904296875,2182400
2024-01-10,1420.871178702998,1463.3556989964432,1420.871178702998,1451.554443359375,1222100
2024-01-11,1451.5543232953746,1470.4363307528754,1438.8089682615614,1464.771728515625,948500
2024-01-12,1485.0697701646116,1489.7902716590954,1466.1877641866763,1477.5169677734375,745900
2024-01-15,1491.2063878717659,1493.5666385648203,1481.2933349609375,1481.2933349609375,137400
2024-01-16,1491.2064949155479,1493.566745778029,1442.1132769759413,1442.5853271484375,643100
2024-01-17,1442.58541155876,1452.4984657612254,1418.9829015528903,1419.927001953125,488300
2024-01-18,1420.87101683119,1437.392772840855,1418.0387158009619,1429.367919921875,450900
2024-01-19,1426.5356078532282,1440.225062726737,1409.069751635303,1417.0946044921875,394800
2024-01-22,1416.1505533315046,1433.6164101559266,1410.013900933735,1425.1195068359375,494000
2024-01-23,1424.647495328073,1435.032599667774,1407.6536882267442,1420.87109375,579100
2024-01-24,1420.8710876935447,1424.647489255521,1405.7654814456398,1408.125732421875,378400
2024-01-25,1408.5976495106597,1441.641160055481,1402.4609975523358,1436.4486083984375,621300
2024-01-26,1436.4487476606203,1460.5233076772788,1433.6164464821898,1434.560546875,542600
2024-01-29,1425.591574192838,1435.5046281855696,1420.399022101407,1423.2313232421875,416900
2024-01-30,1426.063654554651,1427.007754954886,1411.9021485511294,1419.927001953125,383000
2024-01-31,1414.7342954315707,1414.7342954315707,1395.3802393379121,1410.0137939453125,341100
2024-02-01,1402.4610959342872,1413.3182501606382,1397.268543912989,1411.902099609375,359600
2024-02-02,1411.4300855359775,1446.3618000275033,1409.5418847526519,1421.3431396484375,373600
2024-02-05,1434.088468652153,1458.6350783855014,1431.7282177162542,1451.082275390625,481700
2024-02-06,1445.4175612606034,1447.3057618631644,1420.8709534273075,1436.4486083984375,259000
2024-02-07,1440.2250720202865,1443.057373046875,1420.3989648341665,1443.057373046875,508700
2024-02-08,1263.678302731528,1295.3056640625,1238.6596437682217,1295.3056640625,3341500
2024-02-09,1301.4422226117645,1319.85217788266,1283.032267340869,1305.690673828125,1656200
2024-02-13,1302.8585012335527,1303.8026015967653,1210.8087158203125,1210.8087158203125,2443700
2024-02-14,1200.8957132234136,1216.001319679054,1192.8708597938546,1205.1441650390625,1047800
2024-02-15,1199.0074214780234,1209.3925251286205,1155.106756045954,1161.243408203125,1140400
2024-02-16,1151.8023627277328,1176.3489704579958,1145.665710795167,1165.9638671875,812400
2024-02-19,1167.8521681268821,1196.6472296692184,1165.0198669915703,1195.2310791015625,682300
2024-02-20,1195.2310296424578,1202.7838323574179,1187.2061767578125,1187.2061767578125,447300
2024-02-21,1194.7589537436315,1197.1192045412286,1175.8769473628552,1190.0384521484375,609900
2024-02-22,1191.9267475056429,1194.2869984908027,1178.2372917917166,1179.6534423828125,598500
2024-02-26,1181.0696059006912,1190.5106099446614,1173.9888528677134,1178.2373046875,693600
2024-02-27,1176.3490395145682,1177.2931398673086,1155.5788317542788,1158.4111328125,867600
2024-02-28,1321.7404908265798,1441.6412353515625,1294.3615806594578,1441.6412353515625,10122500
2024-02-29,1458.6350860074924,1556.349475264305,1369.8896503539622,1383.1070556640625,23391700
2024-03-01,1369.8896374144283,1463.8276242667616,1359.504533340301,1411.4300537109375,7917600
2024-03-04,1373.665970729575,1378.3864723472025,1315.1317506709952,1324.57275390625,4212500
2024-03-05,1307.5790119135518,1308.9951624679707,1253.7652908456294,1263.6783447265625,3581300
2024-03-06,1269.8149456734902,1294.8336044544178,1259.901892194255,1269.3428955078125,1925300
2024-03-07,1275.0074869211624,1325.5168542297754,1270.7590354652975,1324.57275390625,1957900
2024-03-08,1334.9580218465212,1354.7841310818656,1290.1132509570518,1346.75927734375,1803900
2024-03-11,1317.02011998267,1327.8772750936382,1296.2499102051654,1319.38037109375,1256900
2024-03-12,1312.7716320971508,1355.2561509352463,1298.1380756084734,1350.0635986328125,1328600
2024-03-13,1321.740508497807,1351.4796699390076,1317.964107044956,1345.343017578125,1075300
2024-03-14,1346.2872293496848,1348.6474804530328,1309.939362358126,1319.8524169921875,1041300
2024-03-15,1321.7404525144796,1377.4423715847327,1319.8522518680304,1365.1690673828125,2831300
2024-03-18,1370.3617251708738,1412.374192804428,1368.0014741802247,1407.181640625,1347900
2024-03-19,1411.9022000851396,1428.8960079096348,1396.3245429126857,1414.262451171875,984400
2024-03-21,1426.535693536114,1444.4736009995065,1422.2872417684682,1434.560546875,1286800
2024-03-22,1430.3120822643152,1446.3617887979742,1413.79032553849,1435.9766845703125,747200
2024-03-25,1428.89591285837,1430.3120634162076,1394.4362492843159,1397.7406005859375,1132500
2024-03-26,1402.4610853416095,1445.4176517388112,1401.9890351614204,1426.53564453125,1192000
2024-03-27,1428.4238882685404,1435.9766913790152,1404.821378548307,1421.815185546875,1327300
2024-03-28,1434.2536492770757,1457.6954200624582,1425.6423865395882,1428.9912109375,1094800
2024-03-29,1444.778462202048,1463.9146007742606,1433.2967790587206,1443.8216552734375,538900
2024-04-01,1466.7851149181786,1500.2733595510138,1455.3034310440637,1486.399658203125,1228500
2024-04-02,1475.396350724895,1490.7052622758667,1449.0841589966626,1452.4329833984375,926600
2024-04-03,1440.9512449533347,1460.0873836645344,1425.642333984375,1425.642333984375,833300
2024-04-04,1502.1868623638911,1574.904188185328,1501.230055445188,1562.4656982421875,3634100
2024-04-05,1530.8910707210775,1538.545526074683,1477.30988324584,1509.3629150390625,2262700
2024-04-08,1512.2334166106687,1528.0207316211565,1475.3963482528636,1487.8348388671875,937900
2024-04-09,1504.5790147329535,1526.5855758387456,1498.8381727053556,1514.62548828125,912700
2024-04-10,1514.6253467996273,1535.1966954769437,1479.7018943939504,1480.1802978515625,726200
2024-04-11,1463.9145738433938,1479.2234844195336,1453.3896978222974,1468.6986083984375,682400
2024-04-12,1504.100587509052,1506.9710084775809,1474.4395708342552,1486.399658203125,1029000
2024-04-15,1462.9578588493787,1476.831559930684,1450.51936822476,1470.1339111328125,516400
2024-04-16,1453.3898031587166,1482.0940125693562,1450.5193822176527,1457.6954345703125,969800
2024-04-17,1456.7385488096809,1457.6953557382915,1419.4230785938664,1443.8216552734375,1054900
2024-04-18,1456.2601382020555,1485.9211528434903,1450.5192966585519,1467.7418212890625,993400
2024-04-19,1466.785103775779,1466.785103775779,1413.6823162613916,1422.2935791015625,1037400
2024-04-22,1459.1307224625884,1474.918038476118,1439.5161783245667,1471.5692138671875,703600
2024-04-23,1483.0508708182526,1505.0574321271686,1476.3532217242348,1478.7452392578125,698400
2024-04-24,1510.798282728988,1519.4095458984375,1497.4029844653996,1519.4095458984375,856700
2024-04-25,1517.9743173933834,1532.804826009581,1499.3165807471994,1502.6654052734375,721200
2024-04-26,1475.8747809768806,1528.9775688823697,1471.5691495250842,1527.5423583984375,1021700
2024-04-30,1530.8911928258146,1543.3296837675243,1498.838158476024,1527.06396484375,1081800
2024-05-01,1526.1070390527466,1538.5455290262173,1504.100479868914,1532.8046875,771000
2024-05-02,1539.502437230262,1541.8944546902221,1500.75175437891,1510.31982421875,949900
2024-05-07,1510.3197990922001,1548.1136743308075,1507.449378188002,1540.9376220703125,1036600
2024-05-08,1521.3230041485074,1560.5520879032804,1518.4525833859632,1550.505615234375,1262900
2024-05-09,1587.342825436888,1604.086948068079,1474.4395985522872,1502.6654052734375,3526800
2024-05-10,1502.6654052734375,1541.8944925807987,1467.741949499811,1502.6654052734375,1366800
2024-05-13,1502.186882873206,1523.2366353720663,1480.6587269084628,1508.4061279296875,716000
2024-05-14,1506.970970057234,1531.8479511502421,1495.9676899584033,1511.7550048828125,952300
2024-05-15,1520.366260726178,1520.366260726178,1456.7385978323514,1459.130615234375,901800
2024-05-16,1450.997700846028,1455.3033320058084,1418.4662654165752,1432.3399658203125,1187200
2024-05-17,1416.074212012763,1417.9878258127803,1379.7155498124353,1386.8916015625,1171000
2024-05-20,1382.10765504723,1412.2470743161728,1371.1043749966636,1400.2869873046875,883300
2024-05-21,1420.8582532728042,1438.0807775548988,1406.9845531566723,1416.07421875,599700
2024-05-22,1417.509531416497,1445.7353371382565,1410.3334791143548,1417.0311279296875,637000
2024-05-23,1424.6854575774628,1424.6854575774628,1396.9380577992583,1411.2901611328125,409000
2024-05-24,1397.4166060978528,1419.423166823803,1383.0645012765806,1398.3734130859375,500300
2024-05-27,1397.8949923854843,1400.7654133144072,1353.8818714753322,1363.9283447265625,710700
2024-05-28,1349.0977715553852,1360.101051252468,1338.572895323393,1355.3170166015625,852600
2024-05-29,1342.400147277898,1352.9250236998917,1323.264008328819,1324.69921875,901600
2024-05-30,1310.347192279908,1362.971577512033,1310.347192279908,1362.0147705078125,698000
2024-05-31,1368.2339087776515,1410.8118171277254,1363.4498741315758,1408.4197998046875,900400
2024-06-03,1407.4630217952486,1436.6456337359386,1406.5062148463735,1424.685546875,639200
2024-06-04,1424.6856202299173,1452.9114266750366,1414.1607432503813,1450.5194091796875,623500
2024-06-05,1453.8680783739278,1472.5258128446692,1450.040850790186,1463.91455078125,578400
2024-06-06,1468.6986018669254,1468.6986018669254,1438.5591843041839,1439.5159912109375,581200
2024-06-07,1436.1672873043028,1461.0442689631382,1436.1672873043028,1457.217041015625,402200
2024-06-10,1462.0010563327617,1505.057370164551,1457.6954249495827,1499.3165283203125,667400
2024-06-11,1494.5324378636637,1506.9709280635534,1485.4427719483597,1490.226806640625,438800
2024-06-12,1489.7484469460112,1498.838113128405,1461.5226414322622,1476.3531494140625,422300
2024-06-13,1491.6621292760651,1499.3165853595856,1469.6555680359436,1490.705322265625,455900
2024-06-14,1489.2700058425753,1504.5789169209443,1475.8747086490025,1501.70849609375,914700
2024-06-17,1497.881333545224,1506.9709998937897,1456.2602297386336,1469.1771240234375,769400
2024-06-18,1483.0507282098642,1511.276532391923,1479.2235005241614,1497.40283203125,436800
2024-06-19,1483.5292273169166,1493.5757006396045,1475.3963679604549,1486.8780517578125,347900
2024-06-20,1487.8348267942995,1528.0207192221842,1487.3564233130153,1523.715087890625,472200
2024-06-21,1519.8878782621673,1523.2367026713066,1495.9677039111732,1499.3165283203125,676200
2024-06-24,1495.0108998002177,1517.974267221149,1494.0540928243454,1505.057373046875,397100
2024-06-25,1511.276654827061,1546.6785137878721,1510.7982513275906,1538.545654296875,491100
2024-06-26,1535.675117775246,1560.0736944127966,1524.1934346516928,1550.0272216796875,697900
2024-06-27,1538.067138671875,1551.462435680526,1527.0638589861976,1538.067138671875,706900
2024-06-28,1528.0206695269642,1534.71831804712,1509.8413378293985,1526.1070556640625,621300
2024-07-01,1523.715134822961,1528.4991697831588,1501.7085740060518,1515.582275390625,607700
2024-07-02,1504.578906988642,1521.3230283700736,1494.532434159783,1502.1868896484375,446500
2024-07-03,1502.1869019014173,1530.4127067460618,1498.8380775978155,1525.1502685546875,462500
2024-07-04,1526.107109359548,1535.675179010705,1511.7550048828125,1511.7550048828125,398500
2024-07-05,1518.4526075618282,1529.455887326769,1499.794872308233,1502.1868896484375,479600
2024-07-08,1502.186909487781,1520.366241513429,1491.6620330518792,1501.2301025390625,537000
2024-07-09,1505.0574261905401,1535.6752504995657,1502.1870051615688,1531.8480224609375,509800
2024-07-10,1521.3230874342185,1531.8479641397382,1508.8845967822406,1517.0174560546875,465200
2024-07-11,1516.539041501928,1537.588794759368,1516.539041501928,1535.19677734375,398700
2024-07-12,1525.1503001857704,1563.4225787349742,1520.8446688489848,1547.1568603515625,718200
2024-07-16,1554.3328796102835,1557.6817039123061,1529.934302552689,1542.8511962890625,540000
2024-07-17,1545.24325226186,1562.4657776740667,1539.024006974119,1558.6385498046875,382900
2024-07-18,1542.3727234937403,1561.5088615023476,1520.8445682340573,1528.4990234375,533900
2024-07-19,1530.89114010989,1530.89114010989,1514.6254217462226,1523.715087890625,271500
2024-07-22,1511.7550060163505,1514.1470234309334,1481.6155865926066,1494.0540771484375,485700
2024-07-23,1494.5324247694507,1512.711756440782,1484.0075485386799,1484.96435546875,442000
2024-07-24,1485.9211393429066,1499.7948396136549,1476.3530701906664,1480.1802978515625,424200
2024-07-25,1466.306650545205,1481.1371582668694,1449.5625289239708,1465.8282470703125,561200
2024-07-26,1463.9146629216352,1480.1803813985423,1452.4329792908773,1464.39306640625,521500
2024-07-29,1483.0507999401914,1503.6221497458134,1475.8747476824162,1499.794921875,334600
2024-07-30,1504.5789508089993,1507.927775182819,1483.5291976021324,1488.313232421875,301600
2024-07-31,1473.4826950239844,1489.7484130859375,1467.74185335506,1489.7484130859375,658400
2024-08-01,1481.615528502519,1484.0075458233173,1461.044179543653,1461.5225830078125,488000
2024-08-02,1406.5063328398937,1439.0377718307486,1391.6758238881807,1418.94482421875,1450000
2024-08-05,1380.672359587889,1392.1540424119048,1222.3208173066723,1233.3240966796875,2330400
2024-08-06,1290.7326581235177,1408.4199205024595,1280.2077810001977,1361.536376953125,1489300
2024-08-07,1351.9682880963874,1419.4231814515151,1325.6560956528979,1385.9349365234375,933500
2024-08-08,1359.622734327823,1395.502996493406,1349.5762609214598,1386.413330078125,717700
2024-08-09,1453.3897364791885,1501.2300833020715,1449.084105265129,1484.4859619140625,1834300
2024-08-13,1481.1371566159776,1502.186909487781,1446.6921064621176,1501.2301025390625,1097300
2024-08-14,1521.323054565198,1525.150282375425,1485.4427938443207,1512.7117919921875,807000
2024-08-15,1525.1502574437825,1566.7713591996198,1517.0173984799983,1561.030517578125,1152500
2024-08-16,1569.6417967890602,1636.6182830891116,1555.768096055478,1630.87744140625,2125000
2024-08-19,1630.3990249319452,1654.3191984197965,1503.1437019765763,1625.614990234375,5717500
2024-08-20,1647.6215937768472,1692.5915211331258,1610.306122140786,1670.5849609375,2451400
2024-08-21,1640.4454511204017,1658.624782453903,1628.4853647167827,1633.747802734375,1175700
2024-08-22,1635.18310546875,1655.7544552449806,1619.395790524201,1635.18310546875,1060800
2024-08-23,1626.571818793272,1627.0502222693876,1583.5155059428619,1589.25634765625,1161800
2024-08-26,1578.7314879706864,1594.9972063315965,1557.681734797744,1582.5587158203125,765700
2024-08-27,1588.299552577893,1625.1366205141876,1583.993921260664,1612.2197265625,640800
2024-08-28,1583.5155483852993,1594.9972321198152,1563.901005338835,1593.0836181640625,589300
2024-08-29,1577.296188801091,1607.435606421494,1562.9440851723275,1569.163330078125,591900
2024-08-30,1566.2930101634292,1597.8676401789414,1544.7648533346712,1587.8211669921875,1038900
2024-09-02,1611.2628505683945,1625.1365508850463,1572.0337669144133,1597.8675537109375,969800
2024-09-03,1600.259687366519,1639.488773872963,1594.518845438747,1627.5286865234375,870600
2024-09-04,1578.7314829840504,1624.6582170344955,1569.1634133902076,1612.2197265625,1103300
2024-09-05,1623.7014200737653,1640.9239454487374,1597.867632011307,1611.7413330078125,838200
2024-09-06,1628.4854123773127,1687.3290392052827,1577.7746445418265,1590.213134765625,1967600
2024-09-09,1543.8080560225474,1587.8211769255763,1538.545617653707,1587.3427734375,862900
2024-09-10,1593.0835663046114,1603.1300392452713,1571.555410003198,1572.0338134765625,870300
2024-09-11,1572.512275188119,1587.8211869027584,1521.801505133376,1545.7216796875,781000
2024-09-12,1574.4258706268924,1586.3859577632256,1559.5953625778393,1570.1202392578125,577500
2024-09-13,1577.774636402142,1577.774636402142,1533.2831139080852,1537.5887451171875,709300
2024-09-17,1528.9776060724544,1545.2433252859912,1488.3133080386126,1519.887939453125,993700
2024-09-18,1520.366297550582,1541.41605119823,1502.186964854886,1510.31982421875,895300
2024-09-19,1521.3230890309587,1564.3794028714576,1514.6254402113257,1540.459228515625,889400
2024-09-20,1550.9841209221063,1560.0737872692748,1533.2831917197257,1551.4625244140625,930700
2024-09-24,1561.9872816235238,1568.2065265426986,1551.9408090617799,1557.2032470703125,506900
2024-09-25,1555.7680938720705,1564.3793563842773,1525.1502716064454,1530.89111328125,779800
2024-09-26,1545.2432219515142,1620.352567414792,1537.1103628886115,1577.774658203125,2179300
2024-09-27,1594.9972434080587,1655.2760834408766,1593.0836294387627,1616.0469970703125,1849500
2024-09-30,1622.2662070761621,1720.3389208628366,1620.8309966305035,1705.98681640625,3867700
2024-10-01,1703.1164395475507,1716.5117373866888,1674.89063338651,1692.1131591796875,1394200
2024-10-02,1676.804100242821,1678.7177140519427,1636.1398067989865,1646.186279296875,1171700
2024-10-03,1667.2361376882463,1679.1962247591805,1643.794367029215,1652.884033203125,966700
2024-10-04,1629.442184706564,1653.8407611657638,1619.3957120468933,1639.01025390625,810300
2024-10-07,1655.275938350401,1679.1961108699154,1637.09660723557,1670.1064453125,669800
2024-10-08,1653.84082144948,1696.41873094008,1653.3624179720575,1694.9835205078125,808900
2024-10-09,1715.5549104256465,1753.8271895204741,1706.9436476293104,1734.212646484375,959700
2024-10-10,1741.3886829907865,1756.6975944896064,1717.4685087738799,1723.2093505859375,819400
2024-10-11,1717.4686128377314,1722.7310514843093,1676.3259106917578,1706.46533203125,1279000
2024-10-15,1693.5484290301013,1701.2028852065084,1661.9737973024214,1665.801025390625,1328100
2024-10-16,1650.4920106941506,1694.9835344606886,1643.794361955102,1682.5450439453125,1006300
2024-10-17,1682.544954833292,1704.5515138103553,1679.1961306411301,1686.8505859375,841700
2024-10-18,1686.8506624963402,1803.1027075861334,1685.8938555408686,1736.126220703125,3153300
2024-10-21,1728.4717759908126,1763.8736335671535,1714.598075048733,1717.9468994140625,1258900
2024-10-22,1711.249249816111,1723.2093368290834,1675.3689887771934,1676.80419921875,1590100
2024-10-23,1674.8905723846908,1697.85393927257,1661.9736785102587,1671.541748046875,704600
2024-10-24,1653.3624565595135,1701.2028054182956,1640.92396585623,1651.92724609375,1395400
2024-10-25,1660.5384947800642,1684.458669006225,1632.312689193195,1664.36572265625,1241600
2024-10-28,1664.844106320668,1726.5581550894515,1664.844106320668,1724.1661376953125,1792800
2024-10-29,1717.468474434675,1766.2656288615099,1694.9835111203492,1754.3055419921875,1936600
2024-10-30,1760.5248588581424,1794.0131034559874,1627.528687455272,1692.1131591796875,7720300
2024-10-31,1748.0862338085317,1806.4514556269885,1705.9867295460383,1804.537841796875,5459700
2024-11-01,1780.6176594474289,1798.79699073679,1728.9500863092444,1751.9134521484375,3311100
2024-11-05,1818.411653446972,1841.8534243017211,1751.9135687773773,1781.5745849609375,5981100
2024-11-06,1811.7139533456345,1897.8265785376636,1798.7970595668303,1878.2120361328125,6034400
2024-11-07,2012.1650787442488,2032.258025322294,1951.8862390101128,1969.1087646484375,5414600
2024-11-08,1981.547086352545,2046.6099554360665,1914.5706034724492,2012.643310546875,5066100
2024-11-11,2162.8620017136354,2370.9675028738725,2141.3338464211974,2360.442626953125,11927400
2024-11-12,2289.6389911765905,2339.8713551702263,2153.77240666047,2203.5263671875,12764100
2024-11-13,2176.735994123302,2228.403573764031,2096.3642035710573,2157.599853515625,9485600
2024-11-14,2167.1675926516637,2207.8318852290126,2100.1911107595593,2167.64599609375,7160200
2024-11-15,2132.7228707256445,2183.4336433359895,2073.4008348418447,2157.599853515625,5078300
2024-11-18,2152.3371772707696,2236.536186650555,2137.50666993683,2186.7822265625,5189100
2024-11-19,2202.091168542072,2291.5526172749346,2201.612765072912,2244.190673828125,5501100
2024-11-20,2248.4964141289493,2362.3564453125,2212.1377487089917,2362.3564453125,6660100
2024-11-21,2351.353038266084,2431.7248206523914,2337.9577412016993,2427.419189453125,8205100
2024-11-22,2411.1536241060785,2427.8977464957043,2278.1574519827673,2408.283203125,10595400
2024-11-25,2456.1233794173927,2465.691448678855,2339.871337890625,2339.871337890625,7614100
2024-11-26,2294.4229254020634,2385.319580078125,2228.8816533461663,2385.319580078125,9982000
2024-11-27,2392.017388474306,2410.1967206267104,2315.4728320431277,2359.96435546875,5154300
2024-11-28,2372.881285652282,2435.073738703652,2355.6587601919023,2411.153564453125,5932000
2024-11-29,2415.937652744391,2418.8080737179484,2310.6888837139422,2332.217041015625,6913900
2024-12-02,2315.472918669872,2344.1771284054485,2281.0278669871796,2332.217041015625,3876500
2024-12-03,2383.8846185396633,2410.1968107972757,2321.69216411258,2332.217041015625,4650000
2024-12-04,2411.153319726914,2482.913835194977,2346.568855805657,2393.452392578125,9820000
2024-12-05,2377.6653972060562,2447.0339047704183,2347.0475731776482,2425.02734375,6090700
2024-12-06,2462.342595571152,2482.913944242137,2408.283004877633,2435.552001953125,5234700
2024-12-09,2470.475668650192,2511.6183695610976,2358.5292498926115,2366.662109375,8933200
2024-12-10,2325.519528608217,2365.7054245973322,2281.9848079533417,2343.220458984375,7784800
2024-12-11,2363.3131407445794,2405.4126460857783,2335.5657394969708,2344.177001953125,4675600
2024-12-12,2391.060653126214,2465.2131943896325,2379.100565825663,2462.3427734375,6057700
2024-12-13,2477.6516359379475,2558.5018244827465,2466.1699523576212,2505.87744140625,9374200
2024-12-16,2488.655047417733,2621.6512225776964,2451.3395738117,2616.8671875,9295000
2024-12-17,2631.219202745957,2759.9097419348045,2605.385414209906,2662.3154296875,14214100
2024-12-18,2710.155772995873,2717.3318253515554,2568.54833984375,2568.54833984375,12211100
2024-12-19,2502.0501129851687,2617.823751100352,2497.2660783523097,2581.465087890625,7368400
2024-12-20,2569.026788600767,2610.1694894982834,2547.0202276555833,2578.116455078125,4452400
2024-12-23,2607.2990126623786,2686.235588275093,2593.9037149826454,2610.16943359375,7098900
2024-12-24,2573.810854584316,2583.3789246757074,2515.445627026828,2535.53857421875,6471900
2024-12-25,2549.890533620333,2560.415410119329,2492.4821163530837,2530.75439453125,3265200
2024-12-26,2553.2395841637435,2578.594970703125,2514.488899075255,2578.594970703125,3318300
2024-12-27,2899.125023512741,3028.2939602039023,2816.361223336552,2980.45361328125,38594500
2024-12-30,2990.0217740729663,3075.1775941985647,2945.051846590909,2999.58984375,19421400
2025-01-06,2956.5334690458053,2956.5334690458053,2699.630803531631,2767.085693359375,20015000
2025-01-07,2774.7402299507753,2791.005948540142,2701.066092810703,2745.5576171875,7759300
2025-01-08,2775.697012114189,2786.7002922380475,2704.4148930509323,2717.331787109375,5148900
2025-01-09,2703.936359471015,2717.810059829235,2626.4349988492345,2647.00634765625,7974000
2025-01-10,2589.119793408383,2643.179389981766,2574.2892846139152,2592.947021484375,6697200
2025-01-14,2592.946808842904,2646.5279975127205,2574.767476972788,2632.654296875,7923900
2025-01-15,2653.2257689665244,2702.501328685881,2614.4750860804284,2673.797119140625,7753900
2025-01-16,2647.0065773039073,2697.717348530044,2633.1328757420397,2659.445068359375,6843700
2025-01-17,2661.8369223946215,2715.418111342896,2455.166622165564,2467.126708984375,22664600
2025-01-20,2419.2863502863456,2497.266115976809,2415.9375259928897,2426.46240234375,10163700
2025-01-21,2454.2097299513107,2558.501683387838,2446.5552746532167,2459.47216796875,12206000
2025-01-22,2488.1763879137075,2539.365557978458,2471.4322668644904,2517.83740234375,7232500
2025-01-23,2486.2629602485927,2597.7309744371482,2482.9141357879926,2549.890625,7755500
2025-01-24,2615.9102404455716,2802.487598487593,2589.119645444666,2641.265625,23906800
2025-01-27,2640.787271236188,2644.1360956743497,2557.066660282142,2597.73095703125,9438800
2025-01-28,2613.0398217697243,2673.3186605729074,2589.119647641477,2605.86376953125,8475000
2025-01-29,2617.3454944357977,2625.478353767804,2551.804216289626,2586.249267578125,7541000
2025-01-30,2605.8639232013243,2704.8934499321253,2604.4287126689937,2698.19580078125,10793500
2025-01-31,2706.328540707331,2719.2454349267223,2612.5614567443404,2621.651123046875,13232700
2025-02-03,2573.8107742557945,2714.9398036991884,2559.4586695666358,2703.9365234375,11080500
2025-02-04,2712.069228624318,2793.876220703125,2701.5443524504362,2793.876220703125,8954300
2025-02-05,2775.6968821294035,2825.4508420986313,2744.122253687394,2817.79638671875,10219300
2025-02-06,2813.012318365737,2948.87889972898,2784.786514490979,2937.397216796875,12735100
2025-02-07,2924.958993312866,2996.7195181733387,2868.0289769235574,2901.038818359375,11479700
2025-02-10,3349.781065717004,3570.803466796875,3321.0768577845533,3570.803466796875,15688500
2025-02-12,3631.082356091533,3804.2644131277825,3324.904133707003,3438.76416015625,44457000
2025-02-13,3388.053361772564,3609.0757640796705,3373.7012577266482,3569.8466796875,22471100
2025-02-14,3549.7537489281954,3676.052265062568,3497.1293672055403,3522.00634765625,20335200
2025-02-17,3601.4213407980315,3603.334954687935,3391.880619853619,3438.76416015625,11771500
2025-02-18,3415.8010200384697,3447.375651316136,3344.9973014158236,3404.3193359375,9962900
2025-02-19,3407.189626092426,3477.0365350238344,3372.744575112553,3387.0966796875,8414300
2025-02-20,3364.133188037192,3427.282445833112,3338.2994007570433,3381.355712890625,7595400
2025-02-21,3467.468364712733,3867.41366726514,3452.1594536102484,3851.14794921875,47883600
2025-02-25,3784.171497976594,3916.210857450872,3724.8494669084403,3802.350830078125,27797800
2025-02-26,3755.4672194452646,3836.7958089109584,3671.2682091748993,3746.85595703125,19462100
2025-02-27,3732.5039810107655,3812.875766297847,3668.3979141746413,3799.48046875,12541600
2025-02-28,3866.456922137214,3872.1977638924286,3702.84293211359,3812.875732421875,33556200
2025-03-03,3760.2512055440666,3833.9253385788998,3457.900218024493,3513.39501953125,37668800
2025-03-04,3490.431882120033,3524.876933588323,3311.508975881972,3443.54833984375,24166000
2025-03-05,3444.5049035904253,3463.6410419437057,3358.3922810006648,3372.744384765625,12772700
2025-03-06,3425.3687706616934,3457.900205913788,3359.3490932383256,3455.02978515625,9870300
2025-03-07,3398.5783885765018,3450.245965429861,3228.26674635617,3233.05078125,15202300
2025-03-10,3205.303470555152,3213.914733610375,3090.486629818848,3169.901611328125,13925100
2025-03-11,3109.6226611713532,3196.692095684151,3021.596419685887,3151.72216796875,14978200
2025-03-12,3182.339824604626,3234.007398425627,3133.542671551458,3147.894775390625,8945000
2025-03-13,3239.748487751728,3279.9343815749926,3168.94477006312,3183.296875,9816500
2025-03-14,3170.858302462979,3257.9277368396024,3138.3268654431413,3222.52587890625,8034500
2025-03-17,3254.100534558984,3256.970955495084,3147.8949599232747,3150.765380859375,6736600
2025-03-18,3171.8151822693308,3218.698724933342,3116.3203766670317,3207.217041015625,6697900
2025-03-19,3234.0074768066406,3270.3661407470704,3189.037550354004,3214.871337890625,6161900
2025-03-21,3223.482804736649,3429.1963111238206,3220.6123837172936,3345.9541015625,12956300
2025-03-24,3479.90691729449,3553.581053294401,3340.213100982971,3353.6083984375,20073400
2025-03-25,3367.9603679504817,3496.1724955940513,3342.126581037225,3477.9931640625,13804800
2025-03-26,3477.993123931597,3606.205250095788,3456.9433718747896,3550.71044921875,20102100
2025-03-27,3529.660916798368,3583.242107186199,3453.1163591014665,3504.783935546875,14408300
2025-03-28,3604.141246805881,3669.4054261399338,3543.747528616161,3633.364013671875,21992000
2025-03-31,3519.395220199541,3544.721618130676,3353.799541419048,3419.063720703125,20355500
2025-04-01,3443.4161906139016,3480.4316970476575,3311.9137335466094,3325.551025390625,20017900
2025-04-02,3387.8928133877844,3471.66474609375,3346.006847034801,3428.8046875,14217200
2025-04-03,3224.2453340434918,3400.5560305576523,3177.4889062386314,3346.98095703125,17167400
2025-04-04,3311.9137513984756,3329.447412435291,3077.157511961113,3210.608154296875,19449700
2025-04-07,2902.307886351193,3070.3388010669437,2798.0800146144657,2870.162841796875,25750000
2025-04-08,3091.7686990676116,3150.2142321312717,3014.815413867126,3096.63916015625,14457600
2025-04-09,3028.4526996737536,3045.986359562505,2879.4165906193684,2972.929443359375,18430800
2025-04-10,3245.675284864497,3295.3539882042596,3175.5406448554204,3286.587158203125,16312900
2025-04-11,3171.6443654508826,3348.9291549201885,3157.032981703412,3339.188232421875,16640700
2025-04-14,3367.436801626374,3485.3019601443925,3361.5922483114305,3401.530029296875,12265800
2025-04-15,3434.649277112444,3482.379797412645,3370.359188544826,3372.307373046875,9124700
2025-04-16,3371.333311732264,3393.737433711415,3242.753133417136,3266.13134765625,9335500
2025-04-17,3297.3023542483993,3409.3229659880053,3265.157309140512,3375.229736328125,9475700
2025-04-18,3369.385093206092,3462.89794921875,3346.006879202927,3462.89794921875,8043600
2025-04-21,3494.0689799547404,3528.162209477577,3353.7996927750683,3383.0224609375,13838700
2025-04-22,3344.058560507638,3492.1205765860423,3308.0171486990794,3491.146484375,13104100
2025-04-23,3531.084275573919,3559.3329497785107,3428.8045931090196,3466.794189453125,14593000
2025-04-24,3474.586983816964,3597.3226047760163,3458.0274159097908,3559.3330078125,18555600
2025-04-25,3570.0481633890086,3590.504101023707,3507.706258216595,3531.08447265625,13861300
2025-04-28,3630.441692393313,3750.255035072245,3615.830309139785,3623.623046875,19086600
2025-04-30,3648.9494368616242,3755.12548828125,3627.5194081347277,3755.12548828125,11869400
2025-05-01,3700.5763589352305,3730.7732178788974,3605.115320984282,3608.03759765625,12162000
2025-05-02,3555.436811603484,3605.1155177382175,3521.3435819031765,3565.177734375,10867400
2025-05-07,3583.6852767071678,3584.659368926985,3502.835622462347,3508.68017578125,7705000
2025-05-08,3522.3174694321633,3560.307066032787,3495.042887257357,3525.23974609375,6978800
2025-05-09,3534.006649502841,3548.618033114347,3487.250221946023,3535.954833984375,9896800
2025-05-12,3126.8360107019666,3163.851514878501,2928.1211988068885,2956.369873046875,34458900
2025-05-13,2922.276748297191,2967.084991771081,2840.4529993448696,2869.188720703125,25463600
2025-05-14,2855.0642508990786,2894.027939072386,2812.204193908441,2848.24560546875,19199400
2025-05-15,2839.478909134362,2891.592844516416,2802.463403629351,2885.748291015625,17172200
2025-05-16,2868.7016816861224,2960.266353359635,2852.1421134047423,2927.147216796875,16307400
2025-05-19,2888.1835767207967,2915.4581602446356,2837.5307787479533,2862.857177734375,12209600
2025-05-20,2878.9297473279576,2909.6136542949107,2849.706978788002,2905.71728515625,10105300
2025-05-21,2895.0020782154766,2901.333677646298,2775.67578125,2775.67578125,13761200
2025-05-22,2746.9400750411187,2807.8208391156113,2710.8986627090185,2776.162841796875,11690700
2025-05-23,2757.1681340089963,2783.9556710820393,2690.44281439069,2696.7744140625,11302600
2025-05-26,2726.484104667379,2758.6291477020427,2711.8727214698047,2742.069580078125,7634900
2025-05-27,2737.1992417487545,2749.8624410878056,2688.49462890625,2688.49462890625,7170700
2025-05-28,2705.0542536501025,2724.536099193135,2671.448070088371,2673.88330078125,6400900
2025-05-29,2693.365147926944,2698.722655454466,2661.707148900678,2690.44287109375,6127500
2025-05-30,2682.1630321222624,2765.4479201725453,2672.422109543282,2713.333984375,10558800
2025-06-02,2677.7794909239256,2688.007459150445,2611.0541743985386,2634.91943359375,7901600
2025-06-03,2643.199429255722,2647.582844561287,2580.8575226876856,2584.266845703125,6853800
2025-06-04,2601.800353050941,2650.9920107930125,2594.4946613070692,2620.30810546875,6670300
2025-06-05,2628.100822607256,2631.5101453941816,2578.422119140625,2578.422119140625,4322500
2025-06-06,2570.6293208617235,2596.4427642125515,2549.1992924195265,2559.914306640625,5328700
2025-06-09,2560.888588720336,2591.08544921875,2544.3290200599154,2591.08544921875,4593400
2025-06-10,2624.204620091261,2667.5517268448098,2597.417082209854,2641.73828125,7092800
2025-06-11,2617.3857621924085,2665.603326475447,2595.955733622169,2650.991943359375,5364900
2025-06-12,2630.049130767501,2651.479160721903,2616.8988851136637,2640.277099609375,3507300
2025-06-13,2638.815926601144,2639.790018859025,2547.2512543602775,2589.624267578125,5325600
2025-06-16,2600.8262296208363,2609.593059608322,2559.427310235486,2602.7744140625,3952800
2025-06-17,2615.4376546121,2703.593002002191,2602.77445553949,2694.826171875,6177500
2025-06-18,2661.7071387363058,2763.012735233497,2657.3237235032543,2731.354736328125,7547400
2025-06-19,2695.3131927960408,2733.3027896587246,2683.6240860690614,2718.69140625,5637000
2025-06-20,2719.665513185409,2719.665513185409,2616.411736538685,2620.30810546875,6117600
2025-06-23,2591.085437398161,2627.613897511857,2579.396330161778,2615.437744140625,3860300
2025-06-24,2638.328786504622,2647.5826626249077,2617.8728498176747,2644.17333984375,2811600
2025-06-25,2620.308194647209,2660.733023672435,2591.0854266771657,2648.06982421875,3204400
2025-06-26,2651.966060515373,2669.986766528058,2617.872832923807,2627.126708984375,2945600
2025-06-27,2631.0231467955314,2642.712253704656,2594.9817338257294,2604.72265625,3189100
2025-06-30,2594.007584075014,2613.4894284916495,2566.733001891724,2602.7744140625,3477000
2025-07-01,2563.8107203155696,2584.7537030233148,2476.1424206087304,2479.064697265625,7473300
2025-07-02,2462.018115827429,2484.9092832742913,2403.5725819205463,2406.0078125,7350100
2025-07-03,2413.3136166431864,2417.2099857517933,2365.583095062756,2376.78515625,4898000
2025-07-04,2389.448165572648,2392.8574882711823,2355.3549385873066,2362.173583984375,3560200
2025-07-07,2376.7850079113923,2388.474114507678,2325.6451665526433,2347.0751953125,4115800
2025-07-08,2357.3031793499326,2376.297977695934,2343.6658882297265,2355.842041015625,2771700
2025-07-09,2341.717776452202,2376.785097563799,2319.800700757454,2366.55712890625,3310800
2025-07-10,2367.0442139336274,2384.57787477758,2316.391415939986,2326.619384765625,3145800
2025-07-11,2337.821348008712,2358.277284803788,2323.697010697826,2348.04931640625,2620500
2025-07-14,2328.0805649658923,2337.821487831858,2301.7800732277838,2311.52099609375,3058000
2025-07-15,2328.0804037148287,2331.489726481775,2274.5053316628137,2297.883544921875,3717100
2025-07-16,2297.883517428329,2307.6244395030567,2274.992350552718,2305.189208984375,2602800
2025-07-17,2313.4690859770385,2373.3757591507597,2306.650440249948,2357.790283203125,3873200
2025-07-18,2361.199719446905,2376.2981499961734,2333.9251352288716,2336.847412109375,2710600
2025-07-22,2342.204815442049,2359.7384759444226,2289.603833934929,2308.5986328125,2854500
2025-07-23,2318.8264713209505,2394.3186164700255,2312.4948720503826,2386.52587890625,3497100
2025-07-24,2390.9094049627133,2392.370543323864,2351.4586692116477,2357.30322265625,3282100
2025-07-25,2362.1737810605114,2392.857687907277,2315.417351579726,2319.313720703125,4517400
2025-07-28,2336.8473518334586,2336.8473518334586,2306.65049151381,2310.059814453125,2094100
2025-07-29,2305.189384148656,2345.614213830536,2297.396645896727,2335.873291015625,2261100
2025-07-30,2318.3395022377185,2348.049315186563,2293.013104314113,2339.76953125,3011800
2025-07-31,2324.6711569995027,2337.8214023879345,2301.7799891011205,2325.158203125,2747800
2025-08-01,2319.800682421467,2346.588219169983,2308.5986215993607,2332.950927734375,2146600
2025-08-04,2289.1168191242436,2334.412109375,2277.914758094487,2334.412109375,3083100
2025-08-05,2341.230591816805,2394.8056625677614,2329.5414854711416,2386.52587890625,3804600
2025-08-06,2363.634806585134,2371.9145905768805,2332.9509012039543,2348.536376953125,4036900
2025-08-07,2362.6608468649183,2379.7074619216637,2331.9769397627765,2377.75927734375,3760600
2025-08-08,2260.3811127650056,2289.1168347329294,2181.4796388869768,2211.189453125,15423700
2025-08-12,2229.6971829118397,2268.1738271779027,2203.396691894531,2259.89404296875,7412400
2025-08-13,2262.816372151243,2265.738648998619,2198.5262815089777,2203.8837890625,5716000
2025-08-14,2193.168631571326,2229.6970897920346,2193.168631571326,2207.29296875,3611500
2025-08-15,2211.6764293527885,2231.6453202586385,2201.935506959691,2225.313720703125,2998200
2025-08-18,2257.4588973482896,2276.453697131803,2236.0288668233006,2246.2568359375,3213300
2025-08-19,2256.9716349230944,2259.4068654312114,2218.007946793218,2247.230712890625,2406000
2025-08-20,2255.0235317108254,2257.9458084257853,2208.754150390625,2208.754150390625,2948900
2025-08-21,2208.26708984375,2224.826657786998,2197.552075292236,2208.26708984375,2339500
2025-08-22,2211.189325840293,2246.7436916522624,2210.7022797332797,2223.365478515625,2022000
2025-08-25,2239.438145171619,2241.873375864498,2216.0599305199794,2228.236083984375,2128500
2025-08-26,2226.2877937282983,2228.235978190104,2191.70751953125,2191.70751953125,2852000
2025-08-27,2187.3240730531757,2187.3240730531757,2156.640168220766,2174.173828125,2769600
2025-08-28,2170.277456616817,2180.992470989701,2148.360381763191,2157.6142578125,3426000
2025-08-29,2166.38124825419,2183.9149094361032,2162.4848791026534,2179.531494140625,1497100
2025-09-01,2153.71797920078,2203.3966842841087,2143.4900105071533,2193.65576171875,2166900
2025-09-02,2201.4485583563537,2229.697234547652,2196.5780969440607,2203.8837890625,1965600
2025-09-03,2193.655630216475,2210.702243683965,2172.7126479564154,2180.992431640625,1702500
2025-09-04,2181.479578739026,2197.065054630888,2177.5832097660605,2184.40185546875,1253200
2025-09-05,2183.427879018847,2197.5522172949004,2179.044463691796,2196.578125,1073300
2025-09-08,2279.3759189210864,2310.5468716584687,2239.925181862837,2277.427734375,3456000
2025-09-09,2281.3240435667312,2298.85770402113,2251.6142300190004,2258.919921875,2509000
2025-09-10,2248.691898296915,2285.70740279563,2228.723007712082,2273.53125,2279900
2025-09-11,2251.6143442031553,2258.920036429642,2231.6454521174255,2254.53662109375,2163100
2025-09-12,2279.375851066285,2308.111572265625,2255.997637209195,2308.111572265625,2610000
2025-09-16,2296.9095308452074,2357.3032504857515,2270.6090400340026,2349.99755859375,4005400
2025-09-17,2326.132253240523,2370.453449857962,2310.5467775069183,2331.976806640625,3365800
2025-09-18,2337.821460339054,2342.20487557719,2302.7541384339684,2327.1064453125,2459000
2025-09-19,2342.6918115066437,2347.562272653227,2255.0235108681413,2265.738525390625,3319200
2025-09-22,2272.5571965845984,2290.090856909726,2241.873291015625,2241.873291015625,2462500
2025-09-24,2251.12716080743,2308.1115566997855,2243.33442290762,2299.3447265625,2227800
2025-09-25,2308.598718512106,2343.6660408186194,2293.5002880745797,2303.2412109375,2894700
2025-09-26,2280.349863846273,2306.650353518998,2255.99755859375,2255.99755859375,2099600
2025-09-29,2270.121863568524,2278.4016472374074,2237.002728892991,2238.4638671875,1470700
2025-09-30,2245.769690870288,2267.6867665781956,2241.873321855549,2259.406982421875,1250000
2025-10-01,2251.127282987523,2271.5832210847702,2228.2361141644133,2245.769775390625,1534900
2025-10-02,2242.3604379914586,2256.4847761108663,2217.5210847469834,2245.28271484375,1461300
2025-10-03,2250.1531482263513,2278.4018241131757,2241.386317778716,2252.58837890625,1514100
2025-10-06,2245.2825415347024,2263.790293503969,2225.8006973565275,2239.43798828125,2866600
2025-10-07,2250.153008046909,2275.479405540077,2225.3136566593776,2272.55712890625,3295100
2025-10-08,2272.5571552485703,2286.194446364507,2256.9716796875,2256.9716796875,1831700
2025-10-09,2252.588409906577,2279.375947754115,2246.2568100517046,2278.40185546875,1538800
2025-10-10,2288.1426635507787,2303.7281393348626,2262.816265401643,2282.78515625,2406700
2025-10-14,2241.3862614206014,2293.01315053633,2240.4121691731348,2258.919921875,3657000
2025-10-15,2283.2722301744434,2297.3965677757783,2263.790385207085,2275.4794921875,1472400
2025-10-16,2272.5572762963743,2317.8525670583895,2268.6609071985663,2310.546875,1796200
2025-10-17,2283.7592438332163,2294.9613045302012,2245.282600569658,2249.666015625,2142500
2025-10-20,2274.018413894747,2316.8784739553034,2266.71272183897,2302.26708984375,2001400
2025-10-21,2332.950874449715,2476.1424312531003,2313.4690299866693,2454.71240234375,7455100
2025-10-22,2433.282443900097,2498.5466247412924,2423.0544752608052,2448.867919921875,4420000
2025-10-23,2423.0544904844182,2471.2720572297367,2418.1840291970125,2457.634765625,2714500
2025-10-24,2439.613914001793,2467.375541691572,2428.4118537059176,2444.484375,1841300
2025-10-27,2447.893711833325,2540.4324713335905,2446.9196196280595,2527.2822265625,3662700
2025-10-28,2770.805425609818,2786.877947853644,2666.577554089252,2696.7744140625,16585000
2025-10-29,2668.525584180376,2713.3338254186665,2607.6448216283507,2625.66552734375,7843400
2025-10-30,2659.2718659844536,2692.8780489062356,2577.4481162618554,2606.183837890625,5139500
2025-10-31,2654.8884401712176,2686.546438448805,2610.567242582595,2638.81591796875,5608700
2025-11-04,2630.049012072804,2644.6603954732086,2585.2407696448972,2611.541259765625,3690000
2025-11-05,2574.0387439909573,2606.183787908347,2516.5673018356247,2555.0439453125,3154200
2025-11-06,2581.3445667444694,2615.924843015952,2559.427490234375,2559.427490234375,2324400
2025-11-07,2542.3807210516998,2583.292594723796,2527.7693375973795,2578.9091796875,2194700
2025-11-10,2571.603569545629,2571.603569545629,2516.080310657712,2540.4326171875,2668600
2025-11-11,2776.162906289435,2810.2561349631646,2589.624240831741,2605.209716796875,15972100
2025-11-12,2601.3133918931308,2616.411821990245,2564.7849319807574,2614.95068359375,4433900
2025-11-13,2595.9559387149507,2598.391169426691,2555.044062757717,2583.77978515625,2441000
2025-11-14,2570.1423829548557,2576.4739825338615,2504.391156557489,2505.852294921875,2974300
2025-11-17,2513.157992608533,2534.1009758802707,2427.9249211537863,2440.10107421875,2564000
2025-11-18,2418.6709945009875,2432.3082856500064,2357.3031843304025,2388.961181640625,4341100
2025-11-19,2340.2565195719403,2422.0802646891275,2300.3187392171226,2337.8212890625,7433700
2025-11-20,2352.432754664745,2385.5518907552632,2305.676327242837,2307.62451171875,3024800
2025-11-21,2288.142687562132,2379.7073587544864,2287.1685953154047,2357.790283203125,2658300
2025-11-25,2345.6141848860557,2362.173753467062,2285.220464178856,2334.899169921875,3029100
2025-11-26,2334.4121255060813,2364.121939746822,2331.4898486955167,2351.458740234375,1587100
2025-11-27,2341.7178192326974,2375.324002578591,2339.282588555459,2368.018310546875,1119300
2025-11-28,2362.1737262395422,2386.0389865664984,2341.717788816437,2350.484619140625,1257300
2025-12-01,2339.769655452772,2356.329224204936,2279.3759341213517,2286.194580078125,1707500
2025-12-02,2312.4948948703777,2317.3653558958,2272.070068359375,2272.070068359375,1503500
2025-12-03,2253.0753817721293,2277.427688103432,2237.4899057200955,2251.127197265625,1747800
2025-12-04,2243.3344773402523,2293.0131826569495,2243.3344773402523,2284.7333984375,1282100
2025-12-05,2278.401798740274,2296.4225055708403,2258.4329073874837,2284.7333984375,1258400
2025-12-08,2313.956062535416,2384.5777483000206,2296.422402621445,2363.634765625,1742500
2025-12-09,2376.785006572782,2391.883435917814,2325.1581191349305,2338.79541015625,1632300
2025-12-10,2367.044206550921,2393.8317438678555,2352.432822559866,2392.37060546875,1665500
2025-12-11,2364.6088976428364,2376.785050565817,2305.189271378691,2340.256591796875,2277100
2025-12-12,2333.438049128142,2383.1167552460865,2331.9769107129086,2368.50537109375,1833100
2025-12-15,2367.531140932722,2418.670982487533,2367.531140932722,2405.03369140625,1626000
2025-12-16,2404.0596327126595,2454.22538274698,2396.2668948432506,2439.126953125,2309700
2025-12-17,2459.5829958448226,2507.3135173483456,2459.5829958448226,2483.935302734375,2582400
2025-12-18,2479.064826972813,2518.5155639049935,2456.6607047644143,2483.4482421875,1998200
2025-12-19,2484.909427358209,2542.38087236571,2473.2203198990564,2526.308349609375,2802800
2025-12-22,2539.4585191997458,2542.3807959767305,2467.375692034122,2490.75390625,2923200
2025-12-23,2493.6762287151705,2518.028535636217,2481.987121393068,2517.054443359375,1616300
2025-12-24,2511.2097456696515,2521.92476010036,2479.5517484880133,2512.183837890625,1375200
2025-12-25,2514.6191665953756,2532.6398733867813,2489.779813991005,2490.75390625,1448500
2025-12-26,2514.1321696958257,2550.173583984375,2499.5207855247922,2550.173583984375,2646800
2025-12-29,2548.2253790192535,2550.173563559788,2482.9611969113444,2491.72802734375,1830700
2025-12-30,2483.935200576241,2501.955906933363,2472.24609375,2472.24609375,1445400
2026-01-05,2471.272116720348,2501.4689774291896,2465.427563034766,2476.142578125,1189400
2026-01-06,2496.1113637025783,2546.76416015625,2489.292718026122,2546.76416015625,1800300
2026-01-07,2538.4843904980285,2550.1734974381575,2506.826392535179,2547.251220703125,1921200
2026-01-08,2520.950696841691,2530.2045730472537,2503.4170366627304,2513.157958984375,1270600
2026-01-09,2526.308245508079,2538.9714447336837,2494.1632013200065,2498.0595703125,1128900
2026-01-13,2516.080262373093,2524.360046434328,2468.3497424906764,2497.572509765625,1651400
2026-01-14,2491.240994801241,2512.6710248640475,2472.24619542739,2483.935302734375,1235400
2026-01-15,2496.598320697687,2530.6915478628916,2493.6760440835264,2519.00244140625,1210700
2026-01-16,2493.6761992619927,2526.308290150773,2480.525953679947,2507.800537109375,1395100
2026-01-19,2494.1632064626187,2543.8419112193433,2485.3963762114317,2539.45849609375,1403900
2026-01-20,2542.8678284048337,2547.251243546692,2489.7798005756576,2498.546630859375,1184700
2026-01-21,2485.3964837029653,2508.77469871722,2469.8110070267953,2477.11669921875,1325700
2026-01-22,2477.116642432952,2486.8575651322562,2444.4845513902847,2483.4482421875,1218900
2026-01-23,2491.727913109756,2522.4118182164634,2485.3963136432926,2496.111328125,879400
2026-01-26,2484.9093362951307,2500.981858462465,2473.220229264342,2473.707275390625,964700
2026-01-27,2461.0440638486953,2507.313445615097,2452.764279743129,2489.77978515625,1085500
2026-01-28,2470.7850392022588,2486.3705154992176,2446.43273248826,2450.3291015625,1297200
2026-01-29,2447.406867917303,2462.0182522033765,2429.3861606311457,2451.790283203125,1181000
2026-01-30,2449.3549680736214,2486.370473655963,2448.867921947538,2465.427490234375,919600
2026-02-02,2459.582826190868,2465.914425545419,2392.370463811791,2404.0595703125,2689500
2026-02-03,2501.468935575513,2527.769426720583,2453.251368476219,2491.240966796875,2502300
2026-02-04,2470.7849709159213,2526.795274810132,2468.3497403118254,2481.012939453125,1895100
2026-02-05,2497.085512481637,2595.4688308981167,2486.3704976045947,2548.71240234375,3020100
2026-02-06,2383.1165719924998,2560.888398842543,2352.432667632081,2559.914306640625,5979400
2026-02-09,2552.1216259640105,2553.0957181876606,2438.152835796915,2462.9921875,3276700
2026-02-10,2500.0078493825745,2592.0595703125,2495.624434100197,2592.0595703125,3243500
2026-02-12,2625.1786161299283,2673.8832286740826,2618.847016499188,2671.447998046875,3884400
2026-02-13,2672.421964809849,2674.8571953227065,2593.5204961932654,2609.593017578125,2048000
2026-02-16,2634.9196007124506,2655.3755384628985,2582.8056640625,2582.8056640625,1668100
2026-02-17,2595.468683395612,2633.4582794370567,2563.323640591313,2626.152587890625,1810200
2026-02-18,2633.458480141896,2666.5776176765085,2607.157988570292,2616.411865234375,1901300
2026-02-19,2625.178563051229,2628.587885860387,2551.634599596547,2595.46875,1678100
2026-02-20,2596.929888346782,2620.795148010884,2568.194167526741,2595.46875,1710200
2026-02-24,2563.8106681190775,2590.5982035952456,2518.515380859375,2518.515380859375,1898500
2026-02-25,2534.588029617128,2541.406675353992,2491.727970699698,2498.0595703125,1614100
2026-02-26,2530.6916648126326,2547.2512330581344,2514.6191426919977,2531.1787109375,1743600
2026-02-27,2516.5673902468575,2622.256401991306,2481.9871145148027,2591.08544921875,2485000
2026-03-02,2733.789788076398,2776.1627992224244,2692.390869140625,2692.390869140625,9125800
2026-03-03,2666.577490081534,2692.8779803946672,2604.722633233981,2645.1474609375,5186400
2026-03-04,2642.2251111678493,2647.582618305701,2532.6397378936067,2552.12158203125,5250900
2026-03-05,2607.6449503982667,2611.054273269538,2486.85751153036,2514.619140625,4256200
2026-03-06,2509.7487814080064,2561.375672700312,2474.1944128765135,2534.588134765625,2483600
2026-03-09,2446.432765064784,2492.7021484375,2422.5675041672775,2492.7021484375,3735400
2026-03-10,2492.702083202677,2554.5569414611255,2476.1425148500216,2548.225341796875,2281100
2026-03-11,2532.6398048157716,2568.6812174227653,2514.132052395964,2521.437744140625,1925300
2026-03-12,2477.6035695878286,2480.038800145709,2425.976681760758,2454.71240234375,2947300
2026-03-13,2435.230531903095,2491.727880243247,2425.489609775483,2470.2978515625,1939800
2026-03-16,2473.220299737005,2480.5259918394186,2428.412054842203,2459.5830078125,1565200
2026-03-17,2472.246209765855,2504.878301187114,2461.044148531691,2484.42236328125,1332500
2026-03-18,2483.448091516513,2529.2304254256233,2462.992155089038,2527.769287109375,1504800
2026-03-19,2498.5466876839764,2527.7694559609818,2488.8057649249745,2492.215087890625,1633000
2026-03-23,2466.401535667931,2474.19427353734,2432.308307489267,2439.126953125,1672100
2026-03-24,2472.2460085143503,2501.4687745724395,2462.9921325959554,2477.603515625,1330500
2026-03-25,2462.5051690797304,2490.2667977659535,2451.3031083817805,2455.6865234375,1072200
2026-03-26,2454.225425246624,2462.5052093762515,2418.6710581017533,2432.308349609375,1266200
2026-03-27,2444.971540726202,2491.2409224730127,2438.639941118744,2481.5,1303700
2026-03-30,2444.5,2449.0,2406.0,2429.0,1840100
2026-03-31,2463.0,2483.0,2436.0,2436.0,1468700
2026-04-01,2463.0,2517.0,2458.5,2517.0,1429300
2026-04-02,2515.0,2541.0,2450.0,2484.5,1597200
2026-04-03,2485.0,2577.5,2482.0,2560.0,1323000
2026-04-06,2564.5,2647.0,2564.5,2633.0,1889600
2026-04-07,2653.5,2677.0,2632.0,2650.5,1717500
2026-04-08,2666.0,2690.5,2637.0,2678.5,2191100
2026-04-09,2661.0,2667.5,2631.0,2639.0,1301300
2026-04-10,2643.0,2663.5,2595.0,2619.0,1442500
2026-04-13,2580.0,2620.0,2573.5,2605.5,1142600
2026-04-14,2632.0,2651.0,2619.0,2635.0,1045100
2026-04-15,2656.0,2674.0,2629.5,2633.5,1013500
2026-04-16,2656.5,2748.5,2655.0,2746.0,2116400
2026-04-17,2768.5,2789.5,2737.5,2743.0,1617200
2026-04-20,2764.0,2779.5,2724.5,2741.0,1147900
2026-04-21,2744.5,2752.0,2700.0,2702.0,1053300
2026-04-22,2702.0,2718.5,2660.5,2661.0,950000
2026-04-23,2650.0,2650.5,2603.0,2625.5,1233500
2026-04-24,2595.0,2606.0,2546.0,2570.5,1792300
2026-04-27,2559.5,2581.0,2534.0,2558.0,1323000
2026-04-28,2566.0,2599.5,2551.0,2599.5,1177900
2026-04-30,2571.0,2598.0,2537.5,2538.0,1234400
2026-05-01,2538.5,2597.0,2536.0,2587.0,1145000
2026-05-07,2565.0,2595.5,2503.0,2531.0,1811200
2026-05-08,2575.5,2722.0,2554.5,2675.5,5070500
2026-05-11,2663.5,2698.5,2643.5,2662.5,1617700
2026-05-12,2630.0,2679.0,2618.0,2661.0,1437000
2026-05-13,2630.0,2661.5,2555.0,2559.0,3541300
2026-05-14,2558.0,2651.5,2521.5,2630.0,3210800
2026-05-15,2660.0,2754.0,2605.5,2715.5,3409600
2026-05-18,2685.0,2728.0,2651.5,2720.0,1680300
2026-05-19,2738.5,2765.0,2695.5,2757.5,1524800
2026-05-20,2764.5,2784.5,2724.5,2760.5,1479500
2026-05-21,2760.0,2760.0,2721.0,2740.5,908200
2026-05-22,2735.0,2776.0,2715.0,2757.5,1062500
2026-05-25,2750.0,2750.0,2690.5,2747.0,996200
2026-05-26,2731.5,2739.0,2665.5,2674.0,1168700
2026-05-27,2674.0,2705.0,2662.5,2673.5,1153200
2026-05-28,2670.0,2677.5,2642.0,2668.5,1141700
2026-05-29,2668.5,2703.0,2645.0,2663.0,2188000
2026-06-01,2675.0,2746.0,2673.0,2737.0,1683800
2026-06-02,2771.5,2780.5,2674.5,2711.0,1346400
2026-06-03,2708.5,2718.5,2671.0,2696.5,1056800
2026-06-04,2680.0,2696.0,2630.5,2632.0,975900
2026-06-05,2669.0,2704.0,2654.0,2666.5,1013800
2026-06-08,2641.0,2701.0,2640.0,2680.0,1353500
2026-06-09,2696.0,2712.5,2657.0,2685.5,905100
2026-06-10,2689.5,2698.5,2643.0,2661.0,1378100
2026-06-11,2635.0,2655.5,2593.0,2636.0,1006900
2026-06-12,2657.0,2685.0,2638.5,2670.5,1264700
2026-06-15,2670.5,2695.0,2658.0,2680.0,1011000
2026-06-16,2680.0,2688.0,2598.0,2619.5,1433900
2026-06-17,2632.5,2702.0,2627.5,2647.5,1217700
2026-06-18,2610.0,2610.5,2493.5,2504.0,3401200
2026-06-19,2430.0,2440.5,2336.5,2354.0,4331200
2026-06-22,2354.0,2448.0,2350.0,2438.5,1652200
2026-06-23,2449.5,2454.5,2377.0,2403.0,1457200
2026-06-24,2398.0,2406.0,2328.5,2344.5,1473300
2026-06-25,2352.0,2385.5,2340.5,2358.0,885200
2026-06-26,2344.0,2406.0,2334.0,2405.5,1141900
2026-06-29,2449.0,2461.0,2406.0,2450.0,1306600
2026-06-30,2450.0,2477.0,2433.5,2450.5,907300
2026-07-01,2450.0,2527.5,2447.5,2527.5,1263000
2026-07-02,2555.5,2667.0,2554.5,2664.5,2190000
2026-07-03,2675.5,2699.5,2631.5,2664.0,1547200
2026-07-06,2664.0,2680.5,2601.5,2663.0,1905000
2026-07-07,2663.0,2697.0,2591.0,2660.0,2083500
2026-07-08,2661.0,2671.5,2544.5,2561.0,2052100
2026-07-09,2555.0,2562.0,2528.0,2550.5,1315000
2026-07-10,2557.0,2557.0,2511.5,2517.0,1205600
2026-07-13,2514.5,2530.0,2469.5,2472.5,977600
2026-07-14,2474.5,2499.5,2470.5,2486.0,851300
2026-07-15,2486.0,2487.0,2448.5,2452.0,1076100
2026-07-16,2455.0,2472.0,2395.0,2410.0,1106500
2026-07-17,2410.0,2436.0,2396.0,2415.0,955200
2026-07-21,2415.0,2440.5,2409.0,2431.0,766300
2026-07-22,2408.0,2438.0,2394.5,2429.5,845600
2026-07-23,2414.5,2425.0,2405.0,2410.0,703600
2026-07-24,2400.0,2400.0,2373.5,2386.5,727200
2026-07-27,2399.0,2458.5,2392.0,2451.5,995700
2026-07-28,2478.5,2491.5,2431.5,2469.0,866100
2026-07-29,2490.0,2544.5,2466.0,2544.5,1196800
2026-07-30,2522.0,2537.0,2481.5,2507.5,706900
2026-07-31,2460.0,2494.5,2437.0,2471.5,998400
2026-08-03,2450.0,2526.0,2447.0,2513.0,1109000
2026-08-04,2476.0,2496.0,2462.0,2476.0,742400
2026-08-05,2478.5,2479.5,2440.5,2461.5,1043100
2026-08-06,2452.0,2471.0,2425.0,2450.0,406400
