Date,Open,High,Low,Close,Volume
2015-01-05,1208.2080151260807,1208.2080151260807,1193.1870506137025,1199.0648193359375,3700
2015-01-06,1199.0647064458446,1205.5955599667916,1196.452365037466,1198.41162109375,9100
2015-01-07,1197.1054503895607,1199.0647064458446,1196.452365037466,1198.41162109375,3400
2015-01-08,1197.105224609375,1207.5545882720864,1197.105224609375,1197.105224609375,3200
2015-01-09,1197.1055630951923,1204.9425880581725,1197.1055630951923,1199.0648193359375,3200
2015-01-13,1189.2684391699381,1190.5746098884113,1175.5536466259684,1180.125244140625,12400
2015-01-14,1197.1054355684564,1197.1054355684564,1182.08447265625,1182.08447265625,2000
2015-01-15,1187.309335443038,1188.615506329114,1182.7377373417721,1186.65625,1300
2015-01-16,1180.77836635122,1187.9623055270295,1177.512939453125,1177.512939453125,4400
2015-01-19,1181.4314517308392,1182.084537110458,1177.512939453125,1177.512939453125,1400
2015-01-20,1194.4930878354792,1194.4930878354792,1190.5745757922791,1191.2276611328125,1600
2015-01-21,1193.8399995901782,1193.8399995901782,1180.125207472348,1182.737548828125,1100
2015-01-22,1195.1461702680667,1195.1461702680667,1180.7782928112922,1182.737548828125,2000
2015-01-23,1183.390552026099,1193.1868314302885,1183.390552026099,1188.615234375,1100
2015-01-26,1188.6153260963397,1188.6153260963397,1182.08447265625,1182.08447265625,1500
2015-01-27,1199.717770559746,1199.717770559746,1185.3498930680125,1191.2276611328125,700
2015-01-28,1191.2277071021167,1191.2277071021167,1185.3499388104945,1187.9622802734375,1700
2015-01-29,1182.7377465874088,1186.003173828125,1182.0846611392656,1186.003173828125,2400
2015-01-30,1191.8807464733459,1191.8807464733459,1184.0437223869458,1191.2276611328125,1600
2015-02-02,1182.0845119818152,1192.5338778335883,1182.0845119818152,1187.9622802734375,1000
2015-02-03,1196.4523502244474,1196.4523502244474,1182.08447265625,1182.08447265625,1600
2015-02-04,1184.0435200309857,1197.105224609375,1184.0435200309857,1197.105224609375,1300
2015-02-05,1189.2684510049091,1196.452390028003,1187.9622802734375,1187.9622802734375,800
2015-02-06,1188.6152650593408,1197.7584594059513,1188.6152650593408,1195.1461181640625,1800
2015-02-09,1201.6770294637997,1201.6770294637997,1195.7992613849005,1199.7177734375,1700
2015-02-10,1199.7178402681811,1204.942523296023,1197.1054987542602,1203.6363525390625,3100
2015-02-12,1203.6362854900992,1208.2078828847987,1199.7177734375,1199.7177734375,4100
2015-02-13,1208.2079872351228,1208.2079872351228,1201.0240478515625,1201.0240478515625,2500
2015-02-16,1198.411614689845,1211.4733216619413,1198.411614689845,1207.5548095703125,2200
2015-02-17,1201.6770688735778,1214.738776143943,1195.1462152383954,1205.5955810546875,2900
2015-02-18,1210.8201630180986,1216.0448454906686,1195.7992009094598,1212.7794189453125,5300
2015-02-19,1212.7795160541036,1223.8819671973022,1212.7795160541036,1223.2288818359375,4000
2015-02-20,1223.8819880718386,1232.372097914386,1223.2289026993349,1230.412841796875,6800
2015-02-23,1213.4327022827017,1223.8820689331446,1213.4327022827017,1216.0450439453125,2700
2015-02-24,1213.4325896380474,1222.5757846084093,1213.4325896380474,1215.391845703125,1900
2015-02-25,1227.800581427061,1230.4129230896717,1216.0450439453125,1216.0450439453125,1900
2015-02-26,1216.0448973049372,1227.8004333691094,1216.0448973049372,1226.4942626953125,2200
2015-02-27,1229.7597354495838,1231.065906172313,1223.2288818359375,1223.2288818359375,4000
2015-03-02,1240.8620938682454,1240.8620938682454,1227.8003876170008,1229.7596435546875,1900
2015-03-03,1231.0659804766044,1234.3314074805212,1215.3919308578043,1218.0042724609375,1900
2015-03-04,1229.7597539464398,1229.7597539464398,1216.698046522686,1221.9227294921875,800
2015-03-05,1221.9227848656376,1228.4536388734712,1218.0042724609375,1218.0042724609375,800
2015-03-06,1218.004189799664,1223.8819580078125,1218.004189799664,1223.8819580078125,1400
2015-03-09,1223.881939658224,1228.453537084909,1223.881939658224,1225.1881103515625,800
2015-03-10,1228.453792248742,1234.3315615896452,1225.841450319452,1233.025390625,2900
2015-03-11,1227.8006513166579,1237.596933109078,1227.8006513166579,1236.94384765625,1600
2015-03-12,1238.2497375938487,1240.8620788124013,1236.2904816799344,1239.555908203125,3800
2015-03-13,1253.9239572402937,1253.9239572402937,1240.862249352374,1244.78076171875,9100
2015-03-16,1251.964599609375,1260.4547090485623,1244.7806608531398,1251.964599609375,5000
2015-03-17,1256.536376953125,1256.536376953125,1249.3524371680498,1256.536376953125,1800
2015-03-18,1257.189349463627,1260.4547763453506,1255.8831787109375,1255.8831787109375,1500
2015-03-19,1255.8831787109375,1259.1486055926612,1255.8831787109375,1255.8831787109375,1100
2015-03-20,1260.4549492556766,1279.3944277678088,1259.8018637897412,1278.0882568359375,5600
2015-03-23,1280.0472595401877,1280.0472595401877,1271.5571501656866,1278.7410888671875,2300
2015-03-24,1273.5166956935243,1276.7821231183796,1268.292011813756,1275.4759521484375,2600
2015-03-25,1278.088000273044,1296.3743896484375,1266.9855495808408,1296.3743896484375,6600
2015-03-26,1295.7213046272493,1296.374389962243,1253.9238431876606,1270.2509765625,7100
2015-03-27,1282.2534956674729,1282.2534956674729,1260.2491455078125,1260.2491455078125,5700
2015-03-30,1262.2496633683722,1292.2555983137377,1262.2496633683722,1279.58642578125,3700
2015-03-31,1292.2553024572633,1292.2553024572633,1264.916567988353,1268.9173583984375,4700
2015-04-01,1272.251301048291,1272.251301048291,1255.581341653004,1258.24853515625,3800
2015-04-02,1257.5819091796875,1293.5890264096467,1257.5819091796875,1288.254638671875,5500
2015-04-03,1286.9211461515372,1286.9211461515372,1266.917190511876,1275.5855712890625,2700
2015-04-06,1273.5850830078125,1280.2530677356021,1270.9178891166966,1273.5850830078125,2100
2015-04-07,1273.5851416066916,1280.2531266412816,1269.5843505859375,1269.5843505859375,4700
2015-04-08,1280.2528653996867,1293.5888327476,1271.584486623543,1276.2520751953125,4700
2015-04-09,1280.2531655844155,1283.587158203125,1280.2531655844155,1283.587158203125,1700
2015-04-10,1298.9233476341353,1298.9233476341353,1284.2537821064398,1295.58935546875,5200
2015-04-13,1296.9229155696396,1308.2584886106083,1296.9229155696396,1300.9237060546875,2400
2015-04-14,1306.2582291475476,1306.2582291475476,1300.9238412796658,1305.5914306640625,1700
2015-04-15,1304.924525705451,1304.924525705451,1296.9229445565163,1298.92333984375,2300
2015-04-16,1297.5896699676202,1312.2592345818482,1297.5896699676202,1309.592041015625,2700
2015-04-17,1309.5923016488614,1312.259495745906,1302.92431640625,1302.92431640625,2800
2015-04-20,1320.2608933398142,1325.5952807876517,1309.592118444139,1318.260498046875,7000
2015-04-21,1325.5953055453965,1359.6020261604947,1320.2609179979302,1338.9312744140625,14300
2015-04-22,1343.5989141155371,1344.2657125840808,1333.5969370873818,1338.2645263671875,5800
2015-04-23,1343.59912109375,1350.2671068063742,1340.9319268087004,1343.59912109375,4100
2015-04-24,1344.2654238861387,1350.2666088142018,1338.2642389580756,1346.9326171875,9800
2015-04-27,1346.9328244903384,1352.934010342028,1342.9320339225453,1352.2672119140625,7300
2015-04-28,1353.6007856237381,1368.2703507881333,1350.266793540921,1362.2691650390625,16900
2015-04-30,1364.2697235996848,1395.6092529296875,1364.2697235996848,1395.6092529296875,16000
2015-05-01,1393.608809844427,1393.608809844427,1366.9368709000362,1384.9404296875,9200
2015-05-07,1386.940673828125,1392.2750610351563,1368.9371170043946,1386.940673828125,6600
2015-05-08,1386.273962738317,1386.273962738317,1372.9379938808056,1380.9395751953125,3300
2015-05-11,1374.9384103748343,1391.6083717033362,1374.271611921694,1382.273193359375,5200
2015-05-12,1391.6081616844156,1391.6081616844156,1376.9385979292372,1388.274169921875,2600
2015-05-13,1386.9408886671868,1388.9412841796875,1382.9400976421853,1388.9412841796875,2300
2015-05-14,1374.2716436074875,1384.2736206351985,1367.6036589223468,1368.937255859375,5700
2015-05-15,1369.6040543278891,1374.2716436074875,1368.937255859375,1368.937255859375,1800
2015-05-18,1368.93717440069,1382.93994140625,1368.93717440069,1382.93994140625,3600
2015-05-19,1382.9399200792939,1386.940710590613,1373.6047422195495,1381.6063232421875,4200
2015-05-20,1381.6063368055557,1386.27392578125,1381.6063368055557,1386.27392578125,1800
2015-05-21,1386.274237450133,1386.941036025145,1378.939453125,1378.939453125,2700
2015-05-22,1382.273193359375,1382.273193359375,1378.9392010936747,1382.273193359375,1700
2015-05-25,1386.9407746330608,1390.9415653291176,1384.2735808356895,1385.607177734375,5400
2015-05-26,1380.2728192065138,1386.9408038403615,1380.2728192065138,1383.6068115234375,1900
2015-05-27,1383.6067320808534,1386.27392578125,1383.6067320808534,1386.27392578125,300
2015-05-28,1386.2740398267867,1389.6080322265625,1385.6072413468316,1389.6080322265625,1600
2015-05-29,1392.2751969034498,1392.2751969034498,1386.9408091758505,1391.6083984375,2300
2015-06-01,1386.9406160115054,1391.6082046230824,1386.9406160115054,1390.94140625,1100
2015-06-02,1390.9416732247507,1411.6124267578127,1389.6080762226177,1411.6124267578125,7000
2015-06-03,1411.6122524860034,1423.6146240234375,1403.610671461047,1423.6146240234375,4500
2015-06-04,1423.614851660384,1441.6184118453161,1420.9476575589124,1430.2828369140625,4500
2015-06-05,1430.2826374333079,1436.2838233246364,1415.6130719211715,1421.6142578125,4300
2015-06-08,1421.6144560842804,1432.283232490166,1421.6144560842804,1430.2828369140625,4200
2015-06-09,1430.2827389139525,1430.2827389139525,1420.28076171875,1420.28076171875,5500
2015-06-10,1430.9495668828235,1430.9495668828235,1417.6135970143907,1418.2803955078125,5000
2015-06-11,1426.2819987055616,1426.2819987055616,1418.2804166651376,1419.614013671875,1800
2015-06-12,1419.6138335109595,1432.9498018858862,1419.6138335109595,1423.6146240234375,6800
2015-06-15,1423.6147248616421,1423.6147248616421,1419.613934065778,1422.2811279296875,6700
2015-06-16,1419.6138645902593,1419.6138645902593,1401.6103068899602,1410.2786865234375,4700
2015-06-17,1410.9456282567462,1419.6140087706108,1409.6120312546132,1411.6124267578125,1800
2015-06-18,1420.2806765801722,1420.2806765801722,1414.2794906227912,1414.9462890625,1500
2015-06-19,1414.9460878704137,1423.6144663540686,1410.9452978010347,1417.61328125,1800
2015-06-22,1413.6126921830821,1423.614668778717,1413.6126921830821,1414.9462890625,2700
2015-06-23,1414.9464708306018,1434.9504265916376,1414.9464708306018,1430.2828369140625,5200
2015-06-24,1436.2838560145028,1439.617848252234,1423.6146855111251,1438.9510498046875,5000
2015-06-25,1439.6179067051542,1439.6179067051542,1428.2823326366097,1434.9503173828125,1600
2015-06-26,1434.2833909649717,1436.28378621039,1415.6130353410667,1426.9486083984375,2300
2015-06-29,1420.280874746817,1420.280874746817,1403.6109114281926,1404.2777099609375,5200
2015-06-30,1403.6109285960479,1418.9472950367647,1380.2729796645222,1416.9468994140625,7300
2015-07-01,1416.9466843816272,1436.2838391331882,1414.9462890625,1414.9462890625,4200
2015-07-02,1416.9467111651818,1436.2838662822596,1416.9467111651818,1424.281494140625,2700
2015-07-03,1433.616656670477,1434.28345511544,1418.2802924363277,1430.949462890625,1800
2015-07-06,1429.6161985990875,1431.616594399366,1423.6150111982518,1424.9486083984375,4200
2015-07-07,1424.9483804420288,1433.61676085651,1415.613201534126,1418.2803955078125,3500
2015-07-08,1417.613619858865,1417.613619858865,1380.2729036255175,1388.9412841796875,5300
2015-07-09,1372.2710905728275,1405.6110101688632,1334.2635822333468,1362.9359130859375,6500
2015-07-10,1356.934741246648,1403.610629151938,1350.9335556588248,1367.603515625,5300
2015-07-13,1367.6036173017044,1415.6131055736314,1367.6036173017044,1396.9427490234375,2400
2015-07-14,1400.2768522396818,1416.2800162652782,1400.2768522396818,1411.6124267578125,1900
2015-07-15,1429.6158525449976,1430.2826509836846,1404.2775118748905,1426.2818603515625,2500
2015-07-16,1430.9494202628969,1430.9494202628969,1414.2794596354167,1428.2822265625,2900
2015-07-17,1426.9487627137382,1426.9487627137382,1413.61279296875,1413.61279296875,2200
2015-07-21,1414.2795463379591,1423.6147248616421,1414.2795463379591,1422.2811279296875,1300
2015-07-22,1417.613482821336,1424.281467218426,1414.9462890625,1414.9462890625,2800
2015-07-23,1426.9487013040275,1432.283088972454,1424.2815074698144,1428.9490966796875,1400
2015-07-24,1428.9490249875994,1429.6158234126985,1416.9466533358136,1428.2822265625,2400
2015-07-27,1430.282812330458,1440.2847900390625,1430.282812330458,1440.2847900390625,5100
2015-07-28,1406.9446228085087,1422.280985995521,1403.6106308113322,1409.61181640625,13900
2015-07-29,1423.6145827943915,1466.9564787576867,1409.61181640625,1409.61181640625,11000
2015-07-30,1428.2824249338385,1437.617604181772,1424.2816338275813,1436.9508056640625,3000
2015-07-31,1436.9504877679747,1459.621632354569,1432.9496975468107,1458.954833984375,3000
2015-08-03,1460.2886882251921,1466.9566731029329,1458.28829276187,1463.6226806640625,2100
2015-08-04,1463.6226041783552,1486.9605500308573,1456.9546196490687,1485.626953125,5500
2015-08-05,1485.6268371582032,1500.296401977539,1485.6268371582032,1493.62841796875,25500
2015-08-06,1493.6283601402492,1497.629150390625,1492.9615617651866,1497.629150390625,2800
2015-08-07,1496.9625615753869,1496.9625615753869,1489.6277784229017,1491.628173828125,5400
2015-08-10,1491.6279650150616,1499.6295455158129,1488.2939731397485,1497.629150390625,3100
2015-08-11,1500.2965459219586,1500.2965459219586,1493.6285612734166,1494.962158203125,3200
2015-08-12,1493.62841796875,1498.2960067749025,1487.62723236084,1493.62841796875,2400
2015-08-13,1494.2952317036854,1494.2952317036854,1468.9568922102717,1486.96044921875,2700
2015-08-14,1468.95717062551,1498.296306125974,1455.6211999434809,1481.6263427734375,6800
2015-08-17,1493.6285075090334,1493.6285075090334,1472.2909574017615,1476.291748046875,1300
2015-08-18,1476.2918651279376,1478.9590591028752,1464.2894922407186,1468.290283203125,2800
2015-08-19,1468.2900910429903,1468.2900910429903,1436.9505659389847,1456.2877197265625,3500
2015-08-20,1456.2877721390234,1459.6217642913564,1444.285400390625,1444.285400390625,2900
2015-08-21,1435.6171942976862,1438.284388341899,1400.276873211863,1412.946044921875,5600
2015-08-24,1366.936712519705,1380.9394788430777,1348.266357421875,1348.266357421875,8100
2015-08-25,1333.5968230987762,1352.267178622159,1266.9169819438375,1334.930419921875,7500
2015-08-26,1338.931220459343,1400.2766747831772,1334.9304299599623,1362.2691650390625,8000
2015-08-27,1334.2638037109375,1368.937325846354,1334.2638037109375,1350.2669677734375,5100
2015-08-28,1400.276540267021,1400.276540267021,1366.9366226416155,1388.274169921875,3900
2015-08-31,1401.610278020612,1413.6126495735953,1393.6086969852897,1412.279052734375,3300
2015-09-01,1404.277491129008,1406.2778864155166,1373.6047634025433,1382.93994140625,16900
2015-09-02,1368.2703186035158,1394.942254638672,1366.269923400879,1386.940673828125,4700
2015-09-03,1394.2753981154124,1397.6093899808245,1387.6074143845879,1390.94140625,3500
2015-09-04,1396.9429076911179,1398.2765047390328,1370.2709667328147,1372.2713623046875,4200
2015-09-07,1371.6043334074227,1385.607100058641,1360.2687604040557,1376.938720703125,3700
2015-09-08,1376.9388401953315,1376.9388401953315,1354.2676922211713,1357.6016845703125,2900
2015-09-09,1386.273933550431,1395.6091115541376,1376.2719571178882,1382.93994140625,3600
2015-09-10,1373.6050184800727,1394.2757736125398,1373.6050184800727,1387.6077880859375,1600
2015-09-11,1401.610338160986,1401.610338160986,1394.2755552305528,1396.9427490234375,8400
2015-09-14,1400.2768800584533,1407.6116637159023,1383.6069172006146,1390.27490234375,7200
2015-09-15,1400.2766676504768,1419.6138216323168,1400.2766676504768,1407.6114501953125,2500
2015-09-16,1412.9460106727638,1416.946801642106,1406.94482421875,1406.94482421875,3800
2015-09-17,1406.9448453729801,1420.2808154713023,1404.944449858232,1408.2784423828125,6000
2015-09-18,1406.944624319154,1407.6114227193052,1396.275849916734,1398.2762451171875,3200
2015-09-24,1397.6093899808245,1422.947728157958,1390.94140625,1390.94140625,6900
2015-09-25,1410.94562481977,1410.94562481977,1366.9369238565826,1372.9381103515625,18100
2015-09-28,1366.2699050455412,1370.2706953970655,1356.9347275586513,1362.9359130859375,22400
2015-09-29,1362.9361326156125,1362.9361326156125,1320.9278271582818,1322.92822265625,14300
2015-09-30,1336.9308620243962,1336.9308620243962,1314.926513671875,1314.926513671875,12400
2015-10-01,1304.257788717656,1340.2649055840945,1304.257788717656,1314.259765625,6800
2015-10-02,1305.5915058422775,1310.259095495442,1290.9219383609036,1294.9227294921875,12200
2015-10-05,1294.9227294921875,1308.2586999298,1292.9223339265454,1294.9227294921875,7600
2015-10-06,1294.922568324622,1314.2597230524354,1294.922568324622,1311.592529296875,4400
2015-10-07,1312.9261740541674,1326.92894178151,1310.2589802013401,1322.2613525390625,1700
2015-10-08,1322.2612964560487,1322.2612964560487,1303.590940278152,1314.926513671875,18000
2015-10-09,1322.2613898091377,1330.9297700751583,1296.9230474930775,1316.927001953125,29400
2015-10-13,1307.5918232051029,1316.927001953125,1307.5918232051029,1316.927001953125,2300
2015-10-14,1324.9286164032528,1324.9286164032528,1302.257467456242,1303.591064453125,3700
2015-10-15,1304.9245449079738,1324.9284980746775,1304.2577464690837,1311.592529296875,1400
2015-10-16,1322.2613471508753,1322.2613471508753,1304.257788717656,1314.259765625,2300
2015-10-19,1314.2598160642053,1320.927800925008,1309.5922266616433,1313.593017578125,2300
2015-10-20,1313.5929110780055,1313.5929110780055,1304.9245314617547,1306.9249267578125,2100
2015-10-21,1306.9249247202201,1322.2612886327533,1306.9249247202201,1318.260498046875,3200
2015-10-22,1314.9265271187312,1319.5941162109375,1314.9265271187312,1319.5941162109375,700
2015-10-23,1326.9288620663217,1329.5960557589174,1320.2608778348326,1324.928466796875,3700
2015-10-26,1330.2628541820661,1333.5968462978108,1315.5932888727903,1324.928466796875,4800
2015-10-27,1337.597917270087,1337.597917270087,1330.2631330776787,1330.929931640625,2000
2015-10-28,1336.9307061785655,1352.26706839408,1336.9307061785655,1350.9334716796875,6100
2015-10-29,1338.2643400589745,1349.5999124461207,1334.2635498046875,1334.2635498046875,4700
2015-10-30,1340.9315918580633,1341.5983902627663,1327.595623764,1330.2628173828125,3600
2015-11-02,1342.932083307042,1342.932083307042,1320.927734375,1320.927734375,3000
2015-11-04,1320.927726507427,1330.2629047866315,1320.927726507427,1324.26171875,1000
2015-11-05,1338.2644861688068,1338.2644861688068,1322.928121852971,1324.26171875,2100
2015-11-06,1396.9428763802596,1396.9428763802596,1354.9345703125,1354.9345703125,11700
2015-11-09,1337.597754220335,1350.9337238536384,1337.597754220335,1347.5997314453125,2900
2015-11-10,1340.9317334808682,1356.2680984087947,1340.9317334808682,1342.93212890625,3100
2015-11-11,1342.931827235458,1357.6013903929456,1342.931827235458,1346.9326171875,2500
2015-11-12,1346.9328050627644,1353.6007892462435,1335.59723195085,1339.5980224609375,4300
2015-11-13,1339.5981496653305,1352.2673208169688,1334.263761812009,1347.5997314453125,2100
2015-11-16,1340.265128237438,1359.6022868040477,1340.265128237438,1343.59912109375,3200
2015-11-17,1342.26522780614,1362.9359789546697,1342.26522780614,1355.6011962890625,4200
2015-11-18,1356.2680823284647,1356.2680823284647,1340.2649191151495,1349.60009765625,3700
2015-11-19,1358.935278831664,1370.270852796403,1353.6008910835515,1368.937255859375,6700
2015-11-20,1354.9344170702363,1368.9371841757852,1354.9344170702363,1368.2703857421875,1600
2015-11-24,1360.9356584719992,1376.9388215309546,1360.9356584719992,1375.605224609375,4400
2015-11-25,1374.9383700781632,1374.9383700781632,1360.9356029726146,1368.2703857421875,2200
2015-11-26,1389.6080794270833,1389.6080794270833,1320.2610351562498,1350.2669677734375,14300
2015-11-27,1350.267089966065,1350.267089966065,1320.2611546334856,1330.929931640625,14600
2015-11-30,1332.2635161110718,1336.2643074507446,1320.9279406486653,1326.2623291015625,11000
2015-12-01,1328.262451171875,1329.5960480104009,1322.928063817771,1328.262451171875,5100
2015-12-02,1328.2624666924194,1328.2624666924194,1318.2604902866028,1321.594482421875,6800
2015-12-03,1320.9276762579816,1332.9300478746618,1320.9276762579816,1324.928466796875,2900
2015-12-04,1322.9281297324583,1334.2637034247223,1320.927734375,1320.927734375,5100
2015-12-07,1324.2616761300928,1334.2636525359092,1320.9276839948207,1321.594482421875,3900
2015-12-08,1331.5964666664693,1331.5964666664693,1318.260498046875,1318.260498046875,4400
2015-12-09,1318.2605563879376,1323.5949440718546,1314.259765625,1314.259765625,3200
2015-12-10,1332.2633160425103,1332.2633160425103,1314.9265561740892,1317.59375,4700
2015-12-11,1313.5930095431172,1332.930165521163,1313.5930095431172,1316.927001953125,8900
2015-12-14,1313.5929513976528,1332.263308067264,1313.5929513976528,1320.927734375,9600
2015-12-15,1320.260901151274,1320.927699586199,1314.926513671875,1314.926513671875,2200
2015-12-16,1315.5933890162548,1326.9289630726544,1315.5933890162548,1323.594970703125,5600
2015-12-17,1332.9302001460906,1333.5969986454134,1322.92822265625,1322.92822265625,7400
2015-12-18,1320.9278271582818,1326.2622151528635,1318.9274316603137,1322.92822265625,3000
2015-12-21,1328.2624823703727,1328.2624823703727,1314.2597152369501,1314.926513671875,3000
2015-12-22,1315.5934049891218,1318.9273973991299,1315.5934049891218,1316.927001953125,1900
2015-12-24,1316.9268401800264,1325.5952193812113,1286.2541137758333,1291.5885009765625,15000
2015-12-25,1291.5885009765625,1291.5885009765625,1291.5885009765625,1291.5885009765625,0
2015-12-28,1278.2525828337868,1302.2573261733883,1278.2525828337868,1290.9217529296875,2800
2015-12-29,1290.2551608615452,1300.9239373854648,1282.2535784686054,1296.25634765625,3600
2015-12-30,1286.9211847409838,1292.9223716128329,1286.2543861996671,1289.58837890625,1800
2016-01-04,1289.5881270850793,1303.5908937183713,1289.5881270850793,1292.922119140625,2200
2016-01-05,1296.2562467882838,1309.592216405447,1296.2562467882838,1297.58984375,2500
2016-01-06,1288.2547901681571,1295.5895741701497,1286.25439453125,1286.25439453125,2200
2016-01-07,1284.9207259055488,1308.258673703522,1284.9207259055488,1285.5875244140625,1100
2016-01-08,1258.9154188654354,1304.9245099150726,1258.9154188654354,1263.5830078125,12400
2016-01-12,1262.9165218055086,1266.91731332126,1236.911376953125,1236.911376953125,7500
2016-01-13,1236.9112063137227,1290.2550858312957,1236.9112063137227,1256.9151611328125,5400
2016-01-14,1236.9109530195249,1251.5805168828292,1236.244154662102,1240.9117431640625,4000
2016-01-15,1246.913021889879,1283.586934298405,1242.9122314453125,1242.9122314453125,2500
2016-01-18,1236.2443397820284,1271.5846580174368,1236.2443397820284,1244.9127197265625,3000
2016-01-19,1264.9168358403167,1264.9168358403167,1236.911297039424,1239.5784912109375,2600
2016-01-20,1240.2449812171142,1262.9161260350613,1234.9105942011265,1235.577392578125,3700
2016-01-21,1233.5769954537243,1235.5773905814872,1182.2335205078125,1182.2335205078125,9200
2016-01-22,1186.9013126398115,1242.2455873303197,1186.9013126398115,1229.576416015625,3200
2016-01-25,1230.2432145058722,1231.5768114863663,1226.2424235643896,1229.576416015625,1800
2016-01-26,1219.5742476965745,1238.2446025000213,1217.5738525390625,1217.5738525390625,1400
2016-01-27,1232.910347495669,1258.9154873292716,1232.243549038397,1244.9127197265625,800
2016-01-28,1257.5818067175196,1288.2545337106299,1253.5810162401574,1270.2509765625,7800
2016-01-29,1285.5873773762848,1285.5873773762848,1260.2490369508187,1264.9166259765625,1700
2016-02-01,1267.5838387953215,1285.5873967371804,1267.5838387953215,1277.5858154296875,4900
2016-02-02,1274.2518097611232,1274.2518097611232,1272.918212890625,1272.918212890625,800
2016-02-03,1266.9169785166566,1267.5837769264024,1262.2493896484375,1262.2493896484375,3500
2016-02-04,1259.582391383844,1261.582786923363,1232.24365234375,1232.24365234375,5700
2016-02-05,1232.2435594512194,1260.2490948932925,1227.575970210874,1230.2431640625,4100
2016-02-08,1230.2430055621373,1254.2477471340815,1230.2430055621373,1235.577392578125,3100
2016-02-09,1255.5817300709716,1255.5817300709716,1201.571044921875,1201.571044921875,4300
2016-02-10,1201.570659218396,1234.2437792526366,1173.5651277604757,1177.56591796875,6200
2016-02-12,1141.5590706480061,1150.894249964053,1071.5452257776553,1086.881591796875,8900
2016-02-15,1133.5574344214926,1198.9036865234375,1133.5574344214926,1198.9036865234375,1600
2016-02-16,1193.5691749886291,1193.5691749886291,1168.2308349609375,1168.2308349609375,3300
2016-02-17,1168.23097156852,1168.23097156852,1139.55863607911,1142.225830078125,4100
2016-02-18,1147.5601011945198,1166.8972557178442,1146.893302762681,1150.227294921875,3800
2016-02-19,1150.22733196243,1178.8996654548268,1144.8929443359375,1144.8929443359375,3800
2016-02-22,1146.2266048668291,1165.5637610862232,1146.2266048668291,1148.893798828125,3400
2016-02-23,1151.5609368297542,1180.900068978283,1141.5589599609375,1141.5589599609375,1700
2016-02-24,1160.2294252614577,1190.902157193657,1160.2294252614577,1167.564208984375,1900
2016-02-25,1220.9079500507376,1223.5751438247426,1193.5692138671875,1193.5692138671875,1900
2016-02-26,1193.5694158355418,1193.5694158355418,1171.5650634765625,1171.5650634765625,1800
2016-02-29,1171.5649474991385,1188.9017082475605,1148.893798828125,1148.893798828125,4400
2016-03-01,1148.8938329401522,1172.898579304543,1148.8938329401522,1154.89501953125,3200
2016-03-02,1181.5668567978662,1181.5668567978662,1154.2281202692475,1156.228515625,3500
2016-03-03,1156.2286341398665,1168.8978060249053,1152.8946415385406,1167.564208984375,7500
2016-03-04,1155.5619188648113,1188.235048711537,1155.5619188648113,1172.898681640625,1800
2016-03-07,1175.5657503970035,1188.2349218420081,1175.5657503970035,1184.234130859375,1000
2016-03-08,1185.5674974202975,1190.2350859928183,1178.8995137452678,1188.9014892578125,2100
2016-03-09,1176.8991186427588,1190.2350859928183,1176.8991186427588,1188.9014892578125,900
2016-03-10,1186.9011793450761,1199.5703492369616,1186.9011793450761,1194.2359619140625,1200
2016-03-11,1194.236092049491,1194.902890537514,1185.5677117051898,1190.902099609375,3500
2016-03-14,1194.2359909979289,1199.5703784507393,1186.9012082503148,1192.235595703125,2600
2016-03-15,1186.2343597156232,1194.9027389603132,1185.5675613121857,1192.90234375,6200
2016-03-16,1193.5690778303333,1202.904254975375,1188.9014892578125,1188.9014892578125,3600
2016-03-17,1188.9015609672786,1200.2371338985427,1188.9015609672786,1189.568359375,2000
2016-03-18,1190.2351440360994,1190.9019424361195,1184.9007568359375,1184.9007568359375,2200
2016-03-22,1193.5692695138987,1210.239231378618,1193.5692695138987,1200.904052734375,2000
2016-03-23,1210.2393331310363,1211.5729301923377,1187.5681830889123,1199.570556640625,1600
2016-03-24,1202.904413495745,1220.241173335484,1194.90283203125,1194.90283203125,1400
2016-03-25,1216.907267252604,1216.907267252604,1193.5693196614582,1200.2373046875,2500
2016-03-28,1200.2371671054902,1208.9055466456966,1200.2371671054902,1206.9051513671875,2400
2016-03-29,1213.762577877769,1245.992431640625,1213.762577877769,1245.992431640625,1500
2016-03-30,1247.3640080036018,1269.9934814858002,1221.30582641804,1240.506591796875,1400
2016-03-31,1231.59189808037,1231.59189808037,1207.5909423828125,1207.5909423828125,3000
2016-04-01,1208.962723641354,1232.2779434960369,1174.6756356197614,1176.047119140625,5100
2016-04-04,1219.9341646142334,1230.2202874187378,1219.248423093933,1229.5345458984375,1300
2016-04-05,1229.5345829341627,1229.5345829341627,1190.447315099669,1191.133056640625,1600
2016-04-06,1200.7334382140093,1220.6199429017342,1191.133056640625,1191.133056640625,1600
2016-04-07,1193.1903076171875,1224.04867764177,1193.1903076171875,1193.1903076171875,2300
2016-04-08,1193.876220703125,1223.3631118520245,1193.876220703125,1193.876220703125,1200
2016-04-11,1193.8760129992831,1194.5617545346074,1180.161182292801,1180.846923828125,2000
2016-04-12,1179.47559158237,1201.419323518786,1179.47559158237,1186.3330078125,1100
2016-04-13,1193.1905024102393,1199.362177422706,1188.3903107338763,1192.5047607421875,900
2016-04-14,1193.1903660107312,1213.07687211091,1193.1903660107312,1204.1622314453125,1800
2016-04-15,1204.162001876144,1224.0485041850322,1204.162001876144,1217.8768310546875,1000
2016-04-18,1213.7626606144318,1213.7626606144318,1200.7335699072712,1201.4193115234375,1300
2016-04-19,1201.4194327794955,1233.6492919921875,1201.4194327794955,1233.6492919921875,1400
2016-04-20,1215.134166445051,1235.0206736837115,1215.134166445051,1228.8489990234375,4700
2016-04-21,1228.8488046448088,1254.906982421875,1215.1339742358266,1254.906982421875,2000
2016-04-22,1256.2786908077994,1256.2786908077994,1212.3912256267408,1230.90625,4400
2016-04-25,1235.0206792664185,1242.5638372186288,1235.0206792664185,1235.7064208984375,2600
2016-04-26,1235.7063392451412,1252.8498789128041,1224.0487322711303,1226.10595703125,10000
2016-04-27,1213.7627629057258,1223.3631463411384,1202.7908961223973,1206.2196044921875,4600
2016-04-28,1204.847884180364,1219.2484565012448,1186.3328626249458,1187.704345703125,10100
2016-05-02,1187.7045431532617,1206.2195677867135,1182.2186099285354,1190.447509765625,2000
2016-05-06,1196.6191202102732,1204.162277988103,1192.5046705132752,1201.4193115234375,5300
2016-05-09,1201.419265086667,1207.5909393936192,1200.0477819073444,1204.1622314453125,800
2016-05-10,1204.1622865047573,1215.1341524410193,1200.7335783996755,1211.7054443359375,3000
2016-05-11,1211.7054357659329,1213.7626606144318,1201.4193115234375,1201.4193115234375,600
2016-05-12,1193.8761105556368,1230.906156489011,1193.8761105556368,1207.5909423828125,3200
2016-05-13,1207.5909400744752,1246.6782107072095,1206.905198484427,1232.96337890625,3900
2016-05-16,1232.9634367786143,1302.9090822465892,1232.9634367786143,1243.935302734375,8200
2016-05-17,1271.3650223782818,1328.281579475044,1270.6792807265135,1312.509521484375,19500
2016-05-18,1307.7090642551125,1361.8826437391995,1297.4229415682605,1339.253173828125,24900
2016-05-19,1329.652948153087,1353.6539038959224,1308.394958780861,1322.7955322265625,3100
2016-05-20,1310.451996410889,1327.5955337789017,1303.5945814636839,1304.966064453125,1700
2016-05-23,1305.6519622721526,1316.6238275013304,1285.765456544268,1288.5084228515625,2600
2016-05-24,1287.137090767798,1326.9101068916832,1287.137090767798,1326.224365234375,4300
2016-05-25,1326.2242892189877,1371.4832360072262,1323.4813227469733,1352.282470703125,7800
2016-05-26,1362.5685060159526,1405.7702251296946,1362.5685060159526,1389.9981689453125,12700
2016-05-27,1376.9691916858226,1381.0836414617763,1344.0535934781935,1379.712158203125,4000
2016-05-30,1366.6831311479846,1366.6831311479846,1335.8247563854861,1336.510498046875,31000
2016-05-31,1359.140033113896,1359.825774805679,1338.567782360406,1350.9111328125,2900
2016-06-01,1335.8247042669198,1344.0536038825269,1325.5385797474105,1332.39599609375,2200
2016-06-02,1350.2253836317134,1350.911125319693,1332.3960997442455,1340.625,2000
2016-06-03,1340.6247028147227,1363.9399150375873,1335.1387705269897,1361.8826904296875,2200
2016-06-06,1344.0533644153227,1367.3685758388538,1320.0524114793348,1339.253173828125,10400
2016-06-07,1331.710358056266,1361.8829923273656,1331.710358056266,1340.625,2600
2016-06-08,1341.310538749291,1360.5113031076653,1341.310538749291,1359.8255615234375,1100
2016-06-09,1364.6256797544418,1378.3405107067476,1359.8254889211346,1360.51123046875,5400
2016-06-10,1361.8826838813814,1370.7973238060833,1347.4821116953244,1355.0252685546875,8100
2016-06-13,1348.1680185927353,1361.1971093115867,1320.0526123046875,1320.0526123046875,5100
2016-06-14,1304.966255751453,1305.6519973466982,1252.8498945128242,1272.0506591796875,7000
2016-06-15,1315.2523455801015,1326.9099523970262,1296.051581411049,1317.3095703125,2500
2016-06-16,1356.3969703236962,1357.7684536101713,1283.022614497288,1291.937255859375,2700
2016-06-17,1318.680910720704,1318.680910720704,1293.308475101013,1296.7371826171875,700
2016-06-20,1318.6811618080621,1335.8247026532008,1299.480396061507,1300.1661376953125,1900
2016-06-21,1296.0517655019685,1314.5667907234251,1283.0226736794618,1306.337890625,2500
2016-06-22,1304.9661438802084,1304.9661438802084,1266.5646178385416,1285.765380859375,3600
2016-06-23,1285.7654166486109,1302.2232139817131,1285.7654166486109,1298.1087646484375,700
2016-06-24,1298.1088275795087,1301.537535523459,1250.7926579529974,1258.3358154296875,3600
2016-06-27,1254.907339323476,1288.5086833818643,1254.907339323476,1276.85107421875,1500
2016-06-28,1289.194051553915,1289.194051553915,1248.049560546875,1248.049560546875,2800
2016-06-29,1253.5358183849337,1261.078977029482,1253.5358183849337,1257.6502685546875,1300
2016-06-30,1258.3357164681577,1278.9079625139586,1256.2784918635775,1256.9642333984375,1700
2016-07-01,1272.736397804054,1288.5084544578758,1267.2504650548985,1268.6219482421875,5100
2016-07-04,1281.6509885648704,1281.6509885648704,1264.5074493919856,1267.9361572265625,2400
2016-07-05,1260.3929968976663,1274.10782820232,1259.7072553324335,1264.5074462890625,2200
2016-07-06,1259.0215713954208,1259.0215713954208,1245.9924810596294,1246.67822265625,3300
2016-07-07,1259.0218156413748,1259.0218156413748,1236.3923385628534,1243.249755859375,1800
2016-07-08,1255.5928215154722,1256.2785630892108,1227.4774169921875,1227.4774169921875,2500
2016-07-11,1227.4774169921875,1227.4774169921875,1227.4774169921875,1227.4774169921875,0
2016-07-12,1239.8208668943719,1275.4794316501836,1239.8208668943719,1261.078857421875,6900
2016-07-13,1254.221368872601,1267.250459090523,1254.221368872601,1261.7645263671875,3600
2016-07-14,1250.1068180498373,1260.3929410727378,1250.1068180498373,1256.9642333984375,3200
2016-07-15,1267.9362999070092,1273.4222330596624,1263.1361083984375,1263.1361083984375,2000
2016-07-19,1261.7645352510108,1274.1078839654228,1261.7645352510108,1272.0506591796875,3800
2016-07-20,1273.422293105563,1278.9082265168956,1265.879134664981,1277.5367431640625,2800
2016-07-21,1285.7656069514483,1293.9945068359375,1282.3368986662445,1293.9945068359375,1200
2016-07-22,1293.9944080140292,1294.6801496187002,1286.451250362649,1292.6229248046875,1000
2016-07-25,1301.5376319327781,1330.3387807953582,1301.5376319327781,1313.8809814453125,5300
2016-07-26,1319.3669145619945,1321.42413948075,1296.0516988160964,1313.8809814453125,4700
2016-07-27,1323.4811238270488,1326.224089886794,1235.020468400267,1244.620849609375,27700
2016-07-28,1234.3347229933377,1234.3347229933377,1215.8197021484375,1215.8197021484375,21300
2016-07-29,1228.163248205788,1249.4212385432415,1221.3058319678996,1247.364013671875,4000
2016-08-01,1247.3640286427624,1250.106995170839,1232.277712738342,1235.7064208984375,4400
2016-08-02,1234.3347597361808,1235.0205012693675,1226.1058613379396,1228.1630859375,5200
2016-08-03,1228.1631290936712,1232.2775784373684,1215.134039505296,1221.991455078125,4600
2016-08-04,1221.3056347926017,1250.106778341894,1221.3056347926017,1241.192138671875,2100
2016-08-05,1229.5346153699024,1229.5346153699024,1224.7344244565786,1225.420166015625,1800
2016-08-08,1223.3630919220057,1234.3349582172702,1223.3630919220057,1230.90625,1500
2016-08-09,1223.3630919220057,1232.277733286908,1222.6773502785516,1230.90625,1300
2016-08-10,1230.9062527126737,1234.3349609375,1227.4775444878471,1234.3349609375,1900
2016-08-12,1235.0206298828125,1239.8208211150054,1234.3348882782134,1235.0206298828125,2200
2016-08-15,1237.7636485688251,1242.563840003718,1237.7636485688251,1239.1351318359375,1300
2016-08-16,1240.506711363528,1241.8781947370642,1237.0780029296875,1237.0780029296875,2200
2016-08-17,1237.0778314354548,1241.1922809856835,1235.0206066603403,1236.39208984375,3000
2016-08-18,1235.0206764828317,1235.7064181133053,1232.2777099609375,1232.2777099609375,3200
2016-08-19,1227.477489661211,1234.3349058045696,1226.791748046875,1226.791748046875,1800
2016-08-22,1239.1350532166819,1243.2495027569696,1227.4774461858663,1232.96337890625,900
2016-08-23,1237.7636691623263,1238.4494108072918,1229.534769422743,1234.3349609375,1400
2016-08-24,1240.5065597840035,1246.6782342107895,1230.9061773423362,1231.5919189453125,1600
2016-08-25,1247.3640424689768,1254.2214588651777,1232.9634680369545,1252.8499755859375,4200
2016-08-26,1252.1641613315442,1254.907127730956,1248.0497117324262,1253.53564453125,1900
2016-08-29,1256.278717818428,1268.622067665989,1254.2214928438345,1265.193359375,2200
2016-08-30,1272.7364594723892,1272.7364594723892,1252.8499522931331,1254.221435546875,1900
2016-08-31,1267.2504853669288,1267.9362269715648,1261.7645525298426,1263.82177734375,1500
2016-09-01,1254.221368872601,1265.1932343192723,1254.221368872601,1261.7645263671875,1200
2016-09-02,1272.0505738102534,1274.7935400071487,1258.3357428257762,1259.021484375,2100
2016-09-05,1261.7645990517944,1272.7364651305058,1259.707374162036,1261.078857421875,2100
2016-09-06,1274.107808068274,1274.107808068274,1268.6218756331036,1269.3076171875,1000
2016-09-07,1269.3077680845297,1278.2224093514658,1266.564801540857,1274.793701171875,3800
2016-09-08,1278.2222174514075,1282.3366666492125,1277.53647591844,1278.907958984375,2800
2016-09-09,1281.651123046875,1284.3940896023526,1278.9081564913974,1281.651123046875,16800
2016-09-12,1276.1652078048223,1276.1652078048223,1272.0507579139953,1273.4222412109375,4000
2016-09-13,1273.42210513576,1286.451195064451,1273.42210513576,1285.0797119140625,7300
2016-09-14,1286.4514653120007,1289.1944321889985,1281.6512732772544,1287.13720703125,10100
2016-09-15,1298.7944700520834,1298.7944700520834,1285.765380859375,1285.765380859375,4000
2016-09-16,1296.05150390625,1296.05150390625,1280.9651901041668,1285.765380859375,1600
2016-09-20,1287.8228759765625,1296.051776142547,1287.8228759765625,1287.8228759765625,18500
2016-09-21,1289.1942196800596,1298.7946021670389,1287.1369948614213,1296.0516357421875,14400
2016-09-23,1298.794698435223,1301.537665063386,1289.194315236652,1293.9945068359375,12800
2016-09-26,1302.2231146430668,1302.2231146430668,1283.0223525524896,1296.7371826171875,25900
2016-09-27,1283.0225247036094,1299.4803229894922,1272.0506591796875,1272.0506591796875,23400
2016-09-28,1266.5646113909602,1278.907958984375,1261.7644206601876,1278.907958984375,25600
2016-09-29,1282.336722498001,1286.451171875,1272.0505990555039,1286.451171875,5400
2016-09-30,1287.8226984613518,1287.8226984613518,1269.3076756400224,1280.279541015625,4800
2016-10-03,1286.4512649307414,1286.4512649307414,1274.793657519322,1280.96533203125,3500
2016-10-04,1288.5084983756803,1291.9372064607674,1285.765531907611,1291.25146484375,7400
2016-10-05,1296.0516154722093,1301.5375482361128,1294.6801322812335,1300.851806640625,12300
2016-10-06,1302.9088561463016,1302.9088561463016,1294.679958107483,1296.7371826171875,4300
2016-10-07,1282.3368322535237,1301.53759765625,1282.3368322535237,1301.53759765625,3000
2016-10-11,1297.4230602675593,1297.4230602675593,1276.165071436537,1285.0797119140625,6900
2016-10-12,1272.050839139704,1272.050839139704,1235.7065294499982,1250.7928466796875,9000
2016-10-13,1278.2222242884588,1280.2794488983652,1248.735338213135,1260.3929443359375,4800
2016-10-14,1273.4221069136586,1273.4221069136586,1241.1922528345299,1259.707275390625,6600
2016-10-17,1259.0215199294598,1271.3648681640625,1259.0215199294598,1271.3648681640625,9500
2016-10-18,1284.3940896023526,1284.3940896023526,1279.5938981302668,1281.651123046875,2400
2016-10-19,1292.6229277111236,1303.5947934105284,1292.6229277111236,1296.0516357421875,11200
2016-10-20,1302.9091383596199,1312.509521484375,1296.737463493706,1312.509521484375,14200
2016-10-21,1323.481260487731,1367.3687219754072,1315.9381030445368,1363.2542724609375,17700
2016-10-24,1370.1116913347105,1385.1980062543118,1361.1970507004005,1366.6829833984375,9700
2016-10-25,1370.1117634731056,1394.7984619140625,1370.1117634731056,1394.7984619140625,15700
2016-10-26,1393.426915015244,1405.770263671875,1383.8265327267532,1405.770263671875,8400
2016-10-27,1419.485197751631,1501.77419472274,1385.1981156803354,1471.6015625,38700
2016-10-28,1460.629609082702,1461.3153506832102,1363.2543018105218,1397.5413818359375,25300
2016-10-31,1360.5113083034341,1365.3114994113596,1322.7955210268774,1337.8818359375,25000
2016-11-01,1338.5675870735806,1378.3405993944145,1329.65294638098,1376.9691162109375,8900
2016-11-02,1380.3976313543249,1380.3976313543249,1353.6537130121396,1355.7109375,5800
2016-11-04,1355.7111120180716,1363.9400110288036,1348.1679545915674,1359.8255615234375,8700
2016-11-07,1357.7683658494475,1370.7974562288107,1346.1107586679118,1365.3115234375,2800
2016-11-08,1346.7963995164441,1360.51123046875,1344.7391748735981,1360.51123046875,2700
2016-11-09,1369.4259353726552,1369.4259353726552,1289.194170506055,1295.3658447265625,12900
2016-11-10,1322.7954429052886,1339.2532400176406,1313.8808028027645,1331.7100830078125,5200
2016-11-11,1345.4249139347726,1348.8536216665125,1326.9098921833765,1331.7100830078125,5100
2016-11-14,1345.4249100612653,1371.4830887474673,1345.4249100612653,1353.65380859375,8100
2016-11-15,1359.8255400295375,1359.8255400295375,1322.7954950665546,1335.8245849609375,3600
2016-11-16,1351.5968251303404,1357.7685001309358,1333.7675417952878,1350.225341796875,6500
2016-11-17,1350.2251641777123,1350.2251641777123,1332.3958831880625,1342.6820068359375,8800
2016-11-18,1357.7683540239727,1357.7683540239727,1344.0535221651446,1351.5966796875,5600
2016-11-21,1363.2543015718938,1374.9119087784945,1362.5685599715055,1368.740234375,7500
2016-11-22,1368.739985045029,1405.770024720596,1368.739985045029,1387.2550048828125,10100
2016-11-24,1387.2552460593913,1396.169886790371,1379.0263469231022,1383.8265380859375,7700
2016-11-25,1390.6840093545927,1395.484200708381,1381.7693682689865,1391.3697509765625,5500
2016-11-28,1372.1689883431854,1396.1699451607824,1372.1689883431854,1394.7984619140625,6400
2016-11-29,1394.7983952380043,1402.341552734375,1377.6548554735255,1402.341552734375,4200
2016-11-30,1403.7130679175968,1415.3706752232144,1384.5123029436386,1411.2562255859375,6800
2016-12-01,1416.056358045976,1417.4278412014685,1392.741144402604,1400.2843017578125,5200
2016-12-02,1400.2844070828933,1400.2844070828933,1372.1690002805433,1379.712158203125,3700
2016-12-05,1379.712158203125,1396.1699573069398,1364.6258423579618,1379.712158203125,5500
2016-12-06,1379.712158203125,1389.3125410136836,1379.0264165737995,1379.712158203125,3300
2016-12-07,1379.7121377673818,1389.3125204357432,1378.3406545290445,1384.5123291015625,3200
2016-12-08,1388.626758390918,1389.9982416090818,1379.712117472853,1389.3125,2500
2016-12-09,1392.0554288756878,1414.6849013648,1392.0554288756878,1402.341552734375,5800
2016-12-12,1385.1980875293589,1405.7703363540522,1385.1980875293589,1405.0845947265625,2300
2016-12-13,1404.3987633365664,1417.4278534261146,1394.11263958166,1413.9991455078125,2700
2016-12-14,1413.9992621051872,1413.9992621051872,1376.9692135340522,1407.141845703125,1800
2016-12-15,1413.9990991849058,1420.8565147968598,1411.2561329401242,1416.7420654296875,2500
2016-12-16,1416.7420654296875,1421.542256358055,1406.4559420117564,1416.7420654296875,4000
2016-12-19,1395.4840998686561,1416.742088613584,1379.0263021306473,1415.37060546875,3300
2016-12-20,1411.9419380001907,1412.6276795922256,1349.5394531250001,1405.770263671875,4900
2016-12-21,1379.712051414074,1405.7702313115565,1379.712051414074,1396.8555908203125,3300
2016-12-22,1396.8556839523203,1409.884774769745,1383.1408515129258,1391.3697509765625,2200
2016-12-26,1395.4841248312114,1405.7702486014662,1355.7111129195603,1388.626708984375,6700
2016-12-27,1388.6267873038232,1398.912911654222,1385.1980791870237,1394.7984619140625,1400
2016-12-28,1380.3978533063616,1414.6849336170017,1380.3978533063616,1411.2562255859375,4100
2016-12-29,1398.913020864999,1415.3708211104695,1398.913020864999,1409.8848876953125,4200
2016-12-30,1409.884786118991,1411.9420110014603,1394.7984703142158,1405.0845947265625,2500
2017-01-04,1405.0845827611963,1427.714056275652,1405.0845827611963,1420.1708984375,5300
2017-01-05,1424.9710982442473,1430.45703125,1414.6849738584613,1430.45703125,2400
2017-01-06,1416.0565033105563,1429.7713362724019,1416.0565033105563,1427.714111328125,1800
2017-01-10,1429.771289624281,1430.45703125,1417.4279403613375,1430.45703125,3900
2017-01-11,1430.4568629214639,1435.9427952816613,1429.7711213764392,1433.1998291015625,3600
2017-01-12,1436.6287375382437,1440.0574457423922,1424.9711296441385,1439.3717041015625,5600
2017-01-13,1439.3716835826212,1445.5433582621083,1439.3716835826212,1444.171875,2200
2017-01-16,1453.7721472064618,1461.3153045740426,1444.1717651022682,1457.8865966796875,2200
2017-01-17,1457.886561008287,1471.6013922501334,1443.485988204348,1445.543212890625,3300
2017-01-18,1468.1728206645494,1468.1728206645494,1430.45703125,1430.45703125,2700
2017-01-19,1430.4570423789175,1444.8576166310543,1429.0855591168092,1444.171875,1500
2017-01-20,1429.0855016654696,1468.1727730641892,1429.0855016654696,1462.0010986328125,2400
2017-01-23,1446.9148621506893,1461.3154366081133,1435.942995897414,1439.3717041015625,2400
2017-01-24,1453.7720851581057,1453.7720851581057,1425.6566816243876,1443.4859619140625,2400
2017-01-25,1443.485988204348,1456.5150778841023,1428.3996738383169,1445.543212890625,3000
2017-01-26,1445.5433321166936,1508.6315610326023,1433.8857245996235,1442.1146240234375,19100
2017-01-27,1435.25708945924,1448.2861791389944,1420.170775093209,1445.543212890625,7900
2017-01-30,1443.4859484529632,1455.8292962307082,1443.4859484529632,1455.1435546875,4300
2017-01-31,1440.0573356019938,1453.08642578125,1428.3997285995015,1453.08642578125,3500
2017-02-01,1440.0574664084907,1446.229141264527,1431.8285666004422,1434.571533203125,3800
2017-02-02,1446.9148067313592,1446.9148067313592,1427.7140415235497,1431.8284912109375,2500
2017-02-03,1431.8285200978053,1438.6859363817987,1429.085553584208,1437.314453125,1900
2017-02-06,1427.7140824879837,1431.8285322934246,1422.2281494140625,1422.2281494140625,2100
2017-02-07,1418.7993861691673,1420.8566109920323,1408.5132620548427,1414.6849365234375,1800
2017-02-08,1422.2280708516193,1422.2280708516193,1414.684913291654,1416.056396484375,1600
2017-02-09,1417.42771130613,1422.9136434253603,1416.0562282763224,1418.7991943359375,2100
2017-02-10,1435.2572694571402,1435.2572694571402,1420.17095319911,1427.714111328125,2000
2017-02-13,1433.199910791201,1466.8012484126216,1427.7139781183162,1442.80029296875,5500
2017-02-14,1458.5723212360779,1477.7730852203797,1444.1717482478514,1466.115478515625,5300
2017-02-15,1466.1155858015516,1478.4589349804232,1466.1155858015516,1477.773193359375,5300
2017-02-16,1481.2017559109875,1490.1163961086,1477.0873065890125,1479.14453125,5100
2017-02-17,1453.7721393477125,1479.144577628781,1453.7721393477125,1476.401611328125,2800
2017-02-20,1446.914823178892,1488.0593205204718,1446.914823178892,1481.201904296875,1600
2017-02-21,1481.2020289044456,1484.6307373046875,1480.5162872243973,1484.6307373046875,900
2017-02-22,1479.1446245716675,1508.6315132395312,1477.0873997808865,1502.4598388671875,4800
2017-02-23,1501.7740400879568,1522.3462872124494,1470.2299278304015,1520.2890625,4700
2017-02-24,1520.288992714671,1549.77587890625,1520.288992714671,1549.77587890625,7900
2017-02-27,1549.775973696741,1549.775973696741,1518.9176025390625,1518.9176025390625,5300
2017-02-28,1542.918669521995,1542.918669521995,1507.945846346163,1534.0040283203125,3400
2017-03-01,1542.2329044861685,1542.2329044861685,1522.346397491905,1535.37548828125,2400
2017-03-02,1542.9184504917691,1543.604192025321,1519.6032383510046,1536.06103515625,4800
2017-03-03,1536.0611420711061,1542.9185578839235,1502.4598045883006,1518.9176025390625,11800
2017-03-06,1518.91775600358,1527.8323974609375,1518.91775600358,1527.8323974609375,700
2017-03-07,1543.6043585174984,1562.1193819204182,1528.5180431521562,1529.8895263671875,10200
2017-03-08,1512.7458457912687,1538.8040244585707,1512.7458457912687,1534.6895751953125,2500
2017-03-09,1534.6895389041385,1535.3752804317992,1520.9747083509292,1522.34619140625,1500
2017-03-10,1551.1473988401524,1551.1473988401524,1531.2608937268171,1536.746826171875,4800
2017-03-13,1536.7468816780915,1568.2909943765262,1536.061140097691,1544.2900390625,7100
2017-03-14,1541.5472178819446,1561.4337255859375,1536.0612847222224,1542.918701171875,7200
2017-03-15,1529.2036428443016,1536.0610582830652,1526.4606766687962,1534.6895751953125,1700
2017-03-16,1534.689873776366,1542.2330322265625,1534.689873776366,1542.2330322265625,2200
2017-03-17,1538.1184547632174,1540.175679624693,1520.2891726304294,1535.37548828125,2300
2017-03-21,1530.5753979296526,1540.17578125,1530.5753979296526,1540.17578125,1300
2017-03-22,1536.061124831612,1536.061124831612,1527.146484375,1527.146484375,1500
2017-03-23,1529.889671821988,1536.7470885491148,1528.5181884765625,1528.5181884765625,300
2017-03-24,1529.2036165583054,1532.63232421875,1529.2036165583054,1532.63232421875,1200
2017-03-27,1534.003807282928,1535.3752903471056,1532.63232421875,1532.63232421875,2200
2017-03-28,1532.63232421875,1532.63232421875,1518.9174935769715,1532.63232421875,3600
2017-03-29,1558.704978134162,1564.3422474945028,1550.9537327636938,1562.228271484375,2200
2017-03-30,1562.228033719744,1578.4351806640625,1561.5233751569474,1578.4351806640625,5200
2017-03-31,1566.4558945114547,1567.1605530335023,1564.3419189453125,1564.3419189453125,2800
2017-04-03,1557.2954409228382,1569.2746366222448,1553.7721480700716,1554.476806640625,2200
2017-04-04,1564.341996505028,1564.341996505028,1536.155654225658,1546.0208740234375,3300
2017-04-05,1530.518497660281,1530.518497660281,1502.3321533203125,1502.3321533203125,4200
2017-04-06,1537.5649512867647,1537.5649512867647,1497.3994140625,1497.3994140625,3200
2017-04-07,1498.104072610294,1498.8087311580882,1495.9900969669118,1497.3994140625,1000
2017-04-10,1495.9900969669118,1501.6273653492647,1486.8295358455882,1497.3994140625,2200
2017-04-11,1487.5342863329317,1488.943603515625,1486.829627741585,1488.943603515625,800
2017-04-12,1488.9436429850261,1488.9436429850261,1479.7830810546875,1479.7830810546875,2000
2017-04-13,1466.3945690894539,1482.6017171380158,1465.6899104786469,1468.508544921875,2500
2017-04-14,1483.3063194329013,1502.3321012023493,1483.3063194329013,1490.3529052734375,800
2017-04-17,1501.6276917114549,1501.6276917114549,1479.07861328125,1479.07861328125,700
2017-04-18,1493.8762136550522,1497.3995066117857,1488.943603515625,1488.943603515625,1100
2017-04-19,1501.6274271060906,1501.6274271060906,1491.76220703125,1491.76220703125,1100
2017-04-20,1491.7622295239419,1495.2855224609375,1489.6482537617444,1495.2855224609375,900
2017-04-21,1495.2855843622501,1505.150804994235,1474.14582586514,1489.6483154296875,4100
2017-04-24,1489.648377566143,1489.648377566143,1476.9645219388058,1484.0111083984375,1400
2017-04-25,1484.0110533200364,1496.6949084766177,1479.7831016011758,1494.5809326171875,1300
2017-04-26,1497.3995286591198,1648.9011280293366,1494.580894252232,1553.772216796875,17800
2017-04-27,1522.0626150446828,1582.6632561992396,1522.0626150446828,1567.1607666015625,5200
2017-04-28,1567.1607734410018,1575.61667689482,1565.046797577547,1572.0933837890625,5500
2017-05-01,1574.2073886988687,1582.6632923087104,1536.8604810887346,1580.54931640625,4900
2017-05-02,1578.4351044930618,1580.5490800794364,1541.0882024671098,1574.2071533203125,3300
2017-05-08,1572.0934127964083,1590.4145372843986,1572.0934127964083,1580.54931640625,5600
2017-05-09,1589.7096177268932,1589.7096177268932,1550.953399209615,1581.9583740234375,4300
2017-05-10,1581.9585281886411,1581.9585281886411,1550.9535503533182,1567.8653564453125,2500
2017-05-11,1581.9585437577316,1581.9585437577316,1553.7721999936741,1566.4560546875,3000
2017-05-12,1558.7049691062302,1569.2748490956487,1558.7049691062302,1568.5701904296875,2900
2017-05-15,1565.0467614282536,1565.0467614282536,1557.2955167746243,1558.704833984375,1700
2017-05-16,1558.7047580639448,1558.7047580639448,1554.476806640625,1554.476806640625,1700
2017-05-17,1554.4768220378785,1554.4768220378785,1553.0675048828125,1553.0675048828125,700
2017-05-18,1550.2488245899322,1558.0000687128818,1543.2022390236143,1557.29541015625,2600
2017-05-19,1557.2955167746243,1568.5700544526305,1550.9535893307457,1558.704833984375,1600
2017-05-22,1589.709710346227,1589.709710346227,1565.0466607619549,1573.5025634765625,2400
2017-05-23,1574.2071533203125,1574.2071533203125,1566.4559095036054,1574.2071533203125,1700
2017-05-24,1573.5028579101563,1585.4820556640625,1573.5028579101563,1585.4820556640625,500
2017-05-25,1589.7100078125002,1590.4146665039063,1582.6634208984376,1585.4820556640625,1800
2017-05-26,1582.6632009747307,1585.481835348684,1577.7305908203125,1577.7305908203125,400
2017-05-29,1584.7771767551956,1585.481835348684,1577.0259322268244,1577.7305908203125,1700
2017-05-30,1577.730522101266,1584.7771077292305,1575.6165464128767,1578.4351806640625,1500
2017-05-31,1562.2282624360364,1571.3888250935324,1562.2282624360364,1568.5701904296875,1700
2017-06-01,1568.5700544526305,1579.8445921306368,1558.704833984375,1558.704833984375,1900
2017-06-02,1558.7049228025594,1572.798095703125,1558.7049228025594,1572.798095703125,2300
2017-06-05,1572.7980355461723,1574.912011400401,1562.932814893105,1567.1607666015625,1800
2017-06-06,1577.0258186981284,1577.0258186981284,1560.114013671875,1560.114013671875,2200
2017-06-07,1560.1143045840056,1563.6375979547915,1553.7723765165908,1555.8863525390625,2300
2017-06-08,1555.8862837398144,1569.2747979567782,1553.0676491678219,1556.5909423828125,1500
2017-06-09,1552.3631185263073,1570.6842447549427,1552.3631185263073,1561.523681640625,2600
2017-06-12,1571.38849657475,1577.0257647238973,1553.7720336086654,1559.4093017578125,1400
2017-06-13,1559.4093092909804,1574.9117967760242,1559.4093092909804,1564.3419189453125,1200
2017-06-14,1564.3421874557916,1572.7980911717689,1553.77230781082,1556.5909423828125,1800
2017-06-15,1560.818695608616,1560.818695608616,1551.6581344154279,1552.36279296875,1800
2017-06-16,1555.1815478757676,1563.637451171875,1553.7722306597495,1563.637451171875,700
2017-06-19,1550.9535056499542,1562.2280427196495,1550.9535056499542,1560.8187255859375,1200
2017-06-20,1560.818861237873,1571.3887406593485,1551.6582990725944,1570.68408203125,2100
2017-06-21,1557.2957075197519,1569.9795639610893,1557.2957075197519,1558.0003662109375,800
2017-06-22,1558.705024902123,1570.6842226522747,1557.2957075197519,1558.0003662109375,1300
2017-06-23,1579.8446821534078,1579.8446821534078,1558.000264157531,1572.798095703125,1100
2017-06-26,1585.4818906715448,1585.4818906715448,1565.0467907473337,1567.1607666015625,1000
2017-06-27,1572.798095703125,1574.91207163821,1572.798095703125,1572.798095703125,1200
2017-06-28,1572.7978668897142,1575.6165010597674,1571.3885498046877,1571.3885498046875,1600
2017-06-29,1571.3887895757816,1573.5027655258834,1551.65834737483,1555.181640625,2900
2017-06-30,1557.295583477457,1569.2747802734375,1557.295583477457,1569.2747802734375,1500
2017-07-03,1571.3887671142356,1572.0934257541971,1551.6583251953125,1551.6583251953125,3700
2017-07-04,1552.3627240705061,1577.0257723421664,1552.3627240705061,1564.3419189453125,2100
2017-07-05,1564.3419189453125,1575.6164552980715,1564.3419189453125,1564.3419189453125,1500
2017-07-06,1564.3420635094803,1567.8653564453125,1561.5234291608147,1567.8653564453125,1100
2017-07-07,1553.772216796875,1559.4094856106503,1553.772216796875,1553.772216796875,2200
2017-07-10,1553.772414063825,1566.4562705051624,1553.772414063825,1558.0003662109375,1100
2017-07-11,1558.0000994933916,1564.3420266283715,1554.476806640625,1554.476806640625,1000
2017-07-12,1562.9329211019976,1575.6167770892998,1562.2282624360364,1568.5701904296875,5100
2017-07-13,1574.9117888384778,1589.0049592083972,1572.79781328299,1581.9583740234375,4200
2017-07-14,1591.1191111672488,1591.1191111672488,1582.6632080078125,1582.6632080078125,2200
2017-07-17,1582.6632080078125,1582.6632080078125,1582.6632080078125,1582.6632080078125,0
2017-07-18,1582.6633833175135,1585.482018016209,1578.4354312694702,1583.3680419921875,3000
2017-07-19,1583.3678820604948,1585.4818578709894,1578.4352718360071,1581.25390625,1500
2017-07-20,1578.4350814309578,1586.1863251344134,1576.3211058754698,1581.9583740234375,1500
2017-07-21,1585.4816897809771,1586.1863483097688,1566.4559095036054,1574.2071533203125,3300
2017-07-24,1581.9584734780447,1585.481766292027,1574.9118878500801,1578.4351806640625,2200
2017-07-25,1578.4351733934168,1581.2538076316193,1573.5025634765623,1573.5025634765625,4000
2017-07-26,1574.9120473330222,1586.1865854794778,1573.5027300647153,1580.54931640625,5100
2017-07-27,1586.1865440691022,1617.191523162412,1585.481885453345,1600.984375,6000
2017-07-28,1636.2172372659763,1832.1123242426952,1600.9843079536167,1724.299560546875,52500
2017-07-31,1724.2996415041093,1724.2996415041093,1694.7039794921875,1694.7039794921875,9300
2017-08-01,1691.1806571249476,1691.1806571249476,1638.331261589793,1686.248046875,7400
2017-08-02,1683.4295772546036,1683.4295772546036,1642.5593740395484,1665.8131103515625,6300
2017-08-03,1691.1808226919416,1691.1808226919416,1662.994475647076,1665.8131103515625,6500
2017-08-04,1657.3568571060014,1669.3360520765805,1657.3568571060014,1664.4034423828125,3500
2017-08-07,1665.1082525598772,1677.7921072133167,1662.994276784304,1672.8594970703125,5100
2017-08-08,1674.2686617703482,1674.2686617703482,1653.8335644675958,1664.4034423828125,3700
2017-08-09,1667.9270760112065,1667.9270760112065,1639.740729141562,1644.67333984375,4100
2017-08-10,1642.559058784726,1654.538253979638,1642.559058784726,1650.310302734375,2300
2017-08-11,1650.310302734375,1650.310302734375,1650.310302734375,1650.310302734375,0
2017-08-14,1633.3987527289426,1633.3987527289426,1613.6683105044342,1621.4195556640625,8800
2017-08-15,1628.466064453125,1631.2846989221048,1615.0775507254705,1628.466064453125,4700
2017-08-16,1626.352179442832,1636.217400635293,1626.352179442832,1631.2847900390625,3200
2017-08-17,1631.2846511206399,1647.491798842357,1631.2846511206399,1643.968505859375,2600
2017-08-18,1643.9685298318395,1643.9685298318395,1631.2846749081477,1636.21728515625,2700
2017-08-21,1648.1965887755823,1648.1965887755823,1634.8080743733865,1637.626708984375,2500
2017-08-22,1645.3778626014448,1646.0825212149787,1632.6940075578361,1634.8079833984375,2000
2017-08-23,1643.96871523581,1643.96871523581,1629.1708828226285,1630.5802001953125,2000
2017-08-24,1641.1498714729894,1643.968505859375,1628.4660167342545,1643.968505859375,4200
2017-08-25,1648.1964039614434,1648.1964039614434,1638.3311839291816,1643.2637939453125,1100
2017-08-28,1650.3106168346244,1677.0876464843748,1649.605958159631,1677.087646484375,3400
2017-08-29,1677.0873869696552,1682.0199969313305,1672.1547770079796,1678.4967041015625,2700
2017-08-30,1691.1806795376356,1695.4086312364798,1684.1340933728954,1689.7713623046875,3400
2017-08-31,1712.320420058457,1816.6098942019353,1700.3412237041387,1813.791259765625,23900
2017-09-01,1829.9986255416454,1829.9986255416454,1795.4703495880294,1805.3355712890625,7600
2017-09-04,1804.6306714446175,1804.6306714446175,1779.2629618889728,1782.7862548828125,3900
2017-09-05,1782.7861521602456,1782.7861521602456,1723.5948332742928,1725.004150390625,7300
2017-09-06,1722.8900603937277,1736.2785721104888,1719.3667678366853,1729.9366455078125,5200
2017-09-07,1744.7346653988486,1751.0765926963404,1732.050810803865,1740.5067138671875,5700
2017-09-08,1727.1182090018349,1740.506722249911,1726.4135504098308,1734.164794921875,15100
2017-09-11,1744.7348340115125,1779.2631081902541,1744.7348340115125,1775.03515625,6500
2017-09-12,1810.2682292621835,1810.2682292621835,1787.0144917901507,1801.107666015625,11200
2017-09-13,1785.604720261238,1810.9724274156993,1785.604720261238,1809.5631103515625,9800
2017-09-14,1804.6305988573574,1817.314453125,1800.40264743481,1817.314453125,4300
2017-09-15,1819.4281849297026,1842.681914636395,1811.6769416941383,1828.5887451171875,19700
2017-09-18,1828.5887451171875,1828.5887451171875,1828.5887451171875,1828.5887451171875,0
2017-09-19,1846.2054566986471,1902.5781423993692,1810.267869564437,1878.6197509765625,25300
2017-09-20,1878.6200041679408,1899.0551054885973,1837.0451428603983,1872.278076171875,11500
2017-09-21,1872.2779472379866,1887.780436827462,1867.3453369140627,1867.3453369140625,14500
2017-09-22,1867.3450774916337,1891.3034671651112,1860.298492293552,1868.75439453125,25800
2017-09-25,1884.961913391784,1942.7439234471583,1868.7547642299107,1923.7181396484375,31700
2017-09-26,1911.738849421561,1990.6606154131625,1911.738849421561,1982.2047119140625,44400
2017-09-27,1982.2047655181257,2080.8569756754446,1965.9976167065663,2060.421875,50600
2017-09-28,2078.743138662517,2086.4943842643097,2048.4428149464193,2059.0126953125,13100
2017-09-29,2051.965800876835,2163.3018573804547,2034.3493362401866,2159.778564453125,21500
2017-10-02,2156.2552811472037,2156.2552811472037,2082.9707879317434,2142.162109375,10800
2017-10-03,2142.1618884509508,2142.1618884509508,2085.789207175926,2111.861572265625,10400
2017-10-04,2090.7219975171593,2121.0223163217556,2090.7219975171593,2117.4990234375,7300
2017-10-05,2117.4991472639263,2117.4991472639263,2099.882681812479,2106.224609375,2800
2017-10-06,2085.0847827720004,2106.92919921875,2070.9916108708717,2106.92919921875,7800
2017-10-09,2106.92919921875,2106.92919921875,2106.92919921875,2106.92919921875,0
2017-10-10,2075.9241409897604,2092.1312880511196,2062.5356281999416,2075.219482421875,6100
2017-10-11,2075.219713235137,2078.0383478201766,2051.9659779085637,2065.3544921875,6800
2017-10-12,2053.375006117984,2087.903274923674,2053.375006117984,2080.856689453125,7200
2017-10-13,2066.7638553901006,2099.8828125,2060.421927432886,2099.8828125,11600
2017-10-16,2099.8829003906253,2121.0226611328126,2099.8829003906253,2113.97607421875,7800
2017-10-17,2095.6544648450663,2104.1103671914484,2084.379928383223,2091.426513671875,3800
2017-10-18,2091.426545313566,2091.426545313566,2063.2402037325205,2066.058837890625,4000
2017-10-19,2052.6701892314513,2069.581993056221,2040.6909948555726,2067.468017578125,5700
2017-10-20,2066.7638489241717,2094.9501953125,2046.3287477926337,2094.9501953125,9300
2017-10-23,2094.950265753074,2149.208984375,2094.950265753074,2149.208984375,13300
2017-10-24,2149.2086578174763,2212.6279296875,2135.1154862908043,2212.6279296875,14500
2017-10-25,2212.6281062321864,2219.674692557767,2152.732122464755,2163.302001953125,9000
2017-10-26,2113.9754139741517,2431.0717260702745,2106.9288292609044,2180.91796875,103300
2017-10-27,2184.441568500196,2307.7568183348844,2177.3949827953566,2247.86083984375,37000
2017-10-30,2244.3377227783203,2244.3377227783203,2156.25539456881,2198.534912109375,21900
2017-10-31,2223.197825066618,2272.52392578125,2212.627946342054,2272.52392578125,26400
2017-11-01,2279.570318295623,2374.69921875,2279.570318295623,2374.69921875,35200
2017-11-02,2388.7925625887783,2434.595369836056,2307.7568266897492,2325.373291015625,15700
2017-11-03,2325.373291015625,2325.373291015625,2325.373291015625,2325.373291015625,0
2017-11-06,2328.8967418389334,2416.979069442524,2328.8967418389334,2388.792724609375,8400
2017-11-07,2364.129256857965,2385.2690117628053,2332.4196245007047,2342.989501953125,8800
2017-11-08,2342.9896061810327,2434.59521484375,2328.896435617538,2434.59521484375,11900
2017-11-09,2455.735146859976,2455.735146859976,2258.4307448167065,2290.140380859375,13600
2017-11-10,2261.9538865395643,2335.9430323609517,2261.9538865395643,2304.2333984375,8400
2017-11-13,2261.954047056686,2293.663683230378,2261.954047056686,2272.52392578125,7200
2017-11-14,2254.907627279635,2353.5598359731193,2244.3377477767617,2318.326904296875,10800
2017-11-15,2318.3268249229586,2321.8501179699538,2244.3376709360555,2286.6171875,12900
2017-11-16,2304.2338291892947,2424.025801960604,2290.1406559220823,2392.316162109375,10400
2017-11-17,2424.0255569625688,2582.573740194132,2424.0255569625688,2564.957275390625,33900
2017-11-20,2543.8175924661273,2543.8175924661273,2515.631247951267,2519.154541015625,10900
2017-11-21,2515.6310672571167,2533.2475313135387,2480.3981391442717,2490.968017578125,9900
2017-11-22,2498.015124067205,2533.248059526545,2494.491830521271,2515.631591796875,10800
2017-11-23,2515.631591796875,2515.631591796875,2515.631591796875,2515.631591796875,0
2017-11-24,2533.2472474145106,2589.6199260774206,2483.9211535844647,2579.050048828125,15200
2017-11-27,2579.0506823575947,2582.573975639504,2501.5382301555906,2505.0615234375,9800
2017-11-28,2554.387436344125,2554.387436344125,2483.921576031184,2494.491455078125,11700
2017-11-29,2540.2944692868236,2540.2944692868236,2409.9326171875,2409.9326171875,6900
2017-11-30,2434.5956142819778,2459.2586668145013,2374.699629560135,2420.50244140625,11700
2017-12-01,2416.978614706889,2473.3512937671076,2406.4087373830976,2413.455322265625,9300
2017-12-04,2441.6423891129034,2441.6423891129034,2286.6174755184334,2293.6640625,16900
2017-12-05,2290.1402528670283,2290.1402528670283,2187.9647646621916,2251.384033203125,20000
2017-12-06,2244.3374929919073,2283.0937134360374,2244.3374929919073,2258.4306640625,14400
2017-12-07,2272.5240153120185,2311.280238828968,2272.5240153120185,2286.6171875,4900
2017-12-08,2265.4773123076466,2325.373291015625,2265.4773123076466,2325.373291015625,10700
2017-12-11,2335.943249894899,2367.6528867713005,2325.3733709360986,2357.0830078125,7000
2017-12-12,2350.0366423077367,2399.3627487429812,2350.0366423077367,2392.316162109375,16100
2017-12-13,2441.642322092138,2480.398549426934,2438.119028698066,2459.2587890625,16800
2017-12-14,2466.3049678991338,2490.968017578125,2441.6419182201425,2490.968017578125,7700
2017-12-15,2490.9682275390624,2490.9682275390624,2431.0722446986606,2466.30517578125,7800
2017-12-18,2469.82825187083,2533.2475222469716,2469.82825187083,2508.58447265625,7500
2017-12-19,2536.770714630084,2550.863885266918,2512.107666015625,2512.107666015625,8000
2017-12-20,2505.06160318544,2515.6314833676574,2452.212202274355,2459.2587890625,4900
2017-12-21,2466.304832382311,2476.8747102353777,2434.59519882311,2469.828125,4900
2017-12-22,2469.8282787700637,2469.8282787700637,2434.595350399592,2455.735107421875,3200
2017-12-25,2455.735532076432,2459.2588255227397,2392.3162500428944,2406.409423828125,9200
2017-12-26,2406.408798150157,2434.595138392033,2385.26904296875,2385.26904296875,7500
2017-12-27,2424.025891059663,2424.025891059663,2395.839543489202,2406.409423828125,3000
2017-12-28,2406.409035064608,2427.5487923272544,2381.7459849248535,2402.8857421875,2600
2017-12-29,2434.5956702873723,2434.5956702873723,2385.2695640876277,2409.9326171875,2700
2018-01-01,2409.9326171875,2409.9326171875,2409.9326171875,2409.9326171875,0
2018-01-02,2409.9326171875,2409.9326171875,2409.9326171875,2409.9326171875,0
2018-01-03,2409.9326171875,2409.9326171875,2409.9326171875,2409.9326171875,0
2018-01-04,2466.30517578125,2473.351761997768,2420.502365373884,2466.30517578125,10100
2018-01-05,2455.7352964564734,2476.8750551060266,2441.6421240234376,2466.30517578125,8100
2018-01-08,2466.30517578125,2466.30517578125,2466.30517578125,2466.30517578125,0
2018-01-09,2519.1546630859375,2519.1546630859375,2466.3052645596595,2480.3984375,5900
2018-01-10,2501.5377667306484,2501.5377667306484,2438.1184994050827,2452.211669921875,2700
2018-01-11,2452.211661911555,2469.828125,2452.211661911555,2469.828125,1700
2018-01-12,2462.782118969047,2462.782118969047,2395.839543489202,2406.409423828125,10200
2018-01-15,2448.688377292677,2459.258255180271,2427.5486215174883,2452.211669921875,5500
2018-01-16,2462.781539764622,2476.8747102353777,2445.165076676177,2469.828125,7900
2018-01-17,2466.304940422662,2466.304940422662,2441.641891018435,2448.6884765625,4100
2018-01-18,2476.875132909161,2476.875132909161,2416.979148187318,2420.50244140625,5900
2018-01-19,2431.0724779522784,2431.0724779522784,2402.886130381817,2406.409423828125,3300
2018-01-22,2409.932309542088,2445.165238044165,2409.932309542088,2438.11865234375,9400
2018-01-23,2452.21185957618,2476.8749098880094,2452.21185957618,2462.78173828125,4600
2018-01-24,2462.7818826729913,2473.351761997768,2452.2120033482142,2466.30517578125,4700
2018-01-25,2459.2584806015407,2494.4914101230524,2445.165308792936,2487.44482421875,9300
2018-01-26,2536.770931705014,2631.8998416439517,2487.444830255194,2564.957275390625,31200
2018-01-29,2554.38720703125,2688.2723296066806,2543.8173289331894,2554.38720703125,15100
2018-01-30,2568.48038897031,2624.853072404501,2300.7101426579047,2328.896484375,88300
2018-01-31,2254.907416407465,2286.617051950695,2254.907416407465,2265.477294921875,37900
2018-02-01,2272.523826386537,2283.0937046488,2258.4306553701867,2276.047119140625,23300
2018-02-02,2304.23383289247,2304.23383289247,2226.721379798228,2237.291259765625,27400
2018-02-05,2156.2552083333335,2202.058015046296,2156.2552083333335,2187.96484375,20100
2018-02-06,2043.5100428263345,2061.1265087127686,2008.2771110534668,2029.4168701171875,57800
2018-02-07,2117.499199549357,2117.499199549357,2029.4168701171875,2029.4168701171875,25800
2018-02-08,2051.9661584051723,2063.240697737069,2039.9869603650322,2043.51025390625,14800
2018-02-09,2008.9820849713117,2015.3240136857073,1984.3190288597734,1989.956298828125,18900
2018-02-12,1989.956298828125,1989.956298828125,1989.956298828125,1989.956298828125,0
2018-02-13,2008.277222034028,2008.277222034028,1941.334647966227,1942.039306640625,24800
2018-02-14,1942.03888794535,1970.225228844412,1883.5522305797972,1896.236083984375,10500
2018-02-15,1915.2620069320278,1941.3343742081445,1911.0340554818467,1933.5831298828125,6800
2018-02-16,1938.5158173478076,1973.0440889036208,1916.6714006492318,1926.53662109375,11500
2018-02-19,1961.769460529819,1986.4325105005603,1960.3601433886338,1985.023193359375,11900
2018-02-20,1987.137046270347,2015.3233873521958,1987.137046270347,2007.5721435546875,3600
2018-02-21,2007.572315160779,2050.55648898486,2007.572315160779,2042.1005859375,13300
2018-02-22,2030.8261323233753,2042.1006701849901,2030.1214737070245,2039.9866943359375,6100
2018-02-23,2040.6911839539766,2059.7169650198457,2039.9865253959813,2055.489013671875,6800
2018-02-26,2089.312515913111,2097.7684181697578,2048.4423216726523,2054.07958984375,11000
2018-02-27,2059.012312087703,2086.4939959246026,2058.3076535277823,2082.970703125,10400
2018-02-28,2071.69613564981,2092.131233586492,2066.7635258030245,2085.789306640625,5800
2018-03-01,2078.7429164832747,2078.7429164832747,2043.5099856954225,2051.26123046875,11200
2018-03-02,2028.711875778346,2042.8050461554099,2012.5047298447225,2037.8724365234375,7500
2018-03-05,2020.9608857774683,2020.9608857774683,2000.525786165353,2008.981689453125,9700
2018-03-06,2043.5099699059313,2096.3593656793605,1993.4792085737515,2002.6397705078125,12800
2018-03-07,2002.6398972697953,2024.4843155721753,1977.9768443477535,1980.0908203125,8100
2018-03-08,1988.546489259576,1988.546489259576,1937.8110720991617,1951.1995849609375,12600
2018-03-09,1951.1993177665126,1970.2250965963053,1939.220123688495,1947.676025390625,8300
2018-03-12,1982.9092962031978,1982.9092962031978,1958.9509038539052,1966.7021484375,4700
2018-03-13,1966.7023407554154,1995.5933461194327,1955.4278020767745,1993.4793701171875,6600
2018-03-14,1979.3862240210674,1985.7281521151185,1969.5210025414324,1974.45361328125,6800
2018-03-15,1966.7020417299266,1971.6346516518577,1954.722846205237,1965.292724609375,8400
2018-03-16,1983.6140241725473,1985.7280000420028,1965.9975585937502,1965.99755859375,2800
2018-03-19,1973.0443023540404,1994.1840627364052,1965.997715559919,1979.38623046875,8100
2018-03-20,1989.2515464567227,1989.2515464567227,1961.7698566544511,1970.930419921875,3000
2018-03-21,1970.930419921875,1970.930419921875,1970.930419921875,1970.930419921875,0
2018-03-22,1973.7486562298934,1988.546486212338,1973.7486562298934,1985.023193359375,2500
2018-03-23,1955.4275925095017,1961.7695198365593,1920.1946629147358,1929.355224609375,12400
2018-03-26,1946.971645646578,1983.6138916015625,1935.69710842966,1983.6138916015625,9900
2018-03-27,1983.6134769951327,2028.0069580078125,1983.6134769951327,2028.0069580078125,4900
2018-03-28,2063.52295626292,2075.119853804264,2025.8330392535515,2059.89892578125,5200
2018-03-29,2058.4493765958036,2080.1935601513933,2025.1082951438998,2040.3292236328125,3600
2018-03-30,2059.1739499341998,2059.1739499341998,2028.7320963976856,2033.0809326171875,2500
2018-04-02,2057.724433420907,2059.898851631637,2043.9531180862832,2047.5771484375,2500
2018-04-03,2034.5307011198709,2035.255507212183,2028.0074462890627,2028.0074462890625,4200
2018-04-04,2037.4302505438861,2043.9535064154247,2030.9069946723475,2036.7054443359375,2500
2018-04-05,2038.8797584568724,2052.6510757020487,2037.430146115275,2051.92626953125,3800
2018-04-06,2044.677746918566,2044.677746918566,2007.7126405403856,2024.3831787109375,4900
2018-04-09,2011.336649444712,2011.336649444712,1988.8676634509152,2009.1622314453125,9500
2018-04-10,2007.7129321412992,2010.6121565920448,1996.116034338317,1999.0152587890625,2000
2018-04-11,2000.4647350862538,2009.1624078474983,1999.0151229593796,2006.26318359375,3000
2018-04-12,2006.2634848131372,2006.2634848131372,1989.5929428511783,1990.3177490234375,1200
2018-04-13,1990.317679761804,2000.4649658203127,1990.317679761804,2000.4649658203125,1600
2018-04-16,2000.4649401962236,2012.0618384002596,1985.9688174411783,1988.8680419921875,4300
2018-04-17,1989.5925496863485,1996.1158039476154,1989.5925496863485,1991.7669677734375,4900
2018-04-18,1993.2169588972072,2003.3642452334113,1993.2169588972072,1997.5657958984375,2700
2018-04-19,1998.290127567893,2007.7126054998419,1995.3909035888319,2003.36376953125,2500
2018-04-20,2013.5113941118152,2013.5113941118152,1996.1160472944346,2004.813720703125,1500
2018-04-23,1998.2907714843752,1999.0155777126974,1997.565965256053,1998.290771484375,2700
2018-04-24,1998.290364142487,2012.7864857539669,1994.6663337396171,2006.988037109375,2100
2018-04-25,2006.263489942008,2006.263489942008,1993.941784982104,1999.740234375,3700
2018-04-26,2009.8874652336847,2051.201416015625,2009.1626590796157,2051.201416015625,6800
2018-04-27,2051.926072804941,2116.433815821416,2051.2012667036324,2052.65087890625,14900
2018-04-30,2052.65087890625,2052.65087890625,2052.65087890625,2052.65087890625,0
2018-05-01,2058.4491313468156,2107.7359415339934,2058.4491313468156,2105.5615234375,11300
2018-05-02,2096.864119903554,2122.232334281924,2080.918385151436,2117.15869140625,6700
2018-05-03,2117.15869140625,2117.15869140625,2117.15869140625,2117.15869140625,0
2018-05-04,2117.15869140625,2117.15869140625,2117.15869140625,2117.15869140625,0
2018-05-07,2123.681816432787,2134.5539076431937,2120.057786029318,2133.8291015625,13400
2018-05-08,2138.178120634736,2142.526957490264,2125.856416210739,2140.3525390625,9100
2018-05-09,2149.0501293609077,2196.1625268005228,2149.0501293609077,2157.747802734375,20700
2018-05-10,2157.748243762601,2157.748243762601,2112.08544921875,2112.08544921875,6300
2018-05-11,2113.5346649914254,2140.3524916734154,2113.5346649914254,2139.627685546875,4300
2018-05-14,2139.6277040237132,2160.647081874895,2128.0308058989235,2154.8486328125,3200
2018-05-15,2154.849018712198,2159.9226625504034,2103.3877740675402,2112.08544921875,6600
2018-05-16,2112.809865981957,2142.526917270211,2112.809865981957,2136.003662109375,4600
2018-05-17,2136.003647743305,2148.3253518531237,2123.6819436334863,2143.251708984375,2800
2018-05-18,2138.178109552496,2138.178109552496,2107.011445582748,2121.507568359375,4000
2018-05-21,2121.5074190743426,2130.205092128286,2110.6353277569137,2122.95703125,3200
2018-05-22,2117.883899319557,2129.4807995211695,2107.0118053805445,2112.08544921875,2700
2018-05-23,2109.1855260862862,2113.5343622225464,2089.6157634731144,2093.964599609375,6400
2018-05-24,2084.542495120595,2101.9378427850224,2063.5231166927447,2077.29443359375,10300
2018-05-25,2077.294210262024,2086.7166892339037,2063.522894841585,2066.422119140625,6800
2018-05-28,2070.771149210358,2091.79052734375,2070.771149210358,2091.79052734375,1900
2018-05-29,2091.7901815412447,2109.1855260862862,2091.0653755185344,2093.964599609375,7900
2018-05-30,2067.147078789605,2087.441650390625,2051.92615008884,2087.441650390625,10300
2018-05-31,2087.4413379111265,2096.863816172531,2068.5963813883177,2071.49560546875,3200
2018-06-01,2072.2211285854337,2072.2211285854337,2052.651359270356,2056.275390625,6000
2018-06-04,2062.073522183901,2097.589023971954,2059.174297548141,2092.515380859375,3700
2018-06-05,2092.5152386415352,2094.6896569705705,2082.367953106038,2090.3408203125,3800
2018-06-06,2084.542498503301,2099.763427734375,2083.81769234944,2099.763427734375,4300
2018-06-07,2099.763075180185,2120.7824501129517,2099.763075180185,2105.5615234375,2600
2018-06-08,2085.991720104185,2104.1118705567924,2085.991720104185,2101.212646484375,4000
2018-06-11,2101.9376087320625,2103.387220876016,2096.13916015625,2096.13916015625,3500
2018-06-12,2101.937649281293,2101.937649281293,2091.7903640778663,2100.488037109375,3400
2018-06-13,2101.9375811566365,2128.7554054679454,2101.9375811566365,2110.63525390625,4700
2018-06-14,2110.63525390625,2111.360059968718,2105.5616114689756,2110.63525390625,3300
2018-06-15,2145.426207949259,2146.1510141005933,2103.387451171875,2103.387451171875,5100
2018-06-18,2125.1312727808745,2130.9297210012865,2109.910346202294,2112.8095703125,3900
2018-06-19,2116.433730171594,2116.433730171594,2089.615905508461,2096.13916015625,4800
2018-06-20,2105.5618513875934,2112.0851066930973,2069.3215441347947,2088.16650390625,8800
2018-06-21,2088.1663546104046,2107.736119127753,2087.44154851717,2089.615966796875,4100
2018-06-22,2075.8449799956747,2096.139553822448,2075.8449799956747,2094.68994140625,3300
2018-06-25,2109.185889486809,2109.185889486809,2075.8448066976707,2084.54248046875,3600
2018-06-26,2030.9069842316007,2085.992255752515,2029.4573718231557,2053.3759765625,11400
2018-06-27,2051.925821564814,2054.8250456150645,2024.383193087434,2043.2281494140625,8100
2018-06-28,2036.7052202872267,2038.879638671875,2018.5850670818243,2038.879638671875,3900
2018-06-29,2028.732489159564,2031.6317138671875,2005.5386914985759,2031.6317138671875,5200
2018-07-02,2031.631127753094,2043.9528292057528,2004.0885009765625,2004.0885009765625,3800
2018-07-03,2004.813877593784,2023.658838120696,1993.216978807992,1999.740234375,4900
2018-07-04,1999.7400518465909,2007.7129190340909,1989.5927663352272,1993.216796875,8300
2018-07-05,1993.2169135487077,1993.941719699089,1983.79443359375,1983.79443359375,4100
2018-07-06,1994.6665712309507,1997.5657958984375,1983.0696725610032,1997.5657958984375,7900
2018-07-09,1993.2164994497145,2014.9606794437116,1993.2164994497145,2009.1622314453125,3600
2018-07-10,1993.9412915993014,2009.1622174893723,1993.9412915993014,2003.36376953125,4900
2018-07-11,2000.4649750525211,2000.4649750525211,1983.79443359375,1983.79443359375,9100
2018-07-12,1987.4183551058743,1992.4919978796677,1983.7943245531649,1989.5927734375,2900
2018-07-13,1991.0425775975634,1992.4921899583915,1975.096841628453,1979.4456787109375,3100
2018-07-16,1979.4456787109375,1979.4456787109375,1979.4456787109375,1979.4456787109375,0
2018-07-17,1980.1704028418433,1996.116138150233,1980.1704028418433,1983.79443359375,2300
2018-07-18,1993.2170672888922,2027.282958984375,1993.2170672888922,2027.282958984375,22000
2018-07-19,2027.282954292736,2028.732566701955,2017.8604736328127,2017.8604736328125,2700
2018-07-20,2017.8600668196545,2027.2825455799475,2001.189527474521,2013.51123046875,2400
2018-07-23,2013.5112101456925,2033.080973527238,1998.290283071157,2011.3367919921875,3500
2018-07-24,2011.3366705774622,2024.3831787109375,2011.3366705774622,2024.3831787109375,1100
2018-07-25,2046.85231582822,2046.85231582822,2022.9337158203125,2022.9337158203125,2700
2018-07-26,2041.778754157574,2044.6779785156252,2033.8058871729331,2044.677978515625,6100
2018-07-27,2080.9184643571725,2101.9378427850224,2044.678156722948,2077.29443359375,18200
2018-07-30,2087.441413043478,2091.0654432744564,2059.1739772418478,2083.8173828125,9100
2018-07-31,2066.4220039751276,2083.0925427655266,2064.972391906397,2075.844482421875,5700
2018-08-01,2075.8446247166025,2097.5888072380753,2075.8446247166025,2078.01904296875,4100
2018-08-02,2078.743849052799,2099.0384194061735,2078.01904296875,2078.01904296875,4700
2018-08-03,2078.019427625677,2078.019427625677,2053.376016206328,2057.724853515625,4600
2018-08-06,2036.7052822140247,2047.5773744678363,2032.3564453125002,2032.3564453125,4400
2018-08-07,2031.6314084743537,2047.5771419693363,2023.6585417268627,2038.1546630859375,3500
2018-08-08,2038.1546293106817,2053.375556485477,2030.1817626953127,2030.1817626953125,3400
2018-08-09,2024.3834158275024,2029.4570584736866,2022.2089975505664,2028.0074462890625,1900
2018-08-10,2028.0075079588619,2028.0075079588619,2019.3098345866294,2021.4842529296875,1600
2018-08-13,2056.999898491256,2056.999898491256,1975.0968017578127,1975.0968017578125,7600
2018-08-14,1985.9688301973563,1999.0153407606967,1981.6199933429095,1994.66650390625,1600
2018-08-15,1994.666355423063,2004.0888345729538,1983.0694580078125,1983.0694580078125,3500
2018-08-16,1983.7944652081067,1983.7944652081067,1930.8836153870648,1956.2518310546875,7700
2018-08-17,1951.1780118444783,1975.0966130297932,1951.1780118444783,1959.15087890625,3000
2018-08-20,1959.8754946556787,1975.8212272305402,1943.2049560546875,1943.2049560546875,5900
2018-08-21,1943.9300351320285,1950.4532902834783,1927.9843003173735,1928.7091064453125,4100
2018-08-22,1928.7090920948526,1955.526918629054,1927.9842859723067,1935.9571533203125,2400
2018-08-23,1937.406507845647,1950.453016315988,1935.9568957933868,1943.2049560546875,2200
2018-08-24,1932.3332992799726,1941.755779734076,1932.3332992799726,1933.05810546875,6300
2018-08-27,1944.6549376541182,1979.4456335197156,1944.6549376541182,1965.67431640625,4800
2018-08-28,1977.995795880453,1996.11594791307,1967.123704660883,1967.8485107421875,3800
2018-08-29,1985.2441132360025,1992.4921749856776,1975.0968267864575,1986.6937255859375,3500
2018-08-30,1986.6935478042012,2006.2633127770991,1978.7206805930205,2002.6392822265625,5500
2018-08-31,1999.7400042664663,2001.1896164478844,1985.9686885429928,1992.491943359375,3700
2018-09-03,1996.1162182617186,1996.1162182617186,1956.9766845703125,1956.9766845703125,10300
2018-09-04,1978.72069138747,1978.72069138747,1956.9765079656297,1959.875732421875,3900
2018-09-05,1959.8756577807303,1977.2710038557072,1958.4260456078155,1960.6004638671875,6400
2018-09-06,1956.9764606166757,1975.0966130297932,1954.8020423271016,1959.15087890625,15100
2018-09-07,1956.9765770213755,1956.9765770213755,1938.8564235304368,1949.728515625,13700
2018-09-10,1949.72818362629,1969.2979460641748,1949.72818362629,1957.7010498046875,5600
2018-09-11,1957.701097286515,1964.224351590691,1957.701097286515,1958.4259033203125,3900
2018-09-12,1959.150982543126,1962.0502070825905,1942.4804414412051,1943.9300537109375,5600
2018-09-13,1943.9298298926326,1951.1778904067737,1943.2050238412185,1946.104248046875,5600
2018-09-14,1927.9842446946047,1951.9028462265303,1927.9842446946047,1944.65478515625,19700
2018-09-17,1944.65478515625,1944.65478515625,1944.65478515625,1944.65478515625,0
2018-09-18,1957.701314079691,1964.9493752203045,1956.9765079656297,1959.875732421875,11100
2018-09-19,1996.1162208604621,1999.7402517625326,1978.7208725305234,1979.4456787109375,24100
2018-09-20,1978.720663878447,1983.0695005023558,1961.3253173828125,1961.3253173828125,23200
2018-09-21,1980.8950182087112,2007.712843189949,1980.1702121281373,2006.988037109375,10500
2018-09-24,2006.988037109375,2006.988037109375,2006.988037109375,2006.988037109375,0
2018-09-25,2008.4380306769274,2057.724853515625,2008.4380306769274,2057.724853515625,51000
2018-09-26,2029.4573710781422,2029.4573710781422,1995.3914794921875,1995.3914794921875,30100
2018-09-27,1996.840746303472,2004.8136131671156,1984.51904296875,1984.51904296875,10000
2018-09-28,1985.9690201577637,2022.2093307445843,1985.9690201577637,2020.034912109375,6100
2018-10-01,2010.6123172367845,2022.934022136938,2010.6123172367845,2016.4107666015625,3100
2018-10-02,2025.8329130155546,2036.70500378308,2008.4375677875141,2011.3367919921875,5000
2018-10-03,2030.9069074244283,2030.9069074244283,1994.666598583878,1996.1162109375,4300
2018-10-04,2006.263095345889,2009.1623194721114,1993.9413928094439,2001.189453125,2300
2018-10-05,2005.5384467498602,2005.5384467498602,1983.0694580078125,1983.0694580078125,2200
2018-10-08,1983.0694580078125,1983.0694580078125,1983.0694580078125,1983.0694580078125,0
2018-10-09,1984.519050612195,1987.4182749374138,1966.3988985795784,1967.8485107421875,8100
2018-10-10,1969.2979523001366,1971.4723703556758,1922.910367115297,1941.030517578125,6700
2018-10-11,1899.7168241415645,1904.065660824071,1867.1005490227662,1898.2672119140625,7100
2018-10-12,1891.7438495596234,1898.9919102859055,1869.999667380777,1877.9725341796875,16400
2018-10-15,1888.1195195368948,1895.3675791128521,1859.1272812330653,1880.8714599609375,8900
2018-10-16,1873.6238137208927,1884.4959054832962,1860.5773036060082,1868.5501708984375,7500
2018-10-17,1891.7440962357955,1917.112312085701,1891.7440962357955,1913.48828125,11300
2018-10-18,1908.4144983235196,1964.224569106243,1899.7168249547835,1959.875732421875,7400
2018-10-19,1923.6354305166567,1931.6082977870724,1909.8641143223024,1920.7362060546875,6500
2018-10-22,1920.7364350512512,1948.2790707236843,1891.744186975006,1927.9844970703125,6800
2018-10-23,1922.1859650019703,1922.9107711727854,1890.2944934861005,1896.8177490234375,9300
2018-10-24,1891.7440440286139,1903.3409423828123,1866.375828878805,1903.3409423828125,8700
2018-10-25,1877.97264584982,1877.97264584982,1841.0075339477203,1846.0811767578125,11800
2018-10-26,1878.6976487190905,1903.3410592346959,1718.5154803676558,1729.3875732421875,25500
2018-10-29,1740.984397141399,1815.6394316566214,1740.984397141399,1814.1898193359375,17000
2018-10-30,1812.0152160548714,1846.805908203125,1804.767155190652,1846.805908203125,14400
2018-10-31,1848.2556497961623,1865.6509970883612,1830.135496366788,1843.1820068359375,11000
2018-11-01,1843.1819795439894,1857.6781020728451,1818.538571244935,1844.631591796875,5300
2018-11-02,1860.5772655499095,1861.302071652578,1832.3098275458399,1838.1082763671875,5000
2018-11-05,1830.1355180861076,1847.5308655847477,1828.6859057945542,1832.3099365234375,4500
2018-11-06,1821.437831624349,1843.1820158458893,1821.437831624349,1826.511474609375,2900
2018-11-07,1860.5774469125242,1860.5774469125242,1820.7131073799226,1822.1627197265625,6300
2018-11-08,1841.0073038175626,1871.4491568728138,1833.7592435663125,1838.8328857421875,4500
2018-11-09,1838.8330895624722,1851.8795994608265,1833.7594468242235,1834.4842529296875,3100
2018-11-12,1834.4841782990225,1843.1818512107523,1822.1624750074052,1835.208984375,4100
2018-11-13,1817.0891463378907,1818.5387587402345,1811.2906967285155,1812.0155029296875,4400
2018-11-14,1812.7400517593799,1817.0888883489665,1804.767184678471,1806.216796875,5100
2018-11-15,1804.7672405783464,1804.7672405783464,1788.09669980192,1790.2711181640625,5600
2018-11-16,1783.0227990712592,1783.0227990712592,1740.9840501500669,1758.37939453125,7000
2018-11-19,1758.3797512217996,1775.05029296875,1758.3797512217996,1775.05029296875,1900
2018-11-20,1773.6007531591817,1773.6007531591817,1739.5348621095366,1751.8565673828125,3900
2018-11-21,1751.8564779919493,1759.8293457031248,1741.7091918140893,1759.829345703125,2300
2018-11-22,1756.2048355346328,1774.324984477417,1756.2048355346328,1769.2513427734375,3700
2018-11-23,1769.2513427734375,1769.2513427734375,1769.2513427734375,1769.2513427734375,0
2018-11-26,1787.3718484485782,1787.3718484485782,1754.7555738418523,1763.4532470703125,2900
2018-11-27,1772.8757596929022,1777.2245963887965,1764.9028924170962,1771.4261474609375,2600
2018-11-28,1773.6003892686633,1776.4996134440105,1758.3794623480903,1774.3251953125,3500
2018-11-29,1789.546198060062,1791.7206162837074,1757.6547307799312,1760.553955078125,3800
2018-11-30,1762.0036198485436,1785.197414926764,1762.0036198485436,1783.747802734375,4000
2018-12-03,1783.7477747876046,1800.4183147388908,1775.774907854381,1798.243896484375,3000
2018-12-04,1798.2437326729223,1811.290241011541,1762.7282377511274,1767.8018798828125,4700
2018-12-05,1761.2785514456327,1772.1506412693711,1757.6545215043866,1768.526611328125,3400
2018-12-06,1769.2516888062225,1769.9764949056926,1743.8834753247731,1767.0772705078125,8000
2018-12-07,1765.6277841382182,1766.3525902893423,1740.2595688488761,1740.984375,4200
2018-12-10,1755.4804122426744,1755.4804122426744,1696.7711168703966,1709.817626953125,9200
2018-12-11,1709.8174847814137,1716.3407392803679,1692.4221394508695,1694.5965576171875,4600
2018-12-12,1694.5968070020072,1706.1937055956907,1693.8720008399018,1704.019287109375,4600
2018-12-13,1718.5152597747556,1718.5152597747556,1703.2943317042075,1705.46875,4600
2018-12-14,1710.5424343729976,1710.5424343729976,1693.8718936990235,1696.7711181640625,20400
2018-12-17,1696.7710163520057,1699.6702406430813,1690.9725677698545,1698.9454345703125,6000
2018-12-18,1698.9455186726218,1698.9455186726218,1653.2827338277518,1668.503662109375,7800
2018-12-19,1652.5578405841504,1672.8524105562365,1648.2090041615604,1663.429931640625,4100
2018-12-20,1651.8331528185524,1651.8331528185524,1617.767265068455,1627.91455078125,6300
2018-12-21,1627.9147412353407,1627.9147412353407,1593.124043292644,1595.2984619140625,14100
2018-12-24,1595.2984619140625,1595.2984619140625,1595.2984619140625,1595.2984619140625,0
2018-12-25,1537.3139204379327,1545.2867884835796,1452.5115966796875,1452.5115966796875,19100
2018-12-26,1488.7517184800038,1547.461012149371,1467.732341734181,1546.7362060546875,3800
2018-12-27,1619.2170013441137,1655.4573102372228,1595.2983974746617,1650.3836669921875,5900
2018-12-28,1630.8137456088893,1655.4571533203125,1630.8137456088893,1655.4571533203125,3100
2018-12-31,1655.4571533203125,1655.4571533203125,1655.4571533203125,1655.4571533203125,0
2019-01-04,1639.5115325247789,1664.8797481031906,1630.8138586121806,1659.081298828125,3800
2019-01-07,1669.9533130911434,1688.7982723534567,1667.7788947147228,1685.8990478515625,6000
2019-01-08,1685.8990075473127,1685.8990075473127,1661.2555998703529,1681.5501708984375,12400
2019-01-09,1670.6781679915885,1680.1006478978318,1669.9533618449545,1673.577392578125,5100
2019-01-10,1669.2285556983204,1673.577392578125,1662.7053003786134,1673.577392578125,3500
2019-01-11,1673.57743992661,1677.2014707623107,1669.2286029237691,1674.30224609375,1500
2019-01-15,1675.0268209797064,1705.4686757962997,1672.1275967114593,1693.14697265625,6100
2019-01-16,1706.9183786141703,1706.9183786141703,1672.127685546875,1672.127685546875,3000
2019-01-17,1681.5503427933675,1681.5503427933675,1667.054219148597,1669.2286376953125,2700
2019-01-18,1669.2284753423282,1680.1005670184616,1664.1548325601327,1664.879638671875,5900
2019-01-21,1684.449279654348,1705.4686553471088,1684.449279654348,1690.9725341796875,5300
2019-01-22,1690.972780482249,1690.972780482249,1676.4766572033614,1677.92626953125,2900
2019-01-23,1665.60460678412,1675.7518933354593,1661.9805758729274,1669.2286376953125,3400
2019-01-24,1669.2286549763508,1684.4495849609375,1665.6046240276396,1684.4495849609375,1900
2019-01-25,1700.3950333268676,1714.166348601041,1693.14697265625,1693.14697265625,5000
2019-01-28,1696.7710232842728,1701.844665814384,1692.4221868298919,1695.3214111328125,2500
2019-01-29,1685.1739102364809,1693.8715820312498,1680.8250743390965,1693.87158203125,3800
2019-01-30,1688.073427042891,1699.6703247812704,1668.503662109375,1668.503662109375,7800
2019-01-31,1672.1277875900269,1707.6432889302573,1669.953369140625,1669.953369140625,5400
2019-02-01,1671.4030214251895,1698.2208496093751,1670.6782152580492,1674.30224609375,2000
2019-02-04,1700.395086340002,1725.763299478067,1698.9454741606842,1716.3408203125,5500
2019-02-05,1717.0658679843848,1731.5619918170937,1711.2674184513012,1729.3875732421875,3600
2019-02-06,1730.8371856254585,1739.5348599250838,1729.3875732421875,1729.3875732421875,2800
2019-02-07,1728.6626377847592,1746.7827912206583,1725.0386070975796,1733.011474609375,1900
2019-02-08,1727.937818827371,1734.461074015897,1726.4882065632542,1727.2130126953125,2400
2019-02-12,1732.2865867694318,1747.5075149376987,1730.8369745629302,1737.3602294921875,3300
2019-02-13,1738.0852572059948,1753.3061873149716,1738.0852572059948,1748.2325439453125,2800
2019-02-14,1741.7090650475543,1761.2788298233695,1735.9106162250905,1750.40673828125,5500
2019-02-15,1750.4069124109603,1750.4069124109603,1725.0386962890625,1725.0386962890625,4800
2019-02-18,1742.4339527147547,1750.406820218857,1736.635503620862,1746.0579833984375,3700
2019-02-19,1746.0580180578686,1753.3060795691092,1733.0115073376355,1740.984375,4400
2019-02-20,1758.3797636734648,1788.8216227312907,1750.4068958249868,1780.8487548828125,10500
2019-02-21,1787.372023407201,1834.484424673003,1787.372023407201,1822.1627197265625,8200
2019-02-22,1814.914610820608,1821.4378662109375,1812.0153862026837,1821.4378662109375,2700
2019-02-25,1818.5386837452518,1818.5386837452518,1795.3448862642442,1812.740234375,7500
2019-02-26,1796.0696674185738,1822.8874953824509,1796.0696674185738,1801.143310546875,3800
2019-02-27,1801.1430256835547,1815.6391466146094,1801.1430256835547,1809.8406982421875,3900
2019-02-28,1802.592882754198,1813.4649749300374,1796.79443359375,1796.79443359375,4700
2019-03-01,1783.7478559520991,1796.7943660728376,1783.7478559520991,1793.8951416015625,5000
2019-03-04,1780.1238170223678,1812.7400921713934,1780.1238170223678,1810.565673828125,4300
2019-03-05,1804.767324657873,1824.3370908288618,1804.767324657873,1821.4378662109375,3000
2019-03-06,1821.4377452659223,1822.8873574786292,1808.3912353515625,1808.3912353515625,3500
2019-03-07,1791.7205948384187,1793.8950130360383,1776.4996674550828,1784.4725341796875,4900
2019-03-08,1763.4533161038748,1764.1781222346203,1753.3060302734373,1753.3060302734375,5200
2019-03-11,1787.371842313404,1787.371842313404,1751.1315373192149,1754.03076171875,900
2019-03-12,1764.9031415246307,1803.31787109375,1761.2791104332043,1803.31787109375,3300
2019-03-13,1817.8138925130468,1817.8138925130468,1805.4921874999998,1805.4921875,800
2019-03-14,1805.4921874999998,1805.4921874999998,1805.4921874999998,1805.4921875,0
2019-03-15,1812.0154029646628,1815.6394337705922,1801.143310546875,1801.143310546875,2600
2019-03-18,1802.592794770176,1803.3176008798544,1783.0230298088593,1791.720703125,2000
2019-03-19,1806.2169886012537,1806.2169886012537,1790.2712527468284,1796.0697021484375,1800
2019-03-20,1784.4725207489685,1789.546163171894,1777.224460144789,1778.674072265625,2500
2019-03-22,1778.6744176757813,1812.0155029296875,1778.6744176757813,1812.0155029296875,5300
2019-03-25,1809.1161508594691,1810.5657631598374,1798.244058606708,1802.5928955078125,2700
2019-03-26,1806.2168358831602,1826.5114070728587,1806.2168358831602,1823.6121826171875,4300
2019-03-27,1834.8877013688555,1849.1699079751677,1828.1224456079708,1848.418212890625,4900
2019-03-28,1845.411282451954,1845.411282451954,1820.6053466796875,1820.6053466796875,1800
2019-03-29,1823.6123017582165,1823.6123017582165,1789.0343273637902,1816.8470458984375,5700
2019-04-01,1824.36380112533,1843.1561764974492,1824.36380112533,1832.6324462890625,3200
2019-04-02,1833.384061207785,1841.65270601028,1826.6188063693799,1834.887451171875,2900
2019-04-03,1826.618758751273,1845.4111328125,1825.1153688263748,1845.4111328125,1800
2019-04-04,1847.666447407656,1870.968994140625,1847.666447407656,1870.968994140625,3000
2019-04-05,1860.4452633579938,1870.968994140625,1858.9418732461895,1870.968994140625,2900
2019-04-08,1864.9554690065745,1864.9554690065745,1859.693603515625,1859.693603515625,1000
2019-04-09,1864.9554690065745,1864.9554690065745,1859.693603515625,1859.693603515625,1000
2019-04-10,1849.169726243101,1854.4315913177763,1838.64599609375,1838.64599609375,1200
2019-04-11,1827.3707505234281,1863.4521145814801,1827.3707505234281,1848.418212890625,2400
2019-04-12,1826.6190554388852,1853.6800784824243,1821.357189847086,1848.418212890625,4100
2019-04-15,1848.4182004494062,1890.5131249004703,1834.887689018707,1880.7410888671875,7100
2019-04-16,1878.4860254043738,1878.4860254043738,1851.4250022292808,1868.7139892578125,2000
2019-04-17,1864.2037878787878,1890.5131155303031,1858.941922348485,1860.4453125,4400
2019-04-18,1858.9416905973153,1864.9552504536755,1834.1357561898299,1834.887451171875,2000
2019-04-19,1829.625642054895,1846.1629321638547,1829.625642054895,1837.894287109375,1400
2019-04-22,1838.6461846478937,1840.9012699111577,1835.639404296875,1835.639404296875,1000
2019-04-23,1826.61888251338,1834.88752766056,1823.6121024598601,1825.8671875,1600
2019-04-24,1830.377616530592,1831.129311650317,1766.4835313539593,1793.5445556640625,5200
2019-04-25,1831.1293988019315,1831.1293988019315,1790.5378604048444,1804.820068359375,3200
2019-04-26,1791.2893344839163,1813.088491303066,1778.5105184175181,1792.792724609375,4400
2019-05-07,1799.558015847508,1849.1698909711236,1799.558015847508,1840.9012451171875,3700
2019-05-08,1819.8535984001032,1825.8671584113388,1797.3027483579706,1798.054443359375,4000
2019-05-09,1782.2688678674645,1782.2688678674645,1759.718017578125,1759.718017578125,4900
2019-05-10,1766.4832586304753,1770.9934286525106,1757.4629185864048,1758.96630859375,3700
2019-05-13,1766.4833251210412,1780.7655307284028,1729.6502685546877,1729.6502685546875,12500
2019-05-14,1714.6162602718834,1798.054403581914,1707.8510054089081,1776.2552490234375,3700
2019-05-15,1807.0748954264325,1821.3571013387045,1777.7587885538737,1804.068115234375,3100
2019-05-16,1788.2824203616015,1788.2824203616015,1746.1875,1746.1875,4800
2019-05-17,1749.9461376766994,1787.5308914927796,1749.9461376766994,1774.7520751953125,2000
2019-05-20,1758.2147149476755,1759.718105041688,1738.6706437255123,1744.6842041015625,2900
2019-05-21,1744.684261085477,1744.684261085477,1721.3817138671873,1721.3817138671875,3000
2019-05-22,1722.1332128756076,1734.1603326512557,1710.8577880859375,1710.8577880859375,1800
2019-05-23,1707.8511511338495,1722.1333570632257,1695.0723353023022,1698.830810546875,2200
2019-05-24,1695.8241412450395,1706.3478726180142,1682.2936294797867,1704.844482421875,6800
2019-05-27,1780.0138930314536,1786.7791485370628,1732.6571044921877,1732.6571044921875,2600
2019-05-28,1729.6502720424107,1729.6502720424107,1707.8511160714286,1710.106201171875,1800
2019-05-29,1696.5756731921738,1726.6434742234928,1696.5756731921738,1702.5892333984375,2100
2019-05-30,1701.0861086007344,1726.6437434626102,1701.0861086007344,1723.636962890625,1600
2019-05-31,1707.851000262954,1717.6230350355852,1697.3272705078123,1697.3272705078125,3300
2019-06-03,1688.30712890625,1726.6435775145396,1663.5011915714742,1688.30712890625,4200
2019-06-04,1705.596052320741,1705.596052320741,1669.5146902619506,1671.769775390625,3500
2019-06-05,1672.5215538948642,1695.0724063069297,1672.5215538948642,1676.280029296875,3200
2019-06-06,1676.280029296875,1677.0317243772772,1674.0249440556686,1676.280029296875,4500
2019-06-07,1674.024983401021,1709.3546530102926,1674.024983401021,1704.844482421875,2900
2019-06-10,1705.5960693359375,1716.1198000414038,1696.575728731252,1705.5960693359375,3700
2019-06-11,1704.8442459707185,1726.6434007913317,1704.8442459707185,1718.374755859375,7200
2019-06-12,1708.6028700074949,1725.1401613142107,1708.6028700074949,1719.8782958984375,8500
2019-06-13,1709.3544886304844,1712.3612687336163,1702.5892333984375,1702.5892333984375,3600
2019-06-14,1702.5892508370534,1716.8714564732143,1702.5892508370534,1710.106201171875,4800
2019-06-17,1710.106236280593,1710.106236280593,1698.830810546875,1698.830810546875,1700
2019-06-18,1698.8308598967608,1701.8376401797639,1688.30712890625,1688.30712890625,2700
2019-06-19,1689.8103726281624,1714.6163078135403,1689.8103726281624,1693.56884765625,2400
2019-06-20,1693.5688652952215,1702.5892054565809,1685.3002201473087,1701.0858154296875,2100
2019-06-21,1716.871519862815,1716.871519862815,1695.0723630869736,1700.334228515625,3400
2019-06-24,1706.3479281143402,1724.3886110547562,1701.0860622567188,1707.851318359375,2000
2019-06-25,1708.6030134818923,1717.6233549521003,1705.596232991823,1707.851318359375,1700
2019-06-26,1700.334200644704,1703.3409808403621,1692.065555106644,1698.830810546875,3300
2019-06-27,1698.8307238127056,1724.3883541709497,1698.8307238127056,1713.8646240234375,1900
2019-06-28,1713.8645500055163,1713.8645500055163,1702.5891253344273,1703.3408203125,3400
2019-07-01,1693.5688966132093,1713.112967324236,1693.5688966132093,1709.3544921875,7200
2019-07-02,1704.8442459707185,1718.374755859375,1704.0925509769042,1718.374755859375,4200
2019-07-03,1724.3885468664523,1724.3885468664523,1713.1131204484066,1717.623291015625,3000
2019-07-04,1722.8850687618628,1733.4087995483665,1717.6232033686113,1732.6571044921875,1700
2019-07-05,1735.6639404296875,1736.415635509995,1729.6503797872288,1735.6639404296875,3200
2019-07-08,1755.207840077486,1755.207840077486,1736.4154649160569,1746.1875,3700
2019-07-09,1751.4493150487347,1752.9527050187337,1730.40185546875,1730.40185546875,4400
2019-07-10,1731.1537668775475,1744.6842782990827,1728.898681640625,1728.898681640625,3400
2019-07-11,1728.8985323098611,1753.7044677734375,1728.8985323098611,1753.7044677734375,1700
2019-07-12,1753.704634559485,1764.9800608425508,1742.4292082764193,1762.7249755859375,2900
2019-07-16,1758.966416729572,1765.7316721785319,1754.4562464302653,1758.2147216796875,1100
2019-07-17,1757.4628766263506,1765.7315214693317,1749.1942317833693,1756.711181640625,2200
2019-07-18,1756.711235822428,1756.711235822428,1707.099365234375,1707.099365234375,4400
2019-07-19,1712.3615270309117,1748.4428937111065,1712.3615270309117,1736.415771484375,1500
2019-07-22,1752.9529604588347,1752.9529604588347,1713.864815542943,1717.623291015625,2400
2019-07-23,1715.3681532947255,1728.1469695112069,1715.3681532947255,1721.3817138671875,2200
2019-07-24,1729.6503242674723,1732.6571044921877,1710.8579478630018,1732.6571044921875,3100
2019-07-25,1761.9732367479874,1761.9732367479874,1725.1401784712589,1727.395263671875,4000
2019-07-26,1727.395263671875,1732.6571291399791,1717.6232278025388,1727.395263671875,1800
2019-07-29,1755.9596438280576,1755.9596438280576,1726.6435367607228,1745.4359130859375,2000
2019-07-30,1747.6909598124398,1749.9460449218752,1740.174009447655,1749.946044921875,2800
2019-07-31,1749.9461500350517,1749.9461500350517,1740.9258090554895,1742.42919921875,1500
2019-08-01,1740.925728866531,1745.4358991485688,1740.1740338195248,1744.6842041015625,1400
2019-08-02,1745.4358256207329,1749.9459957127763,1728.898535283241,1734.160400390625,3200
2019-08-05,1723.636704687846,1723.636704687846,1691.313818381009,1696.57568359375,6400
2019-08-06,1690.5620815815287,1697.327336687902,1670.2663162624085,1694.320556640625,4300
2019-08-07,1707.8511511338495,1722.8850521121403,1685.3002996664131,1698.830810546875,2800
2019-08-08,1724.388389146144,1724.388389146144,1702.5892333984375,1702.5892333984375,1300
2019-08-09,1724.3883298432718,1724.3883298432718,1701.8374798453215,1719.12646484375,3500
2019-08-13,1719.1266179362829,1727.395263671875,1715.368142601923,1727.395263671875,3200
2019-08-14,1728.8985524022924,1728.8985524022924,1710.1061768327022,1715.3680419921875,1900
2019-08-15,1702.5892891343756,1711.6096297390611,1688.3070831769571,1705.5960693359375,4200
2019-08-16,1705.5958392307098,1712.3610937715102,1705.5958392307098,1706.3475341796875,1000
2019-08-19,1717.6232353588407,1717.6232353588407,1709.3545895868724,1714.616455078125,1400
2019-08-20,1716.1196950566825,1716.1196950566825,1701.085794968582,1713.1129150390625,900
2019-08-21,1713.8647115251658,1713.8647115251658,1698.830810546875,1698.830810546875,2400
2019-08-22,1719.1264391760217,1719.1264391760217,1695.8238945260625,1698.0789794921875,1400
2019-08-23,1699.58240770119,1704.0925777348953,1691.3137626393975,1693.56884765625,1100
2019-08-26,1683.045309941081,1683.045309941081,1671.0181884765625,1671.0181884765625,11200
2019-08-27,1670.2664453435443,1675.5283108329254,1655.2325439453125,1655.2325439453125,6200
2019-08-28,1665.004513170756,1668.0112933299806,1658.2392578125,1658.2392578125,4000
2019-08-29,1654.480672437409,1701.837456791592,1654.480672437409,1678.534912109375,9300
2019-08-30,1683.0452145196693,1710.106236280593,1683.0452145196693,1698.830810546875,6100
2019-09-02,1706.347729470809,1718.3748500309557,1698.8307791207174,1716.8714599609375,10300
2019-09-03,1696.5755833523556,1720.6298229036518,1696.5755833523556,1710.8577880859375,9000
2019-09-04,1710.1061768327022,1719.1265171061054,1710.1061768327022,1715.3680419921875,3900
2019-09-05,1722.1333598560757,1735.6638707584805,1713.8647143046062,1731.9053955078125,11900
2019-09-06,1736.415671337763,1746.1877075833868,1724.3885498046875,1724.3885498046875,7800
2019-09-09,1729.6502893382105,1744.6841901581863,1722.1333389282227,1743.9324951171875,6400
2019-09-10,1750.6977295026388,1764.2282400784427,1737.1672189268347,1755.9595947265625,7700
2019-09-11,1755.9594805384452,1773.2484651499112,1748.4425307073732,1769.489990234375,7900
2019-09-12,1763.4765936779077,1777.0071046268429,1756.71133820344,1771.7452392578125,12600
2019-09-13,1778.5107379168185,1830.3777036464298,1772.4971766728056,1804.820068359375,23600
2019-09-17,1811.5851096966628,1841.6529123472299,1811.5851096966628,1839.3978271484375,15700
2019-09-18,1829.6254980428496,1829.6254980428496,1815.3432940729176,1823.6119384765625,11800
2019-09-19,1823.6120820152735,1842.4044571390912,1823.6120820152735,1837.894287109375,7800
2019-09-20,1826.6189695067958,1852.9282962280872,1826.6189695067958,1837.1427001953125,35200
2019-09-24,1832.632512293059,1855.9350585937502,1832.632512293059,1855.93505859375,10800
2019-09-25,1841.6530727332745,1870.9691828706614,1840.1496824698188,1867.96240234375,13200
2019-09-26,1878.4860533196058,1892.0165651082225,1870.2174072265623,1870.2174072265625,16300
2019-09-27,1832.632463438601,1834.887548504358,1808.578222737192,1813.840087890625,18200
2019-09-30,1807.826658553463,1807.826658553463,1774.0003801189907,1774.7520751953125,5800
2019-10-01,1774.0003383594412,1780.0138988284564,1764.9799976559186,1772.4969482421875,3100
2019-10-02,1758.966443610914,1786.0274658203127,1748.4427127517033,1786.0274658203125,4500
2019-10-03,1736.4154536549638,1741.6773186660396,1701.0857885805988,1725.8917236328125,7400
2019-10-04,1725.8918390583844,1725.8918390583844,1704.844377606453,1712.361328125,4800
2019-10-07,1713.8646587851822,1717.623133914097,1700.3341483210886,1702.5892333984375,3500
2019-10-08,1717.6231445525539,1724.3883998265026,1710.857889278605,1722.885009765625,2800
2019-10-09,1722.8849641498766,1722.8849641498766,1696.5756387810957,1713.8646240234375,5200
2019-10-10,1713.8647042778327,1714.6163993235687,1701.8375835460583,1711.609619140625,2200
2019-10-11,1711.6096735346503,1740.92578125,1711.6096735346503,1740.92578125,3000
2019-10-15,1741.677299613286,1775.5035743144506,1741.677299613286,1764.2281494140625,5400
2019-10-16,1758.9660691301483,1766.483018143525,1758.9660691301483,1765.7313232421875,2600
2019-10-17,1745.4360241542047,1751.4495849609375,1743.9326339525214,1751.4495849609375,2000
2019-10-18,1755.2080826689275,1755.2080826689275,1739.4224853515625,1739.4224853515625,2400
2019-10-21,1737.9189347891972,1750.6977504861766,1737.9189347891972,1743.9324951171875,5800
2019-10-23,1744.684316727461,1818.3504360894995,1743.93262163193,1816.8470458984375,5400
2019-10-24,1816.8471654847613,1827.3708975148757,1806.3234334546466,1810.0819091796875,5700
2019-10-25,1785.275721849258,1810.081658194953,1785.275721849258,1796.5511474609375,3400
2019-10-28,1829.625642054895,1837.894287109375,1805.5714018964084,1837.894287109375,3400
2019-10-29,1840.901200085915,1840.901200085915,1820.605433486356,1831.880859375,4500
2019-10-30,1822.8604466840065,2036.3418350791646,1822.8604466840065,2005.5223388671875,36400
2019-10-31,2053.6307414121575,2053.6307414121575,1982.9714113635691,1988.2332763671875,15700
2019-11-01,1998.0054587363475,1998.0054587363475,1969.4410466099437,1982.9715576171875,6600
2019-11-05,1993.4954120190985,2059.6445810453733,1993.4954120190985,2049.120849609375,16800
2019-11-06,2028.8247012783045,2049.120465240703,2027.3213113551637,2041.603515625,7600
2019-11-07,2040.100599785624,2046.1141608756332,2026.5700873331032,2040.852294921875,4900
2019-11-08,2044.6102163015225,2047.6169960313778,2024.314453125,2024.314453125,5300
2019-11-11,2024.3149470360395,2033.3352884264712,2004.7708740234375,2004.7708740234375,4700
2019-11-12,2024.3144575072429,2031.0797119140625,2014.542423364059,2031.0797119140625,2100
2019-11-13,2028.0729657007407,2031.0797454868055,2010.0322869843517,2019.8043212890625,4500
2019-11-14,2040.1003942479063,2049.8724300346503,2031.080053521681,2036.3419189453125,6200
2019-11-15,2049.121056696917,2080.692254195549,2044.6108856256842,2060.396484375,13000
2019-11-18,2081.44371464049,2092.719141046993,2075.430153890355,2087.457275390625,6500
2019-11-19,2081.4431856426304,2088.9601346698696,2054.382169144568,2085.20166015625,6800
2019-11-20,2084.4501532709555,2087.456933153063,2070.9196438014724,2082.195068359375,3700
2019-11-21,2074.6784189314076,2074.6784189314076,2007.0258617923398,2058.892822265625,6300
2019-11-22,2077.6850933206492,2092.718994140625,2040.1003412707098,2092.718994140625,4800
2019-11-25,2092.7190424465243,2112.263113963625,2081.4436165712737,2108.504638671875,6300
2019-11-26,2109.256376886213,2111.5114621074026,2084.450439453125,2084.450439453125,4900
2019-11-27,2103.242479346264,2164.8814655172414,2103.242479346264,2158.1162109375,11200
2019-11-28,2155.8615386619995,2155.8615386619995,2130.3039053584753,2140.82763671875,4400
2019-11-29,2149.096315935533,2149.096315935533,2066.409853972291,2089.71240234375,5800
2019-12-02,2090.4642314539547,2131.80746508573,2090.4642314539547,2123.538818359375,9900
2019-12-03,2118.27666043487,2118.27666043487,2099.484284100281,2107.7529296875,4600
2019-12-04,2082.9467949541754,2144.5857834732087,2082.1950999722358,2136.317138671875,11100
2019-12-05,2143.8343385686526,2176.1572265625,2122.0351815495465,2176.1572265625,11500
2019-12-06,2175.405379060966,2230.2791152985096,2168.640123908392,2220.507080078125,12000
2019-12-09,2240.0512555990895,2249.8232912778776,2226.520744659229,2239.299560546875,5500
2019-12-10,2249.8234585755963,2254.333629224261,2205.4734471970596,2248.320068359375,9900
2019-12-11,2322.7380415047055,2352.8058478672256,2273.8778561656095,2296.4287109375,25200
2019-12-12,2330.254775685612,2364.0810546875,2326.4963002409577,2364.0810546875,16500
2019-12-13,2382.873326224495,2405.4241778922346,2371.597900390625,2371.597900390625,18900
2019-12-16,2397.9072945892995,2427.97509765625,2394.1488192059305,2427.97509765625,12500
2019-12-17,2427.9750295599742,2435.4919801158876,2371.597900390625,2371.597900390625,10500
2019-12-18,2382.8734359120936,2390.3903868140246,2288.9115496379573,2311.46240234375,17000
2019-12-19,2288.911573925932,2431.733642578125,2285.1530984350848,2431.733642578125,12300
2019-12-20,2420.4582161055832,2439.250593559819,2375.356510215417,2431.733642578125,11700
2019-12-23,2435.492146381579,2499.38623046875,2435.492146381579,2499.38623046875,18200
2019-12-24,2476.8351704138836,2499.386021737834,2446.7673686486164,2461.80126953125,9100
2019-12-25,2427.97509765625,2458.0429007232,2416.699671506143,2427.97509765625,8400
2019-12-26,2394.148955922068,2435.4921875,2394.148955922068,2435.4921875,6600
2019-12-27,2446.7675358072916,2552.0048491753473,2446.7675358072916,2536.970947265625,22200
2019-12-30,2563.279816400437,2563.279816400437,2514.419643947056,2525.695068359375,8700
2020-01-06,2473.0769345863696,2533.212543938014,2465.559983417414,2514.420166015625,12700
2020-01-07,2544.4880335400676,2608.3821200543675,2536.971082185444,2570.79736328125,10800
2020-01-08,2567.038851408979,2589.589705154885,2499.386290171261,2582.07275390625,9000
2020-01-09,2608.381901405377,2721.1361622730446,2593.3479999563547,2691.068359375,34600
2020-01-10,2664.758722447953,2845.1655188901273,2664.758722447953,2713.618896484375,39300
2020-01-14,2758.720947265625,2826.3735045555177,2743.6870456456486,2758.720947265625,22200
2020-01-15,2743.686978442281,2766.237830319889,2634.6911943671766,2702.34375,21900
2020-01-16,2754.962262401265,2811.339389189831,2717.3775112088874,2721.135986328125,13700
2020-01-17,2754.962471860631,2785.0302751005834,2739.9285702406546,2758.720947265625,8700
2020-01-20,2777.5130191975504,2991.74609375,2777.5130191975504,2991.74609375,32100
2020-01-21,2916.576520106589,2969.1951686652133,2852.6824468568316,2909.0595703125,25700
2020-01-22,2886.508687258687,2927.8519106439026,2826.3730896074644,2920.3349609375,13600
2020-01-23,2931.6108778916396,2984.2295346743103,2894.026123046875,2894.026123046875,14700
2020-01-24,2939.127472970605,2939.127472970605,2822.614747060006,2848.924072265625,11700
2020-01-27,2830.1319449646835,2830.1319449646835,2743.68701171875,2743.68701171875,10300
2020-01-28,2691.0682546461526,2713.6191059420703,2645.9665520543176,2698.585205078125,13200
2020-01-29,2732.411481018479,2777.51318359375,2687.309778443209,2777.51318359375,9200
2020-01-30,2732.411575744474,3025.572652646907,2672.275970226026,2954.16162109375,73200
2020-01-31,2965.437047128459,3018.055701957101,2901.542966265108,2954.16162109375,33200
2020-02-03,2848.9242116827713,2987.987794574938,2762.47928177683,2856.441162109375,27600
2020-02-04,2894.0260535191806,2935.369282855169,2878.992151942458,2890.267578125,17200
2020-02-05,2946.644877812104,3066.916097314639,2920.3355485459247,2965.437255859375,31400
2020-02-06,3025.5725800439027,3044.364956317467,2995.504778006199,3003.021728515625,16300
2020-02-07,3033.089318663631,3033.089318663631,2969.195243797111,2991.74609375,9100
2020-02-10,2976.7120590965346,3070.6739296488245,2972.953584274443,3036.84765625,8800
2020-02-12,3066.915842932752,3112.0175465052926,3003.0217628716528,3018.0556640625,32400
2020-02-13,3018.0559479183084,3018.0559479183084,2916.5771053357503,2980.47119140625,21000
2020-02-14,2942.886056082589,3029.330984933036,2942.886056082589,2972.953857421875,18100
2020-02-17,2950.4028272379132,2954.16130217707,2788.7884048541805,2871.474853515625,28000
2020-02-18,2871.4752445376016,2871.4752445376016,2747.445554655742,2773.7548828125,16300
2020-02-19,2762.4791475183824,2882.7503484987747,2762.4791475183824,2875.2333984375,15000
2020-02-20,2920.3349320342018,2991.7459535382554,2871.474759426165,2984.22900390625,14100
2020-02-21,2976.712473163168,3018.055701957101,2927.8522936794293,2954.16162109375,14400
2020-02-25,2803.822616100958,2863.9582218082173,2747.4454857504024,2769.996337890625,25900
2020-02-26,2747.44545172344,2754.96240234375,2627.1742417984738,2754.96240234375,26700
2020-02-27,2807.580803688992,2807.580803688992,2574.5553554577773,2676.0341796875,26900
2020-02-28,2525.695138372957,2593.3476867222325,2514.4197136480775,2529.45361328125,32400
2020-03-02,2488.1106923855946,2676.0344606926637,2461.801364822605,2638.44970703125,33000
2020-03-03,2743.68676447902,2762.4791395781913,2593.3477636856487,2664.7587890625,31900
2020-03-04,2627.174245761303,2694.8268014461437,2570.7971160239363,2649.72509765625,16800
2020-03-05,2653.483605752444,2706.1022608240223,2645.966655027933,2691.068359375,15400
2020-03-06,2642.2078204659174,2649.7247701685233,2488.1103515625,2488.1103515625,15500
2020-03-09,2360.322659818833,2446.7675979969113,2262.602294921875,2262.602294921875,19100
2020-03-10,2225.7688611016756,2341.5298893386425,2129.551902567054,2334.012939453125,18600
2020-03-11,2345.2883963679637,2397.9070462864756,2270.118896484375,2270.118896484375,13200
2020-03-12,2236.292717421307,2307.703745372575,2169.391859656434,2170.1435546875,30200
2020-03-13,2057.389326958252,2122.7867955170273,1985.2266030313276,2119.0283203125,25600
2020-03-16,2156.613086543523,2345.288543051862,2094.9740927838266,2119.780029296875,26400
2020-03-17,2139.3244226933307,2300.187186732815,2061.1481261507774,2296.4287109375,27000
2020-03-18,2296.4285607421207,2318.9794140390973,2195.701416015625,2195.701416015625,11900
2020-03-19,2233.2861742639575,2243.058210704695,2136.3175049674073,2169.39208984375,9200
2020-03-23,2170.8953227459015,2311.4622982838114,2107.001242955943,2292.669921875,20800
2020-03-24,2337.7716228890154,2375.3563756685817,2292.669919553536,2371.597900390625,26100
2020-03-25,2469.3183522468066,2627.1743199703465,2318.9793353672444,2574.5556640625,78400
2020-03-26,2552.004330673659,2604.6229766669303,2499.3856846803874,2600.864501953125,23900
2020-03-27,2668.5173007382655,2732.411376953125,2638.4495001665664,2732.411376953125,29000
2020-03-30,2665.7672750538795,2744.1721949084053,2622.6445691338904,2728.4912109375,19300
2020-03-31,2685.3688648852803,2685.3688648852803,2528.559004162052,2544.239990234375,16800
2020-04-01,2532.4791327361563,2540.3196254071663,2383.509771986971,2407.03125,17700
2020-04-02,2359.988370101178,2391.350341796875,2293.344180247823,2391.350341796875,15500
2020-04-03,2489.3562321997806,2540.319430654264,2325.4899479384408,2344.30712890625,7300
2020-04-06,2321.569740402319,2493.276519581011,2316.8654450823547,2461.91455078125,13300
2020-04-07,2516.7981880503444,2559.9208984375,2442.3135064725307,2559.9208984375,10200
2020-04-08,2512.878020678561,2614.8044302536664,2473.6755554573665,2556.000732421875,10100
2020-04-09,2610.883884987768,2689.288806458872,2457.9942881191146,2654.006591796875,14200
2020-04-10,2661.8468686769334,2728.4910465377698,2606.9634280856562,2724.57080078125,6900
2020-04-13,2740.25169306216,2740.25169306216,2677.527763034986,2704.969482421875,8500
2020-04-14,2704.970129305429,2728.4916086906933,2661.8474170991103,2685.368896484375,8600
2020-04-15,2677.5280642184025,2708.89003275976,2606.963635000348,2642.245849609375,11100
2020-04-16,2618.7240786345105,2712.8099736752715,2618.7240786345105,2704.969482421875,4000
2020-04-17,2704.9699675047764,2767.6939087802493,2673.6079968670397,2693.209228515625,12000
2020-04-20,2673.6076010996208,2732.4112873408144,2673.6076010996208,2712.81005859375,6800
2020-04-21,2704.970129305429,2716.730868998061,2661.8474170991103,2685.368896484375,10700
2020-04-22,2669.687572083063,2673.607818150733,2587.3624046619993,2642.245849609375,9300
2020-04-23,2634.4051936292717,2669.6874060439495,2610.8837186861533,2638.325439453125,4700
2020-04-24,2693.208971411781,2693.208971411781,2622.644544213219,2657.9267578125,3300
2020-04-27,2661.847192382813,2744.17236328125,2661.847192382813,2744.17236328125,10800
2020-04-28,2752.0129723373725,2924.503813908376,2752.0129723373725,2881.381103515625,35100
2020-04-30,3002.9084595514114,3198.9207610887097,2963.7059992439517,3038.190673828125,42800
2020-05-01,3038.190710399798,3038.190710399798,2900.982097672065,2904.90234375,11800
2020-05-07,2975.46684396642,2995.0680748225886,2853.939212658174,2865.699951171875,11700
2020-05-08,2920.583251953125,2928.423743904677,2838.258086461829,2920.583251953125,12500
2020-05-11,2924.503601234416,3014.6692618622865,2834.337940606545,2987.2275390625,18100
2020-05-12,2991.148099810164,2991.148099810164,2920.5836623310247,2936.2646484375,3600
2020-05-13,2924.503574139676,2959.785788841093,2869.620129048583,2904.90234375,15900
2020-05-14,2904.9022375285954,2924.503467201528,2795.1353513601734,2838.258056640625,15900
2020-05-15,2857.859290709358,2857.859290709358,2759.853142193948,2850.018798828125,10100
2020-05-18,2846.0987016901627,2846.0987016901627,2720.650825031643,2806.896240234375,11900
2020-05-19,2814.7366839574897,2928.4238202176116,2814.7366839574897,2904.90234375,10100
2020-05-20,2920.5834300662723,2979.3871232890833,2920.5834300662723,2971.546630859375,8200
2020-05-21,2971.5464750317415,2995.0679510874015,2920.5832769111444,2991.147705078125,16900
2020-05-22,2995.067894024085,2995.067894024085,2830.417564771452,2838.258056640625,31400
2020-05-25,2791.2153180803575,2818.6570417131697,2708.89014718192,2744.17236328125,32100
2020-05-26,2744.1723490870277,2744.1723490870277,2681.448409679324,2697.12939453125,14400
2020-05-27,2724.571145732751,2795.135578284103,2681.4484369513693,2791.21533203125,14300
2020-05-28,2810.8166379238696,2850.01910149324,2744.1724498559397,2763.773681640625,16200
2020-05-29,2783.374671720516,2822.577131885593,2775.5341796875,2775.5341796875,8300
2020-06-01,2783.3744921315365,2795.1352294222334,2720.650559914488,2736.33154296875,11100
2020-06-02,2736.3318844913097,2806.8963170426614,2732.411638238457,2791.21533203125,13800
2020-06-03,2791.2154154630603,2810.8166473132223,2775.5344299829308,2799.055908203125,9200
2020-06-04,2799.0558245369557,2799.0558245369557,2767.693854514133,2791.21533203125,3800
2020-06-05,2795.135661833093,2865.7000964936756,2767.693937242866,2799.055908203125,9100
2020-06-08,2822.5770729022793,2850.0187944443846,2822.5770729022793,2838.258056640625,7000
2020-06-09,2810.8165632955142,2814.736809548367,2779.4545932726915,2791.21533203125,4100
2020-06-10,2791.215163753531,2806.8961478195624,2755.9329496049613,2775.5341796875,6200
2020-06-11,2767.6937441888153,2779.4544824785694,2685.368576160536,2701.049560546875,11900
2020-06-12,2595.202900693547,2677.5280682382063,2579.521916399326,2654.006591796875,16000
2020-06-15,2685.3684571785448,2708.8899327158747,2599.123046875,2599.123046875,6200
2020-06-16,2642.2455575565928,2740.251698415517,2634.405066287879,2716.730224609375,13400
2020-06-17,2716.7305715641505,2787.295001994388,2716.7305715641505,2783.374755859375,7100
2020-06-18,2759.853450520833,2846.0988708496093,2759.853450520833,2822.577392578125,8600
2020-06-19,2842.1783240786744,2904.9022595066176,2787.2948805792244,2897.061767578125,17000
2020-06-22,2842.1783324376047,2936.264235856229,2834.3378404860528,2920.583251953125,14200
2020-06-23,2951.945284483863,2951.945284483863,2869.6201171875,2869.6201171875,10200
2020-06-24,2897.061780307382,2944.104732085039,2897.061780307382,2932.343994140625,8200
2020-06-25,2885.30126953125,2963.7061953337297,2885.30126953125,2885.30126953125,10700
2020-06-26,2885.301062827654,3010.7489351245085,2885.301062827654,2991.147705078125,7100
2020-06-29,2912.7427808259663,3042.11089895148,2912.7427808259663,2979.386962890625,10200
2020-06-30,2979.3869372262466,3030.3501348366954,2908.822509765625,2908.822509765625,6400
2020-07-01,2908.8225696237946,2920.5833077759125,2842.178386761794,2846.0986328125,5200
2020-07-02,2814.736795479911,2818.6570417131697,2744.17236328125,2744.17236328125,10600
2020-07-03,2744.1722831780494,2767.693759891004,2744.1722831780494,2748.092529296875,2000
2020-07-06,2748.0927259380314,2889.221596314307,2748.0927259380314,2881.381103515625,6300
2020-07-07,2881.3807619210766,2904.9022375285954,2822.5770729022793,2838.258056640625,6200
2020-07-08,2853.9389601293105,2869.619943426724,2842.17822265625,2842.17822265625,3000
2020-07-09,2842.178390775034,2861.7796210562415,2834.337898662551,2857.859375,2200
2020-07-10,2857.859366895747,2893.141581301867,2834.337890625,2834.337890625,4600
2020-07-13,2861.779475031672,2904.9021794499577,2861.779475031672,2900.98193359375,4700
2020-07-14,2893.1415343259105,2967.6262079738676,2869.620058437082,2932.343994140625,7000
2020-07-15,2936.264653611341,2959.7861328125,2897.062188276076,2959.7861328125,5300
2020-07-16,2971.5463212331133,3014.669025103251,2920.5831257502236,3010.748779296875,7300
2020-07-17,3010.748859191656,3010.748859191656,2979.3868919084093,3006.82861328125,5300
2020-07-20,3014.6693637049702,3065.6325649119462,2995.068132471518,3053.871826171875,7600
2020-07-21,3057.791775581532,3128.356201171875,3057.791775581532,3128.356201171875,6700
2020-07-22,3132.276280883934,3320.4480724764608,3104.8345612766907,3304.76708984375,36700
2020-07-27,3206.761624616177,3206.761624616177,3116.5959554643773,3151.878173828125,21300
2020-07-28,3151.8777612304684,3163.6384991455075,3132.27653137207,3136.19677734375,5700
2020-07-29,3124.4363440050815,3147.957822128081,3034.2706778669176,3061.71240234375,7200
2020-07-30,3061.7122974370686,3112.6754982906946,2963.7061419493266,2983.307373046875,9800
2020-07-31,2955.865439224768,3022.5096202152467,2850.018798828125,2850.018798828125,11700
2020-08-03,2904.9025391889977,3026.43017578125,2853.9393367470857,3026.43017578125,7900
2020-08-04,3108.7551958612707,3163.6386419420496,3061.7122420777455,3069.552734375,6100
2020-08-05,3069.552981311128,3093.0744600951216,3026.4302702071404,3081.313720703125,4800
2020-08-06,3136.196930239899,3144.0374225654987,3100.9147147747,3104.8349609375,1900
2020-08-07,3104.835099357932,3104.835099357932,2991.147955568311,3014.66943359375,2800
2020-08-11,3022.5096731523386,3022.5096731523386,2963.705983013188,2991.147705078125,4600
2020-08-12,2948.0251535702505,3030.350324082186,2948.0251535702505,2971.546630859375,6300
2020-08-13,2971.546707922331,2991.1479395049323,2951.94547633973,2955.86572265625,5200
2020-08-14,2971.546869805519,2975.467116335605,2948.025390625,2948.025390625,3500
2020-08-17,3057.79229346742,3057.79229346742,2948.025390625,2948.025390625,2500
2020-08-18,2955.8654827082646,3002.9084346877066,2944.104744713404,2967.626220703125,3300
2020-08-19,2983.3072130595715,3014.669181133785,2983.3072130595715,2991.147705078125,2300
2020-08-20,2991.1479395049323,2991.1479395049323,2955.86572265625,2955.86572265625,2400
2020-08-21,2975.4667890936257,2975.4667890936257,2924.503589807437,2951.9453125,5000
2020-08-24,3034.270763135138,3089.1542136311227,3006.829037887146,3081.313720703125,14200
2020-08-25,3081.313363291489,3120.5158233842562,2991.147705078125,2991.147705078125,12600
2020-08-26,2995.0680076024864,3034.2704684349796,2900.9821016045025,2916.6630859375,13300
2020-08-27,2955.8654614060392,2955.8654614060392,2885.3010339454177,2908.822509765625,9600
2020-08-28,2924.503643740381,2928.423889911615,2842.178474144472,2865.699951171875,14700
2020-08-31,2889.221275649632,2920.5832433636033,2881.380783721139,2897.061767578125,11600
2020-09-01,2897.062089112989,2904.902581911671,2865.700117918261,2881.381103515625,5300
2020-09-02,2908.822577804816,2924.503562051742,2869.6201171875,2869.6201171875,11700
2020-09-03,2900.982017825556,2920.5832476757287,2893.1415258854868,2908.822509765625,7700
2020-09-04,2889.2213594382592,2908.822589827935,2885.301113360324,2904.90234375,28400
2020-09-07,2928.424157974568,2975.467116335605,2908.8229253241357,2948.025390625,10500
2020-09-08,2979.3872196810235,3073.4731318814765,2963.706234314281,3026.43017578125,10800
2020-09-09,3014.6694304065354,3046.031401073964,2987.227706072536,3002.90869140625,7900
2020-09-10,3057.791903981855,3057.791903981855,3022.509689705141,3038.190673828125,6100
2020-09-11,3057.7919241989716,3112.675368992286,3038.1906939156447,3096.994384765625,17000
2020-09-14,3120.515861105617,3128.356353218948,3073.472908425633,3096.994384765625,11400
2020-09-15,3124.4363471829165,3124.4363471829165,3049.9516663843274,3073.47314453125,6400
2020-09-16,3108.7550763276454,3222.4422102664876,3081.313354342408,3195.00048828125,13900
2020-09-17,3195.0005837502836,3249.884029360718,3147.9576303699114,3238.123291015625,21300
2020-09-18,3249.883957293855,3289.0864175748425,3210.6814970128676,3265.56494140625,19800
2020-09-23,3210.6815605349657,3277.3257443311736,3206.7613144293064,3214.601806640625,24000
2020-09-24,3253.8042944364965,3406.693893813633,3238.1233098849957,3296.927001953125,31700
2020-09-25,3347.8901245839497,3449.8165218195268,3265.564957585984,3312.60791015625,53700
2020-09-28,3316.5282621703395,3441.9761396992412,3300.8472774792267,3391.012939453125,58300
2020-09-29,3387.092847505834,3438.0560500724728,3332.2093985879155,3359.651123046875,42700
2020-09-30,3324.368689534705,3371.411642688498,3187.1600761694754,3191.080322265625,22800
2020-10-02,3198.9208533653846,3218.5220840845354,3049.9514998998397,3057.7919921875,16300
2020-10-05,3042.1110435956793,3175.3994140625,3042.1110435956793,3175.3994140625,9400
2020-10-06,3312.607889566077,3312.607889566077,3222.442231033509,3253.80419921875,15900
2020-10-07,3198.9208336474667,3285.166248280119,3198.9208336474667,3249.884033203125,7300
2020-10-08,3261.6448591127096,3332.209291160821,3210.6816581890735,3269.4853515625,26100
2020-10-09,3293.0068217844205,3375.331992329031,3238.1233747546803,3245.9638671875,37200
2020-10-12,3230.282634943182,3285.166077769886,3218.5218971946024,3234.202880859375,3500
2020-10-13,3277.3258404783396,3277.3258404783396,3218.522147168321,3257.724609375,3300
2020-10-14,3230.2829622317113,3249.8841937986513,3218.522223291547,3242.043701171875,3100
2020-10-15,3312.6079020085294,3312.6079020085294,3245.963719364571,3289.08642578125,5700
2020-10-16,3289.0865683451184,3289.0865683451184,3187.16016694229,3222.4423828125,7100
2020-10-19,3222.4423756318934,3238.1233604281556,3179.319667442172,3198.9208984375,5700
2020-10-20,3191.0804958899043,3230.282958984375,3191.0804958899043,3230.282958984375,3200
2020-10-21,3245.9637555803574,3249.884001661976,3155.798095703125,3155.798095703125,8300
2020-10-22,3155.7984063712966,3155.7984063712966,3073.473230552915,3093.074462890625,7900
2020-10-23,3128.356365256375,3132.276611328125,3042.1109516778783,3132.276611328125,3800
2020-10-26,3116.595688158525,3116.595688158525,3065.6324882263725,3069.552734375,4700
2020-10-27,3065.6323663119615,3183.23974609375,3042.1108903556037,3183.23974609375,6400
2020-10-28,3159.7182574622507,3159.7182574622507,3112.675305738247,3147.95751953125,4400
2020-10-29,3144.0371816642837,3253.8040658121636,2885.3009547442803,2912.74267578125,35000
2020-10-30,2900.981890449684,2916.662873641304,2767.693533320915,2795.13525390625,18900
2020-11-02,2842.1787891573117,2850.0192823687803,2802.9763230999697,2826.497802734375,4400
2020-11-04,2846.098557229238,2861.779541015625,2818.6568356030607,2861.779541015625,6200
2020-11-05,2861.7796368927125,2920.5833280617408,2834.337914347166,2904.90234375,7900
2020-11-06,2940.1843921558275,2951.945129724451,2885.300950168919,2900.98193359375,8300
2020-11-09,2900.9819381939774,2920.5831675060986,2881.3807088818558,2912.74267578125,5200
2020-11-10,2940.1847995057396,2940.1847995057396,2850.019132320897,2881.381103515625,13800
2020-11-11,2916.6630859375,2916.6630859375,2873.5403790217574,2916.6630859375,6300
2020-11-12,2936.264150955796,2936.264150955796,2885.3009547442803,2912.74267578125,8200
2020-11-13,2912.7427293977685,2912.7427293977685,2830.417564771452,2838.258056640625,5600
2020-11-16,2897.061847635078,2908.8225858528117,2846.098648691565,2893.1416015625,6000
2020-11-17,2885.3010166952054,2900.9820004815924,2861.779541015625,2861.779541015625,3800
2020-11-18,2853.9393605081937,2861.7798532568427,2810.816650390625,2810.816650390625,8000
2020-11-19,2850.0188367120154,2850.0188367120154,2728.4912109375,2728.4912109375,15400
2020-11-20,2720.6507910297987,2728.491283222968,2701.049560546875,2701.049560546875,9600
2020-11-24,2704.9698974959647,2732.41162109375,2677.52817389818,2732.41162109375,8300
2020-11-25,2728.491503021148,2748.0927350830816,2587.3626321752267,2595.203125,24600
2020-11-26,2603.043408132257,2724.571037126383,2603.043408132257,2701.049560546875,8000
2020-11-27,2732.4114569302264,2732.4114569302264,2708.8899809738687,2728.4912109375,5100
2020-11-30,2728.491083559783,2728.491083559783,2614.803955078125,2614.803955078125,4500
2020-12-01,2622.644702437361,2669.6876567411705,2614.804210053393,2650.08642578125,6700
2020-12-02,2657.9270880993777,2685.3688131977488,2634.405609443631,2677.5283203125,5400
2020-12-03,2669.6876567411705,2685.368641509107,2646.166179589266,2650.08642578125,6200
2020-12-04,2673.607822164651,2673.607822164651,2630.4851153555437,2654.006591796875,2900
2020-12-07,2654.0068211858006,2673.608053247734,2595.203125,2595.203125,7000
2020-12-08,2595.202800952112,2626.5647683352186,2587.362309106335,2599.123046875,3500
2020-12-09,2622.6444419033555,2646.165916718632,2599.122967088079,2603.043212890625,3800
2020-12-10,2610.883704495717,2626.5646877059016,2599.122967088079,2603.043212890625,4300
2020-12-11,2626.564857345855,2626.564857345855,2587.3623967884546,2618.724365234375,5100
2020-12-14,2618.724361195959,2654.0065756432095,2606.963623046875,2606.963623046875,5000
2020-12-15,2606.963635000348,2642.245849609375,2595.202896797339,2642.245849609375,5100
2020-12-16,2646.1659263496967,2657.92666380014,2626.564697265625,2626.564697265625,2200
2020-12-17,2626.564853295348,2626.564853295348,2595.2028848977916,2606.963623046875,6900
2020-12-18,2599.122971839276,2618.7242008878375,2591.282480219851,2614.803955078125,5300
2020-12-21,2626.564697265625,2634.4051888992535,2603.0432223647385,2626.564697265625,5900
2020-12-22,2606.9639372094275,2634.405662864264,2548.160239377636,2556.000732421875,7500
2020-12-23,2556.0003957807644,2556.0003957807644,2512.8776897169787,2524.638427734375,5500
2020-12-24,2552.0803154523983,2575.6017930141716,2528.558837890625,2528.558837890625,4700
2020-12-25,2552.0800914417614,2587.3623046875,2532.4788618607954,2587.3623046875,4000
2020-12-28,2567.761471988233,2583.442458076711,2536.3994998112776,2556.000732421875,7200
2020-12-29,2556.000499361762,2599.1232071730806,2544.2397608677666,2591.28271484375,9100
2020-12-30,2595.202711667696,2599.1229574557133,2575.601482727607,2579.521728515625,2600
2021-01-04,2603.043605769231,2610.884098557692,2532.479170673077,2548.16015625,7300
2021-01-05,2552.0800079995015,2606.9634490317485,2544.239516423466,2579.521728515625,3200
2021-01-06,2583.4423798351754,2595.203119045351,2556.000655011433,2571.681640625,7900
2021-01-07,2591.2824754829867,2646.165916718632,2591.2824754829867,2603.043212890625,7100
2021-01-08,2614.803838116094,2724.570715878089,2610.883592481737,2716.730224609375,9700
2021-01-12,2728.4916086906933,2775.5345674612227,2685.368896484375,2685.368896484375,17600
2021-01-13,2724.571135562989,2755.93310546875,2716.7306430865488,2755.93310546875,7100
2021-01-14,2850.019132320897,2916.6633211096937,2791.2154363307823,2881.381103515625,26600
2021-01-15,2842.1782034811094,2897.0616446517793,2791.215008108345,2795.13525390625,9500
2021-01-18,2783.3749227229955,2834.3381255334166,2752.0129517627365,2799.055908203125,11900
2021-01-19,2818.657048817059,2818.657048817059,2759.8533551699716,2767.69384765625,9100
2021-01-20,2771.614079807952,2775.5343260311597,2704.9698940134185,2720.65087890625,12900
2021-01-21,2716.7305678565904,2802.9759827091807,2708.890075597264,2771.614013671875,8500
2021-01-22,2771.614013671875,2838.258197876149,2759.8532752828855,2771.614013671875,10400
2021-01-25,2771.6138842439,2861.779541015625,2771.6138842439,2861.779541015625,13700
2021-01-26,2857.859295069028,2861.779541015625,2822.5770815496576,2861.779541015625,7000
2021-01-27,2885.3012857856193,2944.10498046875,2873.540546848993,2944.10498046875,11300
2021-01-28,2904.9022570401057,3336.129312741066,2877.460535313681,3112.67529296875,71100
2021-01-29,3144.037215467523,3214.6016417498363,2979.386887475458,2995.06787109375,36100
2021-02-01,3049.9517678564516,3198.9211344098517,2995.068317020988,3163.638916015625,13500
2021-02-02,3144.0373455411823,3179.3195601420184,3100.914638806827,3120.515869140625,9000
2021-02-03,3128.356281122569,3132.276527088888,3073.4728375941027,3124.43603515625,10500
2021-02-04,3124.436119184625,3163.6385799021236,3096.994396682376,3132.276611328125,5600
2021-02-05,3132.27653137207,3167.5587451171873,3093.074071655273,3136.19677734375,9600
2021-02-08,3136.19677734375,3183.239729003906,3116.5955474853513,3136.19677734375,8900
2021-02-09,3136.1966274752476,3171.4788395343444,3128.3561359065598,3167.55859375,4500
2021-02-10,3202.8410446661665,3238.1232593564914,3144.037353515625,3144.037353515625,10900
2021-02-12,3140.1171875,3163.638664559925,3140.1171875,3140.1171875,3700
2021-02-15,3136.196773055207,3147.957510954164,3096.994313392017,3124.43603515625,9000
2021-02-16,3100.91455078125,3112.675288647677,3073.47282909292,3100.91455078125,10300
2021-02-17,3085.2336465956287,3128.356353218948,3085.2336465956287,3096.994384765625,7700
2021-02-18,3151.877756920483,3175.399232718397,3124.43603515625,3124.43603515625,13700
2021-02-19,3155.7983180454803,3155.7983180454803,3069.5528981734296,3073.47314453125,7800
2021-02-22,3147.9575066170105,3147.9575066170105,3096.994309125079,3112.67529296875,11500
2021-02-24,3167.559145773923,3167.559145773923,3093.074462890625,3093.074462890625,13200
2021-02-25,3104.834721403302,3120.5157048447327,3096.9942296825866,3116.595458984375,7000
2021-02-26,3085.23379961487,3100.9147846192654,3061.712322108276,3065.632568359375,11500
2021-03-01,3081.313637246891,3112.675608109455,3073.47314453125,3073.47314453125,8700
2021-03-02,3108.7551958612707,3108.7551958612707,3049.9515036318644,3069.552734375,11400
2021-03-03,3069.5526082306474,3206.7612177939586,3069.5526082306474,3171.47900390625,18300
2021-03-04,3136.1971878886816,3159.7186667978467,3112.6757089795165,3151.878173828125,17000
2021-03-05,3128.3563692088137,3147.957599592328,3100.9146466718944,3144.037353515625,13800
2021-03-08,3175.399655480367,3175.399655480367,3124.4364511331514,3163.638916015625,14500
2021-03-09,3163.6385878663627,3179.3195721928378,3136.1968652950313,3155.798095703125,33000
2021-03-10,3167.558762122845,3206.761222050108,3151.8777781519398,3183.23974609375,27900
2021-03-11,3183.24000327101,3234.203205293822,3171.479264342669,3230.282958984375,25900
2021-03-12,3238.1231486002603,3296.9268377394906,3234.202902657645,3293.006591796875,16700
2021-03-15,3293.006352869217,3340.049300767349,3289.0861072110397,3304.76708984375,15400
2021-03-16,3281.246164305755,3281.246164305755,3206.761484351383,3242.043701171875,42200
2021-03-17,3238.123291015625,3238.123291015625,3202.841075980346,3238.123291015625,8800
2021-03-18,3249.8840408051087,3273.405517578125,3242.0435485474363,3273.405517578125,11000
2021-03-19,3257.7246058367305,3277.32583691878,3238.1233747546803,3245.9638671875,17100
2021-03-22,3269.485535238391,3355.73095703125,3261.645042348131,3355.73095703125,20300
2021-03-23,3379.2523548032746,3418.454818316073,3343.970137641755,3359.651123046875,15800
2021-03-24,3371.4115967376783,3371.4115967376783,3269.4851996270045,3300.84716796875,19200
2021-03-25,3312.6079300281613,3375.331867164789,3293.0066996729647,3371.41162109375,7700
2021-03-26,3379.252178529922,3394.933163117068,3312.607994034552,3320.448486328125,18000
2021-03-29,3394.93302126284,3394.93302126284,3343.9698234840675,3387.092529296875,17300
2021-03-30,3314.5121006261347,3366.9313917552586,3233.8670373505597,3330.64111328125,24200
2021-03-31,3322.576706312189,3322.576706312189,3241.931640625,3241.931640625,14700
2021-04-01,3254.0282296845407,3266.1249889026985,3177.4154213028723,3193.54443359375,13300
2021-04-02,3221.7700458421446,3233.8668044623278,3197.5765286017777,3217.73779296875,5400
2021-04-05,3282.253956861013,3423.3828125,3254.0281857332157,3423.3828125,24100
2021-04-06,3387.0928179909065,3387.0928179909065,3270.157470703125,3270.157470703125,16200
2021-04-07,3286.2864871141387,3314.5122606230943,3258.0607136051826,3306.44775390625,14300
2021-04-08,3302.415363087374,3358.866907755534,3266.1250843721277,3290.318603515625,19400
2021-04-09,3298.383014688059,3395.157088468638,3290.3185085396776,3379.028076171875,15400
2021-04-12,3379.028259722856,3387.0927663093066,3314.51220703125,3314.51220703125,7600
2021-04-13,3314.5121536995603,3366.9314456680445,3314.5121536995603,3322.57666015625,4200
2021-04-14,3318.544546184289,3374.99609375,3306.447785991637,3374.99609375,10700
2021-04-15,3358.8667786379892,3379.0280438158884,3342.7377664956703,3346.77001953125,4600
2021-04-16,3366.9315270297275,3366.9315270297275,3310.47998046875,3310.47998046875,6700
2021-04-19,3330.641182549055,3475.802299464026,3330.641182549055,3467.73779296875,34100
2021-04-20,3419.3505594817434,3459.673089664311,3399.1892943904595,3423.3828125,11200
2021-04-21,3358.8671045453257,3366.9316113989757,3282.2542894356484,3334.673583984375,19000
2021-04-22,3383.0605978850585,3395.1573580681993,3322.5767969693543,3338.705810546875,11700
2021-04-23,3338.70551346009,3354.8345256024095,3318.5442482821913,3346.77001953125,4500
2021-04-26,3387.092824091526,3407.2540909015943,3342.738037109375,3342.738037109375,13800
2021-04-27,3362.8991654829542,3370.963671875,3326.60888671875,3326.60888671875,6600
2021-04-28,3358.866815345564,3459.6731423367273,3229.834716796875,3229.834716796875,44400
2021-04-30,3217.7381406747613,3237.8994072203423,3112.899554637739,3165.31884765625,56100
2021-05-06,3229.834774810489,3330.6411036123145,3185.4799901376855,3258.060546875,25700
2021-05-07,3258.0605351936306,3451.6086857991927,3254.0282820560146,3370.963623046875,43000
2021-05-10,3370.9634845440205,3443.5440380389873,3342.7377137404224,3354.83447265625,17700
2021-05-11,3350.8025438334025,3362.8993039194434,3310.4800102132654,3342.738037109375,14200
2021-05-12,3310.4798108679697,3314.5120639871757,3233.8670016030596,3262.0927734375,15900
2021-05-13,3258.0607045042557,3258.0607045042557,3173.3833842139225,3197.576904296875,16700
2021-05-14,3229.834604541261,3237.899110420265,3205.6410869042475,3209.67333984375,7100
2021-05-17,3221.7702318811234,3237.89924430606,3181.4477008187814,3189.51220703125,8800
2021-05-18,3245.963643008058,3245.963643008058,3197.576607335888,3205.64111328125,7400
2021-05-19,3213.7060259104683,3225.8027863593156,3173.383491080977,3181.447998046875,13600
2021-05-20,3205.641334675854,3258.060626940994,3205.641334675854,3245.9638671875,5400
2021-05-21,3245.963920697774,3274.189693921233,3237.8994140625,3237.8994140625,4800
2021-05-24,3266.125244140625,3282.254257691937,3249.996230589313,3266.125244140625,4500
2021-05-25,3266.125133443323,3278.221893196817,3237.899360685171,3245.9638671875,3900
2021-05-26,3254.028591411581,3278.222112537318,3249.996337890625,3249.996337890625,2700
2021-05-27,3249.996008911133,3249.996008911133,3189.5122122192383,3225.802490234375,9200
2021-05-28,3249.9960894614574,3249.9960894614574,3185.480038057756,3213.705810546875,9900
2021-05-31,3225.8025118670885,3225.8025118670885,3185.47998046875,3185.47998046875,7600
2021-06-01,3185.479835304054,3193.5443412162163,3129.0282939189187,3133.060546875,15900
2021-06-02,3173.383381123446,3173.383381123446,3141.125354377591,3161.28662109375,6100
2021-06-03,3161.286514514594,3177.41552734375,3149.189754892727,3177.41552734375,3400
2021-06-04,3169.3509629331384,3185.4799754671494,3149.189697265625,3149.189697265625,4900
2021-06-07,3193.544674928161,3193.544674928161,3153.2221411538153,3157.25439453125,6600
2021-06-08,3177.415744563926,3197.5770119786716,3173.383491080977,3181.447998046875,4100
2021-06-09,3181.4477008187814,3221.7702318811234,3177.415447712547,3189.51220703125,9200
2021-06-10,3209.673445884627,3221.7702051027854,3181.4476743755918,3193.54443359375,6700
2021-06-11,3213.705969144621,3213.705969144621,3153.22216796875,3153.22216796875,11100
2021-06-14,3181.4478072635407,3181.4478072635407,3165.31879429896,3173.38330078125,4300
2021-06-15,3177.415474189082,3197.5767398882517,3173.3832210492483,3185.47998046875,6300
2021-06-16,3201.609046587484,3201.609046587484,3173.383274136461,3177.41552734375,5800
2021-06-17,3201.608939739189,3201.608939739189,3185.479927448311,3193.54443359375,2000
2021-06-18,3201.6089663499524,3205.6412194561867,3181.4477008187814,3189.51220703125,3600
2021-06-21,3157.254367750518,3161.28662109375,3129.0285943478957,3161.28662109375,13500
2021-06-22,3181.4475171082004,3241.9313102091164,3181.4475171082004,3217.73779296875,13700
2021-06-23,3217.738086433847,3217.738086433847,3161.2865410578147,3173.38330078125,8000
2021-06-24,3189.512022854989,3221.7700458421446,3177.415264234806,3217.73779296875,3700
2021-06-25,3225.8026048065108,3290.318656902641,3225.8026048065108,3282.254150390625,8800
2021-06-28,3306.447589552096,3326.6088553420477,3294.350830078125,3294.350830078125,5700
2021-06-29,3294.350856706208,3294.350856706208,3266.1250843721277,3290.318603515625,4500
2021-06-30,3278.221923828125,3314.5122034276983,3270.157417250442,3278.221923828125,3400
2021-07-01,3278.2219774126274,3298.383244186383,3233.8671905103656,3270.157470703125,5600
2021-07-02,3270.1573111301827,3326.6088553420477,3254.0282984982214,3294.350830078125,7100
2021-07-05,3294.3509369834906,3298.3831902723323,3274.1896705392833,3278.221923828125,3000
2021-07-06,3270.1574439438696,3278.221950587381,3237.899417369824,3274.189697265625,2700
2021-07-07,3266.1250579721923,3294.350830078125,3245.9637921822405,3294.350830078125,3100
2021-07-08,3294.350990831632,3294.350990831632,3270.157470703125,3270.157470703125,4800
2021-07-09,3249.9960191348946,3302.415309766103,3237.899259758462,3298.383056640625,6500
2021-07-12,3306.447727142966,3322.576740446102,3294.3509671656134,3310.47998046875,3900
2021-07-13,3322.5766868544956,3326.6089401152417,3294.3509140292754,3318.54443359375,6900
2021-07-14,3322.576501317771,3366.931284709149,3310.4797422110314,3346.77001953125,13700
2021-07-15,3383.060600545102,3395.157360737754,3358.8670801597973,3374.99609375,7100
2021-07-16,3379.0279904879058,3379.0279904879058,3354.83447265625,3354.83447265625,2900
2021-07-19,3354.834824124396,3366.9315843075374,3322.5767969693543,3338.705810546875,7800
2021-07-20,3302.415497541134,3314.5122576053873,3270.157470703125,3270.157470703125,6900
2021-07-21,3322.576740446102,3322.576740446102,3282.2542071882613,3310.47998046875,4700
2021-07-26,3366.931185648817,3399.189208984375,3362.8989327318727,3399.189208984375,7800
2021-07-27,3435.4798947132617,3451.608908303465,3374.99609375,3374.99609375,13800
2021-07-28,3383.0606544723055,3411.2864287050897,3358.8671337013475,3366.931640625,4600
2021-07-29,3391.1251433486236,3516.125,3370.963876146789,3516.125,20800
2021-07-30,4080.640380859375,4080.640380859375,4080.640380859375,4080.640380859375,30100
2021-08-02,4056.446344594486,4120.962389836545,3911.2852427998523,3935.478759765625,107200
2021-08-03,3911.285574072906,4056.4466881622097,3911.285574072906,3995.962890625,42300
2021-08-04,3995.9625521800554,3995.9625521800554,3858.865956040679,3935.478759765625,23100
2021-08-05,3879.0274979169417,3907.2532697313063,3745.963145077795,3818.543701171875,27000
2021-08-06,3806.4475374732333,3842.7378211991436,3749.9959850107066,3766.125,10900
2021-08-10,3721.769912077771,3786.285966891687,3701.6086449484224,3737.89892578125,21500
2021-08-11,3737.8988118667853,3737.8988118667853,3645.156985898138,3681.447265625,25700
2021-08-12,3737.8985724330937,3999.9950203383264,3737.8985724330937,3903.220947265625,34400
2021-08-13,3951.607850438399,3967.7368620728416,3874.9950451747973,3923.382080078125,11400
2021-08-16,3907.2528773896115,3947.5754045040553,3814.5110650263905,3915.3173828125,12400
2021-08-17,3915.317967970828,3915.317967970828,3782.253608606217,3790.318115234375,18100
2021-08-18,3790.318198335095,3826.6084789574525,3733.866650700317,3814.51171875,20600
2021-08-19,3770.1567116761817,3883.059800368089,3717.7374204977964,3774.18896484375,18300
2021-08-20,3778.2212356018263,3822.576020651581,3677.414905943293,3697.576171875,16300
2021-08-23,3733.866433168069,3774.18896484375,3713.7051673302285,3774.18896484375,6800
2021-08-24,3818.5439046637057,3971.76953125,3818.5439046637057,3971.76953125,17600
2021-08-25,4004.0278864746097,4080.6407060546876,3991.9311254882814,4032.253662109375,28800
2021-08-26,4020.156544157264,4032.2533040694725,3963.7049979002913,3975.8017578125,15800
2021-08-27,3975.801408124211,3991.930419921875,3774.188760653409,3991.930419921875,28200
2021-08-30,3967.73730763784,4048.382374866251,3967.73730763784,4004.027587890625,15300
2021-08-31,4028.2206964666193,4040.3174553148674,3979.833661073627,3991.930419921875,15400
2021-09-01,4012.092010590806,4016.1242638677813,3947.5759581591947,3979.833984375,13500
2021-09-02,4028.221173967634,4185.47905763604,3983.8663862662884,4177.41455078125,45000
2021-09-03,4193.543783775845,4362.898436582178,4185.479276499354,4290.31787109375,40900
2021-09-06,4419.3493863662525,4435.478398725253,4330.639818391747,4379.02685546875,28400
2021-09-07,4314.511076039763,4491.930223091865,4290.317555987203,4411.28515625,41400
2021-09-08,4403.220917492378,4419.349931842167,4233.866266819594,4298.38232421875,46600
2021-09-09,4274.188856540766,4314.511392923226,4233.866320158306,4290.31787109375,20100
2021-09-10,4338.704455738336,4580.6396484375,4314.5109364684195,4580.6396484375,60300
2021-09-13,4540.317169243276,4637.091247450948,4467.736610587522,4572.5751953125,31600
2021-09-14,4637.0909129474185,4637.0909129474185,4516.123323914007,4548.38134765625,22500
2021-09-15,4516.123364169675,4556.445894206904,4419.349292080325,4467.736328125,20000
2021-09-16,4508.0594015682445,4508.0594015682445,4274.1886991613055,4387.091796875,33800
2021-09-17,4387.091268050542,4483.8653401398915,4338.704232005866,4467.736328125,69100
2021-09-21,4362.898010587432,4524.188140368852,4330.639984631148,4427.4140625,40900
2021-09-22,4435.478117028061,4459.671634030033,4338.704049020176,4346.7685546875,20800
2021-09-24,4508.058491782948,4758.058157695777,4467.7359650228145,4749.99365234375,73900
2021-09-27,4911.284184809331,5056.445293719951,4524.18789438101,4612.8974609375,107300
2021-09-28,4612.897795376713,4725.800888270548,4540.317235659247,4709.671875,38000
2021-09-29,4629.02647303868,4749.9940637975305,4556.445918583369,4612.8974609375,36000
2021-09-30,4620.962442660551,4620.962442660551,4354.83371559633,4395.15625,33300
2021-10-01,4330.640022479363,4435.478607753538,4161.285384728773,4274.1884765625,41200
2021-10-04,4330.63999043206,4338.704496931933,3983.8662109375,3983.8662109375,44100
2021-10-05,3903.221218168304,3983.8662846593847,3733.866578537035,3899.18896484375,73000
2021-10-06,3911.2857146567485,3975.8017676820145,3762.0923420358213,3790.318115234375,40500
2021-10-07,3798.382350682452,3911.285435416113,3774.188832525239,3794.35009765625,32300
2021-10-08,3927.4145725614303,3971.7693572618164,3870.963028397303,3887.092041015625,25100
2021-10-11,3943.543704882219,4032.253276975684,3923.3824384973404,3979.833984375,25500
2021-10-12,4056.4471840820315,4096.769720703125,3983.866618164063,4032.253662109375,21900
2021-10-13,3979.83342619561,3999.994689752832,3866.9303502751673,3915.3173828125,33200
2021-10-14,3939.511224667888,3939.511224667888,3895.1564411762333,3903.220947265625,10100
2021-10-15,3959.6732795266544,4112.89892578125,3955.641025677849,4112.89892578125,20900
2021-10-18,4193.543675595238,4314.5112816220235,4137.092126116072,4233.8662109375,34100
2021-10-19,4290.317287494245,4379.02685546875,4258.059262776243,4379.02685546875,27500
2021-10-20,4435.478607753538,4451.607620872642,4225.801437205189,4274.1884765625,36100
2021-10-21,4282.252085779443,4290.316590649085,4161.284512734826,4185.47802734375,19900
2021-10-22,4217.737036502723,4322.575624408144,4169.349995930989,4258.0595703125,26200
2021-10-25,4330.639818391747,4435.478398725253,4282.252781314744,4379.02685546875,26000
2021-10-26,4451.6078597642345,4556.446450664479,4419.349831794929,4532.2529296875,33000
2021-10-27,4564.510688795193,4612.89772789903,4443.5430910356035,4572.5751953125,36500
2021-10-28,4629.026636368189,5282.251649514223,4548.381573016827,5032.251953125,451800
2021-10-29,5056.4458335574445,5064.510340469019,4612.8979534208265,4685.478515625,174100
2021-11-01,4806.44580078125,4822.57481353555,4524.188077581009,4806.44580078125,61100
2021-11-02,4887.091104884056,5145.1553216436105,4846.7685710153755,5064.51025390625,72500
2021-11-04,5088.703230574324,5153.219277871622,5032.251689189189,5072.57421875,26900
2021-11-05,5072.5748191209705,5161.284394654088,4991.9297504545,5129.0263671875,33200
2021-11-08,5080.639036097822,5080.639036097822,4879.02637593521,4951.60693359375,32200
2021-11-09,4959.671485345095,5016.123030706746,4862.897407582263,4870.9619140625,19500
2021-11-10,4846.768987827332,4959.672092369067,4830.639972892799,4927.4140625,22300
2021-11-11,4887.091110061813,5137.0908203125,4879.0266032795325,5137.0908203125,28400
2021-11-12,5056.445858452264,5185.477969672736,5056.445858452264,5120.9619140625,21700
2021-11-15,5153.219628155048,5241.92919921875,5129.026108774038,5241.92919921875,19900
2021-11-16,5282.251331884537,5314.509355285358,5137.090226580839,5153.21923828125,26800
2021-11-17,5193.542476624016,5233.865011380413,5104.832900159941,5120.9619140625,17500
2021-11-18,5056.44511642456,5193.541714477539,4991.929070281983,5161.28369140625,27000
2021-11-19,5241.92948530424,5491.92919921875,5241.92948530424,5491.92919921875,35800
2021-11-22,5685.476757410623,5983.863480849194,5588.702684944059,5879.02490234375,79400
2021-11-24,5903.218425419978,5935.476449602601,5491.9286170915375,5580.63818359375,62900
2021-11-25,5798.37979192032,5806.44429788961,5499.993071056548,5588.70263671875,37700
2021-11-26,5516.122098214286,5532.251110197368,5354.831978383459,5362.896484375,36600
2021-11-29,5282.25148806069,5556.444695074527,5241.928957617478,5427.41259765625,44500
2021-11-30,5588.702774047852,5604.831786382766,5419.34814453125,5419.34814453125,35700
2021-12-01,5403.21923828125,5443.5417699102145,5233.864605439599,5403.21923828125,24700
2021-12-02,5322.574013157895,5338.70302531898,4999.993769936204,5056.4453125,58900
2021-12-03,4975.800147804054,5137.0902660472975,4919.348606418919,5072.57421875,44500
2021-12-06,4991.92931621905,5129.0259210263575,4935.477773063099,5048.380859375,21000
2021-12-07,5056.44570569093,5217.73583984375,5016.123172152725,5217.73583984375,23800
2021-12-08,5379.0256027290725,5395.154615031109,5298.380541218891,5346.767578125,20000
2021-12-09,5403.219185159744,5451.606222638786,5362.896653927208,5411.28369140625,16200
2021-12-10,5370.961203432299,5379.02570974376,5290.3161403177,5330.638671875,15100
2021-12-13,5354.83191233828,5370.960924122432,5266.122347525447,5298.38037109375,11300
2021-12-14,5290.3159587848295,5290.3159587848295,5153.2193561943695,5209.6708984375,12900
2021-12-15,5209.671604982718,5266.123154881912,5145.155547955069,5249.994140625,9900
2021-12-16,5274.187512906112,5491.92919921875,5274.187512906112,5491.92919921875,22000
2021-12-17,5411.283897701368,5411.283897701368,5266.122779730244,5306.4453125,17600
2021-12-20,5387.090586920204,5387.090586920204,5129.0263671875,5129.0263671875,29600
2021-12-21,5185.477444243358,5298.38053012113,5048.380839963207,5274.18701171875,24500
2021-12-22,5330.638355626874,5443.541437289168,5322.573849793853,5379.025390625,13500
2021-12-23,5459.671225155102,5532.251787971048,5403.219676298254,5483.86474609375,15700
2021-12-24,5564.509183309558,5669.347762125535,5508.057640870185,5653.21875,18300
2021-12-27,5685.477006392045,5838.7026278409085,5620.960955255681,5766.1220703125,30900
2021-12-28,5862.896916390728,6120.9611548013245,5838.703394039735,6088.703125,35100
2021-12-29,6056.444389322917,6403.218169270834,5959.670311197917,6048.3798828125,62200
2021-12-30,6056.44482421875,6112.896373845289,5806.445104444075,6056.44482421875,27200
2022-01-04,6185.47660297251,6282.250682810411,5959.670416684074,6032.2509765625,44000
2022-01-05,6032.2504222972975,6088.7019636824325,5846.7667863175675,5967.734375,34600
2022-01-06,5846.767296951808,5854.831803568293,5725.7996977045295,5741.9287109375,24800
2022-01-07,5749.992994856127,5806.444538985149,5645.154412902228,5701.60595703125,25800
2022-01-11,5677.412256141619,5677.412256141619,5532.251147319816,5580.63818359375,19800
2022-01-12,5709.670570146277,5798.380141151374,5685.47705078125,5685.47705078125,19500
2022-01-13,5693.541387249643,5782.250955606223,5508.057744322246,5637.08984375,32800
2022-01-14,5612.8964401115445,5758.0575549420155,5524.186869937367,5693.54150390625,43000
2022-01-17,5782.251237025471,5846.767289879312,5653.21913131779,5669.34814453125,20900
2022-01-18,5653.21956426447,5758.05815818093,5596.768013694069,5677.4130859375,30000
2022-01-19,5572.57369517131,5588.70270731363,5322.574006965361,5354.83203125,40500
2022-01-20,5274.186970538403,5427.412585890436,5249.993452324925,5354.83203125,33000
2022-01-21,5225.800224098653,5225.800224098653,5024.187561131884,5088.70361328125,36700
2022-01-24,5016.122907149106,5225.800070470451,4999.993894585926,5185.4775390625,32900
2022-01-25,5233.864714232004,5258.058233712275,4903.219948001632,4943.54248046875,34700
2022-01-26,4943.542007102844,5080.638604363445,4903.219478496784,5016.12255859375,21200
2022-01-27,5129.026352755542,5225.800434883005,4838.704106373153,4911.28466796875,92000
2022-01-28,5153.219619917609,5419.3483326833075,5024.187516758483,5169.3486328125,145500
2022-01-31,5233.865237226277,5532.25200729927,5120.962135036496,5524.1875,70200
2022-02-01,5580.638377448694,5790.31554191931,5403.21923828125,5403.21923828125,68600
2022-02-02,5483.864485770893,5612.896591318444,5387.09040661023,5596.767578125,24400
2022-02-03,5524.186495619378,5548.380013118441,5379.025390625,5379.025390625,27900
2022-02-04,5298.380708292461,5395.15478515625,5209.671137833988,5395.15478515625,28300
2022-02-07,5314.509694132107,5338.7032132252725,5129.026047751168,5177.4130859375,32400
2022-02-08,5233.864961088905,5314.510029826793,5153.219892351017,5201.60693359375,21400
2022-02-09,5274.1875538380555,5306.4455816902755,5185.477977244449,5266.123046875,23400
2022-02-10,5274.186853417523,5346.767406446204,5185.477288604689,5298.38037109375,25500
2022-02-14,5161.284503154574,5161.284503154574,5064.510418720425,5112.8974609375,28300
2022-02-15,5129.026308096139,5129.026308096139,5008.058706490097,5064.51025390625,24800
2022-02-16,5161.28434065934,5225.800394917583,5096.7682864010985,5137.0908203125,17700
2022-02-17,5177.413348738554,5177.413348738554,5048.381240358777,5064.51025390625,18400
2022-02-18,4983.864915114183,5056.445472130408,4935.477877103365,5032.251953125,24400
2022-02-21,5024.187276401952,5032.2517824635925,4887.090673354065,4983.86474609375,22100
2022-02-22,4967.736599836334,5024.188152107202,4879.0270176963995,4927.4140625,29700
2022-02-24,4879.026963975694,4951.607530381944,4774.188368055556,4862.89794921875,36400
2022-02-25,4959.671722987912,5153.219887787441,4879.026654321442,5129.0263671875,36300
2022-02-28,5048.381240358777,5145.1553216436105,4983.8651861688895,5064.51025390625,29500
2022-03-01,5088.703056813052,5129.025584996991,5016.1225060819625,5024.18701171875,34200
2022-03-02,4927.413627849641,5016.123202164446,4887.091094070184,4919.34912109375,29900
2022-03-03,4959.671594359946,5016.123140962417,4854.8330078125,4854.8330078125,35200
2022-03-04,4854.832666843221,4879.026185116526,4725.800569385593,4758.05859375,47000
2022-03-07,4677.413780037477,4693.54279307209,4491.93013013944,4572.5751953125,52400
2022-03-08,4508.059150695801,4766.123359680176,4443.543098449707,4645.15576171875,51400
2022-03-09,4725.801104525862,4741.930118534483,4596.768992456897,4677.4140625,31800
2022-03-10,4862.897354403409,4879.0263671875,4774.187784090909,4879.0263671875,27600
2022-03-11,4798.381393563034,4830.639419738248,4669.3492888621795,4717.736328125,24600
2022-03-14,4741.929697314698,4822.5747601942,4741.929697314698,4814.51025390625,15300
2022-03-15,4798.3814010877,4870.961960095749,4741.92985519255,4790.31689453125,26200
2022-03-16,4822.575092685242,4911.28466796875,4782.252558465466,4911.28466796875,24400
2022-03-17,5064.509978465545,5104.832510141226,4991.929421449318,5032.251953125,27600
2022-03-18,5032.252289244186,5201.60693359375,5016.123275496609,5201.60693359375,26400
2022-03-22,5225.800124123832,5241.929136852609,5145.155060479946,5177.4130859375,23500
2022-03-23,5241.92889450188,5370.960990366541,5233.864388510338,5362.896484375,40400
2022-03-24,5306.445110201658,5419.348197652757,5258.058072722616,5411.28369140625,23600
2022-03-25,5467.734954788231,5475.7994606212515,5282.2513206287485,5379.025390625,40800
2022-03-28,5354.832190809379,5370.961203432299,5282.25163400624,5330.638671875,20600
2022-03-29,5322.574280150636,5395.154838516327,5282.251747725252,5387.09033203125,32900
2022-03-30,5437.752705954915,5488.41499824642,5378.646698281492,5454.64013671875,23900
2022-03-31,5454.64005406299,5454.64005406299,5378.646616777282,5387.09033203125,16100
2022-04-01,5302.653560086382,5302.653560086382,5159.1103904662095,5192.88525390625,24200
2022-04-04,5192.884454542591,5235.10302734375,5150.665881741432,5235.10302734375,16100
2022-04-05,5277.32234430539,5361.7595018142765,5251.991197052725,5344.8720703125,18300
2022-04-06,5319.5406272194605,5319.5406272194605,5201.32861328125,5201.32861328125,17900
2022-04-07,5142.222347733986,5142.222347733986,5024.010339740102,5091.56005859375,24900
2022-04-08,5083.116391175546,5142.2223957240985,5032.4541015625,5032.4541015625,14900
2022-04-11,5040.8981436893855,5040.8981436893855,4872.0238340180495,4897.35498046875,18400
2022-04-12,4897.354929727428,5057.785522252981,4821.361491162691,4956.4609375,22700
2022-04-13,4880.467401336315,5091.5602820169515,4880.467401336315,5074.6728515625,17600
2022-04-14,5159.110219486424,5209.772512967469,5049.3419169441595,5150.66650390625,20400
2022-04-15,5150.665838068182,5150.665838068182,4838.248401988636,4922.685546875,46300
2022-04-18,4846.692507799168,4948.01708984375,4812.917647117641,4948.01708984375,16200
2022-04-19,5007.123481445312,5125.335502929687,4956.461186523437,5066.2294921875,21500
2022-04-20,5083.116391175546,5108.447535982068,4998.6792418204695,5032.4541015625,20700
2022-04-21,5032.453968618697,5116.891115743172,4998.679109768907,5024.01025390625,15000
2022-04-22,4990.235971811655,5049.3419816300675,4948.0173933699325,4998.6796875,14400
2022-04-25,4855.13618180842,4956.4607629939865,4838.248751610825,4914.2421875,22100
2022-04-26,5049.341755773885,5201.328631365741,4897.354880182029,5015.56689453125,100700
2022-04-27,4897.3543597722455,5015.566361559851,4745.367500331038,4981.79150390625,79200
2022-04-28,4939.573374673369,5007.123096036423,4931.129659502986,4948.01708984375,20900
2022-05-02,4956.460714498886,4973.34814453125,4872.023564337065,4973.34814453125,22700
2022-05-06,5024.010834565033,5024.010834565033,4905.798814928209,4998.6796875,31000
2022-05-09,5015.56640625,5024.010120738636,4922.685546875,4922.685546875,25700
2022-05-10,4897.354721257716,4897.354721257716,4779.142710744599,4787.58642578125,34600
2022-05-11,4787.586070745764,4812.917213977223,4728.480069872359,4796.02978515625,15100
2022-05-12,4728.48046875,4829.8050502232145,4711.593038504465,4728.48046875,16400
2022-05-13,4753.811867705606,4863.580170157068,4753.811867705606,4838.2490234375,23000
2022-05-16,4914.242014962456,4948.01687417182,4770.698863322659,4779.142578125,15100
2022-05-17,4779.142745919244,4905.798472401203,4745.367885524055,4914.2421875,12700
2022-05-18,4914.242411435884,4939.573557886584,4855.136403050916,4897.35498046875,10000
2022-05-19,4812.91796875,4846.692831688597,4770.699390076755,4812.91796875,9900
2022-05-20,4787.586378144055,4846.6923828125,4762.25523328615,4846.6923828125,12000
2022-05-23,4846.693040600712,4939.573917685395,4838.249324502105,4888.91162109375,8400
2022-05-24,4888.910870555433,4888.910870555433,4779.142578125,4779.142578125,11000
2022-05-25,4770.698863322659,4787.586292927341,4736.924004113295,4779.142578125,9200
2022-05-26,4863.580118534483,4905.798695952317,4812.9178256330815,4897.35498046875,18900
2022-05-27,4914.242583133013,4939.57373046875,4888.911435797276,4939.57373046875,11900
2022-05-30,5007.123249993628,5175.99755859375,4998.679534563622,5175.99755859375,32900
2022-05-31,5159.110045680527,5192.884906863378,5074.672892723399,5108.44775390625,13600
2022-06-01,5108.447048347745,5226.65904616075,5083.115905959244,5218.21533203125,12900
2022-06-02,5209.772685626271,5218.21640148628,5159.1103904662095,5192.88525390625,9400
2022-06-03,5209.7724609375,5218.216176433347,5167.553883458266,5209.7724609375,7200
2022-06-06,5209.7722791056385,5294.209431117075,5175.997418301064,5260.4345703125,15200
2022-06-07,5235.103334664537,5311.096770167732,5235.103334664537,5285.765625,8500
2022-06-08,5268.878628554502,5344.8720703125,5268.878628554502,5344.8720703125,11400
2022-06-09,5294.209574613836,5294.209574613836,5175.99755859375,5175.99755859375,20500
2022-06-10,5150.6665161336605,5150.6665161336605,5040.898213330812,5057.78564453125,16900
2022-06-13,4964.904478092783,4990.235623389175,4855.13618180842,4914.2421875,19700
2022-06-14,4829.804989256155,4973.34814453125,4812.917559223791,4973.34814453125,13800
2022-06-15,4939.573557886584,4981.7921353044185,4888.911264985183,4897.35498046875,11900
2022-06-16,4914.242996506716,4990.236444906303,4872.0244140625,4872.0244140625,12300
2022-06-17,4812.918100440565,4846.692964303305,4736.924656749398,4821.36181640625,19800
2022-06-20,4905.798348578656,4905.798348578656,4686.26176155104,4720.03662109375,20200
2022-06-21,4796.030445571553,4846.692739010689,4753.811867705606,4838.2490234375,9800
2022-06-22,4897.3550032202065,4897.3550032202065,4711.59326171875,4711.59326171875,14100
2022-06-23,4736.924326171875,4753.811756924716,4618.7123109019885,4644.04345703125,18500
2022-06-24,4686.261808975883,4686.261808975883,4601.8246592646055,4660.9306640625,14400
2022-06-27,4703.148970170454,4762.254971590909,4694.705255681818,4736.923828125,14400
2022-06-28,4736.924135561343,4804.473855854552,4711.592990451389,4787.58642578125,10700
2022-06-29,4779.142710744599,4829.805000964507,4711.592990451389,4787.58642578125,22400
2022-06-30,4829.804825742967,4829.804825742967,4652.48681640625,4652.48681640625,17200
2022-07-01,4728.480340442518,4728.480340442518,4576.493472356866,4627.15576171875,24300
2022-07-04,4576.493561854932,4644.043282325115,4568.049846796158,4601.82470703125,17600
2022-07-05,4601.824664611252,4627.155809554067,4559.606089706562,4568.0498046875,16700
2022-07-06,4568.050120794951,4584.937551925432,4508.944111838269,4525.83154296875,20900
2022-07-07,4551.162729673032,4576.493876591435,4492.05672019676,4559.6064453125,17600
2022-07-08,4576.493472356866,4694.705480867929,4576.493472356866,4627.15576171875,23900
2022-07-11,4694.70543010159,4779.142578125,4677.818000496908,4779.142578125,18200
2022-07-12,4779.142673658288,4779.142673658288,4660.9306640625,4660.9306640625,9900
2022-07-13,4694.705390057849,4720.036534248809,4644.04310167593,4652.48681640625,10800
2022-07-14,4635.600043207622,4711.5934865388945,4635.600043207622,4694.7060546875,5800
2022-07-15,4694.705523947011,4694.705523947011,4644.043234120244,4660.9306640625,7200
2022-07-19,4669.37455292022,4728.4805599192105,4660.93083763465,4703.1494140625,11000
2022-07-20,4736.924135561343,4812.9175708912035,4736.924135561343,4787.58642578125,17900
2022-07-21,4787.58642578125,4821.361285927855,4753.811565634645,4787.58642578125,9800
2022-07-22,4812.917213977223,4829.804642798195,4787.586070745764,4796.02978515625,8600
2022-07-25,4855.136011346069,4855.136011346069,4736.924004113295,4779.142578125,14400
2022-07-26,4812.917619977678,4812.917619977678,4703.149323381696,4728.48046875,14700
2022-07-27,4720.037279061392,4770.699575437721,4686.262414810505,4762.255859375,14200
2022-07-28,4787.586474609375,4804.473904854911,4703.149323381696,4728.48046875,25600
2022-07-29,4728.480620941558,4728.480620941558,4542.718882261711,4551.16259765625,49600
2022-08-01,4551.1623747256235,4568.0498046875,4492.056369859057,4568.0498046875,26800
2022-08-02,4568.05008003407,4568.05008003407,4475.169209645206,4492.056640625,34100
2022-08-03,4500.500356114896,4534.275218074483,4492.056640625,4492.056640625,12400
2022-08-04,4542.719066970568,4542.719066970568,4492.056772543387,4500.50048828125,17600
2022-08-05,4508.9441514756945,4576.493876591435,4492.05672019676,4559.6064453125,14000
2022-08-08,4568.0498531498715,4568.0498531498715,4508.94384765625,4508.94384765625,18400
2022-08-09,4508.94416425449,4508.94416425449,4458.281870274102,4466.7255859375,23800
2022-08-10,4458.281429597701,4458.281429597701,4390.731710967433,4407.619140625,35100
2022-08-12,4432.95028511135,4483.612574084052,4407.619140625,4407.619140625,24400
2022-08-15,4424.506613147576,4500.500047342859,4416.062898236989,4441.39404296875,29900
2022-08-16,4475.168902611098,4475.168902611098,4441.39404296875,4441.39404296875,17500
2022-08-17,4449.838063175516,4508.944071604793,4449.838063175516,4492.056640625,19800
2022-08-18,4475.169209645206,4517.38778709469,4449.838063175516,4492.056640625,19800
2022-08-19,4551.162465148699,4568.049895446096,4517.387604553904,4542.71875,22100
2022-08-22,4517.387867115162,4584.937592230903,4517.387867115162,4559.6064453125,23200
2022-08-23,4568.050120794951,4568.050120794951,4517.38782740351,4525.83154296875,16400
2022-08-24,4559.6064453125,4576.493876591435,4534.275298394097,4559.6064453125,23200
2022-08-25,4584.9371872505135,4644.043191506044,4576.493472356866,4627.15576171875,33500
2022-08-26,4686.262074825136,4694.705790275271,4660.93092847473,4677.818359375,28100
2022-08-29,4618.711957484971,4669.37424586689,4593.380813294011,4652.48681640625,28800
2022-08-30,4669.3747237127445,4745.3681640625,4652.48729252391,4745.3681640625,27000
2022-08-31,4703.1492754147375,4812.9175708912035,4703.1492754147375,4787.58642578125,32800
2022-09-01,4762.255859375,4796.030723625887,4720.037279061392,4762.255859375,17300
2022-09-02,4770.699229326489,4770.699229326489,4677.818359375,4677.818359375,49400
2022-09-05,4677.8184393071615,4753.811879656917,4644.043576929493,4745.3681640625,24400
2022-09-06,4770.69944337672,4804.474306692662,4736.92458006078,4753.81201171875,18900
2022-09-07,4745.368123809924,4745.368123809924,4677.818399627577,4711.59326171875,15500
2022-09-08,4736.924711186835,4787.587007563165,4736.924711186835,4762.255859375,19800
2022-09-09,4745.367850597994,4787.58642578125,4745.367850597994,4787.58642578125,23800
2022-09-12,4812.91752300196,4863.57981271777,4804.473808049325,4846.6923828125,24700
2022-09-13,4855.1366258245025,4880.4677734375,4846.692909953503,4880.4677734375,27000
2022-09-14,4796.030445571553,4897.355032449826,4762.255583278796,4838.2490234375,23200
2022-09-15,4838.248357208682,4838.248357208682,4787.586070745764,4796.02978515625,12500
2022-09-16,4796.0305908636765,4812.918022521648,4745.368295889764,4753.81201171875,30200
2022-09-20,4812.9177450967,4872.023752492624,4779.142883727601,4829.80517578125,26000
2022-09-21,4812.917836596551,4821.361552099352,4779.1429745853475,4804.47412109375,22600
2022-09-22,4787.586649612832,4787.586649612832,4728.480641592921,4770.69921875,38500
2022-09-26,4720.036760729736,4720.036760729736,4627.155894239527,4635.599609375,38200
2022-09-27,4677.818359375,4779.142944776625,4677.818359375,4677.818359375,23800
2022-09-28,4694.705830673163,4736.924408287131,4652.487253059196,4711.59326171875,39700
2022-09-29,4703.149882524216,4720.037314777444,4517.388127738699,4576.494140625,50500
2022-09-30,4517.38774617513,4525.831461588541,4449.838022867838,4458.28173828125,25900
2022-10-03,4432.950582132711,4551.16259765625,4416.063151343634,4551.16259765625,19600
2022-10-04,4635.599700592376,4660.930846497253,4601.824839385874,4610.2685546875,14800
2022-10-05,4644.0435489745205,4652.48726451811,4610.26868680016,4618.71240234375,12500
2022-10-06,4601.824880149147,4677.818318536932,4601.824880149147,4644.04345703125,12600
2022-10-07,4618.7123109019885,4669.3746031605115,4593.381164772727,4644.04345703125,10400
2022-10-11,4568.0498531498715,4584.937283290906,4508.94384765625,4508.94384765625,13600
2022-10-12,4492.056692708334,4492.056692708334,4407.619536830357,4432.95068359375,22300
2022-10-13,4399.175473111347,4416.062902950546,4348.51318359375,4348.51318359375,18400
2022-10-14,4416.062898236989,4449.837757879337,4382.288038594641,4441.39404296875,12500
2022-10-17,4390.732014973958,4466.725453694661,4390.732014973958,4458.28173828125,12100
2022-10-18,4500.50039627303,4525.83154296875,4466.725534012068,4525.83154296875,10700
2022-10-19,4483.612702444699,4525.831277797285,4466.725272303664,4508.94384765625,7800
2022-10-20,4458.281870274102,4492.056732927694,4432.950723283908,4466.7255859375,12400
2022-10-21,4458.281830357143,4492.056692708334,4432.95068359375,4432.95068359375,7000
2022-10-24,4483.613056805523,4568.050214184158,4483.613056805523,4500.50048828125,16300
2022-10-25,4517.3875148018715,4601.824664611252,4517.3875148018715,4568.0498046875,8100
2022-10-26,4593.381215469613,4601.824930939227,4559.606353591161,4584.9375,11000
2022-10-27,4551.16233680638,4686.261775375772,4424.506613147576,4441.39404296875,59200
2022-10-28,4432.95046784157,4432.95046784157,4340.069600896318,4356.95703125,65700
2022-10-31,4432.950643294146,4441.3943588051825,4365.400919205854,4399.17578125,13300
2022-11-01,4407.6193148126185,4466.725320949952,4407.6193148126185,4449.837890625,13100
2022-11-02,4466.725278777784,4475.1689938605405,4390.731843032982,4416.06298828125,29800
2022-11-04,4399.175468415815,4466.725187700511,4399.175468415815,4441.39404296875,11600
2022-11-07,4525.8313691737285,4525.8313691737285,4475.1690777277545,4483.61279296875,8500
2022-11-08,4492.056589894481,4551.16259765625,4492.056589894481,4551.16259765625,7500
2022-11-09,4551.162547576121,4627.15598529075,4534.275116972871,4610.2685546875,7900
2022-11-10,4568.0500284453265,4610.268605418019,4551.16259765625,4551.16259765625,7200
2022-11-11,4627.155804177989,4660.9306640625,4601.8246592646055,4660.9306640625,10600
2022-11-14,4644.0435489745205,4677.818411148881,4618.71240234375,4618.71240234375,7400
2022-11-15,4618.712390968022,4720.036977241543,4584.937528876848,4711.59326171875,15800
2022-11-16,4720.036399147727,4770.698686079545,4669.374112215909,4736.923828125,8400
2022-11-17,4736.92458006078,4753.81201171875,4694.706000915852,4753.81201171875,6100
2022-11-18,4762.255195522138,4804.473769950526,4720.03662109375,4720.03662109375,7300
2022-11-21,4736.924135561343,4787.58642578125,4736.924135561343,4787.58642578125,4700
2022-11-22,4796.030365044247,4804.474080475664,4770.69921875,4770.69921875,7000
2022-11-24,4804.4741611447425,4838.2490234375,4762.255583278796,4838.2490234375,15400
2022-11-25,4838.248942201328,4880.467519358407,4770.69921875,4770.69921875,25500
2022-11-28,4787.586701423891,4787.586701423891,4711.59326171875,4711.59326171875,9200
2022-11-29,4677.818046665362,4728.480335979428,4627.155757351296,4720.03662109375,12500
2022-11-30,4703.1494140625,4728.4805599192105,4677.81826820579,4703.1494140625,5300
2022-12-01,4753.811839332718,4753.811839332718,4694.705830673163,4711.59326171875,7000
2022-12-02,4703.149330458788,4703.149330458788,4618.712179104053,4635.599609375,11500
2022-12-05,4635.599700592376,4644.043415894002,4593.381124084249,4610.2685546875,8600
2022-12-06,4610.26864640884,4627.156077348066,4568.050069060773,4584.9375,6900
2022-12-07,4618.71249479406,4660.931073357077,4584.937631943647,4593.38134765625,10600
2022-12-08,4593.380991972477,4627.155852207569,4559.606131737385,4601.82470703125,10000
2022-12-09,4593.381204873646,4703.149505725406,4593.381204873646,4677.818359375,11600
2022-12-12,4694.705480867929,4694.705480867929,4627.15576171875,4627.15576171875,8100
2022-12-13,4635.59974165483,4677.818318536932,4627.156026278409,4644.04345703125,6200
2022-12-14,4669.3743790336275,4686.261808975883,4635.5995191491165,4660.9306640625,6400
2022-12-15,4686.262338761803,4694.7060546875,4660.931190984713,4694.7060546875,2500
2022-12-16,4660.930309109403,4703.148880749887,4652.486594781307,4669.3740234375,7600
2022-12-19,4686.26176155104,4736.924050865105,4652.48690200833,4720.03662109375,9300
2022-12-20,4736.924367525948,4796.030375676895,4644.043497574458,4677.818359375,15700
2022-12-21,4669.3750180177585,4669.3750180177585,4559.606708371772,4576.494140625,15100
2022-12-22,4542.71905338063,4601.825063368854,4534.275337668027,4593.38134765625,12400
2022-12-23,4576.493743839866,4576.493743839866,4483.612874499941,4551.16259765625,12900
2022-12-26,4534.27525853399,4601.824983055912,4525.83154296875,4525.83154296875,10900
2022-12-27,4542.719014033565,4576.493876591435,4525.831582754629,4559.6064453125,7700
2022-12-28,4576.493916231044,4593.38134765625,4542.71905338063,4593.38134765625,8600
2022-12-29,4593.38090214416,4652.486906399692,4559.606042569571,4627.15576171875,10500
2022-12-30,4669.3740234375,4711.592595077984,4652.486594781307,4669.3740234375,9400
2023-01-04,4686.261992402129,4711.593138307006,4601.824839385874,4610.2685546875,13300
2023-01-05,4610.26837959219,4652.486954496881,4559.606089706562,4568.0498046875,10400
2023-01-06,4559.606353591161,4610.26864640884,4551.162638121547,4584.9375,5800
2023-01-10,4711.59312934807,4753.81170577592,4669.37455292022,4703.1494140625,14100
2023-01-11,4770.69921875,4812.917795907079,4753.811787887168,4770.69921875,13400
2023-01-12,4821.3609283877095,4821.3609283877095,4770.698641924791,4796.02978515625,7400
2023-01-13,4762.254971590909,4796.029829545454,4736.923828125,4736.923828125,10200
2023-01-16,4736.924448468082,4787.586742034586,4728.480732873665,4745.3681640625,6800
2023-01-17,4753.811737700776,4829.80517578125,4753.811737700776,4829.80517578125,8100
2023-01-18,4812.918100440565,4846.692964303305,4787.586952543509,4821.36181640625,12100
2023-01-19,4804.473499566737,4812.917213977223,4753.811213103819,4796.02978515625,12100
2023-01-20,4770.699520612138,4821.36181640625,4753.812088680768,4821.36181640625,5100
2023-01-23,4846.692727284888,4956.461029470783,4821.361580626605,4931.1298828125,22000
2023-01-24,4931.1295223364095,5074.672676240038,4931.1295223364095,5032.4541015625,20400
2023-01-25,5057.785552877129,5100.004130113165,5007.1232601938855,5083.11669921875,12900
2023-01-26,5108.44717565693,5108.44717565693,5024.010032257643,5040.8974609375,10600
2023-01-27,5049.341531433515,5074.672676240038,5032.4541015625,5032.4541015625,9600
2023-01-30,5032.454497730592,5066.229360131469,5007.123350929935,5057.78564453125,18000
2023-01-31,5066.229348104508,5175.997650646773,5015.567054623463,5150.66650390625,26500
2023-02-01,5150.666728772615,5167.55416067023,5091.560717130962,5133.779296875,13000
2023-02-02,5159.109639485677,5353.315075996594,5159.109639485677,5268.8779296875,20100
2023-02-03,5268.877973228504,5403.97740843949,5226.65939972507,5302.65283203125,26400
2023-02-06,5319.5404852236425,5327.984200279553,5251.9907647763575,5285.765625,12600
2023-02-07,5260.434514704807,5446.196247166293,5251.990799592922,5412.42138671875,14800
2023-02-08,5446.196580408563,5598.18346172229,5446.196580408563,5589.73974609375,26200
2023-02-09,5589.739432041792,5716.395159353917,5555.964571425225,5631.9580078125,26700
2023-02-10,5674.176625372578,5724.838916670547,5615.070618858281,5665.73291015625,14500
2023-02-13,5665.732960160956,5665.732960160956,5539.077230798193,5606.626953125,12000
2023-02-14,5623.514596199387,5724.839183518295,5606.627164979569,5682.62060546875,12400
2023-02-15,5682.620723083942,5792.389028284671,5657.289575729927,5783.9453125,14200
2023-02-16,5741.726380284256,5826.163532935496,5716.395234488885,5792.388671875,18100
2023-02-17,5716.395152044156,5792.3885883342555,5699.507721757467,5724.8388671875,10800
2023-02-20,5775.501517494461,5775.501517494461,5657.289498130539,5716.3955078125,8500
2023-02-21,5674.1767074742265,5733.28271484375,5674.1767074742265,5733.28271484375,6400
2023-02-22,5707.951962289223,5775.501689653593,5691.06453044813,5758.6142578125,7100
2023-02-24,5783.944648293887,5843.05065199908,5733.282359403722,5741.72607421875,11800
2023-02-27,5733.282359403722,5800.832077923943,5707.95121495864,5741.72607421875,11000
2023-02-28,5750.169927705224,5775.501072761194,5640.401632462686,5657.2890625,11600
2023-03-01,5640.401590066629,5665.732734932198,5513.745865738785,5623.51416015625,25500
2023-03-02,5589.739522543298,5648.845529579255,5555.964661379895,5606.626953125,16300
2023-03-03,5615.070919786282,5741.726654819055,5615.070919786282,5716.3955078125,16100
2023-03-06,5707.951436900811,5733.282582330845,5631.958000610712,5724.8388671875,12600
2023-03-07,5733.282795868587,5817.719950446916,5699.507934037255,5800.83251953125,17200
2023-03-08,5775.500926482371,5935.931507773548,5775.500926482371,5927.48779296875,23500
2023-03-09,6037.256177211865,6054.143607078192,5876.82559348176,5902.15673828125,23300
2023-03-10,5826.16377365757,6003.481801551497,5826.16377365757,5995.0380859375,25700
2023-03-13,5910.600410296763,5952.818984656025,5792.388402090827,5868.3818359375,16100
2023-03-14,5783.944560459681,5783.944560459681,5606.62655203683,5674.17626953125,21400
2023-03-15,5783.945078152982,5902.15709434881,5741.726500940186,5893.71337890625,11000
2023-03-16,5682.620868778935,5741.726880787037,5631.9585727719905,5699.50830078125,18200
2023-03-17,5707.95112827846,5750.169701712472,5589.739122663225,5674.17626953125,17000
2023-03-20,5598.183020485448,5631.957880337547,5446.196151151002,5530.63330078125,23200
2023-03-22,5615.070760152704,5623.514475581505,5572.852183008698,5581.2958984375,8600
2023-03-23,5572.852274886018,5581.295990454027,5505.302550341945,5555.96484375,8800
2023-03-24,5615.071140769676,5733.283164785879,5564.408844762732,5699.50830078125,9500
2023-03-27,5775.501115657456,5775.501115657456,5674.176534681009,5691.06396484375,10200
2023-03-28,5741.7264396987275,5750.170155051226,5623.514424763754,5640.40185546875,11200
2023-03-29,5640.402027419205,5691.064321078659,5623.514596199387,5682.62060546875,11000
2023-03-30,5594.244273792614,5797.510653409091,5594.244273792614,5735.64697265625,21800
2023-03-31,5709.133092368521,5824.022767601943,5709.133092368521,5797.509765625,13500
2023-04-03,5832.861013587998,5832.861013587998,5744.484331563938,5762.15966796875,9600
2023-04-04,5788.672140045633,5806.347474824398,5762.159137877485,5779.83447265625,10300
2023-04-05,5735.646106575109,5735.646106575109,5585.40576171875,5585.40576171875,14000
2023-04-06,5664.944624856708,5664.944624856708,5532.379618034788,5541.21728515625,8300
2023-04-07,5541.217604269193,5629.594280573327,5541.217604269193,5611.9189453125,9000
2023-04-10,5603.081277682087,5620.756612942913,5576.568274790847,5611.9189453125,9500
2023-04-11,5611.918861257825,5691.457868740219,5594.243526261737,5647.26953125,7700
2023-04-12,5664.94518344885,5726.80885939915,5647.269847463051,5717.97119140625,8400
2023-04-13,5700.295941722152,5717.971277975554,5664.945269215347,5682.62060546875,5100
2023-04-14,5744.484641335227,5744.484641335227,5664.945623224432,5735.64697265625,9000
2023-04-17,5753.321554236779,5753.321554236779,5682.620214092548,5744.48388671875,8900
2023-04-18,5717.970759694169,5797.509765625,5717.970759694169,5797.509765625,5200
2023-04-19,5797.51003101145,5797.51003101145,5717.971021439646,5788.67236328125,6200
2023-04-20,5770.99742371359,5788.672760386526,5717.971413694782,5726.80908203125,6800
2023-04-21,5762.159221754808,5806.347559344952,5717.970884164663,5744.48388671875,17000
2023-04-24,5762.159523634041,5762.159523634041,5603.081499975433,5620.7568359375,14700
2023-04-25,5629.594596708544,5691.458273595451,5603.081592328441,5682.62060546875,12400
2023-04-26,5664.945175842669,5673.782843823703,5594.2438319943985,5620.7568359375,15100
2023-04-27,5576.56825800173,5594.243593209343,5072.821204584775,5108.171875,87200
2023-04-28,5019.79504698621,5108.171720348643,4860.71703493383,4966.76904296875,73800
2023-05-01,4984.444590692934,4993.282258406929,4843.041907269021,4878.392578125,46100
2023-05-02,4904.905581266983,4931.418584408967,4851.879574983016,4878.392578125,25900
2023-05-08,4896.068268324383,4940.256610096264,4825.366921489373,4834.20458984375,24700
2023-05-09,4834.204239555027,4913.743248980978,4834.204239555027,4878.392578125,16100
2023-05-10,4878.392620738637,4913.743291903409,4860.71728515625,4860.71728515625,13600
2023-05-11,4869.55486818169,4940.2562092805165,4869.55486818169,4896.06787109375,15500
2023-05-12,4940.256295276989,4940.256295276989,4860.71728515625,4860.71728515625,13900
2023-05-15,4904.906207074176,4904.906207074176,4825.3671875,4825.3671875,21800
2023-05-16,4825.366269003379,4904.9052734375,4825.366269003379,4904.9052734375,15400
2023-05-17,4940.256305007799,5002.119979668004,4931.418637199198,4957.931640625,22900
2023-05-18,5002.120081768135,5143.522769591968,5002.120081768135,5117.009765625,24900
2023-05-19,5205.386627302137,5240.737300492644,5108.172276028244,5143.52294921875,15700
2023-05-22,5143.522683721055,5187.711022928281,5099.334344513829,5152.3603515625,13600
2023-05-23,5152.36029882132,5196.548637576219,5072.8212890625,5072.8212890625,13600
2023-05-24,5081.659051103969,5161.198062338641,5063.983715274043,5134.68505859375,9200
2023-05-25,5134.684628244174,5258.411968683792,5117.009293895657,5214.2236328125,17400
2023-05-26,5205.386063618876,5320.275739046797,5205.386063618876,5276.08740234375,21300
2023-05-29,5408.652957589286,5408.652957589286,5258.41259765625,5258.41259765625,11800
2023-05-30,5223.061832350128,5284.925508875425,5152.360487749787,5196.548828125,13300
2023-05-31,5108.17196006642,5161.197966572299,5072.8212890625,5072.8212890625,17900
2023-06-01,4993.282541005399,5125.847564217932,4993.282541005399,5063.98388671875,14300
2023-06-02,5063.983663919089,5063.983663919089,4975.606985665701,5055.14599609375,20300
2023-06-05,5063.983663919089,5090.496667395105,5046.308328268411,5055.14599609375,12500
2023-06-06,5028.6329503076,5090.49662456446,5002.11994705466,5072.8212890625,14200
2023-06-07,5055.146394496682,5072.821731540376,4993.28271484375,4993.28271484375,15900
2023-06-08,4993.28196171737,5055.145632039532,4984.444294528489,5002.11962890625,9900
2023-06-09,5037.470703125,5046.3083710252195,5010.957699424342,5037.470703125,10800
2023-06-12,5019.795324792395,5072.821331744428,5019.795324792395,5055.14599609375,13900
2023-06-13,5072.821468465663,5143.522812973895,5072.821468465663,5099.33447265625,18400
2023-06-14,5081.659042626096,5090.496710526316,5037.470703125,5037.470703125,22100
2023-06-15,5037.470711529152,5223.061737743385,5037.470711529152,5134.68505859375,28500
2023-06-16,5019.795545647906,5063.98388671875,4993.282541005399,5063.98388671875,22800
2023-06-19,4683.963952590304,4763.502963105989,4577.911938569391,4648.61328125,171100
2023-06-20,4622.099833015267,4657.450500954199,4577.911498091603,4630.9375,57000
2023-06-21,4595.587179371388,4648.613185287211,4577.911844066112,4586.74951171875,34700
2023-06-22,4586.749597049454,4622.1002683176575,4533.723590147148,4551.39892578125,55400
2023-06-23,4569.07420813519,4586.749543563179,4463.022195567255,4471.85986328125,49700
2023-06-26,4445.346721595871,4480.697391350112,4409.996051841629,4427.67138671875,33000
2023-06-27,4414.414969799264,4418.833803602867,4365.807797959633,4392.32080078125,43200
2023-06-28,4409.996273694285,4445.346945226905,4405.5774397527075,4436.50927734375,17900
2023-06-29,4436.509499642769,4471.860172946695,4427.671831316787,4445.34716796875,18600
2023-06-30,4463.022727360801,4463.022727360801,4418.8343835255455,4454.18505859375,16100
2023-07-03,4471.86012917698,4516.0484703743805,4463.0224609375,4463.0224609375,20700
2023-07-04,4463.0224609375,4463.0224609375,4427.671787979579,4463.0224609375,20300
2023-07-05,4436.509456219059,4480.69779741646,4414.415285620359,4463.0224609375,13200
2023-07-06,4427.671540681306,4454.184543918919,4409.9962051895645,4414.4150390625,13500
2023-07-07,4401.158510890152,4409.996178582702,4370.226673966225,4374.6455078125,30300
2023-07-10,4414.414871651786,4414.414871651786,4330.45703125,4330.45703125,43300
2023-07-11,4348.13214148773,4374.64514235046,4321.619140625,4321.619140625,19100
2023-07-12,4321.619577026368,4321.619577026368,4242.08056640625,4242.08056640625,43300
2023-07-13,4242.080037603735,4286.268371328773,4197.891703878696,4259.75537109375,30200
2023-07-14,4259.755594510223,4308.362764157124,4259.755594510223,4268.59326171875,16500
2023-07-18,4277.431068295338,4339.294740770684,4277.431068295338,4312.78173828125,20500
2023-07-19,4330.457542735718,4370.22705078125,4317.201040053874,4370.22705078125,15100
2023-07-20,4365.808305061799,4365.808305061799,4317.201127576293,4334.87646484375,13200
2023-07-21,4326.038239525967,4326.038239525967,4281.8499020435775,4312.78173828125,14600
2023-07-24,4330.457211507986,4361.389048733044,4330.457211507986,4356.97021484375,13300
2023-07-25,4370.226896224483,4396.739900650517,4352.551559940462,4383.4833984375,11400
2023-07-26,4365.807882622337,4374.6455504009255,4334.876045397281,4356.97021484375,8500
2023-07-27,4339.295364622086,4533.72407749721,4268.594014485677,4454.18505859375,109900
2023-07-28,4480.697476853307,4657.450828997422,4326.038293727207,4392.32080078125,65400
2023-07-31,4392.320716964508,4445.346721595871,4392.320716964508,4427.67138671875,19200
2023-08-01,4436.509456219059,4463.0224609375,4427.671787979579,4463.0224609375,12800
2023-08-02,4463.022727360801,4489.5357336619545,4436.509721059648,4454.18505859375,12200
2023-08-03,4427.671895735907,4427.671895735907,4356.970548099406,4370.22705078125,31300
2023-08-04,4356.97030859375,4418.833984375,4348.132640625,4418.833984375,15300
2023-08-07,4379.064521268669,4401.15869140625,4365.808019186119,4401.15869140625,12900
2023-08-08,4401.158370535714,4427.671372767857,4330.45703125,4330.45703125,20100
2023-08-09,4334.875949435764,4339.2947832272375,4273.012276355131,4295.1064453125,23500
2023-08-10,4277.431374838918,4286.26904296875,4215.567697930091,4286.26904296875,25100
2023-08-14,4268.593191093262,4268.593191093262,4219.986022250585,4246.4990234375,23000
2023-08-15,4264.174286271737,4264.174286271737,4224.40478515625,4224.40478515625,17500
2023-08-16,4224.405403783766,4224.405403783766,4171.37939453125,4171.37939453125,36200
2023-08-17,4166.960114174701,4166.960114174701,4100.677609707446,4153.70361328125,27800
2023-08-18,4118.353165223593,4175.7980055110465,4113.934331355327,4162.54150390625,18900
2023-08-21,4162.54153009168,4202.31103515625,4162.54153009168,4202.31103515625,15600
2023-08-22,4206.729895019531,4250.918234252929,4189.054559326172,4242.08056640625,11400
2023-08-23,4242.080549845838,4308.3630584371795,4215.567546409301,4299.525390625,11100
2023-08-24,4303.944403768195,4361.389246939639,4303.944403768195,4326.03857421875,14500
2023-08-25,4290.687527901786,4343.713532366071,4250.918024553572,4330.45703125,15800
2023-08-28,4334.876156143142,4379.064496164989,4334.876156143142,4361.38916015625,20800
2023-08-29,4365.807700892858,4365.807700892858,4326.0381975446435,4330.45703125,15100
2023-08-30,4365.808062153478,4383.4833984375,4339.295057727445,4383.4833984375,26300
2023-08-31,4383.483489686879,4445.34716796875,4374.645821360897,4445.34716796875,33300
2023-09-01,4436.50905415731,4463.022056472992,4392.320716964508,4427.67138671875,23800
2023-09-04,4445.347124458539,4498.37313389542,4445.347124458539,4463.0224609375,13900
2023-09-05,4463.02206993103,4542.56107711792,4463.02206993103,4524.8857421875,26300
2023-09-06,4524.8857421875,4560.23641204834,4524.8857421875,4524.8857421875,22100
2023-09-07,4480.697530995244,4542.561204993206,4463.022195567255,4471.85986328125,29500
2023-09-08,4471.859948876369,4471.859948876369,4436.50927734375,4436.50927734375,14700
2023-09-11,4436.50927734375,4480.697616759525,4418.83394157744,4436.50927734375,11400
2023-09-12,4436.509456219059,4480.69779741646,4436.509456219059,4463.0224609375,11200
2023-09-13,4436.50936362638,4445.347031681413,4396.739857378733,4401.15869140625,13800
2023-09-14,4401.158521569293,4498.372866423233,4401.158521569293,4471.85986328125,7900
2023-09-15,4471.859475892422,4551.398478428058,4471.859475892422,4533.72314453125,20300
2023-09-19,4489.53515625,4524.885826771653,4454.184485728347,4489.53515625,35300
2023-09-20,4463.022056472992,4507.210393665793,4418.83371928019,4427.67138671875,25700
2023-09-21,4418.833856997282,4507.210534137228,4414.4150231402855,4471.85986328125,16800
2023-09-22,4454.1851455479455,4533.724166004158,4454.1851455479455,4516.048828125,16900
2023-09-25,4516.047991612161,4577.9116627301355,4516.047991612161,4560.236328125,28500
2023-09-26,4560.23641204834,4560.23641204834,4489.53507232666,4524.8857421875,17100
2023-09-27,4454.184749445266,4507.210758367233,4427.671744984283,4480.69775390625,41600
2023-09-28,4414.415168182466,4454.184674202128,4361.38916015625,4361.38916015625,46100
2023-09-29,4374.6454967151985,4374.6454967151985,4268.593484673618,4277.43115234375,26800
2023-10-02,4299.525636750508,4405.5776565675815,4299.525636750508,4348.1328125,18500
2023-10-03,4339.294670442842,4370.226506179197,4277.430998970134,4290.6875,19900
2023-10-04,4268.593744827529,4268.593744827529,4162.541726322497,4171.37939453125,26100
2023-10-05,4180.216712935666,4215.5673828125,4113.934206916601,4215.5673828125,23100
2023-10-06,4211.14892578125,4259.756101209995,4206.730091651364,4211.14892578125,13100
2023-10-10,4264.17474501973,4339.294921875,4264.17474501973,4339.294921875,21300
2023-10-11,4334.876242398972,4361.389246939639,4299.525569678083,4326.03857421875,15000
2023-10-12,4330.457437345297,4480.69779741646,4330.457437345297,4463.0224609375,27300
2023-10-13,4445.346988281251,4471.8599921875,4405.577482421875,4418.833984375,13600
2023-10-16,4374.6454967151985,4387.901998220396,4277.43115234375,4277.43115234375,24000
2023-10-17,4339.294921875,4379.064427268966,4312.781918279023,4339.294921875,11100
2023-10-18,4321.6195695273245,4418.83391567211,4321.6195695273245,4396.73974609375,16000
2023-10-19,4414.41505540457,4414.41505540457,4348.132547065162,4356.97021484375,9600
2023-10-20,4339.294628405449,4348.132295673077,4295.106292067308,4308.36279296875,14000
2023-10-23,4308.362764157124,4330.456932178442,4246.499093697432,4268.59326171875,16500
2023-10-24,4330.45715836454,4330.45715836454,4206.729810982696,4277.43115234375,18200
2023-10-25,4290.687833876091,4348.132676142197,4290.687833876091,4303.9443359375,14400
2023-10-26,4259.755452814461,4312.7814543017785,4144.865782925274,4224.40478515625,70500
2023-10-27,4286.268856747372,4471.859879410661,4277.4311890015015,4414.4150390625,77400
2023-10-30,4348.132450810185,4374.645453559027,4273.012276355131,4295.1064453125,27100
2023-10-31,4356.970047210267,4427.67138671875,4308.362876298185,4427.67138671875,28400
2023-11-01,4339.295364622086,4480.698064894903,4339.295364622086,4454.18505859375,23500
2023-11-02,4454.184630423814,4489.535302093845,4379.064453125,4379.064453125,23300
2023-11-06,4383.483201951952,4436.509208427177,4374.645534206081,4414.4150390625,15600
2023-11-07,4361.389048733044,4405.577387625983,4356.97021484375,4356.97021484375,9000
2023-11-08,4370.22705078125,4405.5777245995005,4321.619874281155,4370.22705078125,19500
2023-11-09,4365.807994158435,4374.645662162804,4330.457322140957,4361.38916015625,10000
2023-11-10,4343.71351902587,4577.911704690539,4330.457017950511,4542.56103515625,50300
2023-11-13,4463.022195567255,4516.048201851223,4436.509192425271,4471.85986328125,11500
2023-11-14,4436.50927734375,4471.859948876369,4418.83394157744,4436.50927734375,8200
2023-11-15,4383.4833125000005,4436.5093203125,4383.4833125000005,4418.833984375,21700
2023-11-16,4379.064410431061,4436.509251334799,4379.064410431061,4396.73974609375,11800
2023-11-17,4348.132879644843,4379.064719235813,4299.525703144748,4370.22705078125,25000
2023-11-20,4330.4573400603185,4409.996352428773,4233.2429916099845,4303.9443359375,37200
2023-11-21,4303.944070784772,4352.551242015401,4290.687569540055,4312.78173828125,22300
2023-11-22,4312.781613739879,4370.226450808135,4312.781613739879,4365.8076171875,9300
2023-11-24,4379.064215806668,4463.022056472992,4379.064215806668,4427.67138671875,36000
2023-11-27,4445.346572641226,4683.963585486778,4445.346572641226,4595.5869140625,52000
2023-11-28,4595.587190448114,4719.314537883255,4586.749522774175,4683.9638671875,38600
2023-11-29,4683.964089718691,4701.639425906309,4648.613417343456,4692.8017578125,19200
2023-11-30,4675.126199513561,4701.639202535377,4657.450864165684,4683.9638671875,13900
2023-12-01,4683.964176648482,4683.964176648482,4622.100498843691,4657.451171875,15200
2023-12-04,4657.450626093449,4657.450626093449,4551.398619427184,4577.91162109375,21200
2023-12-05,4577.911929232403,4586.749597049454,4524.885922330097,4551.39892578125,12800
2023-12-06,4516.048564845244,4622.1005859375,4516.048564845244,4622.1005859375,17600
2023-12-07,4533.724166004158,4560.237172822896,4489.535821306262,4516.048828125,21800
2023-12-08,4463.022504620713,4480.697841272677,4418.834162990805,4445.34716796875,20000
2023-12-11,4445.347081291605,4516.048426520895,4427.671744984283,4480.69775390625,20300
2023-12-12,4507.2108021349,4551.399143332302,4454.18479269802,4463.0224609375,14100
2023-12-13,4436.50902655338,4551.398702539823,4436.50902655338,4542.56103515625,31500
2023-12-14,4560.236497293307,4586.749500184547,4436.50915046752,4489.53515625,25400
2023-12-15,4480.697541404739,4630.937892891683,4480.697541404739,4569.07421875,34400
2023-12-18,4551.398872707201,4551.398872707201,4463.022195567255,4471.85986328125,19600
2023-12-19,4445.347124458539,4489.53546565594,4427.671787979579,4463.0224609375,19900
2023-12-20,4463.022524861531,4463.022524861531,4383.483509566969,4387.90234375,35400
2023-12-21,4326.038211175306,4436.50905415731,4326.038211175306,4427.67138671875,31800
2023-12-22,4436.509192425271,4551.398872707201,4436.509192425271,4471.85986328125,24000
2023-12-25,4507.210534137228,4507.210534137228,4471.85986328125,4471.85986328125,9800
2023-12-26,4463.02206993103,4551.39874458313,4463.02206993103,4524.8857421875,15900
2023-12-27,4489.535209139265,4604.4248896881045,4489.535209139265,4569.07421875,19400
2023-12-28,4569.074228922525,4675.126241972952,4569.074228922525,4666.28857421875,20400
2023-12-29,4666.288406599813,4790.015750714202,4666.288406599813,4736.98974609375,37100
2024-01-04,4719.31494140625,4728.15260983585,4666.288930828651,4719.31494140625,11000
2024-01-05,4736.990142072306,4763.50314659883,4675.12646484375,4675.12646484375,18700
2024-01-09,4675.126421624883,4736.990098281544,4675.126421624883,4692.8017578125,13300
2024-01-10,4692.80140891004,4763.502748403976,4692.80140891004,4736.98974609375,15800
2024-01-11,4754.665390844864,4790.016062895756,4701.639382768527,4710.47705078125,15800
2024-01-12,4772.340401785715,4772.340401785715,4639.775390625,4639.775390625,12400
2024-01-15,4630.9379032019415,4683.963909727154,4630.9379032019415,4666.28857421875,2800
2024-01-16,4630.937807401631,4719.314483115403,4604.4248046875,4604.4248046875,17000
2024-01-17,4613.262248347355,4657.450584059495,4569.073912635216,4595.5869140625,18800
2024-01-18,4516.047950538429,4604.424622760316,4516.047950538429,4577.91162109375,25300
2024-01-19,4666.288584183674,4772.340597460576,4648.613248637524,4763.5029296875,41000
2024-01-22,4772.340954701835,4834.204633744266,4745.827949397935,4816.529296875,28700
2024-01-23,4843.042391115989,4896.068402697551,4781.1787109375,4781.1787109375,26600
2024-01-24,4781.178532143064,4843.042210008131,4710.477186011559,4754.66552734375,16800
2024-01-25,4754.665705146719,4816.529385325208,4701.639693565157,4781.1787109375,17300
2024-01-26,4781.178620413448,4798.853957272648,4710.47727297665,4719.31494140625,18200
2024-01-29,4754.665615124649,4763.503283554249,4719.31494140625,4719.31494140625,9900
2024-01-30,4710.477186011559,4843.042210008131,4710.477186011559,4754.66552734375,16600
2024-01-31,4754.665261914425,5002.119959560529,4639.775580864448,4763.5029296875,108100
2024-02-01,4692.801492561971,4728.152162939086,4613.262484213464,4701.63916015625,34400
2024-02-02,4683.964264907982,4692.801933332337,4586.749912240081,4622.1005859375,45900
2024-02-05,4701.639425906309,4772.34077065678,4622.1004130620295,4692.8017578125,29100
2024-02-06,4692.801849478682,4790.016200409503,4692.801849478682,4754.66552734375,36800
2024-02-07,4754.665390844864,4754.665390844864,4666.288710717637,4710.47705078125,18100
2024-02-08,4666.288392857143,4692.8013950892855,4630.937723214286,4639.775390625,18400
2024-02-09,4648.612814860502,4657.450481808906,4533.72314453125,4533.72314453125,37400
2024-02-13,4560.236551015474,4604.4248896881045,4542.561215546421,4569.07421875,16500
2024-02-14,4586.74941444397,4586.74941444397,4516.04807472229,4524.8857421875,23600
2024-02-15,4551.399503883317,4551.399503883317,4480.698152366683,4516.048828125,20100
2024-02-16,4586.749330032703,4586.749330032703,4480.697322401889,4560.236328125,28000
2024-02-19,4533.72340965271,4560.23641204834,4489.53507232666,4524.8857421875,17200
2024-02-20,4551.399503883317,4577.9125107020545,4516.048828125,4516.048828125,12300
2024-02-21,4524.885658914729,4586.749330032703,4507.2103243095935,4560.236328125,11100
2024-02-22,4604.425162328036,4657.451171875,4577.912157554554,4657.451171875,14800
2024-02-26,4657.450725446429,4683.963727678572,4630.937723214286,4639.775390625,13200
2024-02-27,4657.451262399052,4745.827946695049,4639.775925539852,4719.31494140625,14900
2024-02-28,4719.314166215215,4878.3921718179745,4719.314166215215,4843.04150390625,51200
2024-02-29,4896.067704278804,5072.82105100367,4896.067704278804,4966.76904296875,68800
2024-03-01,4966.769193339101,5108.171875,4966.769193339101,5108.171875,49700
2024-03-04,5249.575103759766,5249.575103759766,5055.146396213107,5090.4970703125,37300
2024-03-05,5055.146396213107,5134.68541293674,5028.6333906385635,5090.4970703125,31000
2024-03-06,5063.983896566439,5258.41259765625,5063.983896566439,5258.41259765625,31300
2024-03-07,5258.412678321342,5258.412678321342,5002.12029568047,5028.63330078125,28900
2024-03-08,5002.120385064019,5099.334738837348,4993.282716539171,5090.4970703125,26800
2024-03-11,5002.119936792295,5072.821278655084,4913.743259463809,4975.60693359375,32300
2024-03-12,4975.6073778000555,5019.795720409292,4913.743698147124,4993.28271484375,14400
2024-03-13,5081.65886019483,5090.496527777777,4975.606849199459,5010.95751953125,11400
2024-03-14,5063.9837068256575,5063.9837068256575,4966.769359923245,5037.470703125,6700
2024-03-15,5046.308637515103,5108.172316083589,4993.282627313543,5028.63330078125,18700
2024-03-18,5090.49662456446,5125.84729556838,5055.14595356054,5072.8212890625,8000
2024-03-19,5063.984064737956,5134.68541293674,5055.146396213107,5090.4970703125,11400
2024-03-21,5170.0359153427,5337.9516117384455,5170.0359153427,5258.41259765625,42800
2024-03-22,5267.249947546406,5594.24365234375,5267.249947546406,5594.24365234375,96900
2024-03-25,5611.919277574889,6044.9650171042895,5611.919277574889,5974.263671875,124400
2024-03-26,5983.10104237432,6151.016728940217,5903.562032948369,6097.99072265625,55800
2024-03-27,5974.263983118603,6071.478337873492,5859.374291135554,6044.96533203125,51700
2024-03-28,6008.549238995808,6117.795588795732,5926.614476645866,5972.1337890625,45200
2024-03-29,6063.172427354355,6063.172427354355,5972.133802319004,6035.86083984375,21900
2024-04-01,5981.23791276446,6072.27654157366,5780.95292938422,5862.8876953125,42000
2024-04-02,5862.887826949452,5890.199416205427,5780.953059181525,5808.2646484375,36700
2024-04-03,5780.952713896225,5990.341552352308,5726.329538646812,5817.3681640625,57100
2024-04-04,5871.99155819342,5908.4070097171,5817.368380907899,5862.8876953125,42900
2024-04-05,5771.84912109375,5853.783887796974,5744.537532192676,5771.84912109375,33900
2024-04-08,5844.679863987199,6117.795745481928,5826.472138554217,6044.96484375,54400
2024-04-09,6026.75675727821,6063.172205962671,5899.302686882598,5990.34130859375,35000
2024-04-10,5990.341928680982,6035.861244248466,5908.40716065951,5935.71875,33100
2024-04-11,5926.614489801329,6081.380152361425,5881.095177283653,6035.86083984375,34900
2024-04-12,6081.380627648305,6081.380627648305,5890.199500132415,5908.4072265625,28900
2024-04-15,5817.368264394264,6026.757106461663,5799.160538997098,5981.23779296875,19600
2024-04-16,5953.926168189859,5953.926168189859,5717.225739485063,5790.056640625,38400
2024-04-17,5780.952896926415,5790.056759756219,5607.9795031601125,5671.70654296875,34100
2024-04-18,5662.602425258366,5817.3680863988675,5653.4985628383365,5780.95263671875,18700
2024-04-19,5699.0179115468245,5699.0179115468245,5462.317487105583,5626.18701171875,57900
2024-04-22,5626.18701171875,5699.0179115468245,5607.979286761732,5626.18701171875,21100
2024-04-23,5662.602334046975,5717.2255076873,5617.083022680038,5680.81005859375,16700
2024-04-24,5817.368370259763,5826.472233124018,5717.225878752944,5799.16064453125,16400
2024-04-25,5780.95313336619,5953.926534207068,5553.356553312403,5844.68017578125,104700
2024-04-26,5844.680249854877,5953.926609665248,5544.252760376355,5881.095703125,80300
2024-04-30,5881.095326180608,6108.69189453125,5826.472149776453,6108.69189453125,43000
2024-05-01,6081.380696110681,6117.796149380805,5881.095703125,5881.095703125,29500
2024-05-02,5871.991266077731,6126.8994140625,5871.991266077731,6126.8994140625,27500
2024-05-07,6145.107138918555,6172.418726202638,6072.276239494336,6126.8994140625,24600
2024-05-08,6099.587890625,6199.7303783815305,6072.276303055038,6099.587890625,19900
2024-05-09,6108.691753148321,6190.626515858209,6063.172440531716,6099.587890625,9900
2024-05-10,6072.2767644332625,6072.2767644332625,5871.991773702331,5908.4072265625,34600
2024-05-13,5908.406751679211,6008.549238995808,5899.302889195885,5972.1337890625,18500
2024-05-14,5972.134155455904,6136.003690209268,5899.303251121076,6090.484375,19800
2024-05-15,6136.003276490528,6181.522588630665,6072.276239494336,6126.8994140625,15000
2024-05-16,6117.795680284858,6126.899542904329,6072.2763671875,6072.2763671875,11500
2024-05-17,6063.172614477962,6327.184635228505,6044.964888908959,6299.873046875,44700
2024-05-20,6272.56103515625,6400.015105536783,6227.041724306059,6272.56103515625,40100
2024-05-21,6308.976995910384,6463.742665362731,6281.665407183499,6400.015625,29100
2024-05-22,6400.015570898711,6545.677376210773,6299.87307974667,6491.05419921875,32800
2024-05-23,6627.612009953059,6827.8969882758165,6527.469520791681,6545.67724609375,45700
2024-05-24,6409.119043508287,6645.819462728763,6308.97655845347,6591.1962890625,16900
2024-05-27,6645.819771431588,6736.8583984375,6600.300457928632,6736.8583984375,17200
2024-05-28,6736.858549883022,6946.24739670371,6736.858549883022,6809.689453125,39300
2024-05-29,6827.897055855011,6827.897055855011,6509.26185991511,6518.36572265625,26600
2024-05-30,6381.808048468267,6500.1582690532705,6318.081006614803,6472.8466796875,21800
2024-05-31,6509.261770694814,6509.261770694814,6363.599968833111,6418.22314453125,8000
2024-06-03,6445.534874070468,6454.638736886951,6345.392383089146,6427.3271484375,13400
2024-06-04,6436.430649414063,6454.638374023438,6363.599750976562,6372.70361328125,9500
2024-06-05,6363.60008636651,6363.60008636651,6263.457595736994,6299.873046875,20200
2024-06-06,6427.326787109375,6481.9499609375,6345.392026367187,6372.70361328125,21400
2024-06-07,6381.807899182077,6418.223350817923,6290.769270092461,6400.015625,20200
2024-06-10,6427.3270195093055,6481.9501953125,6363.599981072244,6481.9501953125,8700
2024-06-11,6481.950156464334,6745.962171264146,6472.846293885031,6636.7158203125,18700
2024-06-12,6618.507967952806,6745.96204161352,6591.196380739796,6691.3388671875,14000
2024-06-13,6691.338931224385,6709.546656207309,6582.092581326844,6664.02734375,15800
2024-06-14,6664.027346286525,7119.220471032873,6664.027346286525,7009.97412109375,52600
2024-06-17,6937.143424987793,6991.7666015625,6818.793209075928,6991.7666015625,16100
2024-06-18,7046.3900144933295,7255.778865053208,7009.974562222046,7164.740234375,26400
2024-06-19,7164.740224984976,7283.090444711538,7000.870689978966,7101.01318359375,19200
2024-06-20,7237.570853652468,7237.570853652468,7028.1820113455415,7146.5322265625,11600
2024-06-21,7073.7013547398565,7110.116805729508,6837.0009233071205,6928.03955078125,30200
2024-06-24,6955.351346343874,6955.351346343874,6718.650907855731,6909.83203125,29200
2024-06-25,6918.935559607236,7009.974185391542,6791.481483509208,6982.66259765625,21300
2024-06-26,7119.220691784274,7119.220691784274,6955.351161794355,7055.49365234375,12300
2024-06-27,7082.805163748379,7182.947653210116,6991.76653696498,7019.078125,13500
2024-06-28,7019.078310611548,7137.4285285596025,6827.897189310845,6873.41650390625,22000
2024-07-01,6964.454990053051,6991.766578249337,6791.481598143237,6864.3125,14200
2024-07-02,6937.14375311255,6946.247616305611,6764.170352444389,6855.208984375,21100
2024-07-03,6855.208458679991,7101.012746043019,6855.208458679991,7009.97412109375,19700
2024-07-04,6955.350868962141,6991.766318537859,6900.727694598564,6973.55859375,15300
2024-07-05,6973.55880741077,7428.75194105377,6809.689279299289,7365.02490234375,48100
2024-07-08,7219.3631938339195,7419.648175251758,7082.805251958121,7119.220703125,31800
2024-07-09,7210.259463595361,7292.194230227126,7009.97447849549,7064.59765625,25000
2024-07-10,7064.597438391699,7182.947653210116,7009.97426232166,7019.078125,13600
2024-07-11,7073.7014539373395,7164.740082688141,7009.974413811778,7091.9091796875,12400
2024-07-12,7009.974358671455,7055.493672688803,6773.27392578125,6773.27392578125,47900
2024-07-16,6818.792933053199,7064.597217689295,6818.792933053199,6973.55859375,23100
2024-07-17,6991.766865079365,7055.493906818369,6882.5205078125,6882.5205078125,28300
2024-07-18,6809.689365671642,6846.104816824966,6664.027561058345,6709.546875,32700
2024-07-19,6745.962027413504,6827.896788880065,6627.61181640625,6627.61181640625,21500
2024-07-22,6627.612285539216,6636.716148568803,6500.158203125,6500.158203125,16000
2024-07-23,6509.261668238147,6700.442780172413,6472.846218345905,6600.30029296875,35000
2024-07-24,6600.300475471615,6682.23523999471,6454.638671875,6454.638671875,14100
2024-07-25,6390.911401822543,6427.326851405577,6254.353465886164,6345.39208984375,28900
2024-07-26,6372.704130006068,6664.027747377774,6163.315280020154,6563.88525390625,64500
2024-07-29,6554.781239042777,6727.754632850851,6472.846473554742,6491.05419921875,44900
2024-07-30,6554.781096383427,6600.300409552757,6372.70384370611,6481.9501953125,32600
2024-07-31,6400.015848311844,6554.781523164335,6163.315404419799,6509.26220703125,51700
2024-08-01,6400.015805951287,6554.781479779412,6154.211500459559,6190.626953125,45800
2024-08-02,5972.133948182907,6026.757124538239,5662.602615502696,5699.01806640625,79900
2024-08-05,5152.78612726385,5207.4093017578125,4788.631630637429,4806.83935546875,86700
2024-08-06,5079.95523340879,5243.824757067138,4988.916609154152,5152.7861328125,55300
2024-08-07,4970.709291588862,5362.175407959413,4952.501565246045,5180.09814453125,43800
2024-08-08,5034.435767389113,5243.824596774193,5007.1241809475805,5079.955078125,39300
2024-08-09,5189.20166015625,5262.032560649671,5079.955309416118,5189.20166015625,30800
2024-08-13,5298.4477696572585,5416.797977570564,5298.4477696572585,5362.1748046875,26300
2024-08-14,5343.9674145801955,5407.694453595633,5271.136512848268,5289.34423828125,28500
2024-08-15,5325.7596243244325,5389.486662564213,5271.136448690336,5316.65576171875,25000
2024-08-16,5407.694115423387,5653.498393397177,5407.694115423387,5644.39453125,25800
2024-08-19,5562.460090069731,5617.083266076963,5498.733051394628,5507.8369140625,30500
2024-08-20,5617.083354999492,5708.121983119419,5580.667903751521,5607.9794921875,19500
2024-08-21,5571.563836847695,5653.498599154278,5544.252249412167,5626.18701171875,12800
2024-08-22,5626.18735913442,5671.706674337774,5589.771906971739,5617.08349609375,13000
2024-08-23,5626.187566692073,5626.187566692073,5553.356659679878,5598.8759765625,15600
2024-08-26,5589.77166564329,5626.1871162338,5425.902137985995,5444.10986328125,28900
2024-08-27,5444.109799097858,5480.525249259047,5416.798211476965,5471.42138671875,19900
2024-08-28,5462.317537006579,5535.1484375,5407.694361636513,5535.1484375,22400
2024-08-29,5498.733267161885,5607.979623463115,5462.317815061475,5553.3564453125,30300
2024-08-30,5571.564246360953,5635.291288394493,5571.564246360953,5589.77197265625,27000
2024-09-02,5662.602791705534,5662.602791705534,5453.213942494558,5489.62939453125,49900
2024-09-03,5498.73340642901,5598.875902241459,5480.525679917655,5562.46044921875,33800
2024-09-04,5389.486703593475,5425.902154293431,5143.682411368773,5161.89013671875,87900
2024-09-05,5098.162880894128,5216.513090629171,5079.955156319506,5116.37060546875,73600
2024-09-06,5161.889981237421,5170.993843638193,5061.7474948289355,5089.05908203125,50300
2024-09-09,4998.0203811233105,5107.266728251689,4925.189483037725,5052.6435546875,48100
2024-09-10,5079.9554252693,5125.474739115799,5043.539974192101,5070.8515625,32700
2024-09-11,5034.436154513889,5079.95546875,4879.670486111111,4916.0859375,41700
2024-09-12,5089.058940272177,5116.370526713709,5025.331905241936,5079.955078125,44000
2024-09-13,5061.747416948198,5098.162865990991,5016.228105644707,5052.6435546875,19200
2024-09-17,5052.643760419021,5052.643760419021,4906.981958316851,5034.43603515625,33200
2024-09-18,5052.643632428164,5116.3706692335645,5007.1243204243065,5089.05908203125,37600
2024-09-19,5089.0594482421875,5262.032846304087,5079.955585186298,5207.40966796875,28500
2024-09-20,5334.863422660243,5416.798185124308,5316.655697668229,5343.96728515625,39800
2024-09-24,5416.798275338368,5498.733039167015,5380.382824747858,5444.10986328125,33800
2024-09-25,5407.694617764261,5516.940973678691,5398.590754771392,5425.90234375,24300
2024-09-26,5498.733202487765,5598.875694586052,5453.213887897635,5580.66796875,60100
2024-09-27,5671.706273947551,5744.537173131469,5635.290824355593,5717.2255859375,48200
2024-09-30,5535.148397572402,5535.148397572402,5316.655697668229,5343.96728515625,31100
2024-10-01,5416.798499935963,5553.3564453125,5416.798499935963,5553.3564453125,20400
2024-10-02,5462.317795721477,5480.5255217072145,5389.486891778523,5425.90234375,26000
2024-10-03,5544.252430050872,5544.252430050872,5462.317665074751,5480.525390625,18000
2024-10-04,5480.525390625,5516.940841725498,5444.109939524502,5480.525390625,11500
2024-10-07,5589.7719638076605,5589.7719638076605,5507.837195608526,5526.044921875,10800
2024-10-08,5489.62939453125,5507.837120549596,5453.213942494558,5489.62939453125,11000
2024-10-09,5553.356315315544,5653.498806247463,5516.940864067573,5607.9794921875,18000
2024-10-10,5644.394932137726,5671.706520519037,5535.1485786124795,5544.25244140625,11200
2024-10-11,5544.252648141474,5589.7719638076605,5498.733332475288,5526.044921875,9100
2024-10-15,5507.837139605703,5626.18735913442,5471.42168744302,5617.08349609375,9600
2024-10-16,5526.044497458351,5535.148359892384,5425.902010683982,5498.73291015625,12500
2024-10-17,5507.837186686198,5507.837186686198,5453.214007975261,5462.31787109375,10200
2024-10-18,5489.629124691612,5544.2523000616775,5480.525262129934,5535.1484375,6600
2024-10-21,5516.940635024317,5562.459947194485,5489.6290477222165,5498.73291015625,7400
2024-10-22,5516.940686158459,5516.940686158459,5398.590473419086,5407.6943359375,18900
2024-10-23,5462.31743246822,5471.421294855667,5362.174946206303,5371.27880859375,14100
2024-10-24,5380.3826709811965,5389.486533368644,5325.759496656515,5371.27880859375,16500
2024-10-25,5362.17533991887,5380.383066030649,5198.30580491286,5207.40966796875,22100
2024-10-28,5225.61694871153,5453.213505711161,5225.61694871153,5398.59033203125,17800
2024-10-29,5471.421322854149,5799.160370479356,5316.655661475579,5498.73291015625,138300
2024-10-30,5626.186822480562,5780.95247940964,5580.667511619069,5708.12158203125,119700
2024-10-31,5762.74510548747,5762.74510548747,5607.979439147364,5699.01806640625,57000
2024-11-01,5580.667636152626,5671.706259907155,5553.356049026268,5653.49853515625,50400
2024-11-05,5644.394901510664,5799.160568164988,5607.979450533176,5762.7451171875,36000
2024-11-06,5808.264592676987,5972.13412663966,5808.264592676987,5899.30322265625,30000
2024-11-07,6063.172656250001,6181.522873263889,5972.134027777778,6145.107421875,37300
2024-11-08,6181.522873263889,6199.730598958334,6117.795833333334,6145.107421875,21100
2024-11-11,6108.69189453125,6126.899619999302,6044.96485539307,6108.69189453125,15100
2024-11-12,6063.172645431792,6136.003548079621,6035.861056938857,6081.38037109375,22000
2024-11-13,6081.380294615964,6126.899608198419,6044.96484375,6044.96484375,23000
2024-11-14,6044.964779329086,6099.587955045915,6044.964779329086,6072.2763671875,12200
2024-11-15,6099.587653925526,6290.768759496326,6063.172205245373,6272.56103515625,25900
2024-11-18,6181.522718621159,6208.834306479573,6063.172504568029,6072.2763671875,25100
2024-11-19,6081.380165578358,6145.107203241605,6072.276303055038,6099.587890625,17500
2024-11-20,6163.31486377461,6190.6264510586925,6117.795551634473,6126.8994140625,14500
2024-11-21,6163.31486377461,6190.6264510586925,6126.8994140625,6126.8994140625,10100
2024-11-22,6136.0034827333275,6181.522796403456,6108.69189453125,6108.69189453125,11000
2024-11-25,6099.588031797224,6163.315070935405,6054.068718127096,6108.69189453125,22900
2024-11-26,6108.692101083707,6154.211416292975,6054.068922832586,6090.484375,24400
2024-11-27,6081.3805598159515,6117.796012269939,5908.40716065951,5935.71875,41800
2024-11-28,5844.67978959517,6072.276354610558,5844.67978959517,6008.54931640625,30300
2024-11-29,6017.653395941024,6099.588162300282,6017.653395941024,6054.06884765625,13600
2024-12-02,6099.588096755707,6236.146039220387,6017.653331276899,6081.38037109375,27700
2024-12-03,6163.315147569445,6254.353776041667,6117.795833333334,6145.107421875,19200
2024-12-04,6117.795680284858,6136.003405523801,6054.068641948557,6072.2763671875,27600
2024-12-05,6117.795757265276,6117.795757265276,6072.276443595148,6108.69189453125,12400
2024-12-06,6108.691675317896,6108.691675317896,6063.17236328125,6063.17236328125,11000
2024-12-09,6072.276508262771,6126.899685248643,6072.276508262771,6081.38037109375,12900
2024-12-10,6117.795822417665,6117.795822417665,6072.276508262771,6081.38037109375,14200
2024-12-11,6072.276147387179,6072.276147387179,5981.23752448782,6026.7568359375,51500
2024-12-12,6081.38037109375,6154.211273741579,6063.172645431792,6081.38037109375,17100
2024-12-13,6081.380229806971,6108.691817665386,6054.068641948557,6072.2763671875,11300
2024-12-16,6072.276573513863,6136.003614015508,6054.06884765625,6054.06884765625,14600
2024-12-17,6063.1729771846285,6072.276840513735,5926.615027248038,5944.82275390625,25800
2024-12-18,5935.718587495094,5935.718587495094,5780.952918802737,5799.16064453125,35500
2024-12-19,5635.290913231123,5881.095201853482,5617.083188147985,5817.3681640625,22500
2024-12-20,5908.407293077593,5981.238199617841,5817.368659902284,5881.095703125,13500
2024-12-23,5899.303103725416,6017.6533203125,5871.991515282242,6017.6533203125,15000
2024-12-24,6008.549111357628,6054.068422807307,5963.029799907949,6026.7568359375,12900
2024-12-25,6026.7568359375,6044.964560517371,5999.445249067692,6026.7568359375,7900
2024-12-26,6035.861351682429,6336.2888397752195,6035.861351682429,6227.04248046875,51900
2024-12-27,6308.977324729742,6327.185051496638,6227.042554278706,6263.4580078125,19200
2024-12-30,6308.9765625,6372.703598484849,6263.457251082252,6308.9765625,13900
2025-01-06,6372.704368413881,6390.912095180777,6254.354144429051,6263.4580078125,17900
2025-01-07,6272.561050590427,6390.911259092133,6272.561050590427,6336.2880859375,11600
2025-01-08,6299.872918159026,6390.911544143983,6263.4574677650435,6354.49609375,8500
2025-01-09,6290.769283805216,6299.873146734022,6054.06884765625,6054.06884765625,37200
2025-01-10,6054.068422807307,6117.7954588368575,6017.652973647564,6026.7568359375,21000
2025-01-14,5999.445705562598,6026.75729451053,5835.576171875,5835.576171875,29800
2025-01-15,5871.991623805578,5926.614801701443,5808.264582927068,5835.576171875,13600
2025-01-16,5835.576246820494,5908.407151617006,5808.264657521802,5871.99169921875,10500
2025-01-17,5826.472308892356,5871.991623805578,5762.745268013846,5835.576171875,13900
2025-01-20,5881.095421074339,5935.71859835986,5844.67996955066,5862.8876953125,8800
2025-01-21,5881.095123339074,5890.198985759104,5771.84877429872,5780.95263671875,23700
2025-01-22,5844.680044668692,5953.926400643808,5835.576181670766,5899.30322265625,15300
2025-01-23,5926.614604867788,5926.614604867788,5826.472115384615,5917.5107421875,14900
2025-01-24,5917.510690400094,6044.964766808712,5899.302965198864,6008.54931640625,20800
2025-01-27,6099.5880200489455,6117.795745481928,6026.757118317018,6044.96484375,30300
2025-01-28,6008.5496168870195,6154.21142578125,5953.926438551683,6154.21142578125,32100
2025-01-29,6145.1074109106,6654.923729445406,6044.964919769835,6081.38037109375,252800
2025-01-30,6136.003719509209,6409.119612068966,5771.849196096199,5808.2646484375,114500
2025-01-31,5835.576277642763,5835.576277642763,5580.668109508601,5589.77197265625,115800
2025-02-03,5617.083409879074,5617.083409879074,5480.525466364997,5516.94091796875,57700
2025-02-04,5589.771897412909,5598.875760438013,5544.252582287398,5553.3564453125,25100
2025-02-05,5571.564246360953,5589.77197265625,5535.148793770358,5589.77197265625,25800
2025-02-06,5617.083354999492,5653.498806247463,5598.875629375507,5607.9794921875,20600
2025-02-07,5617.083200555098,5626.187063116776,5526.0445749383225,5535.1484375,35500
2025-02-10,5526.045069550305,5626.187566692073,5516.94120617378,5598.8759765625,14100
2025-02-12,5653.49853515625,5653.49853515625,5607.979223278985,5653.49853515625,22100
2025-02-13,5680.8103291599355,5680.8103291599355,5626.1871529180125,5635.291015625,15000
2025-02-14,5635.291222175091,5653.498948256432,5589.771906971739,5617.08349609375,32300
2025-02-17,5617.083290211026,5653.498741038974,5598.875564797052,5635.291015625,12300
2025-02-18,5653.49901468979,5653.49901468979,5589.77197265625,5589.77197265625,18200
2025-02-19,5617.083085654438,5790.056470788043,5598.875360903532,5653.49853515625,35300
2025-02-20,5653.4989385886265,5689.914390689037,5553.3564453125,5553.3564453125,36500
2025-02-21,5553.356162623355,5589.771612870066,5516.940712376645,5535.1484375,27800
2025-02-25,5526.044996196041,5580.668175730104,5516.941132940364,5562.46044921875,17900
2025-02-26,5562.460298604633,5562.460298604633,5453.213942494558,5489.62939453125,40000
2025-02-27,5498.73340642901,5562.46044921875,5498.73340642901,5562.46044921875,12600
2025-02-28,5507.837044488209,5516.940907371661,5444.110004304048,5453.2138671875,36600
2025-03-03,5544.25244140625,5580.667892581332,5498.733127437397,5544.25244140625,23200
2025-03-04,5498.732974339642,5507.836836879939,5425.902074017263,5471.42138671875,28600
2025-03-05,5471.421539056086,5571.564029787562,5462.317676262315,5544.25244140625,25800
2025-03-06,5589.772113185975,5626.187566692073,5571.564386432927,5598.8759765625,14300
2025-03-07,5535.148719262295,5607.979623463115,5535.148719262295,5553.3564453125,17300
2025-03-10,5598.875902241459,5617.083628752813,5553.356585963073,5562.46044921875,13300
2025-03-11,5480.525455837855,5480.525455837855,5362.175238352984,5453.2138671875,60500
2025-03-12,5471.421399568257,5571.563887746711,5425.902086759868,5535.1484375,35100
2025-03-13,5535.1484375,5589.771612870066,5516.940712376645,5535.1484375,19200
2025-03-14,5516.94078871783,5598.875552906709,5507.836926030178,5571.56396484375,18100
2025-03-17,5635.29087419726,5644.394736675769,5598.875424283223,5626.18701171875,15800
2025-03-18,5635.290951253517,5689.914126871483,5635.290951253517,5662.6025390625,22500
2025-03-19,5653.498471773588,5717.2255076873,5653.498471773588,5680.81005859375,13900
2025-03-21,5680.810122282608,5735.433296535326,5644.394672780797,5653.49853515625,28100
2025-03-24,5708.122126500456,5708.122126500456,5617.08349609375,5617.08349609375,40700
2025-03-25,5653.498872094208,5653.498872094208,5544.252517077895,5580.66796875,39700
2025-03-26,5598.8759765625,5607.979839939025,5562.460523056403,5598.8759765625,29300
2025-03-27,5562.459974369185,5626.18701171875,5526.044524455148,5626.18701171875,51900
2025-03-28,5587.91400862069,5654.892429956897,5540.0722790948275,5549.640625,66600
2025-03-31,5482.661913713104,5482.661913713104,5339.13673272585,5348.705078125,58500
2025-04-01,5377.410029102622,5377.410029102622,5281.726576627486,5291.294921875,51000
2025-04-02,5300.863378732174,5396.546833221925,5281.726687834224,5367.841796875,27000
2025-04-03,5176.475084092882,5233.885158962674,5099.928317599826,5166.90673828125,63900
2025-04-04,4975.539765625,4975.539765625,4650.2160117187495,4784.1728515625,98900
2025-04-07,4420.575655995244,4492.338247813349,4320.108027449898,4401.43896484375,93300
2025-04-08,4607.158294177446,4774.604338098745,4607.158294177446,4669.3525390625,35100
2025-04-09,4544.964197975661,4544.964197975661,4372.7339757365835,4434.92822265625,73600
2025-04-10,4841.582911917585,4841.582911917585,4726.762763808868,4774.6044921875,40300
2025-04-11,4640.647639385668,4765.0361328125,4530.611664431162,4765.0361328125,45500
2025-04-14,4832.014274374086,4965.971105742873,4822.445929276316,4908.56103515625,46400
2025-04-15,4918.129506779813,5042.517996250898,4918.129506779813,4994.67626953125,21600
2025-04-16,5013.8129319411055,5042.517967810997,4937.2661696213945,4975.53955078125,24000
2025-04-17,4975.539648066888,5042.51806640625,4956.402957112785,5042.51806640625,13100
2025-04-18,5071.22314453125,5099.928181198408,5013.813071196934,5071.22314453125,23500
2025-04-21,5052.086255450581,5052.086255450581,4927.697768100473,4937.26611328125,31100
2025-04-22,4927.697893415178,5032.949693080357,4927.697893415178,5023.38134765625,15900
2025-04-23,5090.359958400974,5195.611762052122,5042.518229468634,5157.33837890625,42000
2025-04-24,5147.769966148445,5205.180040120361,4769.8203125,4769.8203125,150400
2025-04-25,4937.266548156738,5004.244970321655,4822.446395874023,4898.9931640625,59100
2025-04-28,4965.971275111608,5119.064801897322,4956.402929687501,5023.38134765625,32500
2025-04-30,5023.381444027549,5128.633245711936,4985.108061596863,5090.35986328125,25100
2025-05-01,5032.949665018523,5032.949665018523,4975.539592793977,5004.24462890625,17000
2025-05-02,4985.10792418732,5042.517996250898,4975.539578843391,4994.67626953125,15600
2025-05-07,5032.94970703125,5052.0863979325095,4985.107979778101,5032.94970703125,13200
2025-05-08,5090.359931476955,5157.338351627968,5023.3815113259425,5138.20166015625,33900
2025-05-09,5205.18021595064,5262.59029186186,5205.18021595064,5233.88525390625,21000
2025-05-12,5262.589969532648,5367.841768923301,5262.589969532648,5348.705078125,19000
2025-05-13,5367.841920230263,5482.662068256579,5367.841920230263,5453.95703125,37300
2025-05-14,5473.093763634381,5482.662109375,5329.568577525087,5482.662109375,15400
2025-05-15,5386.97855703401,5482.662012753975,5386.97855703401,5415.68359375,13000
2025-05-16,5377.410211462014,5434.820284893993,5339.136829174028,5415.68359375,12700
2025-05-19,5396.546790994624,5463.525208613351,5339.13671875,5339.13671875,20900
2025-05-20,5358.2734375,5473.093582589286,5339.136746651786,5358.2734375,20700
2025-05-21,5358.2734235241505,5386.978459721601,5320.000041927549,5348.705078125,12300
2025-05-22,5300.863267122513,5348.704993360081,5281.726576627486,5291.294921875,12100
2025-05-23,5291.2949359769855,5367.841698161101,5291.2949359769855,5300.86328125,13000
2025-05-26,5320.0000834074735,5377.41015625,5320.0000834074735,5377.41015625,11200
2025-05-27,5348.7051610896015,5425.251925470133,5348.7051610896015,5406.115234375,11800
2025-05-28,5415.683621258803,5463.525349361796,5406.115275638204,5434.8203125,12900
2025-05-29,5463.525404283217,5492.230441433566,5425.252021416084,5473.09375,20900
2025-05-30,5406.1152892959135,5473.093708809314,5406.1152892959135,5444.388671875,12700
2025-06-02,5473.09372258772,5520.935450932017,5453.95703125,5453.95703125,15300
2025-06-03,5501.798703897968,5501.798703897968,5396.546902606007,5415.68359375,16700
2025-06-04,5444.388644317681,5463.525335510361,5406.115261932319,5425.251953125,13300
2025-06-05,5415.68359375,5463.525321609982,5386.97855703401,5415.68359375,12700
2025-06-06,5415.683634940685,5492.230400098858,5415.683634940685,5444.388671875,9200
2025-06-09,5444.388658120599,5482.662040602993,5425.251966879401,5434.8203125,9100
2025-06-10,5434.82033991228,5530.503796600877,5434.82033991228,5453.95703125,11700
2025-06-11,5501.798868674307,5540.072252108564,5473.093831098616,5530.50390625,8700
2025-06-12,5549.640193573416,5616.61860970275,5511.366812928082,5587.91357421875,24500
2025-06-13,5616.618935751748,5616.618935751748,5463.525404283217,5473.09375,24000
2025-06-16,5473.093804253472,5520.935533311632,5473.093804253472,5511.3671875,8100
2025-06-17,5492.230150450619,5635.755328598283,5492.230150450619,5607.05029296875,17800
2025-06-18,5587.91358840812,5607.05027877938,5568.776898036858,5597.48193359375,6700
2025-06-19,5597.481905117656,5626.186940528516,5559.208524569844,5578.34521484375,8300
2025-06-20,5540.072305895618,5597.482381604381,5540.072305895618,5568.77734375,15600
2025-06-23,5568.777316810345,5587.91400862069,5501.798895474138,5549.640625,10900
2025-06-24,5597.482003939354,5693.1654569981465,5597.482003939354,5645.32373046875,18000
2025-06-25,5683.597209681218,5712.30224609375,5654.892173268687,5712.30224609375,21200
2025-06-26,5731.439060727362,5846.259208855456,5712.302369372679,5798.41748046875,23300
2025-06-27,5817.554116486711,5846.259153245692,5741.007351796096,5760.14404296875,20500
2025-06-30,5769.71240234375,5827.122475998912,5769.71240234375,5769.71240234375,17900
2025-07-01,5760.143874139301,5769.71221944518,5635.755385162871,5645.32373046875,21200
2025-07-02,5635.755356976775,5674.028738008876,5616.618666460725,5626.18701171875,24100
2025-07-03,5645.323716375742,5674.02875222172,5597.481989965779,5635.75537109375,19500
2025-07-04,5683.597209681218,5750.575627977125,5683.597209681218,5712.30224609375,12800
2025-07-07,5683.5970402644225,5683.5970402644225,5597.48193359375,5597.48193359375,15800
2025-07-08,5587.913630686649,5635.755356976775,5578.345285428624,5626.18701171875,8900
2025-07-09,5645.323814033662,5741.007268508809,5607.050432243604,5702.73388671875,10300
2025-07-10,5702.733900622906,5817.554046273031,5693.165555152063,5712.30224609375,26000
2025-07-11,5760.144084129649,5827.122503712551,5760.144084129649,5788.84912109375,8800
2025-07-14,5788.8491484439355,5846.25922264338,5779.280802744028,5807.98583984375,11500
2025-07-15,5827.122626189689,5874.96435546875,5807.985934478064,5874.96435546875,12900
2025-07-16,5865.395968922617,5894.101006290916,5827.122585764883,5846.25927734375,12100
2025-07-17,5807.985826146091,5807.985826146091,5702.734023695338,5798.41748046875,27200
2025-07-18,5827.122489878673,5827.122489878673,5760.14407045478,5779.28076171875,9100
2025-07-22,5798.41748046875,5807.985826146091,5760.144097759385,5798.41748046875,7900
2025-07-23,5798.417601943597,5884.53271484375,5798.417601943597,5884.53271484375,16500
2025-07-24,5884.532687761266,5922.806071096299,5855.827650259992,5865.39599609375,15600
2025-07-25,5884.532619275545,5884.532619275545,5817.55419921875,5817.55419921875,8900
2025-07-28,5865.39557892142,5913.2373046875,5855.827233768204,5913.2373046875,14000
2025-07-29,5913.237783724182,5913.237783724182,5530.503946589931,5559.208984375,88500
2025-07-30,5568.776869706797,5597.481905117656,5501.798453748124,5578.34521484375,35700
2025-07-31,5597.482003939354,5674.028766386388,5597.482003939354,5645.32373046875,21300
2025-08-01,5635.755454799108,5712.302218191964,5607.0504185267855,5693.16552734375,15600
2025-08-04,5597.482003939354,5654.892075774629,5587.913658633475,5645.32373046875,12800
2025-08-05,5654.892131766887,5712.302204170613,5654.892131766887,5683.59716796875,7200
2025-08-06,5683.597181919643,5693.16552734375,5654.892145647322,5693.16552734375,10100
2025-08-07,5702.733996662872,5779.28076171875,5683.597305398903,5779.28076171875,12700
2025-08-08,5798.417425314057,5817.554116486711,5760.14404296875,5760.14404296875,12200
2025-08-12,5807.98583984375,5827.1225312435645,5779.280802744028,5807.98583984375,20100
2025-08-13,5817.554226434427,5855.827609503074,5788.84918913294,5836.69091796875,12200
2025-08-14,5827.12265292081,5894.10107421875,5807.985961121398,5894.10107421875,8800
2025-08-15,5874.9639240746355,5913.2373046875,5855.827233768204,5913.2373046875,9500
2025-08-18,5922.80569236866,5961.079073256341,5913.237347146739,5941.9423828125,10200
2025-08-19,5884.532283357734,5970.647389943457,5884.532283357734,5922.8056640625,13900
2025-08-20,5941.942466918361,5999.3525390625,5922.805776203648,5999.3525390625,18700
2025-08-21,5951.510756295144,5999.352482631923,5951.510756295144,5961.0791015625,4300
2025-08-22,5903.669001924819,5970.647418478261,5903.669001924819,5941.9423828125,16200
2025-08-25,5951.510826159434,6028.057589196855,5951.510826159434,6008.9208984375,10200
2025-08-26,5999.3525390625,6008.9208844198565,5941.942466918361,5999.3525390625,6200
2025-08-27,5941.942817279933,5951.511163201479,5894.101087672204,5903.66943359375,18500
2025-08-28,5894.100642641129,5941.942368636593,5884.532297442036,5932.3740234375,18800
2025-08-29,5970.647489017572,6008.920870357429,5941.94245301268,5989.7841796875,13600
2025-09-01,5980.215806227464,6028.057532677283,5932.3740797776445,5970.6474609375,20200
2025-09-02,5980.215777921523,6075.899230368268,5951.5107421875,5951.5107421875,20400
2025-09-03,5951.510728034421,6028.057489809783,5932.37403759058,5941.9423828125,26200
2025-09-04,5980.215834352536,6037.62590636232,5961.079143682608,5989.7841796875,31400
2025-09-05,5980.215945078372,6066.3310546875,5961.079254054121,6066.3310546875,30700
2025-09-08,6114.172782248127,6114.172782248127,6037.626018151124,6066.3310546875,25000
2025-09-09,6114.17283778654,6142.87787458366,6085.4678009894205,6104.6044921875,19200
2025-09-10,6133.309584002629,6190.719658111858,6085.467855578271,6142.8779296875,22900
2025-09-11,6200.287710794588,6286.4028178889575,6200.287710794588,6276.83447265625,41400
2025-09-12,6295.971148914599,6305.5394941257155,6257.697768070134,6267.26611328125,23800
2025-09-16,6315.107924191566,6362.949650889987,6305.539578851882,6324.67626953125,48100
2025-09-17,6343.81298828125,6382.086369809342,6286.4029159891115,6343.81298828125,22600
2025-09-18,6295.971219519413,6343.812946111506,6295.971219519413,6315.10791015625,23500
2025-09-19,6391.654826634687,6420.35986328125,6315.108062243853,6420.35986328125,33700
2025-09-22,6420.359918258102,6496.906683304398,6410.791572627315,6458.63330078125,12600
2025-09-24,6420.3599725872145,6496.90673828125,6382.086589740196,6496.90673828125,11700
2025-09-25,6496.90680609809,6544.74853515625,6458.6334228515625,6544.74853515625,19500
2025-09-26,6468.201701145987,6516.043429704759,6449.065009722478,6496.90673828125,63000
2025-09-29,6401.2231721835415,6477.7699365743765,6315.108062243853,6420.35986328125,39300
2025-09-30,6516.043443388097,6535.180134851792,6343.813220214844,6506.47509765625,27800
2025-10-01,6429.928153110945,6449.064844042822,6353.381389383433,6382.08642578125,22100
2025-10-02,6401.223226996528,6487.338337673611,6401.223226996528,6458.63330078125,15300
2025-10-03,6449.06469337916,6678.704979196816,6401.222967167148,6611.7265625,21100
2025-10-06,6745.683523995536,6774.388560267857,6650.000069754465,6697.841796875,19800
2025-10-07,6745.683481662481,6755.251827026542,6640.431682657819,6669.13671875,21800
2025-10-08,6678.705119917974,6726.546847138017,6611.726701809915,6707.41015625,15000
2025-10-09,6745.6837972005205,6889.208984375,6745.6837972005205,6889.208984375,27900
2025-10-10,6793.525445334383,6917.913939403887,6764.820408241421,6831.798828125,24400
2025-10-14,6697.841838549075,6783.956947901849,6678.7051475817925,6726.546875,22400
2025-10-15,6726.547105577257,6908.345675998264,6726.547105577257,6889.208984375,14600
2025-10-16,6917.9140625,6927.482408367911,6850.9356414246195,6917.9140625,11700
2025-10-17,6917.913994494254,6917.913994494254,6831.798882529596,6870.072265625,9300
2025-10-20,6927.482073292746,7023.16552734375,6898.777037077444,7023.16552734375,14500
2025-10-21,6984.892019127155,7061.438780980604,6937.05029296875,6937.05029296875,11500
2025-10-22,6946.6188053871265,7051.87060546875,6927.482114463195,7051.87060546875,14700
2025-10-23,6965.755496311058,7071.007296392681,6965.755496311058,7051.87060546875,11000
2025-10-24,7071.007554796007,7291.079508463541,7071.007554796007,7233.66943359375,27200
2025-10-27,7377.1944015634635,7779.064913710889,7377.1944015634635,7759.92822265625,57100
2025-10-28,7731.223199853756,7922.5901107412255,7606.834707776901,7769.49658203125,41100
2025-10-29,7807.770154272152,7855.611883158624,7511.151435176029,7558.9931640625,25800
2025-10-30,7558.99323678524,8994.2451171875,7530.288199177195,8994.2451171875,38200
2025-10-31,9137.770359879834,9310.000586558197,8735.899830963652,9032.5185546875,135400
2025-11-04,9281.295358501746,9845.827756596183,9166.475209736776,9587.482421875,87000
2025-11-05,9300.431426332289,9367.409841954022,8707.194030825496,9156.90625,76600
2025-11-06,9376.9787890625,9664.02916015625,9061.223380859376,9568.345703125,60100
2025-11-07,9396.11546702953,9568.345689439439,9310.000355824573,9558.77734375,27500
2025-11-10,9855.395975901669,10218.993108993185,9759.712519824952,10180.7197265625,49000
2025-11-11,10381.655109615273,10496.475258293045,10008.489626412511,10266.8349609375,76700
2025-11-12,10123.309514720706,10218.992969491224,9951.079296133776,10085.0361328125,34100
2025-11-13,10085.035904330398,10630.431584166103,9884.10065386461,10592.158203125,57400
2025-11-14,10343.381889940956,10515.612115675403,10238.130085325462,10381.6552734375,33900
2025-11-17,10381.654771629244,10706.978515625,10161.582827161528,10706.978515625,47500
2025-11-18,10573.021427608424,10678.27322462534,10295.539417291098,10534.748046875,64100
2025-11-19,10362.51784752155,10659.136548604809,10171.15094359687,10544.31640625,70900
2025-11-20,11108.849225725447,12065.683784358129,11041.870806621158,11520.2880859375,118600
2025-11-21,10946.187210648148,10946.187210648148,9951.079282407407,10075.4677734375,151000
2025-11-25,10573.021939249942,10812.230580409443,10085.036311284559,10209.4248046875,50600
2025-11-26,10132.878293875172,10429.497016358771,10132.878293875172,10391.2236328125,30400
2025-11-27,10295.539887764086,10946.187389964789,10238.129814040492,10869.640625,52100
2025-11-28,10869.640130876069,11309.784009415063,10860.071785690438,11194.9638671875,38900
2025-12-01,11348.057490242672,11482.014324022939,11108.848858492194,11261.9423828125,45400
2025-12-02,11147.122141259348,11376.762425714476,10927.05020198985,11194.9638671875,39700
2025-12-03,11214.10146861588,11290.648236319743,10927.051089726396,11147.123046875,43500
2025-12-04,11223.669678368507,11328.921482683983,10936.619302962663,11051.439453125,37800
2025-12-05,11051.438647272655,11405.467417791346,10955.755195781116,11166.2587890625,44700
2025-12-08,11453.309883292777,11855.180405513576,11348.058079853996,11673.3818359375,62200
2025-12-09,11577.6984052143,12056.115694685965,11558.561713635434,11692.5185546875,70600
2025-12-10,11979.568802169208,11979.568802169208,11415.036406539828,11606.4033203125,51200
2025-12-11,11606.40304199628,11635.108078373847,11242.805914547098,11415.0361328125,49400
2025-12-12,11558.560984241452,11558.560984241452,11194.9638671875,11194.9638671875,48400
2025-12-15,11051.439085794153,11482.014634591327,11003.597358150022,11472.4462890625,36000
2025-12-16,11434.17307428728,11510.719839638157,10821.798951480263,10907.9140625,46500
2025-12-17,10821.799100412663,11711.655259863042,10821.799100412663,11702.0869140625,58100
2025-12-18,11415.03666487069,11673.382004310344,11003.597790948275,11099.28125,63200
2025-12-19,11051.438703398539,11271.510642946734,10917.48187063007,11204.5322265625,40500
2025-12-22,11491.583185588705,11855.180322185184,11453.309802789076,11615.9716796875,39600
2025-12-23,11788.201383319967,12199.640230302726,11730.791311647956,11931.7265625,66900
2025-12-24,11950.863932557399,11960.432278380102,11654.24521205357,11721.2236328125,42400
2025-12-25,11778.633732678984,12429.28125,11769.065386836028,12429.28125,82500
2025-12-26,12457.986150843677,12534.53291674748,12132.66239575252,12333.59765625,80100
2025-12-29,12496.2593136742,12888.561482020787,12467.554276965913,12859.8564453125,93300
2025-12-30,12678.057589138087,13261.726655505952,12467.553991431641,12658.9208984375,107500
2026-01-05,13108.63348624119,13108.63348624119,12658.921242552624,12898.1298828125,157000
2026-01-06,12850.287690856701,12898.129417181559,12343.165391813212,12582.3740234375,130600
2026-01-07,12869.4244389393,13022.517963863485,12582.374079706455,12620.6474609375,100000
2026-01-08,12563.23796784157,12974.67683502907,12343.166015625,12343.166015625,89100
2026-01-09,12170.935351251987,12199.64038745777,11807.338225978736,12036.978515625,101300
2026-01-13,12438.849690132083,12764.173451258614,12180.504350413954,12496.259765625,72500
2026-01-14,12534.53277633102,12955.539984085648,12505.827739438659,12917.2666015625,45900
2026-01-15,12802.446508320254,13079.928532790575,12611.079594892448,12955.5400390625,68800
2026-01-16,13060.7919921875,13156.475450005722,12572.80635731456,13060.7919921875,66300
2026-01-19,12850.288058264588,12965.108204727117,12611.079419800988,12831.1513671875,46400
2026-01-20,12831.151353340718,12850.288044397155,12591.942715135261,12821.5830078125,48500
2026-01-21,12534.532724836803,13682.73419581422,12534.532724836803,13558.345703125,107300
2026-01-22,13950.647642175816,14400.359877554598,13500.935406797034,14075.0361328125,138600
2026-01-23,13921.942467033496,14142.014409811345,13701.870524255646,13979.3525390625,75600
2026-01-26,13606.187093391061,13797.554000471106,13079.928098920944,13328.705078125,115900
2026-01-27,13462.662556966145,13893.238118489582,13204.317220052082,13778.41796875,68200
2026-01-28,13768.849108216767,13768.849108216767,13118.201617348985,13424.388671875,117600
2026-01-29,14285.53979231539,14400.359938000445,10620.863475867438,10754.8203125,1518200
2026-01-30,11013.165364306058,11453.309245068942,10840.935150094494,11233.2373046875,644900
2026-02-02,11233.237697705583,11405.467917942977,10152.0146484375,10152.0146484375,634700
2026-02-03,10525.180502498852,10573.022232055664,10218.993433335248,10410.3603515625,286500
2026-02-04,10199.856155409192,10783.525222463564,10113.741047155268,10668.705078125,256400
2026-02-05,10716.547322202949,11319.353109076865,10477.338676618061,11032.302734375,270200
2026-02-06,11089.712692260742,11635.1083984375,10860.07239492316,11635.1083984375,225100
2026-02-09,11922.158699873555,11922.158699873555,11491.583144902199,11587.2666015625,224000
2026-02-10,11740.359806561712,11922.158369173507,11328.920954335017,11367.1943359375,167200
2026-02-12,11482.014320826645,12094.3884179374,11453.30928502458,11922.158203125,153600
2026-02-13,12017.841655798557,12333.597049621289,11874.316476788223,11922.158203125,153300
2026-02-16,11979.568415356289,12142.230286810807,11615.971290928543,12017.841796875,109200
2026-02-17,12036.978234685826,12611.078945402161,11931.726437721165,12505.8271484375,129200
2026-02-18,12563.237569356466,13156.474986949841,12391.007351345486,12745.0361328125,138400
2026-02-19,12974.676120923914,13280.863168025362,12850.28763303895,13204.31640625,89600
2026-02-20,13022.518333962593,13242.590282295538,12697.19458425302,12869.4248046875,100000
2026-02-24,12840.719274043691,13357.409915473168,12582.373953328952,13194.748046875,156200
2026-02-25,13166.043234767025,13577.482085853495,13099.064817148297,13347.841796875,98200
2026-02-26,13223.453293131277,13491.366963324963,13003.38134975789,13338.2734375,108500
2026-02-27,13233.021721540179,13548.777120535715,13146.906612723214,13395.68359375,63300
2026-03-02,13108.63388338553,13472.231027596223,12649.353280172023,13175.6123046875,127100
2026-03-03,13175.612240084134,13577.48276592548,12438.849609375,12438.849609375,166900
2026-03-04,11960.431997212138,12228.345673949689,11395.899606943723,11529.8564453125,154300
2026-03-05,12103.957182785562,12591.9428083366,11989.137035597081,12209.208984375,116100
2026-03-06,12036.978529586973,12285.755510325655,11730.791476370136,12046.546875,81900
2026-03-09,11194.964035731282,11328.92087034687,10802.661877214203,11309.7841796875,151000
2026-03-10,11730.791394403432,12084.820172211692,11682.949667672585,11989.13671875,86800
2026-03-11,12151.79880039925,12324.029019617508,12065.683690790123,12132.662109375,66200
2026-03-12,11864.74800424414,12017.841526879547,11625.539375126315,11836.04296875,68400
2026-03-13,11577.698578251518,11855.180610292258,11548.993540454201,11816.9072265625,59800
2026-03-16,11778.633051945613,12008.273338904748,11635.107872596154,11941.294921875,47900
2026-03-17,12075.252511614033,12228.34604583418,11759.497097284982,11778.6337890625,46500
2026-03-18,12209.209228892967,12486.691256822352,12142.230808358288,12381.439453125,70000
2026-03-19,11979.569093775324,12065.684207069236,11769.065483501316,11807.3388671875,80100
2026-03-23,11395.899808689806,12304.892656570184,11080.144398373463,11673.3818359375,256300
2026-03-24,12170.935574470173,12496.259324102237,11979.5686629219,12190.072265625,192300
2026-03-25,12553.669814033743,12745.036731930599,12477.123046875,12477.123046875,104000
2026-03-26,12438.84889161329,12477.122272818255,11922.158245346276,11950.86328125,119700
2026-03-27,11769.06474820144,12036.978417266188,11740.359712230216,11970.0,127000
2026-03-30,11450.0,12140.0,11380.0,11960.0,87400
2026-03-31,11720.0,12040.0,11550.0,11640.0,87400
2026-04-01,12160.0,12450.0,12050.0,12400.0,76300
2026-04-02,12500.0,12540.0,12010.0,12040.0,61700
2026-04-03,12300.0,12300.0,11960.0,11960.0,46000
2026-04-06,12000.0,12210.0,11970.0,12080.0,32900
2026-04-07,12370.0,12370.0,11900.0,12040.0,49600
2026-04-08,12490.0,12930.0,12490.0,12930.0,110200
2026-04-09,12760.0,12760.0,12500.0,12550.0,62900
2026-04-10,12750.0,12910.0,12100.0,12100.0,96700
2026-04-13,11990.0,12130.0,11640.0,11820.0,100200
2026-04-14,12020.0,12170.0,11690.0,11770.0,92300
2026-04-15,11950.0,12110.0,11710.0,11790.0,97500
2026-04-16,11910.0,12070.0,11810.0,12040.0,63300
2026-04-17,11980.0,11980.0,11730.0,11800.0,52200
2026-04-20,11870.0,12020.0,11760.0,11970.0,53500
2026-04-21,12140.0,12450.0,12030.0,12380.0,97600
2026-04-22,12220.0,12400.0,12000.0,12390.0,65700
2026-04-23,12500.0,12630.0,12010.0,12280.0,97000
2026-04-24,12280.0,14880.0,11700.0,14620.0,1206200
2026-04-27,14770.0,15250.0,14420.0,14430.0,291000
2026-04-28,14380.0,14680.0,14120.0,14640.0,114200
2026-04-30,14640.0,15460.0,14570.0,15180.0,146700
2026-05-01,15260.0,15280.0,14640.0,15070.0,83500
2026-05-07,17040.0,17490.0,16460.0,16780.0,190500
2026-05-08,16720.0,16740.0,16230.0,16420.0,69500
2026-05-11,16820.0,16890.0,16320.0,16340.0,68000
2026-05-12,16570.0,17030.0,16350.0,16670.0,72600
2026-05-13,16380.0,16410.0,15640.0,15640.0,101200
2026-05-14,15700.0,16160.0,15430.0,15430.0,67600
2026-05-15,15430.0,15750.0,14490.0,14600.0,106500
2026-05-18,14800.0,15620.0,14770.0,15000.0,91400
2026-05-19,15400.0,15400.0,14480.0,14580.0,63800
2026-05-20,14580.0,14590.0,13740.0,14100.0,73100
2026-05-21,14680.0,15200.0,14420.0,15060.0,100200
2026-05-22,15320.0,15630.0,14760.0,14990.0,64500
2026-05-25,15110.0,15310.0,14530.0,14640.0,98300
2026-05-26,15000.0,15390.0,14790.0,14990.0,89500
2026-05-27,15200.0,15400.0,14270.0,14270.0,106500
2026-05-28,13970.0,14000.0,13490.0,13840.0,98600
2026-05-29,13900.0,14190.0,13630.0,13990.0,72000
2026-06-01,14230.0,14780.0,13950.0,14370.0,112900
2026-06-02,14080.0,14510.0,13540.0,14440.0,110400
2026-06-03,14140.0,14750.0,14140.0,14730.0,98300
2026-06-04,14600.0,14600.0,14020.0,14270.0,60600
2026-06-05,14030.0,14730.0,13860.0,14680.0,71900
2026-06-08,13620.0,14560.0,13510.0,14400.0,73600
2026-06-09,14340.0,14760.0,14190.0,14680.0,66300
2026-06-10,14380.0,14690.0,14160.0,14300.0,50700
2026-06-11,13880.0,14260.0,13600.0,14110.0,60900
2026-06-12,14410.0,14580.0,14060.0,14490.0,82400
2026-06-15,15250.0,15250.0,14850.0,14960.0,53100
2026-06-16,14960.0,15570.0,14750.0,15250.0,78700
2026-06-17,15150.0,15430.0,15050.0,15300.0,32700
2026-06-18,15430.0,16180.0,15380.0,15850.0,72100
2026-06-19,16300.0,16450.0,15910.0,16130.0,59200
2026-06-22,16150.0,17900.0,16150.0,17900.0,113800
2026-06-23,18240.0,18720.0,17580.0,17580.0,127600
2026-06-24,17740.0,18800.0,17280.0,17590.0,104500
2026-06-25,18510.0,18750.0,17850.0,18610.0,94500
2026-06-26,18210.0,18750.0,17750.0,18470.0,122800
2026-06-29,18740.0,18740.0,17320.0,17560.0,121200
2026-06-30,17790.0,17900.0,17280.0,17390.0,70700
2026-07-01,17550.0,18300.0,17550.0,17970.0,63200
2026-07-02,17400.0,17400.0,16390.0,16700.0,93700
2026-07-03,15900.0,16870.0,15610.0,16730.0,97600
2026-07-06,16530.0,16800.0,15960.0,16350.0,60500
2026-07-07,16530.0,17240.0,15760.0,16030.0,89800
2026-07-08,15630.0,16190.0,15360.0,15370.0,83200
2026-07-09,15720.0,15960.0,15450.0,15730.0,50100
2026-07-10,16080.0,16250.0,15670.0,15690.0,63700
2026-07-13,15800.0,15990.0,15260.0,15550.0,51800
2026-07-14,15320.0,15540.0,14910.0,15450.0,68900
2026-07-15,15590.0,16550.0,15590.0,16500.0,67100
2026-07-16,16150.0,16180.0,15790.0,16090.0,42500
2026-07-17,15430.0,15430.0,14520.0,15120.0,116200
2026-07-21,15240.0,16280.0,14910.0,16180.0,80500
2026-07-22,16550.0,17170.0,16360.0,16760.0,90800
2026-07-23,17480.0,17750.0,16560.0,16630.0,52500
2026-07-24,16500.0,16620.0,16220.0,16520.0,42000
2026-07-27,16680.0,16820.0,15790.0,16730.0,94000
2026-07-28,16000.0,16000.0,15090.0,15090.0,124400
2026-07-29,14910.0,15090.0,13540.0,14150.0,224400
2026-07-30,14330.0,17150.0,14080.0,17150.0,172500
2026-07-31,21150.0,21150.0,21150.0,21150.0,12100
2026-08-03,25150.0,26150.0,25110.0,26150.0,154100
2026-08-04,28140.0,31150.0,28040.0,31150.0,350100
2026-08-05,32550.0,34150.0,31200.0,33400.0,571800
