Date,Open,High,Low,Close,Volume
2015-01-05,3719.359974058714,3836.1111840067456,3694.341857641279,3786.074951171875,749600
2015-01-06,3744.3779955231744,3769.39611130618,3694.341763957163,3711.0205078125,570250
2015-01-07,3727.699502782884,3952.8625599979573,3686.0026403356483,3827.77197265625,2221470
2015-01-08,4002.8987153504186,4336.473608296287,3894.4868751430113,3986.219970703125,9331970
2015-01-09,4002.89868001663,4011.2380522666645,3752.7175125155904,3761.056884765625,1799080
2015-01-13,3719.3603340848713,3794.414690602279,3694.342215245735,3727.69970703125,758390
2015-01-14,3711.0208379572086,3752.7177013050427,3652.6452292702415,3669.323974609375,747430
2015-01-15,3686.0030190753714,3694.342392421696,3577.5911655731547,3644.30615234375,744350
2015-01-16,3585.9299006107613,3610.948016196418,3427.481835234937,3477.51806640625,1084660
2015-01-19,3494.1970841938123,3510.875829225764,3344.08837890625,3344.08837890625,1570380
2015-01-20,3460.83975655692,3485.857875279018,3352.427908761161,3385.785400390625,1535670
2015-01-21,3385.7851731288583,3427.482034866898,3377.44580078125,3377.44580078125,493780
2015-01-22,3385.785400390625,3419.142892020089,3369.106654575893,3385.785400390625,391360
2015-01-23,3377.44580078125,3402.463917824074,3344.088311390818,3377.44580078125,540650
2015-01-26,3377.446080058739,3377.446080058739,3319.0704687984644,3360.767333984375,658840
2015-01-27,3360.767333984375,3385.785453095921,3319.0704687984644,3360.767333984375,530980
2015-01-28,3344.0886407470703,3360.767387084961,3327.4098944091797,3335.749267578125,572400
2015-01-29,3327.4097900390625,3544.2334856305806,3319.0704171316966,3385.785400390625,1900900
2015-01-30,3385.785139454085,3427.482000777411,3377.4457671894197,3394.12451171875,415830
2015-02-02,3394.12451171875,3410.8032562480803,3360.767022660089,3394.12451171875,377760
2015-02-03,3410.8034841500075,3452.5003482594207,3377.445992862477,3402.464111328125,809610
2015-02-04,3352.428140654819,3369.1068876232507,3235.676911875795,3277.373779296875,2973090
2015-02-05,3277.373257639438,3360.766979207872,3269.033885482595,3294.052001953125,910530
2015-02-06,3327.409616954291,3369.1064793221394,3319.0702444807216,3352.427734375,683120
2015-02-09,3360.767145866357,3477.518361851789,3352.427773295969,3452.500244140625,938520
2015-02-10,3452.4999508205938,3519.2149257156775,3410.8030915111663,3477.51806640625,998350
2015-02-12,3502.5363433982525,3560.9119491215565,3485.8575989058795,3519.215087890625,972610
2015-02-13,3519.215246267564,3560.9121093749995,3469.1790105386413,3560.912109375,754520
2015-02-16,3602.6083984375,3635.9658836082176,3569.2509132667824,3602.6083984375,576750
2015-02-17,3627.626560451268,3635.965931854604,3510.8753608045604,3577.59033203125,570240
2015-02-18,3585.930244553257,3585.930244553257,3527.5546359209948,3552.57275390625,379660
2015-02-19,3535.8938662574405,3552.572610909598,3502.536376953125,3502.536376953125,295800
2015-02-20,3502.536360135837,3535.893849279988,3477.5182432777237,3510.875732421875,310320
2015-02-23,3510.876082454819,3527.554828689759,3460.83984375,3460.83984375,345780
2015-02-24,3460.839879218372,3519.2154916389227,3435.821759609564,3444.1611328125,537840
2015-02-25,3452.4999508205938,3485.8574382681354,3452.4999508205938,3477.51806640625,218080
2015-02-26,3460.839879218372,3477.5186256242437,3435.821759609564,3444.1611328125,406850
2015-02-27,3452.5002958200275,3460.8396685152447,3419.1428050391573,3427.482177734375,442020
2015-03-02,3427.482212355784,3444.160957914693,3394.1247212379662,3410.803466796875,334970
2015-03-03,3427.482300408996,3469.1791653774753,3344.088570472037,3369.106689453125,702350
2015-03-04,3369.106689453125,3402.4641814279084,3335.7491974783416,3369.106689453125,541590
2015-03-05,3369.1063125758496,3435.8212890625,3360.766940515018,3435.8212890625,388540
2015-03-06,3419.1428395763296,3435.8215851352384,3385.7853484585116,3410.803466796875,266570
2015-03-09,3402.464111328125,3435.8216026156556,3377.445992862477,3402.464111328125,283960
2015-03-10,3402.4640596487225,3427.482177734375,3369.1065688678527,3427.482177734375,392070
2015-03-11,3402.463883983415,3419.142628512746,3377.4457671894197,3394.12451171875,208170
2015-03-12,3394.124773297991,3427.4822649274556,3377.446027483259,3385.785400390625,222170
2015-03-13,3385.785400390625,3410.8035191127233,3377.446027483259,3385.785400390625,257090
2015-03-16,3377.445851795709,3385.7852242692784,3352.427734375,3352.427734375,237760
2015-03-17,3352.427874396829,3402.464111328125,3344.0885015749463,3402.464111328125,299730
2015-03-18,3402.464111328125,3435.8216026156556,3352.427874396829,3402.464111328125,835230
2015-03-19,3385.7853484585116,3410.803466796875,3369.106602899603,3410.803466796875,229820
2015-03-20,3394.12431594011,3510.875520911023,3377.445572372837,3494.19677734375,944460
2015-03-23,3502.5361819919067,3560.911785025105,3452.4999508205938,3477.51806640625,694430
2015-03-24,3452.500142996652,3510.875749279204,3452.500142996652,3502.536376953125,365160
2015-03-25,3527.554568268532,3619.2876657885176,3502.5364507630816,3585.93017578125,950450
2015-03-26,3585.93017578125,3652.645155795785,3535.8939407703488,3585.93017578125,930190
2015-03-27,3560.9117350260417,3644.3054524739587,3560.9117350260417,3627.626708984375,563740
2015-03-30,3694.34219796317,3769.396554129464,3652.645333426339,3736.0390625,1137730
2015-03-31,3761.056344539561,3994.5587340009974,3744.377602435173,3919.50439453125,2762910
2015-04-01,3944.523598506533,3969.5417185816273,3744.3786379057788,3869.46923828125,1398520
2015-04-02,3819.4324397284554,3886.147416841616,3777.73557903273,3786.074951171875,598560
2015-04-03,3736.038973519362,3777.735837063105,3652.6452464318763,3660.984619140625,590960
2015-04-06,3644.3059255617477,3677.663416871237,3594.269688597513,3635.966552734375,393570
2015-04-07,3669.323974609375,3702.681465287642,3644.305856600675,3669.323974609375,352890
2015-04-08,3711.02080763432,3811.0932788514256,3694.3420624314695,3802.75390625,739610
2015-04-09,3602.609285612128,3652.645525690074,3560.9124188805063,3644.30615234375,2083160
2015-04-10,3660.984619140625,3694.342109975619,3610.9483828881334,3660.984619140625,477600
2015-04-13,3686.0028944960586,3711.0210136894707,3652.645402238176,3702.681640625,239220
2015-04-14,3736.0387019230766,3852.789911358173,3711.0205856155562,3794.414306640625,856210
2015-04-15,3811.0927734375005,3844.450259419448,3752.717172969092,3811.0927734375,492510
2015-04-16,3819.4324502537393,3902.826171875,3786.0749616052353,3902.826171875,849720
2015-04-17,3902.826143973214,3911.165516075721,3786.074934538118,3794.414306640625,480540
2015-04-20,3744.378074025584,3869.4686555631865,3719.359957718063,3794.414306640625,556900
2015-04-21,3827.7719219257306,3861.129411441423,3811.0931771678843,3852.7900390625,278990
2015-04-22,3852.790491564521,3877.808611639615,3836.111744847791,3869.46923828125,365590
2015-04-23,3869.4690115415765,3902.826503020383,3836.1115200627696,3861.129638671875,387950
2015-04-24,3844.4502112347145,3877.8076967985735,3827.7714684527855,3836.11083984375,292540
2015-04-27,3794.414306640625,3827.771795050652,3786.074934538118,3794.414306640625,281300
2015-04-28,3794.4143737657637,3827.7718627659024,3752.7175125155904,3761.056884765625,301450
2015-04-30,4011.2376182990347,4228.061273342226,3952.8620188643295,4102.970703125,7097830
2015-05-01,4086.292799237514,4153.007783714861,3811.093488268457,3819.432861328125,2213080
2015-05-07,3886.1475524259868,3986.220021587171,3827.7719454152957,3961.201904296875,926080
2015-05-08,3944.523176362243,3977.880666225771,3894.48694156695,3952.862548828125,419440
2015-05-11,4002.8993957900207,4069.6143857198545,3977.881274566333,4011.23876953125,803820
2015-05-12,4061.2737024185503,4111.309928731715,3919.50439453125,3919.50439453125,825710
2015-05-13,3919.5049755757436,4011.2380707487932,3894.4868587103665,3994.559326171875,564780
2015-05-14,4044.5955429077153,4052.934915161133,3952.8624481201173,4002.898681640625,477640
2015-05-15,4002.8987664473684,4002.8987664473684,3936.1837870065788,3961.201904296875,230350
2015-05-18,3969.541293759889,3969.541293759889,3927.8444314304784,3952.862548828125,164010
2015-05-19,3952.862438807672,3952.862438807672,3861.1293442361857,3886.1474609375,525650
2015-05-20,3902.825652426862,3952.8618787400264,3894.4862813746677,3919.50439453125,291200
2015-05-21,3969.540819486654,4002.8983053646934,3902.825847730576,3944.522705078125,460890
2015-05-22,3952.862600144307,3961.2019727184515,3919.505109847731,3927.844482421875,177540
2015-05-25,3919.5052487597864,3919.5052487597864,3852.790265802173,3861.129638671875,340170
2015-05-26,3836.1111671531594,3844.450539255666,3769.396190333104,3794.414306640625,361040
2015-05-27,3761.056884765625,3802.7537460157982,3752.7175125155904,3761.056884765625,447120
2015-05-28,3777.7359447095214,3811.0934364950363,3727.6997070312495,3727.69970703125,306670
2015-05-29,3761.056544464579,3811.0927734375005,3736.0384299781185,3811.0927734375,614730
2015-06-01,3794.4143568730988,3794.4143568730988,3752.7174958085593,3769.396240234375,315450
2015-06-02,3811.0927734375005,3869.4683739059083,3777.7352874555527,3811.0927734375,455480
2015-06-03,3786.074611497962,3869.4683254076085,3777.735240106997,3836.11083984375,471310
2015-06-04,4069.6145205017965,4119.650764606327,3977.8814063101577,4061.275146484375,3136030
2015-06-05,4044.594920324901,4211.382339719742,4011.237436445933,4203.04296875,1969910
2015-06-08,4127.989714249321,4244.740938490716,4002.899116847826,4027.917236328125,2451740
2015-06-09,3977.880581594957,4019.577443037252,3944.5230924411208,3994.559326171875,880790
2015-06-10,4044.594960314162,4061.2737024185503,3886.1469103224736,3919.50439453125,984820
2015-06-11,3911.1655868530274,4027.916798400879,3902.8262145996096,4002.898681640625,791950
2015-06-12,3977.880453853284,3986.219825873941,3919.504849708687,3936.18359375,597700
2015-06-15,3927.84441457648,3961.201904296875,3894.4869248560854,3961.201904296875,374040
2015-06-16,3944.522705078125,3961.2014480171442,3911.1652192000856,3944.522705078125,341160
2015-06-17,3919.505058964596,3952.862548828125,3911.1656864987144,3952.862548828125,317280
2015-06-18,3952.8615425173975,3994.558394231716,3919.5040611459426,3969.540283203125,456090
2015-06-19,3994.5587340009974,4011.2374761053857,3919.50439453125,3919.50439453125,448320
2015-06-22,3952.8616948424533,4069.612884141597,3944.5223241782287,4019.57666015625,994290
2015-06-23,4036.25573234248,4102.970703125,4019.5769896468496,4102.970703125,741610
2015-06-24,4102.97105859375,4203.0435234375,4069.6135703124996,4169.68603515625,1800180
2015-06-25,4178.025525323275,4219.722386853448,4077.953057650862,4111.310546875,830500
2015-06-26,4086.292566043814,4094.6319386275773,4011.238212789948,4044.595703125,403990
2015-06-29,3911.1656697162825,4011.238138877467,3902.826297286184,3961.201904296875,573530
2015-06-30,3952.8615425173975,3977.8796535459887,3927.8434314888063,3969.540283203125,399400
2015-07-01,3994.560022048792,4036.2568907549376,3969.541900825104,4011.23876953125,329900
2015-07-02,4044.5959826483245,4061.2747289685235,4019.5778631680255,4027.917236328125,385800
2015-07-03,4002.897918827801,4019.57666015625,3961.201065506678,4019.57666015625,216170
2015-07-06,3936.18399449919,3961.2021131082947,3852.790265802173,3861.129638671875,577330
2015-07-07,3894.4873583563444,3919.505478431439,3869.46923828125,3869.46923828125,243850
2015-07-08,3861.1296202256945,3869.4689930555555,3711.0209092881946,3752.7177734375,459200
2015-07-09,3569.2515701153957,3711.020908180727,3319.0703852942233,3635.966552734375,891210
2015-07-10,3644.3059255617477,3702.6815353533543,3619.28780707963,3635.966552734375,230200
2015-07-13,3702.681640625,3744.378505947354,3677.663521431588,3702.681640625,283520
2015-07-14,3794.4140304465263,3819.4321449329873,3761.056544464579,3811.0927734375,343080
2015-07-15,3811.0931182658333,3811.0931182658333,3752.7175125155904,3761.056884765625,232340
2015-07-16,3752.717876850778,3827.7722343877936,3744.37850379111,3819.432861328125,244060
2015-07-17,3819.4325495468074,3869.4687838203463,3794.414432410038,3852.7900390625,284580
2015-07-21,3861.129053567264,3911.165283203125,3836.1109387493334,3911.165283203125,342370
2015-07-22,3911.1656975507217,3911.1656975507217,3819.432600166803,3827.77197265625,381880
2015-07-23,3836.1114488479584,3852.790194277732,3777.73583984375,3777.73583984375,244740
2015-07-24,3769.3965712276304,3844.450927734375,3752.7178253372426,3844.450927734375,369580
2015-07-27,3827.7720240542762,3844.4507692571274,3761.057043242873,3802.75390625,270420
2015-07-28,3744.3779296875,3794.414160373747,3677.66295543917,3744.3779296875,379730
2015-07-29,3727.6995832963426,3769.396446644176,3669.323974609375,3669.323974609375,355770
2015-07-30,3502.53662109375,3519.2153669084823,3377.446027483259,3385.785400390625,1865160
2015-07-31,3444.160661123331,3494.196893488319,3402.4638008191746,3435.8212890625,760530
2015-08-03,3435.821673402692,3444.1610463963875,3360.767316459429,3369.106689453125,605300
2015-08-04,3377.445851795709,3385.7852242692784,3319.0702444807216,3352.427734375,547160
2015-08-05,3344.088234894185,3344.088234894185,3294.052001953125,3294.052001953125,531730
2015-08-06,3302.3917749023435,3385.7855065917965,3294.0524017333983,3335.749267578125,511340
2015-08-07,3352.427960947193,3402.464199170285,3344.0885879100106,3360.767333984375,371290
2015-08-10,3377.445851795709,3410.8033416899875,3352.427734375,3352.427734375,409900
2015-08-11,3377.44580078125,3402.463917824074,3369.106428433642,3377.44580078125,372110
2015-08-12,3360.767387084961,3377.4461334228513,3319.070521240234,3335.749267578125,422500
2015-08-13,3335.7490750944585,3344.0884477821946,3310.73095703125,3310.73095703125,346770
2015-08-14,3310.73095703125,3335.7490750944585,3294.0522116557777,3310.73095703125,277350
2015-08-17,3319.070203575721,3319.070203575721,3252.355224609375,3252.355224609375,372050
2015-08-18,3235.676705362852,3310.7310619305467,3235.676705362852,3260.69482421875,359090
2015-08-19,3285.7127140925477,3294.0520864633413,3244.0158522385814,3252.355224609375,222360
2015-08-20,3244.015903206759,3252.355275708576,3202.3190406976746,3227.337158203125,343700
2015-08-21,3152.2828520903713,3160.622224714949,3085.56787109375,3085.56787109375,593390
2015-08-24,2952.1381351926934,3043.8712410885114,2802.029416454082,2860.405029296875,1222050
2015-08-25,2676.9385675603694,3002.174094460227,2635.2417051373104,2751.992919921875,1356080
2015-08-26,2852.0652471007434,2952.137711911296,2793.6896426279213,2943.79833984375,571410
2015-08-27,3010.513018318776,3043.870503286297,2960.476790867495,2968.816162109375,365820
2015-08-28,3010.513377430675,3093.9070997971758,3002.1740051940246,3035.531494140625,376920
2015-08-31,3043.870849609375,3060.5495939907964,2977.15587208369,3043.870849609375,327000
2015-09-01,3018.8522991555274,3027.19167014767,2885.42236328125,2885.42236328125,316790
2015-09-02,2835.386955993997,3018.853170793609,2827.047582594015,2952.13818359375,446120
2015-09-03,3002.1739783653848,3010.5133505275107,2927.11962890625,2927.11962890625,183000
2015-09-04,2935.4591911764705,2943.7985638786768,2810.3686006433827,2835.38671875,376310
2015-09-07,2818.7081629805944,2918.7806421396685,2785.3506699275695,2860.405029296875,251500
2015-09-08,2843.7261262250368,2893.7623630501107,2810.368635008321,2818.7080078125,200040
2015-09-09,2868.7440237713677,2960.4771175547544,2843.7259072849893,2927.11962890625,337090
2015-09-10,3185.640450613839,3235.676688058036,3068.889229910714,3152.282958984375,2476400
2015-09-11,3135.6038716634116,3260.694451649984,3093.907011667887,3202.31884765625,1015590
2015-09-14,3269.0338236490884,3285.7125676472983,3168.9613596598306,3202.31884765625,458990
2015-09-15,3202.318864229765,3218.997608314295,3177.30074810297,3193.9794921875,295690
2015-09-16,3202.3187667112297,3210.65813849954,3085.567561674883,3118.925048828125,362370
2015-09-17,3135.6040208333334,3160.6221380208335,3060.5496692708334,3127.2646484375,492510
2015-09-18,3127.2646484375,3143.9433932291668,3060.5496692708334,3127.2646484375,335530
2015-09-24,3077.2281571913954,3077.2281571913954,2960.476953395516,3010.51318359375,560520
2015-09-25,2968.8164998929797,3043.870849609375,2943.7983833208477,3043.870849609375,267550
2015-09-28,3060.5492620763644,3068.888633362676,2943.7980640680016,2960.476806640625,296550
2015-09-29,2918.7802236411117,2977.155828113934,2893.762107438474,2943.79833984375,367250
2015-09-30,2943.7988101937676,2952.13818359375,2877.083822993909,2952.13818359375,425130
2015-10-01,2918.779934658093,2985.4949045931353,2910.440563416213,2968.816162109375,250860
2015-10-02,2960.4772101508247,3068.8890516493057,2935.4590928819443,3002.174072265625,488780
2015-10-05,3043.8707347582745,3143.9431972708753,3035.531362882224,3102.246337890625,502140
2015-10-06,3160.6218585512684,3193.9793451850546,3102.246256942142,3143.943115234375,541860
2015-10-07,3127.2642554306403,3127.2642554306403,3068.888655995935,3077.22802734375,482360
2015-10-08,3102.2466163429053,3185.6403425886824,3085.56787109375,3085.56787109375,795340
2015-10-09,3152.2825832861076,3235.6763024206607,3127.264467545742,3218.99755859375,854750
2015-10-13,3210.6584131994914,3252.355275708576,3185.640295694041,3227.337158203125,413760
2015-10-14,3202.3190348525472,3210.6584073391423,3102.246565013405,3110.5859375,388030
2015-10-15,3085.567594138525,3135.603825394825,3060.5494785103747,3102.246337890625,319820
2015-10-16,3127.2648402622767,3168.9617047991073,3118.925467354911,3152.282958984375,314730
2015-10-19,3135.6036267784552,3143.9429981262706,3077.22802734375,3077.22802734375,339190
2015-10-20,3085.5678539841647,3102.2465991408358,3052.210363670822,3093.9072265625,283400
2015-10-21,3068.8891088274936,3110.585971719171,3060.549736249158,3093.9072265625,311970
2015-10-22,3085.567786458333,3152.282765625,3077.2284140625,3127.2646484375,356240
2015-10-23,3168.9613925474478,3210.6582529757034,3152.282648376145,3185.64013671875,398650
2015-10-26,3210.6583627554087,3260.694596980168,3185.6402456430287,3252.355224609375,444990
2015-10-27,3277.373358797598,3310.730848454571,3235.676496726382,3244.015869140625,590050
2015-10-28,3244.0156743341163,3294.051905814848,3202.3188147668398,3218.99755859375,666440
2015-10-29,3277.373358797598,3369.1064553542737,3210.658379483652,3244.015869140625,3894450
2015-10-30,3177.300791757318,3302.391374109968,3160.6220474436313,3294.052001953125,1307560
2015-11-02,3277.373358797598,3294.0521036260848,3218.9977518978953,3244.015869140625,515020
2015-11-04,3277.3733417217545,3319.070203575721,3235.676479867788,3252.355224609375,569980
2015-11-05,3227.3371243121387,3269.033986383355,3193.9796346551657,3244.015869140625,635110
2015-11-06,3260.6944479117715,3344.0881678072133,3260.6944479117715,3327.409423828125,633540
2015-11-09,3360.767387084961,3360.767387084961,3319.070521240234,3335.749267578125,452330
2015-11-10,3294.05205240055,3310.730796969667,3260.694563262317,3269.033935546875,373220
2015-11-11,3252.355658844227,3302.391899749523,3252.355658844227,3277.373779296875,203040
2015-11-12,3260.6949438353877,3335.7493031564068,3260.6949438353877,3319.070556640625,382490
2015-11-13,3310.7306798490367,3352.4275397967576,3285.712563880404,3327.409423828125,463190
2015-11-16,3269.033868963068,3319.070101651278,3260.6944968483663,3302.391357421875,286610
2015-11-17,3310.7307295365767,3344.0882179953833,3294.0519853071733,3302.391357421875,328300
2015-11-18,3319.070556640625,3335.7493031564068,3302.391810124843,3319.070556640625,244550
2015-11-19,3327.409490580498,3344.088234894185,3285.712629796282,3294.052001953125,559220
2015-11-20,3294.0524017333983,3344.0886407470703,3285.713028564453,3335.749267578125,476950
2015-11-24,3335.749214872829,3385.785453095921,3327.4098418356466,3360.767333984375,861370
2015-11-25,3344.0881678072133,3352.4275397967576,3302.3913078594924,3327.409423828125,443230
2015-11-26,3310.73095703125,3335.7490750944585,3252.355348217097,3310.73095703125,658480
2015-11-27,3310.7310619305467,3319.070434882513,3252.3554512667843,3260.69482421875,345570
2015-11-30,3235.6764031661182,3244.015775339227,3152.282681435033,3168.96142578125,628940
2015-12-01,3168.961376060705,3210.65823627203,3135.6038878916447,3193.9794921875,297390
2015-12-02,3185.640120145235,3202.318864229765,3168.961376060705,3193.9794921875,281680
2015-12-03,3193.979442853384,3227.3369305072056,3185.640070939929,3218.99755859375,282660
2015-12-04,3177.301025390625,3202.3191437007877,3168.961652620571,3177.301025390625,230940
2015-12-07,3202.3188808900522,3210.6582529757034,3160.622020461796,3185.64013671875,353560
2015-12-08,3168.9617047991073,3193.9798235212056,3152.282958984375,3152.282958984375,263260
2015-12-09,3143.943586077009,3177.3010777064733,3143.943586077009,3152.282958984375,220460
2015-12-10,3127.2642554306403,3135.6036267784552,3060.54928464812,3077.22802734375,307180
2015-12-11,3043.8705894595287,3085.5674468493853,3035.5312179815573,3052.2099609375,314250
2015-12-14,2985.4956232492996,3018.8531162464983,2977.15625,2977.15625,349870
2015-12-15,2977.1558618790064,3010.5133505275107,2927.11962890625,2927.11962890625,419420
2015-12-16,2960.4775569937324,2977.156303793697,2927.120063393803,2952.13818359375,434410
2015-12-17,2993.8344080901343,3043.870637751808,2985.4950364798556,3027.19189453125,454780
2015-12-18,3002.1737116033382,3043.87056870894,2927.119368813255,2935.458740234375,483340
2015-12-21,2910.4409517403637,2927.1196964494775,2860.4047176130225,2893.76220703125,493010
2015-12-22,2893.76220703125,2927.1196964494775,2877.0834623221363,2893.76220703125,449580
2015-12-24,2877.0832690207067,2877.0832690207067,2726.974576723974,2743.6533203125,1089230
2015-12-25,2743.6533203125,2743.6533203125,2743.6533203125,2743.6533203125,0
2015-12-28,2714.061327226323,2781.7014849142065,2714.061327226323,2756.33642578125,618630
2015-12-29,2747.8809737006704,2823.9761391262273,2747.8809737006704,2798.611083984375,736060
2015-12-30,2790.1561906344987,2823.9762656724924,2756.3361155965044,2781.701171875,309550
2016-01-04,2773.24640625,2832.43154296875,2722.5162890625,2747.88134765625,469890
2016-01-05,2705.605590062112,2747.880677406832,2680.2405376552797,2722.515625,527610
2016-01-06,2705.605976055195,2730.9710320807126,2578.7806959276077,2604.145751953125,871000
2016-01-07,2621.0557292726994,2663.330821680324,2578.7806368650754,2595.690673828125,653300
2016-01-08,2553.4155225566788,2621.0556688495712,2502.68541283701,2587.235595703125,869630
2016-01-12,2536.505939366468,2561.8709987601324,2460.410761185474,2477.32080078125,565630
2016-01-13,2502.685527851055,2612.6007706282976,2494.230509175883,2604.145751953125,588890
2016-01-14,2519.5955652014004,2612.6007706282976,2494.230509175883,2604.145751953125,698380
2016-01-15,2621.0559585813494,2680.2410931299605,2578.7808624751983,2663.3310546875,746560
2016-01-18,2587.2354168844063,2595.6904345866433,2511.140257564277,2528.05029296875,702940
2016-01-19,2528.0505259759266,2604.14569230965,2502.6854705313517,2595.690673828125,500890
2016-01-20,2604.1460977495735,2646.4211967390147,2451.9557413875855,2477.32080078125,719680
2016-01-21,2451.9555229648577,2544.960732456628,2367.4053325177933,2375.8603515625,870080
2016-01-22,2451.9554852964075,2553.41571227419,2435.045447466777,2544.960693359375,637500
2016-01-25,2536.5054907388244,2570.325563948675,2511.140435831436,2553.41552734375,412220
2016-01-26,2502.685487288136,2544.9605799788137,2485.7754502118646,2494.23046875,315600
2016-01-27,2536.505485983456,2629.5106871361827,2528.0504676968444,2587.235595703125,634370
2016-01-28,2570.325677252435,2637.965826653815,2570.325677252435,2604.145751953125,339240
2016-01-29,2570.325312008648,2705.60559158805,2570.325312008648,2688.695556640625,782410
2016-02-01,2722.515687757151,2747.8807407486775,2671.785581774099,2697.150634765625,563560
2016-02-02,2663.330504219487,2714.060609061763,2663.330504219487,2688.695556640625,436000
2016-02-03,2426.5904125268908,2477.3205256807632,2325.1301862191463,2333.585205078125,1033710
2016-02-04,2325.1301933737363,2350.4952500287222,2198.304910098805,2299.76513671875,1055520
2016-02-05,2257.489683702257,2384.314946831597,2232.1246310763886,2282.854736328125,733850
2016-02-08,2257.4900924737703,2358.9503213489957,2223.6700161820286,2342.040283203125,545520
2016-02-09,2274.399906950177,2291.309943433078,2215.2147792600235,2240.579833984375,715650
2016-02-10,2232.1246983590736,2232.1246983590736,2130.6644847972975,2189.849609375,756340
2016-02-12,2054.5693882533483,2240.579785543775,1995.384261842758,2130.66455078125,1550730
2016-02-15,2223.669734214669,2282.8548602203823,2181.3946442105876,2265.94482421875,572270
2016-02-16,2223.670127513161,2375.8604784456206,2181.395030031922,2358.950439453125,783450
2016-02-17,2333.585530901487,2392.770671177974,2265.9453705855017,2274.400390625,703940
2016-02-18,2342.039972009793,2443.5001874037193,2333.5849540602994,2401.22509765625,665850
2016-02-19,2435.0452958776596,2451.955332654588,2358.9501303814827,2384.315185546875,617670
2016-02-22,2358.9500079087807,2409.680115605744,2316.674918161312,2401.22509765625,460260
2016-02-23,2426.590595423107,2443.5006344156027,2333.585380964382,2358.950439453125,554520
2016-02-24,2316.6752259843183,2392.770397640738,2299.7651878384477,2342.040283203125,415970
2016-02-25,2333.5852641301894,2367.405340421931,2299.7651878384477,2342.040283203125,470850
2016-02-26,2367.4052265913283,2392.770282590521,2274.400021260955,2291.31005859375,598740
2016-02-29,2299.7654507434945,2358.9505910199814,2265.9453705855017,2274.400390625,613530
2016-03-01,2274.400390625,2316.6754908224907,2215.215250348513,2274.400390625,470150
2016-03-02,2333.5851981026785,2392.7703299386158,2299.765122767857,2367.4052734375,746300
2016-03-03,2350.495235770089,2384.3153111049105,2333.5851981026785,2367.4052734375,474080
2016-03-04,2350.4951069438375,2443.500309017155,2350.4951069438375,2418.13525390625,944330
2016-03-07,2468.8651690530937,2578.7803991821697,2468.8651690530937,2528.05029296875,958700
2016-03-08,2544.9604618904086,2561.8704981820397,2418.135189703179,2443.500244140625,646480
2016-03-09,2401.2251534115485,2451.9552622864403,2392.770135265733,2443.500244140625,407860
2016-03-10,2435.045338983051,2519.595524364407,2426.5903204449155,2494.23046875,488830
2016-03-11,2477.3206155997555,2511.1406922632336,2460.410577268017,2485.775634765625,636080
2016-03-14,2519.595335286458,2570.325442708333,2519.595335286458,2536.50537109375,467080
2016-03-15,2570.32568359375,2612.6007770739106,2536.5056088096217,2570.32568359375,528310
2016-03-16,2578.7803967164295,2671.785591352104,2544.9603259398205,2561.870361328125,795650
2016-03-17,2578.780460611979,2621.0555501302083,2485.7752636718747,2536.50537109375,570470
2016-03-18,2519.5953385636612,2536.505374392948,2468.8652310758025,2502.685302734375,1483690
2016-03-22,2528.05029296875,2578.7803991821697,2511.140257564277,2528.05029296875,469460
2016-03-23,2553.41552734375,2570.325563948675,2536.5054907388244,2553.41552734375,261650
2016-03-24,2561.870664897718,2595.6907396818465,2528.05059011359,2570.32568359375,342680
2016-03-25,2561.870361328125,2578.7803967164295,2519.595272857364,2561.870361328125,328190
2016-03-28,2553.4158700796274,2637.966064453125,2553.4158700796274,2637.966064453125,440590
2016-03-29,2654.875485248447,2739.425659937888,2646.4204677795033,2722.515625,602870
2016-03-30,2781.701006263684,2781.701006263684,2646.4207141657544,2654.875732421875,620600
2016-03-31,2663.330929151469,2722.5160609103905,2654.8759103287657,2680.240966796875,386470
2016-04-01,2654.875870554071,2671.785907946135,2570.32568359375,2570.32568359375,510570
2016-04-04,2553.4157796770132,2578.7808370910234,2485.7756265729868,2519.595703125,487680
2016-04-05,2485.7748355263157,2511.139884868421,2392.769654605263,2409.6796875,485620
2016-04-06,2367.4054972330728,2443.50067392985,2367.4054972330728,2435.045654296875,498940
2016-04-07,2418.13525390625,2460.410345757758,2375.860162054742,2418.13525390625,621330
2016-04-08,2367.404605263158,2451.954769736842,2325.129523026316,2409.6796875,1278600
2016-04-11,2409.680595397949,2435.045654296875,2358.9504776000977,2435.045654296875,670600
2016-04-12,2418.135189703179,2494.230353015517,2418.135189703179,2443.500244140625,389790
2016-04-13,2460.4102721551453,2511.140380859375,2451.9552540377736,2511.140380859375,361710
2016-04-14,2544.960693359375,2561.8707311890053,2494.230579870484,2544.960693359375,722920
2016-04-15,2519.5956366149294,2570.3257501038206,2511.140617700114,2544.960693359375,448630
2016-04-18,2485.7758205791383,2502.685860174915,2468.865780983362,2477.32080078125,379350
2016-04-19,2528.0504676968444,2595.6906139897364,2528.0504676968444,2587.235595703125,560370
2016-04-20,2587.2356005536008,2604.1456371585264,2536.5054907388244,2553.41552734375,371610
2016-04-21,2561.870658577263,2629.510807978643,2561.870658577263,2604.145751953125,657010
2016-04-22,2570.325677252435,2604.145751953125,2544.9606212269177,2604.145751953125,379170
2016-04-25,2595.690799500512,2604.1458183913933,2544.960686155225,2578.78076171875,428060
2016-04-26,2578.7808370910234,2595.69087536703,2511.1406839869965,2519.595703125,439790
2016-04-27,2544.960562938976,2629.5107477542247,2544.960562938976,2595.690673828125,1560630
2016-04-28,2621.0560862223306,2637.9661254882812,2426.5906346639,2435.045654296875,929800
2016-05-02,2367.4052265913283,2375.860245257726,2249.034965261762,2291.31005859375,977440
2016-05-06,2308.2204707829924,2342.040550940985,2274.400390625,2274.400390625,469720
2016-05-09,2299.7653125,2350.4954296875,2291.3102929687498,2325.13037109375,319910
2016-05-10,2358.9501355946495,2367.4051540017986,2325.1300619660524,2350.4951171875,289360
2016-05-11,2367.4053325177933,2401.225408696619,2358.950313473087,2375.8603515625,266100
2016-05-12,2333.5850803732014,2375.860172408948,2325.1300619660524,2350.4951171875,247010
2016-05-13,2333.5852721497254,2358.9503294557007,2291.3101766397667,2308.22021484375,342580
2016-05-16,2308.220095926545,2342.0401705921354,2282.855039927352,2291.31005859375,289400
2016-05-17,2291.3101178337547,2342.040231143727,2291.3101178337547,2299.76513671875,352630
2016-05-18,2299.7654507434945,2316.6754908224907,2257.490350546004,2274.400390625,425240
2016-05-19,2291.309753870081,2316.674806495949,2265.944701244213,2282.854736328125,366740
2016-05-20,2265.94482421875,2291.3098782211987,2257.4898062179336,2265.94482421875,320930
2016-05-23,2265.945204407204,2274.400223826634,2189.8500296323355,2215.215087890625,663330
2016-05-24,2223.6698679369547,2223.6698679369547,2181.394775390625,2181.394775390625,265810
2016-05-25,2232.125067349138,2240.580086543642,2198.304990571121,2206.760009765625,228420
2016-05-26,2240.579777644231,2240.579777644231,2198.3046875,2198.3046875,175060
2016-05-27,2198.304725060096,2874.706178924741,2198.304725060096,2857.796142578125,18559510
2016-05-30,2874.7066724490815,2925.4367901981827,2637.966122953275,2646.421142578125,12056130
2016-05-31,2680.2405376552797,2790.155764751553,2629.510432841615,2722.515625,5993310
2016-06-01,2705.6060987903224,2722.5161369077623,2536.5057176159276,2621.055908203125,3405060
2016-06-02,2595.6907923429912,2663.3309432835254,2528.0506414024576,2612.600830078125,2724780
2016-06-03,2578.780582251138,2612.600655460989,2528.050472436362,2553.41552734375,1591450
2016-06-06,2485.7754905007105,2646.4208453289875,2435.0453784496754,2604.145751953125,3271440
2016-06-07,2646.4207847172743,2680.2408586433735,2570.3256183835506,2595.690673828125,1378970
2016-06-08,2587.2356553466,2604.14569230965,2544.960562938976,2595.690673828125,629060
2016-06-09,2570.32568359375,2604.1457583778783,2536.5056088096217,2570.32568359375,746750
2016-06-10,2578.7807022897823,2578.7807022897823,2544.960627505654,2570.32568359375,408500
2016-06-13,2536.5054907388244,2561.8705456462126,2528.050472436362,2553.41552734375,604300
2016-06-14,2528.0506098499036,2536.5056286119434,2443.5004222295056,2468.865478515625,757640
2016-06-15,2435.045519770408,2536.505749760842,2435.045519770408,2485.775634765625,507920
2016-06-16,2502.685487288136,2544.9605799788137,2451.955376059322,2494.23046875,534320
2016-06-17,2485.77532650726,2536.50543521149,2468.865290272517,2511.140380859375,538580
2016-06-20,2528.050353190104,2578.780460611979,2519.595335286458,2536.50537109375,347760
2016-06-21,2519.595454133899,2595.690618856064,2502.685417528973,2553.41552734375,632140
2016-06-22,2604.1459030877977,2621.055941419537,2468.865596433886,2485.775634765625,1206120
2016-06-23,2485.77532650726,2536.50543521149,2460.4102721551453,2511.140380859375,735990
2016-06-24,2511.140608843635,2587.2357788085938,2249.0350234087778,2299.76513671875,1745890
2016-06-27,2282.8550919242525,2358.9502616550612,2282.8550919242525,2333.585205078125,538420
2016-06-28,2291.3101178337547,2342.040231143727,2249.0350234087778,2299.76513671875,403390
2016-06-29,2333.5848397582117,2342.039857293568,2291.3097520814326,2316.6748046875,368560
2016-06-30,2342.0402239371037,2367.4052805140395,2333.585205078125,2333.585205078125,380570
2016-07-01,2358.9503213489957,2375.8603594948668,2316.6752259843183,2342.040283203125,346720
2016-07-04,2350.4954199568774,2401.225536934364,2333.585380964382,2358.950439453125,410010
2016-07-05,2375.8604784456206,2384.315497941868,2333.585380964382,2358.950439453125,337990
2016-07-06,2333.5852721497254,2342.040291251717,2291.3101766397667,2308.22021484375,365100
2016-07-07,2308.2201416015623,2375.8602922712053,2308.2201416015623,2367.4052734375,459080
2016-07-08,2418.1353194705166,2451.955393868706,2392.770263671875,2392.770263671875,563440
2016-07-11,2392.770263671875,2392.770263671875,2392.770263671875,2392.770263671875,0
2016-07-12,2502.685417528973,2561.8705456462126,2485.775380924048,2553.41552734375,852790
2016-07-13,2604.145449798886,2612.6004674930386,2536.5053082456684,2561.870361328125,513120
2016-07-14,2561.8706356628204,2570.3256542623676,2392.770263671875,2392.770263671875,950870
2016-07-15,2401.2246710526315,2435.044736842105,2384.3146381578945,2409.6796875,696590
2016-07-19,2409.6802407122673,2477.32038781998,2375.860167158411,2384.315185546875,634200
2016-07-20,2401.224981915509,2426.590034541377,2265.944701244213,2282.854736328125,862120
2016-07-21,2291.3098782211987,2308.219914222831,2257.4898062179336,2265.94482421875,450470
2016-07-22,2223.6697494264636,2223.6697494264636,2096.844478546627,2130.66455078125,1380580
2016-07-25,2156.029608941847,2206.759717387538,2096.844482421875,2096.844482421875,781550
2016-07-26,2096.8447345671107,2096.8447345671107,2046.1146200211322,2063.024658203125,501290
2016-07-27,2096.8445471938776,2105.2995655293366,2054.5694555165815,2071.4794921875,653950
2016-07-28,2046.1143882295007,2054.56940636268,1944.6541706313435,1978.4742431640625,1074130
2016-07-29,1970.0194091796875,1986.9294470267234,1910.8342767150616,1970.0194091796875,854270
2016-08-01,1944.6539889133817,2054.5692143737033,1944.6539889133817,2037.6591796875,772480
2016-08-02,2054.56957315916,2164.4848178137654,2046.114554339575,2088.3896484375,922870
2016-08-03,2071.47961079833,2096.8446672570853,2054.56957315916,2088.3896484375,592590
2016-08-04,2088.3898147222567,2147.574951171875,2079.934795229454,2147.574951171875,496560
2016-08-05,2215.2147162138526,2274.3998422195664,2181.3946442105876,2265.94482421875,1265020
2016-08-08,2265.944763869382,2282.854799420646,2232.124692766854,2257.48974609375,535970
2016-08-09,2232.124450451521,2257.4895010248338,2198.3043830204374,2223.66943359375,417070
2016-08-10,2223.669797501474,2282.8549251916274,2223.669797501474,2240.579833984375,353920
2016-08-12,2249.0348522258255,2249.0348522258255,2215.2147792600235,2240.579833984375,288420
2016-08-15,2232.124450451521,2257.4895010248338,2223.66943359375,2223.66943359375,222000
2016-08-16,2257.4895010248338,2257.4895010248338,2206.759399878208,2223.66943359375,215040
2016-08-17,2223.66943359375,2240.579467309292,2198.3043830204374,2223.66943359375,199070
2016-08-18,2223.6700980968044,2257.4901756343984,2223.6700980968044,2249.03515625,254300
2016-08-19,2249.0344841670626,2249.0344841670626,2206.759399878208,2223.66943359375,223760
2016-08-22,2215.21491651348,2215.21491651348,2139.1197476256125,2156.02978515625,353030
2016-08-23,2139.1195727932836,2164.484627016129,2079.9344462733116,2096.844482421875,411510
2016-08-24,2096.8446198792017,2096.8446198792017,1995.3843963366596,2012.29443359375,614280
2016-08-25,2096.8446672570853,2122.20972371584,2054.56957315916,2088.3896484375,844430
2016-08-26,2054.5692143737033,2063.024231716805,2029.2041623443984,2037.6591796875,265860
2016-08-29,2063.024785317665,2096.844863765496,2037.6597264817924,2046.11474609375,338270
2016-08-30,2046.11474609375,2054.5697657057076,2012.2946676459194,2046.11474609375,250130
2016-08-31,2054.5695145769814,2096.844607469512,2037.6594774199693,2079.9345703125,432650
2016-09-01,2113.7548828125,2122.20990234375,2079.9348046874998,2113.7548828125,365330
2016-09-02,2096.8446672570853,2105.2996860766702,2071.47961079833,2088.3896484375,234300
2016-09-05,2122.20966320503,2122.20966320503,2079.9345703125,2079.9345703125,366880
2016-09-06,2105.299853707862,2156.029970664678,2105.299853707862,2147.574951171875,500720
2016-09-07,2139.119806289673,2164.48486328125,2122.209768295288,2164.48486328125,384070
2016-09-08,2139.1197476256125,2156.02978515625,2122.2097100949754,2156.02978515625,361480
2016-09-09,2147.5748252868652,2172.9398822784424,2130.6647872924805,2164.48486328125,335450
2016-09-12,2122.20990234375,2147.5749609375,2105.29986328125,2113.7548828125,319590
2016-09-13,2139.119873046875,2156.0299115689845,2122.209834524765,2139.119873046875,201470
2016-09-14,2113.7545185704384,2130.664554719002,2088.3894643475933,2096.844482421875,295750
2016-09-15,2088.3897154761144,2096.8447345671107,2037.6596009301359,2063.024658203125,305170
2016-09-16,2071.47961079833,2088.3896484375,2054.56957315916,2088.3896484375,268750
2016-09-20,2071.4792490599066,2088.38928374611,2037.6591796875,2037.6591796875,259430
2016-09-21,2029.2044708508404,2046.1145081079305,1995.3843963366596,2012.29443359375,450170
2016-09-23,2020.7495046858926,2063.024598926183,2012.2944858378344,2054.569580078125,358870
2016-09-26,2063.024855354341,2063.024855354341,2012.294735960382,2020.749755859375,338960
2016-09-27,2020.7496872578772,2046.11474609375,2012.2946676459194,2046.11474609375,297840
2016-09-28,2012.294735960382,2029.2047757583682,2012.294735960382,2020.749755859375,272560
2016-09-29,2037.6595423820088,2071.4796177742414,2020.7495046858926,2054.569580078125,434090
2016-09-30,2029.204516700405,2096.8446672570853,2020.74949788082,2088.3896484375,468550
2016-10-03,2122.209602200255,2122.209602200255,2063.024473852041,2071.4794921875,403830
2016-10-04,2088.3896484375,2096.8446672570853,2063.024591978745,2088.3896484375,240190
2016-10-05,2096.844482421875,2130.664554719002,2088.3894643475933,2096.844482421875,587380
2016-10-06,2122.20953664472,2122.20953664472,2079.9344462733116,2096.844482421875,303930
2016-10-07,2113.7545185704384,2113.7545185704384,2088.3894643475933,2096.844482421875,427520
2016-10-11,2096.8443010892115,2105.299318432313,2037.6591796875,2037.6591796875,617370
2016-10-12,2037.659428978771,2046.1144473562765,2003.83935546875,2003.83935546875,330880
2016-10-13,2003.8394180556475,2020.7494553388174,1995.3843994140625,1995.3843994140625,342560
2016-10-14,2003.8392975636018,2003.8392975636018,1978.4742431640625,1978.4742431640625,282090
2016-10-17,1970.0194091796875,2003.8394848737594,1961.5643902561694,1970.0194091796875,447040
2016-10-18,1978.4743003362341,2012.2943738462554,1978.4743003362341,2003.83935546875,537070
2016-10-19,2029.2044708508404,2037.6594894793855,2003.8394149652047,2012.29443359375,515280
2016-10-20,2029.2044177158273,2485.7754117018885,2012.2943809015287,2350.4951171875,11922400
2016-10-21,2392.770495698652,2401.225515118082,2156.029951954616,2215.215087890625,8064620
2016-10-24,2198.305068128691,2240.5801655927044,2147.574951171875,2147.574951171875,1740320
2016-10-25,2156.0298442840576,2189.849920272827,2130.6647872924805,2164.48486328125,883560
2016-10-26,2172.9396334134617,2249.034795673077,2156.0295973557695,2198.3046875,1502080
2016-10-27,2189.8500296323355,2223.670107310055,2172.9399907934758,2215.215087890625,571500
2016-10-28,2232.125015258789,2240.5800342559814,2164.48486328125,2164.48486328125,1264340
2016-10-31,2172.9399817904136,2265.945195018797,2164.4849624060153,2249.03515625,2090660
2016-11-01,2240.579716155888,2240.579716155888,2181.3945915781856,2189.849609375,835460
2016-11-02,2172.94001953125,2172.94001953125,2105.29986328125,2113.7548828125,807770
2016-11-04,2096.8445422314257,2122.2095971777735,2054.5694506541795,2105.299560546875,898610
2016-11-07,2122.209834524765,2147.5748923079295,2088.389757480546,2139.119873046875,595400
2016-11-08,2139.119561298077,2198.3046875,2122.2095252403847,2198.3046875,543680
2016-11-09,2181.394793254573,2198.304830411585,2012.2944216844512,2079.9345703125,830260
2016-11-10,2147.574883724465,2181.394960633512,2105.2997875881565,2172.93994140625,949370
2016-11-11,2172.9395683374296,2257.48974609375,2172.9395683374296,2257.48974609375,1364350
2016-11-14,2257.4893914473682,2443.4997532894736,2257.4893914473682,2409.6796875,2544100
2016-11-15,2358.9501513514874,2654.8757975783765,2342.0401144242364,2629.5107421875,5526590
2016-11-16,2739.425732905322,2815.520892152692,2536.5053082456684,2561.870361328125,3120020
2016-11-17,2426.5904125268908,2511.1406011166778,2325.1301862191463,2333.585205078125,2326160
2016-11-18,2358.950207924931,2392.770282590521,2274.400021260955,2291.31005859375,1284540
2016-11-21,2282.8553633256392,2291.3103831898084,2215.215204412287,2232.125244140625,1022080
2016-11-22,2223.6697415865383,2232.124759615385,2189.849669471154,2198.3046875,945580
2016-11-24,2215.2148905961717,2308.220095926545,2206.759871929774,2291.31005859375,1071800
2016-11-25,2282.8548677884614,2291.3098858173075,2198.3046875,2198.3046875,1011400
2016-11-28,2223.6697415865383,2223.6697415865383,2164.4846153846156,2198.3046875,700510
2016-11-29,2206.760068471195,2240.5801461489145,2189.8500296323355,2215.215087890625,649470
2016-11-30,2215.215107114296,2232.1251460999015,2147.574951171875,2147.574951171875,3756660
2016-12-01,2164.4846230158732,2189.8496771918403,2130.66455078125,2130.66455078125,845750
2016-12-02,2122.209602200255,2130.664620535714,2071.4794921875,2071.4794921875,1013010
2016-12-05,2079.9346366222994,2088.3896554703574,2046.114561230067,2054.569580078125,484010
2016-12-06,2088.389528858418,2096.8445471938776,2063.024473852041,2071.4794921875,458400
2016-12-07,2071.479604044758,2147.574773172933,2054.5695664607197,2122.209716796875,1201910
2016-12-08,2130.6647425354254,2147.574780174595,2079.934629617915,2088.3896484375,837330
2016-12-09,2105.2995655293366,2113.7545838647957,2054.5694555165815,2071.4794921875,1002270
2016-12-12,2096.844674318416,2096.844674318416,2054.569580078125,2054.569580078125,632730
2016-12-13,2054.5696391121287,2088.3897154761144,2054.5696391121287,2063.024658203125,674810
2016-12-14,2071.479487285078,2139.1196338086725,2071.479487285078,2105.299560546875,1199600
2016-12-15,2105.299496605283,2147.5745868985614,2088.3894604879715,2130.66455078125,919550
2016-12-16,2130.664921875,2130.664921875,2071.47978515625,2113.7548828125,874360
2016-12-19,2088.3894643475933,2105.2995004961567,2079.9344462733116,2096.844482421875,405290
2016-12-20,2088.3896484375,2096.8446672570853,2079.934629617915,2088.3896484375,325810
2016-12-21,2079.9345703125,2088.389588891006,2071.479551733994,2079.9345703125,414110
2016-12-22,2071.4794921875,2079.934510522959,2063.024473852041,2071.4794921875,347240
2016-12-26,2071.47942819903,2096.844482421875,2063.024410124748,2096.844482421875,361260
2016-12-27,2096.844482421875,2096.844482421875,2079.9344462733116,2096.844482421875,420040
2016-12-28,2105.4030313297194,2113.961580237564,2088.2859335140306,2096.844482421875,315840
2016-12-29,2096.844638149434,2105.403187692901,2062.610439975566,2079.7275390625,470430
2016-12-30,2071.168772747239,2131.07861328125,2071.168772747239,2131.07861328125,571750
2017-01-04,2122.5203515625,2165.3131005859373,2096.8447021484376,2139.637451171875,893670
2017-01-05,2156.754588352815,2268.015737751968,2139.637488445253,2242.340087890625,2030790
2017-01-06,2242.3401135396402,2285.13286379803,2190.988813229572,2199.54736328125,1488340
2017-01-10,2225.222788008433,2233.7813371930806,2122.520197792659,2156.75439453125,882050
2017-01-11,2148.1960009765626,2190.98875,2131.0789013671874,2139.637451171875,604190
2017-01-12,2139.6371164629536,2148.1956649288054,2105.4029225995464,2122.52001953125,577820
2017-01-13,2113.961471065398,2122.52001953125,2105.4029225995464,2122.52001953125,338220
2017-01-16,2122.5201743521343,2131.0787234422637,2088.285977991616,2105.403076171875,442280
2017-01-17,2105.403076171875,2131.0787234422637,2079.7274289014863,2105.403076171875,575700
2017-01-18,2105.403076171875,2113.961625262005,2088.285977991616,2105.403076171875,250240
2017-01-19,2113.961669921875,2113.961669921875,2088.2860221090586,2113.961669921875,233830
2017-01-20,2105.403099423363,2165.3129437158977,2105.403099423363,2156.75439453125,608210
2017-01-23,2148.196044921875,2148.196044921875,2122.5203949825695,2148.196044921875,334520
2017-01-24,2131.0789013671874,2165.3131005859373,2131.0789013671874,2139.637451171875,239690
2017-01-25,2165.313144881412,2182.4302448409485,2131.078944962338,2148.196044921875,378800
2017-01-26,2156.754725178396,2173.871826171875,2148.196174681656,2173.871826171875,329050
2017-01-27,2165.3131005859373,2165.3131005859373,2131.0789013671874,2139.637451171875,386960
2017-01-30,2131.078567997102,2148.1956649288054,2122.52001953125,2122.52001953125,165650
2017-01-31,2105.4030313297194,2122.520129145408,2096.844482421875,2096.844482421875,281500
2017-02-01,2088.2861328125,2225.222928406762,2079.7275830878584,2088.2861328125,1438580
2017-02-02,2105.4029225995464,2139.6371164629536,2096.8443741336946,2122.52001953125,612110
2017-02-03,2122.5203515625,2156.75455078125,2105.4032519531247,2139.637451171875,1113900
2017-02-06,2139.637624184916,2173.871826171875,2113.961972694697,2173.871826171875,591530
2017-02-07,2139.6371619289657,2165.3128078721134,2131.07861328125,2131.07861328125,368060
2017-02-08,2148.196044921875,2173.8716948611805,2113.961845002801,2148.196044921875,471610
2017-02-09,2139.6371164629536,2148.1956649288054,2122.52001953125,2122.52001953125,351130
2017-02-10,2131.078567997102,2139.6371164629536,2113.961471065398,2122.52001953125,312960
2017-02-13,2139.637624184916,2173.871826171875,2131.079073688177,2173.871826171875,552650
2017-02-14,2173.871826171875,2216.664578655573,2165.313275675135,2173.871826171875,864800
2017-02-15,2190.988927165354,2208.106028158834,2173.871826171875,2173.871826171875,310670
2017-02-16,2173.871364182692,2225.22265625,2173.871364182692,2225.22265625,730040
2017-02-17,2242.3401853538785,2259.457286005435,2165.313232421875,2165.313232421875,598150
2017-02-20,2165.3131198883057,2199.5473194122314,2139.6374702453613,2190.98876953125,476680
2017-02-21,2190.988813229572,2208.105913332928,2182.430263177894,2199.54736328125,269170
2017-02-22,2199.54736328125,2225.223013436284,2182.430263177894,2199.54736328125,492970
2017-02-23,2208.105712890625,2225.2228114401646,2190.9886143410854,2208.105712890625,294310
2017-02-24,2199.547163615855,2216.664262165395,2190.9886143410854,2208.105712890625,256200
2017-02-27,2208.105513996139,2233.781159507722,2199.546965492278,2216.6640625,424850
2017-02-28,2225.22265625,2268.015399639423,2216.6641075721154,2225.22265625,790200
2017-03-01,2242.339753605769,2242.339753605769,2199.5470102163463,2225.22265625,466750
2017-03-02,2233.7812049278846,2250.8983022836537,2216.6641075721154,2225.22265625,217660
2017-03-03,2225.22265625,2233.7812049278846,2216.6641075721154,2225.22265625,251920
2017-03-06,2225.22265625,2233.7812049278846,2199.5470102163463,2225.22265625,251190
2017-03-07,2233.7812049278846,2250.8983022836537,2216.6641075721154,2225.22265625,502790
2017-03-08,2225.2229443546453,2233.781494140625,2199.5472949967075,2233.781494140625,204970
2017-03-09,2233.7816245339136,2259.457275390625,2225.223074248343,2259.457275390625,370240
2017-03-10,2268.0156932845425,2293.691342642481,2233.781494140625,2233.781494140625,491530
2017-03-13,2242.340087890625,2259.457187798187,2233.781537936844,2242.340087890625,179390
2017-03-14,2242.339753605769,2250.8983022836537,2225.22265625,2225.22265625,200840
2017-03-15,2225.222969055176,2225.222969055176,2190.98876953125,2190.98876953125,275970
2017-03-16,2190.988725490196,2190.988725490196,2148.1959769454656,2182.43017578125,315450
2017-03-17,2173.871826171875,2182.430376668615,2156.754725178396,2173.871826171875,290020
2017-03-21,2173.8716948611805,2182.4302448409485,2139.6374949421065,2148.196044921875,341820
2017-03-22,2131.0787469773068,2173.871492900546,2131.0787469773068,2156.75439453125,276430
2017-03-23,2148.1960009765626,2165.3131005859373,2131.0789013671874,2139.637451171875,131460
2017-03-24,2148.196044921875,2173.8716948611805,2148.196044921875,2148.196044921875,234580
2017-03-27,2139.6373177346914,2148.19586700563,2105.403120650936,2113.961669921875,381660
2017-03-28,2131.078944962338,2156.7545949016435,2122.5203949825695,2148.196044921875,462040
2017-03-29,2156.75455078125,2165.3131005859373,2139.637451171875,2139.637451171875,165310
2017-03-30,2148.195710576682,2182.4299051675453,2131.07861328125,2131.07861328125,273800
2017-03-31,2148.1956649288054,2165.312761860509,2122.52001953125,2122.52001953125,270710
2017-04-03,2139.6371619289657,2148.195710576682,2131.07861328125,2131.07861328125,146850
2017-04-04,2148.195710576682,2156.7542592243976,2113.961515985818,2131.07861328125,253310
2017-04-05,2139.637451171875,2165.3131005859373,2131.0789013671874,2139.637451171875,253120
2017-04-06,2148.1960009765626,2156.75455078125,2113.9618017578123,2139.637451171875,290470
2017-04-07,2131.078944962338,2156.7545949016435,2122.5203949825695,2148.196044921875,259900
2017-04-10,2156.7546130228598,2233.781563487962,2156.7546130228598,2199.54736328125,769970
2017-04-11,2190.988725490196,2199.547275199142,2156.7545266544116,2182.43017578125,503880
2017-04-12,2165.313144881412,2165.313144881412,2131.078944962338,2148.196044921875,590130
2017-04-13,2131.0790311187625,2165.313232421875,2122.5204807929845,2165.313232421875,346230
2017-04-14,2139.6373177346914,2156.754416276569,2105.403120650936,2113.961669921875,347730
2017-04-17,2105.403076171875,2122.5201743521343,2096.8445270817456,2105.403076171875,271770
2017-04-18,2122.5203515625,2139.637451171875,2113.9618017578123,2139.637451171875,205910
2017-04-19,2131.0788775275737,2190.988725490196,2131.0788775275737,2182.43017578125,707360
2017-04-20,2173.871650390625,2190.98875,2122.5203515625,2139.637451171875,346750
2017-04-21,2148.196044921875,2148.196044921875,2122.5203949825695,2148.196044921875,297770
2017-04-24,2148.196062971182,2225.223013436284,2139.637512919504,2199.54736328125,844330
2017-04-25,2199.5473448004855,2199.5473448004855,2139.6374949421065,2148.196044921875,828310
2017-04-26,2156.754682096097,2165.313232421875,2131.0790311187625,2165.313232421875,738350
2017-04-27,2165.3129665167758,2216.664262165395,2156.7544172420057,2208.105712890625,726710
2017-04-28,2199.5472998046876,2199.5472998046876,2131.0789013671874,2139.637451171875,505090
2017-05-01,2182.4302196502686,2276.5742683410645,2165.3131198883057,2190.98876953125,1138200
2017-05-02,2199.54733812172,2242.340087890625,2182.430238214158,2242.340087890625,551140
2017-05-08,2259.457119360902,2285.132768444549,2242.3400199718044,2276.57421875,840500
2017-05-09,2285.132398173757,2362.1593329436587,2268.015301558223,2345.042236328125,1075960
2017-05-10,2370.718217490376,2396.3938660552535,2327.9254698822465,2362.15966796875,621000
2017-05-11,2353.601118447124,2362.15966796875,2302.2498213173685,2362.15966796875,496910
2017-05-12,2353.601318359375,2370.718418856534,2319.367117365057,2353.601318359375,342760
2017-05-15,2327.9254698822465,2370.718217490376,2319.3669203606205,2362.15966796875,422980
2017-05-16,2353.601182054715,2464.862328842756,2345.0426323017887,2422.069580078125,1062850
2017-05-17,2439.1867492019487,2456.3038491963484,2379.27689922155,2387.83544921875,759140
2017-05-18,2345.0425248579545,2464.862215909091,2336.483975497159,2447.7451171875,1014030
2017-05-19,2490.538029597356,2499.0965795272436,2336.484130859375,2336.484130859375,1264770
2017-05-22,2353.6009644432893,2404.9522582129607,2353.6009644432893,2379.276611328125,538100
2017-05-23,2370.7178812514258,2379.276429559193,2345.042236328125,2345.042236328125,384330
2017-05-24,2353.6011417853438,2362.1596913918356,2302.249844146391,2319.366943359375,599640
2017-05-25,2345.0425921788515,2353.6011417853438,2319.366943359375,2319.366943359375,375060
2017-05-26,2319.3668552943636,2413.510897391183,2319.3668552943636,2396.393798828125,804140
2017-05-29,2422.069559806521,2430.628109487816,2353.60116235616,2370.71826171875,512340
2017-05-30,2370.718062366513,2396.393709251349,2362.159513404901,2379.276611328125,371950
2017-05-31,2379.276811400045,2422.069559806521,2362.159712037455,2370.71826171875,418340
2017-06-01,2370.718062366513,2396.393709251349,2353.6009644432893,2379.276611328125,231230
2017-06-02,2387.8352936985657,2430.6280408974644,2362.1596453792263,2404.952392578125,667720
2017-06-05,2404.952282542914,2439.1864787356953,2379.2766353983275,2430.6279296875,433140
2017-06-06,2413.5108315911093,2490.537773024868,2404.952282542914,2430.6279296875,1083110
2017-06-07,2422.0693806393047,2439.1864787356953,2387.835184446523,2430.6279296875,563840
2017-06-08,2464.862034574468,2490.537680767952,2413.5107421875,2413.5107421875,717780
2017-06-09,2422.0692909186614,2456.3034858433066,2413.5107421875,2413.5107421875,472140
2017-06-12,2404.95241384473,2456.3037109375,2353.6011167519596,2456.3037109375,777100
2017-06-13,2456.3040838833513,2499.096837957974,2430.6284314385775,2481.979736328125,848100
2017-06-14,2499.0966360609964,2576.1235871724657,2456.3038854435135,2490.5380859375,1561210
2017-06-15,2456.3031301398028,2481.9787726151317,2430.627487664474,2439.18603515625,481770
2017-06-16,2430.628062391115,2464.8622604529614,2422.0695128756533,2456.3037109375,372640
2017-06-19,2464.862324617347,2516.213623046875,2464.862324617347,2516.213623046875,459660
2017-06-20,2541.889503479004,2541.889503479004,2447.745447794596,2464.862548828125,749580
2017-06-21,2464.862548828125,2490.538200378418,2447.745447794596,2464.862548828125,384250
2017-06-22,2473.4202251233555,2481.9787726151317,2422.0689401726972,2439.18603515625,427060
2017-06-23,2439.186897277832,2473.421099344889,2430.628346761068,2464.862548828125,428970
2017-06-26,2456.303998311361,2490.538200378418,2447.745447794596,2464.862548828125,304260
2017-06-27,2473.4211855132007,2490.5382871430497,2447.745533068427,2481.979736328125,397590
2017-06-28,2456.3037790898297,2481.9794283486085,2422.069580078125,2422.069580078125,426920
2017-06-29,2430.628235073024,2499.0966360609964,2413.5111348260307,2490.5380859375,588610
2017-06-30,2464.862105320069,2499.0963012272923,2439.1864583896518,2473.420654296875,566290
2017-07-03,2464.861935177365,2550.44741903769,2464.861935177365,2533.330322265625,1017420
2017-07-04,2516.213623046875,2516.213623046875,2447.7452251408376,2516.213623046875,920530
2017-07-05,2516.213823858788,2516.213823858788,2473.4210717523465,2507.6552734375,497920
2017-07-06,2516.2133593096783,2584.6817500391935,2499.0962616272996,2559.006103515625,1267010
2017-07-07,2559.0064869254725,2559.0064869254725,2481.979535814003,2490.5380859375,701090
2017-07-10,2524.77217278513,2533.3307225233843,2499.0965235703657,2516.213623046875,406310
2017-07-11,2516.213490467198,2593.2404340529283,2516.213490467198,2584.681884765625,734110
2017-07-12,2576.1234024355076,2584.68195194526,2541.8892043964975,2550.44775390625,469560
2017-07-13,2559.0059674237227,2567.564515809755,2516.21322549356,2533.330322265625,416730
2017-07-14,2541.888916015625,2567.564561631945,2533.330367476852,2541.888916015625,563870
2017-07-17,2541.888916015625,2541.888916015625,2541.888916015625,2541.888916015625,0
2017-07-18,2550.44741903769,2584.6816125818204,2524.7717738795927,2533.330322265625,656030
2017-07-19,2533.330675627056,2601.799072265625,2533.330675627056,2601.799072265625,675250
2017-07-20,2559.0063243665195,2678.8260184840155,2550.447774786698,2601.799072265625,1099160
2017-07-21,2601.7987830033003,2618.915880259901,2567.564588490099,2593.240234375,429940
2017-07-24,2584.681863293974,2644.5917078074103,2567.564764861563,2627.474609375,450790
2017-07-25,2627.4749565972224,2704.501909722222,2618.91640625,2695.943359375,1022020
2017-07-26,2695.9432279146636,2721.618877704327,2653.1504782652246,2670.267578125,701850
2017-07-27,2670.2675101364716,2738.7359078322784,2670.2675101364716,2704.501708984375,812370
2017-07-28,2738.7359775641025,2747.2945274939907,2661.7090281951123,2670.267578125,2340940
2017-07-31,2567.564852925755,2567.564852925755,2456.303709298972,2550.44775390625,1822360
2017-08-01,2550.4478219998937,2550.4478219998937,2490.537973832111,2516.213623046875,581550
2017-08-02,2516.21322549356,2550.44741903769,2507.6546771075277,2533.330322265625,461210
2017-08-03,2524.7723742800767,2550.448025543942,2473.4210717523465,2507.6552734375,468010
2017-08-04,2507.6550733086206,2516.213623046875,2490.537973832111,2516.213623046875,209350
2017-08-07,2533.330654886745,2567.564852925755,2524.7721053769924,2550.44775390625,374370
2017-08-08,2559.0064352548798,2618.916284909676,2559.0064352548798,2576.12353515625,464170
2017-08-09,2576.1232462565104,2584.6817952473957,2541.8890502929685,2567.564697265625,463450
2017-08-10,2567.564985205565,2601.799185008306,2550.447885304194,2576.12353515625,376530
2017-08-11,2576.12353515625,2576.12353515625,2576.12353515625,2576.12353515625,0
2017-08-14,2567.5648739463404,2627.4747210050887,2533.330675627056,2601.799072265625,742850
2017-08-15,2618.916321385783,2713.0603721545526,2593.240671176118,2678.826171875,1320300
2017-08-16,2661.708631381867,2721.618471959594,2653.150082727906,2687.38427734375,616730
2017-08-17,2687.3842589758033,2764.4111963349824,2678.825710380339,2730.177001953125,721260
2017-08-18,2704.501356166732,2772.9697449304467,2704.501356166732,2730.177001953125,1250400
2017-08-21,2713.059859749656,2755.8526020170007,2713.059859749656,2721.618408203125,585080
2017-08-22,2721.6184982299806,2755.8526931762694,2687.384303283691,2738.735595703125,396840
2017-08-23,2755.8525390625,2815.7623768682065,2730.1768942886256,2755.8525390625,1143150
2017-08-24,2755.8532010879985,2815.7630532855637,2747.2946507740608,2790.08740234375,516200
2017-08-25,2790.0873587740384,2807.2044591346153,2772.9702584134616,2781.52880859375,513350
2017-08-28,2815.7629146004865,2884.231313739708,2807.204364708084,2858.5556640625,992630
2017-08-29,2824.3212890625,2867.114035866477,2815.7627397017045,2824.3212890625,749460
2017-08-30,2867.1137960215815,2927.0236365354654,2824.321052797379,2918.465087890625,1192230
2017-08-31,2944.140933700608,2944.140933700608,2807.204146086626,2815.7626953125,1133400
2017-09-01,2832.8798164937034,2901.3482108500466,2832.8798164937034,2867.114013671875,703270
2017-09-04,2849.9970501540997,2858.5555998542623,2790.0872022529625,2798.645751953125,393430
2017-09-05,2790.0874131944447,2807.204513888889,2695.943359375,2695.943359375,954760
2017-09-06,2644.5919715954474,2704.5018220846646,2636.033421525559,2678.826171875,770440
2017-09-07,2713.060258696351,2730.1773581203024,2695.943159272399,2704.501708984375,476190
2017-09-08,2644.5916628370096,2687.3844081903594,2618.916015625,2618.916015625,769180
2017-09-11,2618.916215740266,2644.5918649141904,2593.2405665663423,2610.357666015625,490580
2017-09-12,2627.4746537642045,2644.5917524857955,2610.3575550426135,2636.033203125,424010
2017-09-13,2653.1502119076795,2670.267310049019,2610.3574665543297,2618.916015625,556090
2017-09-14,2636.033249003775,2636.033249003775,2533.330654886745,2550.44775390625,838450
2017-09-15,2550.4475546744357,2593.240298880383,2499.0962616272996,2559.006103515625,756800
2017-09-18,2559.006103515625,2559.006103515625,2559.006103515625,2559.006103515625,0
2017-09-19,2584.681884765625,2601.7989833402316,2559.006236903715,2584.681884765625,521180
2017-09-20,2567.564985205565,2593.2406350576202,2550.447885304194,2576.12353515625,572000
2017-09-21,2576.1232011980037,2593.240298880383,2541.8890058332463,2559.006103515625,642380
2017-09-22,2559.0063717381486,2567.564921476403,2507.6550733086206,2516.213623046875,625310
2017-09-25,2524.7719523111978,2576.1232462565104,2516.2134033203124,2567.564697265625,473810
2017-09-26,2576.1234024355076,2576.1234024355076,2541.8892043964975,2550.44775390625,506810
2017-09-27,2533.330367476852,2567.564561631945,2524.771818938079,2541.888916015625,289550
2017-09-28,2550.4476876164113,2601.7989833402316,2541.889138329108,2584.681884765625,700720
2017-09-29,2610.3576218454464,2636.0332705849096,2593.240522685804,2601.799072265625,570440
2017-10-02,2618.916215740266,2627.4747654649077,2610.357666015625,2610.357666015625,430030
2017-10-03,2627.4747654649077,2644.5918649141904,2610.357666015625,2610.357666015625,395420
2017-10-04,2601.7988932291664,2610.357442220052,2550.447599283854,2567.564697265625,431380
2017-10-05,2567.564852925755,2584.68195194526,2550.44775390625,2550.44775390625,305850
2017-10-06,2550.447666429153,2636.033158591205,2541.889117212948,2627.474609375,783300
2017-10-09,2627.474609375,2627.474609375,2627.474609375,2627.474609375,0
2017-10-10,2627.47456469567,2636.0331137663397,2593.24036841299,2618.916015625,311350
2017-10-11,2601.7988932291664,2610.357442220052,2567.564697265625,2567.564697265625,347950
2017-10-12,2576.1233354783217,2601.7989833402316,2567.5647861910184,2584.681884765625,468700
2017-10-13,2584.6816857466997,2610.3573316316006,2576.1231371183994,2593.240234375,342750
2017-10-16,2593.24036841299,2627.47456469567,2593.24036841299,2618.916015625,352730
2017-10-17,2636.0332705849096,2661.7089193243733,2593.240522685804,2601.799072265625,528140
2017-10-18,2636.0332473705503,2670.2674453883496,2618.9161483616504,2644.591796875,729180
2017-10-19,2653.1502570236153,2670.267355456026,2610.357510942589,2627.474609375,452860
2017-10-20,2627.4747654649077,2644.5918649141904,2610.357666015625,2610.357666015625,366780
2017-10-23,2636.0333151895493,2636.0333151895493,2576.1234671170596,2610.357666015625,576530
2017-10-24,2601.799049352751,2653.1503463794497,2601.799049352751,2644.591796875,450100
2017-10-25,2653.1502570236153,2661.7088062398207,2627.474609375,2627.474609375,311210
2017-10-26,2636.033203125,2653.150301846591,2601.799005681818,2636.033203125,380920
2017-10-27,2653.150390625,2653.150390625,2618.9161920362903,2653.150390625,378590
2017-10-30,2653.150301846591,2670.267400568182,2627.4746537642045,2636.033203125,582650
2017-10-31,2627.4747654649077,2627.4747654649077,2567.564917392418,2610.357666015625,739200
2017-11-01,2618.9158702120885,2764.4111963349824,2618.9158702120885,2730.177001953125,2254940
2017-11-02,2695.9428075712676,2747.2940991440537,2695.9428075712676,2730.177001953125,748210
2017-11-03,2730.177001953125,2730.177001953125,2730.177001953125,2730.177001953125,0
2017-11-06,2738.7357954545455,2849.9969371448865,2738.7357954545455,2824.3212890625,1515040
2017-11-07,2798.645952657688,2832.8801539134397,2772.9703017158745,2790.08740234375,950420
2017-11-08,2772.9702584134616,2815.7630093149037,2747.294607872596,2781.52880859375,927330
2017-11-09,2747.2945724341052,2772.97022264377,2636.033421525559,2678.826171875,1043760
2017-11-10,2636.0331137663397,2670.267310049019,2601.79891748366,2618.916015625,667800
2017-11-13,2618.9161714252673,2636.0332705849096,2584.6819731059827,2601.799072265625,423670
2017-11-14,2601.799185008306,2610.357734958991,2576.12353515625,2576.12353515625,440630
2017-11-15,2559.0061688956566,2584.681816075212,2490.537776416843,2524.77197265625,1109080
2017-11-16,2524.7719523111978,2584.6817952473957,2524.7719523111978,2567.564697265625,564470
2017-11-17,2610.357734958991,2618.916284909676,2559.0064352548798,2576.12353515625,530280
2017-11-20,2576.1232011980037,2576.1232011980037,2550.4475546744357,2559.006103515625,300040
2017-11-21,2584.68195194526,2601.7990509647652,2533.330654886745,2550.44775390625,721610
2017-11-22,2533.3305217161014,2550.4476198358047,2499.096325476695,2524.77197265625,934160
2017-11-23,2524.77197265625,2524.77197265625,2524.77197265625,2524.77197265625,0
2017-11-24,2516.2139395878235,2524.7724904027477,2473.4211855132007,2481.979736328125,424170
2017-11-27,2456.303998311361,2481.979649861654,2430.628346761068,2464.862548828125,576100
2017-11-28,2464.862125880282,2464.862125880282,2422.0693806393047,2430.6279296875,441220
2017-11-29,2447.7451171875,2464.862215909091,2413.510919744318,2447.7451171875,551260
2017-11-30,2430.628018465909,2447.7451171875,2396.393821022727,2447.7451171875,569930
2017-12-01,2464.861677631579,2490.537320106908,2430.627487664474,2439.18603515625,389950
2017-12-04,2439.1866795839774,2447.745229336904,2413.5110303251986,2422.069580078125,368330
2017-12-05,2413.5108071745726,2422.069356136185,2370.718062366513,2379.276611328125,674280
2017-12-06,2370.718062366513,2404.9522582129607,2345.042415481677,2379.276611328125,700800
2017-12-07,2404.9521934563386,2422.0692909186614,2387.835095994016,2413.5107421875,411940
2017-12-08,2422.0697962443032,2481.979649861654,2422.0697962443032,2464.862548828125,689380
2017-12-11,2499.0966360609964,2499.0966360609964,2464.8624355670104,2490.5380859375,314550
2017-12-12,2490.5380859375,2499.0966360609964,2464.8624355670104,2490.5380859375,235250
2017-12-13,2858.5558159722223,2927.0242187500003,2661.709157986111,2695.943359375,7938670
2017-12-14,2687.384214389249,2798.6453442843454,2661.7085690288422,2721.618408203125,2448000
2017-12-15,2704.501708984375,2764.4115569682062,2661.7089604244957,2704.501708984375,1220990
2017-12-18,2713.060258696351,2721.618808408327,2644.5918610005438,2704.501708984375,611350
2017-12-19,2721.6184982299806,2807.203985595703,2704.501400756836,2738.735595703125,1614440
2017-12-20,2747.2940991440537,2747.2940991440537,2713.0599047621963,2730.177001953125,417600
2017-12-21,2755.8531580528843,2807.2044591346153,2730.177507512019,2781.52880859375,1168490
2017-12-22,2721.618808408327,2730.1773581203024,2687.384609560423,2704.501708984375,862670
2017-12-25,2695.9432279146636,2721.618877704327,2670.267578125,2670.267578125,304650
2017-12-26,2670.267180035828,2695.9428259977108,2670.267180035828,2687.38427734375,527460
2017-12-27,2704.66676427141,2756.51341150984,2696.025656398339,2730.590087890625,481120
2017-12-28,2696.0254030652864,2730.589831309713,2696.0254030652864,2713.3076171875,333490
2017-12-29,2713.307839276714,2721.948947045111,2678.743408203125,2678.743408203125,394840
2018-01-01,2678.743408203125,2678.743408203125,2678.743408203125,2678.743408203125,0
2018-01-02,2678.743408203125,2678.743408203125,2678.743408203125,2678.743408203125,0
2018-01-03,2678.743408203125,2678.743408203125,2678.743408203125,2678.743408203125,0
2018-01-04,2704.666742569361,2713.307850373097,2670.102311354417,2696.025634765625,426220
2018-01-05,2704.666742569361,2721.948958176833,2687.384526961889,2696.025634765625,516990
2018-01-08,2696.025634765625,2696.025634765625,2696.025634765625,2696.025634765625,0
2018-01-09,2687.384515971522,2713.307839276714,2635.537869361139,2678.743408203125,615020
2018-01-10,2678.74315137987,2678.74315137987,2652.819830560065,2661.4609375,397840
2018-01-11,2678.7434191581533,2739.231173784305,2670.102311354417,2696.025634765625,818830
2018-01-12,2721.948996038646,2791.0778594301037,2713.307888114714,2756.513427734375,1026070
2018-01-15,2782.43701171875,2791.078120450796,2747.872576790567,2782.43701171875,408090
2018-01-16,2791.077886134018,2817.0012101538387,2739.2312380943767,2799.718994140625,461200
2018-01-17,2773.7959075077397,2842.92477747678,2773.7959075077397,2791.078125,475130
2018-01-18,2825.6423181604455,2825.6423181604455,2791.077886134018,2799.718994140625,551230
2018-01-19,2834.28366873065,2842.92477747678,2773.7959075077397,2791.078125,664650
2018-01-22,2799.7187738185976,2851.565417778201,2765.154344512195,2834.283203125,724020
2018-01-23,2877.4887517755683,2877.4887517755683,2825.6421075994317,2851.5654296875,579500
2018-01-24,2825.64208984375,2868.8476263857033,2825.64208984375,2825.64208984375,448690
2018-01-25,2808.360053168403,2808.360053168403,2721.948974609375,2721.948974609375,753000
2018-01-26,2730.590341244104,2756.513667268573,2730.590341244104,2747.87255859375,239230
2018-01-29,2765.15478515625,2765.15478515625,2739.2314590454102,2765.15478515625,200500
2018-01-30,2747.8722871530554,2756.5133949742913,2687.384532404403,2704.666748046875,540980
2018-01-31,2687.3842960041798,2747.872045431927,2687.3842960041798,2713.3076171875,492320
2018-02-01,2704.6667801907815,2765.154535658307,2687.384564342917,2756.513427734375,416680
2018-02-02,2747.872576790567,2782.43701171875,2713.3081418623838,2782.43701171875,397030
2018-02-05,2592.3322696749583,2652.8200226340405,2575.0500545437917,2583.691162109375,1339230
2018-02-06,2514.5622675247973,2549.1266973189527,2488.638945179181,2531.844482421875,1324970
2018-02-07,2618.255859375,2661.461401608911,2600.973642481436,2618.255859375,799130
2018-02-08,2618.2556484185375,2696.0256181735435,2618.2556484185375,2670.102294921875,734950
2018-02-09,2575.050114982359,2678.743408203125,2575.050114982359,2678.743408203125,796980
2018-02-12,2678.743408203125,2678.743408203125,2678.743408203125,2678.743408203125,0
2018-02-13,2687.384515971522,2704.6667315083164,2670.1023004347276,2678.743408203125,864900
2018-02-14,2678.7437069342004,2808.3603379148876,2670.1025982021547,2782.43701171875,1249520
2018-02-15,2765.1545463395637,2791.077870211497,2747.8723304249415,2773.795654296875,693340
2018-02-16,2791.077891376202,2817.0012154447118,2756.513459284856,2808.360107421875,549440
2018-02-19,2851.5657575535843,3007.105707965598,2851.5657575535843,2998.464599609375,1939960
2018-02-20,3024.387775577911,3197.2099341823628,3024.387775577911,3154.00439453125,2579840
2018-02-21,3128.0810812968325,3205.851052931284,3110.7988653780653,3171.28662109375,1623910
2018-02-22,3197.20974609375,3266.33860546875,3162.64531640625,3240.415283203125,1837070
2018-02-23,3231.7742046155427,3300.903064607319,3205.8508821186265,3283.620849609375,1531380
2018-02-26,3352.7500100160255,3516.931067207532,3318.185576923077,3370.0322265625,4616530
2018-02-27,3370.0318884212065,3370.0318884212065,3223.1330625156666,3231.774169921875,2407880
2018-02-28,3214.49244982131,3326.826863390334,3171.286906140916,3249.056884765625,1787340
2018-03-01,3205.8510689400337,3257.6977169552365,3188.5688529349663,3197.2099609375,964290
2018-03-02,3128.08109691723,3205.8510689400337,3119.439988914696,3197.2099609375,812160
2018-03-05,3197.2094255767906,3274.979384577307,3102.157253465048,3136.7216796875,968380
2018-03-06,3205.8510582965355,3214.4921662703805,3128.0810865319295,3179.927734375,588830
2018-03-07,3136.7218743122803,3145.3629814040496,3050.3108033945864,3067.593017578125,1131850
2018-03-08,3084.8757879986024,3240.4157436960113,3076.2346793487463,3188.569091796875,1108380
2018-03-09,3162.645233238833,3179.9274476281166,3110.7985900709837,3119.439697265625,1254920
2018-03-12,3145.363220387748,3145.363220387748,3033.028819659614,3050.31103515625,955450
2018-03-13,3024.387982296744,3110.799067505223,3015.7468737758963,3102.157958984375,726990
2018-03-14,3102.1577574186817,3171.28662109375,3076.2344335405314,3171.28662109375,743930
2018-03-15,3188.5688686012904,3257.69773296121,3162.6455444663206,3223.13330078125,978610
2018-03-16,3249.0568523458674,3249.0568523458674,3171.286874497163,3188.569091796875,594500
2018-03-19,3179.927983147019,3223.133526396299,3136.7224398977387,3188.569091796875,878600
2018-03-20,3136.721911654908,3145.36301884955,3084.8752684870587,3119.439697265625,617440
2018-03-21,3119.439697265625,3119.439697265625,3119.439697265625,3119.439697265625,0
2018-03-22,3067.5930600666866,3128.080810546875,2998.464202375043,3128.080810546875,1002530
2018-03-23,3033.0287803694,3076.2343185513005,2981.18213455112,2989.8232421875,1023160
2018-03-26,2989.823534333304,3084.875727621357,2963.900208891108,3076.234619140625,888110
2018-03-27,3102.1577416723903,3154.0043891655223,3067.5933100103025,3145.36328125,538800
2018-03-28,3093.5166124131943,3145.363259548611,3084.8755045572916,3110.798828125,576190
2018-03-29,3093.5165454382186,3102.1576531070405,2981.1821457435344,3007.10546875,779440
2018-03-30,3067.5930600666866,3145.363024969786,3033.028631220865,3128.080810546875,715820
2018-04-02,3119.4397033354194,3171.286346604152,3119.4397033354194,3128.080810546875,279670
2018-04-03,3067.5935249009835,3128.0812845469186,3058.9524163801357,3102.157958984375,342530
2018-04-04,3110.798360020661,3154.0038927987257,3102.157253465048,3136.7216796875,531640
2018-04-05,3171.286610391695,3231.7743659032535,3145.363286601027,3154.00439453125,658460
2018-04-06,3136.722210084653,3231.7743982690363,3076.234453967318,3205.85107421875,850340
2018-04-09,3197.210232349152,3266.3391022377823,3188.5691236130733,3249.056884765625,580670
2018-04-10,3266.3388031506147,3266.3388031506147,3154.004399867657,3162.6455078125,680660
2018-04-11,3102.157664620536,3110.7987723214287,2998.4643722098212,3024.3876953125,932610
2018-04-12,3015.7465986772017,3084.8754605379972,2998.464383212003,3041.669921875,365410
2018-04-13,3041.669927407932,3076.234358401204,2998.464388666342,3050.31103515625,481500
2018-04-16,3058.952131744124,3102.1576703280807,3024.3877008769587,3033.02880859375,287870
2018-04-17,3033.0288141424007,3084.8754605379972,2989.8232754794035,3041.669921875,599230
2018-04-18,3050.3110731336806,3110.798828125,3024.387749565972,3110.798828125,410810
2018-04-19,3110.798849587912,3145.36328125,3076.2344179258243,3145.36328125,593380
2018-04-20,3145.3633024796195,3240.415490191916,3145.3633024796195,3179.927734375,743630
2018-04-23,3179.9275138608873,3223.133050733997,3162.645299111643,3214.491943359375,527990
2018-04-24,3223.133050733997,3240.415265483241,3197.209728610131,3214.491943359375,407150
2018-04-25,3188.56882082761,3205.851036658654,3136.722173334478,3145.36328125,420880
2018-04-26,3136.7223785057495,3136.7223785057495,3041.6701852176966,3076.234619140625,647930
2018-04-27,2981.181791829919,2998.4640051158894,2825.641872256184,2860.206298828125,1561420
2018-04-30,2860.206298828125,2860.206298828125,2860.206298828125,2860.206298828125,0
2018-05-01,2765.15469269103,2765.15469269103,2592.3325243978406,2600.9736328125,1753960
2018-05-02,2609.6144494587247,2644.1788792528796,2514.5622675247973,2531.844482421875,1198560
2018-05-03,2531.844482421875,2531.844482421875,2531.844482421875,2531.844482421875,0
2018-05-04,2531.844482421875,2531.844482421875,2531.844482421875,2531.844482421875,0
2018-05-07,2531.844711408944,2540.4858196390087,2462.7158455684266,2505.92138671875,932020
2018-05-08,2514.5622960033033,2600.9733714673343,2514.5622960033033,2575.050048828125,896150
2018-05-09,2549.126948142538,2575.050273038903,2514.562514947385,2540.48583984375,484640
2018-05-10,2540.4858196390087,2566.4091443292023,2497.2802784886853,2505.92138671875,488950
2018-05-11,2523.20361328125,2557.7680463398974,2505.9213967519263,2523.20361328125,418550
2018-05-14,2514.5622675247973,2557.7678047674917,2514.5622675247973,2531.844482421875,347700
2018-05-15,2566.4091647401146,2600.9735979352677,2531.8447315449616,2540.48583984375,519570
2018-05-16,2557.7680463398974,2557.7680463398974,2523.20361328125,2523.20361328125,291700
2018-05-17,2540.48583984375,2557.7680564413263,2531.8447315449616,2540.48583984375,264310
2018-05-18,2540.4856072503167,2557.767822265625,2523.2033922350083,2557.767822265625,297580
2018-05-21,2540.4858298105737,2549.1269380752356,2514.562505016588,2523.20361328125,273320
2018-05-22,2540.4856186425127,2600.9733714673343,2531.8445110961093,2575.050048828125,822530
2018-05-23,2626.89722079918,2661.461657914959,2583.691674404457,2635.538330078125,1544870
2018-05-24,2652.8200627744586,2670.1022781671263,2618.2556319891237,2644.178955078125,690740
2018-05-25,2661.4611704707927,2696.0256012561276,2600.9734165964564,2644.178955078125,828240
2018-05-28,2618.2555569072633,2635.537771804341,2497.2800526277197,2531.844482421875,718870
2018-05-29,2523.2036031788793,2540.4858196390087,2488.6391702586207,2505.92138671875,399830
2018-05-30,2471.356718817118,2531.844470676278,2428.1511817748606,2514.562255859375,474040
2018-05-31,2540.4855661359215,2566.4088882393494,2497.280029296875,2497.280029296875,360160
2018-06-01,2488.6391499125875,2505.921366231425,2454.0747172749125,2471.35693359375,347790
2018-06-04,2488.6391900510203,2549.126948142538,2479.998081752232,2540.48583984375,577530
2018-06-05,2540.4855780847292,2540.4855780847292,2488.6389336340208,2514.562255859375,477310
2018-06-06,2514.5622847273544,2592.3322522962417,2497.280069712046,2557.767822265625,695270
2018-06-07,2592.3322696749583,2635.537807502874,2566.4089469782084,2583.691162109375,801330
2018-06-08,2557.7678450520834,2600.9733829752604,2549.126737467448,2592.332275390625,532530
2018-06-11,2592.3325340346537,2626.8969678217823,2566.409208694307,2618.255859375,383060
2018-06-12,2618.255598144531,2644.1789208984374,2575.050060221354,2592.332275390625,596160
2018-06-13,2549.1266174316406,2566.408831787109,2410.8689025878907,2419.510009765625,1514800
2018-06-14,2410.869384765625,2454.0749292954747,2393.587166953685,2410.869384765625,791380
2018-06-15,2410.8694020193793,2454.0749468584363,2402.228293051568,2445.433837890625,457950
2018-06-18,2436.792475255783,2445.4335833240657,2402.228042982651,2428.1513671875,412390
2018-06-19,2436.792693536932,2445.4338023792616,2376.304931640625,2376.304931640625,442940
2018-06-20,2367.6636356807257,2488.6391499125875,2324.458094883632,2471.35693359375,1465530
2018-06-21,2497.2802317337632,2497.2802317337632,2419.510259119217,2428.1513671875,423760
2018-06-22,2419.5104936715948,2445.433820389505,2393.587166953685,2410.869384765625,417190
2018-06-25,2419.510264295213,2488.639128989362,2410.869156208444,2436.79248046875,577220
2018-06-26,2419.5102433678057,2436.7924593918615,2384.9458113196943,2402.22802734375,465100
2018-06-27,2462.71565619121,2825.642173945704,2402.227903232128,2583.691162109375,10651550
2018-06-28,2514.5623015847095,2635.537807502874,2454.074548625627,2583.691162109375,8865030
2018-06-29,2523.2035613364365,2540.4857775099736,2393.586940034907,2436.79248046875,4155620
2018-07-02,2402.2279612605735,2419.5101768092104,2289.8935601944313,2298.53466796875,1889820
2018-07-03,2315.81689453125,2350.3813257929105,2289.8935710850046,2315.81689453125,799980
2018-07-04,2307.1752632634266,2307.1752632634266,2238.046416424073,2272.61083984375,807490
2018-07-05,2255.3293169806984,2298.534859451593,2177.5593405330883,2203.482666015625,974760
2018-07-06,2246.6879826254826,2272.6113055019305,2212.123552123552,2238.046875,822110
2018-07-09,2238.0466820648994,2315.8166439899346,2203.4822545426614,2307.175537109375,895790
2018-07-10,2298.534656871449,2333.0990878018465,2281.25244140625,2281.25244140625,369960
2018-07-11,2255.329107153507,2289.89353791448,2246.687999463263,2263.97021484375,428090
2018-07-12,2272.611322533993,2298.534645604723,2255.329107153507,2263.97021484375,461070
2018-07-13,2272.611322533993,2281.2524302242364,2238.04689177302,2263.97021484375,434730
2018-07-16,2263.97021484375,2263.97021484375,2263.97021484375,2263.97021484375,0
2018-07-17,2263.97021484375,2341.7401840559396,2246.687999463263,2263.97021484375,824810
2018-07-18,2289.8935601944313,2324.457991291706,2272.6113446457944,2298.53466796875,426850
2018-07-19,2298.5346843052976,2341.7402234839683,2289.8935764695634,2324.4580078125,698750
2018-07-20,2281.252473958333,2359.0224446614584,2272.6113661024306,2333.09912109375,758020
2018-07-23,2333.09912109375,2367.663552517361,2307.1757975260416,2333.09912109375,435890
2018-07-24,2376.30466587869,2410.86909738238,2315.816910747232,2341.740234375,887900
2018-07-25,2341.7402289496526,2359.0224446614584,2315.8169053819443,2333.09912109375,388490
2018-07-26,2333.099115648234,2341.7402234839683,2298.5346843052976,2324.4580078125,581020
2018-07-27,2333.0991264990776,2376.30466587869,2307.1758028713098,2341.740234375,680070
2018-07-30,2229.4056583895226,2229.4056583895226,2073.86572873444,2082.5068359375,2813730
2018-07-31,2073.8657103466385,2082.5068174730827,2030.6601747144168,2056.58349609375,1074260
2018-08-01,2047.9423889673055,2065.2246032201942,2013.3779604615283,2056.58349609375,601260
2018-08-02,2056.5837350837287,2082.5070594755407,2039.301518822521,2047.942626953125,448610
2018-08-03,2039.3014926252692,2047.942600644868,2004.737060546875,2004.737060546875,516520
2018-08-06,1996.0959202589188,1996.0959202589188,1944.2492729794662,1952.890380859375,783760
2018-08-07,1944.2492889004504,1987.4548286537938,1944.2492889004504,1978.813720703125,375870
2018-08-08,1961.5312938201123,2022.01904296875,1961.5312938201123,2022.01904296875,410750
2018-08-09,2004.736908900055,2022.019123631952,1952.890264704364,1961.5313720703125,388630
2018-08-10,1944.2491573384154,1970.1724794362608,1926.9669426065184,1961.5313720703125,543150
2018-08-13,1935.6077665441176,1952.8899787454043,1901.0433421415441,1909.6844482421875,500770
2018-08-14,1918.3260498046875,1926.967158137141,1892.4027248073269,1918.3260498046875,427600
2018-08-15,1918.3255543428309,1935.6077665441176,1901.0433421415441,1909.6844482421875,336120
2018-08-16,1892.4027049213375,1909.6849214046374,1866.4793801963876,1883.7615966796875,364790
2018-08-17,1883.7615966796875,1901.0438131629874,1866.4793801963876,1883.7615966796875,287270
2018-08-20,1875.1200238396139,1926.9666604434742,1866.4789177389705,1909.6844482421875,503110
2018-08-21,1926.9670518663195,1961.5314832899305,1909.684836154514,1944.249267578125,404470
2018-08-22,1952.89036996024,1952.89036996024,1935.608154296875,1935.608154296875,237890
2018-08-23,1918.3260498046875,1935.6082664695946,1909.684941472234,1918.3260498046875,234970
2018-08-24,1935.6081757127195,1987.454823276453,1918.3259598581415,1970.172607421875,574810
2018-08-27,1961.5315048017876,1987.4548286537938,1944.2492889004504,1978.813720703125,298350
2018-08-28,1978.8135868022093,1987.4546941681579,1944.2491573384154,1961.5313720703125,376070
2018-08-29,1961.5313895847487,1996.095819357167,1952.890282141644,1987.4547119140625,278060
2018-08-30,2013.3781944307093,2073.8659513449365,2004.7370863001054,2047.942626953125,648120
2018-08-31,2047.942626953125,2056.5837350837287,2013.3781944307093,2047.942626953125,443780
2018-09-03,2047.942464015795,2047.942464015795,1978.813604470958,1987.4547119140625,373550
2018-09-04,1996.095715698766,2030.660143676234,1987.454608704399,2013.3779296875,260500
2018-09-05,2022.01904296875,2047.942364032452,2013.377935947516,2022.01904296875,304200
2018-09-06,2013.378130425347,2013.378130425347,1944.249267578125,1944.249267578125,310320
2018-09-07,1918.3255543428309,1926.9666604434742,1901.0433421415441,1909.6844482421875,242740
2018-09-10,1901.0438232421875,1926.967148104581,1892.402714954723,1901.0438232421875,281900
2018-09-11,1901.043429904514,1918.325642903646,1866.47900390625,1866.47900390625,419940
2018-09-12,1875.120452157694,1901.0437763810723,1814.632695636478,1823.2738037109375,493420
2018-09-13,1814.632695636478,1840.5560198598564,1805.9915875620186,1823.2738037109375,291090
2018-09-14,1814.63271096488,1875.1204679970429,1814.63271096488,1849.1971435546875,426520
2018-09-17,1849.1971435546875,1849.1971435546875,1849.1971435546875,1849.1971435546875,0
2018-09-18,1831.9147157712614,1901.043572970177,1823.273608621397,1892.4024658203125,488160
2018-09-19,1909.6848570977756,1987.4548286537938,1909.6848570977756,1978.813720703125,525070
2018-09-20,1987.454916464316,1987.454916464316,1909.684941472234,1918.3260498046875,447500
2018-09-21,1926.967158137141,1944.2493748020481,1892.4027248073269,1918.3260498046875,598030
2018-09-24,1918.3260498046875,1918.3260498046875,1918.3260498046875,1918.3260498046875,0
2018-09-25,2108.4301513671876,2151.6356872558595,2030.6601867675781,2073.86572265625,3543990
2018-09-26,2108.430138852416,2117.07124597886,2022.0190675879726,2056.58349609375,1269740
2018-09-27,2039.3014708401865,2047.9425787674754,1961.5314994945861,1970.172607421875,1006300
2018-09-28,1996.095721905048,2022.01904296875,1970.1724008413462,2022.01904296875,685510
2018-10-01,2013.377948308395,2065.2245907541046,1987.45462708554,2039.30126953125,824050
2018-10-02,2047.942626953125,2056.5837350837287,2013.3781944307093,2047.942626953125,730350
2018-10-03,2030.660660875392,2091.148425241893,2022.0195516801778,2065.22509765625,1115740
2018-10-04,2065.2248002098117,2082.507016111149,1978.813720703125,1978.813720703125,812780
2018-10-05,1961.5314777919223,1970.1725856236048,1918.32593863351,1935.608154296875,563690
2018-10-08,1935.608154296875,1935.608154296875,1935.608154296875,1935.608154296875,0
2018-10-09,1909.6845364040798,1926.966749403212,1857.837897406684,1866.47900390625,668930
2018-10-10,1875.1204731785974,1892.4026895212573,1840.5560404932776,1857.8382568359375,532250
2018-10-11,1805.9914780021272,1866.479230853873,1797.3503704518778,1840.555908203125,991110
2018-10-12,1823.2734714084202,1875.1201104058161,1814.6323649088542,1866.47900390625,471160
2018-10-15,1857.8381233036237,1866.479230853873,1831.9148006528756,1840.555908203125,382930
2018-10-16,1831.914577907986,1875.1201104058161,1831.914577907986,1866.47900390625,413360
2018-10-17,1901.0438131629874,1935.6082461295873,1866.4793801963876,1883.7615966796875,448460
2018-10-18,1866.4793801963876,1883.7615966796875,1849.1971637130878,1883.7615966796875,366030
2018-10-19,1857.8382517021391,1866.479359849591,1831.9149272597838,1849.1971435546875,331810
2018-10-22,1849.1971637130878,1892.4027049213375,1831.914947229788,1883.7615966796875,362400
2018-10-23,1866.4793440832345,1866.4793440832345,1823.2738037109375,1823.2738037109375,587330
2018-10-24,1831.9150390625,1840.5561477373233,1805.9917130380306,1831.9150390625,647660
2018-10-25,1771.4271131994687,1788.7093289380002,1745.5037895916716,1754.1448974609375,761190
2018-10-26,1762.786092952806,1771.4272012515944,1693.6572265625,1693.6572265625,825400
2018-10-29,1676.3749949400906,1719.580536046794,1641.8105620547278,1667.73388671875,498910
2018-10-30,1650.4516850685586,1710.9394431600765,1641.8105767697703,1693.6572265625,630590
2018-10-31,1710.939358114609,1771.4271131994687,1710.939358114609,1754.1448974609375,618180
2018-11-01,1805.9916414827915,1970.1726997994087,1797.350533150338,1918.3260498046875,2459220
2018-11-02,1918.32593863351,1978.8136934552874,1909.6848308018275,1935.608154296875,1224480
2018-11-05,1961.531601993913,2203.4826366010916,1944.2493852362575,2151.635986328125,4634510
2018-11-06,2125.7123402740995,2142.9945544226694,2039.30126953125,2039.30126953125,1149340
2018-11-07,2004.7368711099584,2117.0712647497407,1996.0957639068981,2082.5068359375,1088250
2018-11-08,2108.43015754668,2125.712371952801,2065.2246215313794,2082.5068359375,586180
2018-11-09,2056.583464659335,2056.583464659335,1996.095715698766,2013.3779296875,541870
2018-11-12,2039.3014926252692,2056.5837086644665,1996.0959525272763,2004.737060546875,332940
2018-11-13,1970.1724129369702,2056.58348367982,1952.8901987884003,2039.30126953125,679990
2018-11-14,2004.7369326636906,2030.6602550688244,1987.4547177269346,1996.0958251953125,675860
2018-11-15,1987.45511489932,2073.8662068514645,1987.45511489932,2065.22509765625,724960
2018-11-16,2073.86572265625,2134.3534729003904,2039.3012939453124,2073.86572265625,1055710
2018-11-19,2065.22463939229,2125.7123903368342,2065.22463939229,2108.43017578125,611080
2018-11-20,2108.430138852416,2108.430138852416,2030.6601747144168,2056.58349609375,681200
2018-11-21,2013.377935947516,2056.583471053686,2004.7368289262822,2022.01904296875,538980
2018-11-22,2030.6604106919171,2047.942626953125,1996.0959781695014,2047.942626953125,382970
2018-11-23,2047.942626953125,2047.942626953125,2047.942626953125,2047.942626953125,0
2018-11-26,2039.3013233418367,2117.0712890625,2030.6602160395407,2117.0712890625,764660
2018-11-27,2125.712396364796,2142.994610969388,2091.147967155612,2117.0712890625,544160
2018-11-28,2117.0715576171874,2177.55931640625,2108.4304492187503,2160.277099609375,818150
2018-11-29,2160.2770947069525,2186.200419843436,2125.7126611916415,2151.635986328125,640130
2018-11-30,2160.277109297495,2212.123759920635,2151.636000860305,2177.559326171875,1025850
2018-12-03,2212.123552123552,2246.6879826254826,2186.2002292471043,2238.046875,800240
2018-12-04,2220.76506317011,2220.76506317011,2065.22509765625,2065.22509765625,1135880
2018-12-05,2047.942626953125,2091.1481676061444,2030.6604106919171,2047.942626953125,568100
2018-12-06,2073.865792410714,2073.865792410714,1987.4547177269346,1996.0958251953125,583550
2018-12-07,2022.0191476004466,2047.9424700055804,1961.5313953218006,1996.0958251953125,478020
2018-12-10,1952.890282141644,2013.3780342433763,1952.890282141644,1987.4547119140625,308940
2018-12-11,1978.813699001736,2004.7370225694444,1944.249267578125,1944.249267578125,468990
2018-12-12,1935.6079846398304,2047.942376605535,1926.9668775655455,2039.30126953125,412850
2018-12-13,2022.0192765860722,2039.3014926252692,1952.8904124292833,2004.737060546875,702800
2018-12-14,1996.0959034735847,2004.7370112808296,1918.32593320838,1926.967041015625,524320
2018-12-17,1866.479253672235,1926.967007263465,1831.914823048675,1875.120361328125,803440
2018-12-18,1823.2738037109375,1866.4793440832345,1797.3504794875591,1823.2738037109375,656200
2018-12-19,1814.63271096488,1883.7615761444947,1805.9916028174284,1849.1971435546875,390130
2018-12-20,1814.632674507473,1857.8382143766985,1780.0682426120925,1788.7093505859375,433010
2018-12-21,1771.4271077071087,1788.7093233920561,1702.298244967319,1745.5037841796875,788970
2018-12-24,1745.5037841796875,1745.5037841796875,1745.5037841796875,1745.5037841796875,0
2018-12-25,1598.605116174576,1667.7339860632064,1589.9640074384972,1624.5284423828125,618590
2018-12-26,1668.4344482421875,1694.7781500565377,1642.090746427837,1668.4344482421875,600160
2018-12-27,1747.4655920410157,1773.8092944335938,1712.3406555175782,1756.246826171875,548050
2018-12-28,1721.1218896484377,1782.5905285644533,1721.1218896484377,1756.246826171875,344490
2018-12-31,1756.246826171875,1756.246826171875,1756.246826171875,1756.246826171875,0
2019-01-04,1712.340759584053,1747.4656982421875,1685.9970555904524,1747.4656982421875,438020
2019-01-07,1808.9343717292165,1844.0593109860945,1800.153136914997,1835.278076171875,469120
2019-01-08,1861.6217959449405,1861.6217959449405,1817.7156215122768,1844.059326171875,327260
2019-01-09,1852.840545800314,1896.7467198714114,1826.4968413576555,1835.278076171875,608410
2019-01-10,1826.49658203125,1844.0590491661658,1791.3716477614182,1826.49658203125,404250
2019-01-11,1852.8403641248533,1914.3090017972418,1835.2778962184564,1870.40283203125,538980
2019-01-15,1870.4028950352824,1923.090300529234,1852.8404265372985,1905.52783203125,334930
2019-01-16,1905.5279234420423,1949.4340967932412,1887.9654541015625,1887.9654541015625,366230
2019-01-17,1914.3091436162724,1949.43408203125,1896.7466744087837,1949.43408203125,374500
2019-01-18,1958.2152748919548,2081.152556723737,1958.2152748919548,2063.590087890625,991420
2019-01-21,2063.590087890625,2142.6211976396276,2063.590087890625,2063.590087890625,855370
2019-01-22,2072.3714286867253,2142.621307625258,2037.2464892174585,2125.058837890625,877380
2019-01-23,2116.2773759002057,2160.1835455246915,2089.9336741255142,2133.83984375,838960
2019-01-24,2177.74606199187,2212.8709984756097,2142.6211255081303,2160.18359375,883990
2019-01-25,2177.7461709486165,2230.4335783102765,2168.96493638834,2221.65234375,1047250
2019-01-28,2256.7771856022264,2265.558419787449,2151.4023753795545,2168.96484375,739360
2019-01-29,2186.5272598561173,2274.339599609375,2160.18355793014,2274.339599609375,1146510
2019-01-30,2247.99609375,2300.6835021972656,2204.0899200439453,2247.99609375,1241530
2019-01-31,2283.121048151751,2291.9022829523346,2204.089934946498,2256.77734375,970100
2019-02-01,2230.433562748016,2265.5585007440477,2151.4024522569443,2212.87109375,1220880
2019-02-04,2546.558033073738,2836.338774768336,2502.651860089708,2783.6513671875,12339990
2019-02-05,2730.963623046875,2836.3384252223173,2678.276221959154,2730.963623046875,6798840
2019-02-06,2766.0887188777747,2924.150931385076,2766.0887188777747,2818.776123046875,4739430
2019-02-07,2783.651336185516,2827.557508680555,2748.526398189484,2766.0888671875,1880170
2019-02-08,2722.1827697753906,2757.3077087402344,2493.8706665039062,2528.99560546875,3436120
2019-02-12,2590.4640796648355,2722.1825921901664,2564.1203771597698,2572.901611328125,3107080
2019-02-13,2608.0263506915117,2616.8075841955233,2546.5577161634287,2599.2451171875,1526650
2019-02-14,2608.0264796206825,2695.83881900185,2599.245245682566,2669.4951171875,1248290
2019-02-15,2651.9328766372732,2678.276580709829,2608.0267031830135,2660.714111328125,862400
2019-02-18,2687.057633092427,2713.401335377647,2643.1514626170606,2695.8388671875,940960
2019-02-19,2695.838719720008,2695.838719720008,2590.4639163433303,2616.8076171875,1207470
2019-02-20,2625.5891725647175,2669.4953460189768,2608.0267031830135,2660.714111328125,900910
2019-02-21,2616.807681860513,2651.9326171875,2581.6827465335264,2651.9326171875,678790
2019-02-22,2616.807713558799,2678.2763511256167,2616.807713558799,2669.4951171875,728450
2019-02-25,2669.4952116935483,2748.526319934476,2669.4952116935483,2722.1826171875,1448950
2019-02-26,2730.963623046875,2748.5260900761155,2713.4011560176345,2730.963623046875,798250
2019-02-27,2748.5262508214078,2862.682293187792,2748.5262508214078,2818.776123046875,1665500
2019-02-28,2827.5573570750585,2889.0259952723422,2818.776123046875,2818.776123046875,1182070
2019-03-01,2853.9014701383658,2915.3701171875,2836.338999552899,2915.3701171875,1224540
2019-03-04,2968.0570808069033,3003.1820166744405,2906.5884430387127,2941.71337890625,1865940
2019-03-05,2897.807193230726,2959.275830662893,2889.0259593118453,2932.93212890625,1164640
2019-03-06,2924.1509894875917,3020.744565716912,2915.369755284926,2985.61962890625,1514930
2019-03-07,2976.83837890625,2985.6196130623157,2932.9322081259215,2976.83837890625,984020
2019-03-08,2941.7133466474284,2994.400749870965,2897.807177294482,2924.15087890625,1344790
2019-03-11,2976.838298500655,2985.619532419536,2889.0259593118453,2932.93212890625,823680
2019-03-12,3029.525665789019,3266.6189787638123,3029.525665789019,3178.806640625,4457290
2019-03-13,3284.1813337053572,3407.1186028814936,3231.4939326298704,3380.77490234375,5662090
2019-03-14,3424.681579906088,3442.244049546632,3292.9630576020077,3389.556640625,2752380
2019-03-15,3407.118767989309,3415.900001927426,3301.743960731908,3336.868896484375,1951870
2019-03-18,3301.7440080368797,3380.7751146122305,3257.8378377172403,3363.212646484375,1076050
2019-03-19,3433.4623034192373,3494.9309380073055,3240.2751661424513,3380.77490234375,2559430
2019-03-20,3336.868815104167,3556.399658203125,3328.0875813802086,3556.399658203125,3180820
2019-03-22,3573.962291259766,3705.6808032226563,3477.368715820313,3512.49365234375,6257230
2019-03-25,3380.775345845438,3503.7126311489087,3354.4316418518374,3494.931396484375,1808690
2019-03-26,3556.399609010611,3600.305777023088,3503.7122073956393,3530.055908203125,1580620
2019-03-27,3565.1812323898566,3793.493331015808,3556.39999782732,3749.587158203125,3625390
2019-03-28,3714.4619158576515,3749.586851232192,3556.3997066722195,3582.743408203125,2357110
2019-03-29,3573.9625859035746,3591.5250556131746,3468.5877676459754,3538.837646484375,2401450
2019-04-01,3573.9625247082076,3696.8998105704063,3530.0563511859937,3644.21240234375,1489430
2019-04-02,3635.431182861328,3644.212417602539,3336.8692016601562,3371.994140625,3125720
2019-04-03,3328.0879669189453,3380.775375366211,3266.6193237304688,3371.994140625,2029970
2019-04-04,3398.337400374874,3398.337400374874,3249.056429298975,3266.618896484375,1976210
2019-04-05,3161.244140625,3354.4312825520833,3143.6816731770837,3292.962646484375,2048700
2019-04-08,3249.056974370429,3310.525619831491,3205.1507990410987,3301.744384765625,915950
2019-04-09,3275.4003431165543,3328.0877480996623,3240.2754064611486,3249.056640625,921460
2019-04-10,3205.150309244792,3328.0875813802086,3187.587841796875,3292.962646484375,895150
2019-04-11,3284.1816663953996,3284.1816663953996,3134.9006815592447,3161.244384765625,1297740
2019-04-12,3187.5879227311643,3240.2753264126713,3152.462986943493,3205.150390625,931670
2019-04-15,3249.056429298975,3284.181363669775,3213.9314949281757,3266.618896484375,635630
2019-04-16,3231.4939621135754,3284.181363669775,3213.9314949281757,3266.618896484375,670090
2019-04-17,3292.963149699759,3310.525619831491,3257.838209436295,3301.744384765625,836210
2019-04-18,3310.525562072068,3310.525562072068,3117.338393993592,3126.11962890625,1166210
2019-04-19,3126.1191241197184,3187.5877585827466,3064.6504896566903,3117.337890625,979490
2019-04-22,3117.33807077435,3143.681772780894,3064.6506667612625,3082.213134765625,784910
2019-04-23,3090.994368767806,3108.5568367721685,3029.525730752537,3082.213134765625,933500
2019-04-24,3099.775634765625,3152.463039322548,3064.650698394343,3099.775634765625,674440
2019-04-25,3099.775713190686,3170.0255877105883,3090.9944788756984,3143.681884765625,507590
2019-04-26,3073.4320824702813,3090.9945515129684,3020.744675342219,3047.08837890625,865430
2019-05-07,2976.8385926198534,3064.650940484746,2950.494888260386,2959.276123046875,982430
2019-05-08,2906.588299435255,3011.963101831699,2880.2445988361437,2994.400634765625,1018810
2019-05-09,2985.6199178890306,3047.0885632573345,2950.4949776785716,3011.963623046875,831460
2019-05-10,2985.6199178890306,3082.2135034677935,2959.276212731186,3011.963623046875,1307180
2019-05-13,3055.8692694968845,3082.2129700959954,2985.619401232588,2994.400634765625,1062270
2019-05-14,3415.900228802684,3503.7125740161205,3020.744675342219,3047.08837890625,7514260
2019-05-15,3090.9943801089917,3284.1815288658036,3073.4319120401906,3222.712890625,2778160
2019-05-16,3222.712759328443,3231.4939930050873,2994.4006837356924,3020.744384765625,2393370
2019-05-17,3073.431932487164,3126.1193370440865,3011.9632938374207,3099.775634765625,1484820
2019-05-20,3099.775863647461,3099.775863647461,2792.432647705078,2809.9951171875,2522680
2019-05-21,2748.5261245355373,2915.3695634051064,2739.744890910823,2880.24462890625,2059450
2019-05-22,2836.3385867164247,2968.0570969354535,2836.3385867164247,2950.49462890625,1137560
2019-05-23,2985.6196603161548,3047.0883003814874,2924.151020250822,3003.18212890625,1443130
2019-05-24,2959.2758433314734,3073.431884765625,2950.494609375,3073.431884765625,958860
2019-05-27,3029.52587890625,3047.0883477694747,2950.494769021739,3029.52587890625,867580
2019-05-28,2985.6198120117188,3003.1822814941406,2774.8701782226562,2809.9951171875,2199760
2019-05-29,2792.4324834735576,2880.244825721154,2774.8700150240384,2853.901123046875,1027660
2019-05-30,2845.1198052705226,2959.275846840019,2845.1198052705226,2941.71337890625,894670
2019-05-31,2924.150926862444,2976.8383309500555,2897.807224818638,2950.49462890625,750900
2019-06-03,2924.150830078125,2959.2757649739583,2880.2446614583337,2897.80712890625,617500
2019-06-04,2871.463940723833,2932.932587772967,2871.463940723833,2915.3701171875,715700
2019-06-05,2985.6195160003754,3047.0881530945007,2862.6822418121246,2924.15087890625,1509490
2019-06-06,2792.4325862836236,2827.55752447587,2695.8390062549447,2774.8701171875,1212580
2019-06-07,2572.9017791748047,2590.4642486572266,2493.8706665039062,2528.99560546875,1796600
2019-06-10,2555.3391742253707,2634.370282706568,2502.6517685712397,2590.464111328125,1367640
2019-06-11,2546.557877268578,2581.6828135067653,2485.0892388517505,2555.339111328125,1118650
2019-06-12,2555.339013671875,2687.0575195312504,2555.339013671875,2634.3701171875,880770
2019-06-13,2599.245438382475,2678.276549684645,2590.4642037933454,2643.151611328125,580570
2019-06-14,2713.401382938508,2739.745085685484,2660.713977444557,2722.1826171875,806160
2019-06-17,2739.745223545792,2757.3076929274957,2643.1516419464215,2660.714111328125,682350
2019-06-18,2634.370151214068,2651.9326188888285,2511.432877490745,2520.214111328125,808290
2019-06-19,2564.1201831714525,2651.932518211571,2564.1201831714525,2599.2451171875,597640
2019-06-20,2651.9326493112662,2687.0575850637333,2616.807713558799,2669.4951171875,438070
2019-06-21,2660.7138018655937,2660.7138018655937,2616.8076335179767,2625.5888671875,414030
2019-06-24,2608.026123046875,2625.588588521938,2572.9011920967487,2608.026123046875,501750
2019-06-25,2581.682969204215,2669.4953150955153,2581.682969204215,2643.151611328125,37585
2019-06-26,2673.886163548208,2713.401722615423,2557.095733416217,2604.514404296875,721000
2019-06-27,2546.5580238119264,2588.707949723296,2509.676838639478,2583.439208984375,1029300
2019-06-28,2583.4389294515518,2660.713785261116,2581.6826827286072,2616.8076171875,942000
2019-07-01,2651.932464748476,2717.7917147008384,2625.588764767531,2700.229248046875,815800
2019-07-02,2722.1825289922003,2722.1825289922003,2619.442091607656,2673.8857421875,1142700
2019-07-03,2695.83881900185,2709.010669909025,2647.542032342208,2669.4951171875,445400
2019-07-04,2682.6670708157208,2739.745093599034,2678.2764536785426,2726.5732421875,430200
2019-07-05,2739.745085685484,2744.13570280998,2678.2764459425402,2722.1826171875,516700
2019-07-08,2735.3543385890935,2748.5261893367137,2651.9326171875,2651.9326171875,511100
2019-07-09,2682.6669109426994,2682.6669109426994,2634.37012531198,2638.7607421875,380800
2019-07-10,2643.1516419464215,2678.276580709829,2643.1516419464215,2660.714111328125,245300
2019-07-11,2691.4482501399634,2709.01071833011,2669.49516490228,2695.8388671875,320400
2019-07-12,2660.7140212592444,2695.8389588336236,2579.048541398812,2582.56103515625,680100
2019-07-16,2582.560681593361,2601.8793946144606,2546.557625508585,2576.413818359375,428700
2019-07-17,2576.414240907244,2582.5611051493543,2548.31429008617,2566.7548828125,331800
2019-07-18,2546.5580126265404,2552.7048767949495,2458.7456673635565,2493.87060546875,517300
2019-07-19,2469.282962975544,2535.142216966712,2469.282962975544,2524.604736328125,387200
2019-07-22,2486.845558631812,2497.383039812455,2423.620671547952,2433.280029296875,681900
2019-07-23,2430.6457659604894,2514.9456191151885,2429.767642490128,2494.748779296875,623100
2019-07-24,2524.604918464782,2552.704868861607,2497.383091517857,2544.8017578125,433100
2019-07-25,2532.507844783058,2559.7296697443185,2513.1891302944214,2550.0703125,310900
2019-07-26,2513.1891063084113,2550.0702881619936,2507.042242666147,2536.8984375,480700
2019-07-29,2527.2391409384813,2555.3390896910983,2507.0423027725383,2516.70166015625,498700
2019-07-30,2559.729856460813,2596.6110413566466,2534.2642764136904,2544.8017578125,402100
2019-07-31,2521.970718034351,2541.2894352337785,2512.3113594346373,2530.751953125,541100
2019-08-01,2532.507719816202,2561.4857901192304,2524.604609733558,2535.14208984375,338200
2019-08-02,2493.870448514984,2535.1422481911122,2439.426797878389,2461.3798828125,631800
2019-08-05,2464.0140425449254,2472.7952757685352,2383.2266968877148,2428.010986328125,682200
2019-08-06,2384.1050104121914,2428.8893034254593,2341.076964183758,2427.133056640625,593400
2019-08-07,2489.4801862645218,2505.286409669376,2420.1084279876623,2437.6708984375,792800
2019-08-08,2446.451869619298,2492.992411288294,2442.0612524807134,2454.35498046875,1061500
2019-08-09,2197.0648427088886,2219.8960521055437,2050.418228507296,2059.199462890625,3614200
2019-08-13,2050.4182888866762,2059.1995235285895,1972.2653005736508,2024.0745849609375,1362500
2019-08-14,2051.2961334745764,2091.689807335805,2023.196186440678,2072.37109375,1140000
2019-08-15,2019.6836274245688,2068.858533135776,2015.2930108432113,2062.711669921875,930000
2019-08-16,2044.2711133719397,2092.5678965486823,2040.7586200499948,2080.274169921875,784600
2019-08-19,2099.593086715293,2099.593086715293,2047.7838051945057,2083.786865234375,574400
2019-08-20,2089.0555844974638,2132.961754831584,2071.4931163638153,2125.936767578125,763400
2019-08-21,2111.886659022022,2136.474112848474,2100.4710554597405,2132.08349609375,580800
2019-08-22,2112.7650282344202,2132.083744203314,2097.8369295311845,2106.6181640625,559200
2019-08-23,2101.349234887269,2165.452241216885,2082.9086440253245,2162.81787109375,636300
2019-08-26,2100.4713576858107,2120.6681976635587,2089.9338759582897,2111.886962890625,496100
2019-08-27,2133.840080339884,2173.3556373832153,2118.9119810124034,2129.449462890625,622500
2019-08-28,2138.2307632020347,2175.9900744207976,2113.6433047340033,2139.10888671875,807100
2019-08-29,2141.7431611186003,2147.011901982361,2098.715110731224,2111.886962890625,533500
2019-08-30,2105.739821136146,2130.3272752611715,2083.7867370959443,2119.789794921875,578600
2019-09-02,2107.4963502209594,2107.4963502209594,2075.8839049676453,2086.42138671875,505500
2019-09-03,2068.8587643435158,2122.424292622359,2053.9306662985923,2109.25244140625,489200
2019-09-04,2116.2775495037345,2120.668166826356,2078.518240529186,2094.324462890625,532300
2019-09-05,2094.3243382428145,2103.983695777687,2069.7368826995025,2079.396240234375,762900
2019-09-06,2089.93392122006,2095.2026621979257,2053.052734375,2053.052734375,536500
2019-09-09,2063.59023885731,2077.6402149516575,2055.6871273042393,2066.224609375,338800
2019-09-10,2055.686790036949,2060.0774068460837,2025.8305957348316,2028.4649658203125,642600
2019-09-11,2014.4152614195339,2091.6901275943023,1995.0965448758416,2086.42138671875,971700
2019-09-12,2106.617992228698,2120.667966332766,2039.0024918528707,2039.880615234375,1023300
2019-09-13,2046.0276113156315,2065.346326958955,2032.8557597406382,2059.199462890625,659100
2019-09-17,2059.1994124793355,2075.8837573992105,2037.2463270584472,2058.3212890625,635700
2019-09-18,2054.8085933377743,2082.0304165828475,2043.3929900414535,2080.274169921875,870000
2019-09-19,2092.5679215808846,2145.2553220403274,2077.639824784042,2093.446044921875,1018200
2019-09-20,2099.5929897938386,2149.6460221728635,2089.0555092929912,2137.352294921875,985200
2019-09-24,2126.8150190366855,2161.939957418794,2110.130673305184,2115.3994140625,904300
2019-09-25,2107.4961419753085,2138.2304607124483,2058.321231995885,2133.83984375,955300
2019-09-26,2150.523849016935,2157.5488350488404,2102.227070047588,2136.473876953125,1060000
2019-09-27,2129.4488927002944,2164.573822889165,2113.6426741153027,2161.939453125,1016300
2019-09-30,2139.986739477041,2158.427330994898,2125.9367649872447,2151.40234375,637600
2019-10-01,2139.108565916573,2169.8428843923857,2138.2304425315497,2150.524169921875,692000
2019-10-02,2125.9367649872447,2152.2804671556123,2096.0805691964288,2151.40234375,1177100
2019-10-03,2128.571053063246,2149.6460139846645,2118.911695974263,2132.961669921875,739900
2019-10-04,2133.8396935096152,2135.59594017094,2054.80859375,2054.80859375,999900
2019-10-07,2074.1277209280706,2092.568314551902,2052.1746332806524,2066.224609375,585300
2019-10-08,2061.8335508878763,2072.3710307050205,2017.0492616650138,2026.7086181640625,913600
2019-10-09,2000.3651761337067,2018.8057681876169,1959.093374870193,1995.096435546875,1414000
2019-10-10,1993.340225322966,1993.340225322966,1933.6278309080049,1946.7996826171875,1215400
2019-10-11,1945.0433402249773,1959.0933146916136,1929.2371189500113,1934.505859375,695000
2019-10-15,1970.5088239397323,2054.808666675122,1970.5088239397323,2028.4649658203125,1538800
2019-10-16,2028.4651502244017,2074.127569190492,2005.6339407413564,2063.590087890625,1048400
2019-10-17,2050.418202704905,2080.274399232514,2025.8307467409918,2031.0994873046875,827200
2019-10-18,2034.6120137897287,2039.8807544382994,2002.9995698983043,2008.268310546875,621500
2019-10-21,2005.6336543642242,2039.8804636988145,2005.6336543642242,2011.780517578125,417800
2019-10-23,2032.855502208244,2053.0523387312633,2019.6836523019272,2050.41796875,625100
2019-10-24,2067.9807709011675,2100.47133927626,2058.321412735599,2073.24951171875,1004900
2019-10-25,2079.396441557757,2086.421429535993,2045.1496251638582,2082.908935546875,693400
2019-10-28,2075.0058537613986,2135.5963759406354,2048.6621484660786,2100.471435546875,882500
2019-10-29,2130.327591477332,2133.840085445143,2096.958898783128,2103.98388671875,565300
2019-10-30,2103.9836365831393,2108.374253520917,2059.199343817805,2074.12744140625,746900
2019-10-31,2089.9336460658483,2089.9336460658483,2060.07745112205,2065.34619140625,388600
2019-11-01,2053.9309448655285,2082.909021471156,2046.9059565974976,2075.884033203125,565200
2019-11-05,2096.080520050435,2155.7929102320145,2090.8117797402956,2150.524169921875,908100
2019-11-06,2170.7210998150963,2171.599223237352,2076.7618936337794,2092.568115234375,1392900
2019-11-07,2089.0557772766297,2089.0557772766297,2040.7589854522435,2069.737060546875,585000
2019-11-08,2092.567913271891,2111.8866266969776,2077.639816534324,2089.055419921875,408400
2019-11-11,2098.7150375091564,2133.8399753754184,2092.568173382561,2097.8369140625,555100
2019-11-12,2124.180563254745,2152.2805128306654,2104.8618479212996,2122.42431640625,691100
2019-11-13,2109.2526404652585,2118.9119989353326,2067.9808360931243,2082.908935546875,610600
2019-11-14,2080.2742380444824,2110.130432258713,2053.93053726722,2064.468017578125,936200
2019-11-15,2065.346322614669,2067.9806929241267,1992.4620773863453,2029.34326171875,1629800
2019-11-18,2019.683799211819,2086.421176924905,2002.9994547835472,2078.51806640625,775400
2019-11-19,2073.2492656271093,2073.2492656271093,2026.7087272627564,2032.8555908203125,850500
2019-11-20,2020.5619404937381,2073.2493444179554,2018.8056936962641,2061.833740234375,963700
2019-11-21,2054.8089188572108,2075.005758657944,2026.7089678301036,2073.24951171875,727900
2019-11-22,2072.3711784518496,2094.3242629693477,2055.6868342185508,2065.34619140625,623600
2019-11-25,2069.7369441506194,2074.127561342284,2044.2713644389657,2059.199462890625,502200
2019-11-26,2073.249472843502,2106.6181640625,2062.7119914059244,2106.6181640625,596500
2019-11-27,2109.2522717948636,2198.820852861923,2109.2522717948636,2148.767822265625,1033500
2019-11-28,2147.0116120667017,2148.7678587841388,2089.93359375,2089.93359375,585900
2019-11-29,2082.9088621803376,2103.9838253727185,2067.1026397860514,2068.85888671875,408500
2019-12-02,2088.177471595354,2113.643050517248,2082.030607717655,2104.86181640625,511000
2019-12-03,2100.471038356917,2150.5240689532143,2085.5429415124067,2148.767822265625,822200
2019-12-04,2150.5241194581677,2152.280366187002,2088.1773605845333,2149.64599609375,974800
2019-12-05,2105.739923534518,2124.1805150250207,2010.9025958690768,2015.293212890625,2390300
2019-12-06,2006.5120446237397,2037.24636478209,2002.9995508913566,2024.95263671875,804200
2019-12-09,2017.049564422123,2061.8338603670636,2017.049564422123,2046.90576171875,697600
2019-12-10,2058.3216478164227,2111.0090620096757,2054.809153536872,2098.71533203125,976200
2019-12-11,2116.2774207505477,2165.4523317721373,2082.908731128755,2104.86181640625,1598100
2019-12-12,2132.0835383953436,2152.280375867787,2116.2773177647355,2128.571044921875,967400
2019-12-13,2139.9867420850437,2148.767976151868,2111.8867930712063,2125.936767578125,704100
2019-12-16,2149.646015625,2152.2803857421877,2107.49609375,2107.49609375,591500
2019-12-17,2105.7397544248074,2112.7647410951154,2064.4679577367483,2110.13037109375,705800
2019-12-18,2116.2775820529328,2116.2775820529328,2052.1745681567236,2056.565185546875,740400
2019-12-19,2067.980871277243,2083.7870944971964,2064.4683772283643,2075.005859375,423600
2019-12-20,2083.7870464038374,2111.008874654372,2078.518305452121,2103.98388671875,874500
2019-12-23,2089.9337911402927,2089.9337911402927,2056.5651003573803,2063.590087890625,659300
2019-12-24,2070.6152065849624,2086.421429535993,2059.1996011203296,2082.908935546875,379700
2019-12-25,2082.030442210722,2095.202292330149,2061.833605360934,2067.98046875,389500
2019-12-26,2067.9804510719023,2112.7647410951154,2067.9804510719023,2110.13037109375,698700
2019-12-27,2114.5766099917764,2126.1365325863485,2106.573586657072,2111.908935546875,345500
2019-12-30,2103.905818853559,2103.905818853559,2058.555355302616,2059.444580078125,645300
2020-01-06,2022.986414675075,2030.9894378540093,1994.531221149975,2001.64501953125,975700
2020-01-07,2026.5431260587677,2050.5521933705654,2003.423283462222,2017.65087890625,847700
2020-01-08,2009.6481183253295,2012.3157928186818,1929.6178835247633,1938.5101318359375,1246300
2020-01-09,1965.1869323592691,1976.7468554907944,1949.1808849463882,1969.633056640625,744500
2020-01-10,1969.633048116467,1986.5283203125,1957.183900182548,1986.5283203125,456800
2020-01-14,1996.3099589311635,1996.3099589311635,1969.6332111503461,1990.974609375,718300
2020-01-15,1990.974364639174,2006.980411340159,1967.8545194044182,2006.0911865234375,842000
2020-01-16,1990.085299382781,1990.085299382781,1970.5223518463997,1982.082275390625,424900
2020-01-17,1985.639147014446,1993.6421708940384,1973.1899987573022,1974.0792236328125,391900
2020-01-20,2006.090957607977,2020.3185530520054,1992.7525868792009,2017.65087890625,545000
2020-01-21,2006.0912083333333,2012.3157821180555,1994.5312855902778,2000.755859375,337200
2020-01-22,2003.423540330091,2018.5403624275664,1990.0851678911424,2014.09423828125,868100
2020-01-23,1983.8605024069211,2001.644998170318,1968.7436810080337,1976.7467041015625,539800
2020-01-24,1970.522359259313,1977.636158390213,1916.2796408862,1921.614990234375,907400
2020-01-27,1881.5998609068265,1891.3813346639035,1851.3662147485884,1879.8214111328125,629900
2020-01-28,1831.80310782237,1832.6923326319925,1805.1263635336948,1830.024658203125,854400
2020-01-29,1836.2492323505826,1839.8061315900025,1798.0125655268173,1814.9078369140625,513400
2020-01-30,1814.018714779713,1815.7971645000855,1765.1113474694757,1790.0096435546875,667100
2020-01-31,1790.0093630850613,1806.9046327813435,1777.5602169930637,1783.7847900390625,622400
2020-02-03,1748.216059651933,1820.2432726894745,1748.216059651933,1808.683349609375,544300
2020-02-04,1814.0186469052662,1857.5906634240694,1811.3509724245232,1836.249267578125,675400
2020-02-05,1854.0338281414247,1862.9260767176424,1821.1325084094185,1850.4769287109375,755800
2020-02-06,1852.2552907873614,1886.93505859375,1852.2552907873614,1886.93505859375,723400
2020-02-07,1896.7166633116196,1903.8304623301347,1858.4799935871004,1870.0399169921875,410000
2020-02-10,1865.5936942606718,1865.5936942606718,1825.5785768909243,1834.4708251953125,441100
2020-02-12,1805.1263572338892,1806.9048068469276,1771.3358145861612,1801.5694580078125,1039900
2020-02-13,1793.566524536629,1793.566524536629,1730.431560113178,1749.9945068359375,1526000
2020-02-14,1771.3359106768185,1834.4708753645966,1725.0962182294315,1748.216064453125,1854200
2020-02-17,1725.0962145849635,1733.099238260873,1698.419468998598,1704.64404296875,921900
2020-02-18,1673.5212848846927,1677.0781845337567,1635.2846136572527,1662.8505859375,1350600
2020-02-19,1676.188785366698,1686.8594832045762,1656.6258393305882,1675.299560546875,734800
2020-02-20,1679.745664280222,1681.5241138983058,1635.284423828125,1635.284423828125,948500
2020-02-21,1651.290412575685,1703.7546744722738,1643.2873895745104,1679.74560546875,1123800
2020-02-25,1592.6016192566788,1634.3951849211478,1587.2662704484487,1623.7244873046875,1426700
2020-02-26,1601.493946557563,1629.949141610224,1589.044798722024,1604.16162109375,900500
2020-02-27,1597.9370124731172,1622.8353076034718,1576.595616647099,1582.8201904296875,1061000
2020-02-28,1533.9127847306129,1557.921854404657,1503.6791414373718,1517.90673828125,1529600
2020-03-02,1505.4577201787258,1604.161681749806,1504.568495299707,1574.8172607421875,1172700
2020-03-03,1641.508939474294,1669.0749075803087,1557.0325856010231,1558.81103515625,1539100
2020-03-04,1537.4696475758274,1605.0507309857537,1537.4696475758274,1587.2662353515625,950700
2020-03-05,1602.3831373745923,1616.6107345987841,1567.703369140625,1567.703369140625,927100
2020-03-06,1532.134356497608,1550.808077615687,1516.1283098249692,1527.688232421875,940300
2020-03-09,1468.9992951766303,1486.783790275621,1421.8703831643052,1431.65185546875,1299100
2020-03-10,1396.0829560571017,1455.6610185130417,1342.7294672905882,1438.7657470703125,1823300
2020-03-11,1426.3167952358376,1456.550443015151,1376.5201988934393,1377.409423828125,1845400
2020-03-12,1347.1754010560248,1390.7474107271437,1324.9447838768824,1350.7322998046875,1542700
2020-03-13,1238.6903274441618,1328.5020453708382,1216.4597041949844,1292.0438232421875,2055700
2020-03-16,1310.7175467714965,1364.9602674994892,1292.0438232421875,1292.0438232421875,1229500
2020-03-17,1266.2562932630394,1400.529256944724,1249.3610196871982,1380.96630859375,1725000
2020-03-18,1378.2984190995755,1403.1967131220194,1317.8311336164973,1328.5018310546875,1407900
2020-03-19,1380.0769350165563,1380.0769350165563,1208.45654296875,1208.45654296875,1286500
2020-03-23,1233.3547057901883,1341.8401233146317,1222.6840089845052,1332.9478759765625,1035000
2020-03-24,1332.0588087104707,1353.4002048446837,1287.5975667641933,1339.172607421875,989200
2020-03-25,1391.636892056788,1391.636892056788,1333.8372767317458,1379.187744140625,1114600
2020-03-26,1362.292511573594,1364.0709613276065,1316.9420428462747,1340.0618896484375,575200
2020-03-27,1360.5141028335001,1387.1908499478825,1320.4989821619267,1359.6248779296875,726600
2020-03-30,1340.061930045807,1364.9602273525638,1331.1696810076796,1359.6248779296875,581100
2020-03-31,1367.62765583664,1402.3074208416006,1338.2832392939813,1344.5078125,707600
2020-04-01,1359.62468406737,1405.8643724725391,1341.8401885269204,1362.2923583984375,737000
2020-04-02,1341.8402099609375,1358.7354809942428,1327.612613301312,1341.8402099609375,523200
2020-04-03,1345.3971822827034,1366.738578432594,1302.7143899829216,1324.0557861328125,463100
2020-04-06,1308.0496468435779,1340.9509635894735,1293.8220504129204,1332.0587158203125,612700
2020-04-07,1332.0587299630868,1382.744542785447,1326.7233812449435,1373.852294921875,889800
2020-04-08,1379.1878107895823,1384.523160154339,1342.7295901304121,1363.1817626953125,530600
2020-04-09,1364.070801092654,1394.304443359375,1356.0677781396982,1394.304443359375,531200
2020-04-10,1402.3073861482517,1403.196610869969,1347.1754534017764,1383.6336669921875,401900
2020-04-13,1384.5232082939272,1398.7508070946355,1371.184834418263,1380.96630859375,378600
2020-04-14,1395.1938167940568,1420.0921130784632,1383.6338935191538,1417.4244384765625,459100
2020-04-15,1407.6428863162769,1428.9842819395178,1390.747614781211,1421.8704833984375,519500
2020-04-16,1422.7596999235473,1463.6640412963493,1409.4213277367642,1453.882568359375,651200
2020-04-17,1474.3348983411522,1489.451721786146,1452.9935005364553,1460.1072998046875,495600
2020-04-20,1457.4395178118323,1460.9964171841611,1438.7657961071045,1456.55029296875,317200
2020-04-21,1428.0951267733894,1459.2179969085505,1410.3106295532975,1449.4365234375,498400
2020-04-22,1439.6549803761557,1447.6580037383455,1399.6398635652063,1406.753662109375,452900
2020-04-23,1412.088995148805,1462.7748092064132,1412.088995148805,1455.6610107421875,412200
2020-04-24,1453.8825535428696,1493.8976696954257,1444.9903055089683,1472.5562744140625,763300
2020-04-27,1485.0054568336122,1505.4576277959914,1469.8886348179408,1493.897705078125,448400
2020-04-28,1490.340806512609,1491.2300313374972,1453.8825886921932,1478.7808837890625,433100
2020-04-30,1493.8977845149252,1496.5654591301304,1467.221038362873,1489.45166015625,475100
2020-05-01,1467.221058033131,1476.1133068696952,1433.430512454186,1440.5443115234375,540600
2020-05-07,1444.9903521621436,1525.9098118832235,1444.9903521621436,1520.574462890625,795400
2020-05-08,1541.0266488221716,1544.5835481847157,1460.9964131649326,1517.017578125,1096500
2020-05-11,1516.128195167079,1532.1342406292536,1501.0113744528032,1510.7928466796875,435900
2020-05-12,1528.5773708513245,1555.254113798119,1518.7958984375,1518.7958984375,485400
2020-05-13,1518.796027806272,1518.796027806272,1487.6731583840124,1517.017578125,470400
2020-05-14,1505.4574664280572,1505.4574664280572,1455.6608815964144,1457.4393310546875,610900
2020-05-15,1486.783947883005,1516.1283679070118,1469.888675747971,1513.460693359375,528000
2020-05-18,1525.9098061890086,1529.4667055041343,1491.230037866531,1492.1192626953125,399900
2020-05-19,1511.682311975105,1511.682311975105,1471.6671919522344,1482.337890625,490900
2020-05-20,1481.4485217212925,1512.571389824681,1473.445498494707,1502.7899169921875,503100
2020-05-21,1513.4608303829414,1517.9069550315398,1493.8978819291078,1509.9039306640625,383500
2020-05-22,1509.9037632373495,1553.475779962102,1509.9037632373495,1550.80810546875,471500
2020-05-25,1565.035658576565,1582.8201546967534,1556.143410516471,1576.5955810546875,471100
2020-05-26,1579.2632563164893,1580.1524811229738,1535.6912407987484,1546.3619384765625,535800
2020-05-27,1554.3650077398056,1624.61376953125,1554.3650077398056,1624.61376953125,616100
2020-05-28,1601.4938099892324,1609.4968329153307,1551.6972228935094,1577.4847412109375,836200
2020-05-29,1565.924833377157,1582.8201041518112,1557.9218103786366,1558.81103515625,420700
2020-06-01,1578.3739513460037,1589.044648481864,1552.5864332676747,1565.9248046875,403900
2020-06-02,1593.4909003831417,1640.6198165217056,1588.1555513863232,1624.61376953125,764200
2020-06-03,1628.1706113115458,1637.9520841266344,1605.939991277254,1623.7244873046875,584600
2020-06-04,1630.838344240979,1653.0689650730533,1595.2693509096598,1609.4969482421875,651800
2020-06-05,1600.6048391381596,1649.5122092229367,1600.6048391381596,1634.3953857421875,525500
2020-06-08,1641.5089970292715,1656.6258187787284,1633.5059737501472,1650.4012451171875,394000
2020-06-09,1657.515080114098,1667.2965532263595,1629.9491104340889,1641.509033203125,440300
2020-06-10,1645.9551349474568,1670.8534298034963,1641.5090108660213,1661.961181640625,432700
2020-06-11,1671.7427283328827,1685.970326020822,1639.730633535019,1644.1767578125,784100
2020-06-12,1596.1584686210408,1599.715367715461,1555.2541290352092,1575.706298828125,1104700
2020-06-15,1587.2663394974472,1597.0478127380477,1532.1343994140625,1532.1343994140625,731800
2020-06-16,1580.1524937143606,1619.2783855114524,1578.37404408722,1603.2723388671875,690800
2020-06-17,1608.6077161372104,1621.0568637468957,1599.715467844578,1611.275390625,533500
2020-06-18,1614.8323794203413,1653.9582740759001,1606.8293555135224,1648.6229248046875,836700
2020-06-19,1644.1767141269395,1669.9642342511586,1635.284465808243,1654.847412109375,1008200
2020-06-22,1653.9581630026646,1737.5452959716165,1643.287465176841,1720.6500244140625,994800
2020-06-23,1714.4253791360295,1734.8775491153494,1645.065846162684,1693.083984375,1326900
2020-06-24,1653.0690037749791,1878.042891862698,1645.0659800880642,1852.25537109375,4644400
2020-06-25,1817.5756474247685,1851.3661927291428,1749.9945568160197,1752.6622314453125,2433200
2020-06-26,1805.1263363032797,1822.9108322274499,1749.1051741421434,1761.5543212890625,1593000
2020-06-29,1778.449639646364,1782.0065389256567,1621.946071357484,1675.299560546875,2397400
2020-06-30,1708.201107092628,1721.5394811719564,1678.8566841181062,1709.09033203125,1194500
2020-07-01,1750.8837278047038,1773.1143490312745,1704.644035653437,1706.4224853515625,2294300
2020-07-02,1777.5605526770373,1982.0822770971065,1767.7790789004252,1908.276611328125,7429100
2020-07-03,1982.9713755825107,2054.1093621504933,1960.7407547800162,2027.4326171875,7706700
2020-07-06,2140.3640270407227,2152.8131738535894,2030.100155269618,2046.106201171875,8313900
2020-07-07,2042.5495346599348,2042.5495346599348,1880.7106076646764,1945.6240234375,6441800
2020-07-08,1945.6239706690212,1945.6239706690212,1875.3752075598566,1884.2674560546875,3652800
2020-07-09,1909.1656929820147,1923.3932901351177,1867.3721263447746,1898.4949951171875,2601700
2020-07-10,1885.1568053677024,1887.8244800922794,1761.554543128971,1766.889892578125,3430800
2020-07-13,1774.0033902826997,1837.138348032109,1768.668041740496,1811.350830078125,2448300
2020-07-14,1867.3721011919467,1875.3751244827693,1766.0004728415267,1799.791015625,3014400
2020-07-15,1812.2402217302665,1826.4678191530752,1754.440607200106,1785.5634765625,1809000
2020-07-16,1788.2311563529222,1840.695422004251,1773.114334046607,1814.0186767578125,2095300
2020-07-17,1776.6713158186833,1791.7881388261494,1701.0872007813518,1705.5333251953125,2212000
2020-07-20,1716.2040644380236,1749.1053858806176,1690.4165422262604,1725.0963134765625,1319300
2020-07-21,1760.6650892941566,1781.1172595233313,1733.9883455169725,1763.332763671875,1265500
2020-07-22,1734.8775776476577,1750.88362398167,1726.8745544806516,1746.4375,761300
2020-07-27,1710.8684870831732,1741.1021297863063,1708.2008127270144,1736.656005859375,862900
2020-07-28,1737.545317192117,1768.6681862308703,1727.7638440656515,1730.4315185546875,705400
2020-07-29,1725.0962748137233,1771.3359687778025,1722.4286001619496,1749.1053466796875,1158500
2020-07-30,1729.5423716154478,1753.5514430980274,1725.9854721365473,1741.102294921875,574700
2020-07-31,1741.1023412440466,1752.6622648580264,1693.973421894744,1715.3148193359375,1250400
2020-08-03,1727.7639603933358,1733.9885346201775,1682.4134910263465,1717.09326171875,810500
2020-08-04,1723.3177719835608,1809.5725830683932,1723.3177719835608,1791.7880859375,1299000
2020-08-05,1777.5603949001522,1822.0216353929025,1767.7789219917472,1814.9078369140625,1034000
2020-08-06,1851.3660677067614,1853.1445173395248,1806.0156020712932,1841.5845947265625,1027700
2020-08-07,1868.261316397923,1888.7134869248875,1823.8000761219137,1877.153564453125,1844700
2020-08-11,1743.7699826810033,1787.3420016261177,1709.979437376629,1752.6622314453125,2063500
2020-08-12,1769.5574125732778,1847.8091976518951,1751.7729159645012,1834.4708251953125,1667400
2020-08-13,1868.2613472445898,1872.7074713456002,1815.7970828526666,1824.6893310546875,1128800
2020-08-14,1816.6863076728687,1835.3600288971124,1806.0156098304435,1824.6893310546875,1035600
2020-08-17,1840.695389457371,1886.9350804002613,1838.0277149798965,1881.5997314453125,1229600
2020-08-18,1884.2675429835465,1886.9352176550663,1851.3662220348012,1878.04296875,904300
2020-08-19,1878.0428087609296,1932.2855224609375,1867.3721109838789,1932.2855224609375,1075100
2020-08-20,1934.0641349624052,1936.731809631319,1886.0459909219594,1893.1597900390625,939600
2020-08-21,1914.5009837698126,1927.839355695752,1900.2733870488107,1912.7225341796875,778900
2020-08-24,1894.049011315122,1928.7287819448356,1886.0459873236498,1923.3934326171875,625000
2020-08-25,1947.4022860919576,1987.4174015596004,1932.2854646930703,1976.7467041015625,1398300
2020-08-26,1990.9744579686978,2005.2020557031772,1963.4084873581442,1998.0882568359375,765200
2020-08-27,1990.085133175933,2006.0911798234606,1984.7497842934238,1992.7528076171875,597700
2020-08-28,1969.6327652561677,1981.1926866775357,1869.1503713627378,1904.7193603515625,1332300
2020-08-31,1949.1807933789953,1959.8514911529678,1924.2824985730592,1947.40234375,649200
2020-09-01,1921.61480942014,1969.6329490354512,1921.61480942014,1966.0760498046875,654700
2020-09-02,1974.0791495901638,2015.8727171715773,1968.7438005372173,2006.98046875,763200
2020-09-03,2011.4265580610795,2015.8726821947246,1980.3036891255633,1985.6390380859375,602900
2020-09-04,1934.0637512068379,1982.0818857195593,1924.2822793616538,1957.18359375,598200
2020-09-07,1956.2946071598376,1974.9683284099997,1926.95018805244,1928.7286376953125,537300
2020-09-08,1924.2825281015444,1931.3963267266888,1881.5997363506783,1925.1717529296875,478600
2020-09-09,1880.7105532879104,1934.0640441613264,1880.7105532879104,1929.617919921875,530500
2020-09-10,1931.3962329914993,1966.9652243909745,1923.3932099266176,1948.29150390625,572200
2020-09-11,1956.2947261226068,1986.5283718899561,1945.6240276164835,1974.0792236328125,706100
2020-09-14,1986.5280690747638,2013.2048112736193,1977.6358216751453,1988.3065185546875,496500
2020-09-15,1991.8634346676738,2071.004437205809,1987.4173109295762,2060.333740234375,1506700
2020-09-16,2060.333819221048,2083.4536635454965,2036.3247501148899,2055.8876953125,825500
2020-09-17,2050.552687063409,2050.552687063409,1998.9776411615542,2032.7681884765625,824300
2020-09-18,2043.4383838589076,2053.219855670243,2023.8754402362374,2051.44140625,766000
2020-09-23,2047.8846369266714,2093.2351000110225,2041.6600635621528,2079.896728515625,914400
2020-09-24,2055.8877911474524,2055.8877911474524,1992.7528287030452,2002.5343017578125,606300
2020-09-25,1994.531135444202,2008.7587315953867,1975.857415495772,2007.8695068359375,403400
2020-09-28,2006.091468165628,2013.20526769813,1963.4086709706146,1997.19921875,528200
2020-09-29,2000.7560272950714,2042.549597643013,1985.6392039777309,2033.6573486328125,452000
2020-09-30,2024.7649655931546,2035.4356636990474,2006.0912439078422,2006.98046875,551100
2020-10-02,2009.6479483413352,2033.657016750723,1966.9651600579793,1979.414306640625,600700
2020-10-05,1956.2947203621031,1974.0792178199404,1938.5102229042657,1960.7408447265625,637500
2020-10-06,1950.9593224846253,1951.8485473353476,1914.5011036050128,1942.956298828125,622000
2020-10-07,1939.3992992189294,1957.183795314472,1922.5040279281639,1937.620849609375,394800
2020-10-08,1979.4145361109163,1990.9744592777815,1951.8485654822377,1982.971435546875,697400
2020-10-09,1966.0760287233738,1974.0790519067796,1926.9501376045007,1941.177734375,488800
2020-10-12,1933.1748898684323,1950.0701625949732,1908.2765932187929,1942.067138671875,565400
2020-10-13,1942.9562124544686,1962.5191583006922,1934.9531891537408,1949.1807861328125,388200
2020-10-14,1969.6329201573237,1975.8574937198978,1953.6268738535623,1973.1898193359375,594900
2020-10-15,1956.2946568781406,1968.743804694638,1942.0670593735724,1946.51318359375,394700
2020-10-16,1939.3991174270857,1946.5129151984827,1890.4917577487317,1906.497802734375,436500
2020-10-19,1917.168791363953,1962.519259063193,1902.9411936543875,1954.5162353515625,538700
2020-10-20,1965.1868162778112,2039.881699792443,1960.7406922590833,2028.32177734375,1136100
2020-10-21,2029.2113067957469,2047.8850304779162,1970.5224609375,1970.5224609375,718100
2020-10-22,1970.5221577785326,2055.8877386209238,1952.737661769701,2045.217041015625,1301500
2020-10-23,2067.447686234652,2159.927066608159,2067.447686234652,2159.037841796875,2568100
2020-10-26,2146.588700024601,2265.7448250466796,2134.139552634235,2202.60986328125,2239300
2020-10-27,2173.2655467052973,2281.750979069473,2147.4780258974192,2251.517333984375,1539700
2020-10-28,2256.852488977562,2316.430549167277,2250.6279155249053,2314.652099609375,1454600
2020-10-29,2290.643037683824,2408.909933651195,2276.4154411764707,2388.457763671875,1894700
2020-10-30,2386.6793812608885,2394.6824045214503,2286.196978100501,2296.86767578125,1373800
2020-11-02,2241.7357462404275,2277.3047386440835,2198.1637305459485,2249.73876953125,1460900
2020-11-04,2261.298612485591,2263.0770620431886,2163.4838868177126,2193.717529296875,1506700
2020-11-05,2221.2836948570007,2270.1910620375993,2207.056097131736,2264.855712890625,901600
2020-11-06,2259.520369732966,2308.4277370432037,2243.514322249616,2278.194091796875,590500
2020-11-09,2277.3047958685424,2297.7569670145704,2231.9543294143077,2265.744873046875,993100
2020-11-10,2221.283723812538,2221.283723812538,2166.151781908464,2183.936279296875,1251800
2020-11-11,2172.3760128348217,2183.9359343112246,2124.357877471301,2178.6005859375,1193400
2020-11-12,2200.8312076874627,2255.963140970947,2195.49585930519,2239.06787109375,756300
2020-11-13,2263.0772691737106,2291.532464699667,2242.62509738943,2278.194091796875,1005400
2020-11-16,2277.305025655658,2277.305025655658,2151.9243116308835,2182.157958984375,1423000
2020-11-17,2209.723510247575,2224.8403310420254,2159.926924101151,2194.606689453125,820100
2020-11-18,2224.8403965548364,2231.0649700064287,2180.3791576148915,2193.717529296875,843500
2020-11-19,2222.172957356771,2271.0803253658232,2207.056134517609,2240.8466796875,960100
2020-11-20,2255.963393460231,2267.5233162489512,2235.5112223724955,2252.406494140625,510300
2020-11-24,2263.0769562074884,2297.7567209588015,2245.292461463225,2295.978271484375,675800
2020-11-25,2298.6463889251286,2331.5477105461073,2259.5204929434244,2263.077392578125,738900
2020-11-26,2286.1969351178645,2311.095229238168,2258.630966627529,2307.538330078125,513700
2020-11-27,2318.2092895507812,2355.5567349520597,2310.2062655362215,2347.5537109375,636600
2020-11-30,2375.119326882303,2408.020642904259,2357.3348317352998,2359.11328125,914700
2020-12-01,2381.3440960347875,2401.796267135908,2343.996653154481,2356.44580078125,493000
2020-12-02,2376.008609452029,2376.008609452029,2323.544347491823,2344.8857421875,662000
2020-12-03,2368.894948408019,2369.7841732385023,2343.996653154481,2356.44580078125,351800
2020-12-04,2358.224243951613,2368.00571706001,2326.2121501423153,2343.107421875,321900
2020-12-07,2372.451855951278,2374.230305618408,2315.5414666031215,2339.550537109375,542000
2020-12-08,2341.3291716595436,2357.33521992763,2328.8800230065876,2353.7783203125,341000
2020-12-09,2337.772093803884,2368.89496306335,2337.772093803884,2352.888916015625,415300
2020-12-10,2330.658367868788,2355.556664053575,2327.1014684138186,2335.1044921875,332900
2020-12-11,2355.5565759507663,2367.116498747052,2342.218203493514,2356.44580078125,418400
2020-12-14,2347.5536521084337,2374.2303981551204,2333.3260542168678,2361.78125,370300
2020-12-15,2401.796193509334,2462.263480128599,2362.6703021674566,2374.230224609375,730700
2020-12-16,2381.343965418199,2418.69140625,2366.2271441291364,2418.69140625,383800
2020-12-17,2428.472850448752,2456.038818359375,2414.2452541077855,2456.038818359375,579500
2020-12-18,2476.4911543801672,2505.835573803702,2446.2575101256157,2460.485107421875,779400
2020-12-21,2469.377062381806,2472.933961283328,2372.451567315325,2380.45458984375,498000
2020-12-22,2379.565478572468,2379.565478572468,2281.750754116948,2291.5322265625,614600
2020-12-23,2291.532630103081,2295.9787547249343,2273.7481316156686,2282.640380859375,445600
2020-12-24,2285.307923332093,2289.7540476965523,2221.283732483879,2240.8466796875,691500
2020-12-25,2239.9574763478795,2239.9574763478795,2167.930260951223,2176.822509765625,580200
2020-12-28,2179.4897084938148,2183.9358319301546,2079.896543519801,2095.902587890625,820000
2020-12-29,2151.7454887373938,2152.6461775145967,2103.108294768445,2121.1220703125,842200
2020-12-30,2106.7111483198723,2106.7111483198723,2029.2519098609118,2078.789794921875,700100
2021-01-04,2083.2931315284372,2083.2931315284372,2009.4366521573468,2033.7552490234375,575100
2021-01-05,2013.0396660728436,2060.7761771698733,1991.423132745887,2059.87548828125,653500
2021-01-06,2049.0670725785567,2123.824244896807,2031.9539849394391,2119.32080078125,1089900
2021-01-07,2126.5261963519856,2147.2420381631227,2086.895890278505,2096.803466796875,955100
2021-01-08,2117.5193553028193,2186.8723924607593,2098.604890623381,2173.362060546875,1018100
2021-01-12,2140.036873282967,2212.99267578125,2107.612072172619,2212.99267578125,989400
2021-01-13,2212.99267578125,2240.0133433732067,2193.177519547148,2212.99267578125,611000
2021-01-14,2211.1911080326245,2233.7083290920195,2180.5676873918464,2212.091796875,796100
2021-01-15,2206.6874324488954,2271.5370223004547,2194.978478725697,2252.62255859375,878700
2021-01-18,2250.8214085578916,2309.3661830902097,2234.6090094566343,2305.763427734375,872700
2021-01-19,2326.4793827222743,2368.8117601856684,2315.6711161358758,2320.174560546875,837800
2021-01-20,2343.592468977534,2363.4076243647382,2289.55113610334,2303.962158203125,591400
2021-01-21,2303.962023901986,2341.7909547088207,2263.4310266089487,2310.266845703125,547500
2021-01-22,2315.6710389122595,2352.5992818509612,2294.0545064603366,2341.791015625,479700
2021-01-25,2358.9037464522876,2359.8044351680005,2312.968621950926,2335.48583984375,430000
2021-01-26,2342.691450717111,2348.9962719993177,2294.0542579686585,2309.365966796875,552200
2021-01-27,2337.287251264847,2448.071964908614,2329.181052705547,2440.866455078125,1070000
2021-01-28,2370.6128969061065,2421.0514691807043,2321.075013422126,2352.59912109375,991000
2021-01-29,2357.1027554535017,2391.328932261768,2331.8834672789894,2353.5,611800
2021-02-01,2348.9964217557254,2365.2088203721373,2341.790911259542,2359.8046875,342900
2021-02-02,2386.8255674171373,2386.8255674171373,2325.57872266832,2331.883544921875,392500
2021-02-03,2337.287519082256,2352.5992292265328,2288.6503221533767,2350.7978515625,564600
2021-02-04,2331.8834934351635,2370.6131149947278,2321.0752269534246,2348.99658203125,319500
2021-02-05,2341.7909877877023,2357.102698092468,2326.479277482936,2338.188232421875,368700
2021-02-08,2348.0960570963293,2363.4077690144873,2326.479522623636,2362.507080078125,419500
2021-02-09,2353.4997459334786,2421.051403394256,2344.4928582720418,2414.74658203125,484300
2021-02-10,2431.859912986527,2431.859912986527,2397.633736433383,2406.640625,320300
2021-02-12,2388.626633443105,2421.9521181480054,2385.023878339873,2410.2431640625,481100
2021-02-15,2431.85966858798,2445.370000080136,2391.328674111514,2414.74658203125,505100
2021-02-16,2436.3630342227248,2551.6511925889017,2433.6609680110178,2513.822265625,1292400
2021-02-17,2363.407600009686,2377.8186219609647,2266.1332018385556,2324.677978515625,2444800
2021-02-18,2296.7567366783064,2296.7567366783064,2116.6189534094196,2140.036865234375,2764900
2021-02-19,2123.8244638189162,2140.0368643060838,2071.5845066935995,2131.9306640625,1643300
2021-02-22,2149.0437256582604,2157.1499257969544,2107.61203606049,2128.327880859375,933100
2021-02-24,2103.108367377869,2106.7111226110646,2022.9470634392692,2028.3511962890625,1161600
2021-02-25,2036.4574730152287,2049.067116810989,2004.0326746832745,2006.7347412109375,773400
2021-02-26,1977.9126621927346,1992.3236834108966,1960.7995744961672,1962.6009521484375,876700
2021-03-01,1991.4229532786899,2049.967725763138,1990.522264471237,2020.2449951171875,576900
2021-03-02,2052.669968749122,2062.577546483321,1982.416235724799,2003.132080078125,602200
2021-03-03,2009.4368451234707,2021.1458002945174,1972.5086018917082,1987.8203125,525100
2021-03-04,1927.4742293469365,1934.679740484682,1888.7446069815542,1925.6728515625,953200
2021-03-05,1916.6659087920757,1927.4741751950385,1864.4259545110888,1926.573486328125,847300
2021-03-08,1941.8852376759276,1956.2962598479196,1914.8645711034424,1923.8714599609375,485800
2021-03-09,1923.8712619357639,1948.1898593478732,1910.3609300401477,1945.48779296875,465400
2021-03-10,1973.4092568616247,1974.3099457054684,1947.2892803901564,1951.792724609375,400000
2021-03-11,1969.8064558371343,2003.1319422870538,1960.7995676074263,1993.224365234375,650900
2021-03-12,2008.5361882295856,2020.2451435869777,1973.409322157409,2015.74169921875,681500
2021-03-15,2015.7414646371865,2018.4435309436706,1991.422867878829,2001.3304443359375,647400
2021-03-16,2021.1457812673073,2051.7692021956,2013.039581609818,2032.854736328125,595400
2021-03-17,2026.5500772015162,2040.0604110495262,2001.3307873518972,2038.259033203125,510500
2021-03-18,2024.7484231490814,2024.7484231490814,1994.125003937752,2010.33740234375,782400
2021-03-19,2001.3304648888688,2027.450439453125,1994.1249546642466,2027.450439453125,670600
2021-03-22,2028.3512242093998,2052.669822368216,2009.436758974765,2031.9539794921875,494500
2021-03-23,2040.9609537168021,2040.9609537168021,1978.813422469468,1979.714111328125,426100
2021-03-24,1960.7996082341558,1984.2175181166033,1921.1692992023218,1927.47412109375,531500
2021-03-25,1932.8781814365404,1977.912621824158,1930.1761150132834,1965.302978515625,639100
2021-03-26,1987.8201332177018,2042.7621486804476,1974.309801546535,2027.450439453125,1028900
2021-03-29,2044.5635727190606,2047.2656391147245,1977.0119128274616,1994.125,668400
2021-03-30,1990.5222670512894,1996.8270887116328,1970.7071132616386,1973.4091796875,386700
2021-03-31,1970.7072615418429,1986.9196613168672,1955.395550643209,1968.9058837890625,315100
2021-04-01,1986.9196264922753,2014.8409811709973,1982.4161821892558,2004.03271484375,326800
2021-04-02,2028.3513760185745,2056.2727315499137,2017.5431093612817,2051.769287109375,550900
2021-04-05,2059.875378525048,2067.9815780907347,2040.960912871779,2053.570556640625,366800
2021-04-06,2050.868353197152,2060.7759297826456,1993.22427124519,1996.8270263671875,559800
2021-04-07,2012.138916015625,2018.4437380443221,1988.7210056233214,2012.138916015625,341800
2021-04-08,2013.9401734650162,2020.2449951171875,1997.7277749308612,2020.2449951171875,255200
2021-04-09,2032.854856326677,2045.4645009826688,2009.436944822692,2016.6424560546875,277900
2021-04-12,2031.954192344032,2044.5638371546777,1993.2245689970491,1995.9266357421875,407700
2021-04-13,1992.323736550545,2037.3581790584687,1992.323736550545,2024.74853515625,463400
2021-04-14,2044.5637783356244,2071.5844450096633,2039.1596450008167,2067.981689453125,523300
2021-04-15,2062.5773385496236,2075.1869816673943,2046.3649402553472,2063.47802734375,427700
2021-04-16,2095.903075118637,2114.817542062123,2076.988608175151,2087.796875,508300
2021-04-19,2073.385545286046,2083.293121740497,2040.9607496169333,2048.166259765625,351700
2021-04-20,2043.6629979154989,2047.265753310678,1995.0258000805773,2008.5361328125,363200
2021-04-21,1986.018933338724,2003.1320216532074,1973.409289317526,1979.714111328125,389000
2021-04-22,1982.4161793441324,1999.5292676710467,1966.2037798765293,1987.8203125,310600
2021-04-23,2007.6354644761448,2008.5361533341422,1971.60791015625,1971.60791015625,337300
2021-04-26,1967.1043020642464,1974.309812328218,1944.5870824893352,1966.20361328125,270800
2021-04-27,1963.5017466401546,1975.210702010027,1941.8852136496207,1944.5872802734375,257500
2021-04-28,1939.1830727939446,1939.1830727939446,1906.758274549364,1911.26171875,342200
2021-04-30,1918.4672086572923,1918.4672086572923,1873.4327671395154,1877.0355224609375,535200
2021-05-06,1856.3196915106298,1892.3472449606177,1846.4121143118832,1870.730712890625,484000
2021-05-07,1874.333320024034,1890.5457177945448,1853.6174784283817,1875.2340087890625,443500
2021-05-10,1886.0424158194799,1917.5665249664148,1876.1348386590146,1901.3541259765625,477800
2021-05-11,1889.645159125328,1896.8506697416306,1837.405207157135,1844.6107177734375,476500
2021-05-12,1848.2136306152345,1850.9156973266602,1786.9667851562501,1801.3778076171875,546600
2021-05-13,1774.3570356981108,1779.7611688017598,1734.726726271351,1740.130859375,482800
2021-05-14,1758.144564737771,1795.0728061077755,1756.3431871099658,1786.06591796875,491800
2021-05-17,1873.4327994535854,1885.1417544501703,1812.1859579329875,1833.802490234375,1091100
2021-05-18,1831.1005168467893,1859.922561381515,1798.6757167452229,1822.0936279296875,653000
2021-05-19,1815.7887408088234,1845.5114731732535,1813.987363089767,1837.4052734375,342400
2021-05-20,1844.6105792832598,1850.9154005991693,1832.0009366514405,1834.7030029296875,212800
2021-05-21,1856.3197548809078,1866.2273324178755,1841.0080441419582,1847.3128662109375,306100
2021-05-24,1814.887814887856,1819.391258597255,1803.1788612434182,1806.7816162109375,312100
2021-05-25,1817.59010027369,1824.79561107755,1808.5832117688649,1811.2852783203125,241700
2021-05-26,1809.4838344806371,1826.5969220143015,1804.0797015752694,1818.49072265625,230600
2021-05-27,1822.994158302501,1859.9223996515143,1822.994158302501,1841.0079345703125,497500
2021-05-28,1859.021758019379,1877.9362235806227,1850.014869656882,1870.730712890625,543900
2021-05-31,1871.6313542255916,1873.4327318523729,1830.1996688096258,1841.0079345703125,316600
2021-06-01,1843.7099568464298,1851.8161559727698,1816.6892930919635,1827.49755859375,281100
2021-06-02,1828.3982911828446,1848.213445077437,1806.7817596614711,1841.0079345703125,389400
2021-06-03,1886.0424036993184,1922.0699567785796,1879.7375819104477,1907.658935546875,861000
2021-06-04,1907.659004957156,1959.8989588228383,1905.8576272376497,1916.6658935546875,728100
2021-06-07,1918.4671806867732,1936.48095703125,1911.2616701489826,1936.48095703125,305000
2021-06-08,1949.090746982492,2010.3375911575426,1940.9845470181472,2003.132080078125,526300
2021-06-09,2009.4367377484996,2015.7415594267782,1977.9126293571067,1997.727783203125,387200
2021-06-10,2042.7622905530427,2066.180200409471,2020.2450695372463,2053.570556640625,744300
2021-06-11,2075.1871462777535,2105.8105677071994,2067.080946487606,2068.88232421875,795300
2021-06-14,2089.598012427761,2113.9166099861877,2074.286302853937,2104.009033203125,551500
2021-06-15,2116.618630738385,2158.9510033531524,2116.618630738385,2137.33447265625,580200
2021-06-16,2093.2009795281992,2108.512690652115,2067.081001728579,2076.087890625,804600
2021-06-17,2070.683433745487,2073.3854999922187,2019.344175057582,2034.6558837890625,396100
2021-06-18,2062.577565376154,2062.577565376154,2033.7555207944781,2037.3582763671875,331000
2021-06-21,2012.1388428619744,2016.6422870044587,1983.316800350075,1986.9195556640625,275600
2021-06-22,2010.3373721974988,2018.4435712789405,1995.0256628214427,1998.62841796875,291600
2021-06-23,2002.2311890154954,2008.536010573349,1953.593994140625,1953.593994140625,488900
2021-06-24,1958.0974763986076,1974.3098750072438,1937.381633732017,1942.7857666015625,260600
2021-06-25,1949.9913068498884,1968.9057721819197,1946.388551548549,1954.4947509765625,270300
2021-06-28,1963.5016065315187,2000.4298477552766,1959.8988512901765,1989.62158203125,327200
2021-06-29,1998.6285244485607,2006.7347239618716,1968.9057928997538,1988.720947265625,352300
2021-06-30,1986.018840732859,2007.6353723326724,1977.01195256627,1991.4229736328125,308900
2021-07-01,1966.2036289621058,1968.005006542465,1916.6657455022269,1921.169189453125,601400
2021-07-02,1920.2685636591352,1963.5016270060576,1911.2616754618596,1960.799560546875,328900
2021-07-05,1956.2962610631555,1973.4093499030266,1931.0769722465034,1931.9776611328125,211900
2021-07-06,1931.076774119426,1931.076774119426,1888.7444008061736,1898.6519775390625,456100
2021-07-07,1881.5388681310387,1903.1553989281401,1861.7237149003624,1864.42578125,338400
2021-07-08,1847.312902874312,1861.7239250322784,1819.3915474432522,1820.292236328125,468200
2021-07-09,1798.6756388745666,1838.3059483940865,1785.1653060838214,1835.6038818359375,546800
2021-07-12,1857.2203803468794,1881.5389789256214,1852.716936165631,1870.730712890625,273400
2021-07-13,1891.4465314517574,1913.9637520642784,1878.8368879087457,1883.34033203125,279500
2021-07-14,1898.6519915395438,1925.6726555557611,1893.2478587363003,1900.453369140625,265600
2021-07-15,1902.254811424988,1909.4603220743252,1883.3403459704782,1885.1417236328125,263700
2021-07-16,1868.9294031196425,1880.6383584162957,1852.7170034781227,1871.6314697265625,245400
2021-07-19,1866.2272513634844,1878.8368949537783,1844.6107194944093,1852.7169189453125,247200
2021-07-20,1842.8093084578218,1849.1141301387624,1821.1927769803108,1824.7955322265625,283400
2021-07-21,1869.8299907785006,1876.1348125200466,1833.8024379696662,1842.809326171875,250300
2021-07-26,1884.2410331037818,1897.751365559115,1867.1279453270267,1877.0355224609375,387100
2021-07-27,1877.0354981399696,1891.4465192389328,1860.8230994036358,1889.6451416015625,291900
2021-07-28,1882.4395071787173,1889.6450172540424,1828.398181613778,1834.7030029296875,415200
2021-07-29,1835.6039497858171,1847.3129053045686,1823.8949942670656,1836.504638671875,945100
2021-07-30,1837.405161499506,1857.2203152019517,1819.3913854063735,1822.994140625,482300
2021-08-02,1856.3197451905708,1879.7376556102479,1837.4052790823698,1869.830078125,326800
2021-08-03,1863.5251305286345,1876.1347737511578,1840.1072216868054,1853.6175537109375,293700
2021-08-04,1860.8230438909252,1870.7306206008964,1822.994114634672,1827.49755859375,369900
2021-08-05,1854.5183632116657,1868.0286961151019,1845.511474609375,1845.511474609375,258700
2021-08-06,1838.3058086209942,1877.9361151272774,1836.5044310525268,1872.531982421875,266400
2021-08-10,1892.3473095607897,1899.552820496766,1847.3128662109375,1847.3128662109375,483900
2021-08-11,1864.4258578571755,1877.0355013402675,1832.0010603292246,1842.809326171875,416700
2021-08-12,1849.1141497015662,1863.5251708390358,1843.7100167750152,1850.91552734375,399000
2021-08-13,1856.319582201087,1869.8299139492754,1848.213383152174,1864.42578125,444600
2021-08-16,1954.4948110429068,1996.8271871346196,1930.1762120114975,1986.0189208984375,1821300
2021-08-17,1998.6285416279488,2069.782960189737,1998.6285416279488,2006.7347412109375,994000
2021-08-18,1984.217620175188,2012.138975701938,1945.4879979929215,1956.2962646484375,733100
2021-08-19,1938.2823328395027,1972.5085078617615,1925.6726894102494,1928.374755859375,516800
2021-08-20,1921.1693531266435,1947.289330267137,1913.963842191335,1926.573486328125,482400
2021-08-23,1950.8918550163912,1990.5221604737878,1950.8918550163912,1983.316650390625,464000
2021-08-24,1995.0260301625633,2031.0535882693364,1995.0260301625633,2022.9473876953125,432300
2021-08-25,2014.840840298416,2050.868392203618,2013.039462703156,2040.9608154296875,411200
2021-08-26,2046.364891842892,2063.4779785264373,2026.5497388408921,2033.7552490234375,440600
2021-08-27,1977.0120500918313,1977.0120500918313,1924.7720961486305,1932.8782958984375,875600
2021-08-30,1943.6866623085277,1978.8135296996456,1943.6866623085277,1969.806640625,579900
2021-08-31,1961.7002562622126,1969.8064556682548,1922.9706368777888,1930.1761474609375,635800
2021-09-01,1940.0838738379912,1950.8921405446094,1924.772162670282,1925.6728515625,614800
2021-09-02,1925.6726791813353,1991.4229624274708,1924.7719903697446,1942.7857666015625,723800
2021-09-03,1940.9843825771623,1978.813312539223,1938.2823161513008,1973.4091796875,425700
2021-09-06,2017.542816148406,2029.2517699921243,1991.4228421893417,2005.8338623046875,432800
2021-09-07,2017.5429516921397,2063.4780813958446,2013.940196421261,2062.577392578125,598900
2021-09-08,2061.676890450737,2061.676890450737,2017.5431343860425,2039.15966796875,526300
2021-09-09,2022.0463567480817,2057.1732199610774,2001.3305143404177,2010.33740234375,391500
2021-09-10,2017.5429286948283,2039.1594600737014,2006.7346630053917,2020.2449951171875,395500
2021-09-13,2037.358192348849,2130.1291445203483,2035.556814636781,2097.704345703125,1085200
2021-09-14,2080.5912530204714,2085.0946972910783,2040.960943439129,2073.3857421875,567600
2021-09-15,2059.875235463926,2060.775924242004,2026.5497506750473,2027.450439453125,333300
2021-09-16,2020.2450281271267,2022.0464057714667,1971.6078317299512,1985.1181640625,578200
2021-09-17,1997.7279418722148,2002.2313862858132,1963.5017643288677,1970.707275390625,407400
2021-09-21,1932.87814372546,1949.090541948693,1913.963679131688,1921.169189453125,509900
2021-09-22,1924.7720413650718,1925.6727302005258,1858.1210675414802,1862.62451171875,518400
2021-09-24,1890.5459386811,1894.1486941621502,1869.8300946650613,1887.8438720703125,449400
2021-09-27,1899.552771381948,1905.85759328791,1874.3334837581006,1880.6383056640625,430700
2021-09-28,1880.6383597680583,1880.6383597680583,1843.7101161136088,1879.7376708984375,534400
2021-09-29,1843.7099114239852,1864.4257531253782,1830.1995798795983,1860.822998046875,493700
2021-09-30,1859.9224559047766,1869.8300331517269,1841.9086790921394,1848.2135009765625,339900
2021-10-01,1845.511474609375,1853.6176743514366,1832.901830566168,1845.511474609375,501300
2021-10-04,1875.2341018008046,1878.836857039615,1804.0796858342997,1808.5831298828125,551800
2021-10-05,1812.1858651583818,1831.1003299537724,1777.059001966942,1782.463134765625,645900
2021-10-06,1804.980439320693,1824.7955938441737,1777.0590852194248,1793.271484375,380300
2021-10-07,1803.1790786659699,1836.5045661338224,1801.377700965005,1811.2852783203125,314500
2021-10-08,1824.7955757077566,1840.1072858691741,1822.093509208683,1838.305908203125,260000
2021-10-11,1841.0079005507173,1868.028564453125,1823.8948134125258,1868.028564453125,265500
2021-10-12,1847.3127738302069,1864.4258614473565,1847.3127738302069,1859.021728515625,173500
2021-10-13,1859.0217390060425,1874.3334490656853,1840.1072736382484,1844.6107177734375,240300
2021-10-14,1858.1211061588983,1870.7307501173204,1847.3128399088223,1851.8162841796875,176200
2021-10-15,1868.9292314681315,1888.744384765625,1852.716833315637,1888.744384765625,287600
2021-10-18,1866.2273405025237,1895.9500732421875,1866.2273405025237,1895.9500732421875,192300
2021-10-19,1900.4534510600304,1907.6589617749498,1891.446562666381,1903.155517578125,145800
2021-10-20,1909.4604089694712,1921.1693643074916,1905.8576534808496,1912.1624755859375,189100
2021-10-21,1895.9500454698843,1922.0700223433412,1892.3472900390625,1892.3472900390625,205900
2021-10-22,1898.6521163596246,1928.3748487314783,1897.7514274998714,1916.6658935546875,201700
2021-10-25,1909.4603673388049,1931.9775886517625,1901.3541676661403,1906.75830078125,335300
2021-10-26,1930.176059866785,1962.60085601947,1927.4739935207278,1958.097412109375,329500
2021-10-27,1958.097613392521,1959.8989911417323,1932.8783249035648,1944.5872802734375,254900
2021-10-28,1948.1897462303957,1955.395256156352,1916.6656403043376,1931.07666015625,251900
2021-10-29,1932.8780893971123,1940.984288280884,1913.9636253349784,1922.06982421875,209000
2021-11-01,1958.097526882006,1995.0257691093113,1955.395460377569,1988.720947265625,367700
2021-11-02,1988.7208950912984,2004.0326048814036,1983.3167622242026,1997.727783203125,275000
2021-11-04,1995.025807920918,1995.9264967732524,1964.402386941545,1977.9127197265625,368700
2021-11-05,1970.7073084592926,2021.1458867379583,1967.1045528679595,2014.841064453125,344500
2021-11-08,2013.0394667652454,2014.8408443641406,1972.5084707901062,2002.231201171875,335300
2021-11-09,2015.7413791846366,2022.046200299155,1990.5220947265625,1990.5220947265625,240400
2021-11-10,2049.0670511292456,2049.0670511292456,2008.5360545135022,2022.04638671875,480200
2021-11-11,2021.1456679477485,2021.1456679477485,1985.1181159344198,2010.33740234375,347000
2021-11-12,2021.1456679477485,2029.2518671507476,1995.9263815384184,2010.33740234375,416300
2021-11-15,2175.1633895977357,2413.845914750282,2175.1633895977357,2394.03076171875,3069600
2021-11-16,2377.8183643089137,2503.0141039448754,2376.9176755345543,2495.80859375,1880000
2021-11-17,2522.8292826963575,2633.6140030718134,2522.8292826963575,2593.0830078125,1635100
2021-11-18,2574.1688119441,2609.29567816727,2523.730234803138,2588.579833984375,957700
2021-11-19,2561.5587863935484,2593.9835811580238,2513.8222829902934,2570.565673828125,998500
2021-11-22,2577.771453255667,2602.0900518712865,2556.154921152894,2557.956298828125,709800
2021-11-24,2512.921712938876,2554.353397094858,2484.0996717868893,2515.623779296875,739300
2021-11-25,2553.4528610802495,2606.5935026335947,2548.9494168808133,2590.381103515625,748300
2021-11-26,2571.466552734375,2607.4941051369583,2560.6582870136,2571.466552734375,553100
2021-11-29,2540.8433222213134,2626.4087655431936,2539.9426333442407,2580.4736328125,702300
2021-11-30,2612.8982490138005,2792.1353229723477,2606.593427316766,2738.093994140625,1808400
2021-12-01,2738.0941854508196,2810.149295594262,2702.066630379098,2747.10107421875,1078900
2021-12-02,2760.611398171373,2765.1148425403308,2683.152155025292,2690.357666015625,797100
2021-12-03,2679.5491604162335,2706.56982421875,2637.216787125624,2706.56982421875,681500
2021-12-06,2692.158829427083,2715.57673828125,2675.9464309895834,2702.06640625,434600
2021-12-07,2702.0664023201707,2724.583622339506,2681.350559902383,2685.85400390625,522800
2021-12-08,2687.655675668506,2729.0873650387307,2644.4226084995753,2652.52880859375,804400
2021-12-09,2665.138337296342,2688.5562476612304,2611.997694545249,2613.799072265625,709000
2021-12-10,2591.281571682144,2615.600168288129,2549.849888575652,2577.771240234375,804200
2021-12-13,2585.8775046048436,2602.089902752836,2496.7093147908836,2515.623779296875,1007600
2021-12-14,2530.0351327898134,2584.0764670608664,2526.432377171743,2558.857177734375,845100
2021-12-15,2533.6377184139783,2574.1687163978495,2506.617053091398,2512.921875,727800
2021-12-16,2480.4968823896293,2506.616856822926,2454.3769079563326,2487.702392578125,978600
2021-12-17,2442.6680978400395,2476.8942732522523,2405.7398559479147,2412.044677734375,1026700
2021-12-20,2414.746568090978,2439.9658533974116,2356.2017986296155,2366.109375,538700
2021-12-21,2359.8045536733916,2381.4210839360485,2328.2804470403503,2366.109375,694800
2021-12-22,2380.5207016808135,2409.3427457420266,2378.7193239269877,2405.739990234375,316200
2021-12-23,2422.8531581300767,2431.860047193757,2367.010445935257,2384.12353515625,290300
2021-12-24,2382.3216951010713,2407.5409795860733,2369.7120528585706,2379.61962890625,296400
2021-12-27,2382.322043628014,2392.2296211251437,2342.691733639495,2353.5,264200
2021-12-28,2368.811714865945,2378.7192923805933,2349.897248701616,2377.818603515625,353200
2021-12-29,2421.135262276786,2435.8814229910713,2389.7996707589286,2419.2919921875,271100
2021-12-30,2388.878435326507,2393.486611320578,2359.3861089644515,2385.19189453125,263500
2022-01-04,2415.6054897483336,2428.5083805749177,2391.642978213249,2410.997314453125,385800
2022-01-05,2385.191377369011,2396.2509973568117,2319.7552924411907,2337.266357421875,420100
2022-01-06,2299.479547173241,2314.2257085979995,2281.046845392293,2287.498291015625,374800
2022-01-07,2333.5798685503296,2354.7774739913475,2241.41636663286,2271.830322265625,390500
2022-01-11,2269.065479910714,2279.2034654017857,2247.8678738839285,2258.005859375,229200
2022-01-12,2302.244676418941,2316.069204099599,2259.849458198256,2292.106689453125,378200
2022-01-13,2293.0280383335003,2333.57998113361,2276.4386071880003,2301.32275390625,456900
2022-01-14,2265.378798922479,2291.184578568463,2252.4759090994867,2289.34130859375,409900
2022-01-17,2296.7144973047193,2301.322672459825,2263.5356361879576,2265.37890625,243400
2022-01-18,2269.065263396055,2297.635947053763,2241.416214695047,2251.55419921875,349100
2022-01-19,2244.181375472272,2281.9684130058913,2233.121754730725,2248.78955078125,601200
2022-01-20,2242.3381139315093,2313.304013961401,2242.3381139315093,2300.401123046875,454700
2022-01-21,2279.2035207133013,2299.4794921875,2246.9462933679856,2299.4794921875,320500
2022-01-24,2281.0466682823903,2286.5764783873174,2222.0620271631688,2272.751953125,544900
2022-01-25,2271.8304138823373,2276.438589164046,2178.745273191824,2198.099609375,500700
2022-01-26,2180.5883996884686,2250.6326593572444,2177.823494701543,2230.356689453125,371100
2022-01-27,2229.4349894715015,2240.494609096825,2116.0738883119334,2135.42822265625,526800
2022-01-28,2125.290353917513,2162.1557546793088,2088.4249531557175,2109.62255859375,644500
2022-01-31,2133.585126998034,2235.886616888652,2133.585126998034,2204.551025390625,621500
2022-02-01,2281.046790747942,2307.774207690039,2241.4164828682806,2246.024658203125,376000
2022-02-02,2241.4162892512077,2289.34130859375,2233.1215743649987,2289.34130859375,240600
2022-02-03,2261.6924713172393,2276.438632499422,2222.98379821401,2242.338134765625,224700
2022-02-04,2238.6517825060364,2264.4575667424174,2224.827255236547,2254.319580078125,310200
2022-02-07,2297.635947053763,2300.400851923864,2241.416214695047,2251.55419921875,461600
2022-02-08,2257.084104326737,2269.986994265722,2224.8268794792743,2230.356689453125,198900
2022-02-09,2233.121618854725,2279.203369140625,2224.8269038032627,2279.203369140625,294500
2022-02-10,2363.072303170054,2366.7588434246095,2280.1251474425558,2301.32275390625,321600
2022-02-14,2259.849085316273,2265.3788954761008,2208.237523824547,2213.767333984375,665700
2022-02-15,2477.354927611658,2508.6905182138885,2397.1726810706555,2434.959716796875,1394900
2022-02-16,2445.0977089858225,2494.8660000846667,2420.2135634364,2487.492919921875,808100
2022-02-17,2516.063522437736,2599.932306518994,2510.5337124983125,2560.302001953125,926800
2022-02-18,2514.220385498395,2602.6973492109487,2514.220385498395,2584.2646484375,647300
2022-02-21,2545.5563137277572,2637.719829793208,2544.6346785671026,2615.6005859375,602600
2022-02-22,2581.4996067209154,2634.0328011454394,2543.7125721348543,2560.302001953125,675000
2022-02-24,2514.220398949795,2532.653099821861,2447.862675810358,2473.66845703125,896600
2022-02-25,2519.750265164094,2559.3805729190526,2445.0978249745212,2515.14208984375,785900
2022-02-28,2442.3327863758905,2458.0005816092453,2323.4418696051393,2328.9716796875,1471500
2022-03-01,2321.598826022169,2385.1916481720414,2321.598826022169,2332.658447265625,1018200
2022-03-02,2328.050335664249,2375.9753623683428,2280.125308960155,2318.833984375,712600
2022-03-03,2302.244384765625,2335.4232469960343,2287.498223774332,2302.244384765625,454000
2022-03-04,2285.6548433698295,2293.9495585272202,2237.729822460462,2272.751953125,445800
2022-03-07,2231.2787654096824,2258.9278207431357,2222.984048809646,2240.4951171875,542700
2022-03-08,2213.7671942750026,2283.8114518790408,2213.7671942750026,2245.102783203125,487300
2022-03-09,2244.181288153793,2289.3414044246497,2244.181288153793,2268.143798828125,461400
2022-03-10,2322.5206056981697,2365.8374582647625,2315.147524410239,2353.856201171875,380700
2022-03-11,2322.5203897664833,2377.818494284733,2322.5203897664833,2348.326171875,393000
2022-03-14,2329.8936742276105,2381.5052429605007,2329.8936742276105,2356.62109375,271200
2022-03-15,2347.404342410692,2355.6990574015426,2321.5985624391574,2337.266357421875,324500
2022-03-16,2381.5050217745493,2382.426656844895,2339.1098085386243,2351.091064453125,300200
2022-03-17,2376.8972080944586,2387.9568306214587,2334.501988407624,2378.740478515625,385200
2022-03-18,2378.739832210541,2379.6614671707152,2349.247513484955,2359.385498046875,286200
2022-03-22,2359.3859257052045,2369.5239121047193,2318.8339801071465,2319.755615234375,375100
2022-03-23,2383.348176194539,2440.48954778157,2355.6991254266213,2430.3515625,410100
2022-03-24,2423.9000724595044,2430.3515175192824,2345.5610967336265,2386.113037109375,293200
2022-03-25,2391.6430774616747,2449.7060885908018,2391.6430774616747,2442.3330078125,272200
2022-03-28,2441.4114623884143,2452.4710839620875,2413.7624084542304,2422.978759765625,177800
2022-03-29,2454.314150252002,2486.5713771610594,2450.627610033824,2467.217041015625,363300
2022-03-30,2509.612300658172,2519.750286448565,2437.724765053568,2457.0791015625,246800
2022-03-31,2413.7622703165503,2432.1949718844503,2397.1728389054397,2399.937744140625,367300
2022-04-01,2400.859312101175,2440.4896193642653,2387.956421364355,2414.683837890625,180200
2022-04-04,2414.6837629270517,2441.4111786235726,2391.6428873266027,2431.273193359375,132500
2022-04-05,2458.9224966795423,2499.4744419021436,2451.5494157299786,2482.885009765625,348400
2022-04-06,2431.273131430103,2448.7841964404033,2378.7399363992026,2390.72119140625,372200
2022-04-07,2364.9155780038645,2422.978587128667,2353.8559572181875,2407.310791015625,256300
2022-04-08,2443.2545928251907,2458.922389157906,2398.0944739838346,2399.937744140625,264200
2022-04-11,2420.213630087563,2428.5083454991354,2360.307352115099,2364.91552734375,194800
2022-04-12,2357.542232225723,2382.4263761937036,2340.952802913736,2358.4638671875,175200
2022-04-13,2339.1096476079874,2393.4861130173144,2332.6582025594234,2387.03466796875,191600
2022-04-14,2394.4078542728985,2422.9785407557542,2387.034773890226,2417.44873046875,154300
2022-04-15,2377.8185190054087,2408.2324768066405,2374.1319786658655,2396.251220703125,147700
2022-04-18,2385.191402100835,2407.310642305789,2358.463986853183,2386.113037109375,145900
2022-04-19,2392.564613272291,2412.8405845712086,2382.426627622832,2410.997314453125,199900
2022-04-20,2435.8813141432197,2525.2799094787824,2434.9596791397603,2497.630859375,580300
2022-04-21,2488.4150006921705,2493.94481180482,2383.3485895518343,2392.56494140625,505700
2022-04-22,2313.30394920601,2320.677029522205,2222.062080293104,2260.770751953125,738100
2022-04-25,2242.3379248027672,2350.1692183506193,2239.573019840002,2343.7177734375,434700
2022-04-26,2379.661672931828,2429.4299650845464,2361.228972134525,2422.056884765625,426500
2022-04-27,2387.956393938402,2477.3549930167596,2363.993882845234,2474.590087890625,435200
2022-04-28,2478.2767167191605,2478.2767167191605,2424.821882368208,2455.23583984375,289100
2022-05-02,2443.2543245284096,2471.825008821273,2416.5269101899244,2458.922119140625,286800
2022-05-06,2417.4487645370077,2464.452152638947,2408.2324139287844,2463.530517578125,268900
2022-05-09,2439.5679043982686,2456.157334802186,2424.8217440392314,2432.19482421875,164400
2022-05-10,2398.0943467039497,2410.075602087175,2348.3260551120925,2374.1318359375,341900
2022-05-11,2380.5830445189576,2420.21334684738,2368.601790326644,2372.288330078125,207200
2022-05-12,2326.20703125,2359.38589540412,2300.401248019017,2326.20703125,271300
2022-05-13,2343.717932689309,2346.482837839945,2286.57655957616,2308.69580078125,423100
2022-05-16,2227.5920289552737,2231.2785693424566,2052.4813605640857,2070.9140625,1008100
2022-05-17,2105.9361481766996,2209.15927666501,2105.9361481766996,2187.961669921875,623600
2022-05-18,2197.177797119543,2261.692245860469,2194.412892173503,2237.729736328125,453500
2022-05-19,2206.3944885964797,2232.2002720888363,2176.902164605215,2215.61083984375,286000
2022-05-20,2326.206866735279,2340.0313924884604,2249.711157567677,2308.69580078125,376800
2022-05-23,2330.815080202543,2352.9343217703013,2286.576597067026,2300.401123046875,256400
2022-05-24,2293.028084617609,2321.5987721671045,2258.9275865746617,2291.184814453125,142900
2022-05-25,2270.90875,2297.636166294643,2233.121713169643,2258.005859375,225800
2022-05-26,2266.300608492015,2281.0467694256754,2242.3380969748155,2250.6328125,168300
2022-05-27,2285.6550307080925,2290.2632061732297,2222.062209289198,2232.2001953125,182900
2022-05-30,2246.946372086089,2291.184856852345,2234.0434806959306,2281.968505859375,319500
2022-05-31,2279.20375090415,2279.20375090415,2227.5921819390746,2249.71142578125,359000
2022-06-01,2253.3976466988297,2270.9087122559986,2236.8082161709854,2266.300537109375,126800
2022-06-02,2248.7893271945586,2249.71096216472,2211.0022934179287,2244.18115234375,141200
2022-06-03,2270.9086376912737,2275.5168126865888,2214.68890274843,2228.513427734375,145100
2022-06-06,2211.9240514553017,2235.886562012734,2201.786066219465,2216.5322265625,149300
2022-06-07,2215.610788913752,2243.259842019997,2194.4131815322976,2226.67041015625,149200
2022-06-08,2246.9462346762166,2281.0467312648216,2244.1813295474103,2258.927490234375,202300
2022-06-09,2267.222442262201,2318.8340100535356,2255.2411854534985,2313.30419921875,206400
2022-06-10,2278.2820165064427,2316.990691544174,2261.6925843474155,2270.908935546875,245800
2022-06-13,2235.8865452469904,2259.8490556247402,2211.92403486924,2220.21875,171900
2022-06-14,2194.4131070018216,2200.8645525074967,2179.6669458459924,2189.804931640625,224100
2022-06-15,2119.760562963482,2180.58847477026,2117.917292908731,2159.390869140625,337900
2022-06-16,2191.6481162953114,2193.4913863678894,2140.0365542631257,2154.78271484375,173800
2022-06-17,2120.6821579604743,2132.6634130901944,2086.5816625912707,2114.230712890625,240600
2022-06-20,2120.6823188294757,2128.977034548496,2074.6005648349196,2079.208740234375,195000
2022-06-21,2125.290476788314,2147.409718524186,2093.033249256835,2136.35009765625,210600
2022-06-22,2145.566503694414,2155.7044897513897,2116.074180619577,2124.368896484375,185100
2022-06-23,2130.8203464084204,2156.6261291503906,2121.603995429145,2123.447265625,204400
2022-06-24,2141.879811895958,2161.23414754562,2136.35000171034,2157.547607421875,145400
2022-06-27,2175.98031019598,2213.767346501798,2163.9990547819402,2211.00244140625,259200
2022-06-28,2187.9617025545326,2236.808362299853,2187.9617025545326,2234.04345703125,199800
2022-06-29,2212.845746290737,2269.0654841181986,2205.4726659199227,2257.084228515625,287300
2022-06-30,2272.7520057248175,2274.595275802453,2198.0995675805716,2207.31591796875,289000
2022-07-01,2219.297173473382,2242.3380494438284,2187.9615821535754,2207.31591796875,225400
2022-07-04,2252.476053283866,2271.830389257254,2232.2000822641257,2257.084228515625,196600
2022-07-05,2239.5732253363803,2253.3977514187036,2213.7674433160437,2243.259765625,245900
2022-07-06,2251.5543353798034,2283.811560815044,2236.808175180836,2275.516845703125,205800
2022-07-07,2286.576810373601,2286.576810373601,2227.592160690445,2254.319580078125,181800
2022-07-08,2261.6922876006133,2308.695672550748,2248.789397614302,2282.889892578125,301200
2022-07-11,2311.460577547815,2312.3822125468373,2273.6735425879024,2282.889892578125,150800
2022-07-12,2271.830639309353,2272.752274457146,2241.4166794321895,2256.162841796875,126100
2022-07-13,2255.2408140615566,2289.34130859375,2255.2408140615566,2289.34130859375,110400
2022-07-14,2288.4198463192847,2310.5390876852384,2281.968400920882,2305.00927734375,130800
2022-07-15,2305.0093876262627,2330.8151704545458,2280.12523989899,2281.046875,114000
2022-07-19,2289.341590909091,2297.6363068181818,2250.632916666667,2281.046875,165100
2022-07-20,2304.087746491466,2337.2666100409433,2288.419949815324,2335.42333984375,206100
2022-07-21,2316.0689442393546,2348.326171875,2316.0689442393546,2348.326171875,177900
2022-07-22,2345.561080444195,2394.407735557571,2337.2663654249423,2389.799560546875,196800
2022-07-25,2378.739940521205,2418.3702456131896,2367.680320495535,2389.799560546875,167600
2022-07-26,2391.6430368504093,2399.937752585151,2372.288700136013,2398.094482421875,147900
2022-07-27,2380.5832187854294,2409.1539039508757,2372.2885037373962,2387.956298828125,115100
2022-07-28,2403.6242423608455,2409.154052734375,2372.288650244178,2409.154052734375,156700
2022-07-29,2412.8404439722235,2412.8404439722235,2374.1317737480704,2387.956298828125,228700
2022-08-01,2396.2512080412025,2409.1540991614243,2369.523790720743,2399.01611328125,165000
2022-08-02,2395.3297398131276,2402.7028209668424,2352.0128880350526,2363.072509765625,138200
2022-08-03,2379.6618780141284,2391.6431345649353,2345.561378600293,2376.89697265625,198300
2022-08-04,2391.642893102393,2396.2510682336115,2372.288557551275,2375.97509765625,105700
2022-08-05,2391.643177970892,2427.586948275657,2372.28884011448,2420.2138671875,178100
2022-08-08,2416.526975608911,2425.743325630303,2377.8183055190657,2389.799560546875,107500
2022-08-09,2395.3294164301533,2410.0755767467685,2370.4452708958656,2379.66162109375,144800
2022-08-10,2363.0721709818777,2386.1130462839633,2322.5202304502077,2329.893310546875,198300
2022-08-12,2099.4846126664083,2167.6856053517963,2082.8951820132056,2154.78271484375,833900
2022-08-15,2175.058694081764,2187.961584639876,2148.3312779256744,2152.939453125,406200
2022-08-16,2161.2341374660114,2217.453874090927,2154.7826922795457,2213.767333984375,383500
2022-08-17,2225.7487160011574,2248.789592978395,2209.1592845775463,2239.5732421875,229000
2022-08-18,2221.14061649759,2234.965143156289,2208.2377249494716,2222.98388671875,169300
2022-08-19,2223.9053909525683,2227.591931177935,2195.334704205975,2198.099609375,194000
2022-08-22,2165.8426869066457,2184.275390625,2159.3912406052214,2184.275390625,223100
2022-08-23,2157.5477470516953,2163.077557595185,2117.917438156683,2127.1337890625,511200
2022-08-24,2130.8200807302946,2139.114795577428,2115.1522860190425,2128.05517578125,233600
2022-08-25,2136.3498576250267,2152.0176520942355,2128.976777874811,2135.42822265625,189400
2022-08-26,2143.7232036656574,2151.0962843317475,2121.6039616673875,2130.8203125,194500
2022-08-29,2084.73847931217,2113.309165810259,2082.895209215519,2094.87646484375,222800
2022-08-30,2104.0929327702656,2122.525634765625,2093.954946672818,2122.525634765625,200600
2022-08-31,2110.5443323080976,2139.115019776024,2105.9361569100447,2132.66357421875,222900
2022-09-01,2099.4847572714257,2138.19343146168,2090.268406273746,2122.525634765625,280700
2022-09-02,2142.801632713016,2142.801632713016,2083.81698561898,2116.995849609375,223900
2022-09-05,2113.309309165998,2140.958362491327,2113.309309165998,2116.995849609375,245900
2022-09-06,2135.4284498591473,2140.9582602601636,2085.66015625,2085.66015625,215000
2022-09-07,2070.913914303128,2070.913914303128,2027.5970678535298,2049.71630859375,304900
2022-09-08,2063.540935506221,2091.1899877908063,2058.9327601254568,2081.052001953125,197200
2022-09-09,2081.0521646063216,2107.7795839037453,2077.3656240135733,2098.563232421875,232600
2022-09-12,2110.5442564468585,2110.5442564468585,2082.8952050523585,2095.798095703125,157200
2022-09-13,2102.2497132333383,2130.820402014677,2101.3280781113594,2111.466064453125,186200
2022-09-14,2074.6005229091393,2102.2495747471107,2067.2274424190136,2088.425048828125,198300
2022-09-15,2100.4063173193767,2100.4063173193767,2071.835630247459,2085.66015625,162700
2022-09-16,2073.6787440413136,2090.2681739936443,2055.2460440942796,2066.3056640625,261800
2022-09-20,2075.522487025545,2076.444122232928,2051.5599716335987,2069.99267578125,456000
2022-09-21,2054.324618817449,2070.9140504633506,2033.1270117143529,2046.9515380859375,219400
2022-09-22,2030.3621997148027,2034.970375383697,2007.3213213703316,2026.6756591796875,254900
2022-09-26,1996.261550306608,2006.3995360191532,1975.063943816741,1979.672119140625,510800
2022-09-27,2001.7911124851394,2043.2646852576215,1982.4367785246477,2034.969970703125,605800
2022-09-28,2037.7350160194737,2075.5220515946876,2034.9701109773848,2058.010986328125,282400
2022-09-29,2082.8953529756586,2111.466041445679,2050.6381240578944,2063.541015625,506100
2022-09-30,2058.0107746664326,2060.7756794241573,2030.3617270891855,2050.6376953125,354600
2022-10-03,2042.34322834701,2061.6975639947027,2017.459082514262,2049.71630859375,249200
2022-10-04,2060.7758985227892,2126.2119847460085,2058.9326284883323,2110.544189453125,413600
2022-10-05,2111.465959466169,2116.995769923086,2080.1303668769724,2081.052001953125,185400
2022-10-06,2095.7980998920757,2114.2308008585846,2084.73847931217,2094.87646484375,213600
2022-10-07,2079.2088351838715,2120.6824156729117,2075.522294695957,2111.466064453125,297600
2022-10-11,2081.973492491747,2092.1114776256154,2056.16771215099,2058.9326171875,286000
2022-10-12,2049.71626795977,2055.246078035201,1998.1047072557471,2004.55615234375,253900
2022-10-13,2009.1644109114095,2012.8509511149166,1955.7095779605554,1959.3961181640625,207700
2022-10-14,1990.7316005097002,1997.183045511352,1967.6907255038009,1983.3585205078125,268700
2022-10-17,1965.8475467305789,1971.3773569886114,1951.1013860424919,1963.0826416015625,276600
2022-10-18,1978.7505135961583,1988.8884994599484,1963.0827172612096,1973.220703125,264200
2022-10-19,1967.6908674231108,1974.1423128900717,1941.8850855552666,1952.0230712890625,223300
2022-10-20,1945.5715757844594,1976.907167246644,1937.2768603974105,1963.0826416015625,457900
2022-10-21,1974.142249513779,1988.8884101077194,1960.3177239569598,1965.8475341796875,266300
2022-10-24,1989.8101345384748,2003.6346607163707,1964.9259874182624,1973.220703125,286700
2022-10-25,1969.5340785157166,1970.4557135547975,1956.6311879685852,1964.9259033203125,176900
2022-10-26,1991.6533454629493,1999.9480609229988,1977.8288196962005,1986.12353515625,190200
2022-10-27,1979.6718261718752,1996.2612548828126,1974.1420166015625,1990.7314453125,159200
2022-10-28,1968.6125025471588,1996.2615545492258,1958.4745168130678,1978.75048828125,558400
2022-10-31,1993.496777576476,2033.127087995241,1978.7506155601914,2030.3621826171875,289900
2022-11-01,2030.362223270667,2059.8545478937544,2030.362223270667,2047.873291015625,205600
2022-11-02,2047.8729745165795,2057.089324536906,2036.8133544921875,2036.8133544921875,271600
2022-11-04,1999.9481742837945,2017.4592412475697,1989.8101881468722,2014.6943359375,246000
2022-11-07,2011.007866148736,2039.5785553561655,2011.007866148736,2025.7540283203125,144200
2022-11-08,2037.7350160194737,2068.1489714824506,2036.813381005444,2058.010986328125,184300
2022-11-09,2051.5595186992487,2056.167693718789,2022.0671985741922,2035.8917236328125,169000
2022-11-10,2044.1867009238592,2044.1867009238592,2021.1458228701638,2032.2054443359375,127500
2022-11-11,2060.776157235329,2069.070873431714,2035.8920086461724,2053.403076171875,199200
2022-11-14,2042.3435896235574,2117.91767552118,2042.3435896235574,2076.444091796875,352700
2022-11-15,1904.0979826479395,1973.2206102852074,1868.1542162765602,1966.7691650390625,820400
2022-11-16,1967.6909434263446,1971.3774838355741,1936.3553499478921,1962.1611328125,383500
2022-11-17,1962.1609483975085,2003.634524103421,1961.2393133818214,1975.9854736328125,367000
2022-11-18,1985.201933748399,1985.201933748399,1961.2394220132744,1978.75048828125,293800
2022-11-21,1978.7505135961583,1981.5154188317374,1956.631271711525,1973.220703125,194600
2022-11-22,1945.5715551014525,1971.3773360312682,1940.9633799354142,1967.6907958984375,293300
2022-11-24,1981.515359900667,2001.791331025232,1964.9259289805684,1986.12353515625,256200
2022-11-25,1989.8101260371704,2000.8697469322358,1966.769249172451,1975.06396484375,182300
2022-11-28,1975.0638971606331,1979.6720723756603,1948.3364809134757,1963.0826416015625,299900
2022-11-29,1952.9446427377911,1960.3177230312797,1924.373956600523,1939.1201171875,277200
2022-11-30,1937.2769484299881,1941.885123854417,1917.0009765625,1917.0009765625,330200
2022-12-01,1935.4336739961257,1974.1423474760481,1913.3144320075985,1917.922607421875,395300
2022-12-02,1912.3927548368733,1914.2360249620172,1881.9787977719977,1900.4114990234375,325900
2022-12-05,1893.960036862162,1904.0980224609375,1877.3706058823475,1904.0980224609375,231600
2022-12-06,1885.6653795219395,1923.4524179190068,1885.6653795219395,1917.922607421875,254800
2022-12-07,1902.2547189534112,1916.0792445272004,1895.8032736856428,1911.4710693359375,207200
2022-12-08,1907.7844753000345,1923.4522705078125,1884.7435999944785,1923.4522705078125,203200
2022-12-09,1927.138775390625,1958.474365234375,1924.3738704044117,1958.474365234375,249900
2022-12-12,1947.4148458704703,1966.7691817735843,1937.2768603974105,1963.0826416015625,169400
2022-12-13,1967.690875913335,1970.4557811253912,1950.1798095703125,1950.1798095703125,200700
2022-12-14,1963.0826921467456,1978.75048828125,1952.0230713459189,1978.75048828125,226200
2022-12-15,1977.8287229116377,1996.2614230319698,1969.5340078574882,1980.5936279296875,130200
2022-12-16,1975.0640285176444,1983.358744456356,1958.4745966402213,1961.239501953125,209600
2022-12-19,1945.5714752987133,1962.1609052159927,1942.8065703124998,1958.474365234375,139000
2022-12-20,1945.5715540698452,1959.3960795606304,1919.7657731537126,1940.96337890625,294300
2022-12-21,1936.3553002675374,1960.317812312733,1928.9822196382463,1946.4932861328125,224000
2022-12-22,1953.8662704003218,1973.2206060976837,1949.2580952342835,1967.6907958984375,180100
2022-12-23,1951.1014027061715,1969.5341037237074,1944.649957350034,1959.3961181640625,155000
2022-12-26,1963.0825834131954,1985.201823789682,1961.2393133818214,1975.9854736328125,164100
2022-12-27,1976.9072561380015,1983.3587017291277,1966.7692702090885,1970.455810546875,161800
2022-12-28,1969.5342435414334,1969.5342435414334,1940.0419198197087,1955.709716796875,222700
2022-12-29,1967.8626388706523,2002.4521484375,1965.058084040908,2002.4521484375,145000
2022-12-30,2015.5401998380337,2023.9538648651867,1989.3643530868903,1993.103759765625,133300
2023-01-04,1981.8854818626587,2012.7355860614641,1967.862707226838,1988.429443359375,243100
2023-01-05,1975.341346730002,1997.7777841751133,1971.6019404891501,1995.9080810546875,173100
2023-01-06,1977.2113054614676,1977.2113054614676,1955.709716796875,1955.709716796875,196600
2023-01-10,1972.5370679478967,1976.276474711779,1956.6445892013971,1961.31884765625,195000
2023-01-11,1976.2762876063837,1987.4945068359375,1969.7323263891442,1987.4945068359375,162400
2023-01-12,1982.8202866062975,1990.2990995685088,1938.8822604533054,1943.5565185546875,159700
2023-01-13,1936.0777645342446,1945.4262810216144,1920.1852865057162,1926.729248046875,125800
2023-01-16,1905.227760392906,1960.3840105711108,1903.3580569970345,1921.1202392578125,292700
2023-01-17,1929.533828500601,1951.970268366887,1924.8595701951247,1944.491455078125,158200
2023-01-18,1939.8169874419093,1999.6474872955393,1932.3381749602056,1995.9080810546875,217700
2023-01-19,1986.5596923828127,1994.0385053423715,1968.7975116038604,1986.5596923828125,120500
2023-01-20,1989.3642472426473,1998.7127634420956,1980.9505826631435,1986.5596923828125,122600
2023-01-23,1998.7127103504754,2023.9537034185123,1994.038452374913,2015.5400390625,156600
2023-01-24,2033.3023043291284,2043.5856723050458,2020.214381450688,2037.9765625,166000
2023-01-25,2023.0188414629768,2045.4552796307732,2022.083989872652,2034.237060546875,125400
2023-01-26,2045.455407140461,2051.9993686806724,2026.7583741684273,2046.3902587890625,102100
2023-01-27,2049.1949423115534,2051.0646457260714,2025.8236496300806,2037.0418701171875,180600
2023-01-30,2034.2370234267341,2045.4552423059256,2026.7582108406064,2035.171875,122900
2023-01-31,2027.6931578288816,2039.8462288532132,2006.1915706319871,2017.4097900390625,222600
2023-02-01,2024.888587075455,2036.1068063944326,2002.4521484375,2002.4521484375,100300
2023-02-02,2012.7355535116112,2012.7355535116112,1996.8430758480267,2001.517333984375,82700
2023-02-03,1985.6249611284481,2008.9962530438017,1983.7552577752197,2008.0614013671875,112200
2023-02-06,2016.4750500176733,2042.6508967494742,2005.2568299897584,2014.6053466796875,191000
2023-02-07,2000.5825554409257,2027.6932536221345,1998.7128521180837,2021.1492919921875,142200
2023-02-08,2033.3023577105275,2041.716022638985,2023.9538411233525,2030.497802734375,164300
2023-02-09,2008.0612527499854,2015.5400656093896,1994.9733302460284,2011.8006591796875,143600
2023-02-10,1998.7127523387048,2035.1719653140133,1997.7779007239535,2026.75830078125,130100
2023-02-13,2014.6052351872936,2050.1295966430325,2008.0612738664997,2017.4097900390625,209800
2023-02-14,2040.7812621960438,2080.045033617131,2038.9115587950396,2077.240478515625,334500
2023-02-15,2170.7254734948333,2271.689449006221,2140.8102214914593,2216.533203125,1251000
2023-02-16,2215.598488189608,2236.165225210777,2195.0317511684384,2231.490966796875,477300
2023-02-17,2231.4908453462085,2243.6439165609136,2198.7710382296955,2209.9892578125,267000
2023-02-20,2210.9242290483717,2215.598487460736,2175.399865114402,2176.334716796875,309900
2023-02-21,2183.813444148936,2205.315031998005,2179.1391859208775,2196.9013671875,338700
2023-02-22,2194.096648252197,2216.533086069859,2189.422390373518,2207.1845703125,382500
2023-02-24,2263.2757612739715,2348.347258290052,2252.0575418872354,2339.93359375,971100
2023-02-27,2295.060769981051,2331.5199838422573,2275.4288855942477,2289.45166015625,493200
2023-02-28,2276.3639058953936,2331.5201565926536,2276.3639058953936,2291.321533203125,454900
2023-03-01,2289.451559564007,2323.106217034119,2285.7121531784387,2316.562255859375,307400
2023-03-02,2316.5622197942453,2360.500244140625,2313.7576650487317,2360.500244140625,437900
2023-03-03,2365.17478398778,2399.7642966389844,2349.2823052020913,2359.565673828125,415800
2023-03-06,2357.695962332262,2411.917360355764,2356.7611106422014,2390.415771484375,340600
2023-03-07,2390.4156339931374,2406.308111810065,2368.914046358471,2375.4580078125,301800
2023-03-08,2391.3505859375,2425.0052462556196,2382.002069182467,2391.3505859375,423300
2023-03-09,2395.089922884583,2417.5263624432205,2392.285367939753,2405.373291015625,270900
2023-03-10,2405.373291015625,2427.809730574263,2387.61110969837,2405.373291015625,384500
2023-03-13,2403.5036156977244,2405.3733190160424,2367.044400990524,2380.13232421875,308700
2023-03-14,2369.849000675663,2390.415737565156,2333.389785280653,2348.347412109375,379300
2023-03-15,2332.4548850678852,2391.350539480421,2328.715478438518,2367.979248046875,394000
2023-03-16,2330.5853246255215,2374.5233552141294,2328.715621196219,2352.0869140625,347700
2023-03-17,2379.1974655571444,2425.9400483775203,2373.588355618699,2410.982421875,500700
2023-03-20,2390.41594810501,2395.0902069006793,2345.54306366659,2349.282470703125,481300
2023-03-22,2356.7610727884903,2375.458106289391,2314.6927474114646,2336.1943359375,646200
2023-03-23,2316.562430077655,2346.477683411991,2304.409358410581,2330.585205078125,411100
2023-03-24,2324.9760601567286,2324.9760601567286,2266.080406039369,2288.516845703125,381000
2023-03-27,2308.1487967499033,2311.8882034680073,2251.122844298812,2262.341064453125,517900
2023-03-28,2248.318205819106,2251.1227607536,2220.2726564741693,2239.904541015625,438200
2023-03-29,2272.624267282436,2315.62744140625,2255.796938277465,2315.62744140625,435000
2023-03-30,2320.301949027535,2327.780762723031,2262.3411428874438,2272.62451171875,310200
2023-03-31,2290.3865395253792,2291.3213911741655,2251.1227702763726,2264.210693359375,285600
2023-04-03,2283.842620072251,2283.842620072251,2259.5364767558867,2275.428955078125,232000
2023-04-04,2267.015384864964,2286.647270672042,2246.448647352787,2279.16845703125,308200
2023-04-05,2290.3865817343494,2325.9109450428823,2259.5364767558867,2275.428955078125,353800
2023-04-06,2247.383416884579,2269.8198569865885,2239.9046035172432,2256.73193359375,319900
2023-04-07,2261.4059900596726,2273.55906069662,2242.7089583105226,2267.949951171875,276400
2023-04-10,2290.3866649158995,2324.9761778146294,2273.5593343165174,2297.865478515625,529900
2023-04-11,2309.0836738689654,2314.6927840079184,2280.103271484375,2280.103271484375,233900
2023-04-12,2270.7546643026512,2292.256252313751,2262.3409994287426,2288.516845703125,359200
2023-04-13,2271.6896880471604,2316.562570774018,2264.210874259351,2302.539794921875,218600
2023-04-14,2329.6500722828537,2345.542548698909,2319.3667051901125,2331.519775390625,264000
2023-04-17,2324.976090560421,2343.673123858052,2313.7578705818423,2318.43212890625,187700
2023-04-18,2312.8227443129135,2338.063736267824,2311.887892759028,2331.519775390625,227900
2023-04-19,2337.1292455508687,2350.2171693259534,2328.7155802668854,2340.86865234375,263100
2023-04-20,2355.8259086608887,2397.8942284584045,2348.3470962524416,2393.219970703125,475100
2023-04-21,2422.2003687858582,2422.2003687858582,2379.1971974372864,2393.219970703125,287300
2023-04-24,2392.28542123538,2418.4612679702727,2376.392942860624,2397.89453125,188100
2023-04-25,2402.568688984007,2419.3960183231948,2370.7837335655418,2382.001953125,256800
2023-04-26,2365.174775852745,2396.024881624737,2362.370220782564,2390.415771484375,205900
2023-04-27,2400.6990699115477,2423.135509817263,2393.2202566096425,2404.4384765625,390900
2023-04-28,2426.874835179325,2446.50671943925,2420.3308737593497,2437.158203125,244100
2023-05-01,2449.3114197484315,2458.6599366177,2405.373390462868,2421.265869140625,241000
2023-05-02,2418.461223536246,2439.962811530577,2410.9824103208266,2429.679443359375,150400
2023-05-08,2437.1583191780906,2464.2690177803784,2425.940099066799,2446.5068359375,208200
2023-05-09,2471.747922378843,2504.467732243919,2467.07366382669,2493.24951171875,271800
2023-05-10,2487.6402461486455,2527.8388671875,2469.878064759384,2527.8388671875,366800
2023-05-11,2509.141808513734,2538.122209431739,2497.923588803538,2510.07666015625,376100
2023-05-12,2556.819325266108,2663.392415971898,2516.620703333222,2630.672607421875,833400
2023-05-15,2659.6531262276194,2669.0016433672595,2596.0832096780664,2640.021240234375,483000
2023-05-16,2649.369575473643,2668.0666084692225,2635.346800726958,2656.848388671875,262200
2023-05-17,2662.457445175439,2676.480219640899,2637.21645113761,2664.3271484375,209200
2023-05-18,2664.3273305084745,2672.740995762712,2643.7605932203387,2647.5,183600
2023-05-19,2645.630104835856,2697.046944329132,2639.0861434458025,2683.024169921875,290600
2023-05-22,2725.0925781418723,2733.506243048657,2676.480292013784,2705.460693359375,369700
2023-05-23,2707.330647329266,2725.09283044365,2646.565284043216,2662.457763671875,408300
2023-05-24,2636.2816847567847,2652.174162998226,2614.7800965477754,2643.760498046875,269300
2023-05-25,2618.519522276182,2640.021110641892,2594.21337890625,2594.21337890625,190700
2023-05-26,2614.78006862571,2633.477101651278,2568.03748606179,2570.842041015625,230200
2023-05-29,2585.7998213233964,2602.6271520478435,2561.493676943639,2579.255859375,189100
2023-05-30,2554.0144884398064,2566.167558845999,2519.4249803606435,2533.44775390625,185900
2023-05-31,2505.4023328993053,2539.9918427191838,2493.2492618815104,2524.099365234375,296400
2023-06-01,2514.7508811240577,2533.4479136974705,2494.184145293303,2511.011474609375,261200
2023-06-02,2537.187479706417,2592.343729265252,2525.0344077697246,2586.734619140625,378100
2023-06-05,2625.9982086523196,2646.5649443555417,2599.3549374004183,2631.139892578125,452600
2023-06-06,2609.6382104357544,2647.032273992061,2591.876030246509,2627.400390625,226200
2023-06-07,2636.2815765039304,2673.208215607443,2615.2474149892714,2631.139892578125,318200
2023-06-08,2628.802533726093,2628.802533726093,2554.4818362043206,2566.16748046875,311800
2023-06-09,2612.443193336749,2626.9333953395117,2579.255956491713,2622.7265625,325800
2023-06-12,2635.3468664312522,2661.522713277678,2630.2051822292756,2658.250732421875,260100
2023-06-13,2673.6757082991094,2709.667496680059,2665.729469305913,2703.12353515625,331100
2023-06-14,2711.069836086697,2711.069836086697,2680.687156889174,2692.372802734375,289000
2023-06-15,2705.9281238074313,2749.3987259000364,2692.8402005967546,2717.61376953125,315400
2023-06-16,2706.3957665336306,2755.008056640625,2692.840416407642,2755.008056640625,317700
2023-06-19,2782.118752108993,2803.1529160614296,2759.6823105597264,2770.43310546875,313500
2023-06-20,2759.214396390979,2785.857666015625,2741.9196424241036,2785.857666015625,284100
2023-06-21,2779.3140349165665,2814.838398632284,2752.670762129778,2765.291259765625,287500
2023-06-22,2757.8122048895916,2774.1721077999537,2706.395367171311,2706.86279296875,255200
2023-06-23,2729.766906748991,2729.766906748991,2654.5113464773153,2663.85986328125,196300
2023-06-26,2669.936279296875,2693.7749960763113,2636.749046133346,2669.936279296875,165000
2023-06-27,2636.2815153927813,2647.4997346072187,2624.5958703777424,2641.890625,153900
2023-06-28,2664.3271214521965,2701.721186314683,2657.7831601012613,2689.568115234375,174100
2023-06-29,2706.395356197726,2710.602188357619,2672.27327312304,2682.556640625,152900
2023-06-30,2659.1856628525998,2666.197050608407,2622.7264465224007,2640.9560546875,279500
2023-07-03,2659.185472029291,2659.185472029291,2585.7996187846784,2590.473876953125,292700
2023-07-04,2580.1906361545853,2592.343707991545,2541.861717284173,2553.54736328125,259200
2023-07-05,2533.448060334952,2555.8845007216823,2527.8389502382697,2550.275390625,202400
2023-07-06,2535.317672264543,2556.3518343685078,2521.2948975285667,2531.11083984375,263100
2023-07-07,2509.1417713520336,2545.1335590558538,2500.7281066939977,2511.011474609375,279300
2023-07-10,2496.054025423729,2508.6745233050847,2475.487288135593,2482.03125,356200
2023-07-11,2506.337243868113,2506.337243868113,2471.280307409682,2485.7705078125,318100
2023-07-12,2488.574859375,2495.1188203125002,2449.31109375,2453.9853515625,228500
2023-07-13,2472.68233267573,2504.934710928022,2468.0080749580065,2504.46728515625,260600
2023-07-14,2532.9806632218824,2546.5360127759395,2492.782040406403,2525.034423828125,218800
2023-07-18,2542.7962441770187,2579.2554550310274,2542.328818396839,2558.688720703125,269800
2023-07-19,2569.907083488913,2574.5813415527346,2518.0228189804975,2542.79638671875,333100
2023-07-20,2536.252468583483,2539.991875098165,2508.6743455376986,2511.011474609375,190700
2023-07-21,2503.5326060822854,2515.6856769855976,2481.0961674915557,2490.912109375,196100
2023-07-24,2496.9888812159697,2527.838987198795,2495.586603671296,2521.762451171875,180900
2023-07-25,2533.44799907174,2598.887615283925,2522.6972049797378,2561.026123046875,331600
2023-07-26,2553.079863056178,2557.2866954925576,2519.892629391405,2555.4169921875,190000
2023-07-27,2537.654872777136,2572.7118106033076,2513.816155055339,2572.244384765625,262400
2023-07-28,2553.0799248419994,2554.4822023547285,2506.3373410843647,2544.666259765625,961000
2023-07-31,2591.4088941930677,2621.7915742296027,2577.38611879159,2607.768798828125,277500
2023-08-01,2603.5619744321334,2640.021190591147,2597.018012557439,2632.074951171875,268500
2023-08-02,2621.3239351580796,2621.3239351580796,2582.0601672277517,2594.6806640625,193400
2023-08-03,2562.895761475698,2562.895761475698,2516.153179650498,2516.62060546875,198600
2023-08-04,2513.816011280241,2513.816011280241,2478.291649648166,2489.977294921875,168000
2023-08-07,2443.234608989344,2481.563523842439,2436.2232221259733,2461.931640625,329300
2023-08-08,2461.931658818621,2462.8665104073125,2436.2232401296096,2439.962646484375,312200
2023-08-09,2454.452886133001,2458.659718350711,2418.461099381479,2423.602783203125,377000
2023-08-10,2205.3148208590073,2298.332550691763,2179.1389772879807,2285.24462890625,1232200
2023-08-14,2292.2563022370496,2331.0526466672445,2272.6244171036983,2296.463134765625,593500
2023-08-15,2301.604712185604,2316.5623382599215,2260.0038146664087,2311.420654296875,423800
2023-08-16,2299.7350891721603,2300.6699408344257,2248.7856735787122,2251.122802734375,295500
2023-08-17,2246.915920237696,2247.850771879151,2208.5870029380308,2243.176513671875,297400
2023-08-18,2218.870385659533,2221.674940602435,2192.694539525778,2209.054443359375,366300
2023-08-21,2213.728533535935,2217.0005140542526,2187.5526893893953,2191.759521484375,283700
2023-08-22,2196.9011894419123,2200.640595721813,2174.4647517625053,2198.303466796875,203400
2023-08-23,2186.1507283645815,2277.7661961344033,2185.2158766526445,2272.62451171875,556700
2023-08-24,2257.6666525576134,2265.6128912933236,2224.9468459988075,2253.92724609375,349900
2023-08-25,2227.751675373025,2243.644154802879,2198.771271706821,2240.839599609375,301200
2023-08-28,2262.3410134111305,2267.015271703302,2223.0772437568876,2226.816650390625,184600
2023-08-29,2234.7630013372236,2257.199442262592,2225.414484284987,2251.59033203125,167000
2023-08-30,2223.0774000932693,2251.1229518185837,2222.142548369092,2247.383544921875,283800
2023-08-31,2259.536417397342,2273.559192019171,2240.839384568237,2243.176513671875,308200
2023-09-01,2246.448520094939,2274.4940696591702,2238.9697068778105,2260.938720703125,274600
2023-09-04,2260.938782575074,2269.8198735134506,2238.969768148564,2250.18798828125,276200
2023-09-05,2248.3181259827043,2252.0575324292454,2219.3377260220127,2229.62109375,208000
2023-09-06,2229.621284124595,2240.372078576349,2208.587121066816,2237.10009765625,227700
2023-09-07,2217.9354622548303,2218.870313872219,2184.7482298375294,2195.4990234375,315800
2023-09-08,2168.3884349950627,2189.890023270504,2130.5269425970027,2137.538330078125,367900
2023-09-11,2156.702629259329,2205.314912190185,2144.0821327292033,2202.977783203125,450900
2023-09-12,2190.8247573748736,2208.586938040597,2168.388318639223,2198.77099609375,281700
2023-09-13,2203.9126427387414,2220.272545707109,2193.161849359528,2199.705810546875,263100
2023-09-14,2211.391421491504,2232.893007919027,2201.1080540696453,2228.21875,289500
2023-09-15,2240.8391344992338,2243.1762633420576,2211.8587368482217,2231.023193359375,323800
2023-09-19,2222.609875810461,2251.1228521352637,2200.6408612651207,2231.490966796875,251700
2023-09-20,2249.2529397035255,2249.720365501469,2187.552734375,2187.552734375,279700
2023-09-21,2182.878640397369,2187.5528987279845,2138.9406120895846,2149.69140625,250900
2023-09-22,2129.1245067524615,2173.5299574970245,2120.71084240086,2159.974609375,173100
2023-09-25,2195.031808449074,2217.0008235677083,2186.618143084491,2208.587158203125,287400
2023-09-26,2198.303525229004,2214.6634281384268,2179.139067535109,2202.977783203125,203100
2023-09-27,2196.9013846812436,2218.402972701528,2194.564255548604,2217.935546875,188800
2023-09-28,2213.2610919164795,2223.07703340122,2180.073861182357,2198.303466796875,210600
2023-09-29,2203.912730250311,2223.544614591883,2195.4990655324946,2206.71728515625,223600
2023-10-02,2211.391764762905,2217.0008751364317,2158.572642078862,2161.377197265625,250100
2023-10-03,2159.507427825995,2172.127925780822,2130.9944509650886,2132.396728515625,263700
2023-10-04,2112.2974835094005,2122.5808525373286,2095.937578237697,2106.220947265625,313900
2023-10-05,2114.166972901993,2140.8102445038976,2104.3510307328706,2136.135986328125,242200
2023-10-06,2153.898296810588,2174.932459865379,2146.8869091256574,2154.36572265625,197300
2023-10-10,2185.215951138911,2226.816853738133,2174.4651560851794,2215.5986328125,375100
2023-10-11,2230.556210962312,2243.644135083633,2207.184917888524,2207.65234375,246900
2023-10-12,2207.6521097329023,2237.099935884326,2192.2270579393,2231.958251953125,178600
2023-10-13,2217.468207811503,2226.349298863024,2181.4764177605994,2197.368896484375,263300
2023-10-16,2174.4649881831288,2197.836279973575,2154.3656772433446,2158.572509765625,272000
2023-10-17,2179.6065546395002,2188.9550708506927,2136.603380068015,2149.223876953125,175000
2023-10-18,2153.8984864864865,2168.856114864865,2126.7877850506757,2161.8447265625,139900
2023-10-19,2134.733427860397,2157.1698641505873,2129.591744543895,2137.070556640625,114200
2023-10-20,2127.722486247151,2163.7142769855145,2126.320208685916,2153.430908203125,157600
2023-10-23,2150.158864991249,2176.3347120433164,2133.3315347434914,2136.603515625,176700
2023-10-24,2134.2662847967636,2170.258072779539,2114.6344004425227,2163.714111328125,159600
2023-10-25,2150.1587608554432,2163.714109565184,2135.2011346929703,2136.135986328125,173900
2023-10-26,2126.7874489650753,2147.8216105482466,2116.9715068929286,2130.52685546875,162400
2023-10-27,2130.994405542414,2138.0057931456463,2116.504204495734,2136.603515625,167700
2023-10-30,2114.167044934609,2123.0481357711683,2069.7615907518125,2079.110107421875,371800
2023-10-31,2070.696593361533,2116.5043283839777,2064.1526312154697,2115.10205078125,180300
2023-11-01,2136.1361353170555,2148.289207421704,2116.504249609546,2132.396728515625,269200
2023-11-02,2148.289178221692,2148.289178221692,2116.036794997737,2130.0595703125,207200
2023-11-06,2148.288953494337,2151.5609340588408,2122.580534773234,2135.66845703125,355500
2023-11-07,2135.668550569856,2145.4844926932897,2109.9601307227686,2111.829833984375,303500
2023-11-08,2130.5268262984227,2166.9860392100672,2111.8297940360408,2128.189697265625,395100
2023-11-09,2137.5382106163797,2157.1700944663444,2110.8949396771422,2143.61474609375,283400
2023-11-10,2121.1783828429498,2121.6458086655243,2065.554709956588,2098.741943359375,404900
2023-11-13,2125.8529003191534,2136.1362696698616,2096.872495785339,2107.623291015625,564800
2023-11-14,2035.1721878918936,2056.6737773827126,1965.0583091174828,2015.0728759765625,774100
2023-11-15,2042.650818194031,2043.5856698270718,2014.1378433862883,2031.9000244140625,312400
2023-11-16,2030.0304910992197,2032.3676203774828,2004.322069038327,2006.1917724609375,399800
2023-11-17,2014.1380120070314,2020.6819739861678,1994.0387002139698,2006.1917724609375,348200
2023-11-20,2014.6052636875286,2060.8804193963606,2010.3984313503622,2041.24853515625,432700
2023-11-21,2049.662280712208,2118.37387826402,2048.260003211151,2106.688232421875,646000
2023-11-22,2106.2206816176267,2171.1928686448905,2106.2206816176267,2143.61474609375,582800
2023-11-24,2140.8102817836034,2166.5187021980355,2130.9943394435477,2135.201171875,267900
2023-11-27,2143.1474691501817,2155.30054094907,2122.5807322597548,2139.87548828125,305200
2023-11-28,2130.9943103944943,2134.7337169492557,2102.013909595096,2132.864013671875,257600
2023-11-29,2136.6032421832224,2153.8979960578185,2131.9289843792776,2134.26611328125,257100
2023-11-30,2151.093596293664,2165.5837965294536,2127.25487977672,2142.679931640625,302000
2023-12-01,2155.300566093141,2177.73700659899,2135.6686806505227,2157.6376953125,313200
2023-12-04,2152.0282522439443,2174.9321150501896,2135.200924467927,2166.051025390625,231300
2023-12-05,2168.8558561963932,2176.334669493622,2123.048124750866,2125.38525390625,314200
2023-12-06,2146.4194208875465,2146.4194208875465,2106.6882251611873,2137.538330078125,408700
2023-12-07,2133.331392037586,2133.331392037586,2105.28584350072,2109.49267578125,358000
2023-12-08,2100.6116875131524,2109.9602041464996,2062.282769316428,2082.382080078125,430900
2023-12-11,2074.4357429504394,2115.101788384574,2068.3592074257986,2094.067626953125,302100
2023-12-12,2118.84104290654,2134.2660935167137,2095.0023283271817,2113.23193359375,219200
2023-12-13,2117.4387655783426,2136.603222397043,2099.209160311774,2113.23193359375,144100
2023-12-14,2113.69950806178,2131.9291146107425,2092.197920850183,2109.49267578125,235800
2023-12-15,2108.090403460805,2128.657139104325,2094.067629158405,2121.645751953125,333900
2023-12-18,2101.5465030585697,2124.4503684166366,2095.937393174961,2110.89501953125,235700
2023-12-19,2119.308377910891,2137.070556640625,2101.0787734251116,2137.070556640625,280000
2023-12-20,2159.5074317099743,2185.215853516045,2151.093766391624,2172.1279296875,360000
2023-12-21,2155.76804142834,2173.5302239032485,2146.886950190886,2165.583984375,225700
2023-12-22,2174.464931545477,2188.955132078132,2108.0904645894457,2110.89501953125,417700
2023-12-25,2117.438837675996,2137.070720939217,2108.090321836367,2126.787353515625,230200
2023-12-26,2126.7875359404043,2140.810310902649,2116.9715934668334,2137.538330078125,206200
2023-12-27,2139.8754121244183,2191.759678342376,2139.8754121244183,2184.748291015625,309500
2023-12-28,2222.6286439588257,2224.5226606984584,2173.8577129132873,2203.6884765625,229200
2023-12-29,2186.6422818131377,2226.89013671875,2186.6422818131377,2226.89013671875,218900
2024-01-04,2225.469873252035,2254.3536311814764,2180.9604757869947,2253.880126953125,277200
2024-01-05,2252.9330566091703,2253.8800650398593,2205.109130859375,2205.109130859375,257400
2024-01-09,2234.9399098055846,2268.085205078125,2233.519397151047,2268.085205078125,291300
2024-01-10,2277.5551278736634,2343.372209531551,2272.820086027772,2335.796142578125,476200
2024-01-11,2358.0509207308246,2374.1500635631232,2345.2663073051754,2350.474853515625,396400
2024-01-12,2350.0012525189195,2358.9978319664024,2278.0286169390533,2281.816650390625,522000
2024-01-15,2309.753658981954,2314.4887013332905,2289.8664811063404,2291.760498046875,50900
2024-01-16,2290.813384378995,2295.074922299502,2222.1552734375,2222.1552734375,383900
2024-01-17,2234.466179951615,2260.0354051513154,2224.9960965443183,2233.99267578125,314300
2024-01-18,2250.0918881199837,2308.8064070860773,2250.0918881199837,2300.7568359375,602300
2024-01-19,2319.223542514611,2327.7466180077226,2263.823551809382,2268.55859375,499500
2024-01-22,2273.767097380505,2301.2303401227105,2254.826929972088,2300.7568359375,268100
2024-01-23,2320.6440405683506,2331.0611327724932,2298.8628477778702,2311.6474609375,291000
2024-01-24,2315.4356082365475,2376.04414767505,2296.4954396620155,2302.177490234375,395400
2024-01-25,2292.2338346321253,2345.7398092888966,2284.657767424087,2341.478271484375,378100
2024-01-26,2323.0115580585716,2358.0508681475108,2315.4354910123147,2346.686767578125,320200
2024-01-29,2347.160140175101,2357.5772317796705,2330.5874944405577,2337.216552734375,242400
2024-01-30,2337.2166920731706,2350.4748094512197,2324.905583079268,2329.640625,188500
2024-01-31,2329.1671408097604,2360.4184177549614,2328.693636613621,2357.577392578125,412200
2024-02-01,2329.6407909439945,2329.6407909439945,2310.7006219119294,2323.958740234375,345200
2024-02-02,2342.8987103717186,2394.037162417019,2337.6901643300675,2353.789306640625,360100
2024-02-05,2364.2064604294173,2396.404745890903,2356.1568890640456,2393.563720703125,303400
2024-02-06,2386.461047634223,2386.461047634223,2355.6832761865594,2367.994384765625,200300
2024-02-07,2372.255983089936,2385.5141003606977,2343.372227607204,2354.736328125,303500
2024-02-08,2342.898694760101,2357.5773244160355,2326.799552556818,2343.845703125,309500
2024-02-09,2320.1705603426135,2331.5346610463325,2291.760308583316,2304.544921875,339700
2024-02-13,2323.958596228382,2332.481671764672,2295.074840244288,2313.54150390625,338000
2024-02-14,2296.495240900014,2334.3755747705295,2252.4593527755396,2323.011474609375,494300
2024-02-15,2228.3107177844495,2273.293615827272,2095.729544605604,2099.517578125,2123600
2024-02-16,2102.8320706133522,2126.033775513162,2074.4218197156265,2105.673095703125,1014500
2024-02-19,2078.6834065807816,2203.215009298491,2027.5449537537372,2197.532958984375,951400
2024-02-20,2197.533062876298,2200.37408816767,2126.507430591996,2143.080078125,834200
2024-02-21,2134.556729758286,2167.2285164382597,2114.6695552574324,2132.189208984375,469100
2024-02-22,2135.0303807863047,2164.387640402351,2133.1363640368827,2151.60302734375,478700
2024-02-26,2154.443948623253,2166.281552736568,2108.0405404990597,2108.987548828125,589000
2024-02-27,2108.9875356669054,2137.397785361565,2098.5704441121966,2108.04052734375,479800
2024-02-28,2128.8747821180555,2156.81152859158,2128.4012779405384,2130.768798828125,425300
2024-02-29,2103.3055213756184,2115.1431256156884,2055.481600245736,2057.84912109375,1097400
2024-03-01,2073.9484826170974,2104.2527526827353,2042.2236998921328,2055.955322265625,590300
2024-03-04,2061.1636560867805,2078.209806240496,2013.3397348221895,2014.2867431640625,706000
2024-03-05,2018.0747567667902,2034.6474025872587,1998.1875817822277,2012.8662109375,648000
2024-03-06,2021.8630101646554,2067.3194150770223,2011.445917372238,2046.4852294921875,620600
2024-03-07,2050.746878162181,2077.7366200359384,2046.0118357281883,2054.534912109375,644100
2024-03-08,2045.5381707108681,2090.047566092077,2044.1176580923188,2078.2099609375,641400
2024-03-11,2068.2663465649944,2097.1501027784707,2062.110791962122,2076.31591796875,591300
2024-03-12,2076.3157921002016,2093.835446446315,2057.849129411055,2084.8388671875,618000
2024-03-13,2064.478442181992,2083.418611376322,2004.8169092198518,2014.760498046875,659800
2024-03-14,2006.7108546049385,2019.9689725683502,1993.926240854506,2009.5518798828125,567500
2024-03-15,2021.8627425148895,2073.0011912717064,2019.9687258942665,2062.110595703125,931300
2024-03-18,2066.3724626519243,2106.620322259031,2057.3758822691593,2103.779296875,344800
2024-03-19,2103.779241224143,2206.05615234375,2098.097190606387,2206.05615234375,834700
2024-03-21,2201.79445218179,2231.1517115442134,2157.285058954889,2176.69873046875,573500
2024-03-22,2198.953568929727,2238.7279228896964,2192.324509936399,2231.15185546875,518200
2024-03-25,2225.469715796918,2243.9363793960842,2217.420144484461,2233.519287109375,307100
2024-03-26,2233.5192787367846,2257.6679925836315,2210.3175732760888,2250.5654296875,473600
2024-03-27,2273.293735084463,2342.898854654848,2256.721087567705,2311.174072265625,619300
2024-03-28,2289.8663264687825,2309.279998798232,2278.5022255930066,2289.392822265625,347800
2024-03-29,2303.1242966032332,2323.958480207374,2300.756775739126,2314.014892578125,187500
2024-04-01,2327.7467158221275,2334.3757748175526,2273.2937312168497,2293.180908203125,326400
2024-04-02,2272.8200550195143,2273.2935591976434,2182.8542611749917,2183.80126953125,571700
2024-04-03,2164.86124974301,2178.5928718433047,2144.9740729081004,2159.17919921875,402500
2024-04-04,2191.377370829353,2199.426941984085,2156.811565282563,2168.649169921875,284400
2024-04-05,2159.1791074914763,2170.543208057221,2134.5568895990295,2152.550048828125,238500
2024-04-08,2154.4440363680674,2192.797875257257,2145.4474568755413,2185.6953125,316900
2024-04-09,2194.2182447377722,2231.6250728202676,2194.2182447377722,2219.31396484375,303300
2024-04-10,2239.6748524767286,2243.4628860538564,2222.1551971825133,2225.4697265625,163300
2024-04-11,2201.321132601351,2203.215149493243,2175.278400337838,2189.95703125,234800
2024-04-12,2210.317586924794,2228.784250568767,2151.6030666208794,2154.444091796875,402000
2024-04-15,2154.4439734974903,2180.960207017459,2132.189277507516,2145.9208984375,271200
2024-04-16,2142.606532586942,2144.9740536174254,2119.8783306943074,2131.242431640625,233300
2024-04-17,2116.5637817108004,2124.6133531401256,2087.6800254055747,2103.3056640625,225400
2024-04-18,2094.3089718889196,2124.613239173769,2091.9414510072907,2112.775634765625,243600
2024-04-19,2088.153393599239,2094.308947820733,2039.8559681690522,2075.84228515625,365800
2024-04-22,2109.461134282243,2131.2423266900955,2089.573958605508,2123.666259765625,306900
2024-04-23,2140.7125570488565,2158.2322130123175,2131.242472744283,2143.080078125,193400
2024-04-24,2151.12947332087,2169.5961361999175,2136.924348029295,2156.8115234375,346300
2024-04-25,2170.5432188741993,2178.119285955785,2140.7124547404574,2144.50048828125,194800
2024-04-26,2135.5039478595063,2207.4765864569886,2133.6099310543095,2200.3740234375,347700
2024-04-30,2247.724234532828,2248.6712428473566,2171.016561056039,2203.21484375,259400
2024-05-01,2183.801261757409,2206.529462226697,2166.755111405443,2200.847412109375,250900
2024-05-02,2206.5297035995122,2211.264745881914,2181.4339795027795,2182.8544921875,163400
2024-05-07,2206.5296363506736,2241.5689481725512,2206.0561321368646,2231.15185546875,338500
2024-05-08,2221.2082539746716,2254.8270529583,2219.3142371305235,2230.204833984375,314700
2024-05-09,2244.4098200563526,2287.9722047494292,2229.257686250065,2281.816650390625,487900
2024-05-10,2423.8680073608466,2527.091923282836,2375.570578810191,2518.56884765625,1273400
2024-05-13,2488.264630380168,2528.5124883406465,2452.751814532687,2522.35693359375,594000
2024-05-14,2492.526096869059,2517.1483151512,2460.8013156209154,2490.632080078125,453900
2024-05-15,2474.0592382414757,2488.2643630543453,2430.0233513215794,2441.387451171875,442200
2024-05-16,2441.387506519209,2471.2182693025125,2415.3447771052147,2454.172119140625,420400
2024-05-17,2429.5501141254135,2439.020198374587,2408.2424245647735,2434.28515625,399100
2024-05-20,2414.871416405333,2437.5996179715007,2403.5073156222493,2420.553466796875,343400
2024-05-21,2420.553526036525,2434.285148152147,2387.881735485563,2398.298828125,349500
2024-05-22,2385.987651264412,2407.295340152465,2381.7261134868013,2384.567138671875,371300
2024-05-23,2399.2457209849517,2407.7687963703333,2382.6730744022652,2398.772216796875,276700
2024-05-24,2383.146593991117,2413.924366415004,2374.1500143595194,2408.7158203125,282600
2024-05-27,2403.5072165572046,2436.6525091417207,2398.7721747594164,2430.970458984375,253500
2024-05-28,2430.9705701054954,2443.7551835439153,2410.136385242885,2412.50390625,281900
2024-05-29,2412.503975414474,2451.331321044305,2399.2458573945323,2435.232177734375,287000
2024-05-30,2435.2320738616027,2480.6884765625,2433.338057082399,2480.6884765625,478200
2024-05-31,2461.748238343348,2517.6217317314063,2461.748238343348,2501.99609375,376000
2024-06-03,2506.257600026725,2535.141354721913,2501.996062448746,2526.144775390625,302900
2024-06-04,2526.1448223372663,2566.3926779883755,2526.1448223372663,2555.9755859375,370700
2024-06-05,2658.252561510822,2735.907249805759,2655.8850405262206,2675.772216796875,1210200
2024-06-06,2662.9877103475797,2680.0338621207857,2555.028749117272,2577.283447265625,556400
2024-06-07,2599.5378726342733,2625.5806017772393,2554.554976841877,2575.38916015625,415900
2024-06-10,2575.389397364597,2618.4782804607867,2564.972304747935,2601.43212890625,366500
2024-06-11,2623.2132479902625,2646.8884578096695,2604.7465843311256,2613.7431640625,366700
2024-06-12,2617.531197633605,2649.7294829879984,2606.16709692029,2613.7431640625,383400
2024-06-13,2618.4781773723166,2639.3123617854058,2587.7004049438897,2602.8525390625,384400
2024-06-14,2599.537862160018,2668.1959659875592,2597.6438455027064,2662.513916015625,340800
2024-06-17,2651.623552821997,2663.461157968524,2608.5346700886394,2617.53125,301400
2024-06-18,2643.573869708284,2659.1995078419704,2618.9516520430802,2635.997802734375,223300
2024-06-19,2618.9515021542184,2642.626710092695,2607.58740234375,2607.58740234375,287000
2024-06-20,2600.958594251536,2626.527821284047,2572.074837788885,2581.544921875,206300
2024-06-21,2583.9123749448963,2609.4816013049885,2556.4491318173896,2567.813232421875,668700
2024-06-24,2585.3327655756825,2588.647294762318,2536.0883319456693,2550.29345703125,247300
2024-06-25,2544.611671101471,2590.0680760932355,2542.7176542268144,2587.22705078125,201700
2024-06-26,2587.2268666491454,2620.8456637816653,2579.177295504739,2618.004638671875,231500
2024-06-27,2613.743166354486,2655.4115356731813,2602.3790656312062,2622.73974609375,276200
2024-06-28,2611.3756180724026,2622.7397186768885,2562.6046863114857,2567.813232421875,181400
2024-07-01,2590.0679365840274,2611.3756252762178,2575.8628107892337,2594.802978515625,190800
2024-07-02,2604.2731917932556,2662.5142104460865,2604.2731917932556,2657.3056640625,360500
2024-07-03,2663.9343980285626,2708.4437889661176,2658.2523481216404,2686.66259765625,314400
2024-07-04,2680.9808505586902,2707.9705906649856,2664.408203125,2664.408203125,186400
2024-07-05,2662.9875276848047,2701.8148707271507,2633.1567641278803,2679.086669921875,176000
2024-07-08,2681.4541777053682,2686.1892195166083,2656.3584561057946,2678.1396484375,221000
2024-07-09,2841.02518050397,2886.481583392034,2752.0063915148457,2772.840576171875,652800
2024-07-10,2775.68149623087,2790.8336299530447,2741.589195355977,2765.264404296875,284900
2024-07-11,2770.472963410834,2800.303726817924,2747.271258538653,2766.21142578125,314200
2024-07-12,2747.744812378076,2787.0456601167252,2746.7978039988316,2761.0029296875,255900
2024-07-16,2770.9464649879787,2788.466119670917,2752.9533061244206,2757.21484375,225300
2024-07-17,2775.681597478394,2809.3003954007695,2756.741429634802,2807.8798828125,294700
2024-07-18,2800.7774008928477,2840.078250305207,2768.5791146273,2769.526123046875,406400
2024-07-19,2737.8013260002895,2769.5261078823405,2736.8543175859,2759.58251953125,196800
2024-07-22,2758.161823141164,2770.472931707974,2713.652430630388,2746.32421875,234600
2024-07-23,2746.3241500471104,2760.529274961147,2721.2284293656458,2732.592529296875,253500
2024-07-24,2732.5925763304112,2774.7344476340686,2710.811384420656,2718.387451171875,201600
2024-07-25,2682.40121174041,2748.691797732229,2666.302069428111,2724.069580078125,220500
2024-07-26,2724.069543325773,2754.8473149781585,2686.189208984375,2686.189208984375,186000
2024-07-29,2708.444037333118,2751.059415542905,2706.0765163214633,2748.69189453125,182900
2024-07-30,2743.4831279853465,2759.108765407424,2713.652365634108,2741.589111328125,448300
2024-07-31,2726.910669087061,2774.2610887621267,2713.652551578042,2772.840576171875,171900
2024-08-01,2751.532957608935,2751.532957608935,2662.040662136884,2689.50390625,230400
2024-08-02,2610.4286760225286,2647.3620039256225,2600.9585919448123,2625.580810546875,343900
2024-08-05,2518.09539044703,2603.3261483034544,2432.3911283802922,2442.334716796875,562600
2024-08-06,2587.70032186862,2691.397736413767,2587.70032186862,2667.2490234375,461000
2024-08-07,2619.8987662395816,2757.2149856882493,2599.538085424779,2705.60302734375,326800
2024-08-08,2693.7652758526547,2753.4268024403564,2684.295192267305,2730.22509765625,288300
2024-08-09,2746.32421875,2762.4233607219826,2703.7088429418104,2746.32421875,464800
2024-08-13,2623.213060311392,2708.9173137258977,2588.173752285572,2670.5634765625,459500
2024-08-14,2670.0901181650775,2740.1687380424373,2653.043967384098,2734.01318359375,327500
2024-08-15,2744.430323693746,2746.324340480284,2698.500416620196,2719.80810546875,217800
2024-08-16,2730.2250767780174,2751.0592605064658,2720.7549932650863,2746.32421875,268900
2024-08-19,2740.1688470362633,2762.8970489816134,2736.380813378705,2759.58251953125,160400
2024-08-20,2783.7311511416997,2790.3602098448773,2752.95337859123,2788.939697265625,152100
2024-08-21,2766.211389087185,2785.1515560785388,2756.7413055915085,2772.366943359375,114100
2024-08-22,2780.8900474199518,2829.6609779297855,2780.4165432402447,2827.29345703125,222800
2024-08-23,2819.7174661739973,2827.293533253558,2797.93627332026,2823.97900390625,163200
2024-08-26,2820.1909750786194,2843.866184741805,2803.144824121126,2841.97216796875,218100
2024-08-27,2841.972117509289,2895.004586213228,2832.502033812157,2891.216552734375,384700
2024-08-28,2879.852460390496,2891.216560858989,2838.657596192211,2874.17041015625,260400
2024-08-29,2840.551629188896,2877.011451733911,2828.714024466489,2840.078125,255300
2024-08-30,2840.551548036884,2874.1703444880623,2828.2404394772975,2869.435302734375,298900
2024-09-02,2875.1175362264908,2895.0047128604683,2859.965401648222,2882.693603515625,172800
2024-09-03,2883.6405297256097,2917.732831554878,2862.8063452743904,2912.05078125,216800
2024-09-04,2855.2302639242666,2898.7926493771743,2844.8131717507454,2858.0712890625,288400
2024-09-05,2858.071332911441,2910.1567945781508,2858.071332911441,2878.905517578125,271700
2024-09-06,2906.36875245897,2914.891827979378,2876.0644839419656,2895.95166015625,212900
2024-09-09,2854.283205510739,2908.2626821909357,2854.283205510739,2907.315673828125,270800
2024-09-10,2893.1105644009817,2894.0575727690343,2858.071254783032,2873.223388671875,317600
2024-09-11,2877.958363546013,2877.958363546013,2774.260949657139,2780.41650390625,487400
2024-09-12,2827.7670597807532,2860.912353515625,2780.8901443557206,2860.912353515625,345700
2024-09-13,2818.7704969754373,2840.07818593292,2817.8234885773268,2826.820068359375,227800
2024-09-17,2843.8662109375,2863.753387237762,2808.353396115603,2843.8662109375,347400
2024-09-18,2813.5618280929816,2888.37548828125,2805.9857612384735,2888.37548828125,606800
2024-09-19,2905.421657102504,2924.3618243587134,2862.8062807760334,2907.315673828125,547900
2024-09-20,2907.3156554175202,2918.679755699283,2880.799421426742,2888.37548828125,537000
2024-09-24,2895.951729707019,2956.5602681966357,2895.004721293118,2918.679931640625,290500
2024-09-25,2930.9908486030663,2942.3549488238214,2892.163506182153,2922.4677734375,175300
2024-09-26,2954.6661432842593,3009.5926292812105,2944.249051112424,2999.175537109375,310300
2024-09-27,3006.7515727902246,3018.1156732228173,2970.76525475368,2979.288330078125,155800
2024-09-30,2912.99786810796,2946.143162445989,2902.580775601722,2917.73291015625,173800
2024-10-01,2910.156644181286,2951.825011361233,2895.9515190063044,2938.56689453125,215300
2024-10-02,2916.785880003228,2944.249123678583,2916.785880003228,2933.83203125,255700
2024-10-03,2967.9242818390376,2998.2285501922124,2958.4541979786704,2983.076416015625,331500
2024-10-04,2967.92437823821,2979.2884792397604,2880.7996038929914,2901.6337890625,521800
2024-10-07,2930.990957373063,2930.990957373063,2878.905496095028,2895.004638671875,509500
2024-10-08,2855.2303214758267,2995.3875644537443,2822.085027528346,2985.91748046875,840500
2024-10-09,3052.2079963428064,3057.8900465997276,2962.2422006082215,2963.189208984375,482700
2024-10-10,2968.87114070012,3002.0164325420674,2936.6728571965145,2954.666015625,374800
2024-10-11,2942.355141988132,2964.136335507838,2917.732923226725,2918.679931640625,274900
2024-10-15,2935.7258392985427,2939.513872639573,2865.6472224894806,2883.640380859375,346800
2024-10-16,2874.1704133321955,2921.5208320032366,2831.5550365282584,2839.131103515625,225900
2024-10-17,3151.6439370324188,3196.1533315758456,3012.4337030348934,3038.0029296875,2793700
2024-10-18,3008.6457081650383,3153.5379943939492,3006.7516913515883,3146.908935546875,1092900
2024-10-21,3134.5976127798267,3224.5634052916344,3112.8164209085467,3201.835205078125,917400
2024-10-22,3191.4180697280913,3191.4180697280913,3091.035186822697,3145.961669921875,791900
2024-10-23,3101.452384645223,3168.6899783276076,3099.5583679217752,3118.49853515625,424400
2024-10-24,3107.134493835809,3108.081502215521,3048.419974293651,3052.2080078125,275000
2024-10-25,3057.89004495764,3086.3002962269893,3034.2148355665154,3051.260986328125,251000
2024-10-28,3077.777266068892,3128.9157191051136,3061.678123446378,3125.127685546875,285000
2024-10-29,3153.5377263771416,3249.1855673273194,3145.9616597672266,3233.08642578125,421400
2024-10-30,3267.1790382673116,3267.1790382673116,3230.2457100086376,3237.82177734375,531400
2024-10-31,3234.03369140625,3243.5037754220807,3195.2063469413433,3234.03369140625,238700
2024-11-01,3186.6832054834244,3216.040465325917,3163.007995933028,3176.26611328125,150100
2024-11-05,3177.213235152395,3199.941437132621,3142.1739237662136,3166.796142578125,309300
2024-11-06,3198.0472943861837,3247.2917300711356,3169.637043029481,3228.3515625,239700
2024-11-07,3200.8884538665175,3225.510672742414,3172.4782013174063,3202.782470703125,193000
2024-11-08,3218.881472216299,3228.351555982749,3149.749860721215,3157.325927734375,220100
2024-11-11,3140.279993833471,3175.3193061892725,3121.339824992497,3155.43212890625,177900
2024-11-12,3214.146510543194,3222.669586145695,3183.8422417343013,3216.04052734375,382500
2024-11-13,3083.4592317958254,3109.028457612314,2899.7396092625363,2960.34814453125,1034000
2024-11-14,2959.4011787917916,2966.9772458094985,2887.428542123575,2928.14990234375,525900
2024-11-15,2945.1959950436826,2978.341287592406,2906.36865234375,2906.36865234375,299200
2024-11-18,2906.368644514167,2956.560087381307,2898.7925776662973,2923.414794921875,352300
2024-11-19,2919.6268567305824,2923.4148902780757,2850.4952444888268,2895.004638671875,258300
2024-11-20,2897.845543266309,2944.248952292469,2895.9515265713635,2921.520751953125,224100
2024-11-21,2916.785813508396,2921.5208554134424,2841.9721514086677,2876.064453125,254200
2024-11-22,2870.3823110851126,2882.693419644699,2824.9259102497163,2869.435302734375,224900
2024-11-25,2897.845641997413,2902.5806838961016,2803.6183082135103,2814.035400390625,273100
2024-11-26,2780.8902273100202,2849.5483378089057,2779.469714679009,2840.5517578125,232900
2024-11-27,2848.6011398112255,2856.1772066724257,2794.14815924635,2809.30029296875,198000
2024-11-28,2822.085129089455,2887.4287109375,2814.9825658451027,2887.4287109375,197900
2024-11-29,2897.8456894667834,2905.421756628788,2843.8662109375,2843.8662109375,179800
2024-12-02,2843.8662063557726,2848.601248324397,2799.3568118507037,2825.873046875,200900
2024-12-03,2843.866077264465,2884.587436346174,2833.922489581722,2869.435302734375,205700
2024-12-04,2878.905637303937,2971.712463769656,2878.905637303937,2958.454345703125,442200
2024-12-05,2981.182538863582,2987.811597876303,2939.51416792648,2975.50048828125,321900
2024-12-06,2978.341399594487,2983.076441565225,2919.6268791573298,2931.93798828125,126000
2024-12-09,2949.931279051634,2961.295380287146,2927.2030765806103,2941.408203125,139100
2024-12-10,2935.7259860213517,2938.5670111691143,2870.3824076228116,2894.0576171875,169800
2024-12-11,2902.580540103146,2930.990790087843,2886.4813984451516,2900.6865234375,195700
2024-12-12,2902.5806663328317,2908.2627165768763,2858.0712727544815,2892.16357421875,275600
2024-12-13,2894.057592694936,2988.7584301522306,2883.6405005746333,2945.196044921875,246800
2024-12-16,2953.7190728906253,2959.401123046875,2912.0507050781252,2959.401123046875,249900
2024-12-17,2973.6063633018284,3086.3003624205917,2967.924312926092,3055.99609375,276700
2024-12-18,3079.671219281894,3091.035319722049,3028.5327673011984,3032.32080078125,206200
2024-12-19,3012.433819525057,3048.420139909198,2986.8645918836937,3046.526123046875,215600
2024-12-20,3063.57207394559,3086.3002748033005,3042.7378898260217,3067.360107421875,647000
2024-12-23,3077.7772484756097,3106.1875,3050.314005335366,3106.1875,259000
2024-12-24,3136.491756465517,3158.27294921875,3075.8832201086957,3158.27294921875,271000
2024-12-25,3148.8029568208403,3148.8029568208403,3091.982452336855,3111.86962890625,181900
2024-12-26,3115.6575073608765,3162.0609170449748,3111.8694739172765,3153.537841796875,246000
2024-12-27,3182.4694262849416,3217.1872745716864,3169.932425514728,3208.5078125,213300
2024-12-30,3221.044853041111,3250.9407783238275,3194.0420818180114,3215.258544921875,165900
2025-01-06,3179.5762713566005,3183.4338100540303,3092.7816506644276,3095.6748046875,222400
2025-01-07,3113.998232530684,3137.1434655999738,3100.4968465735988,3115.927001953125,165700
2025-01-08,3092.781648366979,3094.710417714261,3054.2062614213355,3071.565185546875,205700
2025-01-09,3078.3159471952367,3097.6036410999686,3038.7761746905358,3077.3515625,146600
2025-01-10,3077.3516121505572,3143.894157195493,3076.3872274397613,3091.8173828125,135500
2025-01-14,3082.173304312639,3093.7459199733876,3023.3458413705016,3034.91845703125,203700
2025-01-15,3071.565183229084,3076.387106593651,3027.203488275069,3047.45556640625,153900
2025-01-16,3086.031022978522,3089.888561757245,3039.7405576338438,3053.241943359375,135600
2025-01-17,3053.2419916305253,3053.2419916305253,3010.8090643937144,3043.59814453125,128800
2025-01-20,3037.811738368028,3075.4227408430606,3025.2747375430167,3038.776123046875,138100
2025-01-21,3042.633691018725,3046.4912297712053,2983.8062250434027,3037.811767578125,214600
2025-01-22,3038.776229834093,3057.099539376095,3007.9159190265113,3027.20361328125,253800
2025-01-23,3060.9569144804123,3090.8528389759676,3035.8829132905917,3064.814453125,203200
2025-01-24,3057.099423649335,3080.244655878857,3047.4555768870346,3055.170654296875,195900
2025-01-27,3058.0637577944435,3154.502223823912,3050.348680512086,3129.42822265625,365800
2025-01-28,3127.4995549982245,3208.507869096236,3126.5351703065817,3182.469482421875,324900
2025-01-29,3171.8612112815063,3188.2557508351047,3165.110518524142,3175.71875,152400
2025-01-30,3201.7572040126756,3203.6859734126833,3110.140657512313,3157.3955078125,227100
2025-01-31,3151.6092185705397,3163.181835040199,3131.357139748636,3148.716064453125,160500
2025-02-03,3124.6064075448894,3154.502333049177,3107.2474830585293,3141.96533203125,218400
2025-02-04,3182.469381629874,3204.650228835173,3140.0364565414757,3153.537841796875,156400
2025-02-05,3160.288636336936,3207.5434862546995,3146.7872506461467,3206.5791015625,224400
2025-02-06,3238.4038018439796,3300.1244222483915,3227.795570211971,3278.907958984375,446000
2025-02-07,3247.083281183271,3293.3737467302853,3232.6175106998294,3246.118896484375,352400
2025-02-10,3220.080501095205,3270.2285053051332,3203.6859612573435,3262.513427734375,244900
2025-02-12,3278.9078853917467,3278.9078853917467,3186.3269568630385,3224.90234375,343900
2025-02-13,3243.22572707573,3313.6258097627738,3223.9380331888688,3303.017578125,248900
2025-02-14,3328.0914625255173,3355.09423301254,3290.480460775736,3306.875,291400
2025-02-17,3239.3682005386554,3249.0120475185267,2881.0992852364493,2924.014404296875,1132500
2025-02-18,2900.8690144541347,2995.3787097388768,2900.8690144541347,2985.73486328125,637000
2025-02-19,2975.126615201587,3031.0609243366575,2896.0470747002805,2929.800537109375,534900
2025-02-20,2916.299252108458,2978.984255874017,2912.441713415193,2958.732177734375,300400
2025-02-21,2975.1266074922005,3007.915685176069,2946.195068359375,2946.195068359375,357500
2025-02-25,2946.195139956026,2989.5924497098795,2942.3376013112393,2976.091064453125,368200
2025-02-26,2969.340427963591,2979.948659437316,2919.1924246332546,2950.052734375,334700
2025-02-27,2950.052681167882,3004.0582222418934,2949.088296505846,3000.20068359375,350100
2025-02-28,2960.6609178669255,2988.628073117134,2941.373224590919,2959.696533203125,248100
2025-03-03,2978.9842913923258,3052.2775274382357,2963.554136435292,3030.0966796875,307900
2025-03-04,3029.132236626312,3053.241853282045,2972.233541318782,3032.025390625,279300
2025-03-05,3027.2034729515485,3051.313089652341,2991.521240234375,2991.521240234375,230700
2025-03-06,2991.521290284378,3017.5596767568727,2981.8774434427132,3005.987060546875,217100
2025-03-07,2955.8389488919324,2981.8773344123506,2899.9046392554783,2904.7265625,339300
2025-03-10,2904.7265837857085,2952.9458165842757,2904.7265837857085,2920.15673828125,300600
2025-03-11,2893.153906899958,2904.7265225275582,2837.7017903510423,2897.975830078125,388900
2025-03-12,2844.9347335936186,2893.1539663663916,2841.5593872995246,2863.740234375,386100
2025-03-13,2883.51025390625,2925.943180719586,2876.7595610041285,2883.51025390625,429200
2025-03-14,2871.9375525816454,2918.228016827421,2864.2224752073494,2910.512939453125,258200
2025-03-17,2902.7978491088256,2935.5869278030777,2878.688232421875,2878.688232421875,357600
2025-03-18,2873.8663236618363,2922.0855572803234,2855.543014886811,2878.2060546875,389300
2025-03-19,2878.688293136284,2891.707486421825,2842.0416749992055,2844.45263671875,297900
2025-03-21,2844.4526922871546,2879.652734080164,2832.880075807261,2874.830810546875,292200
2025-03-24,2881.5813033032077,2887.849803460996,2822.271647964136,2841.0771484375,238400
2025-03-25,2806.359372047678,2870.97314453125,2797.679910072273,2870.97314453125,231800
2025-03-26,2883.5101225619364,2902.797815689441,2860.8470831371187,2887.849853515625,166400
2025-03-27,2871.9374977550287,2936.55126953125,2862.293651221264,2936.55126953125,281100
2025-03-28,2941.3732513016553,2953.9102520449082,2922.085557850497,2934.62255859375,343400
2025-03-31,2883.5100842910033,2900.869007875364,2798.6442356563516,2816.4853515625,269900
2025-04-01,2835.773022683686,2849.756599908278,2798.162021872714,2801.05517578125,188600
2025-04-02,2844.934822860286,2844.934822860286,2787.5539340602227,2828.540283203125,189000
2025-04-03,2709.9208245043083,2776.945556640625,2709.9208245043083,2776.945556640625,276000
2025-04-04,2765.3731772897945,2776.9457938992027,2688.704592252466,2736.923828125,261300
2025-04-07,2561.4056421963946,2653.9865690227703,2501.1316012938064,2541.153564453125,366500
2025-04-08,2589.372832779028,2694.9729538923625,2588.4084481113264,2644.824951171875,303900
2025-04-09,2621.679860713762,2624.0908225132043,2512.704387378961,2567.67431640625,215600
2025-04-10,2742.710050552272,2783.2142074169683,2713.7785099346324,2763.926513671875,328300
2025-04-11,2706.063393046443,2737.888087262598,2658.8085440588175,2700.75927734375,278400
2025-04-14,2737.888077322787,2790.447041822291,2737.4058849879293,2749.460693359375,256700
2025-04-15,2763.444194683785,2777.909964329661,2719.564693424629,2727.761962890625,220200
2025-04-16,2711.8498082946703,2742.7101190576254,2687.7401905111115,2689.186767578125,175400
2025-04-17,2781.285398084995,2803.46624557319,2736.9237031086045,2757.17578125,260100
2025-04-18,2796.7156108145596,2880.1348867923043,2778.3923016402573,2868.080078125,375100
2025-04-21,2843.0059439881206,2856.025136743833,2801.0552117752704,2816.003173828125,233800
2025-04-22,2806.35946869789,2848.79239537236,2806.35946869789,2819.378662109375,153100
2025-04-23,2867.597864982806,2889.2965204265975,2848.792363598187,2852.64990234375,170700
2025-04-24,2852.6499358784126,2897.011631973885,2843.48828125,2843.48828125,180200
2025-04-25,2873.384113636742,3110.1405492460117,2822.2717263157997,2943.302001953125,911000
2025-04-28,2950.0527721080134,2986.6993903950697,2912.441769129193,2932.69384765625,1117800
2025-04-30,2912.441796551099,2938.4801834739064,2887.8499866795582,2907.619873046875,259100
2025-05-01,2897.97604793616,2906.655510309346,2854.578736070227,2866.633544921875,221100
2025-05-02,2866.633549328597,2883.510281746848,2847.34585513631,2858.436279296875,136700
2025-05-07,2854.5787302308863,2865.1869619986364,2840.5951519915798,2850.72119140625,181800
2025-05-08,2850.721126750276,2850.721126750276,2810.2169700102518,2836.737548828125,137200
2025-05-09,2845.416983960352,2872.4197548638904,2836.7375218842144,2861.8115234375,216000
2025-05-12,2717.1537833977422,2751.871631206906,2682.4359355885786,2709.9208984375,365200
2025-05-13,2733.548326684644,2733.548326684644,2685.8112858764275,2701.7236328125,212800
2025-05-14,2714.7428217443285,2730.655168656862,2682.4359355885786,2709.9208984375,186500
2025-05-15,2683.8825496465906,2712.8140898871216,2671.345548875694,2692.56201171875,144600
2025-05-16,2700.276989895409,2731.137298351356,2685.8112203066835,2720.046875,173600
2025-05-19,2700.2771537613576,2724.868963554541,2686.7757679925508,2706.545654296875,165900
2025-05-20,2709.9209589776874,2721.49357517261,2675.20311039292,2675.685302734375,151200
2025-05-21,2667.488085299687,2695.455241653154,2657.84423828125,2657.84423828125,209000
2025-05-22,2642.414068522696,2674.2387635085533,2632.770221557285,2658.326416015625,180300
2025-05-23,2666.523675555985,2673.7565607518873,2642.4140582363107,2650.611328125,115100
2025-05-26,2669.416851978401,2708.474432363201,2649.164773260357,2690.151123046875,201700
2025-05-27,2687.7401133293893,2715.707269155206,2666.0414579472895,2699.794921875,217100
2025-05-28,2699.7948197505325,2723.422243606181,2685.811242366577,2703.170166015625,155400
2025-05-29,2699.794934548486,2709.920973774333,2659.2907776450975,2675.203125,202600
2025-05-30,2662.666055403693,2686.7756719864865,2640.4852081475233,2669.416748046875,155900
2025-06-02,2661.701602442963,2664.112564039379,2619.2686783460463,2631.323486328125,215700
2025-06-03,2651.5757404926394,2655.433279304049,2613.9647370813964,2625.537353515625,209100
2025-06-04,2648.682431402222,2676.649586148504,2626.019392211269,2646.753662109375,160800
2025-06-05,2641.9318555453638,2656.879818225033,2619.7510076981134,2642.896240234375,131200
2025-06-06,2640.003029452606,2643.378375791632,2609.1427200672238,2612.51806640625,87300
2025-06-09,2628.9126351608656,2629.8770198399416,2599.0167101095135,2611.5537109375,102200
2025-06-10,2603.838683207859,2630.8414547374223,2603.838683207859,2626.01953125,143300
2025-06-11,2632.770263671875,2644.3428802154876,2625.537378332117,2632.770263671875,97600
2025-06-12,2651.0934785828504,2653.986632615498,2611.071514464557,2619.7509765625,106200
2025-06-13,2633.252237669815,2646.2714302017844,2597.0878139699,2607.696044921875,166900
2025-06-16,2613.0002003736226,2618.7865082541325,2585.0330456178244,2614.44677734375,158000
2025-06-17,2623.126233626413,2715.70715951911,2604.802925376817,2687.2578125,298500
2025-06-18,2705.581313450451,2729.20873892881,2702.205966953543,2705.09912109375,238700
2025-06-19,2683.8826079119067,2703.170301824317,2663.148336956065,2690.63330078125,138500
2025-06-20,2678.096247602983,2690.151056063565,2645.789360928622,2652.057861328125,329600
2025-06-23,2651.5756479192146,2652.0578402538063,2615.8934151594362,2636.627685546875,124100
2025-06-24,2651.5757770351943,2715.707360658704,2643.8606993060503,2664.594970703125,163100
2025-06-25,2651.5756626048906,2655.9153936402504,2607.2139675767676,2636.1455078125,192000
2025-06-26,2648.2004043587485,2660.2552131914085,2618.3044784537515,2633.25244140625,141200
2025-06-27,2635.1810793693585,2640.0030026618915,2617.3399631869856,2637.592041015625,145500
2025-06-30,2652.057769957734,2673.2742321173955,2640.4851542342817,2663.148193359375,131800
2025-07-01,2682.436056994313,2703.170328152097,2621.679820578479,2641.44970703125,174300
2025-07-02,2613.4824163680687,2625.537224561648,2565.26318359375,2565.26318359375,218300
2025-07-03,2552.24412163986,2570.085238681363,2526.6879269587885,2560.923583984375,192600
2025-07-04,2582.6220927031454,2582.6220927031454,2557.548091803115,2565.745361328125,109700
2025-07-07,2579.728949469798,2600.945411857961,2565.263179659687,2573.46044921875,157100
2025-07-08,2603.35633119753,2685.811217775559,2586.4796000265887,2663.63037109375,484000
2025-07-09,2653.504367172909,2721.4934850670356,2643.3783283376133,2710.88525390625,234900
2025-07-10,2703.65234375,2718.118113379481,2688.7043817995363,2703.65234375,194300
2025-07-11,2713.2962618276206,2750.4250715238577,2703.652415153273,2733.54833984375,208200
2025-07-14,2727.279945956045,2739.8169471220385,2704.134713034212,2721.975830078125,142800
2025-07-15,2749.9428659521127,2761.0332895742235,2699.312671155519,2701.7236328125,114100
2025-07-16,2729.6907653267313,2740.298996529202,2704.134571975324,2718.600341796875,114700
2025-07-17,2733.5483186216625,2744.638742211061,2708.956509792997,2718.1181640625,80500
2025-07-18,2718.1182161603656,2727.2798706054687,2693.5264068603515,2700.277099609375,116100
2025-07-22,2700.277156396502,2711.3675804317018,2663.1483454960503,2674.23876953125,114200
2025-07-23,2713.2962587373986,2822.7539183665776,2704.1346044072034,2798.162109375,417100
2025-07-24,2802.5018884486317,2815.521081667509,2780.321040742397,2788.518310546875,221100
2025-07-25,2767.301911387539,2822.2718395802863,2764.408757272131,2802.501953125,207800
2025-07-28,2813.1101199603095,2828.058082544946,2786.1073488396755,2788.518310546875,185500
2025-07-29,2777.90995519548,2810.6990329516498,2768.7483011165505,2808.770263671875,178000
2025-07-30,2778.392368921813,2816.0033728745902,2777.427984205075,2793.34033203125,611400
2025-07-31,2793.340167495316,2810.2168990441396,2787.5538595357193,2806.841552734375,149900
2025-08-01,2777.4278887364994,2829.986853992103,2775.4991193693213,2812.6279296875,117700
2025-08-04,2825.6469904224487,2886.4032226397235,2808.2880669317988,2849.2744140625,375000
2025-08-05,2883.0279862902803,2884.956755640533,2845.899176297915,2861.8115234375,167000
2025-08-06,2849.756756743295,2869.04445052836,2830.4690629582306,2836.25537109375,168000
2025-08-07,2836.255400324192,2842.5239008689414,2809.2526287468113,2835.291015625,202400
2025-08-08,2859.400561749684,2873.86633187658,2840.59506058472,2861.8115234375,235300
2025-08-12,2861.811453333681,2940.4088024311354,2825.164836576586,2888.33203125,523600
2025-08-13,2892.6718688207784,2910.5129855312916,2855.54305836917,2876.759521484375,362900
2025-08-14,2835.773081782273,2876.7594296740417,2792.85796457795,2799.12646484375,251400
2025-08-15,2799.1264834485564,2820.8251383590105,2766.337404917204,2790.447021484375,229300
2025-08-18,2751.3893675609816,2795.751060833959,2732.5838671517845,2768.748291015625,265000
2025-08-19,2766.3374063558513,2767.7839833506337,2724.386673507157,2758.14013671875,257400
2025-08-20,2767.7840419846702,2767.7840419846702,2736.9237321088826,2756.21142578125,138900
2025-08-21,2767.784087674063,2782.249858167133,2748.014201333534,2778.87451171875,155400
2025-08-22,2796.7154925424297,2806.359339068438,2762.9620297014003,2791.411376953125,122300
2025-08-25,2778.3923600869334,2809.73486328125,2777.910167730098,2809.73486328125,110500
2025-08-26,2782.2497191613693,2784.1784884640806,2678.578369140625,2678.578369140625,321900
2025-08-27,2655.915398147005,2688.704477136474,2642.414012680753,2684.36474609375,168800
2025-08-28,2663.6305625955315,2690.1511420565657,2656.397677287977,2681.4716796875,165800
2025-08-29,2685.81129794162,2693.526375278616,2661.701681263509,2677.1318359375,115000
2025-09-01,2688.704411918224,2719.564720806812,2647.718064175568,2670.381103515625,168400
2025-09-02,2698.348257345562,2711.8496424788136,2692.079757105124,2702.68798828125,124200
2025-09-03,2696.419658673128,2724.386815361798,2690.633350392714,2705.09912109375,125700
2025-09-04,2724.3866497254958,2727.761996017191,2697.8660717193184,2718.600341796875,87800
2025-09-05,2734.03044140625,2753.3181341145832,2707.99205625,2712.331787109375,104500
2025-09-08,2739.816756279825,2750.424987296748,2721.493448159685,2728.244140625,95600
2025-09-09,2742.2279177393593,2742.2279177393593,2694.4908746839355,2705.581298828125,174800
2025-09-10,2709.438779140347,2731.137434605966,2702.2058939851404,2707.510009765625,87900
2025-09-11,2701.2413600528125,2721.011245051414,2700.2769754187343,2720.529052734375,83100
2025-09-12,2715.7072960805085,2731.137451171875,2698.3483716027213,2731.137451171875,126600
2025-09-16,2700.759398032455,2783.6964836353086,2692.0799355856448,2769.230712890625,150600
2025-09-17,2769.2305709434518,2775.4990712781664,2748.97849293899,2765.855224609375,114300
2025-09-18,2753.318144404646,2764.4085677533863,2742.7099133754164,2752.353759765625,97900
2025-09-19,2739.8168149070348,2797.679894419327,2719.5647370777324,2726.3154296875,449600
2025-09-22,2726.3153638055605,2757.6578644506544,2714.7427481827563,2744.638671875,171000
2025-09-24,2736.923599714063,2736.923599714063,2618.304289367048,2671.82763671875,266300
2025-09-25,2652.057960565142,2694.008695577718,2650.1291911392764,2680.989501953125,225500
2025-09-26,2693.044316608791,2717.153934483534,2679.542930598935,2696.90185546875,151300
2025-09-29,2680.98934384771,2682.4359208318006,2610.107071627276,2621.6796875,162400
2025-09-30,2613.4825388026607,2637.109963968958,2607.214038248337,2609.625,165000
2025-10-01,2603.8385872601975,2619.2687418513688,2560.4412774725274,2588.890625,186300
2025-10-02,2563.8166211984017,2581.1755450959267,2552.7261975972046,2564.781005859375,179500
2025-10-03,2564.7809727919953,2588.8905890054943,2562.8522034949156,2573.942626953125,92800
2025-10-06,2622.161832893669,2633.252256239854,2569.6028700791394,2599.0166015625,165400
2025-10-07,2589.3727871108117,2624.5728268611074,2574.4248250250694,2622.161865234375,174200
2025-10-08,2622.161847611309,2636.627617274483,2592.7481159628555,2598.534423828125,99700
2025-10-09,2582.139863410681,2615.4111333593896,2562.8521706867914,2583.104248046875,157600
2025-10-10,2561.40560579309,2570.0850675597085,2526.20556640625,2526.20556640625,144000
2025-10-14,2482.326048160563,2511.2575871834133,2452.430124503617,2470.271240234375,171400
2025-10-15,2502.578256471211,2513.186488001532,2486.665909175729,2498.238525390625,106300
2025-10-16,2495.827591117908,2521.3837855400966,2467.3782426101884,2473.16455078125,95100
2025-10-17,2473.1645025062257,2477.022041211636,2420.6055376450095,2426.391845703125,142800
2025-10-20,2474.6111585422905,2502.578315049588,2460.1453879350674,2496.309814453125,122700
2025-10-21,2487.1480724431135,2524.75907470185,2469.306955987046,2499.202880859375,173800
2025-10-22,2513.186552678143,2534.403016284789,2512.22216796875,2512.22216796875,83000
2025-10-23,2517.0440494074196,2541.6358590855384,2512.222125941122,2537.7783203125,140100
2025-10-24,2522.8302532327584,2533.9206767465876,2512.222022045618,2517.0439453125,134800
2025-10-27,2541.1535169172375,2559.9590173270617,2537.295978371633,2550.79736328125,156100
2025-10-28,2518.008413447178,2535.849530126141,2509.811143621708,2522.34814453125,139600
2025-10-29,2527.6521725671905,2544.0467116490836,2519.9370953521816,2525.2412109375,127100
2025-10-30,2511.257789031208,2541.1537150911035,2509.3290196079893,2528.134521484375,229500
2025-10-31,2544.0467746477184,2562.370083487107,2498.7206948871262,2515.115234375,227600
2025-11-04,2521.865889817272,2560.4412762771917,2515.1151971867857,2532.47412109375,235000
2025-11-05,2522.830370419225,2542.1180643826747,2482.3262130959806,2513.1865234375,235700
2025-11-06,2505.471348068827,2513.186425353104,2419.64111328125,2419.64111328125,293200
2025-11-07,2413.8549447640144,2479.43310546875,2412.8905600477683,2479.43310546875,292600
2025-11-10,2399.389011376874,2437.000012760997,2328.988931863003,2380.101318359375,448700
2025-11-11,2345.3834315318977,2385.887586188287,2301.98612297148,2373.3505859375,307000
2025-11-12,2404.210969217912,2448.572663796341,2387.816429917188,2427.356201171875,211100
2025-11-13,2422.534423828125,2437.0001946710477,2416.748115490956,2422.534423828125,169800
2025-11-14,2406.1396821910366,2412.890374686162,2344.4190650927494,2364.671142578125,284700
2025-11-17,2355.027282184981,2370.4574363680113,2330.917666273996,2332.846435546875,198500
2025-11-18,2319.345124789361,2330.917740796626,2280.7697380984773,2298.128662109375,218400
2025-11-19,2304.8794427438947,2338.6329073865877,2289.4492874786633,2295.235595703125,274900
2025-11-20,2296.199892774831,2319.345124789361,2289.449200103926,2298.128662109375,175100
2025-11-21,2298.128659020249,2363.706816306601,2298.128659020249,2362.742431640625,224900
2025-11-25,2352.134246105881,2355.991784844882,2325.131474932874,2328.989013671875,201500
2025-11-26,2339.5972966522404,2377.208300184572,2317.416448415224,2367.564453125,184600
2025-11-27,2368.528691882622,2400.353385218178,2361.777999356898,2372.38623046875,121400
2025-11-28,2374.31505011048,2399.3890514520203,2374.31505011048,2386.85205078125,123000
2025-12-01,2382.030062995725,2397.4602172499485,2340.5615234375,2340.5615234375,144000
2025-12-02,2351.169750017403,2384.923212384347,2337.668365070626,2381.065673828125,148900
2025-12-03,2364.6713383269444,2389.7453410987637,2352.134336941035,2374.315185546875,175700
2025-12-04,2379.136967934452,2442.7863558078507,2370.457505951716,2427.356201171875,271700
2025-12-05,2423.4986356613053,2432.178097547876,2352.134171260614,2363.706787109375,255400
2025-12-08,2362.7425587847647,2384.923407295805,2355.027481041794,2366.60009765625,129600
2025-12-09,2377.2082227473325,2387.8164541673004,2355.0273752328544,2378.172607421875,137700
2025-12-10,2375.2794910505704,2382.0301838793785,2353.098643184487,2360.813720703125,108200
2025-12-11,2352.134237690976,2374.3150853608786,2323.2026972519725,2345.383544921875,123100
2025-12-12,2370.4576455587044,2375.2795691664314,2349.2411816847043,2350.20556640625,124100
2025-12-15,2359.8494147169795,2417.712498036562,2356.956260551,2374.315185546875,201700
2025-12-16,2351.1698823063425,2362.7424986261444,2338.6328812932243,2344.419189453125,109200
2025-12-17,2331.8822262792037,2349.2411510405873,2320.3096097716148,2327.060302734375,135000
2025-12-18,2332.846435546875,2348.276589729905,2305.843665726572,2332.846435546875,166500
2025-12-19,2326.0957248442646,2349.2409559372427,2322.2381863287683,2341.52587890625,179700
2025-12-22,2341.5259372745772,2353.0985531095425,2330.9177060925263,2339.59716796875,160200
2025-12-23,2331.8820616694993,2351.1697544872786,2326.0957538241655,2340.5615234375,158800
2025-12-24,2340.5616422167013,2367.564413531933,2331.8821800082337,2360.813720703125,176900
2025-12-25,2372.386201302824,2380.1012783802316,2358.884816417361,2373.3505859375,104700
2025-12-26,2382.994459833795,2445.679461812426,2374.3149980213693,2437.0,303300
2025-12-29,2517.0,2567.0,2504.0,2540.0,408400
2025-12-30,2560.0,2568.0,2508.0,2517.0,234100
2026-01-05,2515.0,2550.0,2502.0,2520.0,233800
2026-01-06,2545.0,2554.0,2522.0,2540.0,174600
2026-01-07,2547.0,2554.0,2512.0,2529.0,150000
2026-01-08,2511.0,2542.0,2501.0,2529.0,138000
2026-01-09,2560.0,2599.0,2556.0,2586.0,225800
2026-01-13,2648.0,2720.0,2593.0,2608.0,414900
2026-01-14,2605.0,2653.0,2581.0,2624.0,261800
2026-01-15,2613.0,2633.0,2592.0,2607.0,218300
2026-01-16,2603.0,2617.0,2570.0,2589.0,168900
2026-01-19,2586.0,2611.0,2586.0,2588.0,131200
2026-01-20,2588.0,2636.0,2587.0,2605.0,142400
2026-01-21,2592.0,2613.0,2571.0,2602.0,232300
2026-01-22,2600.0,2615.0,2583.0,2594.0,200600
2026-01-23,2604.0,2656.0,2599.0,2635.0,173100
2026-01-26,2605.0,2633.0,2600.0,2616.0,154700
2026-01-27,2616.0,2660.0,2602.0,2621.0,164800
2026-01-28,2600.0,2627.0,2587.0,2610.0,156000
2026-01-29,2590.0,2621.0,2584.0,2605.0,178500
2026-01-30,2615.0,2642.0,2615.0,2625.0,182500
2026-02-02,2632.0,2647.0,2600.0,2600.0,229700
2026-02-03,2604.0,2646.0,2600.0,2632.0,143800
2026-02-04,2602.0,2635.0,2587.0,2604.0,198600
2026-02-05,2613.0,2635.0,2600.0,2604.0,161800
2026-02-06,2600.0,2612.0,2544.0,2579.0,318700
2026-02-09,2634.0,2647.0,2607.0,2611.0,228400
2026-02-10,2629.0,2667.0,2614.0,2637.0,190300
2026-02-12,2640.0,2653.0,2599.0,2600.0,232600
2026-02-13,2600.0,2618.0,2576.0,2588.0,444000
2026-02-16,2630.0,2630.0,2430.0,2500.0,920700
2026-02-17,2500.0,2514.0,2418.0,2457.0,575400
2026-02-18,2457.0,2492.0,2401.0,2406.0,452200
2026-02-19,2424.0,2471.0,2387.0,2463.0,312300
2026-02-20,2430.0,2525.0,2404.0,2483.0,438700
2026-02-24,2521.0,2539.0,2497.0,2510.0,390800
2026-02-25,2525.0,2634.0,2525.0,2596.0,514600
2026-02-26,2601.0,2601.0,2493.0,2505.0,441400
2026-02-27,2529.0,2583.0,2499.0,2569.0,362600
2026-03-02,2569.0,2618.0,2555.0,2612.0,549600
2026-03-03,2639.0,2700.0,2607.0,2610.0,597100
2026-03-04,2608.0,2638.0,2560.0,2569.0,405200
2026-03-05,2591.0,2598.0,2501.0,2518.0,474100
2026-03-06,2518.0,2572.0,2518.0,2552.0,270500
2026-03-09,2512.0,2551.0,2499.0,2526.0,364300
2026-03-10,2547.0,2555.0,2509.0,2536.0,439200
2026-03-11,2536.0,2613.0,2536.0,2564.0,257900
2026-03-12,2538.0,2561.0,2520.0,2553.0,258100
2026-03-13,2553.0,2629.0,2552.0,2601.0,339400
2026-03-16,2624.0,2627.0,2580.0,2583.0,192800
2026-03-17,2577.0,2613.0,2574.0,2599.0,240100
2026-03-18,2599.0,2617.0,2584.0,2616.0,205400
2026-03-19,2597.0,2603.0,2535.0,2535.0,377000
2026-03-23,2504.0,2546.0,2483.0,2514.0,453900
2026-03-24,2514.0,2548.0,2497.0,2528.0,415800
2026-03-25,2527.0,2528.0,2429.0,2456.0,525800
2026-03-26,2477.0,2478.0,2426.0,2461.0,288500
2026-03-27,2477.0,2511.0,2472.0,2504.0,210300
2026-03-30,2410.0,2456.0,2406.0,2432.0,463300
2026-03-31,2446.0,2484.0,2434.0,2439.0,224300
2026-04-01,2453.0,2550.0,2449.0,2550.0,365800
2026-04-02,2558.0,2591.0,2534.0,2546.0,226500
2026-04-03,2546.0,2580.0,2536.0,2541.0,163800
2026-04-06,2568.0,2571.0,2516.0,2528.0,151400
2026-04-07,2530.0,2548.0,2519.0,2548.0,213300
2026-04-08,2595.0,2595.0,2548.0,2559.0,262600
2026-04-09,2540.0,2565.0,2520.0,2523.0,195100
2026-04-10,2489.0,2513.0,2487.0,2502.0,290300
2026-04-13,2502.0,2507.0,2480.0,2483.0,179800
2026-04-14,2492.0,2525.0,2492.0,2507.0,224000
2026-04-15,2557.0,2565.0,2520.0,2534.0,162100
2026-04-16,2548.0,2574.0,2537.0,2548.0,186500
2026-04-17,2542.0,2572.0,2528.0,2544.0,193900
2026-04-20,2550.0,2561.0,2522.0,2551.0,245500
2026-04-21,2541.0,2571.0,2538.0,2542.0,190300
2026-04-22,2549.0,2579.0,2521.0,2535.0,204800
2026-04-23,2535.0,2544.0,2511.0,2520.0,317600
2026-04-24,2517.0,2563.0,2507.0,2539.0,242600
2026-04-27,2535.0,2549.0,2514.0,2522.0,270000
2026-04-28,2522.0,2538.0,2470.0,2506.0,319200
2026-04-30,2482.0,2491.0,2432.0,2469.0,282500
2026-05-01,2444.0,2457.0,2412.0,2446.0,199000
2026-05-07,2451.0,2479.0,2399.0,2430.0,301200
2026-05-08,2451.0,2451.0,2362.0,2375.0,337100
2026-05-11,2530.0,2596.0,2452.0,2512.0,560500
2026-05-12,2480.0,2539.0,2470.0,2513.0,251700
2026-05-13,2513.0,2514.0,2460.0,2465.0,169900
2026-05-14,2477.0,2480.0,2439.0,2468.0,136200
2026-05-15,2441.0,2500.0,2440.0,2486.0,194400
2026-05-18,2516.0,2516.0,2424.0,2460.0,257900
2026-05-19,2485.0,2501.0,2459.0,2499.0,147300
2026-05-20,2511.0,2511.0,2406.0,2419.0,162400
2026-05-21,2409.0,2409.0,2353.0,2353.0,257600
2026-05-22,2325.0,2325.0,2252.0,2295.0,404500
2026-05-25,2293.0,2294.0,2232.0,2250.0,406200
2026-05-26,2235.0,2245.0,2167.0,2170.0,355300
2026-05-27,2158.0,2194.0,2135.0,2194.0,332600
2026-05-28,2170.0,2207.0,2166.0,2190.0,159800
2026-05-29,2190.0,2264.0,2180.0,2230.0,344400
2026-06-01,2271.0,2334.0,2259.0,2305.0,306500
2026-06-02,2311.0,2334.0,2278.0,2302.0,298100
2026-06-03,2303.0,2321.0,2240.0,2240.0,254800
2026-06-04,2190.0,2207.0,2179.0,2183.0,176200
2026-06-05,2194.0,2225.0,2183.0,2207.0,129300
2026-06-08,2267.0,2340.0,2264.0,2292.0,351700
2026-06-09,2286.0,2317.0,2271.0,2271.0,247600
2026-06-10,2267.0,2275.0,2238.0,2257.0,195100
2026-06-11,2257.0,2271.0,2218.0,2238.0,204700
2026-06-12,2205.0,2238.0,2200.0,2228.0,218600
2026-06-15,2205.0,2222.0,2185.0,2186.0,188500
2026-06-16,2181.0,2188.0,2164.0,2181.0,177400
2026-06-17,2181.0,2201.0,2169.0,2169.0,217300
2026-06-18,2174.0,2201.0,2153.0,2153.0,254400
2026-06-19,2152.0,2171.0,2125.0,2171.0,504200
2026-06-22,2153.0,2250.0,2150.0,2230.0,335300
2026-06-23,2219.0,2230.0,2173.0,2183.0,246500
2026-06-24,2202.0,2202.0,2152.0,2156.0,191800
2026-06-25,2152.0,2230.0,2151.0,2209.0,262700
2026-06-26,2200.0,2208.0,2171.0,2190.0,190100
2026-06-29,2210.0,2255.0,2182.0,2198.0,293500
2026-06-30,2210.0,2221.0,2181.0,2190.0,203700
2026-07-01,2210.0,2296.0,2197.0,2293.0,311500
2026-07-02,2336.0,2393.0,2316.0,2345.0,346300
2026-07-03,2388.0,2396.0,2345.0,2367.0,238800
2026-07-06,2346.0,2403.0,2341.0,2403.0,201600
2026-07-07,2408.0,2432.0,2386.0,2409.0,190900
2026-07-08,2437.0,2438.0,2377.0,2378.0,234200
2026-07-09,2378.0,2383.0,2339.0,2354.0,165600
2026-07-10,2354.0,2371.0,2341.0,2363.0,161200
2026-07-13,2349.0,2356.0,2323.0,2339.0,188500
2026-07-14,2339.0,2360.0,2317.0,2325.0,209200
2026-07-15,2326.0,2343.0,2295.0,2334.0,222900
2026-07-16,2327.0,2371.0,2317.0,2350.0,223400
2026-07-17,2347.0,2375.0,2325.0,2347.0,231800
2026-07-21,2361.0,2386.0,2341.0,2351.0,191500
2026-07-22,2330.0,2331.0,2285.0,2308.0,199100
2026-07-23,2286.0,2311.0,2261.0,2310.0,232400
2026-07-24,2292.0,2333.0,2280.0,2330.0,201700
2026-07-27,2362.0,2428.0,2330.0,2416.0,266400
2026-07-28,2441.0,2463.0,2403.0,2442.0,236700
2026-07-29,2489.0,2529.0,2462.0,2529.0,323500
2026-07-30,2513.0,2527.0,2458.0,2498.0,916200
2026-07-31,2448.0,2466.0,2413.0,2422.0,255700
2026-08-03,2422.0,2435.0,2344.0,2425.0,296600
2026-08-04,2434.0,2434.0,2362.0,2362.0,197500
2026-08-05,2345.0,2355.0,2321.0,2349.0,176500
