Date,Open,High,Low,Close,Volume
2020-07-16,3149.941239090653,3246.1226509712837,2669.0341796875,2669.0341796875,1628600
2020-07-17,2755.5975868155106,2856.588074290424,2387.703668156895,2620.943603515625,1318200
2020-07-20,2669.0340150345205,3101.850341796875,2519.952835816376,3101.850341796875,959400
2020-07-21,3140.3232906879193,3582.7578125,3130.705148909396,3582.7578125,945600
2020-07-22,3573.139746535348,3794.3570121351136,3250.9319901182976,3722.220947265625,3189200
2020-07-27,3678.938745117188,4280.072526999081,3635.6571128216915,4087.709716796875,3112400
2020-07-28,4231.981905305416,4395.490297101307,3755.8839409585567,3818.40185546875,2378000
2020-07-29,3871.3015553193936,4087.709716796875,3678.938745117188,4087.709716796875,1052400
2020-07-30,4063.664371221705,4251.218111431938,3856.874349964269,3890.537841796875,1143600
2020-07-31,3818.4020865885414,3861.683722330729,3577.9485546875,3606.802978515625,419400
2020-08-03,3462.530837441511,3669.32087356649,3448.1036256188377,3597.184814453125,239800
2020-08-04,3712.6020890778186,3712.6020890778186,3371.158114564185,3433.676025390625,148400
2020-08-05,3457.7216982460272,3702.984294366399,3433.6763456852063,3669.32080078125,183200
2020-08-06,3717.411434415492,4111.755208829554,3698.175152736757,3943.437744140625,583000
2020-08-07,4015.574094901964,4073.2829441700164,3919.392679455211,3962.67431640625,362400
2020-08-11,3948.2468505250545,3948.2468505250545,3683.7479750331204,3856.87451171875,291600
2020-08-12,4121.3731075971555,4135.8003180088135,3707.793075796274,3751.07470703125,655200
2020-08-13,3823.211229112413,4179.0824630172165,3765.5023803710938,4155.037109375,610800
2020-08-14,4106.946737833069,4251.218871480601,3914.5838929696934,3981.910888671875,492400
2020-08-17,3986.7192332300647,4207.9364645070045,3866.492477101293,4183.89111328125,316000
2020-08-18,4231.982141671095,4871.588533537294,4188.700506131277,4525.33544921875,1825000
2020-08-19,4573.426085707721,4905.251953125,4525.335380284926,4905.251953125,965800
2020-08-20,4953.342541383045,5044.714879525062,4736.934372099319,4857.1611328125,727400
2020-08-21,4789.834562142057,4938.915758353305,4741.743853686815,4828.30712890625,419400
2020-08-24,4905.252170792545,4967.770090616372,4765.789118877855,4789.83447265625,237200
2020-08-25,4934.106535979811,5477.531524835288,4794.643485742566,4972.5791015625,1186200
2020-08-26,5073.56909383138,5833.402190348307,5006.242110595704,5770.88427734375,1327400
2020-08-27,5679.51171875,5857.447310277307,5362.113096025614,5679.51171875,686200
2020-08-28,6059.429481907895,6391.255382107613,5530.431669995301,5756.4580078125,1322800
2020-08-31,6107.51987308572,6549.954383576969,5968.056820865652,6045.001953125,885800
2020-09-01,6035.383382032488,6227.746198989699,5929.583832706022,6069.046875,440000
2020-09-02,6059.428889142336,6251.79171101987,5919.965843281123,5929.583984375,384600
2020-09-03,6059.42883022445,6073.856041724985,5727.602965712159,5905.53857421875,211000
2020-09-04,5616.993902439024,5905.538109756098,5568.903201219512,5717.984375,260200
2020-09-07,5775.694078532868,5963.247841282895,5612.1856699815635,5665.08544921875,235600
2020-09-08,5785.3119639888355,5785.3119639888355,5131.278358749864,5559.28564453125,301600
2020-09-09,5415.0137614362875,5511.195178158069,5213.032786320547,5453.486328125,154200
2020-09-10,5535.240083771557,5737.221042519085,5439.058674844162,5472.72216796875,195000
2020-09-11,5501.5761619774075,5857.447347280142,5314.022429182723,5693.93896484375,210000
2020-09-14,5607.376058150842,5818.975154684836,5511.19465063539,5641.03955078125,147800
2020-09-15,5713.175739694148,6107.519519706708,5674.703175790484,6102.71044921875,327800
2020-09-16,6251.791996071997,6314.309916032717,5934.393325502188,6045.001953125,268600
2020-09-17,6117.138334116541,6213.319754464285,5722.794510690789,5756.4580078125,202400
2020-09-18,5833.402473462616,5939.202023682054,5525.621963733344,5684.3212890625,186200
2020-09-23,5708.36688064049,5722.794092638739,5482.340559334591,5578.52197265625,117400
2020-09-24,5443.867503339916,5482.340065200976,5174.5595703125,5174.5595703125,213000
2020-09-25,5174.55981334036,5371.731702138645,5015.8604882100335,5275.55029296875,157200
2020-09-28,5386.159156976744,5429.440793059593,5078.37863372093,5169.7509765625,101000
2020-09-29,5126.307150059229,5411.101991729185,5121.4801188444835,5348.3505859375,68000
2020-09-30,5353.1783392279,5435.237880947354,5280.772861240147,5358.00537109375,80000
2020-10-02,5358.0047958081805,5990.345902340498,5358.0047958081805,5797.2646484375,341000
2020-10-05,5922.767975871558,6231.698008842853,5893.805785280499,6222.0439453125,294000
2020-10-06,6275.141667077743,6419.9526286256905,6091.714449117008,6115.849609375,263600
2020-10-07,6260.659881547375,6801.287411796648,6164.119251145719,6632.34130859375,448000
2020-10-08,6637.167776122609,8080.450077984908,6637.167776122609,8075.623046875,1167800
2020-10-09,8075.623092099312,10006.435546875,8075.623092099312,10006.435546875,1251600
2020-10-12,10489.140381432744,10957.362478533056,8934.836100336866,10276.7509765625,1266400
2020-10-13,10035.397563707918,10450.52223445293,9620.272892962905,9678.197265625,248000
2020-10-14,9499.597960329342,12091.7138671875,9055.51106380988,12091.7138671875,976400
2020-10-15,12246.179533130442,14505.230389064634,11662.108692173097,14138.3759765625,1384000
2020-10-16,12690.264606625025,13129.52443135035,11724.8583984375,11724.8583984375,623200
2020-10-19,11010.458408477361,11488.334507749287,10025.744022098852,10141.5927734375,482800
2020-10-20,10508.447432377652,11570.394347914209,9726.468340028006,10233.306640625,637200
2020-10-21,9991.955146691082,10131.939059374194,9224.457142669882,9349.9599609375,328600
2020-10-22,9460.981648763021,9687.852127075195,8968.624440511068,9267.900390625,144200
2020-10-23,9258.246011169495,10754.62571057645,9171.359447978122,9818.181640625,467000
2020-10-26,10059.533664369379,10909.091209920729,9982.301160228348,10199.517578125,313400
2020-10-27,9716.814215219794,10117.457821709233,9610.619524343074,9827.8359375,117800
2020-10-28,9929.204154636549,10411.907322095789,9726.468824303669,9769.912109375,95000
2020-10-29,9629.92891808712,9890.588648200757,9316.17183554293,9557.5234375,73400
2020-10-30,9412.711356026786,9412.711356026786,8746.581013907966,8785.197265625,142200
2020-11-02,8688.656087615473,8688.656087615473,8114.239379600895,8360.41796875,139600
2020-11-04,8205.953406680805,9909.895496420997,8205.953406680805,9103.78125,303200
2020-11-05,9683.02488487878,10160.900988369805,9465.80847420104,9581.6572265625,305200
2020-11-06,10358.809342727734,10445.6959075782,9847.144016386103,10107.8037109375,315000
2020-11-09,10474.660109210361,10474.660109210361,9369.269710588622,9620.275390625,356400
2020-11-10,9596.139502031838,9658.890917286573,8915.527998115092,8983.1064453125,243800
2020-11-11,8596.94355489774,9181.014397201292,8592.116523143164,8968.625,252600
2020-11-12,9412.711107431678,9533.38689086029,8104.585615065533,8654.8671875,543400
2020-11-13,8654.868260005482,9113.43629385965,8249.397577439693,8254.224609375,367200
2020-11-16,8587.288673902465,8592.11570519752,8056.315231446439,8370.072265625,183600
2020-11-17,8205.953927109822,8215.60799055348,7530.169486053719,7592.9208984375,264600
2020-11-18,7592.920703060625,7800.483061758405,7197.104112055557,7322.60693359375,193000
2020-11-19,7240.547829485954,7530.169742665392,7004.023267056079,7259.85595703125,254800
2020-11-20,7781.175222588335,8862.430340367358,7781.175222588335,8606.59765625,943400
2020-11-24,8794.852196819706,8833.468452349101,8114.2406931141195,8456.9599609375,411800
2020-11-25,8447.306266893142,8447.306266893142,8148.0302734375,8148.0302734375,224800
2020-11-26,8051.488994276834,8341.110900545786,7954.948358853851,7959.775390625,202000
2020-11-27,7969.429794302647,8321.803128635835,7959.775730348312,8297.66796875,189800
2020-11-30,8374.900326762603,8891.392738845369,8239.74343388113,8857.603515625,299200
2020-12-01,8930.008115024857,9340.305785174647,8621.078104559132,9224.45703125,393600
2020-12-02,9209.976149867958,9287.208654269365,8790.0244071853,8910.7001953125,207400
2020-12-03,8688.657115004393,8823.814003460016,8205.953941948594,8239.7431640625,231600
2020-12-04,8138.375648521255,8370.07317588129,7868.061866601213,8104.58642578125,173200
2020-12-07,8109.413069590824,8157.683385481246,7679.807258166072,7786.001953125,121000
2020-12-08,7626.710540879575,8273.53282725797,7549.4780290732,8176.9921875,142600
2020-12-09,8056.315272948053,8331.456058183547,7940.46652126995,8090.1044921875,73600
2020-12-10,7940.467016292524,7964.602174396757,7617.055897695807,7626.7099609375,144800
2020-12-11,7728.078212625443,8259.051731294274,7641.19163684327,8176.9921875,169200
2020-12-14,8148.0297267042015,8365.246158991933,7921.159230759239,7983.91064453125,90400
2020-12-15,7911.505080534913,8616.251719801598,7911.505080534913,8606.59765625,244800
2020-12-16,8534.19139989148,9494.77063551275,8471.439992539337,8896.21875,469600
2020-12-17,8843.122150157233,9258.246879913522,8621.078690055032,9209.9765625,255200
2020-12-18,9306.51625,9354.7865625,8399.034375000001,8688.65625,271200
2020-12-21,8505.230147628097,8804.506123310812,8500.403115762247,8572.80859375,82800
2020-12-22,8495.575545944414,8992.759796644568,8379.726788499716,8510.056640625,236600
2020-12-23,8529.365623296693,8650.041424418605,8138.376027661701,8302.4951171875,148400
2020-12-24,8302.49501918536,8350.765339064345,8090.105611717828,8176.9921875,88600
2020-12-25,8143.203024664158,8181.819280856993,7810.137815000952,7916.33251953125,123800
2020-12-28,8302.49415843465,8302.49415843465,7911.504607950228,7940.466796875,117000
2020-12-29,8037.008172286184,8254.224609375,7872.889086485745,8254.224609375,87200
2020-12-30,8114.239953156944,8355.591528206227,8070.796669648072,8263.8779296875,69000
2021-01-04,8399.035580249194,9002.414573083188,8254.224621969035,8983.1064453125,225000
2021-01-05,8790.024842208059,9489.944447985197,8621.07873046875,9171.3603515625,323800
2021-01-06,9171.361142113095,10561.546409970239,9147.225981212798,10339.5029296875,652000
2021-01-07,10262.269944019274,11193.887112032313,10136.767113095237,10643.60546875,646000
2021-01-08,10812.550249762131,11044.247755114176,9991.954918306968,10146.419921875,324600
2021-01-12,10127.112574266976,10450.523700327933,9572.00392505787,9774.7392578125,217400
2021-01-13,9707.160364225923,10242.96086170433,9707.160364225923,10199.517578125,123400
2021-01-14,10440.868876197617,10658.085288323782,10001.609020564709,10107.8037109375,143000
2021-01-15,10136.765625,10262.2684375,9948.51140625,10136.765625,50600
2021-01-18,10001.608829584562,10136.76570566003,9740.949140010447,9818.181640625,77400
2021-01-19,9803.700548725743,9885.760080645161,9403.05695170741,9576.830078125,163200
2021-01-20,9576.830159547091,9750.6032874421,9349.9596870175,9378.921875,105400
2021-01-21,9470.636988679327,10397.427152709108,9359.615250279927,10373.2919921875,289600
2021-01-22,10233.30712843539,10242.961191764103,10001.609608546287,10011.263671875,87200
2021-01-25,10136.767054498994,10812.551524798928,10088.496735191857,10802.8974609375,160400
2021-01-26,11044.246960596565,11044.246960596565,10378.116680630514,10397.4248046875,134600
2021-01-27,10614.641522634847,11015.285108982593,10378.116995754852,10571.1982421875,179400
2021-01-28,9847.144439271984,10378.117913938611,9760.257870690173,10045.052734375,164600
2021-01-29,10257.442170125574,10291.231391391872,9436.846796515529,9441.673828125,151000
2021-02-01,9412.711343848508,10006.436213229723,9123.089456345479,9953.3388671875,114200
2021-02-02,10078.84042175411,10720.835525247068,9905.067311034212,9982.2998046875,172400
2021-02-03,10112.631705062897,10223.653437385783,9813.355730975116,9905.0693359375,85800
2021-02-04,9905.06793091707,10045.051834424183,9711.986684700363,9967.8193359375,46800
2021-02-05,10136.766632469296,10291.231647821209,9837.490665224965,10218.826171875,101200
2021-02-08,10127.112740220824,10156.07493108895,9740.9501953125,9740.9501953125,133200
2021-02-09,9847.144657258064,11053.90258094165,9803.701372005457,10175.3828125,301400
2021-02-10,10416.734797127017,10802.897347530243,10305.713063886089,10474.6591796875,266400
2021-02-12,10040.22608206032,12588.898856737173,10040.22608206032,12323.412109375,746600
2021-02-15,11840.709217477088,12767.49933967668,11584.876527494907,11850.36328125,377600
2021-02-16,12033.789688441264,12516.492844816767,11729.686699924698,12019.30859375,256800
2021-02-17,12019.309515440502,12144.81234572221,11739.341663273615,11855.1904296875,120800
2021-02-18,11927.594833548965,13153.66083424562,11193.886045730493,11367.6591796875,607400
2021-02-19,11343.525281633649,11343.525281633649,10595.335316249302,10812.5517578125,332000
2021-02-22,11053.901800829817,11193.885710097968,10527.755383235735,10870.474609375,196400
2021-02-24,10629.123123727952,11029.766729209068,10489.139213379127,10672.56640625,108000
2021-02-25,10913.917537112888,10981.495973875197,10691.87410203673,10735.3173828125,67800
2021-02-26,10373.291409165113,10614.643000816232,10189.86419951026,10349.15625,90600
2021-03-01,10349.155589788732,10706.355922645245,9943.684941681338,10281.5771484375,132000
2021-03-02,10619.469694800733,10725.66439174874,10305.712635636166,10537.41015625,106000
2021-03-03,10662.913258108709,10667.7402899141,10088.496473267181,10185.037109375,88800
2021-03-04,9905.068751526624,10069.187824407669,9615.446858207131,9880.93359375,150200
2021-03-05,9842.317476167575,9861.625602653436,9460.981978071823,9644.4091796875,127200
2021-03-08,9919.550178193476,10349.156000996016,9649.236402048058,9692.6796875,129400
2021-03-09,9673.372137502945,10262.270042081467,9615.44775344604,10242.9619140625,146400
2021-03-10,10561.544664164452,10711.182637011389,9962.992772776704,9987.1279296875,118800
2021-03-11,9866.45243727993,10305.71230606294,9769.91180677817,10281.5771484375,51800
2021-03-12,10411.906910787799,10691.874736854415,10320.193312593563,10479.4853515625,97200
2021-03-15,10527.75451568374,10537.408577596336,10107.802822485903,10271.921875,84400
2021-03-16,10199.51759917933,10522.9287109375,10136.766189435208,10522.9287109375,59800
2021-03-17,10503.620457604307,10836.685628364738,10334.674356493942,10759.453125,76200
2021-03-18,10889.782694966814,11078.036917087251,10764.279880219856,10909.0908203125,107600
2021-03-19,10725.664162149234,10880.129172585226,10300.885383450255,10407.080078125,118400
2021-03-22,10469.830703016793,10503.619921514311,10016.089768907259,10455.349609375,60800
2021-03-23,10493.967204990671,10542.237523320897,10011.264021688434,10025.7451171875,67000
2021-03-24,9919.550342016491,9962.993628185906,9654.063593203398,9658.890625,73200
2021-03-25,9678.1978486832,9972.646760787777,9499.597688882064,9823.0087890625,116000
2021-03-26,10040.22693452381,10339.5029296875,9818.183454241072,10339.5029296875,118800
2021-03-29,10339.50200193094,10759.453763914129,10291.231684461607,10624.296875,126400
2021-03-30,10764.28126771542,10880.130034722222,10469.832318239796,10643.60546875,98200
2021-03-31,10489.139536659704,11140.788794574597,10450.523284338822,11049.0751953125,166000
2021-04-01,11058.72951437259,11391.794698349764,11053.902482720747,11261.46484375,115600
2021-04-02,11343.52411925923,11386.967403120221,11015.285974531727,11049.0751953125,89400
2021-04-05,11102.172037026601,11184.231569474188,10643.604061584198,10706.35546875,62400
2021-04-06,10759.452890835486,11078.036960281488,10672.56632644112,10749.798828125,85600
2021-04-07,10928.40014428491,11218.022056235925,10247.788651200028,10716.0107421875,156800
2021-04-08,10807.724087077684,10947.7080078125,10672.567198092345,10947.7080078125,45200
2021-04-09,11049.074854774424,11053.901886165762,10595.33390398858,10672.56640625,81800
2021-04-12,10687.046742538296,10716.008928832436,10281.576134420311,10320.1923828125,60400
2021-04-13,10223.653614638237,10416.7348915908,10064.361561152373,10074.015625,135200
2021-04-14,10136.765543619793,10141.59257483104,9697.505703396268,9731.294921875,210000
2021-04-15,9673.369830074347,10001.607928100822,9668.542799221017,9982.2998046875,109400
2021-04-16,9991.955982191594,10209.172416587064,9871.280185305222,9948.5126953125,94200
2021-04-19,9948.51172258718,9991.955005218566,9736.122340833743,9827.8359375,59800
2021-04-20,9668.543912943014,9765.084541130163,9108.608269457547,9465.80859375,221400
2021-04-21,9190.668066512513,9364.441202223885,8809.332574257005,8872.083984375,200000
2021-04-22,9065.164838522902,9456.15437628667,9026.548587879568,9378.921875,105000
2021-04-23,9214.803681000594,9378.922761751784,9118.2630452646,9132.744140625,59000
2021-04-26,9224.456639798718,9224.456639798718,8954.14289211231,9127.916015625,43800
2021-04-27,9074.819274265514,9195.495062487129,8688.656751956343,8790.0244140625,100000
2021-04-28,8983.105391763971,9123.089301683991,8674.17538366462,8939.662109375,78200
2021-04-30,8746.581447582319,9045.857413228072,8707.96519395061,8722.4462890625,58600
2021-05-06,8722.445305733978,8722.445305733978,8350.763906430428,8360.41796875,62600
2021-05-07,8360.418796036318,8582.4622513583,8254.224100012763,8273.5322265625,58800
2021-05-10,8230.089361692497,8374.900318203216,8114.240596483922,8331.45703125,64200
2021-05-11,8148.029477697732,8191.472762827637,7868.0616401939,7872.888671875,90600
2021-05-12,7988.736658593265,8080.4502516526445,7597.747130287492,7781.17431640625,115000
2021-05-13,7868.062054550438,8548.673557428729,7578.440138432017,8254.224609375,197400
2021-05-14,8167.338313466495,8543.84681727878,7925.986708458619,8427.998046875,126800
2021-05-17,8471.440507458718,8534.191918625078,7684.634352065115,7728.07763671875,169400
2021-05-18,7810.1374096281315,8283.1865234375,7713.596774156832,8283.1865234375,77600
2021-05-19,7983.9101901462445,8191.4725469638315,7945.293937715066,8065.9697265625,67400
2021-05-20,8119.06733015185,8244.57015451805,7974.256378960081,8056.31591796875,40600
2021-05-21,8249.396523988646,8394.207463555445,8061.142302551807,8210.7802734375,62600
2021-05-24,8128.721307294844,8210.780845432619,7877.715661226357,7911.5048828125,59000
2021-05-25,8080.450863544593,8664.521684625175,8080.450863544593,8592.1162109375,106600
2021-05-26,8572.807073196309,8688.655817428691,8374.898801799322,8630.7314453125,69200
2021-05-27,8635.560405711816,8635.560405711816,8321.80331998165,8548.673828125,120800
2021-05-28,8548.67265802456,8751.407977977711,8447.304998047985,8500.40234375,51000
2021-05-31,8500.401993202951,8736.92652339429,8500.401993202951,8727.2724609375,37200
2021-06-01,8843.12202785326,8843.12202785326,8432.824335512907,8437.6513671875,75200
2021-06-02,8437.652226906159,8437.652226906159,8133.549200421555,8230.08984375,45600
2021-06-03,8157.684679069893,8471.441782111042,8157.684679069893,8365.2470703125,45400
2021-06-04,8365.245297956695,8427.9967052697,7988.736854078667,8070.79638671875,61400
2021-06-07,8210.77977217305,8374.898826996026,7964.601189938584,8350.763671875,55400
2021-06-08,8350.764139336981,8640.386017001847,8292.839763804008,8490.748046875,46600
2021-06-09,8577.634569985526,8736.926601954869,8336.283006395612,8650.0400390625,50800
2021-06-10,8650.040149892935,9041.029687918228,8650.040149892935,9016.89453125,96400
2021-06-11,9026.54910370004,9451.32788505063,8997.5869140625,8997.5869140625,120800
2021-06-14,8968.623759143156,9243.76453108673,8770.715484587252,9238.9375,47800
2021-06-15,9335.47966881079,9403.058115224107,9123.090265797515,9181.0146484375,47400
2021-06-16,9094.126575229124,9605.791870863035,8939.661580320773,9480.2890625,90000
2021-06-17,9325.82476301414,9663.716964572623,9224.457102546594,9388.576171875,67200
2021-06-18,9547.868778320313,9692.67973046875,9412.711889648437,9654.0634765625,110000
2021-06-21,9412.71190170095,9784.393346024526,9378.922679489715,9533.3876953125,77800
2021-06-22,9750.603484027426,9750.603484027426,9475.462692646453,9547.8681640625,53600
2021-06-23,9605.793757891413,9620.274854008838,9441.674668560605,9557.5234375,47400
2021-06-24,9547.868641615036,9784.393193404287,9398.230659870816,9446.5009765625,88800
2021-06-25,9432.020835854308,10016.091726917957,9432.020835854308,9972.6484375,158600
2021-06-28,10020.91797239559,10450.523800691934,10020.91797239559,10344.3291015625,144600
2021-06-29,10349.155740805401,10407.080119951699,10165.728540175454,10368.4638671875,60800
2021-06-30,10368.463047524237,10455.349609375,10218.825079892371,10455.349609375,53200
2021-07-01,10450.523670937644,10542.237273592524,10305.712719377307,10460.177734375,54600
2021-07-02,10378.117913938611,10556.718082690113,10020.917576435608,10045.052734375,77200
2021-07-05,10131.937761140747,10131.937761140747,9765.083416287627,9982.2998046875,35000
2021-07-06,9880.93375268076,9991.95548023897,9823.009373085171,9847.14453125,16600
2021-07-07,9803.700740448416,9919.549493659033,9765.08448937821,9866.4521484375,8800
2021-07-08,9794.048364713344,9803.702429143816,9465.810174077313,9572.0048828125,34600
2021-07-09,9412.711840103362,9494.771379222211,9094.12774705371,9369.2685546875,51800
2021-07-12,9557.522226917972,9620.273635478545,9388.5761269472,9547.8681640625,30400
2021-07-13,9991.956033909575,10518.10251105747,9982.301970108696,10436.04296875,159200
2021-07-14,10242.961477239462,10431.215717396077,10185.03709565281,10305.712890625,55200
2021-07-15,10146.42164248512,10484.313895089286,10011.264741443452,10339.5029296875,51800
2021-07-16,10194.689575537886,10469.830345332231,10136.765202949602,10320.1923828125,33800
2021-07-19,10257.442600607013,10305.712918727519,9934.031469199641,10064.361328125,29200
2021-07-20,9895.414584050914,10011.263340156876,9634.7548828125,9634.7548828125,40200
2021-07-21,9827.835228335412,10141.592246921758,9634.75398612843,9678.197265625,37400
2021-07-26,9847.14483788396,10088.496427047781,9794.047488267917,9900.2421875,17400
2021-07-27,9851.970393286192,9987.127262963808,9837.489300106448,9919.548828125,15000
2021-07-28,9683.026160857868,9919.550728097167,9683.026160857868,9755.431640625,10400
2021-07-29,9876.107403956423,10074.01571459289,9789.220828555046,9996.783203125,21400
2021-07-30,9909.89554366697,9991.955078125,9847.144134963768,9991.955078125,25400
2021-08-02,10040.224764833574,10228.478979174204,10006.435546875,10006.435546875,23800
2021-08-03,9991.95584950291,10093.323517541347,9740.9501953125,9740.9501953125,19800
2021-08-04,9740.94947306315,9832.663070678711,9224.457107543945,9267.900390625,96600
2021-08-05,9316.171000075443,9316.171000075443,8901.046281937366,8997.5869140625,82600
2021-08-06,8978.279032709805,8978.279032709805,8510.05695412225,8886.5654296875,92000
2021-08-10,8727.273111802924,9050.684228224824,8596.943258916486,8915.52734375,91000
2021-08-11,9108.60915167377,9755.431423175778,8920.354908475427,9625.1015625,135800
2021-08-12,9605.793022129697,9982.301492343826,9528.560515419107,9890.587890625,68600
2021-08-13,9663.716333389282,10074.013979911804,9663.716333389282,9885.759765625,48600
2021-08-16,9885.760633036598,9962.993137982196,9726.468591586301,9760.2578125,28800
2021-08-17,9760.258776968847,9794.04800122146,9354.7880859375,9354.7880859375,42400
2021-08-18,8934.835639973617,9311.34411102599,8659.694834204574,9205.1494140625,106400
2021-08-19,9012.067458841564,9364.440744591662,9012.067458841564,9176.1865234375,51400
2021-08-20,9176.186646826067,9301.689462616429,8905.872889739134,8939.662109375,39400
2021-08-23,9098.953628540039,9272.726748236295,8920.35347774111,8958.9697265625,56000
2021-08-24,9050.683980252308,9393.403213637863,9021.721791515502,9147.224609375,83000
2021-08-25,9147.224377258432,9229.283909930407,8963.797186579899,9016.89453125,41200
2021-08-26,9108.608164269728,9118.262226976956,8934.835035539623,9098.9541015625,17000
2021-08-27,9113.435554213635,9113.435554213635,8901.046166297638,8992.759765625,29200
2021-08-30,9181.015043283804,9340.307102394405,9103.782529775634,9156.8798828125,29800
2021-08-31,9340.306889960106,9818.183056423182,9340.306889960106,9755.431640625,102600
2021-09-01,9794.046255784291,10185.035781027527,9740.948912850024,10170.5546875,61800
2021-09-02,10160.900743146867,10455.349648292691,10136.765586987372,10416.7333984375,71800
2021-09-03,10537.410447131302,10798.07016501728,10257.442601994511,10387.7724609375,79800
2021-09-06,10474.658463365233,10783.588482561257,10392.598927016288,10687.0478515625,79800
2021-09-07,10716.008655342324,10812.549273858922,10397.424614237552,10469.830078125,43200
2021-09-08,10378.118110827989,10677.39407495419,10378.118110827989,10537.41015625,28000
2021-09-09,10411.907109701124,10643.604625355114,10353.982730787628,10407.080078125,15400
2021-09-10,10329.848094234276,10590.5078125,10329.848094234276,10590.5078125,23200
2021-09-13,10798.069635791106,10798.069635791106,10378.11788866825,10407.080078125,20200
2021-09-14,10407.079679726368,10711.18265738071,10194.690298507463,10672.56640625,42000
2021-09-15,10677.393493470148,11415.929300206557,10643.604273554103,11319.388671875,138200
2021-09-16,11618.664611332202,11768.30258513831,11266.291318175889,11560.740234375,86400
2021-09-17,11560.73984375,12289.6215625,11512.46953125,12188.25390625,88600
2021-09-21,11705.551747847578,11942.076298628826,11348.351405851403,11826.2275390625,76200
2021-09-22,11826.227725037961,12497.185134744197,11826.227725037961,12318.5849609375,69400
2021-09-24,12719.22770554152,13771.520547973418,12410.297696754174,13732.904296875,189200
2021-09-27,13950.1225553601,14867.25864031457,13863.235978890729,14577.63671875,233000
2021-09-28,14239.741816374799,15156.87772997182,14051.4876025312,14987.931640625,199200
2021-09-29,14744.764690634645,15929.180214964314,14358.016764322916,15663.291015625,163200
2021-09-30,15469.915565345082,16751.01794810022,15469.915565345082,16460.95703125,213200
2021-10-01,16340.09955155222,16678.503980134665,14527.218684146279,14696.4208984375,196200
2021-10-04,14841.4514897545,15566.603842674102,14406.36007800274,15445.7451171875,137000
2021-10-05,15107.341093175552,15469.917279411766,13497.502826286765,14793.1083984375,149200
2021-10-06,14744.765291539634,15469.917682926829,14314.508205983231,14865.6240234375,97600
2021-10-07,14889.795454545456,15252.371642561984,14309.673553719009,14623.90625,69000
2021-10-08,14285.50162344667,14469.20688967035,13840.741505220918,14005.109375,71000
2021-10-11,13579.686121684945,13918.090546219635,12801.355945255156,13831.072265625,116800
2021-10-12,13647.367422540601,13681.20786602547,13173.60121375244,13618.361328125,74800
2021-10-13,13173.601171262095,14212.986217802041,13173.601171262095,13864.9130859375,49400
2021-10-14,13864.913335071313,13913.256826476721,13323.46623133073,13473.3310546875,73000
2021-10-15,13613.528123947457,14382.189690605002,13550.68158076162,14353.18359375,52600
2021-10-18,14527.219601680667,15034.8262766146,13971.269433895883,14063.1220703125,53800
2021-10-19,13821.405109754274,14034.116486049898,13352.47321201165,13642.5341796875,91800
2021-10-20,13840.741446105509,14063.121504268573,13623.195737032946,13811.7353515625,40800
2021-10-21,13729.551054605494,14575.562123111114,13632.864075347708,13816.5693359375,52600
2021-10-22,13666.705078125,14111.465200936284,13657.036379803016,13666.705078125,22600
2021-10-25,13657.036190732273,13657.036190732273,13366.975245088403,13449.1591796875,18000
2021-10-26,13521.673859910623,14304.83838093512,13521.673859910623,13961.599609375,35400
2021-10-27,13719.883670472545,14014.778985447467,13608.693633678722,13734.38671875,29000
2021-10-28,13734.385636420266,14962.310293812292,13526.508627491694,14551.390625,122400
2021-10-29,14889.794832464395,15058.997046469673,14111.46464804012,14256.4951171875,108000
2021-11-01,14503.047333787752,14648.07780712563,14377.354256894925,14406.3603515625,50800
2021-11-02,14406.36066419142,14720.593363242575,14314.508029084158,14648.078125,49800
2021-11-04,14744.764640625,15445.745254687501,14648.077659375,15107.3408203125,55600
2021-11-05,15107.341065213688,15784.149944935261,14889.795353874611,15518.2607421875,40800
2021-11-08,15373.230750902889,15494.089483221309,14744.765342847111,15058.998046875,59000
2021-11-09,15373.230161876023,15711.634599401596,14672.249541287338,14768.9365234375,74600
2021-11-10,14889.795367324561,15445.745519026616,14648.077910062799,15155.6845703125,45000
2021-11-11,14889.795694332799,15349.05887321644,14527.219500477291,15034.826171875,65400
2021-11-12,15808.320307346636,18418.86861498186,15808.320307346636,18322.181640625,415000
2021-11-15,18443.04482421875,18708.934068080358,16702.67886439732,16920.224609375,248000
2021-11-16,16702.67696453011,17524.51635207573,16122.555043909671,16557.646484375,136800
2021-11-17,16436.787596917547,16702.676808044158,15929.18092113039,15977.5244140625,68200
2021-11-18,16074.211027106823,16098.382773012247,15252.371666322415,15542.4326171875,78600
2021-11-19,15711.633728120243,15953.351170091324,15058.996634798326,15880.8359375,100800
2021-11-22,15711.634049678873,16267.584177590586,15614.94707091162,15759.9775390625,51600
2021-11-24,15663.290421195652,15663.290421195652,14744.764131063808,15010.6533203125,105000
2021-11-25,15010.65370543574,15566.603842674102,14793.10799955986,15445.7451171875,78000
2021-11-26,15107.340765157807,15590.775669642857,14391.857106519934,14551.390625,76800
2021-11-29,14425.697411340692,14744.764445237637,14072.789934454677,14125.9677734375,66800
2021-11-30,14367.68695135431,14889.796705979568,13947.098537906186,14077.6259765625,70000
2021-12-01,14067.955187781381,14116.298676399187,13352.47155623786,13690.8759765625,66200
2021-12-02,13415.318594257855,13850.410008125677,13202.60723636692,13386.3125,74800
2021-12-03,13826.238262256888,15034.825522943678,13777.894771829417,14913.966796875,133000
2021-12-06,14744.764226020608,14744.764226020608,13811.73488319373,13869.7470703125,93600
2021-12-07,14353.182696280992,14744.764979338843,14140.471332644629,14623.90625,59600
2021-12-08,14962.311008955792,15445.745936547255,14744.765291539634,14865.6240234375,88000
2021-12-09,14648.07785364499,15397.401968270395,14551.39087111268,14962.310546875,46800
2021-12-10,14744.764388234993,14962.310092323705,14551.390429045025,14696.4208984375,41400
2021-12-13,15034.825459898399,15131.512440347906,14575.56230276324,14720.5927734375,26800
2021-12-14,14720.593438608617,15058.997885473183,14362.851594780363,14478.8759765625,39400
2021-12-15,14367.684526585821,15034.824656016792,14367.684526585821,14575.5615234375,57600
2021-12-16,15083.168885191348,15276.542845257904,14406.360024958403,14527.21875,68000
2021-12-17,14193.649381868132,14193.649381868132,13526.509186126374,13637.69921875,123800
2021-12-20,13395.98112717309,13453.993315381707,12351.761739417989,12791.6875,98200
2021-12-21,12902.878018303489,13284.791605207189,12815.85973267986,13212.2763671875,38800
2021-12-22,13212.276327663301,13753.723436590593,13212.276327663301,13497.5029296875,62000
2021-12-23,13492.667788557132,13734.385233712223,13439.489950623012,13676.373046875,25800
2021-12-24,13913.256706431648,14503.047296488861,13835.907120850374,13889.0849609375,65600
2021-12-27,14130.8019374861,14130.8019374861,13584.5205078125,13584.5205078125,21800
2021-12-28,13637.69834609931,13874.581443922376,13304.128269572953,13584.5205078125,44000
2021-12-29,13342.803627892894,13608.692830622644,13294.460136487485,13473.3310546875,19800
2021-12-30,13463.662624637924,13642.533546401515,13246.116908979502,13560.349609375,26600
2022-01-04,13657.03593960769,13971.268624943794,13159.097992075089,13439.490234375,63600
2022-01-05,13439.491284235217,13439.491284235217,12665.995382984269,12753.013671875,67200
2022-01-06,11626.609564333545,12317.921484375,11602.43781887755,11844.1552734375,100800
2022-01-07,12085.872700446618,12245.406220092515,11119.00288441089,11365.5546875,126600
2022-01-11,11172.180658802738,11172.180658802738,10611.396168789273,10770.9296875,199800
2022-01-12,10645.236599978885,11230.192834582629,10287.494770551803,10732.2548828125,221200
2022-01-13,10408.35428928368,10500.20692815799,9992.600239642064,10074.7841796875,119000
2022-01-14,9644.52557699189,9789.556036796279,9122.415921696087,9499.4951171875,249000
2022-01-17,9344.796443435684,9499.4956085624,9127.25074247624,9156.2568359375,133600
2022-01-18,9093.410440054238,10007.102398145813,9040.232601223512,9581.6796875,149600
2022-01-19,9194.931894776859,9267.447130540084,8764.674829248394,8842.0244140625,107000
2022-01-20,8745.33843006952,9190.09859345614,8619.645340416779,8996.724609375,94600
2022-01-21,8663.154471544716,8962.884146341465,8537.461382113821,8919.375,59000
2022-01-24,8740.502903529576,8740.502903529576,8440.773268563407,8663.1533203125,65800
2022-01-25,8663.15338882283,8919.373885255649,8083.0315101070155,8131.375,97600
2022-01-26,8097.535320531542,8493.951975029206,8015.351379964954,8276.40625,96200
2022-01-27,8228.062680142597,8290.909222352851,7319.204992794296,7469.06982421875,199400
2022-01-28,7469.070024014471,7531.916567905855,7077.487712075848,7266.02734375,197400
2022-01-31,7285.364349612007,7589.928353610386,7174.17431640625,7174.17431640625,307200
2022-02-01,7493.241122779918,7957.338637481126,7478.738075445506,7604.43115234375,201600
2022-02-02,7691.450267661311,8078.198238379668,7657.609820223455,8058.86083984375,123800
2022-02-03,7836.4797299868105,7870.320172991072,7309.535688920455,7444.8974609375,113400
2022-02-04,7382.0505553762405,7754.295409838565,7154.836163691444,7430.39404296875,101800
2022-02-07,7362.713589052611,7541.584503560126,7140.333533178402,7256.35791015625,84200
2022-02-08,7251.523497657854,7440.063108596959,6835.769483792137,7062.98388671875,141400
2022-02-09,7062.98440943219,7241.855335612197,6932.4569768143465,7198.34619140625,71400
2022-02-10,7531.916170468454,7807.474079144129,7343.376548742992,7652.77490234375,169400
2022-02-14,7043.647165061901,7101.659358597071,6453.856530787672,6821.26708984375,236000
2022-02-15,6826.10102311955,6913.119308116824,6550.543120628179,6652.064453125,93000
2022-02-16,6942.125660490748,7043.646996751406,6598.886856942807,6661.7333984375,135800
2022-02-17,6661.733068477746,6661.733068477746,6197.635554273201,6381.3408203125,156400
2022-02-18,6091.2800690406975,6386.175373970445,6067.108322734981,6236.310546875,103200
2022-02-21,6115.452139891607,6139.623887480111,5781.882023170247,6076.77734375,114400
2022-02-22,5946.249140433985,6154.126142904442,5810.8873713834555,5931.74609375,66400
2022-02-24,5965.587062686754,6154.126686223854,5830.225281685757,6067.1083984375,112600
2022-02-25,6536.040056245418,6719.74532409847,6415.181327394726,6594.05224609375,122800
2022-02-28,6589.217598629337,6917.95332622053,6468.358875250223,6792.26025390625,90400
2022-03-01,6937.290496531411,7618.933674239375,6879.278311194563,7507.74365234375,165200
2022-03-02,7314.3703530659,7691.449591360111,7135.499432336596,7285.3642578125,120000
2022-03-03,7638.27203223615,7667.278128561097,6859.941780850061,6893.7822265625,109200
2022-03-04,6608.555673295455,6739.083107954545,6429.684744318181,6647.23046875,66800
2022-03-07,6347.499911993577,6347.499911993577,6076.776381855238,6115.451171875,58800
2022-03-08,5854.397278168711,6531.206212061047,5854.397278168711,6134.78955078125,112600
2022-03-09,6502.199874485458,6502.199874485458,6134.789323956912,6202.47021484375,60800
2022-03-10,6521.5366777492845,6661.732796099714,6284.653581226145,6332.9970703125,58200
2022-03-11,6270.150942375025,6270.150942375025,5984.924338211474,6062.27392578125,71000
2022-03-14,6221.80692374606,6502.199154963832,6125.119947464071,6328.16259765625,87600
2022-03-15,6226.642147452197,6284.6543413725585,5902.7407313968415,5941.41552734375,97400
2022-03-16,6120.2857876942435,6328.162793121457,5922.077480193877,6183.13232421875,97000
2022-03-17,6381.341043307087,6913.119463582677,6318.494502729062,6753.5859375,115200
2022-03-18,6758.420385352413,6946.960009836494,6526.371616756622,6661.7333984375,154000
2022-03-22,6806.763547960725,6806.763547960725,6323.328636883969,6400.67822265625,66200
2022-03-23,6550.54291426368,6840.603855116685,6540.874216235247,6758.419921875,82400
2022-03-24,6613.389600324567,7280.529779304677,6478.027824879327,7261.1923828125,113800
2022-03-25,7647.940188953488,8145.87814057309,7212.8487749169435,7275.6953125,198200
2022-03-28,7203.179703878407,7203.179703878407,6830.934846698114,6917.953125,68800
2022-03-29,7058.150330192561,7401.389147619733,7053.315980651333,7343.376953125,95400
2022-03-30,7681.780363007563,7855.816922521894,7444.897268113057,7589.927734375,128800
2022-03-31,7488.406257231467,7560.921488902527,7290.19795733057,7507.74365234375,66000
2022-04-01,7314.370062585355,7527.08141932941,7266.026572416252,7522.2470703125,60400
2022-04-04,7763.965217341933,8387.596296443495,7633.43778218114,8315.0810546875,222400
2022-04-05,8895.203340814916,8982.221634366368,8237.731789537293,8750.1728515625,289200
2022-04-06,8484.282902117995,8498.785949813924,8121.7067097197905,8281.240234375,138400
2022-04-07,7908.995105190418,8131.37516316032,7792.970727119165,7870.3203125,96000
2022-04-08,7981.511171214082,8286.0751953125,7981.511171214082,8286.0751953125,78200
2022-04-11,8131.375440866158,8131.375440866158,7430.394799412179,7517.4130859375,133600
2022-04-12,7324.038796726661,7507.74406027492,7217.6831178303,7256.35791015625,62800
2022-04-13,7415.891921576403,7715.62158203125,7309.536235608553,7715.62158203125,84800
2022-04-14,7759.1307064008115,8025.019920638845,7517.413238911689,7638.27197265625,85600
2022-04-15,7444.897753183844,7488.406895897256,7058.149817953514,7188.67724609375,98200
2022-04-18,7154.836818295531,7275.695548334306,7033.978088256755,7246.689453125,36800
2022-04-19,7324.038504700741,7425.559830508475,7116.161504237288,7130.66455078125,42200
2022-04-20,7179.0088454026445,7179.0088454026445,6893.782231342876,6913.11962890625,63800
2022-04-21,6913.119090329936,6942.125184415237,6695.573384690183,6758.419921875,44400
2022-04-22,6613.390379072109,6671.402575379759,6516.703385226025,6603.7216796875,61400
2022-04-25,6366.837890625,6536.040112471526,6347.50049384254,6366.837890625,45200
2022-04-26,6656.898603449393,6811.597772157004,6328.162869945719,6415.18115234375,119400
2022-04-27,6260.482174902117,6265.316524071925,6013.930367241879,6250.8134765625,84800
2022-04-28,6395.843968884698,6395.843968884698,6125.120414646192,6308.82568359375,50000
2022-05-02,6163.794851960303,6420.015343845712,6100.948316214826,6313.65966796875,49600
2022-05-06,6574.7147409539475,6724.579562255103,6231.475956683557,6245.97900390625,67800
2022-05-09,6332.997262410609,6332.997262410609,6115.451554923222,6168.62939453125,85800
2022-05-10,6158.960708570629,6265.316387996495,5835.059321228217,6207.30419921875,142600
2022-05-11,6279.819403926028,6555.377299248417,6168.629375988924,6492.53076171875,94600
2022-05-12,6415.180856993141,6415.180856993141,5946.2490234375,5946.2490234375,101200
2022-05-13,6381.340911263596,7198.345921872345,6347.500467037198,7111.32763671875,217600
2022-05-16,7638.271389759948,7638.271389759948,6898.615995688257,6985.63427734375,170000
2022-05-17,6840.603968101298,6888.947459041943,6550.543022457427,6724.57958984375,118000
2022-05-18,7014.640765118582,7058.149908389476,6598.886729418928,6637.5615234375,91200
2022-05-19,6202.470172763047,6540.8746249013275,6202.470172763047,6507.0341796875,64400
2022-05-20,6526.371317423746,6656.898743772222,6274.985162974832,6458.6904296875,92200
2022-05-23,6545.708836244733,6913.119376536166,6526.37143938729,6884.11328125,94400
2022-05-24,6656.898951995347,6777.757683876162,6357.169296930923,6753.5859375,95600
2022-05-25,6753.585359907419,7004.9715007200075,6743.9166621838585,6845.43798828125,43800
2022-05-26,6937.290893104244,7058.149619464944,6550.54296875,6550.54296875,77200
2022-05-27,6647.23003341491,6772.923110410392,6400.678228539157,6420.015625,45800
2022-05-30,6700.40771484375,6879.278627866274,6550.5428958248785,6700.40771484375,80000
2022-05-31,6768.089170958612,6787.426568589923,6511.86865234375,6511.86865234375,80800
2022-06-01,6540.87434686851,6545.708695979277,6357.169080659342,6400.67822265625,47600
2022-06-02,6332.997406692446,6332.997406692446,6086.445599256328,6231.47607421875,89600
2022-06-03,6371.672205807714,6521.5370300717805,6221.807381543648,6250.8134765625,65000
2022-06-06,6250.813728032982,6347.500715318874,6144.458042018499,6279.81982421875,33600
2022-06-07,6279.819469467474,6279.819469467474,5897.905891262755,5922.07763671875,97600
2022-06-08,5999.426998603334,6038.101789891672,5926.911764937702,5989.75830078125,47400
2022-06-09,5970.421381562246,6197.635798512389,5873.734395626016,5951.083984375,101600
2022-06-10,5806.0536694440725,5810.888018877415,5380.630919309952,5632.01708984375,225400
2022-06-13,5390.298934539236,5390.298934539236,4960.04188954014,5013.2197265625,165800
2022-06-14,4868.1896742079,5221.09716796875,4839.183578830295,5221.09716796875,132200
2022-06-15,5240.434514188219,5728.703781654095,5235.600165005388,5467.64892578125,203800
2022-06-16,5902.740249476482,5902.740249476482,5114.741346393217,5158.25048828125,144000
2022-06-17,5013.219888863141,5240.434290769185,4906.864211375206,5134.07861328125,138400
2022-06-20,5240.434373112923,5240.434373112923,4858.520797950634,5003.55126953125,70200
2022-06-21,5080.901387703519,5201.760126706932,4974.545697380515,5177.58837890625,59000
2022-06-22,5225.93131952443,5269.440460945078,4969.710820047285,4984.2138671875,54600
2022-06-23,5051.894680676936,5230.765592815736,5027.722935793315,5134.07861328125,46800
2022-06-24,5312.949560673045,5680.360085341973,5105.0725532945735,5612.67919921875,140800
2022-06-27,5728.704030785576,5936.5810546875,5656.188789889556,5936.5810546875,110600
2022-06-28,5878.568779785544,6158.961040663473,5849.562683832654,6086.44580078125,117800
2022-06-29,5796.384728868487,6134.789175091001,5680.360347306482,6100.94873046875,121000
2022-06-30,6086.445644088077,6173.463929706493,5873.734279243061,5965.5869140625,87000
2022-07-01,5926.912331688483,6028.433668528171,5719.035308635787,5839.89404296875,48000
2022-07-04,5835.059273097826,5917.243206521739,5612.679217950767,5670.69140625,54200
2022-07-05,5607.845208208433,6100.948838585382,5588.50781093875,6047.77099609375,108400
2022-07-06,6057.4401094170025,6424.850682693693,5970.421815746207,6294.3232421875,123000
2022-07-07,6294.322506760817,6429.68428109976,6144.4576851712745,6284.65380859375,78200
2022-07-08,6429.684783481352,7009.806718833052,6284.654299643426,6821.26708984375,205200
2022-07-11,7009.806469467232,7009.806469467232,6357.169315413386,6371.67236328125,96800
2022-07-12,6371.672146224062,6371.672146224062,6057.439453125,6057.439453125,89600
2022-07-13,6057.438979558015,6173.463349477721,5926.911563398345,6096.11376953125,46600
2022-07-14,6091.280179815374,6415.181586202381,5951.084048692639,6202.47021484375,53800
2022-07-15,6289.488169632192,6415.181246042981,6173.463791406848,6323.32861328125,30600
2022-07-19,6357.169098083131,6478.027826183571,6183.132529618498,6458.6904296875,39800
2022-07-20,6603.72068365145,6705.2420118774235,6487.69630853605,6545.70849609375,50800
2022-07-21,6545.708707624779,6840.60400390625,6526.371311147306,6840.60400390625,94600
2022-07-22,6840.60419751668,6913.119436359613,6656.89892578125,6656.89892578125,51200
2022-07-25,6584.383287798883,6685.904616024857,6429.6841209783515,6545.70849609375,48200
2022-07-26,6536.040320301194,6690.739499479921,6352.335045026456,6681.07080078125,71000
2022-07-27,6550.543188239179,6661.73322021667,6453.856203910925,6463.52490234375,61800
2022-07-28,6647.229770308363,7067.818126684238,6347.500137029005,6391.00927734375,145600
2022-07-29,6458.6904123356435,6913.1192287724325,6420.015619447406,6801.92919921875,127600
2022-08-01,6797.095027354541,7029.1437907350655,6710.076741086844,7000.1376953125,73800
2022-08-02,7082.321725945723,7082.321725945723,6816.4325143914475,6888.94775390625,48400
2022-08-03,6792.260255555849,7183.8425193992825,6792.260255555849,7154.83642578125,79200
2022-08-04,7237.020526256523,7488.406676801173,7227.351828158652,7295.03271484375,99600
2022-08-05,7203.179888282317,7299.866866648523,7029.143327223147,7077.48681640625,79800
2022-08-08,7033.978484487233,7033.978484487233,6695.574021316026,6898.61669921875,109400
2022-08-09,7106.493584661201,7967.007773824258,7077.487488397278,7812.30859375,365400
2022-08-10,7618.934493327126,7855.817608919149,7507.744459477809,7788.13671875,167800
2022-08-12,8170.050328779831,8716.331800467477,8078.197691947395,8305.412109375,284400
2022-08-15,8315.079482122177,8474.612983814057,8271.57034529712,8348.919921875,70800
2022-08-16,8411.767804443078,8479.448694823654,8281.240372994822,8344.0869140625,80800
2022-08-17,8402.098702198326,8440.773494843657,8170.049946326336,8232.896484375,86800
2022-08-18,8083.030768191643,8435.93821201819,7759.129415638508,8387.5947265625,118400
2022-08-19,8556.797695781519,8774.343399911557,8406.932877380825,8455.2763671875,169800
2022-08-22,8073.362928780152,8208.724702436346,8000.847692892905,8116.8720703125,92600
2022-08-23,7923.498390056643,7991.179279294467,7812.308357737361,7841.314453125,76800
2022-08-24,7841.314187728351,8029.853801366702,7749.461555443,7773.63330078125,57600
2022-08-25,7744.627457742798,7875.154886805878,7676.946568598977,7802.6396484375,41200
2022-08-26,7855.817057291666,7855.817057291666,7522.246979166666,7614.099609375,108000
2022-08-29,7203.180271047544,7285.364207025939,7058.1497957915535,7111.32763671875,146400
2022-08-30,7159.670904684869,7232.186140046296,7106.493065419822,7179.00830078125,66200
2022-08-31,7082.321509966794,7430.394649023183,7082.321509966794,7415.8916015625,59800
2022-09-01,7222.517684802765,7372.382509587828,7169.33984375,7169.33984375,53400
2022-09-02,7164.50527838212,7314.370098645174,7091.9900427709645,7256.35791015625,47800
2022-09-05,7193.511739527926,7338.5422181474405,7174.1743423786575,7270.861328125,24200
2022-09-06,7246.689622243245,7614.100170135498,7193.511779785156,7425.560546875,64200
2022-09-07,7275.6955593947,7324.039051483701,7164.505527589997,7285.3642578125,50400
2022-09-08,7478.738075123218,7478.738075123218,7198.345826669988,7203.18017578125,31200
2022-09-09,7232.185938534083,7391.7194518841,7232.185938534083,7304.701171875,50200
2022-09-12,7444.89750453404,7686.6149559799505,7444.89750453404,7580.25927734375,68200
2022-09-13,7594.7625542387195,7676.946490217115,7111.32763671875,7111.32763671875,136400
2022-09-14,6830.935327245191,7377.216779459421,6801.9292324373555,7319.20458984375,109600
2022-09-15,7319.204750586476,7319.204750586476,6975.965954488959,7019.47509765625,84400
2022-09-16,6816.432110045601,6922.78778835837,6613.389451448498,6758.419921875,160600
2022-09-20,6671.401935461453,6758.420221576167,6502.199712460619,6521.537109375,50400
2022-09-21,6458.690882021664,6458.690882021664,6129.955118565472,6303.99169921875,78800
2022-09-22,6236.310281305104,6284.653771857857,6091.279809646846,6168.62939453125,62600
2022-09-26,6004.2615833143245,6139.623358139446,5917.243299498175,5960.75244140625,66200
2022-09-27,6105.783213113445,6231.476295885376,6042.936671727479,6144.4580078125,49000
2022-09-28,6042.936231269211,6091.279721119365,5873.734016793673,5897.90576171875,41000
2022-09-29,6188.381100807251,6188.381100807251,6047.515282970979,6130.091796875,26800
2022-09-30,6081.516945336838,6246.66996142426,5964.938345745716,6236.955078125,76400
2022-10-03,6193.238320401144,6489.542271416415,6062.087391263238,6421.5380859375,50800
2022-10-04,6630.408134460449,6659.552785600935,6445.825343904041,6528.40185546875,59600
2022-10-05,6538.116839613284,6640.1231201718865,6450.682884848768,6504.11474609375,54000
2022-10-06,6504.115069735132,6625.551124061778,6280.6727297741045,6309.8173828125,132200
2022-10-07,6261.242808752306,6620.693520814114,6261.242808752306,6581.833984375,91000
2022-10-11,6499.257145157213,6499.257145157213,6256.385054531009,6304.95947265625,57800
2022-10-12,6256.385558842301,6256.385558842301,6105.804850516128,6183.52392578125,41800
2022-10-13,6081.517761967015,6100.947531174577,5979.511473627313,6037.80078125,34000
2022-10-14,6183.5239046875,6266.100421875,6037.8006390625005,6071.802734375,35800
2022-10-17,6028.085574488682,6115.51953125,5974.653712023432,6115.51953125,30400
2022-10-18,6149.521334655479,6343.819007156442,6149.521334655479,6304.95947265625,45400
2022-10-19,6295.244775799695,6416.680824715585,6251.527798189975,6377.8212890625,35800
2022-10-20,6236.955731625283,6470.112955237443,6236.955731625283,6431.25341796875,31600
2022-10-21,6431.253640379581,6528.402486910994,6251.528274296466,6494.400390625,54600
2022-10-24,6562.4042398261745,6717.842386143301,6494.400050812432,6693.55517578125,44600
2022-10-25,6703.2699249245925,7067.57807301832,6703.2699249245925,6844.1357421875,86200
2022-10-26,6848.993305361279,7038.433545722336,6771.27423239264,6814.9912109375,59000
2022-10-27,6834.420979179659,6844.135863300739,6620.693528515903,6814.9912109375,44200
2022-10-28,6873.280700070615,6873.280700070615,6698.41278119956,6771.2744140625,31000
2022-10-31,6858.708373498027,6936.427448551829,6572.119284237132,6771.2744140625,62200
2022-11-01,6771.273766967948,6839.277951141227,6664.410048981366,6810.13330078125,48000
2022-11-02,6810.1335410577785,6810.1335410577785,6669.267726014501,6751.84423828125,39000
2022-11-04,6698.4125322164955,6708.127416237114,6499.257409793815,6596.40625,50200
2022-11-07,6557.546506609236,6630.408134460449,6465.255111331032,6528.40185546875,42200
2022-11-08,6698.412082615103,6873.279983248999,6586.690923876779,6824.70556640625,115000
2022-11-09,6717.842116918891,6844.135605740215,6615.835837486284,6640.123046875,55000
2022-11-10,6640.123514811198,6644.98095703125,6465.255594889323,6644.98095703125,36600
2022-11-11,6887.852725788337,7048.148311085245,6790.703886214454,6960.71435546875,143600
2022-11-14,7067.578165326049,7393.026781873709,6989.859092717653,7057.86328125,136600
2022-11-15,6994.716758777633,8000.207292851918,6863.565819550553,7470.74609375,394600
2022-11-16,7524.177355707908,8393.65943877551,7524.177355707908,8330.5126953125,313400
2022-11-17,8209.07686761847,8306.225706288513,8014.779190278389,8277.0810546875,111400
2022-11-18,8267.366594992354,8325.655901185015,7820.481914181957,7941.91796875,119400
2022-11-21,7941.917906126569,7980.777443281928,7699.045798905572,7839.91162109375,78600
2022-11-22,7762.192478256472,7907.915741302589,7475.603394265776,7504.748046875,91000
2022-11-24,7587.324594937838,8087.641133528489,7587.324594937838,8082.78369140625,117000
2022-11-25,8048.781697664726,8194.504963162579,7912.7733165333975,8058.49658203125,72600
2022-11-28,7966.205063092067,8238.22182134399,7903.0583156407265,8204.2197265625,45200
2022-11-29,8043.923908519976,8131.357864047367,7932.202743123865,8024.494140625,45800
2022-11-30,8097.356500179006,8111.928827413882,7728.1908768955,7737.90576171875,64800
2022-12-01,8126.500394182396,8544.240402490635,8029.351555040945,8267.3662109375,202000
2022-12-02,8403.374934739051,8403.374934739051,8053.639099304824,8068.21142578125,53800
2022-12-05,8039.066458494084,8641.389262635032,7990.492038805299,8262.5087890625,119200
2022-12-06,8150.78699107408,8209.07629017592,7878.770261932156,8179.931640625,96600
2022-12-07,7985.634358059004,8150.787380062658,7728.18994140625,7728.18994140625,90000
2022-12-08,7733.0478563262195,8024.494383574694,7465.888539681783,7966.205078125,111800
2022-12-09,7966.20422979798,8194.503985164141,7869.055397727273,8175.07421875,65600
2022-12-12,8165.360413261884,8262.509258154945,7980.777607965066,8034.20947265625,70000
2022-12-13,8097.355508633634,8296.510623123124,7927.3450450450455,8087.640625,72000
2022-12-14,8087.641533271417,8413.090171547203,8063.35432145979,8335.37109375,61400
2022-12-15,8306.225565961062,8461.663705207116,8233.363938189474,8311.0830078125,63200
2022-12-16,8116.78551937055,8145.930171145668,7674.75830078125,7674.75830078125,119600
2022-12-19,7529.035223599138,7776.764769665948,7397.884287446121,7747.6201171875,64000
2022-12-20,7985.634833727385,7985.634833727385,7291.020611572266,7383.31201171875,156200
2022-12-21,7291.020732586963,7558.180053234721,7164.727235553479,7470.74609375,52800
2022-12-22,7665.043654271176,7665.043654271176,7363.8822432668585,7383.31201171875,33200
2022-12-23,7237.588464873652,7237.588464873652,6980.14404296875,6980.14404296875,52400
2022-12-26,7169.584756570778,7334.73779296875,6989.859393431809,7334.73779296875,47200
2022-12-27,7373.597070438752,7567.894753454266,7344.452417986425,7514.462890625,39000
2022-12-28,7363.882072160051,7363.882072160051,7057.8632261534,7189.01416015625,48000
2022-12-29,7174.441612659801,7499.8902166193175,6985.001380504261,7480.46044921875,37600
2022-12-30,7626.184033972072,7674.75845457062,7315.307742141364,7402.74169921875,43000
2023-01-04,7164.727026568957,7291.020519918647,7053.005859375,7053.005859375,35400
2023-01-05,7062.720678199648,7524.177668866063,7062.720678199648,7422.17138671875,72600
2023-01-06,7339.59463556463,7597.0390536221585,7339.59463556463,7480.46044921875,43400
2023-01-10,7713.618039659634,7762.192460564292,7519.320356041004,7626.18408203125,44800
2023-01-11,7669.901380605025,8179.932821367234,7660.186496019078,8131.3583984375,86600
2023-01-12,8150.787446317617,8476.236051146747,8150.787446317617,8306.2255859375,65600
2023-01-13,8422.804552064325,8519.953393495287,7937.06034490952,7985.634765625,57900
2023-01-16,7703.903611136346,7703.903611136346,7393.027298959343,7519.32080078125,68600
2023-01-17,7315.308151748154,7315.308151748154,6994.716957846841,7072.43603515625,90400
2023-01-18,7101.580038101947,7771.907018442623,7004.431200371414,7703.90283203125,136800
2023-01-19,7645.613935316953,8053.639075448226,7509.605555273196,7839.91162109375,84700
2023-01-20,7830.19673680491,8034.209306870547,7733.047893916512,7839.91162109375,79200
2023-01-23,7946.775003209361,8461.663848160579,7946.775003209361,8277.0810546875,106000
2023-01-24,8510.238144188597,8529.667911641081,8257.651167306287,8306.2255859375,75000
2023-01-25,8306.226810954064,8481.094743816255,8228.50772968198,8247.9375,45600
2023-01-26,8393.65937863795,8413.089145718131,8150.787290135696,8345.0849609375,41000
2023-01-27,8345.085566007174,8403.374871474045,8005.06461745042,8082.78369140625,46300
2023-01-30,8034.208911800498,8257.651239456376,7898.200538444746,8170.21728515625,44000
2023-01-31,8170.217564343827,8218.791985059306,7839.911503478559,7985.634765625,56400
2023-02-01,8121.642341523159,8228.506056543201,7975.919093768557,8179.931640625,40100
2023-02-02,8286.796099968677,8383.944940531028,8170.217491293853,8238.2216796875,41300
2023-02-03,8325.655554917279,8383.944858685662,8141.072759650735,8257.6513671875,40400
2023-02-06,8325.656216042791,8451.949717569694,8073.069212988984,8102.2138671875,53200
2023-02-07,8102.212759232954,8170.216943063447,7917.629974550189,8014.77880859375,28400
2023-02-08,8063.353971573373,8714.251219881104,8014.77955005787,8655.9619140625,109200
2023-02-09,8490.809161570278,8762.825931048501,8403.375199952277,8587.9580078125,75600
2023-02-10,8587.957845052084,8791.970418294271,8471.379231770834,8626.8173828125,63400
2023-02-13,8481.092535586211,8481.092535586211,8179.93117407055,8296.509765625,71100
2023-02-14,8859.974273036254,9753.743607596927,8859.974273036254,9646.8798828125,348300
2023-02-15,9763.458132828895,9870.32185368573,9209.709761116212,9258.2841796875,167000
2023-02-16,9549.730773733241,9549.730773733241,9151.42053800276,9238.8544921875,88000
2023-02-17,9122.276657575028,9122.276657575028,8762.825926658867,8821.115234375,77600
2023-02-20,8617.101664560987,8869.688635562776,8267.365858558513,8830.8291015625,101900
2023-02-21,8762.824692766853,8908.547941537921,8597.671677492977,8646.24609375,38900
2023-02-22,8500.523254934666,8830.829301412126,8490.80837121474,8782.2548828125,42200
2023-02-24,8762.8249752265,8850.258927307474,8510.23800254813,8578.2421875,46200
2023-02-27,8451.948957170758,8451.948957170758,8121.642905970982,8160.50244140625,47700
2023-02-28,8442.234578450521,8714.251342773438,8335.370849609375,8626.8173828125,54100
2023-03-01,8685.107630589146,8782.256485517435,8490.809920732565,8636.533203125,47700
2023-03-02,8539.382945963542,8791.969927300346,8403.37457139757,8743.3955078125,36500
2023-03-03,8762.8255748057,9510.871660459845,8743.395806347151,9374.86328125,129700
2023-03-06,9423.437738946144,9540.0163501496,9131.9912109375,9131.9912109375,66200
2023-03-07,8986.268107096354,9336.003946940104,8966.838338216146,9326.2890625,29100
2023-03-08,9122.276005612144,9306.858800187896,9112.561121687104,9209.7099609375,30300
2023-03-09,9355.433835650803,9588.591065199733,9209.710567182721,9530.3017578125,69600
2023-03-10,9578.875891467842,9763.458692621889,9306.859131872407,9365.1484375,87400
2023-03-13,9472.012487160731,9782.888794431648,9336.004102729707,9753.744140625,94300
2023-03-14,9695.453410083463,9744.027825965644,9336.002732555318,9384.5771484375,56700
2023-03-15,9530.300923686713,9646.879528257805,9180.565109973439,9258.2841796875,65300
2023-03-16,9034.841815300708,9297.143674454599,8995.982280611242,9267.9990234375,28500
2023-03-17,9277.71366318605,10045.189453125,9277.71366318605,10045.189453125,102900
2023-03-20,10016.045382498713,10045.19003443615,9433.15234375,9433.15234375,62200
2023-03-22,9578.875102694072,9948.040674603175,9549.730452280197,9792.6025390625,66600
2023-03-23,9763.458580280172,9889.752074353448,9598.305549568966,9860.607421875,25400
2023-03-24,9792.603474975223,9996.61604737054,9753.743937376115,9802.318359375,26600
2023-03-27,9763.458943604002,9909.182211418987,9598.305906747019,9773.173828125,36100
2023-03-28,9753.743243980789,9850.89208107223,9588.590220925336,9734.3134765625,35200
2023-03-29,9714.88459843142,10074.335328573383,9705.16971383299,9986.9013671875,40300
2023-03-30,10142.338814581293,10394.925796553624,9821.747645154872,9918.896484375,54700
2023-03-31,10016.046320602432,10122.910054381897,9598.306270373621,9685.740234375,61100
2023-04-03,9909.182405862726,10326.922448462821,9880.037751727836,10190.9140625,72300
2023-04-04,10093.765013490274,10297.777588353889,9938.326861213234,10239.48828125,68300
2023-04-05,10239.488609882888,10239.488609882888,9977.186719496893,10161.76953125,40400
2023-04-06,10006.330561609773,10035.475213730968,9773.173344640225,9889.751953125,34600
2023-04-07,9986.90128758698,9986.90128758698,9714.884520999007,9773.173828125,29200
2023-04-10,9860.607421875,10064.619989224138,9812.033001077585,9860.607421875,29500
2023-04-11,9918.896389553616,9928.611273382758,9695.454061483359,9705.1689453125,29900
2023-04-12,9666.309699111098,9870.322265625,9472.012016716904,9870.322265625,56400
2023-04-13,9734.313895357573,10229.772985839845,9695.45435884916,10103.4794921875,55100
2023-04-14,10152.053170711437,10161.768054128384,9938.325735538565,10045.189453125,28600
2023-04-17,10045.190511067709,10152.054239908854,9928.611897786459,10025.7607421875,29200
2023-04-18,10103.479108472999,10598.9381801385,10074.334457198556,10433.78515625,79100
2023-04-19,10424.071004231771,10569.794270833334,10307.492390950521,10492.0751953125,47800
2023-04-20,10394.925754494863,10696.087154858733,10394.925754494863,10637.7978515625,41300
2023-04-21,10550.364338892412,10618.368528922105,10472.645264572762,10530.9345703125,33800
2023-04-24,10666.94340032475,11045.823903614973,10550.364783927758,10657.228515625,72700
2023-04-25,10657.228069649706,10938.959714152752,10637.798301063289,10764.091796875,44700
2023-04-26,10696.087431714051,10793.236273055687,10297.777182213345,10336.63671875,57800
2023-04-27,10326.921395348838,10482.35953488372,10103.479069767442,10443.5,49200
2023-04-28,10550.364016354739,10608.6533203125,10288.062148544815,10608.6533203125,47000
2023-05-01,10540.649617513021,10773.806844075521,10472.645426432291,10725.232421875,53300
2023-05-02,11016.679115853658,11298.410768728223,10890.385616289199,11152.6875,74300
2023-05-08,11346.984495708155,11512.13752347103,11269.265423819743,11317.83984375,76100
2023-05-09,11269.265184671222,11424.703325149445,11181.83123065222,11376.12890625,36700
2023-05-10,11278.980092952388,11395.5586985643,11055.53776552956,11133.2568359375,61600
2023-05-11,11191.546954855196,11434.419067590768,11191.546954855196,11405.2744140625,53300
2023-05-12,11657.860759847807,11657.860759847807,10637.797943361124,10851.525390625,265800
2023-05-15,10880.670154816515,11249.835749354932,10424.070603676892,10589.2236328125,137900
2023-05-16,10579.508678805443,10880.670082885305,10424.070534764225,10841.810546875,65800
2023-05-17,10744.662190755209,10919.530110677084,10472.645426432291,10492.0751953125,62700
2023-05-18,10598.937751510908,10754.375885355248,10239.487066995873,10297.7763671875,81100
2023-05-19,10443.500105297293,10443.500105297293,10142.338706911976,10181.1982421875,49900
2023-05-22,10385.210680118636,10385.210680118636,10113.193936392425,10210.3427734375,33600
2023-05-23,10297.7772287546,10666.942827521274,10200.628386973896,10560.0791015625,80100
2023-05-24,10424.070502387152,10628.08306580759,10142.3388671875,10142.3388671875,73900
2023-05-25,10132.62438698948,10132.62438698948,9714.884359529702,9812.033203125,79800
2023-05-26,9802.318197417942,9889.752155571323,9617.735396871914,9841.177734375,60000
2023-05-29,10074.33524827597,10074.33524827597,9666.310098394011,9773.173828125,47900
2023-05-30,9773.173470960659,10152.05395343329,9695.45439763294,10093.7646484375,58900
2023-05-31,10084.049652614916,10530.934319301126,9880.037087388602,10356.06640625,79700
2023-06-01,10346.351335081335,10783.521109803083,10103.479238013699,10637.7978515625,80700
2023-06-02,10764.09093962104,10851.524891296664,10521.218851633203,10734.9462890625,48100
2023-06-05,10783.520626905487,10783.520626905487,10482.359240027947,10754.3759765625,66000
2023-06-06,10841.811324920238,10929.245287217982,10637.798746225502,10657.228515625,49900
2023-06-07,10725.231780133929,10977.81876046317,10569.793638392857,10880.669921875,78600
2023-06-08,10705.802525967894,10715.517410292729,10268.63273135033,10288.0625,74800
2023-06-09,10453.215657552084,10569.794270833334,10336.637044270834,10492.0751953125,39500
2023-06-12,10492.07587840026,11249.8369140625,10443.501453037296,11249.8369140625,92200
2023-06-13,11269.265830417726,11609.286782197572,11220.691408734892,11453.8486328125,75600
2023-06-14,11609.28669579192,11609.28669579192,11220.691325221478,11240.12109375,45600
2023-06-15,11269.265746542784,11414.989010506699,11152.68713537165,11240.12109375,41100
2023-06-16,11181.83146794528,11512.13752347103,11181.83146794528,11317.83984375,43400
2023-06-19,11366.414077222047,11628.715940542557,11074.967562421481,11599.5712890625,57900
2023-06-20,11599.571107803557,11881.302734375,11308.124597557236,11881.302734375,63600
2023-06-21,11706.434962036526,12337.902408121483,11667.575426892836,12085.3154296875,84900
2023-06-22,11997.881622314453,12163.03464869449,11725.864872982627,11813.298828125,47200
2023-06-23,12104.745928010607,12211.60965610701,11395.559368825396,11677.291015625,54700
2023-06-26,11327.554808415734,11619.001330073086,11220.691083808038,11298.41015625,39700
2023-06-27,11074.967975633259,11201.261470092235,10822.380986715309,11026.3935546875,43200
2023-06-28,11191.546997389034,11249.836304667102,11036.10884464752,11162.40234375,40900
2023-06-29,11356.699541747415,11492.707919492894,11172.116743378552,11278.98046875,33100
2023-06-30,11152.68713537165,11259.550862278522,10987.534102879214,11240.12109375,22200
2023-07-03,11317.840738304682,11405.274701089867,11162.402582242128,11337.2705078125,28200
2023-07-04,11210.976320043103,11317.840045797413,11065.253057650862,11269.265625,31000
2023-07-05,11123.541634227415,11210.9755859375,10997.24814842396,11210.9755859375,29600
2023-07-06,10987.534135618795,10987.534135618795,10754.37691258179,10764.091796875,38500
2023-07-07,10637.7979828209,10987.533806913643,10501.789606784834,10841.810546875,36500
2023-07-10,10589.222686055318,10948.673364389308,10511.503620469592,10822.3798828125,30800
2023-07-11,10822.381877175989,10948.675382026337,10764.09256724506,10812.6669921875,23300
2023-07-12,10929.244244684938,11084.682385053791,10666.9423828125,10666.9423828125,35800
2023-07-13,10686.372384656652,11317.83984375,10686.372384656652,11317.83984375,40400
2023-07-14,11492.707230210102,11628.715599798388,11308.124442911716,11444.1328125,32600
2023-07-18,11463.563144329897,11463.563144329897,11298.410115979383,11308.125,15700
2023-07-19,11346.984864936441,11512.137898073359,11249.836021914725,11463.5634765625,33500
2023-07-20,11376.129720759121,11463.563681038228,11104.112955446351,11181.83203125,31200
2023-07-21,11055.539116899708,11152.687966784591,10802.952107199013,10812.6669921875,43100
2023-07-24,10958.38980836237,11230.406576655052,10948.674923780489,11152.6875,44000
2023-07-25,11142.972370194966,11152.687254563052,10919.530029728981,10977.8193359375,29600
2023-07-26,10977.819100215516,11298.410277478448,10977.819100215516,11269.265625,22600
2023-07-27,11308.125367763994,11550.99747617817,11210.976524398324,11453.8486328125,38600
2023-07-28,11463.563267118863,11502.42280361757,11036.108365633074,11278.98046875,42100
2023-07-31,11288.695679229502,11550.997558178899,11230.406372796304,11434.4189453125,39700
2023-08-01,11444.133012308184,11580.1413842711,11317.839524056906,11395.55859375,33500
2023-08-02,11346.98539256641,11346.98539256641,11133.257927980398,11337.2705078125,35000
2023-08-03,11201.26108921596,11201.26108921596,10880.669921875,10880.669921875,40600
2023-08-04,10900.09956271331,11414.988401237202,10900.09956271331,11385.84375,42300
2023-08-07,11376.129838720213,11648.146606853574,11152.687493467809,11619.001953125,52100
2023-08-08,11667.576126071626,11706.43566354397,10851.525839152378,10977.8193359375,85200
2023-08-09,10851.525050101902,11240.120396569293,10841.810166440217,11172.1162109375,61200
2023-08-10,10977.819653111646,11667.576463174413,10443.50099742922,11366.4150390625,185200
2023-08-14,11172.116493866823,11395.558823744159,10375.496013434578,10394.92578125,100000
2023-08-15,10404.640989141948,10579.508904925848,10093.764694415018,10317.20703125,61600
2023-08-16,10200.628745069782,10249.203167665351,9909.182209496359,10006.3310546875,71300
2023-08-17,9841.177076531405,9880.036610890858,9637.164521144277,9763.4580078125,51000
2023-08-18,9627.450640796189,9860.607871249376,9481.727371762949,9753.744140625,45900
2023-08-21,9695.455098684211,10346.352384868422,9695.455098684211,10152.0546875,55600
2023-08-22,10297.777293620435,10297.777293620435,9666.309818068237,9841.177734375,57000
2023-08-23,9812.032960906743,9880.03714974471,9763.458540308195,9870.322265625,24500
2023-08-24,9938.325670553599,9948.040553907023,9802.31730360565,9821.7470703125,21900
2023-08-25,9860.607948228862,10006.331218399731,9695.454908701877,9967.4716796875,50300
2023-08-28,9967.47071986607,10200.6279296875,9957.755836123511,10200.6279296875,27300
2023-08-29,10200.628662109375,10647.513346354166,10064.620279947916,10492.0751953125,65200
2023-08-30,10540.648860677084,10589.22327938988,10152.053510974702,10200.6279296875,33900
2023-08-31,10249.202801622765,10356.066527516463,10190.91349658984,10326.921875,30500
2023-09-01,10365.781488254883,10365.781488254883,9996.615886986197,10074.3349609375,34200
2023-09-04,10560.079547230114,10812.666546519888,10375.496740056818,10686.373046875,99400
2023-09-05,10764.092660432858,11385.8453050788,10725.233120142488,11249.8369140625,95900
2023-09-06,11094.396944331711,11356.698798532198,11006.962992931549,11220.6904296875,42800
2023-09-07,11249.83584981569,11356.699575504786,10929.244672748404,11036.1083984375,43200
2023-09-08,10880.669801869992,11045.822825648374,10793.235848104965,10909.814453125,35600
2023-09-11,10909.814807016915,10909.814807016915,10501.789676211296,10589.2236328125,32700
2023-09-12,10861.240262966034,10948.674218571305,10511.504440544944,10618.3681640625,28600
2023-09-13,10560.079053835761,10560.079053835761,10317.206950481674,10336.63671875,26100
2023-09-14,10346.352415620611,10511.50545887465,10278.348221339536,10375.4970703125,24700
2023-09-15,10375.496082525144,10375.496082525144,10064.619795408285,10142.3388671875,43100
2023-09-19,9957.756713392206,10054.90555937652,9831.463213612597,9986.9013671875,52200
2023-09-20,9928.61106845026,10317.206413595086,9928.61106845026,10229.7724609375,51200
2023-09-21,10181.198474336936,10181.198474336936,9870.322185044204,9889.751953125,35400
2023-09-22,9812.033007624519,10200.628374263113,9782.888355126624,10093.7646484375,39100
2023-09-25,10093.764575997653,10394.925982981222,10045.190155516433,10346.3515625,26100
2023-09-26,10132.623823093094,10346.35126710848,10122.908939274213,10181.1982421875,22600
2023-09-27,10084.049770696143,10326.921875,10084.049770696143,10326.921875,25000
2023-09-28,10576.703537946429,10576.703537946429,10205.933487723214,10244.9619140625,24000
2023-09-29,10352.28993361209,10537.674955985916,10283.990188526996,10391.318359375,28500
2023-10-02,10391.317779597635,10557.188579835343,10362.046461908627,10518.16015625,41500
2023-10-03,10557.188579835343,10693.788062384045,10410.831991390307,10518.16015625,56300
2023-10-04,10098.605170898438,10205.933341796876,9757.1064453125,9757.1064453125,56800
2023-10-05,9854.67806117741,10118.11994994156,9805.892526221087,9913.220703125,47700
2023-10-06,9825.406434978506,9825.406434978506,9161.923180183532,9220.4658203125,99200
2023-10-10,9230.222786058921,9679.04968686094,9230.222786058921,9542.4501953125,56500
2023-10-11,9581.478931451613,9659.535786290322,9074.109375,9074.109375,60500
2023-10-12,9093.623809368475,9366.822807933195,8976.53852426931,9347.30859375,45100
2023-10-13,9200.951135267365,9200.951135267365,8830.181100124035,8849.6953125,66700
2023-10-16,8556.982421875,8732.610339313711,8508.196889253135,8556.982421875,41700
2023-10-17,8888.724164386926,9005.80944426908,8674.067817936308,8693.58203125,41500
2023-10-18,8693.58191321622,8722.853232789339,8439.897143582526,8556.982421875,28700
2023-10-19,8420.382977139867,8478.925616610133,8274.026378464203,8449.654296875,39100
2023-10-20,8156.941145833333,8439.89723821272,8127.669825932018,8342.326171875,36400
2023-10-23,8410.626069229014,8498.440030508667,8010.58469006615,8020.341796875,59600
2023-10-24,8195.970104405857,8537.4688587561,7913.013993658511,8498.4404296875,71800
2023-10-25,8644.796877160537,8947.267196790308,8615.525555906042,8820.4248046875,63800
2023-10-26,8527.711187182647,8537.468293804137,8156.9411355660095,8166.6982421875,67400
2023-10-27,8127.669381549401,8244.754654752995,7961.798577844311,8147.18359375,55400
2023-10-30,8098.398317823224,8098.398317823224,7825.199338426777,7961.798828125,49000
2023-10-31,7961.799267344497,8156.94140625,7834.956877055921,8156.94140625,49600
2023-11-01,8283.782830338847,8391.110994218385,8215.483089688232,8332.568359375,54300
2023-11-02,8410.625493600219,9025.323180487474,8410.625493600219,8957.0234375,65100
2023-11-06,9318.036655273438,9815.649083984375,9318.036655273438,9757.1064453125,80200
2023-11-07,9766.863936790474,9952.248966559724,9561.964693361304,9883.94921875,65100
2023-11-08,9874.191571736454,10118.11922914101,9874.191571736454,9903.462890625,43000
2023-11-09,9776.620833588395,10001.03428585639,9766.863726968046,9962.005859375,43800
2023-11-10,9766.863402478448,9922.977103217365,9688.80655210899,9903.462890625,35300
2023-11-13,9952.248716517857,10469.375365513393,9932.734503348214,10244.9619140625,101400
2023-11-14,10732.81663408396,10869.416118517756,10079.090530007938,10371.8037109375,95500
2023-11-15,10596.217714608434,10742.574312876506,10508.40375564759,10527.91796875,82400
2023-11-16,10527.917537355886,10527.917537355886,9932.734062120753,10049.8193359375,57000
2023-11-17,9757.106609857927,9893.706102395938,9610.750010710057,9786.3779296875,61100
2023-11-20,9737.592511292403,10118.119673557338,9708.321191118179,9922.9775390625,42900
2023-11-21,10020.548614885265,10108.362575483092,9805.892266757246,10098.60546875,46900
2023-11-22,10098.605518341064,10118.119731903076,9932.734703063965,9991.27734375,29200
2023-11-24,10001.03428585639,10088.84824543952,9913.220326273262,9962.005859375,34400
2023-11-27,9883.948450132151,10118.118995841107,9776.62028334888,9805.8916015625,23500
2023-11-28,9805.891917248868,9835.163236404835,9581.478470386455,9688.806640625,36000
2023-11-29,9688.807238500438,9932.734913185746,9640.021703563378,9737.5927734375,33000
2023-11-30,9600.993032320664,9630.264352541153,9035.080841391193,9113.1376953125,90100
2023-12-01,9113.137483827628,9249.736975019905,8996.052205662818,9191.1943359375,57800
2023-12-04,9103.380719030689,9835.163735029939,9025.323863990769,9776.62109375,67000
2023-12-05,9737.591511702338,9766.862828871783,9249.736225544906,9288.7646484375,38600
2023-12-06,9318.036802030458,9688.806852791879,9318.036802030458,9610.75,48100
2023-12-07,9464.393270838798,9464.393270838798,9259.49403507837,9298.5224609375,21700
2023-12-08,9210.708548964967,9318.036720616043,9161.923016396298,9191.1943359375,27100
2023-12-11,9308.279521768023,9454.636118022237,9259.493989683286,9405.8505859375,22800
2023-12-12,9405.851570918643,9405.851570918643,8937.510413860453,9054.595703125,46700
2023-12-13,8976.537860576924,9113.137349759616,8742.367307692308,8878.966796875,52700
2023-12-14,9074.108648205955,9259.493663599409,8859.452314592481,8888.7236328125,53600
2023-12-15,8878.96658837146,9054.594498910676,8878.96658837146,8957.0234375,39000
2023-12-18,8976.537419121696,8976.537419121696,8732.609771862955,8859.4521484375,43400
2023-12-19,8800.909637252576,9005.808863840497,8703.338576972614,8996.0517578125,47600
2023-12-20,9074.109498293463,9786.378308374562,8996.052642394163,9737.5927734375,114300
2023-12-21,9542.449924987231,9610.74966882661,9376.579118520174,9552.20703125,42300
2023-12-22,9552.20703125,9718.077837717057,9493.66439367339,9552.20703125,28100
2023-12-25,9552.207565864508,9610.75020671761,9327.794109260949,9357.0654296875,24000
2023-12-26,9425.364528011658,9493.664270968264,9366.82189119171,9415.607421875,23000
2023-12-27,9454.636881510416,10010.7919921875,9454.636881510416,10010.7919921875,61100
2023-12-28,9991.276908023483,10098.605077933891,9844.920312691107,9971.7626953125,34300
2023-12-29,9971.763033281548,10293.747553925668,9893.706179792065,10205.93359375,44100
2024-01-04,9835.163206335616,10079.090865222908,9805.891887269141,9971.7626953125,47300
2024-01-05,9864.43543912989,10059.577584315446,9727.8359375,9727.8359375,51600
2024-01-09,9844.920342790156,9962.005619414023,9542.450044845167,9688.806640625,66900
2024-01-10,9688.807026008015,9942.491802116985,9640.021492140904,9815.6494140625,37300
2024-01-11,9864.434616210938,9874.191722656251,9600.9927421875,9757.1064453125,40100
2024-01-12,9757.106269456419,10215.690264120869,9727.834950648048,10186.4189453125,68700
2024-01-15,10244.961781679764,10244.961781679764,9903.463055623772,9932.734375,9000
2024-01-16,10196.176428845345,10420.589881346246,10098.605362540604,10137.6337890625,41300
2024-01-17,10283.989972795758,10283.989972795758,9835.1630859375,9835.1630859375,43200
2024-01-18,9757.106181210693,9757.106181210693,9308.279296875,9308.279296875,78700
2024-01-19,9366.821622670808,9474.149787097243,9298.521881672166,9425.3642578125,43400
2024-01-22,9571.72139212828,10069.333819241981,9405.85058309038,10040.0625,58900
2024-01-23,10040.062991103685,10430.347266753974,9962.006135973628,10127.876953125,64800
2024-01-24,10176.662109375,10176.662109375,10176.662109375,10176.662109375,16800
2024-01-25,10098.605315290179,10381.56140625,10030.30556919643,10244.9619140625,29400
2024-01-26,10244.961951365083,10244.961951365083,9913.220326273262,9962.005859375,27500
2024-01-29,10059.576591363917,10059.576591363917,9825.406040255542,9903.462890625,16900
2024-01-30,10049.819273888073,10157.147440890762,9962.005319067694,9981.51953125,39800
2024-01-31,9981.520670572916,10020.549099392361,9805.892740885416,10010.7919921875,34900
2024-02-01,10001.033953586822,10196.17607951047,9903.462890625,9903.462890625,29100
2024-02-02,9922.97743289361,10332.775910948212,9893.706113032566,9962.005859375,51100
2024-02-05,9932.734975384246,10186.419758645532,9903.463654238712,10157.1484375,41000
2024-02-06,10127.877445752967,10127.877445752967,9786.378687948194,9864.435546875,32100
2024-02-07,9844.92029732632,9932.734254388695,9688.806595882097,9796.134765625,38900
2024-02-08,9796.134839650145,10069.333819241981,9679.049562682216,10040.0625,35000
2024-02-09,10040.062513990868,10459.61809037727,10040.062513990868,10215.6904296875,51700
2024-02-13,10371.803651617747,10947.472904153445,10215.689956014847,10762.087890625,125100
2024-02-14,10254.718936196623,10557.189237835153,9688.806758937439,9825.40625,285000
2024-02-15,9903.462720948419,10586.460149979344,9776.620341271246,10332.775390625,117100
2024-02-16,10391.317779597635,10820.63043903641,10215.68987346359,10518.16015625,71600
2024-02-19,10410.832558239315,10527.917835370405,10118.119365411594,10215.6904296875,50100
2024-02-20,10166.905050115069,10293.747435577156,10030.305558078973,10069.333984375,37600
2024-02-21,9913.221252196287,9971.763897386421,9698.564886499122,9718.0791015625,62100
2024-02-22,9786.377704478224,9874.191661946123,9542.450044845167,9688.806640625,82700
2024-02-26,9747.34911221591,10079.090723642677,9435.12171322601,9659.53515625,93800
2024-02-27,9708.321467034171,10586.461097218165,9600.993290011682,10440.1044921875,129000
2024-02-28,10332.77570681859,10440.103877522088,10079.090939701231,10215.6904296875,37900
2024-02-29,10215.690857821593,10264.476392004122,9971.763186908947,10059.5771484375,38400
2024-03-01,10118.119517245033,10264.476115855136,9971.762918634933,10069.333984375,36000
2024-03-04,10069.333758867417,10079.090865222908,9874.191631757583,9971.7626953125,40800
2024-03-05,9854.678513099407,9883.949835415544,8996.053058492727,9054.595703125,251600
2024-03-06,9025.323891458107,9308.279991838956,8927.752822361263,8966.78125,110500
2024-03-07,9025.324164496527,9054.595486111111,8761.882269965277,8781.396484375,66400
2024-03-08,8683.8251953125,8791.153371883778,8615.525446585323,8683.8251953125,54500
2024-03-11,8537.468429617038,8683.825031267615,8469.168682180101,8654.5537109375,50500
2024-03-12,8625.282611851093,8957.024250768443,8547.225755635247,8927.7529296875,36200
2024-03-13,9103.380580052539,9113.13768678357,8849.695805045716,8937.509765625,58700
2024-03-14,8947.266814279084,9025.323667620669,8742.367574257425,8869.2099609375,28000
2024-03-15,8761.882435116526,8781.396649894068,8576.497394729873,8635.0400390625,46100
2024-03-18,8781.396000928218,8888.724174272897,8625.28229424505,8869.2099609375,27600
2024-03-19,8869.2099609375,8898.481280940594,8713.096254254331,8869.2099609375,24100
2024-03-21,8908.237803560534,9083.865712064466,8908.237803560534,8996.0517578125,41900
2024-03-22,8917.995484357463,8917.995484357463,8693.58203125,8693.58203125,39700
2024-03-25,8683.82552461846,8703.339739280524,8391.1123046875,8391.1123046875,45000
2024-03-26,8478.925057265538,8810.666659045777,8391.111103853122,8752.1240234375,51100
2024-03-27,8859.45266253592,8859.45266253592,8488.6826171875,8488.6826171875,36800
2024-03-28,8596.011501247891,8800.910753831553,8459.41199952545,8674.068359375,57900
2024-03-29,8810.666905616554,9025.3232421875,8683.82452491554,9025.3232421875,46400
2024-04-01,8859.452376089324,9103.380029616013,8771.638420819718,8957.0234375,35800
2024-04-02,8810.666516755757,8986.294420744243,8713.095458984375,8898.48046875,67200
2024-04-03,8898.481115480132,9200.951416554566,8703.33898575469,8839.9384765625,86600
2024-04-04,8878.966997931984,8976.538063843325,8605.768013380231,8625.2822265625,60000
2024-04-05,8478.924795987612,8781.395070643097,8342.32531711094,8761.880859375,62800
2024-04-08,8908.238608541893,9093.623639825897,8839.938860174103,8966.78125,59300
2024-04-09,8966.780481399217,8996.051799619237,8742.367041712403,8888.7236328125,29100
2024-04-10,8986.295341345476,9161.923263326169,8615.525283830679,8654.5537109375,63600
2024-04-11,8635.039821428572,8908.238821428571,8537.46875,8537.46875,79000
2024-04-12,8596.010944353071,8742.36754385965,8342.326171875,8342.326171875,71700
2024-04-15,8215.48354050466,8274.026178560513,7952.041669253324,7981.31298828125,55700
2024-04-16,7961.799217827627,8420.383241403482,7952.0421109430345,8264.26953125,84600
2024-04-17,8010.584454207336,8049.612880293608,7552.000447693639,7747.142578125,124600
2024-04-18,7659.328729393186,7913.013502596018,7434.915276175297,7795.92822265625,64700
2024-04-19,7659.328806726007,7669.085913486168,7122.687934917179,7142.2021484375,107600
2024-04-22,6995.845391498349,7230.015948535951,6849.488793349848,7200.74462890625,86900
2024-04-23,7317.829955886778,7317.829955886778,7093.41650390625,7093.41650390625,29600
2024-04-24,7161.7163038793105,7298.315797413793,7034.873917025862,7073.90234375,60100
2024-04-25,7025.116967429578,7044.631181227994,6790.946401848591,6927.5458984375,74500
2024-04-26,7054.3879589706785,7054.3879589706785,6800.703191428164,6956.81689453125,63700
2024-04-30,6956.817000589518,6956.817000589518,6820.217508291828,6917.78857421875,55400
2024-05-01,6829.974517399585,7171.473243269564,6790.946091585873,7044.630859375,59300
2024-05-02,7190.987790285886,7503.215211302369,7103.173828125,7103.173828125,95100
2024-05-07,7190.987451109831,7678.8427734375,7190.987451109831,7678.8427734375,74400
2024-05-08,7473.943801685751,7873.985180104963,7366.615626987914,7669.0859375,78800
2024-05-09,7659.328940448206,7756.900009753279,7434.915481046539,7717.87158203125,62800
2024-05-10,7747.1427335726885,7893.499334332878,7493.457958921694,7600.7861328125,57400
2024-05-13,7854.470696377394,8176.455209396592,7698.356993095359,7766.65673828125,114200
2024-05-14,7620.300239962484,7834.956584750159,7542.24338731242,7639.814453125,58100
2024-05-15,7776.413994191224,7776.413994191224,7444.672368341159,7532.486328125,38800
2024-05-16,7669.085345381724,7864.227466129351,7649.571133306962,7708.11376953125,46100
2024-05-17,7678.843091521499,7678.843091521499,7464.186740805524,7473.94384765625,58100
2024-05-20,7542.243176168647,7542.243176168647,7064.144967071281,7083.6591796875,139700
2024-05-21,7112.930700334821,7317.829938616072,6829.974609375,6829.974609375,126400
2024-05-22,6712.889245624048,6712.889245624048,6371.390519465848,6410.4189453125,153100
2024-05-23,6342.119465139586,6410.419213225705,6244.548396445131,6312.84814453125,87900
2024-05-24,6186.005755228458,6527.504495659051,6029.89204531733,6312.84814453125,76700
2024-05-27,6244.547811059908,6439.6899301555295,6146.976751512097,6351.8759765625,76700
2024-05-28,6361.6334062741125,6498.232896592882,6254.305235309365,6322.60498046875,53200
2024-05-29,6127.462761492769,6127.462761492769,5873.777997481921,5903.04931640625,105200
2024-05-30,5834.749407898152,5981.10599839727,5766.449665665231,5873.77783203125,78500
2024-05-31,5805.478476499899,6117.705890362079,5785.964263133514,6088.4345703125,70500
2024-06-03,6176.248548473011,6488.475963245739,6166.491441761364,6439.6904296875,65600
2024-06-04,6351.8764819016105,6829.974711722161,6351.8764819016105,6703.13232421875,96000
2024-06-05,6664.103673577133,6878.760014453703,6547.018396735368,6605.56103515625,58000
2024-06-06,6634.832514437408,6634.832514437408,6498.233021493108,6547.0185546875,28600
2024-06-07,6449.447430346386,6556.775602409639,6371.390577936747,6478.71875,32500
2024-06-10,6478.718725119426,6537.261364201831,6127.462890625,6127.462890625,73000
2024-06-11,6127.4626494617,6537.261106909775,6107.948437202267,6400.66162109375,61600
2024-06-12,6420.1762619018555,6459.204689025879,6176.248592376709,6244.54833984375,39700
2024-06-13,6303.090678929571,6576.28965572528,6303.090678929571,6537.26123046875,55900
2024-06-14,6381.147418350563,6527.504010514567,6254.305038475094,6488.4755859375,55400
2024-06-17,6468.961696474934,6566.532762786774,6351.876416900727,6459.20458984375,27800
2024-06-18,6537.261772097875,6566.533093465478,6400.6622723823975,6429.93359375,17600
2024-06-19,6410.418727223466,6478.718470131478,6361.633196574886,6400.66162109375,17100
2024-06-20,6400.6621631307335,6498.2332326906535,6303.091093570814,6381.14794921875,18800
2024-06-21,6381.1475215109685,6586.046753853064,6381.1475215109685,6449.447265625,29000
2024-06-24,6410.418727223466,6625.07506207722,6390.904514964034,6400.66162109375,16900
2024-06-25,6400.66162109375,6498.232682390911,6303.090559796589,6400.66162109375,15600
2024-06-26,6361.63384389226,6517.747557852807,6342.119629647193,6429.93359375,22500
2024-06-27,6517.746841755319,6625.075008311171,6371.39025099734,6420.17578125,44000
2024-06-28,6517.747123099662,6683.617933118665,6429.9331648543075,6498.23291015625,42000
2024-07-01,6595.80394655258,6615.3181594122025,6137.219944351439,6146.97705078125,80400
2024-07-02,6244.54833984375,6322.605194091797,6205.519912719727,6244.54833984375,27400
2024-07-03,6361.6337890625,6488.476180562213,6273.819825716546,6361.6337890625,38200
2024-07-04,6420.175991586539,6420.175991586539,6225.033864182692,6342.119140625,27800
2024-07-05,6381.147736794279,6459.20458984375,6283.57667048244,6459.20458984375,33100
2024-07-08,6449.44715174233,6556.775319169207,6361.633196574886,6400.66162109375,29100
2024-07-09,6361.633196574886,6439.690045612614,6303.090559796589,6400.66162109375,19400
2024-07-10,6439.690590954701,6439.690590954701,6264.0626657468465,6381.14794921875,32300
2024-07-11,6420.1762619018555,6420.1762619018555,6205.519912719727,6244.54833984375,41900
2024-07-12,6244.548319327731,7210.50188747374,6234.791212578782,6966.57421875,220100
2024-07-16,6839.731681080675,7230.015942483282,6839.731681080675,7112.9306640625,71600
2024-07-17,7230.01580570251,7434.9150390625,7142.201848548229,7434.9150390625,73600
2024-07-18,7444.6723103043305,7678.842867902369,7366.615457771651,7464.1865234375,78200
2024-07-19,7386.12944691639,7600.7857848716885,7366.615234375,7366.615234375,64600
2024-07-22,7356.8584929871195,7415.401133514869,6995.845543066001,7054.38818359375,46200
2024-07-23,7200.744562629848,7278.801414257272,7005.602433561288,7044.630859375,33700
2024-07-24,6898.274302077769,7083.65932575454,6829.974556512642,6849.48876953125,28000
2024-07-25,6644.589346749442,6781.188834054129,6527.504071916853,6556.775390625,59600
2024-07-26,6576.289884570028,6829.974657565312,6576.289884570028,6722.646484375,36800
2024-07-29,6820.217345326885,6976.331047079719,6693.374962652709,6888.51708984375,31600
2024-07-30,6956.817273156118,7034.874128955906,6761.675133656648,6908.03173828125,34900
2024-07-31,6722.646133399906,6810.460088698308,6322.604781484963,6488.4755859375,92100
2024-08-01,6468.9614345005575,6566.5324968610485,6264.062203543526,6556.775390625,42100
2024-08-02,6166.491528999591,6166.491528999591,5942.078071456885,5961.59228515625,92500
2024-08-05,5493.251133382756,5756.693017221715,5200.537929117245,5346.89453125,87800
2024-08-06,5639.607346508108,6020.134485805367,5639.607346508108,5942.07763671875,67600
2024-08-07,5864.02101475418,6312.847914385948,5834.749695212978,6127.462890625,76900
2024-08-08,6195.76302280918,6586.047307710546,6195.76302280918,6429.93359375,140000
2024-08-09,6059.162781479779,6303.0904296875,5590.821696920956,5805.47802734375,138100
2024-08-13,6000.6203014445755,6205.51953125,5864.020814907626,6205.51953125,70600
2024-08-14,6205.519840655941,6244.5482673267325,5893.292427289604,5912.806640625,68500
2024-08-15,5951.835062356051,5961.592169015651,5785.964249142849,5824.99267578125,49600
2024-08-16,5922.563710322343,6195.7626953125,5922.563710322343,6195.7626953125,54600
2024-08-19,6244.5480537720705,6293.333585442165,6068.920139759731,6078.67724609375,28700
2024-08-20,6195.762419358529,6664.103515625,6195.762419358529,6664.103515625,46900
2024-08-21,6478.718970233679,6712.889535422849,6468.961863350797,6576.2900390625,32400
2024-08-22,6634.832454819277,6790.9461596385545,6400.661897590361,6478.71875,63000
2024-08-23,6527.504242478755,6673.86083984375,6351.876325640762,6673.86083984375,43700
2024-08-26,6829.974415676653,7181.230242768595,6761.674671519887,7083.6591796875,82200
2024-08-27,7083.659402598506,7210.5017885954485,6976.3312298318615,7181.23046875,43400
2024-08-28,7142.2020475041945,7288.558646838297,7034.873874659186,7269.04443359375,48500
2024-08-29,7073.9024507519935,7200.744839524098,6966.5742756371355,7034.8740234375,42700
2024-08-30,7151.958998678845,7337.344020472703,7112.930573038033,7327.5869140625,56700
2024-09-02,7376.372992114486,7454.429849173899,7249.5305993929405,7308.0732421875,52400
2024-09-03,7220.258859272876,7610.5431219362745,7190.9875395731215,7464.1865234375,70900
2024-09-04,7249.530330729167,7464.1866796875,7220.259010416667,7317.830078125,62600
2024-09-05,7171.473167599655,7620.300059721539,7171.473167599655,7434.9150390625,56800
2024-09-06,7405.6436509037785,7532.486032276307,7220.258631974698,7278.80126953125,50800
2024-09-09,6986.088336447011,7259.287321671196,6947.059909986413,7181.23046875,37900
2024-09-10,7171.47352244756,7259.287483946918,7122.68798828125,7122.68798828125,29300
2024-09-11,7122.687834259648,7356.858393194212,7093.416514392828,7269.04443359375,47800
2024-09-12,7415.40114974473,7581.271964936388,7347.101402312871,7405.64404296875,40900
2024-09-13,7512.972377232143,7512.972377232143,7171.4736328125,7171.4736328125,24600
2024-09-17,7161.716202733317,7249.530161622417,7034.873817671282,7200.74462890625,33000
2024-09-18,7298.315797413793,7298.315797413793,7054.388130387932,7073.90234375,33200
2024-09-19,7171.473320855034,7454.429411065641,7083.659361824157,7376.37255859375,46200
2024-09-20,7512.972158878408,7512.972158878408,7278.801598082197,7337.34423828125,43700
2024-09-24,7630.057452964537,7795.928267159418,7473.943745487002,7600.7861328125,71800
2024-09-25,7571.514738884229,7571.514738884229,7269.04443359375,7269.04443359375,49300
2024-09-26,7269.04432142103,7317.829853779561,7132.444830817145,7220.2587890625,41300
2024-09-27,7281.263945206352,7359.980312181556,7182.868486487348,7241.90576171875,31900
2024-09-30,6995.917206621503,7202.54767263986,6936.879930616258,7035.275390625,29300
2024-10-01,7064.794242763387,7113.991974258954,6936.880140874913,7074.6337890625,21500
2024-10-02,6927.040543002915,6946.719635454628,6749.9287109375,6749.9287109375,48500
2024-10-03,6887.682188177384,6887.682188177384,6759.768090396948,6808.9658203125,30000
2024-10-04,6740.08889195539,6927.040262681159,6740.08889195539,6789.28662109375,34500
2024-10-07,6887.682138929619,6936.879868493402,6651.533037023461,6710.5703125,53700
2024-10-08,6612.175013075314,7104.152320595799,6543.298190022447,7054.95458984375,70500
2024-10-09,7113.99199176957,7113.99199176957,6877.842880009584,6897.52197265625,31400
2024-10-10,6907.361411950107,6966.398688975322,6838.484588754024,6877.8427734375,22200
2024-10-11,6838.484694716253,7330.46201088289,6838.484694716253,6897.52197265625,77600
2024-10-15,6907.361349014038,7359.98046875,6848.324072526739,7359.98046875,86000
2024-10-16,7212.387447661356,7635.487939133987,7143.510623468137,7527.2529296875,101400
2024-10-17,7527.252912850216,7792.920662715517,7487.894727684986,7704.36474609375,81000
2024-10-18,7733.88312108867,7842.118126600089,7497.734018154665,7566.61083984375,39900
2024-10-21,7605.969283180675,7783.08111642421,7586.290190598061,7704.36474609375,21500
2024-10-22,7655.16680163872,7674.845893673781,7163.189500762195,7261.5849609375,51100
2024-10-23,7143.510396634615,7143.510396634615,6818.805378605769,7035.275390625,65000
2024-10-24,7015.596298623252,7074.633574628496,6907.361292613636,7035.275390625,26100
2024-10-25,7084.47321911023,7084.47321911023,6808.965927255944,6828.64501953125,26900
2024-10-28,6759.768227363227,7192.708259392312,6759.768227363227,7104.15234375,27000
2024-10-29,7104.152235955979,7517.41316934954,7104.152235955979,7487.89453125,30500
2024-10-30,7635.487830725754,7724.043746288295,7340.301445517284,7507.57373046875,28600
2024-10-31,7507.573881048387,7674.846169354839,7379.659778225807,7625.6484375,22600
2024-11-01,7478.054985216821,7615.808629681341,7379.65952488502,7487.89453125,24200
2024-11-05,7566.611069432947,7576.450615687087,7350.141051841888,7428.857421875,18900
2024-11-06,7478.05482831275,7566.610740753295,7300.943003431658,7369.81982421875,37100
2024-11-07,7478.055238115026,7615.808887238198,7340.301588991855,7399.3388671875,45500
2024-11-08,7438.696636652542,7694.524827860169,7359.980270127118,7546.931640625,43100
2024-11-11,7497.734065358232,7665.00634765625,7428.857243235519,7665.00634765625,34000
2024-11-12,7576.450252983514,7812.599351777805,7428.857066237082,7497.73388671875,66300
2024-11-13,7182.868579898461,7291.103585896931,6582.656273906945,6631.85400390625,164900
2024-11-14,6543.297983805339,6641.693442208427,6376.02570452009,6612.1748046875,67600
2024-11-15,6690.8912109375,6907.361220703125,6513.779384765625,6887.68212890625,77500
2024-11-18,6877.842640679003,6877.842640679003,6405.54443359375,6405.54443359375,53300
2024-11-19,6700.730805540529,7389.4990234375,6602.335345840962,7389.4990234375,195300
2024-11-20,7389.4991304314,7704.364606029009,7222.22684652017,7409.17822265625,118600
2024-11-21,7113.991745788927,7182.868567670701,6789.286728346279,6808.9658203125,82700
2024-11-22,6808.9657617187495,7320.6221484375,6808.9657617187495,6887.68212890625,66300
2024-11-25,6927.040278751753,7143.5102874627455,6769.607545143758,7015.59619140625,184300
2024-11-26,7045.114996795439,7133.670911559627,6818.805436842513,6956.55908203125,40100
2024-11-27,6917.200716853487,6917.200716853487,6690.891162817029,6789.28662109375,30900
2024-11-28,6720.409862470825,7133.670791056146,6720.409862470825,7113.99169921875,52900
2024-11-29,7113.991624735169,7153.349807997881,6897.5216167902545,6966.3984375,21000
2024-12-02,6946.7195231681035,7271.424543372845,6897.521792834052,7133.6708984375,48800
2024-12-03,7241.905737004104,7251.745282842425,7143.510278620896,7192.7080078125,20700
2024-12-04,7222.2270326005655,7399.3388671875,7133.671115307097,7399.3388671875,26400
2024-12-05,7379.659403925357,7478.0548626443615,7241.90576171875,7241.90576171875,28800
2024-12-06,7241.9060989295585,7251.745645259625,7123.83154296875,7123.83154296875,25700
2024-12-09,7419.017513020834,7832.278435496794,7379.659329927885,7674.845703125,104000
2024-12-10,7556.77140077821,7665.006407820606,7497.73412420963,7586.2900390625,42900
2024-12-11,7546.931938171387,7635.487854003906,7497.73420715332,7556.771484375,21500
2024-12-12,7507.573837060866,7743.722948580474,7507.573837060866,7527.2529296875,38800
2024-12-13,7478.055068848945,7753.562360859169,7458.3759765625,7458.3759765625,37000
2024-12-16,7458.375953218377,7576.45050656748,7350.140945981699,7409.17822265625,21000
2024-12-17,7409.1780415410585,7409.1780415410585,7241.90576171875,7241.90576171875,38300
2024-12-18,7212.387182885474,7291.103550502232,7163.189453125,7163.189453125,40200
2024-12-19,7035.275543086958,7359.98056815251,7035.275543086958,7153.35009765625,39700
2024-12-20,7153.350159455407,7261.585168745653,7074.6337890625,7074.6337890625,33000
2024-12-23,7054.954635515173,7261.585106011434,7054.954635515173,7153.35009765625,32500
2024-12-24,7192.708150906033,7212.387242974175,6986.077684190538,7084.47314453125,21900
2024-12-25,7084.473012359747,7182.868470864744,6956.558916303252,7015.59619140625,32500
2024-12-26,7015.596274620379,7074.633550423636,6976.238090751541,6986.07763671875,30800
2024-12-27,6986.0776022756745,7241.9057961618255,6986.0776022756745,7113.99169921875,29800
2024-12-30,7192.70840818939,7241.90614011955,6995.91748046875,6995.91748046875,22300
2025-01-06,7015.596347741914,7045.114985951206,6730.24951171875,6730.24951171875,49200
2025-01-07,6868.003012589928,6868.003012589928,6740.088916366906,6838.484375,22100
2025-01-08,6799.126571236922,6877.842942539231,6740.089292760191,6818.8056640625,25000
2025-01-09,6818.805557361387,6858.163742396662,6749.9287335496565,6799.12646484375,31600
2025-01-10,6759.768319189021,6779.447411821304,6631.854217079185,6671.21240234375,36700
2025-01-14,6671.21206302966,6671.21206302966,6356.346596927966,6385.865234375,48600
2025-01-15,6405.544308793431,6444.90249195038,6120.197480905551,6159.5556640625,53500
2025-01-16,6248.111985635682,6366.186542844545,6179.235160597178,6189.07470703125,25700
2025-01-17,6159.55590089813,6248.11181640625,6070.99998539001,6248.11181640625,28100
2025-01-20,6248.111674305825,6366.186225631289,6189.0743986430925,6356.3466796875,29200
2025-01-21,6356.346621452121,6435.06298828125,6257.951162915711,6435.06298828125,27600
2025-01-22,6435.063071536578,6464.5817094794065,6336.66761172715,6405.54443359375,26600
2025-01-23,6405.544578552246,6405.544578552246,6149.716377258301,6297.3095703125,35900
2025-01-24,6287.469744264539,6523.6188426406725,6287.469744264539,6513.779296875,37600
2025-01-27,6513.7792716062595,6602.335183153777,6454.741997241248,6464.58154296875,19100
2025-01-28,6464.581617082868,6651.532988048735,6356.346612839472,6612.1748046875,26700
2025-01-29,6730.249657550148,6848.324212945765,6582.656463305628,6622.0146484375,28300
2025-01-30,6572.816571469033,6592.495663000377,6464.5815680466385,6513.779296875,34000
2025-01-31,6415.3840866673045,6474.421363538476,6356.346809796133,6425.2236328125,31700
2025-02-03,6395.705055414244,6395.705055414244,6228.432769349564,6346.50732421875,21100
2025-02-04,6356.346824249508,6425.22364742249,6228.432724071113,6248.11181640625,32800
2025-02-05,6248.111543610622,6316.988363776409,6248.111543610622,6287.4697265625,19400
2025-02-06,6287.470046784158,6405.544601653343,6238.272315588663,6346.50732421875,33100
2025-02-07,6346.50732421875,6385.865509175145,6287.470046784158,6346.50732421875,19700
2025-02-10,6346.507123464562,6543.298042021603,6297.309393825301,6533.45849609375,34200
2025-02-12,6602.335618097979,6602.335618097979,6366.186505081062,6543.29833984375,38900
2025-02-13,7084.473414179104,7123.831599813433,6494.100629664179,6592.49609375,107900
2025-02-14,6592.495782338429,6700.730787720105,6356.3466796875,6356.3466796875,46200
2025-02-17,6444.90249195038,6474.4211293180915,6159.5556640625,6159.5556640625,41200
2025-02-18,6169.395217895508,6189.074309499641,5982.44384765625,5982.44384765625,40800
2025-02-19,5992.283524676068,6100.518530868902,5933.246248570885,6051.32080078125,19400
2025-02-20,6011.962534290301,6139.876630764563,6011.962534290301,6080.83935546875,29200
2025-02-21,6080.839379765249,6198.913930828652,6051.320741999399,6130.037109375,20000
2025-02-25,5972.604545593262,5972.604545593262,5608.54133605957,5667.57861328125,90100
2025-02-26,5667.5783405172415,5884.048346578664,5657.738794787177,5706.9365234375,59300
2025-02-27,5687.2574898246285,5697.097035654775,5559.343394032725,5628.22021484375,45200
2025-02-28,5618.381026940152,5618.381026940152,5283.83644740256,5333.0341796875,73600
2025-03-03,5411.750139508928,5451.108322341721,5224.798771053165,5303.51513671875,48400
2025-03-04,5254.317696370285,5254.317696370285,5047.687225164713,5087.04541015625,63100
2025-03-05,5067.36623441256,5165.7616952749395,5018.16850398137,5116.56396484375,57100
2025-03-06,5214.959257292657,5264.15698613504,5136.242891144843,5175.60107421875,25400
2025-03-07,5116.563916973039,5136.243008961397,5018.16845703125,5018.16845703125,25300
2025-03-10,5018.168733016304,5028.00827955163,4959.131453804348,4978.810546875,32000
2025-03-11,4919.773117250759,4919.773117250759,4654.105368919219,4860.73583984375,101200
2025-03-12,4845.976569448974,5313.355020309536,4845.976569448974,5185.44091796875,92800
2025-03-13,5185.440644862288,5323.19428628178,5165.761553230932,5224.798828125,40800
2025-03-14,5155.922065457697,5195.28024916348,5106.724335825466,5146.08251953125,31200
2025-03-17,5195.280505228599,5224.799144462852,5028.008216234496,5057.52685546875,41200
2025-03-18,5116.564111615913,5136.243204352898,4998.489555194008,5008.3291015625,43500
2025-03-19,5008.329186480978,5067.366465692935,4919.773267663043,4978.810546875,49500
2025-03-21,4929.612495117187,5008.328862304687,4900.093857421874,4919.77294921875,37000
2025-03-24,4919.77294921875,4959.131132812499,4870.575219726562,4919.77294921875,71300
2025-03-25,5018.16826687867,5116.5637230919765,4978.810084393346,5028.0078125,115800
2025-03-26,5067.366175796046,5244.478003299598,5008.32889996153,5195.2802734375,52800
2025-03-27,5195.28048637218,5234.638671875,5116.564115366541,5234.638671875,41500
2025-03-28,5283.836489470109,5323.194675611413,5057.526919157609,5205.1201171875,64000
2025-03-31,5067.366280033903,5264.157203530365,5057.52673385908,5214.95947265625,88500
2025-04-01,5273.996513108847,5313.354696042495,4929.6124124394255,4949.29150390625,59000
2025-04-02,4959.131192835366,5283.836211413873,4959.131192835366,5244.47802734375,54100
2025-04-03,4949.291635071998,5087.045278990503,4900.093905101103,5018.16845703125,113600
2025-04-04,4919.7730940056235,5018.168555885736,4767.26012809145,4811.5380859375,74300
2025-04-07,4398.277045964125,4590.1481922645735,4206.405899663677,4388.4375,96600
2025-04-08,4595.0679843993885,4841.056634527836,4595.0679843993885,4727.90185546875,37700
2025-04-09,4659.024935213932,4659.024935213932,4437.63515476554,4531.11083984375,38700
2025-04-10,4806.618312843495,4875.495136159573,4747.581035715427,4811.5380859375,35600
2025-04-11,4752.500913911342,4870.575470778705,4663.94499626082,4831.21728515625,27100
2025-04-14,4900.094131961946,5057.52687515751,4850.896399713331,4880.4150390625,31300
2025-04-15,4870.575236868352,4959.131150265957,4821.377507203014,4855.81591796875,14300
2025-04-16,4831.21700390221,4860.735641400594,4722.981999741469,4757.42041015625,26300
2025-04-17,4722.982088414635,4875.495051686357,4722.982088414635,4841.056640625,18200
2025-04-18,4841.056599069149,4880.414782801418,4772.179777537677,4855.81591796875,20900
2025-04-21,4875.495203896175,4968.970893980965,4831.2172454349575,4959.13134765625,22300
2025-04-22,4919.772882836102,4998.48924896148,4821.37742517938,4885.33447265625,35400
2025-04-23,4900.094109995545,4919.773202806772,4791.859099533796,4831.21728515625,27900
2025-04-24,4860.735816877556,4890.25445544159,4811.5380859375,4811.5380859375,37300
2025-04-25,4939.4520890778185,5096.8848249846815,4939.4520890778185,5018.16845703125,69200
2025-04-28,5096.884652241339,5264.156928473198,5037.847378277153,5254.3173828125,48400
2025-04-30,5333.033748098081,5401.910567722964,5175.601017526919,5254.3173828125,27200
2025-05-01,5214.95947265625,5244.478111180719,5155.922195607311,5214.95947265625,19500
2025-05-02,5234.638373940677,5313.354740466101,5185.440644862288,5224.798828125,25200
2025-05-07,5185.441002765685,5293.676014208612,5146.082816786438,5155.92236328125,24500
2025-05-08,5155.922065457697,5214.9593410163725,5096.884789899021,5146.08251953125,27100
2025-05-09,5185.440751238567,5273.996665396342,5126.403475133385,5244.47802734375,26500
2025-05-12,5234.638398583255,5303.515219617246,5146.082485825268,5273.99658203125,24800
2025-05-13,5303.515169208947,5333.033806514377,5175.60107421875,5175.60107421875,39700
2025-05-14,5175.601477581522,5293.676036005435,5047.687372622283,5205.1201171875,56600
2025-05-15,5185.440820903758,5195.280367053481,4791.858974914859,4875.4951171875,122300
2025-05-16,4821.377467105263,4826.297240030881,4531.110864493824,4580.30859375,165100
2025-05-19,4575.388995709197,4796.778785824158,4462.234214094883,4747.5810546875,108600
2025-05-20,4757.4204692018275,4757.4204692018275,4619.666825833005,4678.7041015625,62100
2025-05-21,4663.944623533576,4703.302806010653,4540.950303292711,4560.62939453125,59700
2025-05-22,4491.752993376359,4727.902110224185,4476.99367357337,4526.19140625,71600
2025-05-23,4540.95068359375,4619.667055140337,4506.512271042118,4540.95068359375,50400
2025-05-26,4747.5809193224,5037.847524752475,4747.5809193224,4968.970703125,122200
2025-05-27,5018.168349378691,5087.045169860359,4900.093799981545,4998.4892578125,49000
2025-05-28,5155.921905577299,5175.6009968199605,5018.16826687867,5028.0078125,40200
2025-05-29,5028.0081173335275,5333.034050087616,5008.32902489778,5264.1572265625,83900
2025-05-30,5854.530037629319,5854.530037629319,5559.343649177421,5765.97412109375,294700
2025-06-02,5864.36952204335,5962.764983822601,5736.455421730324,5844.6904296875,169500
2025-06-03,5923.406838290663,5992.283661991717,5706.936820944492,5716.7763671875,90900
2025-06-04,5795.492403233031,5864.369222965852,5677.417855119625,5834.8505859375,77900
2025-06-05,5933.246236440298,5992.283512424779,5815.171684471336,5825.01123046875,93700
2025-06-06,5884.048784943665,5992.283796037947,5765.974227386267,5785.6533203125,97300
2025-06-09,5884.048346578664,5884.048346578664,5697.096977707435,5706.9365234375,56200
2025-06-10,5706.9368830442845,5785.6532538448955,5598.701873193445,5638.06005859375,136700
2025-06-11,5726.615998053633,5854.530101102941,5638.060080557959,5687.2578125,127900
2025-06-12,5677.418329392818,5697.097422388981,5539.664678419682,5608.54150390625,71400
2025-06-13,5618.381026940152,5618.381026940152,5283.83644740256,5333.0341796875,93000
2025-06-16,5323.194419435409,5362.55260368262,5205.1198666937735,5293.67578125,67500
2025-06-17,5283.836295880012,5490.466765551297,5214.95947265625,5214.95947265625,139700
2025-06-18,5185.440811011905,5273.996726190477,5146.082626488095,5165.76171875,91800
2025-06-19,5165.7615284502735,5283.836077671994,5136.242891144843,5175.60107421875,60400
2025-06-20,5096.884849059466,5175.601217384709,5028.008026774879,5067.3662109375,49600
2025-06-23,4968.970620463214,5008.328803595596,4909.933345764641,4998.4892578125,114600
2025-06-24,5018.1683659957625,5254.317465572034,5018.1683659957625,5224.798828125,76400
2025-06-25,5214.959225344967,5313.354682426948,5155.921951095779,5303.51513671875,57500
2025-06-26,5303.515268179087,5460.948003412603,5303.515268179087,5372.39208984375,59000
2025-06-27,5460.94811209797,5480.627204393818,5303.515373731181,5392.0712890625,52700
2025-06-30,5362.552819058464,5470.787830085333,5333.0341796875,5333.0341796875,46700
2025-07-01,5342.873659311255,5382.231844646881,5136.243186299217,5185.44091796875,62700
2025-07-02,5146.082554955577,5224.798922909007,5008.3289110370715,5018.16845703125,57500
2025-07-03,5018.168625604539,5037.847718253968,4959.13134765625,4959.13134765625,32500
2025-07-04,5028.00780174706,5057.526438547923,4900.093708943318,4914.85302734375,42000
2025-07-07,4914.853292410715,5205.1199032738095,4914.853292410715,5165.76171875,50400
2025-07-08,5264.157265849497,5283.836358432112,5067.366340023348,5136.2431640625,42500
2025-07-09,5234.638457327178,5234.638457327178,5136.242997602983,5195.2802734375,36600
2025-07-10,5136.242891144843,5273.996531903517,5136.242891144843,5175.60107421875,38000
2025-07-11,5155.9222338914415,5303.515427609707,5077.205863908366,5087.04541015625,56900
2025-07-14,5028.00827955163,5067.366465692935,4939.452360733696,4978.810546875,38800
2025-07-15,4978.810141106485,5028.007869773546,4939.451958172837,4949.29150390625,29900
2025-07-16,4929.612387048192,5008.32875251004,4895.173977158634,4900.09375,49800
2025-07-17,4900.093857421874,5008.328862304687,4900.093857421874,4919.77294921875,35800
2025-07-18,4919.773202806772,4968.97093483484,4816.45796554783,4831.21728515625,60600
2025-07-22,4821.377590229995,4929.612597357607,4786.939178871209,4826.29736328125,63400
2025-07-23,4841.056747374747,4914.8533441335085,4831.217201140245,4860.73583984375,50300
2025-07-24,4909.93343834221,4959.1311681853185,4708.222745985466,4791.85888671875,105700
2025-07-25,4782.019274738237,4870.575187233389,4742.661091407058,4757.42041015625,54200
2025-07-28,4772.1796875,4845.97628060567,4747.580823131443,4772.1796875,31900
2025-07-29,4722.982273201252,4737.741592805005,4678.70431438999,4718.0625,56300
2025-07-30,4718.0623931405435,4816.457854937009,4673.784435332133,4698.38330078125,419600
2025-07-31,4718.062333049047,4816.457793592302,4683.623921858908,4777.099609375,83600
2025-08-01,4806.618461320543,4816.4580078125,4727.902089384895,4816.4580078125,42400
2025-08-04,4708.222640141752,4801.698324742268,4698.383094394329,4772.1796875,44000
2025-08-05,4919.773032727616,4978.8103091203475,4811.538026007608,4890.25439453125,56800
2025-08-06,4919.773159898477,4939.452252538072,4816.457923540609,4845.9765625,68000
2025-08-07,4855.816194271612,4998.489618419411,4831.2173280392335,4929.61279296875,75000
2025-08-08,4978.810356185281,5018.168540819157,4880.414894600592,4988.64990234375,112400
2025-08-12,5087.045269421408,5598.70166015625,5087.045269421408,5598.70166015625,350300
2025-08-13,5667.578407039711,5687.257498730822,5372.39203167306,5451.1083984375,107800
2025-08-14,5451.108589158567,5539.664504866919,5411.750404399299,5441.26904296875,44300
2025-08-15,5441.26894769436,5706.936690167683,5441.26894769436,5647.8994140625,98600
2025-08-18,5647.899379125852,5815.171660389161,5647.899379125852,5775.8134765625,71500
2025-08-19,5805.3321144324955,5864.369390172487,5687.257562952513,5775.8134765625,52600
2025-08-20,5677.418251937348,6228.43284831255,5598.701881026605,6090.67919921875,178000
2025-08-21,6100.518700610633,6139.876885775862,5933.246413658406,5992.28369140625,60200
2025-08-22,5992.28344252503,6130.0370848819275,5992.28344252503,6080.83935546875,45100
2025-08-25,6248.111922954278,6346.507386307889,6218.593283948195,6267.791015625,68000
2025-08-26,6435.063032955458,6435.063032955458,6110.3580175311,6130.037109375,49400
2025-08-27,6120.1976703125,6366.18632265625,6120.1976703125,6149.71630859375,57000
2025-08-28,6149.716295684292,6326.828125,6149.716295684292,6326.828125,55200
2025-08-29,6366.186370417076,6405.544555087353,6238.272270238681,6248.11181640625,33700
2025-09-01,6248.111732985159,6385.865377491918,6159.555818659384,6277.63037109375,30600
2025-09-02,6218.592938797923,6307.148850901059,6159.5556640625,6159.5556640625,33100
2025-09-03,6130.037322754685,6238.272331663677,6110.358230225777,6169.3955078125,26700
2025-09-04,6130.0370016543375,6248.111550642864,5982.443815418679,6110.35791015625,56200
2025-09-05,6120.197683921952,6179.234960615733,5962.764946071869,5972.6044921875,57100
2025-09-08,6307.1491085899515,6385.865478119936,6061.160453808752,6071.0,49800
2025-09-09,6120.197480905551,6267.79066774411,6120.197480905551,6159.5556640625,43100
2025-09-10,6100.518789124602,6248.111985635682,6090.67924269053,6189.07470703125,32700
2025-09-11,6198.913979191351,6316.988531175948,6189.074433192634,6228.4326171875,39800
2025-09-12,6287.469868848279,6297.309414808918,6139.876679438695,6179.23486328125,22000
2025-09-16,6149.716176647198,6208.753451943012,6061.160263703478,6080.83935546875,46500
2025-09-17,6051.321035531851,6169.395592322717,6031.641942733373,6139.876953125,29000
2025-09-18,6139.87684636254,6277.630493556571,6100.51866144996,6120.19775390625,31700
2025-09-19,6218.593012626755,6307.14892578125,6100.5184617540945,6307.14892578125,60200
2025-09-22,6257.9513156250005,6346.50723046875,6149.71630859375,6149.71630859375,31600
2025-09-24,6149.716454919076,6159.556001246946,5933.246435705924,6041.4814453125,42000
2025-09-25,5982.444061478758,6100.518615323734,5972.604515325011,6021.80224609375,16000
2025-09-26,5962.7649918962725,6110.358184764992,5962.7649918962725,6071.0,16100
2025-09-29,6130.0,6170.0,6030.0,6100.0,23700
2025-09-30,6130.0,6170.0,6050.0,6160.0,14400
2025-10-01,6160.0,6160.0,5990.0,6010.0,28000
2025-10-02,6000.0,6070.0,5930.0,5940.0,28400
2025-10-03,5910.0,6170.0,5910.0,6130.0,28700
2025-10-06,6200.0,6350.0,6120.0,6340.0,63300
2025-10-07,6310.0,6310.0,5720.0,5990.0,202700
2025-10-08,5990.0,6310.0,5970.0,6260.0,59500
2025-10-09,6160.0,6290.0,6130.0,6250.0,35000
2025-10-10,6240.0,6240.0,6040.0,6140.0,30800
2025-10-14,5990.0,6000.0,5770.0,5800.0,46400
2025-10-15,5900.0,6050.0,5870.0,6050.0,22600
2025-10-16,6110.0,6110.0,5940.0,6000.0,22400
2025-10-17,5900.0,5940.0,5850.0,5930.0,25500
2025-10-20,6050.0,6280.0,6030.0,6250.0,43800
2025-10-21,6150.0,6300.0,6110.0,6190.0,32500
2025-10-22,6190.0,6300.0,6160.0,6270.0,25300
2025-10-23,6170.0,6270.0,6150.0,6150.0,15800
2025-10-24,6250.0,6250.0,6120.0,6230.0,15100
2025-10-27,6250.0,6310.0,6160.0,6160.0,18800
2025-10-28,6100.0,6120.0,5940.0,5950.0,33700
2025-10-29,6000.0,6000.0,5740.0,5770.0,40200
2025-10-30,5830.0,5850.0,5710.0,5780.0,32800
2025-10-31,5780.0,5880.0,5760.0,5780.0,33000
2025-11-04,5680.0,5700.0,5600.0,5600.0,42500
2025-11-05,5550.0,5610.0,5440.0,5580.0,49500
2025-11-06,5620.0,5760.0,5580.0,5660.0,30900
2025-11-07,5570.0,5670.0,5560.0,5630.0,17400
2025-11-10,5640.0,5690.0,5620.0,5660.0,16100
2025-11-11,5660.0,5720.0,5580.0,5690.0,25700
2025-11-12,5760.0,5900.0,5710.0,5840.0,42000
2025-11-13,5840.0,5840.0,5540.0,5540.0,85400
2025-11-14,5700.0,5890.0,5410.0,5500.0,169500
2025-11-17,5470.0,5500.0,5240.0,5260.0,88200
2025-11-18,5200.0,5320.0,5150.0,5240.0,51400
2025-11-19,5240.0,5240.0,5110.0,5150.0,44900
2025-11-20,5160.0,5230.0,4870.0,4905.0,119400
2025-11-21,4960.0,5320.0,4960.0,5200.0,96500
2025-11-25,5160.0,5190.0,5040.0,5060.0,34900
2025-11-26,5160.0,5380.0,5130.0,5360.0,54600
2025-11-27,5330.0,5430.0,5280.0,5290.0,20800
2025-11-28,5350.0,5530.0,5330.0,5490.0,54900
2025-12-01,5500.0,5520.0,5240.0,5250.0,31300
2025-12-02,5260.0,5300.0,5120.0,5130.0,30800
2025-12-03,5110.0,5210.0,5110.0,5170.0,23100
2025-12-04,5150.0,5300.0,5130.0,5280.0,39800
2025-12-05,5220.0,5270.0,5100.0,5110.0,29500
2025-12-08,5120.0,5170.0,5080.0,5120.0,28200
2025-12-09,5120.0,5190.0,4955.0,4970.0,53400
2025-12-10,5090.0,5100.0,4990.0,5000.0,32100
2025-12-11,5000.0,5030.0,4865.0,4865.0,44800
2025-12-12,4920.0,4965.0,4910.0,4965.0,38200
2025-12-15,4950.0,5080.0,4880.0,5030.0,23400
2025-12-16,5030.0,5030.0,4855.0,4860.0,44500
2025-12-17,4860.0,4865.0,4760.0,4860.0,50800
2025-12-18,4810.0,4945.0,4810.0,4940.0,29000
2025-12-19,4935.0,5100.0,4925.0,5070.0,41200
2025-12-22,5070.0,5150.0,4975.0,5040.0,48900
2025-12-23,5090.0,5290.0,5080.0,5260.0,51600
2025-12-24,5240.0,5240.0,5110.0,5140.0,50100
2025-12-25,5140.0,5290.0,5130.0,5240.0,31900
2025-12-26,5250.0,5250.0,5150.0,5200.0,41400
2025-12-29,5220.0,5270.0,5190.0,5270.0,27100
2025-12-30,5270.0,5280.0,5130.0,5200.0,30900
2026-01-05,5200.0,5220.0,4960.0,5040.0,71000
2026-01-06,5140.0,5260.0,5090.0,5150.0,40100
2026-01-07,5170.0,5250.0,5080.0,5170.0,23900
2026-01-08,5150.0,5230.0,5110.0,5220.0,24300
2026-01-09,5190.0,5250.0,5190.0,5240.0,23500
2026-01-13,5280.0,5280.0,5110.0,5110.0,25600
2026-01-14,5180.0,5200.0,5030.0,5030.0,26600
2026-01-15,5050.0,5150.0,5050.0,5100.0,30700
2026-01-16,5150.0,5170.0,5000.0,5040.0,24200
2026-01-19,5040.0,5100.0,5000.0,5000.0,25900
2026-01-20,4990.0,5030.0,4930.0,5010.0,39000
2026-01-21,4935.0,5010.0,4910.0,4995.0,31900
2026-01-22,5060.0,5110.0,5030.0,5040.0,31600
2026-01-23,5040.0,5100.0,5000.0,5070.0,23000
2026-01-26,5010.0,5050.0,4920.0,4930.0,43600
2026-01-27,5000.0,5020.0,4915.0,4960.0,34500
2026-01-28,4980.0,4990.0,4905.0,4935.0,30800
2026-01-29,4935.0,5070.0,4915.0,5030.0,36000
2026-01-30,5070.0,5110.0,4990.0,5080.0,27500
2026-02-02,5110.0,5110.0,4955.0,5020.0,37400
2026-02-03,5050.0,5200.0,5020.0,5150.0,36500
2026-02-04,5120.0,5140.0,4985.0,5060.0,35900
2026-02-05,5050.0,5240.0,5050.0,5200.0,39200
2026-02-06,5200.0,5200.0,5100.0,5200.0,23400
2026-02-09,5200.0,5200.0,5080.0,5120.0,31800
2026-02-10,5160.0,5240.0,5160.0,5240.0,32700
2026-02-12,5250.0,5280.0,5120.0,5220.0,53200
2026-02-13,5420.0,5800.0,5190.0,5250.0,228800
2026-02-16,5190.0,5310.0,5090.0,5170.0,70900
2026-02-17,5150.0,5280.0,5090.0,5140.0,41200
2026-02-18,5130.0,5260.0,5130.0,5210.0,49700
2026-02-19,5200.0,5220.0,5100.0,5140.0,36100
2026-02-20,5100.0,5120.0,4930.0,5000.0,45400
2026-02-24,5000.0,5020.0,4890.0,4980.0,61700
2026-02-25,4970.0,5050.0,4915.0,4990.0,43300
2026-02-26,4955.0,5210.0,4955.0,5160.0,46300
2026-02-27,5150.0,5340.0,5130.0,5290.0,58900
2026-03-02,5110.0,5260.0,5070.0,5260.0,52000
2026-03-03,5160.0,5330.0,5140.0,5170.0,40700
2026-03-04,5050.0,5160.0,4980.0,5070.0,48900
2026-03-05,5200.0,5390.0,5120.0,5280.0,50900
2026-03-06,5280.0,5670.0,5210.0,5660.0,57400
2026-03-09,5500.0,5720.0,5470.0,5630.0,66600
2026-03-10,5730.0,5730.0,5440.0,5600.0,68700
2026-03-11,5600.0,5680.0,5520.0,5660.0,36900
2026-03-12,5560.0,5620.0,5360.0,5450.0,40700
2026-03-13,5350.0,5470.0,5250.0,5400.0,41900
2026-03-16,5400.0,5450.0,5360.0,5390.0,16500
2026-03-17,5400.0,5460.0,5380.0,5410.0,18800
2026-03-18,5370.0,5410.0,5310.0,5360.0,23000
2026-03-19,5380.0,5410.0,5280.0,5310.0,20200
2026-03-23,5210.0,5340.0,5110.0,5240.0,62000
2026-03-24,5300.0,5440.0,5300.0,5410.0,19800
2026-03-25,5410.0,5430.0,5340.0,5410.0,17000
2026-03-26,5440.0,5440.0,5200.0,5300.0,30100
2026-03-27,5300.0,5490.0,5280.0,5460.0,29600
2026-03-30,5160.0,5340.0,5130.0,5300.0,47500
2026-03-31,5300.0,5360.0,5200.0,5200.0,24700
2026-04-01,5300.0,5460.0,5260.0,5460.0,28800
2026-04-02,5460.0,5510.0,5300.0,5350.0,21500
2026-04-03,5410.0,5480.0,5370.0,5480.0,36300
2026-04-06,5480.0,5580.0,5460.0,5570.0,21000
2026-04-07,5570.0,5680.0,5560.0,5680.0,22100
2026-04-08,5700.0,5880.0,5690.0,5840.0,42100
2026-04-09,5820.0,5870.0,5670.0,5740.0,25300
2026-04-10,5740.0,5750.0,5530.0,5540.0,33500
2026-04-13,5440.0,5560.0,5440.0,5550.0,30500
2026-04-14,5600.0,5740.0,5600.0,5650.0,18100
2026-04-15,5660.0,5800.0,5660.0,5770.0,21600
2026-04-16,5850.0,6010.0,5850.0,5950.0,48800
2026-04-17,6010.0,6120.0,6010.0,6070.0,34800
2026-04-20,6110.0,6240.0,6000.0,6200.0,30200
2026-04-21,6250.0,6320.0,6170.0,6290.0,33800
2026-04-22,6320.0,6400.0,6250.0,6270.0,29000
2026-04-23,6300.0,6300.0,5830.0,5830.0,101700
2026-04-24,5780.0,5890.0,5680.0,5840.0,37800
2026-04-27,5920.0,6060.0,5810.0,5900.0,41700
2026-04-28,5980.0,5980.0,5820.0,5830.0,68200
2026-04-30,5770.0,5830.0,5650.0,5690.0,36100
2026-05-01,5670.0,5920.0,5630.0,5840.0,33600
2026-05-07,5740.0,5880.0,5680.0,5780.0,37100
2026-05-08,5860.0,5960.0,5820.0,5900.0,18000
2026-05-11,5910.0,5920.0,5800.0,5820.0,16300
2026-05-12,5830.0,5960.0,5770.0,5780.0,23800
2026-05-13,5780.0,5880.0,5770.0,5880.0,15800
2026-05-14,5810.0,5810.0,5560.0,5600.0,25100
2026-05-15,5650.0,5720.0,5540.0,5570.0,28900
2026-05-18,5670.0,5700.0,5210.0,5270.0,67400
2026-05-19,5370.0,5560.0,5330.0,5520.0,21200
2026-05-20,5560.0,5910.0,5490.0,5910.0,67200
2026-05-21,5950.0,5990.0,5690.0,5730.0,21000
2026-05-22,5690.0,5850.0,5620.0,5830.0,20800
2026-05-25,5870.0,5870.0,5620.0,5790.0,26800
2026-05-26,5760.0,5860.0,5660.0,5790.0,18400
2026-05-27,5730.0,5780.0,5720.0,5780.0,12400
2026-05-28,5700.0,5900.0,5690.0,5900.0,27400
2026-05-29,5900.0,6030.0,5850.0,5900.0,26600
2026-06-01,5900.0,6020.0,5800.0,5900.0,47100
2026-06-02,5810.0,5960.0,5750.0,5910.0,15500
2026-06-03,5910.0,5910.0,5640.0,5660.0,24400
2026-06-04,5660.0,5800.0,5470.0,5780.0,32300
2026-06-05,5750.0,5960.0,5750.0,5810.0,38900
2026-06-08,5780.0,5900.0,5550.0,5600.0,27100
2026-06-09,5630.0,5650.0,5460.0,5640.0,34300
2026-06-10,5640.0,5930.0,5630.0,5900.0,41200
2026-06-11,5900.0,6190.0,5790.0,6040.0,66000
2026-06-12,5940.0,6030.0,5840.0,6000.0,38800
2026-06-15,6000.0,6030.0,5940.0,6020.0,26200
2026-06-16,6090.0,6210.0,5990.0,6170.0,66600
2026-06-17,6210.0,6500.0,6150.0,6500.0,65800
2026-06-18,6550.0,6840.0,6510.0,6660.0,56100
2026-06-19,6760.0,6760.0,6500.0,6610.0,32400
2026-06-22,6610.0,6700.0,6330.0,6390.0,36700
2026-06-23,6330.0,6340.0,6170.0,6230.0,24100
2026-06-24,6330.0,6490.0,6240.0,6370.0,29100
2026-06-25,6470.0,6600.0,6340.0,6510.0,35900
2026-06-26,6510.0,6690.0,6470.0,6570.0,41200
2026-06-29,6670.0,6830.0,6580.0,6770.0,30000
2026-06-30,6770.0,6990.0,6610.0,6850.0,51600
2026-07-01,6870.0,6870.0,6640.0,6730.0,22300
2026-07-02,6830.0,7060.0,6820.0,7020.0,40700
2026-07-03,7000.0,7090.0,6820.0,6900.0,33900
2026-07-06,6990.0,7090.0,6910.0,6990.0,32600
2026-07-07,7040.0,7110.0,6860.0,6860.0,41000
2026-07-08,6820.0,6930.0,6750.0,6810.0,26800
2026-07-09,6980.0,6980.0,6750.0,6780.0,24900
2026-07-10,6720.0,6850.0,6660.0,6770.0,23600
2026-07-13,6810.0,6880.0,6710.0,6780.0,19200
2026-07-14,6880.0,6930.0,6790.0,6880.0,15600
2026-07-15,6880.0,6890.0,6780.0,6840.0,26500
2026-07-16,7000.0,7030.0,6700.0,6730.0,29300
2026-07-17,6730.0,6730.0,6480.0,6640.0,38700
2026-07-21,6540.0,6710.0,6540.0,6560.0,22300
2026-07-22,6660.0,6660.0,6470.0,6510.0,28400
2026-07-23,6510.0,6510.0,6300.0,6360.0,27200
2026-07-24,6260.0,6260.0,6010.0,6090.0,35200
2026-07-27,6090.0,6200.0,6050.0,6200.0,22200
2026-07-28,6200.0,6220.0,6090.0,6090.0,19900
2026-07-29,6060.0,6210.0,6000.0,6200.0,25900
2026-07-30,6200.0,6440.0,6080.0,6340.0,33300
2026-07-31,6440.0,6490.0,6340.0,6420.0,21600
2026-08-03,6210.0,6290.0,6120.0,6250.0,29800
2026-08-04,6250.0,6550.0,6250.0,6460.0,23000
2026-08-05,6460.0,6780.0,6460.0,6690.0,26700
2026-08-06,6680.0,6800.0,6680.0,6690.0,4400
