Date,Open,High,Low,Close,Volume
2019-10-25,238.33332955583876,277.7272683253989,238.33332955583876,262.56060791015625,30443500
2019-10-28,258.0303219592937,260.7878858970869,252.31821235021087,258.42425537109375,3259500
2019-10-29,257.6363817434603,264.9242548624674,231.8333382068978,236.3636474609375,3751000
2019-10-30,230.45455627441407,242.27273864746093,230.25758957371582,236.3636474609375,1455000
2019-10-31,234.78788036374027,244.2424321348368,234.5909136659249,243.25758361816406,606000
2019-11-01,243.06061963253686,250.939407853834,242.4697045049012,249.95455932617188,581500
2019-11-05,255.4697047750254,293.4848643571589,254.28790456240722,273.5909118652344,12324000
2019-11-06,270.4393953164312,272.60604391285784,260.1969772605497,269.8484802246094,1807000
2019-11-07,268.4697158914514,271.0303280862355,256.06061837456855,259.6060791015625,1237000
2019-11-08,262.95455380253367,269.84849341533413,261.37879016571236,262.16668701171875,1123000
2019-11-11,262.75756149575744,271.4242461216637,262.75756149575744,271.2272644042969,1216000
2019-11-12,271.4242446872214,273.59089329085475,257.43938437341166,267.8787841796875,1074000
2019-11-13,265.9090955884254,267.87879259278407,261.969701579708,262.757568359375,577000
2019-11-14,259.6060684922581,262.7575656334225,256.06060791015625,256.06060791015625,707000
2019-11-15,255.46970381891606,279.6969837768199,253.69698847902714,275.56060791015625,2117500
2019-11-18,278.1212160918328,289.15153154008567,276.1515190514442,283.43939208984375,2373000
2019-11-19,285.60607805643997,295.45456350666205,276.7424411512401,287.5757751464844,2649500
2019-11-20,287.57577320665547,325.0000176650558,284.81820932127124,314.7575988769531,4780000
2019-11-21,312.98483025125495,364.39393216215376,308.65150301495925,326.18182373046875,7933000
2019-11-22,344.8939665872947,363.2121251671077,311.40911662950657,315.3485107421875,6881500
2019-11-25,321.06060235240597,338.78787487493145,310.42425086096677,320.2727355957031,2350000
2019-11-26,325.00000857717237,350.4090881347656,321.06061453381267,350.4090881347656,2166500
2019-11-27,348.04545333770125,358.4848534322048,332.8787924727616,335.04547119140625,2915000
2019-11-28,338.19698152681707,356.51517032237535,338.19698152681707,350.6060791015625,2941500
2019-11-29,353.9545411964828,380.1515170342323,352.18182593705234,373.4545593261719,4312500
2019-12-02,384.09092145590773,387.4394004011517,354.7424476846868,359.0757751464844,3593000
2019-12-03,366.3636331647597,377.9848331624259,361.2424090661869,370.69696044921875,1820000
2019-12-04,374.24243520129784,384.0909203381741,374.0454534764838,378.9696960449219,2201000
2019-12-05,381.72727027115735,382.1212036453207,360.2575557445692,375.2272644042969,1331500
2019-12-06,379.16667613577334,379.75759125247777,362.81818486797187,370.30303955078125,1051500
2019-12-09,364.7878796472041,365.77272815060104,339.9697153947148,343.7121276855469,967500
2019-12-10,341.1515023033521,348.6363566492324,330.9090842772375,346.07574462890625,1168000
2019-12-11,346.0757490923674,352.5757550569697,319.2878885289744,323.6212158203125,1989000
2019-12-12,317.5151570053517,336.81819401862714,315.5454599643071,331.8939514160156,1289500
2019-12-13,328.34847838054094,332.4848540332249,317.1212116799294,332.2878723144531,1151500
2019-12-16,325.3939315532864,338.78787688295284,325.19697989053844,328.93939208984375,821500
2019-12-17,325.00000176300273,340.9545593261719,317.71212894662807,340.9545593261719,1202000
2019-12-18,344.6969897746745,347.25760199546767,333.2727406739611,341.3485107421875,968000
2019-12-19,342.72728145246253,349.03030590491784,340.7575844326208,345.0909118652344,901000
2019-12-20,350.01514684963087,361.242413609025,344.69697102204316,360.8484802246094,2324000
2019-12-23,345.0909012501636,353.95453756680405,344.8939495873525,348.8333435058594,1322500
2019-12-24,344.6969662703228,346.6666632204389,321.0606028689292,325.5909118652344,2738500
2019-12-25,325.5909327991216,331.10609062508223,311.2121381277504,314.7575988769531,1595500
2019-12-26,315.34851401101895,316.1363808196452,302.54548301209246,314.7575988769531,889000
2019-12-27,323.22727574842406,341.54543301234685,317.51513666225475,332.0909118652344,2441000
2019-12-30,334.8484902232461,345.68182373046875,327.5606173294254,345.68182373046875,1866500
2020-01-06,337.8030326958929,348.8333478264065,325.000002302171,326.3787841796875,1803000
2020-01-07,340.95457009964036,370.30304401260526,334.8484972454409,337.2121276855469,2857500
2020-01-08,334.8484930508379,349.8182024093048,327.3636383716044,339.7727355957031,920500
2020-01-09,344.69697321704905,362.4242461253544,341.939409453389,362.2272644042969,1226000
2020-01-10,364.3939333763959,372.2727211250748,359.0757576570757,364.0,851000
2020-01-14,370.30305085579585,377.1969906323665,355.7273044931233,366.5606384277344,726500
2020-01-15,372.07574050218255,387.04544929071903,366.95454648361283,374.6363525390625,1407500
2020-01-16,377.00000221268914,385.0757721154478,355.1363830566406,355.1363830566406,755000
2020-01-17,364.19695479464247,370.89394247176335,345.8787971654822,350.80303955078125,1080500
2020-01-20,350.01514067080365,361.8333223257899,330.90908633961396,334.8484802246094,1232000
2020-01-21,333.2727137480307,341.15150144919073,328.1515197753906,328.1515197753906,963500
2020-01-22,325.1969864903076,328.93939876556396,313.9696895541565,315.1515197753906,1766500
2020-01-23,316.5302943654907,336.818178994315,316.5302943654907,330.9090881347656,1782500
2020-01-24,332.09093174973975,349.03030819858157,330.90910150799175,346.4696960449219,2198500
2020-01-27,332.8787941481801,346.6666731957378,327.5606182408746,343.7121276855469,1284500
2020-01-28,335.83334576675105,349.424243338754,334.2575821216165,337.2121276855469,668500
2020-01-29,344.4999950802286,344.69697680333553,332.4848613504842,336.42425537109375,489500
2020-01-30,341.74244394485044,341.74244394485044,309.24244207113264,312.78790283203125,1378500
2020-01-31,313.37880236620805,315.34849935140056,289.74243854389766,293.8787841796875,1829500
2020-02-03,289.34847327564626,302.5454670372578,274.9697094186866,297.81817626953125,1267500
2020-02-04,286.00001159762496,298.8030426889219,286.00001159762496,292.8939514160156,813500
2020-02-05,300.37880745277704,303.7272865084252,290.53032196252207,290.92425537109375,853000
2020-02-06,293.68182429977185,303.33332723517884,293.68182429977185,299.0,701000
2020-02-07,300.7727341165613,302.34849777070434,285.4090910852526,292.1060791015625,699500
2020-02-10,293.4848480123125,293.6818297310413,281.07575111216323,287.18182373046875,642000
2020-02-12,291.3181802513982,292.69699222382354,283.43939208984375,283.43939208984375,364000
2020-02-13,286.19697484611027,311.4091019933419,285.80304146439533,307.07574462890625,1154500
2020-02-14,314.9545305043201,319.48483950354273,289.74243357074954,298.4090881347656,2094500
2020-02-17,297.03031644936675,302.93940750583215,289.15152837407953,296.6363830566406,829000
2020-02-18,299.00001801729604,304.31819403798954,296.0454724441117,299.3939514160156,1173000
2020-02-19,300.3787950649383,312.1969771658539,296.2424193075413,309.242431640625,2374000
2020-02-20,314.9545338733504,334.6515035978924,311.21212164776364,330.31817626953125,1411500
2020-02-21,334.8484834588699,342.13635620546603,328.5454591930352,334.257568359375,1175500
2020-02-25,320.4697035344957,341.93941937981924,319.2879033394158,329.92425537109375,1132000
2020-02-26,337.8030229689758,349.4242228158034,328.9393867977782,340.757568359375,2041500
2020-02-27,343.7121400201921,353.757607137415,318.1060780129572,338.0000305175781,1515500
2020-02-28,322.24242408129953,322.24242408129953,269.06060791015625,269.06060791015625,2003000
2020-03-02,279.89394496589074,311.0151323257661,279.89394496589074,300.9696960449219,885000
2020-03-03,324.99999797225394,324.99999797225394,293.09091327328895,296.43939208984375,724500
2020-03-04,288.5606105796039,304.51516830608165,283.83334980037625,295.257568359375,494500
2020-03-05,296.4394005266191,304.90910369556076,288.75759419617856,291.31817626953125,403000
2020-03-06,286.5909081256668,293.28786577800474,273.9848595841397,274.57574462890625,619500
2020-03-09,256.84847975690656,263.7424193368639,233.2121305103627,239.9091033935547,965500
2020-03-10,217.84848428207837,250.34848464596047,216.6666690925472,247.7878875732422,1088000
2020-03-11,241.8787953840679,247.98485302233053,214.50000433062445,224.5454559326172,1326500
2020-03-12,218.83333501587322,222.9696957353309,195.98485268342517,205.0454559326172,1681500
2020-03-13,181.40909714129285,194.8030432283174,152.45455622336127,181.60606384277344,2305000
2020-03-16,176.87879293198506,196.37878080431173,167.42424151760014,170.77272033691406,1526500
2020-03-17,164.66666515446545,188.30302900518092,164.66666515446545,178.4545440673828,1338500
2020-03-18,184.3636366404175,198.15151567376745,178.45454562612466,181.80303955078125,975000
2020-03-19,192.24241626126843,196.37877678505532,177.4696893708903,178.65150451660156,796500
2020-03-23,180.2272753243323,191.06060881377303,175.30303282913195,176.48484802246094,673000
2020-03-24,189.09091269806248,206.03030395507812,189.09091269806248,206.03030395507812,864500
2020-03-25,223.7575795297631,236.3636435231855,211.15151553634072,213.71212768554688,839500
2020-03-26,212.72727772105821,226.1212234404594,204.45455626516645,216.6666717529297,495500
2020-03-27,219.62121393817114,226.5151533891451,208.39394712905167,223.56060791015625,424500
2020-03-30,217.65152194461595,225.13637667411163,203.07576090841664,207.4091033935547,557000
2020-03-31,207.40909401396593,229.2727270657356,207.40909401396593,214.5,921500
2020-04-01,212.72727787068462,219.81818412752165,203.66667459652643,210.3636474609375,389000
2020-04-02,210.36364286024963,218.43939744912913,196.96969742435533,200.31817626953125,640000
2020-04-03,207.6060603840532,218.63636023735575,203.66666650590264,208.19696044921875,671000
2020-04-06,209.18181390137235,223.95454129631662,209.18181390137235,223.56060791015625,589500
2020-04-07,234.39394818373484,253.3030518239952,229.27273887599594,246.60606384277344,994500
2020-04-08,247.00000519027415,264.33332966036636,228.48485050583403,261.3787841796875,884500
2020-04-09,258.2272926825531,265.90909907829393,253.30305010702918,255.86363220214844,500000
2020-04-10,257.04546571982013,265.90910246877945,247.78789557083434,249.95455932617188,396000
2020-04-13,249.3636373890613,260.7878709814184,248.1818221936582,257.43939208984375,362500
2020-04-14,263.34847628109065,301.36363343826247,260.7878642343027,285.80303955078125,1032500
2020-04-15,285.60607702553676,301.36365368901465,275.7575916108631,289.54547119140625,765000
2020-04-16,289.545468948052,300.57578454910225,286.0000082152007,288.16668701171875,750000
2020-04-17,295.4545375279018,299.39393136160714,270.24241098114953,275.757568359375,891500
2020-04-20,287.575768415286,319.09092111833104,287.575768415286,306.68182373046875,1898000
2020-04-21,310.0303079112988,318.50001135380813,277.3333544647824,296.8333435058594,1529000
2020-04-22,286.5909188060554,286.5909188060554,268.0757786853353,272.80303955078125,957500
2020-04-23,285.60607686813097,304.90911428129135,280.4848524332462,284.227294921875,917500
2020-04-24,281.27274744293896,285.01515985167873,273.98487429922926,275.56060791015625,569000
2020-04-27,275.7575727122815,298.01515423509653,274.7727242383091,293.0909118652344,1010000
2020-04-28,287.37877180356713,295.06060791015625,277.7272688102515,295.06060791015625,828500
2020-04-30,300.9696974931375,312.3939457201191,299.1969522196185,304.31817626953125,1127500
2020-05-01,296.83332135481555,302.34847877012953,289.34846700940307,299.0,941500
2020-05-07,298.4090921697696,329.3333287136185,297.2272619608824,328.3484802246094,1303500
2020-05-08,325.00001525878906,364.3939565022786,321.25760286273436,354.54547119140625,2679000
2020-05-11,354.5454688736155,395.9091069088706,350.015159649192,389.0151672363281,3224500
2020-05-12,384.48484754707835,402.80303561800633,370.6969685772688,385.4696960449219,1644500
2020-05-13,364.59092892294194,369.5151714526673,351.9848500137303,366.9545593261719,1973000
2020-05-14,362.4242450420673,389.21213604551383,359.4696995661809,384.0909118652344,1446000
2020-05-15,376.606069336999,405.75759164066784,366.95456582975885,401.6212158203125,1803000
2020-05-18,500.1060485839844,500.1060485839844,499.7121152010831,500.1060485839844,2841000
2020-05-19,507.19698325594976,598.7878947953736,505.22728623359654,553.48486328125,11769500
2020-05-20,592.8788147894637,651.9697265625,588.9394206712614,651.9697265625,11069500
2020-05-21,709.0909507057884,782.954591404308,652.9545837749134,693.3333740234375,12663000
2020-05-22,689.393941273018,724.8484868242017,636.2121229462423,678.5606079101562,6967500
2020-05-25,668.7121231265185,679.5454564908656,638.1818200088129,646.0606079101562,3537500
2020-05-26,637.1970049446567,709.0909483155375,611.5909429221512,668.712158203125,4235000
2020-05-27,630.3030493951612,643.1060800860005,597.8030484107232,610.6060791015625,3613000
2020-05-28,604.6969569166374,622.4242292692423,591.8939268842005,612.5757446289062,2158500
2020-05-29,598.7878888733184,681.5151629939742,596.8181918704456,658.8636474609375,3429000
2020-06-01,680.5302889278017,742.5757421874999,675.6060466056034,714.01513671875,5259000
2020-06-02,727.8030321961295,732.7272746331804,702.1969715234645,711.0606079101562,2979500
2020-06-03,719.924258009501,721.893955021839,680.5303177627432,683.48486328125,2001500
2020-06-04,683.4848594556846,714.0151629760394,676.5909199510884,691.3636474609375,1909000
2020-06-05,691.3636420833907,698.2575815343647,638.1818234615914,670.6818237304688,2638000
2020-06-08,673.6363619033605,718.9393920898438,649.999998327804,718.9393920898438,1869500
2020-06-09,719.9242275053879,734.6969544719827,675.6060466056034,714.01513671875,2261000
2020-06-10,701.2121561572538,765.2273108626212,685.4545796143942,705.1515502929688,3553000
2020-06-11,705.1515355250219,725.8333543043871,686.4394137722629,704.1666870117188,1935500
2020-06-12,662.8030211504768,804.6212010103113,655.9090818517349,803.6363525390625,3482000
2020-06-15,827.2727140100991,873.5605920559022,789.8484721858326,807.5757446289062,4783000
2020-06-16,866.6666720206277,943.4848543133652,856.8181871113024,898.1818237304688,4914000
2020-06-17,892.2727292348964,915.9090929232381,819.393941195843,841.0606079101562,4161500
2020-06-18,854.8485167316187,875.530335684803,810.5303332605095,843.0303344726562,2704000
2020-06-19,839.0909509912392,890.3030747606575,819.3939803106937,851.8939819335938,3168000
2020-06-22,851.8939444728629,961.212126942791,847.9545505099826,930.6818237304688,5601500
2020-06-23,916.8939711432137,938.5606385601317,887.348515574689,908.0303344726562,2404500
2020-06-24,949.3939305673732,994.6969604492188,925.7575671507581,994.6969604492188,5088500
2020-06-25,975.984833658525,1000.6060454057128,941.515137212462,974.01513671875,2822000
2020-06-26,994.6969716571435,994.6969716571435,898.181819951797,938.5606079101562,3336000
2020-06-29,916.8939489178953,926.7424338686783,867.6515241639804,890.3030395507812,2608500
2020-06-30,917.8788278339714,931.6667072220354,835.1515515055877,892.2727661132812,1700000
2020-07-01,906.0606148316689,990.7575853485422,901.1363723597576,955.3030395507812,3693000
2020-07-02,996.6666570876248,1043.93938390601,913.9393851554504,962.1969604492188,5253000
2020-07-03,962.1969297630352,1075.4545008200967,937.575718663674,1069.54541015625,4288500
2020-07-06,1069.5454815519959,1187.7273027179622,1045.9091173188026,1171.9697265625,5656500
2020-07-07,1144.393976006841,1221.2121602826874,1114.8485205161307,1156.212158203125,4476000
2020-07-08,1142.4242729648577,1148.3333640319172,1089.2424533613212,1106.9697265625,2805500
2020-07-09,1142.4242528899897,1274.393951068661,1106.9697071106452,1211.3636474609375,6947500
2020-07-10,1231.060641465472,1313.7879165719517,1219.2424593074034,1286.212158203125,5582500
2020-07-13,1258.6364368167085,1327.5758347644157,1242.878860142947,1272.42431640625,3805000
2020-07-14,1260.606089885159,1262.5757869006045,1085.303055510504,1114.8485107421875,8967500
2020-07-15,1097.1211691962349,1148.3332884046768,1063.6363220214844,1134.54541015625,3876500
2020-07-16,1063.6363333135673,1103.0302715844402,1012.4242135614327,1038.0302734375,4016500
2020-07-17,1039.9999624399038,1126.6666259765625,994.696933773014,1126.6666259765625,5244500
2020-07-20,1114.8485308636675,1142.42428957761,1063.6364075377746,1075.45458984375,4235500
2020-07-21,1160.1515777175491,1197.5758221600508,1103.0303625158363,1166.0606689453125,7630500
2020-07-22,1126.666698888272,1183.7879126430971,1116.8182137581298,1164.0909423828125,6345000
2020-07-27,1158.1818067940117,1169.9999884959914,1114.8484738867528,1128.6363525390625,3017500
2020-07-28,1148.3333333333333,1213.3333333333333,1138.4848484848485,1170.0,4316000
2020-07-29,1150.3030832694833,1156.2121744506621,1112.8788391220173,1124.697021484375,3393500
2020-07-30,1177.878864156789,1260.6061422413793,1164.0909844760238,1199.5455322265625,7390500
2020-07-31,1219.2424348430868,1276.3636474609375,1193.6363740143952,1276.3636474609375,5630500
2020-08-03,1307.8787740215091,1443.7878634906117,1278.3333197890954,1396.51513671875,7484000
2020-08-04,1424.0908708844865,1500.909050641741,1341.3636003766742,1378.787841796875,7456000
2020-08-05,1428.030299356539,1463.4848447198738,1368.9393904176477,1437.8787841796875,4854500
2020-08-06,1459.5454428814828,1467.4242306973072,1372.8787769074136,1388.6363525390625,3474000
2020-08-07,1378.7878536483618,1429.9999739267294,1370.9090659132282,1420.1514892578125,2725500
2020-08-11,1390.606023297991,1396.515114048549,1349.242388044085,1378.787841796875,2925500
2020-08-12,1359.0908818135736,1374.8484572548903,1268.484823026002,1290.1514892578125,4575500
2020-08-13,1335.454603192446,1386.666726618705,1303.9394503147482,1368.939453125,3052500
2020-08-14,1333.4848275284387,1447.7272499754838,1327.5757367122123,1412.272705078125,4921500
2020-08-17,1491.0606254392842,1707.727294921875,1483.181837458099,1707.727294921875,13781500
2020-08-18,1885.0000287141058,1902.7273017114173,1617.1212367547346,1699.8485107421875,15838000
2020-08-19,1741.2121891881495,1853.4849208439464,1715.6061275824413,1800.3031005859375,9010500
2020-08-20,1776.666678054341,1823.9394056300662,1701.8181927261094,1731.3636474609375,5379000
2020-08-21,1792.4242458382193,1977.575761342387,1768.7878821568363,1942.1212158203125,15270000
2020-08-24,1969.6970537674329,2007.121297789014,1825.9091688424103,1906.666748046875,12265000
2020-08-25,1890.9090757978724,1892.8787727518286,1808.1818037317155,1851.51513671875,5623000
2020-08-26,1859.3939356310614,1902.7272688767005,1802.2727236254461,1827.8787841796875,4962000
2020-08-27,1857.4242925317249,1857.4242925317249,1737.2727741388985,1782.5758056640625,4634500
2020-08-28,1753.0303853352864,1760.9091735839843,1607.272802734375,1654.5455322265625,6087500
2020-08-31,1705.7576143530086,1845.6061023657842,1688.0303412246285,1798.3333740234375,6622000
2020-09-01,1871.2121871240283,2005.1515857813272,1855.4546108114048,1995.3031005859375,9888500
2020-09-02,2048.484993520264,2192.2728824885135,2018.9395368829526,2089.8486328125,12068000
2020-09-03,2066.212150580948,2129.242454507155,1995.3030586639663,2081.9697265625,4855500
2020-09-04,1934.2424545765919,1983.484879591271,1871.2121505578027,1886.9697265625,8416500
2020-09-07,1871.2122080277425,1946.0606963488522,1831.8182668061056,1833.7879638671875,3153500
2020-09-08,1910.6061473281723,1983.4849385149168,1859.3940237915408,1955.9091796875,5273500
2020-09-09,1896.8181746794369,1975.6060531707947,1867.2727202451779,1965.757568359375,4359500
2020-09-10,2054.393951228791,2066.2121331150547,1920.4545565178057,1926.3636474609375,4724500
2020-09-11,1916.5151981186582,1991.3636847872183,1875.1515607491906,1977.5758056640625,3507000
2020-09-14,1987.4242386693206,2024.8484810228558,1948.0302993498099,1957.8787841796875,4023500
2020-09-15,1965.7576211939102,1997.2727734374998,1914.5454987980768,1920.45458984375,2825500
2020-09-16,1908.636288174716,2058.333251953125,1896.818106823789,2058.333251953125,4608000
2020-09-17,2005.1514488542584,2302.575681444625,1961.8181169536751,2237.57568359375,11194000
2020-09-18,2186.363590358018,2208.0302565687734,2058.333290021738,2109.54541015625,7621500
2020-09-23,2139.0908383651517,2271.0605309714733,2117.42417241486,2237.57568359375,6115500
2020-09-24,2172.575854803856,2446.363745844415,2172.575854803856,2314.39404296875,13168500
2020-09-25,2209.999978270206,2322.2727044390135,2146.969675859648,2257.272705078125,11265500
2020-09-28,2351.818109214469,2401.060531936715,2095.75751105879,2156.818115234375,7064500
2020-09-29,2115.4545454545455,2304.5454545454545,2113.4848484848485,2275.0,4719500
2020-09-30,2275.0000854492187,2341.9697849343042,2115.454624911222,2166.666748046875,6161000
2020-10-02,2245.454516220754,2306.515121486406,2206.0605773396883,2273.0302734375,6229500
2020-10-05,2322.272664969308,2483.7878121512276,2300.6059988839284,2481.818115234375,8143000
2020-10-06,2600.0000513980262,2836.3636924342104,2529.090959087171,2619.697021484375,8470500
2020-10-07,2698.484784470943,2816.666599849232,2552.7272121710525,2806.818115234375,11046000
2020-10-08,2865.909111180997,3395.7575997773465,2730.000019310558,3137.727294921875,21921000
2020-10-09,3058.939462328714,3240.151587592231,2818.636426653181,2978.181884765625,17234500
2020-10-12,2875.757583237751,2913.181825759338,2659.0909160075093,2844.242431640625,11271500
2020-10-13,2856.0606678899494,2917.1212752724246,2733.939453125,2733.939453125,5126500
2020-10-14,2718.181874355227,2897.42430230184,2702.4242982720084,2863.939453125,6280500
2020-10-15,2785.151478471796,2915.15147675973,2779.2423876405264,2808.787841796875,4277500
2020-10-16,2787.1213106656746,2822.5758573737894,2594.0910008103842,2720.151611328125,6079000
2020-10-19,2779.242474223292,2964.3939927045035,2672.8788359468513,2879.697021484375,7099500
2020-10-20,2820.606217723782,2840.303188517942,2718.181969594147,2789.091064453125,6665500
2020-10-21,2836.363750670601,2895.454662142905,2753.636474609375,2753.636474609375,4551500
2020-10-22,2708.333482008714,2712.272876164363,2527.121350848858,2560.606201171875,6857500
2020-10-23,2483.7880056640624,2511.3637646484376,2276.96981328125,2462.121337890625,8671500
2020-10-26,2485.7575127793,2495.605997378267,2310.4544869176857,2336.060546875,4771500
2020-10-27,2178.484943314104,2408.9394988003155,2160.7576698151643,2379.39404296875,7461000
2020-10-28,2391.21225868277,2454.2425653366818,2265.151645374947,2316.36376953125,5344000
2020-10-29,2269.0908734309623,2373.4848111842966,2227.727237717377,2353.787841796875,4260000
2020-10-30,2385.3030940697286,2395.1515791814945,2174.545512677936,2213.939453125,4440500
2020-11-02,2249.393907360782,2255.3029981857226,2060.3030009626777,2078.0302734375,4866000
2020-11-04,2186.3635744641174,2371.5150843736915,2170.6059991526645,2351.818115234375,7150500
2020-11-05,2440.4544964739384,2580.302978515625,2416.8181333119633,2580.302978515625,7449000
2020-11-06,2659.0910130448106,2661.0607100915104,2406.9697910672285,2460.151611328125,7435000
2020-11-09,2487.727272727273,2525.151515151515,2399.090909090909,2470.0,3681500
2020-11-10,1989.3938568283838,2280.90899624482,1975.6059786127416,2139.0908203125,9858500
2020-11-11,1963.7879039007403,2062.27275364501,1879.090933120668,2024.8485107421875,11667500
2020-11-12,2154.8484408613563,2208.030257957569,2083.9393513997397,2174.54541015625,6767000
2020-11-13,2241.5152811455378,2548.7880261883356,2239.54558406193,2430.606201171875,13855500
2020-11-16,2377.4243317205255,2385.3031198952417,2148.939474653764,2166.666748046875,13048000
2020-11-17,2087.8788511214716,2137.1212768554688,1926.3636947139616,1953.939453125,9369000
2020-11-18,1983.4848785554364,2066.2121525368943,1900.7576045739784,1951.9697265625,6627500
2020-11-19,1924.3939685686805,1951.9697265625,1755.0000266066472,1951.9697265625,11348500
2020-11-20,2016.969793986637,2018.9394910510769,1751.0606902872269,1768.7879638671875,12661500
2020-11-24,1798.3333615360777,1950.0000305812891,1753.0303305225732,1886.9697265625,13567000
2020-11-25,1912.5757953844573,1983.4848876953124,1816.0606419613487,1871.212158203125,10936000
2020-11-26,1930.303018684061,1949.99998826247,1833.7878677498582,1843.6363525390625,6185500
2020-11-27,1851.5151437795469,1861.3636285868847,1751.060598744699,1770.757568359375,5814000
2020-11-30,1772.7273282716371,1890.9091501564128,1762.8788431145724,1888.939453125,7745500
2020-12-01,1920.4546219470772,1973.6364422471502,1851.5152252617975,1857.42431640625,7517000
2020-12-02,1892.8787760687035,1898.7878669409263,1768.7878677520246,1778.6363525390625,6713000
2020-12-03,1760.909054963485,1762.8787518929744,1617.1211791107621,1630.9090576171875,9602500
2020-12-04,1599.3939286280988,1666.3636251470093,1516.66665645768,1648.6363525390625,10237500
2020-12-07,1577.7272880003625,1589.5454699329496,1516.6666813486631,1528.48486328125,6783500
2020-12-08,1483.18184628192,1573.787908604587,1467.4242702258039,1561.9697265625,5840000
2020-12-09,1589.5454948856438,1615.1515561415465,1554.0909485313173,1603.3333740234375,3571500
2020-12-10,1603.3333440108784,1727.4242539281822,1585.6060711655493,1666.3636474609375,9337500
2020-12-11,1733.333318977398,1908.6363478285211,1699.8484707698801,1786.51513671875,14397500
2020-12-14,1758.9394017118566,1772.7272805606617,1650.606067899816,1674.242431640625,6998500
2020-12-15,1709.697007426924,1758.9394327560406,1658.484885084643,1676.212158203125,5735000
2020-12-16,1723.4848521339047,1798.3333371408628,1697.8787914736295,1747.1212158203125,6822500
2020-12-17,1816.0605784725733,1948.0302734375,1786.5151243759478,1948.0302734375,10752500
2020-12-18,2087.878806802757,2146.96971642925,1999.2424423630173,2040.6060791015625,13469500
2020-12-21,2099.6969696969695,2139.090909090909,1936.2121212121212,1950.0,6578000
2020-12-22,1950.0000161326404,1987.4242588664993,1764.8484994493392,1788.48486328125,6357000
2020-12-23,1857.4243100536112,1955.9091621243224,1816.0606721839126,1930.3031005859375,6914000
2020-12-24,1932.2727272727273,1940.1515151515152,1827.878787878788,1885.0,4537500
2020-12-25,1867.2727960324755,1902.727342792586,1808.181884765625,1808.181884765625,2610500
2020-12-28,1810.1515569911858,1926.363680889423,1798.3333748998398,1920.45458984375,3992500
2020-12-29,1930.3030303030303,2016.969696969697,1863.3333333333333,1950.0,6310500
2020-12-30,1920.4546193607518,2013.0303804991677,1910.6061341332609,1922.42431640625,3915000
2021-01-04,1942.1211647974108,2158.787826184546,1922.4241955803984,2125.302978515625,7017000
2021-01-05,2129.2424361080843,2143.0303149727993,1963.7878897315081,1991.3636474609375,6704000
2021-01-06,2050.4546243636337,2093.787959364594,1896.8182548147734,1922.42431640625,8072500
2021-01-07,1926.3637185845491,1969.6970537674329,1881.0606863478984,1906.666748046875,4221000
2021-01-08,1963.7878673699126,1963.7878673699126,1904.6969586225732,1908.6363525390625,3046000
2021-01-12,1883.0302821052146,2016.969674556213,1855.4545248358913,1997.272705078125,6501000
2021-01-13,2020.9091559709823,2089.848552129836,2013.0303678385417,2068.181884765625,5446500
2021-01-14,2036.6667202148437,2048.48490234375,1959.848536376953,1969.697021484375,5316000
2021-01-15,1989.393950480264,2013.0303142483463,1932.2727380407316,1991.3636474609375,3717500
2021-01-18,1975.6060138949388,2219.8484323625084,1973.6363169718131,2190.302978515625,8148000
2021-01-19,2237.5758756144664,2245.4546639088835,2022.8788945915994,2103.636474609375,8557000
2021-01-20,2141.0607156225165,2210.0001130896626,2111.515259565168,2168.636474609375,4873000
2021-01-21,2194.2423923970005,2578.3332959135314,2180.4545138092276,2548.787841796875,20891500
2021-01-22,2578.33337676044,2688.6364089213143,2503.4848906512752,2635.45458984375,15844000
2021-01-25,2678.787967828171,2856.060700993271,2635.4546330544804,2670.9091796875,13950000
2021-01-26,2552.7273437500003,2637.4243158034337,2393.181884765625,2393.181884765625,9061500
2021-01-27,2363.6364828020137,2412.8789095270554,2284.8486000419466,2347.87890625,6293000
2021-01-28,2229.6970560347354,2275.000088091978,2101.666748046875,2101.666748046875,9793500
2021-01-29,2208.0303184886125,2213.9394094390727,2074.090923611516,2113.48486328125,6642500
2021-02-01,2107.575670105318,2154.848395416091,1985.454463052486,2139.0908203125,4985500
2021-02-02,2192.27264574602,2253.333249535891,2168.6362829886502,2188.333251953125,4426000
2021-02-03,2265.1516661352043,2340.000155972715,2194.242570499667,2219.8486328125,5248000
2021-02-04,2194.24236705876,2284.848425303556,2168.636307120013,2271.060546875,3320000
2021-02-05,2304.545591483009,2403.03044581989,2259.242558488044,2365.606201171875,6340000
2021-02-08,2399.090991760712,2426.666750286697,2308.4849280324747,2361.666748046875,5197000
2021-02-09,2361.666764144059,2536.9698016826924,2314.394034920158,2509.39404296875,5380500
2021-02-10,2523.181972783697,2540.9092465971657,2395.151661908646,2414.8486328125,6340500
2021-02-12,2166.6667464511847,2412.8788767297283,2129.242502648846,2410.9091796875,17664500
2021-02-15,2414.84860966767,2598.030437317828,2296.6667853772456,2576.36376953125,8921000
2021-02-16,2572.4242774570566,2814.6970080291994,2517.2727615544554,2716.212158203125,10505000
2021-02-17,2704.3939928556742,2783.1818732010693,2562.575808233964,2619.697021484375,6873000
2021-02-18,2572.424227593774,2700.4545298859603,2550.7575610520194,2566.51513671875,4298500
2021-02-19,2523.181811383328,2753.636356216934,2519.2424174545486,2745.757568359375,6194000
2021-02-22,2714.2424472553375,2777.272750820048,2607.878809989889,2617.727294921875,4979500
2021-02-24,2481.818314276199,2507.42437624889,2217.87890625,2217.87890625,7988000
2021-02-25,2265.1514774724587,2341.9696580128293,2164.696933688898,2223.787841796875,6158000
2021-02-26,2062.2726908385025,2135.151477429739,1991.3636011821643,2093.787841796875,7133500
2021-03-01,2166.6666666666665,2219.848484848485,2050.4545454545455,2080.0,3885000
2021-03-02,2164.6970137653852,2239.5455001376185,2097.727315432334,2180.45458984375,4735500
2021-03-03,2180.4546282994265,2194.2425076111663,2009.0909854249458,2044.5455322265625,3912000
2021-03-04,1932.2727490674267,2009.0909317520645,1885.000021261496,1967.727294921875,4470000
2021-03-05,1938.181875,2026.8182412347562,1863.3333879573172,2018.939453125,6009000
2021-03-08,2078.030290948102,2121.3636240294845,1894.84847383135,1908.6363525390625,6301000
2021-03-09,1849.545483551344,1916.5151815713075,1727.42426951494,1886.9697265625,9455500
2021-03-10,1946.0606526174363,1961.8182287519905,1792.4242853055334,1855.45458984375,5966500
2021-03-11,1825.9090838022182,1910.606053169527,1800.3030232958224,1900.757568359375,4562500
2021-03-12,1948.0302778742403,2038.6363373102515,1904.696945100496,2005.1514892578125,4606000
2021-03-15,2022.8788320529284,2042.5758021800261,1861.3636770107278,1863.3333740234375,4975500
2021-03-16,1875.151587314293,1932.272801633741,1839.6970404953254,1922.42431640625,3786500
2021-03-17,1934.2424986792394,1987.4243189076908,1900.7576489057697,1922.42431640625,3610000
2021-03-18,1951.9697275818764,1957.878818583638,1871.2121505578027,1886.9697265625,3659000
2021-03-19,1841.6667245037713,1849.5455126299908,1758.9394491784683,1766.8182373046875,6046500
2021-03-22,1760.9090713410687,1766.8181621844951,1660.45452700282,1664.3939208984375,4786500
2021-03-23,1705.757655843099,1731.363717651367,1648.636441040039,1654.5455322265625,3997000
2021-03-24,1623.0303481867284,1674.2424708236883,1585.6061047212577,1595.45458984375,3200500
2021-03-25,1585.6060985395104,1595.4545836236068,1487.121247698547,1546.212158203125,4731500
2021-03-26,1583.636387759813,1709.6969957406939,1567.878811762203,1699.8485107421875,4143000
2021-03-29,1676.2121056282874,1713.6363477045948,1583.6363489132118,1591.51513671875,4278500
2021-03-30,1609.2425036164232,1625.0000801512228,1494.0152252057,1499.92431640625,2357400
2021-03-31,1514.696980411125,1624.015163002565,1508.7878894602363,1568.8636474609375,3209300
2021-04-01,1654.5455215575341,1740.2273432096206,1639.7727936864846,1735.3031005859375,5394900
2021-04-02,1814.0908973430764,1815.0757458215471,1690.9848375342358,1713.6363525390625,5346200
2021-04-05,1732.348551018494,1776.6667345294845,1713.6364290916315,1743.181884765625,2736600
2021-04-06,1745.1515036316455,1768.7878671119838,1659.469686015419,1681.1363525390625,2458800
2021-04-07,1680.1515151515152,1760.909090909091,1671.2878787878788,1722.5,2224900
2021-04-08,1694.924227576075,1708.712106243167,1659.4696824321247,1689.01513671875,1753800
2021-04-09,1701.818221830986,1890.9091353677622,1694.9242822749577,1887.95458984375,8921100
2021-04-12,1879.0909700661446,1893.863697818237,1792.4243005872029,1823.939453125,3231600
2021-04-13,1832.8030717730653,1852.5000419157097,1783.5606464164541,1798.3333740234375,2179300
2021-04-14,1835.757642994271,2036.6667412618845,1821.9697637013958,2019.92431640625,10599200
2021-04-15,1950.0001044824357,2101.666779275514,1939.1667705686443,2071.136474609375,8535200
2021-04-16,2113.484934420106,2222.8031206832147,2099.6970550716055,2183.4091796875,9106200
2021-04-19,2222.8030976326236,2274.01522039598,2112.50006398847,2198.181884765625,8362200
2021-04-20,2126.287856603552,2175.530280332212,2087.8787660951966,2127.272705078125,4960500
2021-04-21,2028.787855870144,2064.2424009241854,1940.1514932350408,1964.772705078125,6106400
2021-04-22,2027.8030756390283,2047.5000457763672,1972.6515592544797,1985.45458984375,2935300
2021-04-23,1940.1515342580378,1988.409110490852,1874.1666851233736,1878.1060791015625,3087600
2021-04-26,1861.3637131911057,1910.6061394660028,1809.166741339715,1882.0455322265625,3115700
2021-04-27,1872.196965908182,1949.0151475709058,1826.893935696832,1827.8787841796875,2913400
2021-04-28,1831.818211570946,1894.8485156250001,1807.1969990498312,1821.9697265625,2510100
2021-04-30,1775.6818145233003,1806.2121174907004,1748.1060570043583,1795.3787841796875,2138100
2021-05-06,1720.5303302810853,1720.5303302810853,1631.8939652408462,1634.8485107421875,3787700
2021-05-07,1609.2424205228367,1624.9999962439904,1571.8181781850963,1600.3787841796875,3274700
2021-05-10,1600.3788552922995,1614.1667346609715,1570.8333995022879,1580.681884765625,3668900
2021-05-11,1566.8940040672219,1591.5152172046703,1501.8940013843578,1523.5606689453125,3740200
2021-05-12,1624.999973948409,1689.0151244372855,1537.3484602021008,1615.1514892578125,9699300
2021-05-13,1563.9394433341083,1615.1515661636886,1513.7121690204813,1522.5758056640625,3772300
2021-05-14,1504.8485322324102,1651.5909610953875,1504.8485322324102,1644.697021484375,3387900
2021-05-17,1620.0757813453674,1640.7575998306274,1478.2575974464417,1512.727294921875,4712400
2021-05-18,1556.060606060606,1626.969696969697,1532.4242424242425,1625.0,3149200
2021-05-19,1598.4091478493629,1676.2121809239775,1581.6667230105215,1661.439453125,3419700
2021-05-20,1670.3030639721228,1688.0303370567326,1621.0606387370956,1651.5909423828125,2712500
2021-05-21,1689.9999923797645,1708.7121135075124,1626.9696896336661,1640.757568359375,2059100
2021-05-24,1634.8485467175692,1664.39400238114,1558.0303619922859,1563.939453125,2371300
2021-05-25,1629.9243044100608,1679.1667305251685,1607.2727883971113,1653.5606689453125,4605900
2021-05-26,1684.090941752501,1740.2273064775845,1647.6515471063944,1716.5909423828125,3320500
2021-05-27,1712.6515001480502,1717.5757425291545,1662.4242278607871,1689.01513671875,2037200
2021-05-28,1705.757579508654,1721.5151553008818,1678.1818218722556,1682.1212158203125,1798900
2021-05-31,1681.136403855245,1750.0757994439193,1680.1515553468353,1700.8333740234375,1833400
2021-06-01,1694.9242314481187,1748.106049285538,1662.4242316585846,1713.6363525390625,2259400
2021-06-02,1721.5151126568132,1748.1060211475078,1633.8635994837834,1638.787841796875,3419100
2021-06-03,1630.9090872865538,1670.3030265929924,1584.6212086014887,1665.3787841796875,2810000
2021-06-04,1634.8485000289709,1645.6818334628979,1586.5909238232964,1593.48486328125,2275900
2021-06-07,1614.1666844045997,1700.8333520236386,1608.2575934305744,1683.1060791015625,2876300
2021-06-08,1703.787941132029,1748.1061245718795,1696.89400148583,1718.5606689453125,2421400
2021-06-09,1743.18189628886,1914.5455403308156,1708.7121977746733,1898.7879638671875,6624900
2021-06-10,1868.2576100435372,1871.212155552304,1805.2273058565122,1814.0909423828125,2926100
2021-06-11,1871.2121913780852,1922.4243145105381,1772.7273392002912,1775.681884765625,3805700
2021-06-14,1792.4243123995657,1825.9091621916455,1744.166734758039,1800.3031005859375,1682300
2021-06-15,1807.197022432757,1817.0455075686302,1749.0909601311043,1774.697021484375,1422200
2021-06-16,1745.151592526964,1780.6061395534712,1718.5606822570835,1752.0455322265625,1380000
2021-06-17,1712.6515955607097,1739.242505900065,1638.7879557291667,1654.5455322265625,2863800
2021-06-18,1718.5606560690042,1726.4394441770569,1652.5758056640625,1652.5758056640625,1925800
2021-06-21,1601.363607739069,1672.2726973806514,1600.3787592718247,1655.5302734375,1567200
2021-06-22,1664.3939928580292,1669.3182354404494,1606.2879303854706,1612.197021484375,1856300
2021-06-23,1620.0757870431673,1639.7727570984034,1588.5606349547897,1626.9697265625,1316900
2021-06-24,1647.651500434286,1681.1363486200394,1634.8484702456153,1656.51513671875,1697800
2021-06-25,1665.3788685907716,1701.8182642961876,1649.6212920695107,1679.166748046875,1654400
2021-06-28,1707.727331271392,1748.106120534441,1703.7879371969482,1726.439453125,1893000
2021-06-29,1752.0455214678232,1757.9546126026219,1717.5758231814973,1743.181884765625,1407000
2021-06-30,1717.5757231997484,1733.3332986419477,1656.5151183612252,1663.4090576171875,2541100
2021-07-01,1663.4091167416152,1703.7879052474805,1651.5909347398986,1667.3485107421875,1371300
2021-07-02,1648.6363413217905,1673.2575531097505,1629.924220362941,1639.772705078125,878700
2021-07-05,1648.6364467544045,1665.3788718409187,1608.2576568398702,1614.166748046875,897500
2021-07-06,1617.121175619272,1651.590871810913,1617.121175619272,1638.787841796875,1102400
2021-07-07,1645.6817954568303,1667.3484618243049,1595.4545234231389,1607.272705078125,1423900
2021-07-08,1590.53032926514,1607.2727537837202,1531.4394191995618,1569.8485107421875,1833600
2021-07-09,1543.2576049958623,1571.8182115975726,1531.4394229537752,1561.9697265625,1295600
2021-07-12,1581.6666813533297,1599.3939542452101,1565.9091054494359,1593.48486328125,1121500
2021-07-13,1579.6970114811738,1585.606102546565,1532.4242829580464,1538.3333740234375,1717800
2021-07-14,1536.3636622407512,1539.3182077450604,1518.6363892148963,1537.3485107421875,1079700
2021-07-15,1522.5758285472627,1534.394010916323,1501.8940094014074,1507.8031005859375,1437300
2021-07-16,1487.121293663425,1510.7576585958236,1469.3940199641258,1484.166748046875,1566000
2021-07-19,1495.984885042646,1517.651552238787,1475.3030663554205,1513.712158203125,1163200
2021-07-20,1517.65154766281,1563.9394274422725,1485.1515469665912,1554.0909423828125,2095200
2021-07-21,1547.1969506435707,1560.9848292616546,1485.1514968621925,1501.8939208984375,1795100
2021-07-26,1526.5152211689278,1589.5455270752577,1511.7424932221318,1540.3031005859375,2229500
2021-07-27,1527.5000795269957,1543.257656104966,1486.1364410098238,1492.0455322265625,1235300
2021-07-28,1454.621171164906,1457.5757165362631,1212.3484507136081,1313.787841796875,9229600
2021-07-29,1321.666632113121,1345.3029951315377,1264.5454214852814,1273.4090576171875,3845200
2021-07-30,1235.0000244140624,1249.772751978824,1111.8939613743833,1122.727294921875,6378400
2021-08-02,1123.712155249811,1235.984885923324,1114.8485186176915,1221.212158203125,4923400
2021-08-03,1198.560681630477,1252.7273517123801,1197.575833083533,1232.0455322265625,2998000
2021-08-04,1217.2727456050773,1308.863656075362,1203.4848666095504,1228.1060791015625,3192700
2021-08-05,1227.1212511812043,1304.924283960751,1227.1212511812043,1278.3333740234375,2882300
2021-08-06,1192.651490596093,1336.4393664235329,1176.893915162949,1257.6514892578125,6388100
2021-08-10,1211.3636130308494,1220.227249223758,1138.4848265558226,1152.272705078125,3774000
2021-08-11,1123.712166232639,1155.2273190104167,1088.257619357639,1107.95458984375,3841300
2021-08-12,1085.3030918337263,1090.2273345371461,1018.3333910672169,1043.939453125,5490200
2021-08-13,1055.7576138135796,1074.469735700201,1015.3788244792916,1026.212158203125,3038000
2021-08-16,1021.2878899389459,1063.6363752498182,1006.5151625049207,1016.3636474609375,2456600
2021-08-17,1011.4394303978977,1040.0000374880037,994.6970055519733,1026.212158203125,2105900
2021-08-18,996.6666702386987,1041.969700704094,953.3333367500596,1032.1212158203125,7131300
2021-08-19,1051.8181995340526,1129.6212311475267,1046.8939570268708,1098.1060791015625,7358400
2021-08-20,1083.3333740234375,1107.9545870694249,1056.7424639337714,1083.3333740234375,3994600
2021-08-23,1161.1363597768598,1169.9999961110343,1098.1060569560632,1112.8787841796875,4507100
2021-08-24,1121.7424634356832,1133.5606456667879,1056.7424611646077,1058.712158203125,4219400
2021-08-25,1034.0908661731698,1076.439349264071,1029.1666239532976,1069.54541015625,2775800
2021-08-26,1067.575764826797,1097.121219572926,1060.6818253860336,1089.242431640625,2781700
2021-08-27,1085.3030417858715,1085.3030417858715,1039.0151625082526,1048.8636474609375,1875000
2021-08-30,1051.8181714761943,1138.4848372907122,1048.8636260506994,1128.6363525390625,2818000
2021-08-31,1158.1817763535294,1185.7575329333752,1111.8938992373594,1126.6666259765625,4898000
2021-09-01,1145.3787729669898,1158.1818031033363,1104.9999856138973,1136.51513671875,3299000
2021-09-02,1131.5909130227003,1137.500003952323,1058.7121248906901,1064.6212158203125,3329100
2021-09-03,1082.3484533344435,1143.4090576171875,1077.4242110535772,1143.4090576171875,4846100
2021-09-06,1202.4999885073753,1207.4242308845553,1135.530292177726,1161.1363525390625,3723900
2021-09-07,1169.0151184184267,1214.3181474388543,1157.196936934837,1175.9090576171875,2693600
2021-09-08,1168.030303030303,1180.8333333333333,1136.5151515151515,1170.0,2506400
2021-09-09,1152.2727118295606,1155.2272572445083,1099.090894360504,1104.01513671875,2968300
2021-09-10,1169.015205526835,1381.742488082687,1142.4242952073535,1361.0606689453125,15754300
2021-09-13,1431.9697088165956,1470.3788000434506,1319.6969806150194,1341.3636474609375,10988900
2021-09-14,1345.3030535350815,1345.3030535350815,1252.7272943606322,1285.227294921875,6774000
2021-09-15,1262.5757948282846,1263.5606433421913,1203.4848839938875,1253.712158203125,5694300
2021-09-16,1236.9697704712219,1250.7576500783853,1167.0455238920365,1182.8031005859375,4872000
2021-09-17,1153.2575935979653,1195.6060791015625,1143.4091085971286,1195.6060791015625,4853400
2021-09-21,1114.848455794666,1147.348454947691,1090.2272443151019,1135.5302734375,5156200
2021-09-22,1128.636352210032,1136.515140009055,1093.181807114429,1096.1363525390625,4293100
2021-09-24,1132.5757132636177,1136.5151070488823,1083.333290947808,1134.54541015625,5202000
2021-09-27,1145.3787500085964,1166.0605675066022,1113.863599535445,1118.787841796875,3161900
2021-09-28,1127.6515228105927,1150.3030381159585,1083.3333406913991,1089.242431640625,2882100
2021-09-29,1050.8333971146849,1060.681882560933,1022.2727893205649,1036.0606689453125,3537100
2021-09-30,1093.18179945006,1107.9545264696553,1053.7878607311388,1079.3939208984375,7417800
2021-10-01,1081.3636757967647,1145.3788296463,1069.5454935476196,1115.8333740234375,6627800
2021-10-04,1103.0302915219906,1114.8484732168693,1055.757564742477,1063.6363525390625,3757000
2021-10-05,1034.0909265081978,1103.0303216087443,1010.4545624737248,1098.1060791015625,5153900
2021-10-06,1101.0606433854637,1134.5454930054152,1078.4091274660848,1091.212158203125,4494700
2021-10-07,1104.0151654653332,1189.6969847298149,1103.0303169680403,1170.98486328125,7889000
2021-10-08,1200.5303186330827,1210.378803609564,1136.5151662859537,1138.48486328125,5703500
2021-10-11,1122.727276403798,1152.2727310460032,1093.1818217615928,1129.6212158203125,3027400
2021-10-12,1139.4697274313278,1147.3485155207406,1097.121241450734,1106.9697265625,2442700
2021-10-13,1104.0151440098275,1115.833325747667,1074.4696896652292,1088.257568359375,3107200
2021-10-14,1101.0606207911287,1141.4394092101236,1094.1666813049587,1105.98486328125,3623600
2021-10-15,1121.7423958223546,1179.8484549562606,1121.7423958223546,1168.0302734375,3730300
2021-10-18,1168.0302769607517,1171.9696708122215,1129.6211869089227,1160.1514892578125,2961000
2021-10-19,1160.1515696207682,1184.7727828979491,1153.2576299031575,1181.8182373046875,3190200
2021-10-20,1182.803034176282,1188.7121251047229,1125.6818218680185,1129.6212158203125,4257900
2021-10-21,1100.0758156079926,1105.0000582920031,1045.9091460838747,1051.8182373046875,7396100
2021-10-22,1016.3636571107646,1027.1969906652398,985.8333534572436,996.6666870117188,7418100
2021-10-25,975.9848622957522,977.954559293322,896.2121338941822,914.9242553710938,11743600
2021-10-26,929.6969641008948,947.4242367214626,907.0454490857246,921.8181762695312,7589700
2021-10-27,912.9545323949902,933.6363502809609,905.0757446289062,905.0757446289062,3931300
2021-10-28,896.2121389288651,948.4091096576891,886.3636538856908,935.6060791015625,4608600
2021-10-29,925.7576037991431,944.469725578062,911.9697245936239,915.9091186523438,2673000
2021-11-01,930.681814431121,943.4848446825544,913.9393902561695,917.8787841796875,2983800
2021-11-02,915.9091166918997,927.7272988427629,907.0454800787523,919.8485107421875,2483000
2021-11-04,920.8333622518857,922.8030592834405,876.5151790419019,883.4091186523438,4225800
2021-11-05,879.4697372538022,929.6970122817349,828.2576136959101,888.3333740234375,12125100
2021-11-08,866.6667037842076,902.1212507571979,861.74246114907,863.712158203125,4667100
2021-11-09,866.66668579245,881.439413391185,837.1212305949801,838.1060791015625,3182200
2021-11-10,833.1818181818182,847.9545454545455,830.2272727272727,845.0,2902900
2021-11-11,831.2121534567702,832.1970019798232,802.6515462882319,810.5303344726562,3130300
2021-11-12,809.545467367517,828.2575888760118,803.6363763648344,817.4242553710938,1953700
2021-11-15,802.6515278643873,823.3333463737764,778.0303153532097,817.4242553710938,2874900
2021-11-16,827.2727627031072,863.712158203125,819.3939744868871,863.712158203125,4152400
2021-11-17,887.3485158521075,898.1818495639535,839.0909384084302,846.9697265625,4080400
2021-11-18,848.9394337972005,860.7576161702474,827.2727661132812,827.2727661132812,2999700
2021-11-19,817.4242823717763,836.1364044983591,793.7879175803032,794.7727661132812,2826800
2021-11-22,802.651502283608,809.5454415670255,789.8484721858326,807.5757446289062,2489000
2021-11-24,794.7727077872572,797.727253169366,743.5605878307053,754.3939208984375,4868500
2021-11-25,750.4545564651489,776.0606174468994,746.5151624679565,756.3636474609375,2906900
2021-11-26,758.3333583522488,768.1818435256546,718.9394176586254,728.7879028320312,3576100
2021-11-29,710.075772250043,745.530318437285,710.075772250043,715.98486328125,3428600
2021-11-30,722.8788097750756,730.7575978925152,671.6666870117188,671.6666870117188,7287100
2021-12-01,681.5151550803013,712.0454582703147,651.9697003802881,707.1212158203125,8221900
2021-12-02,692.3484828903014,699.2424222647426,645.0757557512766,653.9393920898438,5300300
2021-12-03,652.9545633299358,682.5000186842315,641.1363811882175,675.6060791015625,4872000
2021-12-06,656.893969210253,661.8182118580061,630.3030589123866,651.9697265625,3896200
2021-12-07,661.8182123959841,689.3939712458168,661.8182123959841,680.5303344726562,3087700
2021-12-08,698.2575883147817,719.9242553710938,686.4394062840661,719.9242553710938,3611100
2021-12-09,712.0454963337291,720.9091332175515,690.3788283954967,693.3333740234375,2563800
2021-12-10,685.4545744474943,686.4394229739994,651.9697245463236,655.9091186523438,2843000
2021-12-13,661.818198844178,668.7121384154716,631.2878950284496,647.0454711914062,3462100
2021-12-14,637.1969526018415,645.0757402692523,620.4545288085938,620.4545288085938,2602600
2021-12-15,611.5909383073331,635.2273030728338,608.6363927116454,619.4697265625,3137900
2021-12-16,639.1666799617719,651.9697105311141,618.4848613497577,622.4242553710938,2182500
2021-12-17,612.575786336263,616.515180460612,588.9394215901692,590.9091186523438,3962200
2021-12-20,597.8030669319688,608.6364009290885,583.0303387540783,603.712158203125,4806600
2021-12-21,613.5606095951758,654.9242461970979,599.7727307278685,642.1212158203125,5337300
2021-12-22,644.0909019334782,669.6969622549926,631.287871772721,665.757568359375,4147300
2021-12-23,661.8182181490384,678.5606433105469,640.1515502929688,640.1515502929688,3672000
2021-12-24,630.3030523255815,649.0151741914971,630.3030523255815,635.227294921875,2508800
2021-12-27,630.3030689233278,631.2879174685206,602.7273096579323,603.712158203125,2653000
2021-12-28,611.5909423828125,622.4242763058575,605.6818511520607,611.5909423828125,2538000
2021-12-29,609.6212453058953,618.4848821520229,601.7424569982262,611.5909423828125,1734900
2021-12-30,603.7121414580903,611.5909296010996,585.000019618443,606.6666870117188,2389800
2022-01-04,616.5151730559593,638.1818404796512,604.6969908248547,635.227294921875,2830000
2022-01-05,619.4696989415056,622.4242444054555,578.1060624462064,581.0606079101562,3848300
2022-01-06,561.3636642536788,575.1515437265763,552.5000274496734,558.4091186523438,4560300
2022-01-07,571.2121337483045,591.8939523840189,563.3333456966037,589.9242553710938,3799500
2022-01-11,584.0151692052041,621.4394127630418,583.0303206905241,610.6060791015625,4423200
2022-01-12,617.4999945555494,634.242418650357,607.651509793898,629.3181762695312,3291000
2022-01-13,619.4697205637249,632.2727513543902,610.6060838624951,631.2879028320312,2823700
2022-01-14,611.5909336491635,620.4545703687165,595.8333572588468,598.7879028320312,4443900
2022-01-17,590.9090969731899,591.8939454681451,534.7727327607369,540.6818237304688,8611800
2022-01-18,539.696978525833,586.9697065718914,534.7727360210353,565.3030395507812,6184000
2022-01-19,545.6060938379786,561.3636705553209,541.666699658643,546.5909423828125,3707800
2022-01-20,548.560615581858,553.4848580915694,521.969706029416,532.8030395507812,4777600
2022-01-21,517.0454772592288,518.0303257873417,488.4848699439571,505.227294921875,6941400
2022-01-24,492.42423562442553,545.6060530718635,487.4999932681813,535.757568359375,5897500
2022-01-25,534.7727361342486,550.5303121529373,499.31819009219896,502.2727355957031,5521700
2022-01-26,501.28788902071625,508.1818285553823,491.4394039711933,498.3333435058594,5347500
2022-01-27,495.3788083254636,503.2575965294471,444.16668499957075,448.1060791015625,7126700
2022-01-28,459.92426140753776,466.81820108602335,445.15153352506866,448.1060791015625,2776600
2022-01-31,449.0909276270604,462.8788069840316,444.16668499957075,448.1060791015625,4112200
2022-02-01,481.59091567200085,515.0757646144303,468.78788519401314,473.7121276855469,9464200
2022-02-02,489.4697005051833,514.0909128042367,483.5606095534105,512.1212158203125,4412300
2022-02-03,492.4242542048169,492.4242542048169,458.93940491888935,463.8636474609375,6179900
2022-02-04,457.9545623180913,462.8788049236622,443.1818345013787,452.04547119140625,4534700
2022-02-07,452.0454724808814,453.0303210048049,414.62122857178883,419.54547119140625,6449000
2022-02-08,422.5000147619913,445.1515307049419,411.66668105014537,423.48486328125,5883600
2022-02-09,438.2575719907573,453.0302991365132,425.4545417977689,430.3787841796875,6905000
2022-02-10,467.8030388118569,473.7121298284277,401.818189126816,406.742431640625,18377600
2022-02-14,390.9848546774991,413.6363701877824,389.0151576766049,408.7121276855469,6657100
2022-02-15,414.621209215762,419.54545160549793,389.99999726708256,395.9090881347656,4319100
2022-02-16,394.92425125364275,396.89394826737663,364.3939475407676,372.2727355957031,9997800
2022-02-17,369.31817626953125,379.1666609700521,366.363630859375,369.31817626953125,5807000
2022-02-18,364.3939339192708,372.2727216796875,349.6212068684896,369.31817626953125,6965000
2022-02-21,356.5151642509129,365.37880093118423,348.6363760906717,362.42425537109375,5246000
2022-02-22,351.59092165076214,378.1818316915761,351.59092165076214,362.42425537109375,5070400
2022-02-24,359.4697180661288,372.2727491205389,342.72729284113103,346.66668701171875,6333200
2022-02-25,363.4090953293242,380.1515197753906,359.46970134201445,380.1515197753906,5624300
2022-02-28,388.03029427161584,412.65150583707367,379.16665810805097,409.69696044921875,9456900
2022-03-01,415.6060564720024,485.53029820070424,409.6969656216896,464.8484802246094,19480800
2022-03-02,456.96971842447914,473.7121434529622,436.2878992716471,472.727294921875,13603200
2022-03-03,506.21212328781723,509.16666875447766,437.272729065741,451.06060791015625,19546100
2022-03-04,437.27271740253155,439.2424143277682,403.78786967350885,409.69696044921875,10832500
2022-03-07,388.03031272076544,390.0000097396526,365.3787970035634,370.30303955078125,9807600
2022-03-08,369.3181844858023,406.74242718036356,368.33333599384014,384.0909118652344,11471500
2022-03-09,396.89395802815756,397.87880655924477,352.5757741292318,354.54547119140625,13882900
2022-03-10,377.1969742849083,384.0909137627004,363.4090953293242,380.1515197753906,9249700
2022-03-11,368.3333362397693,380.1515181512058,342.727275431657,351.5909118652344,12182600
2022-03-14,351.59090818640306,370.30302935038526,349.6212112217733,359.4696960449219,6963500
2022-03-15,360.45455351329986,384.0909176781064,351.5909169514974,372.2727355957031,8262600
2022-03-16,381.1363663893479,385.0757603571965,370.3030329777644,384.0909118652344,6634800
2022-03-17,407.72728321650254,447.12122362389414,403.7878891757634,431.3636474609375,17432100
2022-03-18,431.36363813242014,455.00000186570344,421.5151532435521,451.06060791015625,12126800
2022-03-22,444.1666686293658,447.12121409696687,415.6060624425551,418.56060791015625,10096800
2022-03-23,438.2575968379167,465.83335574007776,434.31820270903654,442.1969909667969,14134800
2022-03-24,431.3636494298135,457.9545593261719,428.4091038857737,457.9545593261719,10749200
2022-03-25,465.8333254696278,471.7424162789677,436.2878714229284,438.257568359375,8203800
2022-03-28,430.3788070317128,432.3485040890662,415.6060791015625,415.6060791015625,5061300
2022-03-29,423.48485469818115,449.09091567993164,422.50000619888306,441.2121276855469,6659400
2022-03-30,456.9697017163302,457.9545502114085,434.31818632952934,445.1515197753906,5616900
2022-03-31,437.2727190056103,445.1515067354411,431.3636282082372,440.2272644042969,5030900
2022-04-01,436.2878779049577,459.9242414934882,426.43939307640335,456.9696960449219,8066000
2022-04-04,466.81820139468294,508.181839492946,446.1363823455514,507.1969909667969,20066400
2022-04-05,527.8787916917067,540.6818220872145,504.2424278846154,512.1212158203125,24211100
2022-04-06,493.4091088742626,499.31819999850524,473.71213846012034,482.5757751464844,12540100
2022-04-07,458.93939487623135,460.90909184994905,446.1363645470661,453.0303039550781,9500400
2022-04-08,456.9697127931806,465.833349463738,447.1212276036724,454.0151672363281,7916200
2022-04-11,438.2575941985508,439.2424427248397,409.69698693617335,417.5757751464844,10264000
2022-04-12,403.7878948086304,428.4091079067177,399.84850071293647,419.54547119140625,9473100
2022-04-13,423.484861312374,461.89395338489163,423.484861312374,457.9545593261719,12035300
2022-04-14,461.8939461708069,461.8939461708069,434.3181881904602,441.2121276855469,9316400
2022-04-15,427.4242396562949,434.31817900558997,416.5909063931169,428.4090881347656,6839800
2022-04-18,426.4394058787495,436.28789100297,419.5454662917951,429.3939514160156,5108900
2022-04-19,436.28789820377295,437.27274673244966,415.6060791015625,415.6060791015625,7229600
2022-04-20,420.5303147304205,422.500011754919,396.89395043643907,398.8636474609375,6879700
2022-04-21,392.95455735729587,403.7878910187752,386.0606177545363,396.8939514160156,8246700
2022-04-22,384.0909118652344,386.06060884915865,370.3030329777644,384.0909118652344,8832600
2022-04-25,376.21212864925985,389.0151592053865,372.27273463199015,374.242431640625,7472000
2022-04-26,389.0151602124411,399.8484937879774,370.30303858196925,372.2727355957031,10476500
2022-04-27,360.4545463921291,364.39394034176985,352.57575849284757,355.5303039550781,9910700
2022-04-28,353.5606088504738,354.54545734309346,343.71212392427674,351.5909118652344,6582500
2022-05-02,345.6818384690718,352.5757782676003,341.7424442984841,346.66668701171875,5235800
2022-05-06,342.7272698538644,347.6515122368222,329.9242396581741,330.9090881347656,6098800
2022-05-09,325.00001996477073,336.81820250894424,315.1515345112928,316.1363830566406,8794300
2022-05-10,318.1060597063547,327.9545445269849,301.3636355112834,326.9696960449219,12140600
2022-05-11,319.090928692684,326.96971705546633,310.22729178455387,316.1363830566406,9079200
2022-05-12,308.2575767387778,310.22727371474446,290.5303039550781,290.5303039550781,8164000
2022-05-13,310.2272680664062,369.31817626953125,310.2272680664062,369.31817626953125,18466700
2022-05-16,392.95455630705317,395.9091018431964,349.6212217769521,368.3333435058594,12168500
2022-05-17,360.45453831010883,385.07574994331304,346.66665979551453,373.257568359375,6784100
2022-05-18,395.90908750625715,431.3636326560712,379.16666340773384,430.3787841796875,24554100
2022-05-19,413.6363579245175,429.39393346449907,397.87878238453584,401.81817626953125,12403700
2022-05-20,406.7424232827958,414.6212111429952,384.0909081847224,391.9696960449219,8912000
2022-05-23,389.0151515151515,399.8484848484849,376.2121212121212,390.0,5166000
2022-05-24,379.1666791761244,387.045467314849,364.3939514160156,364.3939514160156,5330600
2022-05-25,359.46968732561385,362.42423270089284,344.69696044921875,344.69696044921875,4950000
2022-05-26,344.69698788074965,358.4848673959797,342.7272908071454,350.6060791015625,4858500
2022-05-27,364.39396077936345,366.3636578646573,346.66668701171875,346.66668701171875,3149300
2022-05-30,354.54544836393404,376.2121146528411,351.59090296090125,371.2878723144531,4428800
2022-05-31,369.31819706172735,374.242439689217,358.48486328125,358.48486328125,7434700
2022-06-01,364.39395861679253,369.3182013008032,346.66668495435397,350.6060791015625,6636100
2022-06-02,346.66667417146977,349.6212196899766,337.8030376159492,341.742431640625,4467000
2022-06-03,351.59091376717976,363.40909574254715,346.66667127744336,347.6515197753906,4486700
2022-06-06,341.74241861265307,345.68181248715047,334.8484793322825,336.81817626953125,3318700
2022-06-07,340.7575738415747,341.74242232088557,327.9545436105328,328.93939208984375,3896700
2022-06-08,332.87878328211167,340.7575710521025,329.92423786836514,334.8484802246094,3111500
2022-06-09,334.84849866929943,362.42425738324175,334.84849866929943,358.48486328125,6965800
2022-06-10,351.5909147344084,355.53030873703483,342.7272782284989,345.68182373046875,4340000
2022-06-13,334.84850004720545,336.8181971063066,325.0000147516994,325.98486328125,4853600
2022-06-14,316.13637997688505,325.9848653344204,311.21213729811734,322.04547119140625,5443700
2022-06-15,323.03030679833074,325.98485228733983,314.16667033130335,317.1212158203125,3889300
2022-06-16,330.9090839152934,330.9090839152934,306.2878723144531,306.2878723144531,4550900
2022-06-17,296.43939028880635,304.31817807056865,294.46969334336575,300.3787841796875,4783900
2022-06-20,308.2575728916886,312.19696679445775,290.53030032922726,298.4090881347656,3941900
2022-06-21,305.3030470628005,324.0151693021334,300.3788043682392,320.0757751464844,5039600
2022-06-22,316.13637119949243,320.075765233131,308.25758313221536,309.242431640625,2505200
2022-06-23,317.121217739657,324.01515725573654,309.2424297212805,313.18182373046875,3281800
2022-06-24,321.06060336884997,338.78787594749815,320.07575489225843,330.9090881347656,4815700
2022-06-27,333.8636474609375,344.6969811543603,325.9848593202664,333.8636474609375,4673900
2022-06-28,326.96970497905346,340.7575841046762,326.96970497905346,339.7727355957031,3393300
2022-06-29,331.8939544585536,332.8788029881042,321.06062063349697,325.98486328125,3629900
2022-06-30,326.9696998125241,332.8787907729914,318.10606337182315,319.0909118652344,2683700
2022-07-01,319.09090143270765,319.09090143270765,303.3333260533147,308.257568359375,4467000
2022-07-04,313.18180804118094,323.0302925707778,308.2575657763825,314.1666564941406,3633400
2022-07-05,320.07577310579524,333.86365256266026,320.07577310579524,324.0151672363281,4254500
2022-07-06,331.8939357057831,346.66666281434914,326.9696933362611,332.8787841796875,5586700
2022-07-07,340.7575692465139,350.60605390681775,327.9545391881189,338.7878723144531,4865100
2022-07-08,343.7121286529629,354.5454622208213,336.8181891097803,341.742431640625,3938600
2022-07-11,349.6212206854336,356.515160248245,337.80303857775704,339.7727355957031,2579100
2022-07-12,333.86363175336055,336.8181771671071,328.93938939711626,334.8484802246094,2362300
2022-07-13,335.8333415598109,339.7727355957031,327.9545534880265,339.7727355957031,2020800
2022-07-14,336.818172781808,346.66665736607143,332.87877894810265,344.69696044921875,2172200
2022-07-15,340.75758607925906,348.63637419669857,334.84849499117945,335.8333435058594,2130000
2022-07-19,338.78788056014974,353.56060791015625,332.87878962014713,353.56060791015625,3846200
2022-07-20,362.42424336694944,379.1666676529226,354.5454554676679,355.5303039550781,7207300
2022-07-21,360.454548058143,386.06060884915865,359.4696995661809,384.0909118652344,9488300
2022-07-22,383.1060732454867,384.0909217628273,360.4545573466533,364.3939514160156,9689300
2022-07-25,356.5151642509129,370.30304353133494,352.5757701707923,362.42425537109375,3274100
2022-07-26,362.42423965743563,364.3939366120956,348.63636097481583,363.4090881347656,4390500
2022-07-27,362.42423697916666,371.2878732096354,357.4999946289062,369.31817626953125,3166100
2022-07-28,378.1818316915761,379.16668021160626,359.4697098110033,362.42425537109375,3714200
2022-07-29,364.3939504315776,371.2878900343372,358.484859343498,366.3636474609375,3413000
2022-08-01,361.43939300955157,366.3636354211259,354.5454536333476,359.4696960449219,2368700
2022-08-02,363.40910094562065,375.2272830901937,357.50000987333414,368.3333435058594,6173200
2022-08-03,370.3030501724838,385.07577823787545,370.3030501724838,379.16668701171875,6390500
2022-08-04,377.19697150405574,386.06060791015625,371.28788056665536,386.06060791015625,5924200
2022-08-05,362.4242566464552,364.3939536934468,329.92425537109375,329.92425537109375,14357700
2022-08-08,331.8939544585536,334.84850004720545,322.0454691630476,325.98486328125,6853300
2022-08-09,325.9848622731618,336.8181960647171,316.13637700811165,327.9545593261719,6705600
2022-08-10,324.01516826291333,327.95456240592745,318.1060770483921,322.04547119140625,2839100
2022-08-12,325.0000117723595,337.80304253914943,324.0151632518372,331.8939514160156,3414900
2022-08-15,325.98486328125,332.8788029881042,324.01516622214876,325.98486328125,3343000
2022-08-16,326.96971079966687,336.8181960647171,325.0000137466568,327.9545593261719,3133400
2022-08-17,329.9242505059726,346.6666751585145,326.96970497905346,339.7727355957031,6061100
2022-08-18,332.87880195869695,334.848499011707,325.9848622731618,327.9545593261719,4683000
2022-08-19,329.92425947743453,329.92425947743453,321.0606226556527,322.04547119140625,3359100
2022-08-22,315.1515324519231,320.0757751464844,313.18183537409857,320.0757751464844,2802400
2022-08-23,317.1212316019884,319.090928692684,314.166685965945,316.1363830566406,1721800
2022-08-24,316.1363673239761,319.0909128129852,314.16667033130335,317.1212158203125,1608400
2022-08-25,317.1212167739868,318.1060652732849,312.19697427749634,315.1515197753906,2045100
2022-08-26,316.13636923736,318.1060662419541,313.18182373046875,313.18182373046875,1733900
2022-08-29,300.37879795223085,306.2878890594879,300.37879795223085,303.3333435058594,3082600
2022-08-30,305.30302385041955,308.25756924252033,302.3484784583187,306.2878723144531,2028000
2022-08-31,303.3333269223523,307.27272077848676,302.3484784583187,306.2878723144531,2014000
2022-09-01,302.348498009688,304.31819506512574,297.42425537109375,297.42425537109375,2233500
2022-09-02,301.3636454920615,306.2878880654612,295.45455440398183,305.30303955078125,2974400
2022-09-05,300.37877982003346,312.19696132114956,298.4090829031808,310.2272644042969,2713000
2022-09-06,313.18182666485126,317.12122071095,306.28788708417846,307.2727355957031,2218100
2022-09-07,305.3030265432889,307.2727234887295,298.4090872342469,300.3787841796875,2192900
2022-09-08,305.3030265432889,309.24242043417007,299.3939357069672,300.3787841796875,2021400
2022-09-09,298.409101897595,303.33334450316585,297.4242533764808,301.3636474609375,1423400
2022-09-12,306.2878723144531,311.2121146346212,303.3333269223523,306.2878723144531,2620200
2022-09-13,308.2575812189834,319.09091474425117,308.2575812189834,313.18182373046875,3402300
2022-09-14,303.3333377838135,315.1515197753906,303.3333377838135,315.1515197753906,2434000
2022-09-15,323.03030583887926,327.9545483059353,314.16666939817827,319.0909118652344,4392800
2022-09-16,319.0909177339994,321.06061475704877,306.28788708417846,307.2727355957031,2418100
2022-09-20,306.28787410375736,307.2727225735444,295.4545409361004,302.3484802246094,3609800
2022-09-21,298.4091038988126,299.3939524265314,293.48486126021834,297.42425537109375,2902200
2022-09-22,291.5151496963248,298.40908904725137,291.5151496963248,296.43939208984375,1814500
2022-09-26,291.5151652018229,296.4394078572591,288.5606196085612,295.4545593261719,2243400
2022-09-27,294.4696960449219,299.39393845369983,290.5303021178995,294.4696960449219,2009500
2022-09-28,291.5151436941964,294.46968906947546,271.81817452566963,275.757568359375,5766600
2022-09-29,286.590916752391,286.590916752391,275.7575831294484,276.742431640625,2496500
2022-09-30,272.803042591278,274.77273964969874,261.9697087699637,266.8939514160156,3814600
2022-10-03,263.93940582838445,271.81819406206756,259.0151631823325,266.8939514160156,3271200
2022-10-04,270.83334153698337,277.72728113974296,269.84849302230344,274.7727355957031,2759100
2022-10-05,277.7272831587358,280.6818287242543,270.8333435058594,270.8333435058594,1853700
2022-10-06,269.8484892629165,282.6515197753906,268.86364076195696,282.6515197753906,2313700
2022-10-07,275.75758510548286,278.71213066018447,269.84849399607964,272.80303955078125,3086300
2022-10-11,267.878785083912,269.8484820330585,264.9242396601924,265.9090881347656,1381500
2022-10-12,263.93940890330185,265.9091059846698,257.0454691185141,260.98486328125,2947200
2022-10-13,260.000004308364,260.000004308364,249.16667079551547,251.13636779785156,2803500
2022-10-14,253.1060643196106,256.0606098175049,248.18182182312012,252.1212158203125,3093900
2022-10-17,249.1666722373357,250.15152074420263,246.21212671673487,248.18182373046875,1678300
2022-10-18,252.12121302480915,261.9696979085908,252.12121302480915,258.0303039550781,3191300
2022-10-19,256.06060933510156,260.00000332487235,251.13636684788804,253.10606384277344,1849000
2022-10-20,248.18182043127112,255.0757598876953,247.19697193749622,255.0757598876953,1753600
2022-10-21,250.15152025788197,256.06061128759575,249.1666717529297,249.1666717529297,1828100
2022-10-24,252.12121825199202,252.12121825199202,244.24243018161727,247.1969757080078,3338700
2022-10-25,247.19697426623247,254.0909137876015,246.21212576317976,250.15151977539062,2148000
2022-10-26,256.0606147408055,278.71213066018447,255.07576622257164,272.80303955078125,8025500
2022-10-27,268.86363000663926,277.72726616070423,264.9242361603881,273.7878723144531,2775000
2022-10-28,272.8030375959186,280.68182568533143,268.8636435512122,276.742431640625,2349400
2022-10-31,284.62120448521205,285.6060529436384,270.8333260672433,275.757568359375,2547000
2022-11-01,276.7424287696333,283.6363682763502,271.81818626483556,282.6515197753906,2622600
2022-11-02,277.7272652762277,278.712113734654,270.8333260672433,275.757568359375,2262800
2022-11-04,269.84847760881695,276.7424168178013,268.86362915039064,275.757568359375,1307600
2022-11-07,271.8181720013385,281.6666564941406,268.8636266534979,281.6666564941406,2877300
2022-11-08,280.6818208989409,291.51515433714565,279.69697240455866,286.5909118652344,3681900
2022-11-09,318.10605574120143,328.9393889088584,290.53029858716536,302.3484802246094,15636800
2022-11-10,300.37878328503535,315.1515103318404,299.3939348152484,302.3484802246094,5047200
2022-11-11,314.1666849331221,323.030321812113,307.2727451383514,318.1060791015625,6412400
2022-11-14,321.06060791015625,326.969698853288,309.24242602389285,321.06060791015625,5742400
2022-11-15,319.090928692684,322.0454743287274,312.1969888752495,316.1363830566406,3145000
2022-11-16,313.1818181818182,327.95454545454544,310.22727272727275,325.0,4082900
2022-11-17,321.06059655030066,323.0302934616522,310.2272635378672,312.19696044921875,3582000
2022-11-18,306.2878880654612,313.18182766822076,302.3484940067414,305.30303955078125,2745600
2022-11-21,301.3636344833628,302.34848296206656,293.48484665373235,296.43939208984375,2182600
2022-11-22,296.43941098167784,297.4242595231452,289.54547119140625,289.54547119140625,1663000
2022-11-24,295.45455440398183,309.242433609501,295.45455440398183,305.30303955078125,2467400
2022-11-25,311.2121296418019,317.12122071095,303.33334154960437,307.2727355957031,1992800
2022-11-28,305.3030229757388,312.19696220422327,302.34847759210265,308.257568359375,1768100
2022-11-29,308.2575710433314,310.2272679829054,301.3636317548224,302.3484802246094,1389500
2022-11-30,300.37878328503535,307.2727225735444,299.3939348152484,302.3484802246094,1494200
2022-12-01,310.22726528179913,314.16665912664735,304.31817451452673,308.257568359375,1836200
2022-12-02,306.2878750160092,310.22726890689034,299.3939357069672,300.3787841796875,1432000
2022-12-05,298.4090872342469,300.3787841796875,292.4999963979252,300.3787841796875,2047000
2022-12-06,295.45454639499474,298.40909185894463,290.5303039550781,290.5303039550781,1421400
2022-12-07,287.57577619881465,288.5606247474407,282.6515334556843,285.6060791015625,1607600
2022-12-08,283.6363682763502,285.6060652782693,280.68182277347154,282.6515197753906,990900
2022-12-09,283.63637994260205,293.48486535727574,281.66668285966733,289.54547119140625,1308600
2022-12-12,284.6212305529364,287.57577619881465,282.6515334556843,285.6060791015625,930200
2022-12-13,285.6060652782693,289.54545928210746,281.66667127443105,282.6515197753906,900700
2022-12-14,285.6060682412144,287.57576526356763,276.742431640625,276.742431640625,2099300
2022-12-15,275.75757012851,276.7424185932546,270.83332780478656,271.81817626953125,2115600
2022-12-16,265.9090863527173,270.8333286925824,264.92423788474423,269.8484802246094,1896800
2022-12-19,264.92425435759486,269.8484970036468,263.93940582838445,266.8939514160156,1659000
2022-12-20,262.9545463969689,263.9393948853471,251.136364536431,258.0303039550781,5176800
2022-12-21,255.07576180252374,260.000004308364,251.13636779785156,251.13636779785156,3792400
2022-12-22,254.09091627741432,255.0757647901175,245.22727966308594,245.22727966308594,3633500
2022-12-23,244.24243415235983,245.22728267716772,239.3181915283203,239.3181915283203,3941400
2022-12-26,237.34849548339844,239.31819254135195,229.4697072515844,237.34849548339844,4331500
2022-12-27,238.33334452311198,241.2878901163737,234.39395039876302,236.3636474609375,2554700
2022-12-28,232.42424148756035,233.40908996843984,228.48484756404238,229.46969604492188,4151200
2022-12-29,228.48484532973345,236.36363309972427,228.48484532973345,234.39393615722656,1591400
2022-12-30,239.31817943766964,243.2575733378782,232.4242401123047,232.4242401123047,2148500
2023-01-04,236.36364545978483,247.19697921002498,234.39394841428663,240.30303955078125,1990900
2023-01-05,236.36363355419306,241.28787591990542,233.40908813476562,233.40908813476562,1865100
2023-01-06,231.43939393939394,231.43939393939394,224.54545454545456,227.5,2643400
2023-01-10,228.4848489512568,231.4393944118334,225.5303034906802,226.51515197753906,1234900
2023-01-11,232.42425333658855,237.34849599202474,228.48485921223957,236.3636474609375,2693300
2023-01-12,239.3181930541992,242.27273864746093,233.4091018676758,236.3636474609375,1068200
2023-01-13,235.37878462847542,237.34848157097312,231.43939074348,234.39393615722656,938800
2023-01-16,232.424251854665,245.22728267716772,232.424251854665,239.3181915283203,1901400
2023-01-17,236.36364645209193,245.22728319404538,234.3939493983245,238.33334350585938,1330900
2023-01-18,239.318188586867,247.19697668849224,236.36364304875752,245.22727966308594,3140400
2023-01-19,242.27273609394928,245.22728165607063,239.31819053182795,241.2878875732422,1461700
2023-01-20,239.31818955147315,245.22728065150952,238.3333410348004,243.25758361816406,1449300
2023-01-23,249.16666846642127,257.04545640211836,247.196971482497,256.06060791015625,2543300
2023-01-24,256.06061178540426,257.04546029227123,248.18182373046875,248.18182373046875,2017800
2023-01-25,246.21212529201134,252.1212162990196,243.2575797885072,251.13636779785156,1106900
2023-01-26,251.13636876283428,257.045459792548,248.1818232479774,249.1666717529297,2212700
2023-01-27,251.13636637842933,260.98485133444615,250.15151788282765,254.09091186523438,3621600
2023-01-30,256.06060885643774,257.0454573520394,251.13636637842933,254.09091186523438,1659800
2023-01-31,251.136364536431,260.9848494202126,246.21212209454018,258.0303039550781,2816600
2023-02-01,258.03031664216115,264.9242563997762,256.0606195685569,262.9545593261719,2605800
2023-02-02,263.93940890330185,265.9091059846698,258.0303176591981,260.98486328125,1517800
2023-02-03,260.984859256954,274.7727386139251,260.984859256954,268.8636474609375,4674900
2023-02-06,269.8484970036468,275.75758817890915,263.93940582838445,266.8939514160156,2390100
2023-02-07,263.93940582838445,269.8484970036468,263.93940582838445,266.8939514160156,1325400
2023-02-08,264.92425537109375,268.8636495030059,261.9697097721596,264.92425537109375,1914100
2023-02-09,272.8030338485348,299.3939432850346,263.93939736970157,284.6212158203125,17076400
2023-02-10,281.6666564941406,284.62120184198125,273.7878688998989,281.6666564941406,5716600
2023-02-13,277.7272652762277,279.69696219308037,270.8333260672433,275.757568359375,2125000
2023-02-14,274.7727216637653,277.7272670579993,268.86363087529725,271.81817626953125,2036500
2023-02-15,270.833331435474,270.833331435474,261.9696951339494,263.93939208984375,1367000
2023-02-16,265.90910188444366,272.80304156292925,265.90910188444366,268.8636474609375,1712600
2023-02-17,263.93940582838445,267.87879994522604,261.9697087699637,266.8939514160156,1238600
2023-02-20,270.8333445119334,272.80304156292925,264.92425335894575,268.8636474609375,1466400
2023-02-21,268.86365054698473,270.83334762058905,262.9545593261719,262.9545593261719,1483800
2023-02-22,257.0454691185141,260.98486328125,254.09092349646224,260.98486328125,1510000
2023-02-24,260.0000137157655,263.939407862974,257.045468105359,262.9545593261719,917000
2023-02-27,257.04545546669993,261.9696979085908,254.09091000156548,258.0303039550781,1258300
2023-02-28,259.99999060997595,281.6666564941406,259.01514216069575,281.6666564941406,5095300
2023-03-01,280.6818106515067,285.6060529436384,275.757568359375,275.757568359375,1633500
2023-03-02,273.78789259123323,293.48486328125,272.8030440567324,293.48486328125,2405600
2023-03-03,295.4545613881704,297.42425846409157,287.5757730844859,291.5151672363281,1864500
2023-03-06,289.54544321695965,293.4848370022244,280.68180720011395,283.6363525390625,1604100
2023-03-07,279.69695875379773,288.56059477064343,278.71211030748157,283.6363525390625,925400
2023-03-08,283.6363525390625,288.56059477064343,280.68180720011395,283.6363525390625,731900
2023-03-09,282.6515178877054,286.5909118652344,276.7424269214119,286.5909118652344,1242200
2023-03-10,285.6060682412144,285.6060682412144,276.742431640625,276.742431640625,1025200
2023-03-13,269.84847429063586,285.6060494316949,269.84847429063586,283.6363525390625,1962700
2023-03-14,283.63637022416077,289.54546127049747,278.7121276855469,278.7121276855469,1074800
2023-03-15,281.66666277717144,281.66666277717144,266.8939357084387,267.8787841796875,1370200
2023-03-16,260.9848457618996,268.8636335584852,259.0151488127532,265.9090881347656,1064000
2023-03-17,266.8939289516873,283.6363525390625,266.8939289516873,283.6363525390625,1202400
2023-03-20,280.6818106515067,283.63635602678573,275.757568359375,275.757568359375,1038300
2023-03-22,277.7272652762277,279.69696219308037,273.7878714425223,275.757568359375,739400
2023-03-23,274.7727317677142,285.6060652782693,274.7727317677142,282.6515197753906,1106000
2023-03-24,281.6666582256344,283.63635513630317,276.7424159489625,277.7272644042969,530200
2023-03-27,279.69698780980605,287.57577619881465,278.71213926117997,285.6060791015625,1115100
2023-03-28,281.6666703273681,286.59091281560876,279.69697333207176,284.6212158203125,1065300
2023-03-29,280.6818106515067,282.65150756835936,275.757568359375,275.757568359375,1194600
2023-03-30,275.75758411038305,279.6969781691028,272.8030385663432,274.7727355957031,868000
2023-03-31,275.7575719496783,275.7575719496783,266.8939357084387,267.8787841796875,1216000
2023-04-03,269.8484911160418,282.65152171643797,268.8636426083191,278.7121276855469,1523400
2023-04-04,278.712113734654,278.712113734654,272.803022984096,275.757568359375,464100
2023-04-05,275.757568359375,278.712113734654,271.81817452566963,275.757568359375,522200
2023-04-06,269.84849803598394,270.833346568962,264.92425537109375,264.92425537109375,1097100
2023-04-07,267.8788020101826,267.8788020101826,261.96971078936974,262.9545593261719,715700
2023-04-10,265.9091039040718,268.8636495030059,262.95455830513765,264.92425537109375,659800
2023-04-11,266.89394941850145,276.7424346368963,266.89394941850145,270.8333435058594,1500700
2023-04-12,274.7727346182718,279.6969771741548,272.8030375959186,276.742431640625,937700
2023-04-13,277.7272763367755,285.6060643179606,272.8030338485348,284.6212158203125,1728800
2023-04-14,287.5757751464844,293.4848664166176,284.62122951141777,287.5757751464844,1939700
2023-04-17,284.62122848406943,290.53031973287364,279.69698577673256,289.54547119140625,1214600
2023-04-18,287.575772074245,296.43940888475254,287.575772074245,293.48486328125,1396200
2023-04-19,295.45454734828286,295.45454734828286,285.6060624366734,288.56060791015625,1047300
2023-04-20,285.6060791015625,288.5606247474407,283.63638200431035,285.6060791015625,899800
2023-04-21,282.6515207391036,283.63636924342103,277.72727821751647,280.68182373046875,1014600
2023-04-24,280.6818218297199,290.53030680620134,280.6818218297199,284.6212158203125,776600
2023-04-25,284.62122848406943,289.54547119140625,284.62122848406943,289.54547119140625,661500
2023-04-26,287.57574632432727,288.56059477064343,281.6666556464301,283.6363525390625,753200
2023-04-27,281.6666573537907,285.60605116293465,279.69696044921875,279.69696044921875,609200
2023-04-28,282.65150409274634,285.6060494316949,278.71211030748157,283.6363525390625,659000
2023-05-01,285.6060624366734,290.53030489247817,285.6060624366734,288.56060791015625,865500
2023-05-02,285.60607805643997,289.5454722365288,282.65153242137336,287.5757751464844,670000
2023-05-08,288.5606196085612,295.4545593261719,288.5606196085612,295.4545593261719,1519000
2023-05-09,292.50001373291013,303.3333475748698,292.50001373291013,295.4545593261719,1945000
2023-05-10,299.3939514160156,304.31819403798954,293.4848602696469,299.3939514160156,2148600
2023-05-11,292.50000283152787,301.36363928096813,285.60606337085216,286.5909118652344,2143500
2023-05-12,282.65150938172275,285.60605477595675,271.81817626953125,271.81817626953125,2527400
2023-05-15,274.77274285082547,276.7424399321934,260.98486328125,260.98486328125,2351900
2023-05-16,268.8636495030059,274.7727407008742,260.0000127062035,264.92425537109375,2330100
2023-05-17,265.9091059846698,265.9091059846698,260.00001474056603,260.98486328125,1232300
2023-05-18,261.9696960449219,264.9242414890375,259.01515060080624,261.9696960449219,895600
2023-05-19,263.9393885515738,276.7424185932546,262.9545400868291,271.81817626953125,1863800
2023-05-22,270.8333305076317,270.8333305076317,262.95454271104603,265.9090881347656,1045200
2023-05-23,267.8788020101826,268.86365054698473,260.9848622525676,262.9545593261719,935700
2023-05-24,263.939407862974,265.90910493657833,261.96971078936974,262.9545593261719,521600
2023-05-25,262.9545463969689,263.9393948853471,257.04545546669993,258.0303039550781,1223100
2023-05-26,256.0606098175049,257.045458316803,252.1212158203125,252.1212158203125,1297800
2023-05-29,256.0606098175049,258.0303068161011,247.19697332382202,252.1212158203125,1180800
2023-05-30,254.09092451320402,259.0151672363281,252.12122742395437,259.0151672363281,669000
2023-05-31,256.06060515669054,263.93939300766567,256.06060515669054,261.9696960449219,900400
2023-06-01,259.9999964096967,269.8484811221852,259.9999964096967,267.8787841796875,1085400
2023-06-02,263.939407862974,266.89395347338046,261.96971078936974,262.9545593261719,860400
2023-06-05,263.93939118561923,266.8939366093388,259.9999972873264,265.9090881347656,858700
2023-06-06,262.95454271104603,267.878785083912,262.95454271104603,265.9090881347656,622400
2023-06-07,265.9091028868052,270.8333455328572,261.9697087699637,266.8939514160156,1186500
2023-06-08,265.90910493657833,265.90910493657833,261.96971078936974,262.9545593261719,967900
2023-06-09,265.90910493657833,266.89395347338046,260.9848622525676,262.9545593261719,704300
2023-06-12,260.9848457618996,268.8636335584852,258.03030033818,265.9090881347656,1437800
2023-06-13,267.878785083912,275.75757288049766,260.9848457618996,265.9090881347656,2836600
2023-06-14,268.8636344795797,268.8636344795797,262.9545436118966,263.93939208984375,1332200
2023-06-15,265.90909090909093,266.8939393939394,259.0151515151515,260.0,1297800
2023-06-16,259.01516517896334,263.939407862974,258.03031664216115,262.9545593261719,1164500
2023-06-19,265.9090989635837,284.62122074250254,265.9090989635837,274.7727355957031,4852800
2023-06-20,275.75758510548286,275.75758510548286,265.9090999231442,272.80303955078125,2044300
2023-06-21,271.8181736722905,278.71211285963125,267.878779850953,277.7272644042969,1814400
2023-06-22,271.81819303743134,273.7878900884272,267.87879893543953,268.8636474609375,2060500
2023-06-23,271.81818085864074,271.81818085864074,260.98484756355,261.9696960449219,2357900
2023-06-26,260.98486328125,263.93940890330185,258.0303176591981,260.98486328125,1353800
2023-06-27,259.01515244345626,260.00000093183445,255.07575848994364,258.0303039550781,1770200
2023-06-28,260.00001474056603,260.98486328125,255.0757720371462,260.98486328125,1232800
2023-06-29,264.92424242424244,268.8636363636364,260.0,260.0,1570400
2023-06-30,258.03031664216115,262.9545593261719,254.09092249495262,262.9545593261719,1855300
2023-07-03,262.9545603626179,262.9545603626179,260.00001474056603,260.98486328125,858500
2023-07-04,259.01516517896334,265.90910493657833,258.03031664216115,262.9545593261719,1758000
2023-07-05,261.96971182193397,262.9545603626179,259.01516619988206,260.98486328125,723300
2023-07-06,260.9848494202126,260.9848494202126,257.04545546669993,258.0303039550781,724100
2023-07-07,255.0757740941541,258.0303197400323,253.10607699690195,257.04547119140625,1049300
2023-07-10,255.0757594181941,259.01515338604264,254.09091092623197,256.06060791015625,676400
2023-07-11,259.01515244345626,261.9696979085908,257.04545546669993,258.0303039550781,820200
2023-07-12,257.04545783254423,258.03030632998696,252.12121534533074,253.10606384277344,1490900
2023-07-13,252.12121440637065,257.04545687524507,250.15151741882087,255.0757598876953,1340300
2023-07-14,256.06060885643774,260.00000283884447,251.13636637842933,254.09091186523438,1647100
2023-07-18,254.09091427769116,254.09091427769116,248.1818232479774,249.1666717529297,1697300
2023-07-19,249.1666717529297,251.13636876283428,247.1969747430251,249.1666717529297,1135500
2023-07-20,248.18182470703124,250.15152172851563,244.2424306640625,246.21212768554688,1619900
2023-07-21,244.2424331353635,245.22728165607063,239.31819053182795,241.2878875732422,1941700
2023-07-24,241.28788857793612,242.27273710274403,237.3484944787045,239.3181915283203,1586900
2023-07-25,238.3333440123752,239.31819254135195,235.37879842544493,237.34849548339844,1774200
2023-07-26,238.33334350585938,241.28788908651052,235.3787979252082,238.33334350585938,1394800
2023-07-27,237.3484920378654,244.242431640625,237.3484920378654,244.242431640625,983000
2023-07-28,240.30304005312823,245.22728267716772,237.3484944787045,239.3181915283203,1552100
2023-07-31,242.27273609394928,244.2424331353635,239.31819053182795,241.2878875732422,1228000
2023-08-01,242.27273412497647,248.18182520119538,242.27273412497647,245.22727966308594,1008100
2023-08-02,242.27273710274403,243.25758562755192,238.33334300351243,239.3181915283203,987100
2023-08-03,238.33334300351243,241.28788857793612,236.3636459538966,239.3181915283203,1934700
2023-08-04,274.7727299326474,289.54545734838115,263.9393964944427,286.5909118652344,19376000
2023-08-07,290.5303126872465,335.83334449610527,289.54546416966264,333.8636474609375,26071100
2023-08-08,320.07576727098035,341.742434593939,311.21213063886086,335.8333435058594,21347000
2023-08-09,336.8181929304793,370.30304252005914,336.8181929304793,364.3939514160156,15726000
2023-08-10,356.51515244248833,376.21212219069207,352.57575849284757,355.5303039550781,17455900
2023-08-14,351.5908996582031,372.27271728515626,344.69696044921875,344.69696044921875,7710700
2023-08-15,347.65153147379556,360.4545623779297,339.77274322509766,354.54547119140625,5850100
2023-08-16,353.5606167700983,369.31819300497733,344.6969801379788,366.3636474609375,5093600
2023-08-17,359.4697007729974,362.42424625880284,339.7727308676277,349.6212158203125,7070800
2023-08-18,345.68182017320504,345.68182017320504,321.06060791015625,321.06060791015625,7215700
2023-08-21,325.0000147516994,334.84850004720545,322.0454691630476,325.98486328125,4401800
2023-08-22,334.84850004720545,344.69698534271146,323.0303176925982,325.98486328125,4273700
2023-08-23,332.87880615234377,335.83335176908054,316.13638099083533,320.0757751464844,4745700
2023-08-24,320.0757772380318,325.00001996477073,313.1818374205973,316.1363830566406,2869500
2023-08-25,312.1969878489019,324.01517035422313,309.2424422225716,318.1060791015625,2716600
2023-08-28,332.87878328211167,342.7272679946002,324.99999551212085,334.8484802246094,5774900
2023-08-29,335.83333780002323,347.6515197753906,331.8939438082341,347.6515197753906,3962700
2023-08-30,347.65151789475556,357.5000028209526,347.65151789475556,351.5909118652344,3398200
2023-08-31,351.5909266125556,373.25759435898766,346.666683942912,352.5757751464844,7051700
2023-09-01,351.5909004709428,377.19696044921875,351.5909004709428,377.19696044921875,6868600
2023-09-04,376.212117403344,380.15151130285545,361.43939028017604,365.3787841796875,6705300
2023-09-05,363.4091079711914,368.3333506266276,352.5757741292318,354.54547119140625,3830900
2023-09-06,351.5909109301554,358.4848503601584,349.6212139501545,353.56060791015625,2653800
2023-09-07,349.6212139501545,355.53030489015714,343.7121230101519,353.56060791015625,2698800
2023-09-08,350.6060606060606,360.45454545454544,349.6212121212121,357.5,2164700
2023-09-11,353.56061076307435,359.469701750758,346.66667127744336,347.6515197753906,2216300
2023-09-12,347.6515226776387,356.51515923315924,340.75758313445607,341.742431640625,2554700
2023-09-13,342.7272652863078,344.6969622132406,336.8181745055094,340.757568359375,1417100
2023-09-14,341.742434593939,345.68182865265874,332.87879796181954,335.8333435058594,2096000
2023-09-15,335.83334651206854,336.8181950355644,328.9394068475979,329.92425537109375,1744100
2023-09-19,327.95456136686096,328.9394098994942,319.09092457316206,324.0151672363281,2206700
2023-09-20,324.9999990807958,328.9393930090479,322.04545363460676,326.9696960449219,1450600
2023-09-21,325.98485731467224,325.98485731467224,305.30303857265375,307.2727355957031,3680200
2023-09-22,304.31819302428005,316.13637527765013,301.3636474609375,301.3636474609375,4915200
2023-09-25,304.3181728038126,313.1818089048945,304.3181728038126,312.19696044921875,1759700
2023-09-26,312.19698328687656,313.1818318145954,296.4394068433749,297.42425537109375,2839000
2023-09-27,298.40908546818116,304.31817626953125,297.42423700128944,304.31817626953125,2098200
2023-09-28,304.31819716075927,307.27274276426175,291.51516621224835,293.48486328125,3331900
2023-09-29,298.40908997194424,302.3484838989666,292.4999990814107,294.4696960449219,2093200
2023-10-02,296.4393977920902,297.4242462897383,284.6212158203125,284.6212158203125,2292900
2023-10-03,284.6212177477385,287.5757632606908,277.72727821751647,280.68182373046875,1973700
2023-10-04,275.75757012851,278.712115522744,270.83332780478656,271.81817626953125,2558800
2023-10-05,279.69698124141485,284.6212238689045,266.8939504099416,268.8636474609375,2389500
2023-10-06,267.87879893543953,269.8484959864354,262.9545563079499,268.8636474609375,2086100
2023-10-10,271.81819406206756,273.7878911204884,266.8939514160156,266.8939514160156,1260700
2023-10-11,267.8787860016325,270.833331435474,261.9696951339494,263.93939208984375,1505100
2023-10-12,260.9848457618996,267.878785083912,258.03030033818,265.9090881347656,1277200
2023-10-13,263.9393963316693,263.9393963316693,254.09091139392044,255.0757598876953,2605700
2023-10-16,253.10606626480345,254.09091477167038,246.21212671673487,248.18182373046875,2053400
2023-10-17,255.07576083765883,259.0151548274296,249.16666985300265,253.10606384277344,1877100
2023-10-18,252.1212158203125,254.0909128189087,246.21212482452393,252.1212158203125,1738700
2023-10-19,246.21212671673487,251.13636925106957,243.25758119613405,248.18182373046875,2173800
2023-10-20,247.1969757080078,251.1363697431952,243.25758167282044,247.1969757080078,1834300
2023-10-23,248.18182930214277,249.16667783111953,237.34849548339844,237.34849548339844,2773800
2023-10-24,239.31818578383502,251.13636779785156,233.40909477682675,251.13636779785156,3685900
2023-10-25,253.10606726074218,254.09091577148436,246.21212768554688,246.21212768554688,1880100
2023-10-26,242.27273710274403,245.22728267716772,235.3787974290887,239.3181915283203,2351500
2023-10-27,239.31819102803215,240.30303955078125,234.39394841428663,240.30303955078125,1866600
2023-10-30,239.318190039658,242.27273559570312,237.34849300229453,242.27273559570312,1462400
2023-10-31,242.27273559570312,242.27273559570312,234.39394744624937,242.27273559570312,2728500
2023-11-01,245.22726887339826,245.22726887339826,235.3787841796875,235.3787841796875,2571400
2023-11-02,236.36364073265256,252.12121678149606,236.36364073265256,250.15151977539062,4229600
2023-11-06,257.04545014096004,270.8333286925824,256.060601672987,269.8484802246094,5106700
2023-11-07,266.8939330835137,275.7575692375787,264.9242361603881,273.7878723144531,5148900
2023-11-08,320.07574505276153,327.954532623291,282.65150409274634,283.6363525390625,23870400
2023-11-09,282.65152576793326,292.50001098632816,267.8787979403409,270.8333435058594,8219300
2023-11-10,265.9091059846698,270.8333486880896,258.0303176591981,260.98486328125,5285000
2023-11-13,263.93940890330185,268.8636516067217,259.01516619988206,260.98486328125,3368300
2023-11-14,262.9545624831627,262.9545624831627,250.15153135102372,257.04547119140625,3589000
2023-11-15,267.8787841796875,276.74242042092715,265.9090872371898,267.8787841796875,5322300
2023-11-16,267.8787878787879,267.8787878787879,259.0151515151515,260.0,2085900
2023-11-17,258.0303073060279,258.0303073060279,249.16667079551547,251.13636779785156,3293600
2023-11-20,252.12121678149606,256.0606107937069,249.1666712723379,250.15151977539062,2641500
2023-11-21,254.09091000156548,258.0303039550781,248.1818190712965,258.0303039550781,3072000
2023-11-22,255.07576428222657,256.06061279296875,244.2424306640625,246.21212768554688,4962400
2023-11-24,244.2424306640625,247.19697619628906,242.27273364257812,246.21212768554688,1767500
2023-11-27,247.19697668849224,252.12121925200802,244.24243115038277,245.22727966308594,2330800
2023-11-28,245.22727966308594,247.19697668849224,243.2575826376796,245.22727966308594,1325800
2023-11-29,244.24243018161727,252.12121825199202,244.24243018161727,247.1969757080078,3236000
2023-11-30,249.16667625552319,249.16667625552319,236.36364545978483,240.30303955078125,5447900
2023-12-01,240.30303806814587,244.2424321348368,237.3484925181277,243.25758361816406,2708900
2023-12-04,247.196971482497,258.03030489408053,246.21212299053485,256.06060791015625,5658700
2023-12-05,253.10606626480345,258.03030879913814,248.18182373046875,248.18182373046875,3170000
2023-12-06,248.18182182312012,252.1212158203125,246.21212482452393,252.1212158203125,1677500
2023-12-07,252.12121825199202,252.12121825199202,242.27273316402358,247.1969757080078,2512900
2023-12-08,245.2272811517483,249.16667522647518,242.27273559570312,242.27273559570312,1873300
2023-12-11,244.24242922816822,256.06061128759575,244.24242922816822,249.1666717529297,3439400
2023-12-12,250.1515237451569,251.1363722638386,239.318190039658,242.27273559570312,4044500
2023-12-13,241.28788857793612,243.25758562755192,235.3787974290887,239.3181915283203,3985100
2023-12-14,243.25757239846624,247.19696628346162,233.4090876859777,234.39393615722656,5653400
2023-12-15,232.4242410252237,235.37878646198502,228.48484710954193,230.4545440673828,4665100
2023-12-18,228.4848489512568,229.46969743811567,223.56060651696248,226.51515197753906,4672400
2023-12-19,226.51515015170105,230.4545440673828,223.56060471493973,230.4545440673828,2534000
2023-12-20,231.43939347102724,236.3636358853044,228.48484802246094,228.48484802246094,3101300
2023-12-21,225.53030489614883,227.5000018821414,221.5909109241637,223.56060791015625,2544000
2023-12-22,224.54545640315254,228.48485037513768,222.57575941716,223.56060791015625,1881300
2023-12-25,222.57576084136963,223.56060934066772,220.60606384277344,220.60606384277344,1968000
2023-12-26,220.60606384277344,223.56060934066772,218.63636684417725,220.60606384277344,2369600
2023-12-27,220.60606151064408,227.50000093285172,220.60606151064408,225.53030395507812,3094700
2023-12-28,227.5000092306255,239.3181915283203,224.54546365620178,239.3181915283203,3992800
2023-12-29,237.34849398253394,244.24243364177767,237.34849398253394,240.30303955078125,3319500
2024-01-04,234.39394555664063,247.19697619628906,233.40909704589845,246.21212768554688,1981800
2024-01-05,244.24243115038277,246.21212817578908,241.2878856122733,245.22727966308594,1880100
2024-01-09,244.24243712693118,264.9242563997762,244.24243712693118,262.9545593261719,5689700
2024-01-10,262.95455830513765,277.7272862998083,260.98486123918155,264.92425537109375,7281400
2024-01-11,264.9242396601924,266.8939366093388,259.9999972873264,265.9090881347656,3338300
2024-01-12,270.83334988110687,288.5606236915066,269.84850133608467,287.5757751464844,8285200
2024-01-15,293.48485229914576,293.48485229914576,282.6515188250162,284.6212158203125,1673100
2024-01-16,286.59091000314487,302.34848581087795,286.59091000314487,290.5303039550781,4321400
2024-01-17,287.5757632606908,290.53030877364307,278.7121267218339,280.68182373046875,5094800
2024-01-18,281.6666573537907,283.63635425836264,276.74241509236083,279.69696044921875,3038100
2024-01-19,280.6818080448604,285.60605029126145,278.7121111463,281.6666564941406,1701700
2024-01-22,283.63637994260205,292.50001681580835,277.72728869379785,289.54547119140625,2763900
2024-01-23,290.53030489247817,294.4696988571219,287.5757594189953,288.56060791015625,2577500
2024-01-24,285.60607600856474,291.5151672363281,285.60607600856474,291.5151672363281,1286000
2024-01-25,290.5303186983676,293.4848643122493,282.65153039468305,291.5151672363281,2551900
2024-01-26,289.5454671493429,302.348498009688,289.5454671493429,297.42425537109375,3555800
2024-01-29,298.4091059537542,299.3939544882551,288.5606206087458,293.48486328125,3566800
2024-01-30,299.39393136160714,315.15150669642856,298.4090829031808,310.2272644042969,6619800
2024-01-31,303.33334969185495,303.33334969185495,288.56062162244643,291.5151672363281,7749100
2024-02-01,291.5151642047806,298.4091038988126,289.5454671493429,297.42425537109375,3694400
2024-02-02,295.45455440398183,306.2878880654612,291.5151603452621,305.30303955078125,3119400
2024-02-05,307.2727346238057,314.1666741826732,302.34849208175757,309.242431640625,3311800
2024-02-06,308.25758028030396,320.0757622718811,306.28788328170776,315.1515197753906,3774400
2024-02-07,315.1515049471003,316.13635340006,307.2727173234228,314.1666564941406,3789700
2024-02-08,312.1969888752495,321.0606257833796,304.3182005124671,316.1363830566406,6067100
2024-02-09,331.89393481086285,366.3636313045726,326.96969245461855,334.8484802246094,21347900
2024-02-13,341.74243765304334,349.6212258410098,326.9697098006063,329.92425537109375,8962100
2024-02-14,322.0454564006782,331.8939413058977,312.1969714954587,321.06060791015625,5975100
2024-02-15,328.93940284924633,328.93940284924633,307.2727355957031,307.2727355957031,4088700
2024-02-16,311.21212210306305,325.98484941808186,305.3030311770555,323.0303039550781,4231700
2024-02-19,330.90908287311424,345.68180978709256,324.015143646591,342.7272644042969,5057000
2024-02-20,339.7727244240897,341.7424213772728,330.9090881347656,330.9090881347656,2430100
2024-02-21,335.8333314450201,335.8333314450201,324.9999981726001,328.93939208984375,2163800
2024-02-22,332.87879176169446,333.86364025803084,316.1363673239761,317.1212158203125,2927000
2024-02-26,318.1060579390753,333.86363356454035,314.16666403270904,330.9090881347656,2783200
2024-02-27,336.81819006878396,350.6060691944067,330.90909901494564,339.7727355957031,4486800
2024-02-28,337.80302747090656,344.69696680704754,329.9242396581741,330.9090881347656,2284400
2024-02-29,328.93939208984375,331.8939375277765,325.984846651911,328.93939208984375,1461500
2024-03-01,327.9545418101655,333.8636326535919,322.0454509667391,332.8787841796875,2940200
2024-03-04,330.9091069647606,333.86365256266026,315.15153044262917,324.0151672363281,5767000
2024-03-05,321.0606117488453,325.00000575803364,312.1969752281717,313.18182373046875,3852500
2024-03-06,311.2121353379909,331.8939544585536,309.2424382788897,325.98486328125,4391200
2024-03-07,326.9696872843553,331.8939295627341,310.2272635378672,312.19696044921875,3607100
2024-03-08,311.2121137430112,314.16665912664735,307.27271989816296,308.257568359375,2415400
2024-03-11,303.3333278026396,308.257570137098,302.34847933574787,304.31817626953125,2201700
2024-03-12,304.3181862831116,318.1060652732849,302.3484892845154,315.1515197753906,1902800
2024-03-13,316.13637219942535,317.12122071095,306.28788708417846,307.2727355957031,1543700
2024-03-14,306.2878705705915,311.2121128627232,302.34847673688614,310.2272644042969,1832400
2024-03-15,306.2878880654612,309.242433609501,302.3484940067414,305.30303955078125,1283700
2024-03-18,309.2424297212805,316.13636923736,308.2575812189834,313.18182373046875,1756700
2024-03-19,312.19697915354084,313.18182766822076,301.3636454920615,305.30303955078125,2872500
2024-03-21,312.19696044921875,315.1515058162461,310.2272635378672,312.19696044921875,1747400
2024-03-22,312.19697427749634,319.090913772583,308.25758028030396,315.1515197753906,2282100
2024-03-25,315.1515058162461,322.04544500597643,310.2272635378672,312.19696044921875,2120900
2024-03-26,314.1666741826732,314.1666741826732,306.28788611539613,309.242431640625,1524100
2024-03-27,307.2727336642109,316.13637021221695,306.28788515887686,311.2121276855469,1498200
2024-03-28,312.1969771658539,315.1515226910828,309.242431640625,309.242431640625,921800
2024-03-29,310.2272763459579,319.0909128129852,309.2424278496215,317.1212158203125,1773600
2024-04-01,324.015141917328,324.015141917328,312.19696044921875,312.19696044921875,2187200
2024-04-02,313.1818318145954,315.1515288700331,296.4394068433749,297.42425537109375,4268600
2024-04-03,294.4696979070114,297.42424337096134,289.5454554670948,290.5303039550781,2711400
2024-04-04,295.45454639499474,295.45454639499474,289.5454554670948,290.5303039550781,1235800
2024-04-05,285.60607702553676,294.4697138987431,284.62122848406943,289.54547119140625,1526100
2024-04-08,293.4848592920241,302.3484959820517,292.5000107709099,301.3636474609375,2225400
2024-04-09,302.3484969892,303.3333455135948,297.424254367226,299.3939514160156,1103300
2024-04-10,299.3939534505208,304.31819610595704,295.4545593261719,295.4545593261719,1006900
2024-04-11,291.5151505996551,296.43939300843306,289.5454536361439,294.4696960449219,1198900
2024-04-12,293.48486328125,296.43940888475254,290.5303176777475,293.48486328125,1083600
2024-04-15,288.5606088539989,291.51515433714565,285.60606337085216,286.5909118652344,1190700
2024-04-16,281.666674196508,282.6515227076846,268.8636435512122,276.742431640625,3977800
2024-04-17,274.77273964969874,276.74243670811956,262.9545572991741,266.8939514160156,2456400
2024-04-18,262.9545563079499,272.80304156292925,262.9545563079499,268.8636474609375,1627800
2024-04-19,268.8636363636364,268.8636363636364,256.06060606060606,260.0,2424200
2024-04-22,262.95455533114347,271.8181920276989,262.95455533114347,270.8333435058594,1183100
2024-04-23,272.8030256285285,274.7727225644745,265.9090863527173,269.8484802246094,949300
2024-04-24,273.78787409650147,278.7121164363666,269.8484802246094,269.8484802246094,1177100
2024-04-25,267.8787860016325,268.8636344795797,262.9545436118966,263.93939208984375,900300
2024-04-26,262.95454271104603,269.8484820330585,261.9696942364728,265.9090881347656,921200
2024-04-30,271.8181771605554,271.8181771605554,266.8939348206903,269.8484802246094,745300
2024-05-01,265.9090863527173,271.8181771605554,263.93938941677123,269.8484802246094,1117800
2024-05-02,267.878785083912,270.8333305076317,264.9242396601924,265.9090881347656,1090400
2024-05-07,271.8181881314874,280.6818247009924,271.8181881314874,278.7121276855469,1860600
2024-05-08,281.6666556464301,290.5302916632758,279.69695875379773,283.6363525390625,1898600
2024-05-09,286.59089874054166,287.5757471898219,279.6969595955802,281.6666564941406,2591100
2024-05-10,313.1818343696244,326.9697138701739,304.3181975478426,322.04547119140625,15264900
2024-05-13,317.1212121212121,319.0909090909091,292.5,292.5,6510200
2024-05-14,292.49999817502857,301.3636344833628,292.49999817502857,296.43939208984375,2938500
2024-05-15,298.409101897595,307.27273858762254,295.45455633425246,301.3636474609375,2659600
2024-05-16,306.287875940304,309.24242136738087,294.46969423199647,298.4090881347656,2878500
2024-05-17,295.45454361113997,298.40908904725137,293.48484665373235,296.43939208984375,1591500
2024-05-20,297.42423965907335,298.4090881347656,293.48484575630414,298.4090881347656,1582100
2024-05-21,301.36365487642377,330.9091112368575,297.4242606950326,316.1363830566406,12967000
2024-05-22,313.18182373046875,333.86364227870723,309.2424297212805,313.18182373046875,4947400
2024-05-23,313.1818318145954,314.16668034231424,296.4394068433749,297.42425537109375,4349800
2024-05-24,294.4697138987431,295.45456244021045,287.57577410847153,289.54547119140625,3204100
2024-05-27,291.5151533836391,291.5151533836391,284.62121394551247,288.56060791015625,1548700
2024-05-28,287.57576035961665,294.46969982029236,285.60606337085216,286.5909118652344,1566000
2024-05-29,283.63636924342103,284.6212177477385,278.7121267218339,280.68182373046875,1564300
2024-05-30,276.742431640625,280.68182568533143,271.818189084742,276.742431640625,2129600
2024-05-31,277.7272618611654,284.6212009853787,277.7272618611654,283.6363525390625,1765500
2024-06-03,284.6212177477385,284.6212177477385,277.72727821751647,280.68182373046875,1740800
2024-06-04,283.6363645391949,290.5303039550781,282.6515160512116,290.5303039550781,1930600
2024-06-05,288.56059563910213,291.51514098694275,281.6666564941406,281.6666564941406,1402700
2024-06-06,284.62122074250254,284.62122074250254,273.7878870810232,274.7727355957031,1907400
2024-06-07,275.7575861150568,276.7424346368963,270.8333435058594,270.8333435058594,1270800
2024-06-10,270.83334251431353,273.78788806901514,266.89394844137803,272.80303955078125,1673400
2024-06-11,272.803022984096,277.7272652762277,268.86362915039064,275.757568359375,1492300
2024-06-12,270.8333286925824,276.74241950042057,266.8939348206903,269.8484802246094,2165000
2024-06-13,269.8484811221852,272.80302653593174,266.8939357084387,267.8787841796875,1240900
2024-06-14,265.9090872371898,269.8484811221852,265.9090872371898,267.8787841796875,623600
2024-06-17,266.89395347338046,266.89395347338046,260.9848622525676,262.9545593261719,1848900
2024-06-18,265.90910493657833,267.8788020101826,261.96971078936974,262.9545593261719,720400
2024-06-19,263.93940582838445,269.8484970036468,262.9545572991741,266.8939514160156,959900
2024-06-20,266.8939514160156,268.8636484744364,264.92425435759486,266.8939514160156,579600
2024-06-21,266.8939504099416,273.7878900884272,266.8939504099416,268.8636474609375,1172400
2024-06-24,268.8636464621804,273.78788907137783,266.89394941850145,270.8333435058594,829800
2024-06-25,270.83334153698337,274.7727355957031,270.83334153698337,274.7727355957031,611400
2024-06-26,277.7272635446468,281.6666573537907,275.7575666400748,279.69696044921875,1562800
2024-06-27,279.6969761932696,282.65152171643797,276.7424306701013,278.7121276855469,1244500
2024-06-28,278.7121296544229,280.68182668378273,274.7727355957031,274.7727355957031,894700
2024-07-01,274.77272534726274,275.7575738252099,263.93939208984375,263.93939208984375,2305900
2024-07-02,262.9545572991741,266.8939514160156,260.0000117115429,266.8939514160156,1893200
2024-07-03,267.878785083912,269.8484820330585,263.93939118561923,265.9090881347656,790100
2024-07-04,268.8636495030059,269.84849803598394,264.92425537109375,264.92425537109375,760600
2024-07-05,266.89394941850145,271.8181920276989,266.89394941850145,270.8333435058594,1301700
2024-07-08,269.84849302230344,274.7727355957031,266.8939474782636,274.7727355957031,1160500
2024-07-09,273.7878723144531,274.7727207760159,269.848478468202,273.7878723144531,729300
2024-07-10,271.81817898220487,273.78787593135127,265.9090881347656,265.9090881347656,1190300
2024-07-11,262.9545436118966,265.90908904573814,260.9848466560022,263.93939208984375,2178500
2024-07-12,262.9545572991741,271.81819406206756,262.9545572991741,266.8939514160156,3006400
2024-07-16,267.8787860016325,267.8787860016325,260.9848466560022,263.93939208984375,2160700
2024-07-17,268.86363087529725,271.81817626953125,264.9242370163185,271.81817626953125,2151500
2024-07-18,268.86364547784575,274.77273658724897,268.86364547784575,272.80303955078125,1280800
2024-07-19,269.84848389589695,270.83333237726885,261.9696960449219,261.9696960449219,2278000
2024-07-22,262.9545445262938,262.9545445262938,258.03030211943434,261.9696960449219,2250500
2024-07-23,263.93940582838445,266.8939514160156,261.9697087699637,266.8939514160156,1276400
2024-07-24,265.90909090909093,269.8484848484849,260.0,260.0,1505600
2024-07-25,257.04545783254423,260.00000332487235,253.10606384277344,253.10606384277344,2565200
2024-07-26,254.09092451320402,260.98486432557775,252.12122742395437,259.0151672363281,1567500
2024-07-29,260.00001474056603,261.96971182193397,258.0303176591981,260.98486328125,788600
2024-07-30,261.9696979085908,264.92424337372523,256.0606069783218,258.0303039550781,969900
2024-07-31,254.09091186523438,255.07576036083606,248.18182089162428,254.09091186523438,2616700
2024-08-01,254.09091427769116,257.045459792548,248.1818232479774,249.1666717529297,1955600
2024-08-02,236.3636358853044,236.3636358853044,227.49999953960548,228.48484802246094,4333400
2024-08-05,211.7424262921835,220.60606274162373,187.12121393262726,191.06060791015625,7346900
2024-08-06,212.72727316151494,226.51515197753906,210.7575761877972,226.51515197753906,3955800
2024-08-07,234.39394385535437,236.36364086254224,213.71212527988192,218.63636779785156,11630200
2024-08-08,219.62121440246042,232.4242448384783,213.71212343199065,222.5757598876953,7007600
2024-08-09,226.51515435112847,229.4696998426649,214.69697238498262,221.59091186523438,4586200
2024-08-13,222.57576084136963,224.54545783996582,217.65151834487915,220.60606384277344,3378900
2024-08-14,222.57575712532832,230.4545449881718,221.59090864247287,228.48484802246094,3219500
2024-08-15,225.53030442354972,227.5000014054148,223.56060744168468,224.5454559326172,1932800
2024-08-16,225.5303021214039,229.46969604492188,225.5303021214039,229.46969604492188,2120900
2024-08-19,227.50000046439794,233.40909138555114,225.5303034906802,226.51515197753906,2360600
2024-08-20,230.45455578056115,239.31819254135195,229.4697072515844,237.34849548339844,3385600
2024-08-21,236.36364448361283,246.21212967043002,235.3787959649311,242.27273559570312,3202000
2024-08-22,242.27273316402358,252.12121825199202,240.3030361464299,247.1969757080078,2990800
2024-08-23,247.1969752236018,248.18182373046875,242.27273268926712,248.18182373046875,2245900
2024-08-26,255.07575491446036,267.878785083912,254.09090643988716,265.9090881347656,5336700
2024-08-27,264.92425435759486,269.8484970036468,259.0151631823325,266.8939514160156,3995700
2024-08-28,264.9242563997762,268.86365054698473,261.96971078936974,262.9545593261719,2357000
2024-08-29,258.03030211943434,263.93939300766567,256.06060515669054,261.9696960449219,1951400
2024-08-30,260.98486328125,262.9545603626179,257.0454691185141,260.98486328125,2047600
2024-09-02,262.9545463969689,262.9545463969689,253.1060615131873,258.0303039550781,2287800
2024-09-03,257.04544929836106,275.75757012851,256.0606008336164,271.81817626953125,4454200
2024-09-04,260.98486328125,264.9242574439858,257.0454691185141,260.98486328125,3807900
2024-09-05,257.04547014707845,266.89395559332667,256.06062160245364,259.0151672363281,2595500
2024-09-06,260.00000332487235,260.984851822315,250.15151835044534,253.10606384277344,2278200
2024-09-09,242.27273175096886,254.0909137876015,241.28788324791614,250.15151977539062,2850600
2024-09-10,250.15151929668352,254.0909133013557,247.19697379317938,251.13636779785156,1271700
2024-09-11,249.16667625552319,250.1515247782723,238.33334250528304,240.30303955078125,2455100
2024-09-12,246.21212866998488,246.21212866998488,239.3181890672253,244.242431640625,2295400
2024-09-13,242.2727381282822,243.25758665725897,235.37879842544493,237.34849548339844,1755700
2024-09-17,238.33333004222197,238.33333004222197,229.4696938009823,234.39393615722656,1599100
2024-09-18,236.36363447473406,237.3484829517121,228.4848466589096,231.43939208984375,1766500
2024-09-19,236.36364496970663,243.2575846146564,234.3939479282924,241.2878875732422,1618100
2024-09-20,244.2424321348368,245.22728065150952,241.2878865848186,243.25758361816406,1224300
2024-09-24,243.25758717854816,243.25758717854816,236.3636474609375,236.3636474609375,1321500
2024-09-25,235.37878462847542,238.33333004222197,233.4090876859777,234.39393615722656,819900
2024-09-26,234.3939493983245,238.33334350585938,234.3939493983245,238.33334350585938,883100
2024-09-27,237.3484944787045,241.28788857793612,236.3636459538966,239.3181915283203,1266500
2024-09-30,231.43939208984375,238.33333142869017,230.4545436128657,231.43939208984375,2354800
2024-10-01,234.3939357103164,237.34848111842965,230.45454183283212,235.3787841796875,1120200
2024-10-02,231.43939254630325,234.39393798306457,229.46969558846237,230.4545440673828,2191700
2024-10-03,232.42424148756035,234.39393844931934,228.48484756404238,229.46969604492188,1599300
2024-10-04,230.4545440673828,233.40908950414413,228.48484710954193,230.4545440673828,1247200
2024-10-07,233.40908950414413,233.40908950414413,229.46969558846237,230.4545440673828,1540100
2024-10-08,229.46969743811567,229.46969743811567,225.5303034906802,226.51515197753906,2111200
2024-10-09,227.49999818193152,232.42424056682182,226.51514970495347,231.43939208984375,1339600
2024-10-10,231.43939254630325,234.39393798306457,228.48484710954193,230.4545440673828,1389500
2024-10-11,230.45454271533822,234.3939366079081,228.4848457690533,233.40908813476562,1000300
2024-10-15,231.43939163725253,233.40908858735682,225.5303007869397,232.4242401123047,2143400
2024-10-16,228.48484802246094,233.4090904367381,225.53030257389463,228.48484802246094,2062700
2024-10-17,227.50000093285172,230.45454639951214,225.53030395507812,225.53030395507812,1793200
2024-10-18,225.53030395507812,228.48484942173852,224.5454554661913,225.53030395507812,1068900
2024-10-21,224.54545231188757,232.4242401123047,223.56060383683544,232.4242401123047,1375400
2024-10-22,231.43939585412653,231.43939585412653,223.56060791015625,223.56060791015625,2662200
2024-10-23,223.56060934066772,225.53030633926392,220.60606384277344,220.60606384277344,1742400
2024-10-24,218.636364987022,224.5454559326172,218.636364987022,224.5454559326172,1475000
2024-10-25,224.54545981667258,226.51515683260828,216.6666717529297,216.6666717529297,2953400
2024-10-28,216.66666755509686,226.51515244396492,214.69697057732327,225.53030395507812,1731400
2024-10-29,227.4999968584846,235.37878462847542,226.51514838723577,234.39393615722656,1900300
2024-10-30,234.3939357103164,236.3636326490586,229.46969336346103,235.3787841796875,1655400
2024-10-31,233.40908724094535,236.3636326490586,232.42423877157427,235.3787841796875,1096100
2024-11-01,231.43939163725253,235.37878553746108,230.4545431622004,232.4242401123047,1805800
2024-11-05,234.39393615722656,235.37878462847542,230.45454227223115,234.39393615722656,1374200
2024-11-06,236.36364695442168,241.28788959930546,233.40910136749142,237.34849548339844,3905300
2024-11-07,251.1363606513301,251.1363606513301,229.46969424219574,233.40908813476562,7920300
2024-11-08,237.34849156146066,245.22727966308594,236.36364304875752,245.22727966308594,4589000
2024-11-11,244.24242922816822,251.13636876283428,242.27273221826366,249.1666717529297,2654400
2024-11-12,247.1969757080078,257.0454607959762,246.21212719921095,247.1969757080078,3954900
2024-11-13,244.24242511778385,260.00000093183445,243.2575766294057,258.0303039550781,4665000
2024-11-14,257.04545783254423,259.0151548274296,253.10606384277344,253.10606384277344,2732200
2024-11-15,250.1515169583834,260.0000018780048,247.196971482497,256.06060791015625,3665000
2024-11-18,259.0151497001079,268.8636344795797,257.0454527442135,263.93939208984375,3104000
2024-11-19,261.9696891189467,277.7272644042969,259.9999922082779,277.7272644042969,4459200
2024-11-20,279.69697427251197,293.4848532859457,279.69697427251197,282.6515197753906,6179200
2024-11-21,279.69696541950833,303.33332869439636,279.69696541950833,302.3484802246094,6635700
2024-11-22,299.3939494343547,308.2575860952402,297.4242523986024,303.3333435058594,4923800
2024-11-25,312.1969878489019,324.01517035422313,308.2575936804615,318.1060791015625,6622500
2024-11-26,319.09092161263993,329.92425537109375,313.1818304716651,329.92425537109375,5587800
2024-11-27,332.87878508794876,332.87878508794876,315.1515125093006,330.9090881347656,6414400
2024-11-28,324.0151487986247,342.7272698538644,321.06060336884997,330.9090881347656,6789700
2024-11-29,328.9394039030998,343.7121316232989,326.96970687373994,335.8333435058594,6077100
2024-12-02,330.90910190818585,338.7878900488569,325.9848593202664,333.8636474609375,6129500
2024-12-03,334.8484811274963,346.66666281434914,320.0757540189303,332.8787841796875,9623100
2024-12-04,338.7878890498992,345.68182865265874,331.8939494471396,335.8333435058594,5804300
2024-12-05,335.833339658371,355.5303097263107,332.8787941481801,343.7121276855469,7808800
2024-12-06,341.74241861265307,342.72726708127743,330.90908545778507,336.81817626953125,4416900
2024-12-09,334.84849401535166,343.7121306216404,329.9242514563024,337.80303955078125,3730400
2024-12-10,329.92424726486206,329.92424726486206,314.16667127609253,315.1515197753906,6707800
2024-12-11,312.19695958822126,318.10605030597935,304.31817196454375,314.1666564941406,5425000
2024-12-12,318.1060624385904,327.9545473438099,316.1363654575465,321.06060791015625,3593300
2024-12-13,325.98486127711055,336.8181950355644,324.0151642301189,329.92425537109375,3150500
2024-12-16,328.93939488108566,329.9242433687536,317.1212130290706,323.0303039550781,2710800
2024-12-17,322.0454732700029,323.030321812113,312.1969878489019,318.1060791015625,2208100
2024-12-18,317.1212167739868,324.0151562690735,313.18182277679443,315.1515197753906,2396900
2024-12-19,310.2272661705876,313.18181156268844,302.3484784583187,306.2878723144531,3489600
2024-12-20,304.31819302428005,307.27273858762254,300.37879893982335,301.3636474609375,2052200
2024-12-23,303.33332869439636,309.24241951311836,300.37878328503535,302.3484802246094,2367000
2024-12-24,301.3636474609375,304.31819302428005,292.5000107709099,301.3636474609375,2574900
2024-12-25,304.3181771641834,308.2575710433314,299.3939348152484,302.3484802246094,2223300
2024-12-26,302.3484802246094,306.28787410375736,297.42423787567435,302.3484802246094,2278200
2024-12-27,322.0454652499309,333.8636474609375,318.10607117959535,333.8636474609375,8491900
2024-12-30,333.86365469125604,339.7727459247296,318.1060780686599,320.0757751464844,4803900
2025-01-06,319.0909005301339,323.0302943638393,310.2272644042969,310.2272644042969,2218000
2025-01-07,314.16665912664735,314.16665912664735,307.27271989816296,308.257568359375,1648300
2025-01-08,308.25758028030396,316.1363682746887,304.3181862831116,315.1515197753906,2021000
2025-01-09,315.15152170688293,315.15152170688293,307.2727336642109,311.2121276855469,1416700
2025-01-10,308.257568359375,314.16665912664735,306.28787143695087,308.257568359375,923700
2025-01-14,308.257570137098,310.2272670708814,302.34847933574787,304.31817626953125,1463400
2025-01-15,303.33334450316585,306.2878900665084,298.409101897595,301.3636474609375,1605200
2025-01-16,302.3484969892,306.28789108677915,299.3939514160156,299.3939514160156,1419000
2025-01-17,301.3636299942851,307.27272077848676,295.4545392100834,306.2878723144531,2200400
2025-01-20,307.2727190290179,312.19696132114956,304.3181736537388,310.2272644042969,1227200
2025-01-21,311.2121146346212,312.1969630986548,306.2878723144531,306.2878723144531,830700
2025-01-22,306.2878921205634,310.2272862314388,296.4394068433749,297.42425537109375,2354200
2025-01-23,296.4394078572591,300.3788019816081,293.4848622639974,295.4545593261719,1617700
2025-01-24,295.45455345740686,308.25758410722784,294.4697049458822,307.2727355957031,2178100
2025-01-27,309.2424297212805,316.13636923736,305.3030357120922,313.18182373046875,1918700
2025-01-28,315.1515151515151,328.93939393939394,315.1515151515151,325.0,2421700
2025-01-29,330.90908545778507,343.7121155499018,329.9242369891607,336.81817626953125,4876600
2025-01-30,336.8181891097803,341.742431640625,333.86364359127344,341.742431640625,3184900
2025-01-31,342.7272791821499,348.6363702025318,337.803036665165,343.7121276855469,2567900
2025-02-03,336.81818816176803,345.68182469234085,333.86364265157704,343.7121276855469,3594500
2025-02-04,342.7272918183925,353.56062575518075,342.7272918183925,348.6363830566406,4285100
2025-02-05,350.6060780786269,353.5606236804131,344.69698687505456,352.5757751464844,2712600
2025-02-06,353.5606186908225,363.4091038911239,353.5606186908225,362.42425537109375,4266900
2025-02-07,366.3636335667556,369.31817899874557,358.4848457481157,363.4090881347656,2784500
2025-02-10,359.4697108034228,366.3636504626665,355.5303167124264,360.4545593261719,4368300
2025-02-12,355.53030121099073,363.40908904946144,346.6666648927112,361.43939208984375,4132900
2025-02-13,361.439407848921,361.439407848921,351.59092262142997,360.4545593261719,2963900
2025-02-14,354.54547119140625,359.46971384684247,351.5909255981445,354.54547119140625,3080400
2025-02-17,391.96970884261594,432.34849794449343,391.96970884261594,427.42425537109375,19905900
2025-02-18,428.40909376212045,434.3181847105635,405.75757845975545,416.5909118652344,10632300
2025-02-19,396.89395240536356,402.80304350817295,384.0909216826099,394.92425537109375,9502500
2025-02-20,398.86363924466644,407.72727567232573,383.1060633732722,384.0909118652344,6153800
2025-02-21,383.1060811624899,392.9545665394176,374.2424443232549,379.16668701171875,5282900
2025-02-25,368.33332691142033,376.2121146528411,366.36362997606517,371.2878723144531,3583100
2025-02-26,368.3333495756539,375.22728927359395,355.53031870805097,356.5151672363281,5711300
2025-02-27,357.50001277094304,370.30304353133494,355.53031573088276,362.42425537109375,5327200
2025-02-28,354.54544751813984,376.2121137553595,350.6060536568272,373.257568359375,9746300
2025-03-03,381.1363551823173,387.04544596033776,369.31817362627646,375.2272644042969,8416900
2025-03-04,375.22728613148564,376.21213465151584,358.4848612909732,362.42425537109375,4861100
2025-03-05,366.36362823726625,382.1212036453207,355.53029514422883,375.2272644042969,7872300
2025-03-06,375.22729184646016,385.07577719676095,368.3333521012496,381.1363830566406,8261800
2025-03-07,379.16667222976685,384.0909147262573,375.22727823257446,378.18182373046875,6601400
2025-03-10,409.69697308645374,455.98485225727904,407.7272761004612,447.1212158203125,31151500
2025-03-11,463.86364405014933,503.25758409687114,441.2121285232843,502.2727355957031,52927200
2025-03-12,492.42424418908035,529.8484867474505,488.4848502355677,516.0606079101562,34335800
2025-03-13,520.0000096118356,529.8484946423628,489.46970601720136,500.30303955078125,20003000
2025-03-14,503.25757756124017,521.9696988404252,479.6212138401643,516.0606079101562,18055600
2025-03-17,514.0909296327218,521.9697178263268,503.25759586651503,509.16668701171875,9357200
2025-03-18,513.1060801011748,522.9545653238462,508.1818374898392,511.1363830566406,11904300
2025-03-19,514.0909256417411,519.0151682245164,500.30304640997025,517.0454711914062,7076100
2025-03-21,526.8939553537676,528.8636523831275,486.5151662518901,488.48486328125,11749300
2025-03-24,488.48486526613317,492.42425934086003,480.6060771166794,484.54547119140625,4252500
2025-03-25,483.5606126686144,485.5303096652279,473.7121276855469,473.7121276855469,2631600
2025-03-26,474.69698006305333,482.57576811389237,463.86364649314964,465.8333435058594,2381900
2025-03-27,464.8484820504474,464.8484820504474,447.12120942987946,460.9090881347656,5105100
2025-03-28,460.9090899763436,466.8181808734762,454.99999907921097,456.9696960449219,2784500
2025-03-31,449.0909206442637,451.0606176646333,429.3939504405679,431.3636474609375,3595500
2025-04-01,427.42424819909695,429.39394519540616,408.71212673415954,410.68182373046875,4584800
2025-04-02,407.72726893661047,409.6969658879951,392.954541801226,397.8787841796875,3255100
2025-04-03,383.1060801267008,390.0000198719114,376.21214038149026,381.1363830566406,3257300
2025-04-04,373.25757575757575,374.24242424242425,342.72727272727275,357.5,4819900
2025-04-07,314.16667033130335,335.8333372507036,308.2575793532851,317.1212158203125,5746500
2025-04-08,331.8939569023218,358.4848673959797,331.8939569023218,350.6060791015625,4003500
2025-04-09,342.7272821098305,345.6818276452601,325.0000088972531,337.80303955078125,3758300
2025-04-10,377.1969821414432,377.1969821414432,356.515163277291,364.3939514160156,3529600
2025-04-11,356.51516872690394,386.0606246987468,355.53032019450916,383.1060791015625,4106100
2025-04-14,386.0606196888706,404.77274156154544,386.0606196888706,392.9545593261719,2812400
2025-04-15,403.7878823903281,417.5757613012173,397.8787914285184,414.6212158203125,4311900
2025-04-16,412.65152663242674,416.5909206814236,393.9394048996914,398.8636474609375,3576400
2025-04-17,395.90909811024517,406.742431640625,392.95455260195973,406.742431640625,1324500
2025-04-18,407.72727272727275,422.5,403.7878787878788,422.5,1820100
2025-04-21,419.5454527258047,432.3484829733058,415.6060588034967,426.43939208984375,2472500
2025-04-22,424.4697118005087,428.4091058775436,415.60607512718025,423.48486328125,1830500
2025-04-23,423.4848652871002,425.4545623349472,412.65153152394186,419.54547119140625,2027100
2025-04-24,419.54547119140625,421.5151682392532,414.62122857178883,419.54547119140625,986500
2025-04-25,419.5454662917951,444.16667910234645,415.60607224210685,429.3939514160156,2562200
2025-04-28,435.30303575303816,444.16667222764755,431.3636417643229,443.18182373046875,1463300
2025-04-30,443.18183747348405,447.12123158435946,433.3333521962955,446.1363830566406,1940800
2025-05-01,450.07576129930135,457.95454924327163,441.2121248623348,447.1212158203125,1848100
2025-05-02,443.1818218483274,454.0151552712865,439.2424278763423,447.1212158203125,2696800
2025-05-07,442.19697843852794,468.7878880550987,437.2727359169408,467.80303955078125,5161900
2025-05-08,470.75759001701107,482.57577219317034,452.0454682380922,457.9545593261719,5632500
2025-05-09,434.31817582074336,443.181812061983,401.81817626953125,401.81817626953125,7457500
2025-05-12,405.75757198522587,415.60605674214884,396.8939357039952,397.8787841796875,2873800
2025-05-13,399.84848204655435,404.7727244362903,393.9393911788713,395.9090881347656,2006500
2025-05-14,395.90910095664736,405.75758605507144,393.93940393696255,400.8333435058594,1484300
2025-05-15,408.7121221109073,445.15151613043395,408.7121221109073,420.5303039550781,5221300
2025-05-16,417.5757731500073,423.48486427948853,413.63637906368643,421.5151672363281,1244600
2025-05-19,418.5606206849564,428.4091058775436,414.6212266079215,423.48486328125,826500
2025-05-20,423.48486630421763,429.3939574619509,416.5909266201955,417.5757751464844,1050500
2025-05-21,417.5757671626681,418.5606156701272,399.8484940284039,402.80303955078125,2108400
2025-05-22,400.8333406240542,408.71212864614864,399.8484921212924,406.742431640625,1335100
2025-05-23,405.75758905957764,409.6969831281172,393.9394068539589,394.92425537109375,2186500
2025-05-26,394.92424149249666,399.84848390512127,390.9848475623969,391.9696960449219,2155100
2025-05-27,391.96971382742925,391.96971382742925,385.07577413699704,387.04547119140625,1780000
2025-05-28,388.03031170557415,389.0151602124411,372.2727355957031,372.2727355957031,4089600
2025-05-29,374.24241861979164,376.21211555989584,365.3787823893229,369.31817626953125,2096900
2025-05-30,368.3333260327342,376.2121137553595,368.3333260327342,373.257568359375,1031400
2025-06-02,371.28787502895466,377.1969658782219,364.3939357048096,365.3787841796875,1809800
2025-06-03,365.3787850894256,365.3787850894256,356.5151487934557,363.4090881347656,1736400
2025-06-04,361.439407848921,365.3788019399174,358.48486228067367,360.4545593261719,983700
2025-06-05,362.4242352407652,374.2424168247032,361.439386775437,373.257568359375,1452300
2025-06-06,372.2727181457041,386.060596595545,369.3181727635954,377.19696044921875,1737900
2025-06-09,382.12122855538325,392.9545623546338,379.16668297376947,387.04547119140625,1744900
2025-06-10,390.00000709367436,413.63637115995766,388.0303100881507,406.742431640625,3766300
2025-06-11,406.742436562815,408.7121335921749,390.98486032793596,396.8939514160156,2006000
2025-06-12,399.84849696005546,402.80304250409523,395.9091029013357,396.8939514160156,587600
2025-06-13,403.7878951060621,404.77274363071103,388.0303187116792,389.0151672363281,932900
2025-06-16,387.04545094707225,400.8333296067644,386.06060247138,397.8787841796875,1086100
2025-06-17,398.8636474609375,413.6363751446759,397.87879894868826,398.8636474609375,1536700
2025-06-18,397.8787815000953,409.696963128811,397.8787815000953,403.7878723144531,869300
2025-06-19,406.742417721632,409.696963128811,401.81817537633384,403.7878723144531,519900
2025-06-20,403.78789874355186,424.46971794748987,403.78789874355186,411.66668701171875,3950500
2025-06-23,401.81819499103807,404.77274054244276,394.92425537109375,394.92425537109375,1644300
2025-06-24,400.8333251510841,410.68180979853094,397.8787797568501,407.7272644042969,1345100
2025-06-25,409.6969781211983,416.5909176568915,399.84849307020795,404.7727355957031,977700
2025-06-26,404.77274054244276,407.72728609384745,394.92425537109375,394.92425537109375,1042800
2025-06-27,394.92424242424244,396.8939393939394,388.03030303030306,390.0,1548700
2025-06-30,390.9848673607206,395.9091100226944,383.1060791015625,383.1060791015625,2040800
2025-07-01,385.0757603571965,390.0000028170072,384.0909118652344,384.0909118652344,749000
2025-07-02,384.0909276339573,386.0606246987468,382.1212305691677,383.1060791015625,754000
2025-07-03,384.090912809077,388.030306786606,382.1212158203125,382.1212158203125,554100
2025-07-04,384.09092970018264,385.07577823787545,379.16668701171875,379.16668701171875,562400
2025-07-07,379.16666940542365,389.01515432504505,379.16666940542365,384.0909118652344,640200
2025-07-08,390.0000137673285,396.8939534046297,390.0000137673285,392.9545593261719,1197400
2025-07-09,396.8939554335196,397.8788039581685,388.0303187116792,389.0151672363281,765400
2025-07-10,391.96969790386066,391.96969790386066,387.0454554678825,388.0303039550781,267400
2025-07-11,388.0303207358436,390.0000177954164,384.09092661669797,385.0757751464844,584100
2025-07-14,387.0454682084851,394.9242563654008,386.0606196888706,392.9545593261719,929100
2025-07-15,391.9696988475566,394.92424431625676,385.0757594205895,386.06060791015625,783900
2025-07-16,386.0606226642017,390.00001677302004,385.07577413699704,387.04547119140625,310500
2025-07-17,390.0000137673285,400.8333474830876,389.015165247714,392.9545593261719,1273800
2025-07-18,394.92425940904303,395.9091079362476,386.0606226642017,387.04547119140625,578900
2025-07-22,390.00001677302004,390.00001677302004,385.07577413699704,387.04547119140625,518000
2025-07-23,389.0151515151515,391.969696969697,388.03030303030306,390.0,624600
2025-07-24,391.96971382742925,393.9394108818384,386.0606226642017,387.04547119140625,824500
2025-07-25,390.00001677302004,391.96971382742925,386.0606226642017,387.04547119140625,831800
2025-07-28,387.04545454545456,390.9848484848485,386.06060606060606,390.0,991400
2025-07-29,388.0303187116792,390.984864285626,385.07577313773237,389.0151672363281,1043400
2025-07-30,386.06060606060606,390.9848484848485,386.06060606060606,390.0,754300
2025-07-31,397.87878509066,399.84848204655435,394.9242396568185,395.9090881347656,1378700
2025-08-01,396.8939366127128,397.87878509066,394.9242396568185,395.9090881347656,669400
2025-08-04,395.90908905029295,397.8787860107422,392.9545436096191,393.93939208984375,1885600
2025-08-05,394.9242534119406,401.8181929976852,393.9394048996914,398.8636474609375,2248700
2025-08-06,390.98485035798984,390.98485035798984,382.12121395188933,386.06060791015625,3537300
2025-08-07,386.06059840864117,387.04544687396935,373.257568359375,373.257568359375,2862400
2025-08-08,378.1818344465649,390.00001677302004,375.2272888649511,387.04547119140625,2018200
2025-08-12,389.01515244227375,392.9545463910563,387.0454554678825,388.0303039550781,857100
2025-08-13,388.0303021148221,393.9393930099717,387.0454536322972,391.9696960449219,645900
2025-08-14,391.96969422297695,400.83333052450155,391.96969422297695,395.9090881347656,1218800
2025-08-15,397.8788039581685,397.8788039581685,389.0151672363281,389.0151672363281,366700
2025-08-18,396.8939357039952,402.803026558149,393.93939027691835,397.8787841796875,1498100
2025-08-19,399.84848204655435,402.8030274803959,395.9090881347656,395.9090881347656,849300
2025-08-20,396.89395855508917,396.89395855508917,383.1060791015625,383.1060791015625,1178400
2025-08-21,383.1060681794819,385.07576518811675,374.242431640625,374.242431640625,957900
2025-08-22,374.24241861979164,376.21211555989584,369.31817626953125,369.31817626953125,952500
2025-08-25,371.28787055228327,383.1060521083241,370.30302208927986,375.2272644042969,1148000
2025-08-26,376.2121146528411,377.19696312051866,371.2878723144531,371.2878723144531,608400
2025-08-27,373.2575870636971,374.242435578377,365.3787989462576,366.3636474609375,961100
2025-08-28,368.33334449029735,368.33334449029735,364.3939504315776,366.3636474609375,571500
2025-08-29,365.3787832797053,369.31817716951343,365.3787832797053,367.3484802246094,505900
2025-09-01,370.3030256419655,372.2727225868696,366.36363175215735,367.3484802246094,721800
2025-09-02,366.3636354211259,368.33333238575557,359.4696960449219,359.4696960449219,1114500
2025-09-03,356.51515625691616,358.48485325281075,346.66667127744336,347.6515197753906,1395600
2025-09-04,348.6363618523289,363.40908904946144,346.6666648927112,361.43939208984375,952900
2025-09-05,363.40909185435964,363.40909185435964,355.5303039550781,355.5303039550781,456900
2025-09-08,357.50001475575203,364.3939544342376,355.53031770475616,358.48486328125,426200
2025-09-09,359.4696979047189,362.42424336694944,355.5303039550781,355.5303039550781,445000
2025-09-10,353.56062471196896,355.5303217855732,347.6515334911561,350.6060791015625,458300
2025-09-11,350.60608118230647,351.59092972495336,345.6818384690718,346.66668701171875,664800
2025-09-12,347.6515197753906,347.6515197753906,343.7121257836015,347.6515197753906,926200
2025-09-16,348.6363682733379,350.6060652692325,343.7121257836015,347.6515197753906,501000
2025-09-17,346.6666731957378,346.6666731957378,342.7272791821499,343.7121276855469,787400
2025-09-18,342.7272821098305,348.6363731806897,336.8181910389714,337.80303955078125,1293100
2025-09-19,335.8333435058594,340.75758607925906,331.8939494471396,335.8333435058594,1146300
2025-09-22,334.8484979885728,335.83334651206854,329.92425537109375,329.92425537109375,1235400
2025-09-24,325.9848484848485,327.95454545454544,322.04545454545456,325.0,1047600
2025-09-25,325.0000147516994,328.9394088699018,322.0454691630476,325.98486328125,740500
2025-09-26,325.0000147516994,328.9394088699018,323.0303176925982,325.98486328125,677400
2025-09-29,324.0151543322904,326.9696998125241,319.0909118652344,319.0909118652344,1047000
2025-09-30,323.0303039550781,325.98484941808186,319.09091000440645,323.0303039550781,914000
2025-10-01,321.06059655030066,321.06059655030066,311.212111993543,312.19696044921875,1284400
2025-10-02,312.19696044921875,314.1666573605703,308.25756662651565,312.19696044921875,1056000
2025-10-03,312.19697241135583,322.04545734546804,312.19697241135583,319.0909118652344,1041000
2025-10-06,325.00001996477073,325.00001996477073,315.1515345112928,316.1363830566406,995200
2025-10-07,316.1363682746887,317.1212167739868,312.19697427749634,315.1515197753906,430400
2025-10-08,315.1515178915895,320.0757603586456,313.18182090476705,319.0909118652344,427800
2025-10-09,318.1060652732849,318.1060652732849,314.16667127609253,315.1515197753906,495100
2025-10-10,316.1363682746887,318.1060652732849,315.1515197753906,315.1515197753906,348500
2025-10-14,310.22728212418093,313.18182766822076,303.33334252142134,305.30303955078125,1675900
2025-10-15,307.27271817083994,313.1818089048945,306.28786971516416,312.19696044921875,464300
2025-10-16,314.16665823800224,315.15150669642856,309.24241594587056,310.2272644042969,550500
2025-10-17,311.2121296418019,314.166675176376,303.33334154960437,307.2727355957031,755100
2025-10-20,312.19697427749634,320.0757622718811,311.21212577819824,315.1515197753906,938400
2025-10-21,316.13635340006,316.13635340006,311.2121111352616,314.1666564941406,523900
2025-10-22,315.1515334752322,318.1060791015625,314.1666849331221,318.1060791015625,356200
2025-10-23,318.1060652732849,318.1060652732849,314.16667127609253,315.1515197753906,228600
2025-10-24,318.106067222885,318.106067222885,311.2121276855469,311.2121276855469,849900
2025-10-27,313.18182090476705,322.04545734546804,312.19697241135583,319.0909118652344,810700
2025-10-28,320.0757622718811,321.0606107711792,315.1515197753906,315.1515197753906,550800
2025-10-29,320.07576727098035,322.0454643003402,304.3181910361013,305.30303955078125,1223800
2025-10-30,304.31818814820883,313.1818246962149,304.31818814820883,311.2121276855469,678000
2025-10-31,313.18182183496697,319.0909128129852,311.21212484229426,317.1212158203125,518500
2025-11-04,316.1363673239761,320.0757613093216,312.1969733386306,317.1212158203125,696600
2025-11-05,315.1515197753906,318.1060652732849,306.28788328170776,315.1515197753906,786400
2025-11-06,323.03030583887926,325.00000282570164,315.1515178915895,319.0909118652344,2080400
2025-11-07,350.6060606060606,377.1969696969697,345.6818181818182,357.5,10667600
2025-11-10,357.4999963806646,370.30302655407684,357.4999963806646,365.3787841796875,2778900
2025-11-11,365.3787850894256,368.3333305214156,358.4848457481157,363.4090881347656,1498600
2025-11-12,359.4697098110033,362.42425537109375,353.5606186908225,362.42425537109375,1905600
2025-11-13,363.40909877634186,364.3939472825108,341.742431640625,341.742431640625,1943000
2025-11-14,337.80303857775704,345.68182664954145,332.8787960328918,339.7727355957031,1119900
2025-11-17,338.78787594749815,339.7727244240897,327.95454270499096,330.9090881347656,982900
2025-11-18,329.9242443248538,330.90909281537574,321.06060791015625,321.06060791015625,936000
2025-11-19,322.0454602511424,322.0454602511424,312.1969752281717,313.18182373046875,1279100
2025-11-20,318.10605030597935,321.06059566485845,314.1666564941406,314.1666564941406,761700
2025-11-21,307.2727308569487,320.0757613093216,307.2727308569487,317.1212158203125,683300
2025-11-25,317.1212227561257,317.1212227561257,303.3333435058594,303.3333435058594,1533700
2025-11-26,308.2575907141967,325.0000157689613,306.2878936489302,324.0151672363281,1596000
2025-11-27,324.9999990807958,330.90908997317393,324.0151505987328,326.9696960449219,608800
2025-11-28,324.9999990807958,329.92424149111093,324.9999990807958,326.9696960449219,515300
2025-12-01,325.98486851011853,325.98486851011853,315.1515345112928,316.1363830566406,673100
2025-12-02,313.1818106654353,315.15150758785944,308.257568359375,308.257568359375,580100
2025-12-03,311.212111993543,315.1515058162461,306.28786971516416,312.19696044921875,769200
2025-12-04,314.16666939817827,319.0909118652344,312.19697241135583,319.0909118652344,770900
2025-12-05,317.121217739657,322.0454602511424,313.18182373046875,313.18182373046875,540500
2025-12-08,314.16667033130335,317.1212158203125,311.21212484229426,317.1212158203125,608700
2025-12-09,312.1969761908809,316.13637021221695,310.22727918021286,311.2121276855469,660500
2025-12-10,312.19696220422327,313.1818106654353,307.27271989816296,308.257568359375,633100
2025-12-11,310.22726528179913,312.19696220422327,307.27271989816296,308.257568359375,732600
2025-12-12,308.257568359375,312.19696220422327,307.27271989816296,308.257568359375,672400
2025-12-15,307.27273178100586,315.1515197753906,307.27273178100586,315.1515197753906,762800
2025-12-16,314.166660026722,315.15150849075565,305.30302385041955,306.2878723144531,1379200
2025-12-17,305.3030229757388,308.257568359375,302.34847759210265,308.257568359375,1196000
2025-12-18,305.3030376069865,311.2121286574443,305.3030376069865,309.242431640625,612400
2025-12-19,308.2575674874442,313.1818097795759,307.2727190290179,310.2272644042969,933000
2025-12-22,310.2272661705876,312.1969630986548,303.3333269223523,306.2878723144531,996400
2025-12-23,305.30302041750343,315.1515049471003,305.30302041750343,314.1666564941406,946000
2025-12-24,314.1666564941406,317.12120185301967,311.2121111352616,314.1666564941406,585600
2025-12-25,317.1212121212121,326.969696969697,314.1666666666667,325.0,1240000
2025-12-26,326.969696969697,328.93939393939394,323.03030303030306,325.0,873300
2025-12-29,326.0,329.0,323.0,325.0,626800
2025-12-30,324.0,327.0,319.0,319.0,518100
2026-01-05,321.0,328.0,321.0,324.0,664600
2026-01-06,325.0,332.0,325.0,331.0,936600
2026-01-07,331.0,337.0,329.0,337.0,874000
2026-01-08,341.0,342.0,334.0,337.0,757500
2026-01-09,334.0,339.0,330.0,332.0,515000
2026-01-13,337.0,337.0,327.0,328.0,803800
2026-01-14,332.0,334.0,324.0,326.0,622400
2026-01-15,324.0,334.0,324.0,332.0,666900
2026-01-16,334.0,335.0,326.0,328.0,478700
2026-01-19,329.0,330.0,325.0,327.0,535000
2026-01-20,328.0,333.0,326.0,327.0,646700
2026-01-21,325.0,325.0,319.0,323.0,1210400
2026-01-22,326.0,327.0,322.0,324.0,474200
2026-01-23,326.0,338.0,326.0,335.0,917900
2026-01-26,331.0,334.0,329.0,331.0,689600
2026-01-27,332.0,332.0,327.0,329.0,207100
2026-01-28,330.0,330.0,325.0,328.0,480300
2026-01-29,326.0,326.0,321.0,324.0,614800
2026-01-30,324.0,329.0,322.0,329.0,488000
2026-02-02,326.0,329.0,322.0,322.0,871300
2026-02-03,325.0,326.0,322.0,324.0,432000
2026-02-04,324.0,324.0,317.0,318.0,1281200
2026-02-05,316.0,323.0,314.0,320.0,1337000
2026-02-06,332.0,333.0,318.0,323.0,3282500
2026-02-09,330.0,330.0,319.0,320.0,1747600
2026-02-10,318.0,325.0,317.0,323.0,1397100
2026-02-12,323.0,323.0,314.0,314.0,2320700
2026-02-13,322.0,326.0,307.0,314.0,3128400
2026-02-16,316.0,340.0,316.0,334.0,3402800
2026-02-17,331.0,332.0,310.0,311.0,3119800
2026-02-18,315.0,316.0,308.0,308.0,1203900
2026-02-19,310.0,310.0,299.0,300.0,2434900
2026-02-20,297.0,303.0,296.0,302.0,1616300
2026-02-24,299.0,301.0,293.0,294.0,1643400
2026-02-25,298.0,306.0,297.0,302.0,1538000
2026-02-26,302.0,313.0,302.0,313.0,1266900
2026-02-27,311.0,319.0,310.0,318.0,1415400
2026-03-02,313.0,317.0,307.0,308.0,1286700
2026-03-03,312.0,313.0,299.0,301.0,1383900
2026-03-04,295.0,296.0,284.0,290.0,2622300
2026-03-05,298.0,304.0,297.0,301.0,1645000
2026-03-06,299.0,316.0,299.0,315.0,1427900
2026-03-09,303.0,313.0,300.0,311.0,1763300
2026-03-10,317.0,319.0,311.0,318.0,1129000
2026-03-11,321.0,326.0,319.0,324.0,1225200
2026-03-12,320.0,321.0,310.0,310.0,1106000
2026-03-13,304.0,309.0,302.0,303.0,1055300
2026-03-16,302.0,303.0,296.0,296.0,747800
2026-03-17,299.0,301.0,294.0,295.0,980600
2026-03-18,297.0,302.0,296.0,300.0,613400
2026-03-19,295.0,298.0,288.0,288.0,1085800
2026-03-23,274.0,279.0,271.0,275.0,2613400
2026-03-24,283.0,283.0,276.0,281.0,818300
2026-03-25,282.0,288.0,282.0,287.0,630200
2026-03-26,285.0,286.0,281.0,283.0,724100
2026-03-27,282.0,290.0,282.0,289.0,846000
2026-03-30,276.0,280.0,274.0,278.0,1206600
2026-03-31,277.0,284.0,277.0,281.0,911900
2026-04-01,287.0,294.0,285.0,294.0,1204000
2026-04-02,295.0,297.0,286.0,286.0,1042200
2026-04-03,292.0,292.0,287.0,289.0,439600
2026-04-06,289.0,293.0,289.0,292.0,438800
2026-04-07,295.0,302.0,293.0,295.0,576100
2026-04-08,301.0,306.0,299.0,306.0,1101600
2026-04-09,303.0,304.0,298.0,299.0,1096900
2026-04-10,297.0,298.0,294.0,294.0,761200
2026-04-13,292.0,298.0,291.0,297.0,386000
2026-04-14,299.0,300.0,295.0,296.0,288000
2026-04-15,300.0,305.0,298.0,302.0,799100
2026-04-16,307.0,310.0,305.0,305.0,704800
2026-04-17,308.0,311.0,304.0,306.0,701100
2026-04-20,303.0,305.0,297.0,299.0,776900
2026-04-21,299.0,301.0,294.0,295.0,476400
2026-04-22,293.0,296.0,292.0,295.0,374300
2026-04-23,295.0,296.0,289.0,292.0,594300
2026-04-24,289.0,293.0,287.0,290.0,511100
2026-04-27,286.0,291.0,286.0,288.0,741400
2026-04-28,288.0,293.0,286.0,292.0,786600
2026-04-30,288.0,289.0,284.0,286.0,1497500
2026-05-01,286.0,291.0,285.0,288.0,1211100
2026-05-07,288.0,290.0,284.0,285.0,1250600
2026-05-08,288.0,293.0,286.0,291.0,1497400
2026-05-11,293.0,293.0,289.0,291.0,774900
2026-05-12,293.0,293.0,282.0,284.0,2421400
2026-05-13,278.0,280.0,267.0,267.0,3993400
2026-05-14,266.0,270.0,264.0,267.0,2122700
2026-05-15,267.0,269.0,263.0,263.0,2073900
2026-05-18,267.0,268.0,255.0,256.0,2247000
2026-05-19,263.0,266.0,259.0,264.0,1132700
2026-05-20,264.0,264.0,259.0,262.0,943400
2026-05-21,262.0,267.0,262.0,265.0,496000
2026-05-22,265.0,277.0,265.0,275.0,1259600
2026-05-25,274.0,275.0,265.0,269.0,686400
2026-05-26,273.0,273.0,266.0,266.0,467000
2026-05-27,269.0,273.0,266.0,272.0,415800
2026-05-28,274.0,274.0,266.0,269.0,397700
2026-05-29,269.0,278.0,269.0,270.0,850600
2026-06-01,273.0,273.0,265.0,272.0,718500
2026-06-02,269.0,273.0,266.0,271.0,596200
2026-06-03,269.0,273.0,263.0,270.0,761700
2026-06-04,270.0,272.0,268.0,271.0,526600
2026-06-05,268.0,277.0,268.0,273.0,895200
2026-06-08,268.0,269.0,263.0,265.0,1092100
2026-06-09,267.0,268.0,265.0,265.0,640900
2026-06-10,266.0,266.0,260.0,263.0,741900
2026-06-11,262.0,264.0,260.0,262.0,529500
2026-06-12,262.0,264.0,259.0,264.0,573100
2026-06-15,265.0,268.0,262.0,263.0,633000
2026-06-16,263.0,266.0,261.0,263.0,458800
2026-06-17,267.0,271.0,265.0,269.0,768800
2026-06-18,269.0,270.0,264.0,265.0,765600
2026-06-19,267.0,268.0,262.0,265.0,626400
2026-06-22,263.0,269.0,263.0,266.0,383900
2026-06-23,265.0,265.0,260.0,261.0,686200
2026-06-24,260.0,263.0,256.0,256.0,464100
2026-06-25,258.0,259.0,256.0,256.0,442500
2026-06-26,255.0,257.0,252.0,256.0,971400
2026-06-29,261.0,263.0,258.0,262.0,545600
2026-06-30,264.0,266.0,259.0,266.0,464500
2026-07-01,265.0,275.0,264.0,275.0,707400
2026-07-02,274.0,285.0,273.0,283.0,968600
2026-07-03,285.0,286.0,280.0,284.0,632000
2026-07-06,283.0,290.0,282.0,288.0,628300
2026-07-07,290.0,294.0,288.0,290.0,514500
2026-07-08,290.0,292.0,285.0,287.0,1741000
2026-07-09,286.0,290.0,285.0,289.0,552100
2026-07-10,288.0,295.0,287.0,293.0,624400
2026-07-13,293.0,297.0,293.0,296.0,611800
2026-07-14,296.0,301.0,295.0,301.0,1822800
2026-07-15,303.0,320.0,302.0,320.0,2061100
2026-07-16,318.0,326.0,315.0,321.0,1393300
2026-07-17,317.0,322.0,306.0,313.0,1302700
2026-07-21,313.0,315.0,307.0,309.0,649100
2026-07-22,309.0,309.0,303.0,306.0,513900
2026-07-23,306.0,307.0,299.0,299.0,651300
2026-07-24,302.0,302.0,293.0,295.0,326600
2026-07-27,300.0,306.0,299.0,305.0,948700
2026-07-28,310.0,312.0,303.0,306.0,731700
2026-07-29,309.0,310.0,299.0,304.0,828500
2026-07-30,306.0,306.0,299.0,305.0,665200
2026-07-31,305.0,308.0,299.0,305.0,596800
2026-08-03,303.0,306.0,296.0,303.0,524900
2026-08-04,306.0,310.0,304.0,304.0,610100
2026-08-05,303.0,308.0,302.0,305.0,845200
2026-08-06,285.0,295.0,282.0,286.0,888300
