Date,Open,High,Low,Close,Volume
2015-01-05,155.1038881811765,156.64721045163597,153.56056591071706,155.87554931640625,5863000
2015-01-06,153.5605801035305,154.3322413100809,151.24559648387927,152.0172576904297,6847000
2015-01-07,152.0172576904297,153.5605801035305,151.24559648387927,152.0172576904297,3395000
2015-01-08,153.56055824124084,153.56055824124084,151.24557495117188,151.24557495117188,4798000
2015-01-09,152.01722959860777,152.7888906625601,149.7022464067508,150.47390747070312,5584000
2015-01-13,148.158935546875,148.93059666951498,145.84395217895508,148.158935546875,6640000
2015-01-14,146.61560302085064,148.15892515791222,145.07228088378906,145.07228088378906,5676000
2015-01-15,145.84394588770044,147.38726806640625,145.0722847983475,147.38726806640625,3915000
2015-01-16,145.8439508937897,146.61561200962984,143.5289675462692,144.30062866210938,6355000
2015-01-19,145.07230243985614,145.84396362304688,144.30064125666541,145.84396362304688,3653000
2015-01-20,145.84394588770044,147.38726806640625,145.0722847983475,147.38726806640625,3949000
2015-01-21,145.07228977794952,145.8439508937897,142.75730643042905,144.30062866210938,8298000
2015-01-22,144.30061981525827,145.07228088378906,143.52895874672748,145.07228088378906,2597000
2015-01-23,146.61560697705335,148.15892915575915,145.84394588770044,147.38726806640625,3923000
2015-01-26,147.38726806640625,148.15892915575915,146.61560697705335,147.38726806640625,1752000
2015-01-27,148.15892669203367,150.47390992159671,147.3872656155127,148.9305877685547,4128000
2015-01-28,147.38726706456654,153.560555737428,147.38726706456654,152.7888946533203,6362000
2015-01-29,151.24557495117188,154.3322193379305,150.47391385448222,151.24557495117188,5466000
2015-01-30,152.0172576904297,154.3322413100809,150.47393527732888,152.0172576904297,6834000
2015-02-02,152.01723990128866,154.33222325003925,151.24557878503848,153.56056213378906,4251000
2015-02-03,154.33220554940144,155.87552760489544,152.78888349390743,155.10386657714844,9793000
2015-02-04,155.87552760489544,157.41884966038947,155.10386657714844,155.10386657714844,7756000
2015-02-05,154.3322516876517,160.50554175515776,154.3322516876517,158.96221923828125,13961000
2015-02-06,158.96219765267722,159.73385880633097,155.87555303806212,158.19053649902344,10237000
2015-02-09,158.96221923828125,159.7338804967195,157.41889672140474,158.96221923828125,5166000
2015-02-10,158.190557979843,159.7338804967195,157.41889672140474,158.96221923828125,3820000
2015-02-12,160.50554175515776,162.04886427203428,158.96221923828125,158.96221923828125,7508000
2015-02-13,158.96219506010343,161.2771784833088,158.96219506010343,159.73385620117188,4651000
2015-02-16,160.50549721378852,165.1354634795709,159.73383616949147,162.8204803466797,7776000
2015-02-17,163.5921630859375,165.13548537920107,162.82050193930573,163.5921630859375,7284000
2015-02-18,164.36382423256927,165.13548537920107,162.82050193930573,163.5921630859375,5428000
2015-02-19,163.5921542028866,165.13547641234777,162.0488319934254,164.3638153076172,5625000
2015-02-20,164.3638024352738,164.3638024352738,161.27715825808556,162.8204803466797,6132000
2015-02-23,162.8204803466797,163.59214139097676,162.04881930238264,162.8204803466797,2883000
2015-02-24,162.0488319934254,165.13547641234777,162.0488319934254,164.3638153076172,5894000
2015-02-25,163.5921630859375,165.13548537920107,162.04884079267393,163.5921630859375,4394000
2015-02-26,162.82050561239552,166.67881143259447,162.82050561239552,165.9071502685547,7045000
2015-02-27,165.13548537920107,165.90714652583284,162.04884079267393,163.5921630859375,9556000
2015-03-02,163.59214139097676,164.3638024352738,162.8204803466797,162.8204803466797,2395000
2015-03-03,163.59214139097676,164.3638024352738,161.27715825808556,162.8204803466797,5452000
2015-03-04,162.048828125,163.59215029761904,159.73384486607142,162.048828125,5580000
2015-03-05,162.048828125,162.8204892113095,161.27716703869046,162.048828125,1998000
2015-03-06,162.04881930238264,163.59214139097676,162.04881930238264,162.8204803466797,3235000
2015-03-09,162.04880636844908,162.820467351156,161.2771453857422,161.2771453857422,2495000
2015-03-10,162.04886427203428,162.04886427203428,157.41889672140474,158.96221923828125,7313000
2015-03-11,156.64719271192365,158.9621758554496,156.64719271192365,157.41885375976562,4859000
2015-03-12,158.19053649902344,159.73385880633097,157.41887534536966,158.19053649902344,3232000
2015-03-13,158.96219765267722,159.73385880633097,158.19053649902344,158.19053649902344,4976000
2015-03-16,158.96219765267722,159.73385880633097,156.6472141917159,158.19053649902344,5810000
2015-03-17,158.9621758554496,158.9621758554496,155.87553166408165,157.41885375976562,7177000
2015-03-18,156.64721045163597,157.41887158686572,154.33222704594678,155.87554931640625,6822000
2015-03-19,155.1038907623291,155.8755519104004,152.78890731811524,154.3322296142578,7659000
2015-03-20,153.56054452165444,155.10386657714844,152.78888349390743,155.10386657714844,5617000
2015-03-23,155.10389188440834,158.96219765267722,154.33223073075456,158.19053649902344,8973000
2015-03-24,158.1905401670016,162.82050719627966,157.41887899545523,160.50552368164062,10075000
2015-03-25,162.04883575439453,167.45046361287436,161.27717463175458,166.67880249023438,16193000
2015-03-26,165.90714652583284,165.90714652583284,162.04884079267393,163.5921630859375,17653000
2015-03-27,165.94036010152476,169.07131029211956,158.89572217268645,162.02667236328125,14520000
2015-03-30,160.46120407557723,160.46120407557723,155.76477859043837,158.1129913330078,11186000
2015-03-31,158.8957061767578,159.67844364560884,156.54749377020474,158.8957061767578,11915000
2015-04-01,158.89571311950684,159.6784506225586,155.7647631072998,156.54750061035156,11354000
2015-04-02,157.33023071289062,158.8957056453572,156.54749324665733,157.33023071289062,7621000
2015-04-03,156.54749324665733,158.8957056453572,156.54749324665733,157.33023071289062,3693000
2015-04-06,156.54750061035156,157.3302381134033,155.7647631072998,156.54750061035156,3723000
2015-04-07,157.33023175495427,161.24391911204268,156.5474942835366,160.461181640625,6319000
2015-04-08,161.24393481563257,164.37488500622737,160.46119726798386,162.02667236328125,7135000
2015-04-09,162.02665658346035,162.80939405487806,158.89570669778962,160.461181640625,5150000
2015-04-10,159.67848220380765,162.80943283525485,158.89574454594583,161.24395751953125,6042000
2015-04-13,160.46121986166943,162.02669517739304,158.11300688808404,161.24395751953125,3809000
2015-04-14,162.02668071242996,168.288581416292,162.02668071242996,165.94036865234375,10855000
2015-04-15,166.723082989878,168.28855794752943,164.37487055340085,165.15760803222656,6720000
2015-04-16,165.15763134822666,168.28858170553903,164.37489375889857,167.50584411621094,6791000
2015-04-17,168.28858947753906,172.2022776049237,167.50585185206214,168.28858947753906,13137000
2015-04-20,172.20225482905676,175.3332049168578,170.63677978515625,170.63677978515625,18042000
2015-04-21,173.7677298729573,173.7677298729573,168.28856721930546,170.63677978515625,10365000
2015-04-22,170.63677978515625,172.20225482905676,169.07130474125574,170.63677978515625,8651000
2015-04-23,171.41952514648438,172.98500026197738,170.63678758873786,171.41952514648438,5746000
2015-04-24,171.41952583073498,176.1159511959606,171.41952583073498,174.55047607421875,9421000
2015-04-27,175.33318235647624,176.1159197777105,172.98497009277344,172.98497009277344,6937000
2015-04-28,174.55047607421875,176.1159511959606,172.98500095247687,174.55047607421875,7406000
2015-04-30,174.55046782060103,174.55046782060103,172.20225524902344,172.20225524902344,5301000
2015-05-01,171.4195173071065,172.20225482905676,168.28856721930546,170.63677978515625,6341000
2015-05-07,169.85405070899313,174.55047607421875,169.85405070899313,174.55047607421875,8081000
2015-05-08,172.98502383611898,178.46418748703678,172.20228617170216,176.89871215820312,10903000
2015-05-11,179.24690279609715,183.94332819686824,179.24690279609715,180.8123779296875,11703000
2015-05-12,177.68144995706123,180.02966295208847,175.333236962034,178.4641876220703,9108000
2015-05-13,176.8986900957116,182.37785306327788,176.8986900957116,180.8123779296875,6890000
2015-05-14,180.81235633462163,186.29151864779197,180.02961886131158,184.72604370117188,14117000
2015-05-15,185.50879610501804,186.2915336413261,181.59510842347757,183.16058349609375,8116000
2015-05-18,181.59508602061172,184.72603577958776,181.59508602061172,183.94329833984375,5165000
2015-05-19,183.16056875455178,185.50878117448192,181.59509380793168,184.72604370117188,8151000
2015-05-20,184.7260593446363,187.07427196342405,183.94332180504037,186.29153442382812,7283000
2015-05-21,186.29153554947652,191.77069835975524,184.72606046082544,190.9879608154297,16610000
2015-05-22,190.98795296625835,193.33616550272873,188.63974042978796,190.20521545410156,8012000
2015-05-25,190.98795296625835,191.77069047841516,189.42247794194478,190.20521545410156,4465000
2015-05-26,190.20522327110416,190.9879608154297,188.6397481824531,190.9879608154297,3926000
2015-05-27,188.6397481824531,191.77069835975524,188.6397481824531,190.9879608154297,5742000
2015-05-28,192.553427541899,193.3361650522319,187.85700247990144,188.63973999023438,7735000
2015-05-29,188.63973999023438,189.4224775005673,183.1605774179039,188.63973999023438,14175000
2015-06-01,187.07427196342405,187.85700950301995,184.7260593446363,186.29153442382812,7432000
2015-06-02,185.5087899489027,190.20521501090022,185.5087899489027,188.63973999023438,10672000
2015-06-03,188.63974042978796,190.98795296625835,187.85700291763118,190.20521545410156,4476000
2015-06-04,191.77069835975524,194.11891099273183,190.9879608154297,190.9879608154297,11436000
2015-06-05,190.98795296625835,191.77069047841516,188.63974042978796,190.20521545410156,7588000
2015-06-08,191.77069003156606,192.553427541899,187.07426496956853,188.63973999023438,6760000
2015-06-09,186.2915336413261,187.07427117763422,182.37784595978565,183.16058349609375,7137000
2015-06-10,180.81238569062333,183.94333609219257,180.81238569062333,181.59512329101562,6814000
2015-06-11,183.16056090009974,183.94329833984375,182.37782346035573,183.94329833984375,3840000
2015-06-12,185.5087732193318,185.5087732193318,182.37782346035573,183.94329833984375,5037000
2015-06-15,182.37785306327788,183.16059063007307,179.24690279609715,180.8123779296875,4472000
2015-06-16,179.24690279609715,182.37785306327788,179.24690279609715,180.8123779296875,4856000
2015-06-17,181.5951154964827,183.16059063007307,180.02964036289234,180.8123779296875,3304000
2015-06-18,179.2469251514536,180.02966281587044,176.1159744937863,176.89871215820312,4352000
2015-06-19,178.46416422526042,180.8123769124349,175.33321397569443,176.11595153808594,6086000
2015-06-22,176.11595153808594,177.68142666286892,173.76773885091146,176.11595153808594,5738000
2015-06-23,177.68142766250676,182.37785306327788,177.68142766250676,180.8123779296875,5394000
2015-06-24,182.37783128124173,187.85699359441207,181.59509380793168,184.72604370117188,8951000
2015-06-25,183.16059063007307,183.16059063007307,180.02964036289234,180.8123779296875,5156000
2015-06-26,179.24690143944434,179.24690143944434,172.20226339160592,174.55047607421875,17712000
2015-06-29,169.85406494140625,172.98501544723862,168.28858968849005,169.85406494140625,11435000
2015-06-30,169.854042263206,171.4195173071065,168.28856721930546,170.63677978515625,7867000
2015-07-01,170.63678758873786,172.2022627042309,170.63678758873786,171.41952514648438,4257000
2015-07-02,172.2022627042309,173.7677378197239,170.63678758873786,171.41952514648438,4577000
2015-07-03,167.50584382830925,167.50584382830925,163.5921558883955,165.94036865234375,15572000
2015-07-06,163.59213256835938,165.15760752116663,162.0266576155521,163.59213256835938,6636000
2015-07-07,164.37487055340085,167.50582046870372,162.0266581169237,165.15760803222656,12876000
2015-07-08,165.15764580884024,165.94038346670206,161.24395751953125,161.24395751953125,6589000
2015-07-09,159.67844364560884,159.67844364560884,155.7647563013537,158.8957061767578,15506000
2015-07-10,159.67844364560884,160.46118111445986,157.33023123905576,158.8957061767578,5853000
2015-07-13,159.678466796875,162.02667954388787,159.678466796875,159.678466796875,5319000
2015-07-14,161.24394255418042,164.3748928950383,161.24394255418042,162.80941772460938,5464000
2015-07-15,163.59213152629573,164.3748689977134,159.67844416920732,160.461181640625,7092000
2015-07-16,161.24394196155026,161.24394196155026,157.33025404986213,159.678466796875,7302000
2015-07-17,159.678466796875,161.24394196155026,158.8957292145374,159.678466796875,5285000
2015-07-21,162.02669517739304,163.59217049311664,159.67848220380765,161.24395751953125,7164000
2015-07-22,160.46121986166943,162.80943283525485,159.67848220380765,161.24395751953125,2639000
2015-07-23,162.02667236328125,162.02667236328125,160.46119726798386,162.02667236328125,6925000
2015-07-24,160.46118111445986,161.2439185833109,158.1129687079068,158.8957061767578,4919000
2015-07-27,158.1129913330078,158.1129913330078,156.54751617129486,158.1129913330078,5306000
2015-07-28,157.33023123905576,158.8957061767578,156.54749377020474,158.8957061767578,3514000
2015-07-29,157.33024558829302,157.33024558829302,153.41655788709173,155.7647705078125,9097000
2015-07-30,156.54750061035156,159.6784506225586,155.7647631072998,156.54750061035156,5132000
2015-07-31,158.11300688808404,162.02669517739304,157.33026923022223,161.24395751953125,7049000
2015-08-03,169.07131900427476,171.419531768223,165.157631064361,165.94036865234375,11849000
2015-08-04,165.94034499757026,165.94034499757026,161.24392013914846,163.59213256835938,6136000
2015-08-05,163.5921404157366,165.1576154436384,161.24392787388393,164.3748779296875,5591000
2015-08-06,164.37489347637825,167.50584382830925,164.37489347637825,165.94036865234375,4583000
2015-08-07,165.15763897563136,169.071327103016,165.15763897563136,168.28858947753906,5917000
2015-08-10,168.28858198942962,169.07131958007812,165.15763162683555,169.07131958007812,6659000
2015-08-11,168.28856721930546,171.4195173071065,168.28856721930546,170.63677978515625,6640000
2015-08-12,168.28858198942962,171.41953235202365,166.72310680813257,169.07131958007812,4808000
2015-08-13,169.0713192948671,170.63679447352328,166.72310652688284,167.50584411621094,4223000
2015-08-14,167.50585185206214,169.071327103016,164.37490135015443,168.28858947753906,4003000
2015-08-17,167.50582097729608,167.50582097729608,164.3748710524868,166.72308349609375,3404000
2015-08-18,167.50583010586826,172.98499277288263,165.94035505814986,172.20225524902344,13035000
2015-08-19,171.41952514648438,172.2022627042309,169.85405003099137,171.41952514648438,4393000
2015-08-20,170.63680256786435,170.63680256786435,168.28858968849005,169.85406494140625,3649000
2015-08-21,166.72309764917347,168.28857274447088,160.46119726798386,162.02667236328125,7164000
2015-08-24,158.89575172075766,160.46122710716907,154.19932556152344,154.19932556152344,9765000
2015-08-25,151.85108915964764,157.33025217056274,147.1546637217204,150.28561401367188,10477000
2015-08-26,151.06837478870062,155.76480094793484,149.50289940228922,154.19932556152344,10276000
2015-08-27,154.98202420264175,156.54749919458763,149.5028617308312,151.85107421875,13094000
2015-08-28,153.41655788709173,158.1129831285333,152.63382034685145,155.7647705078125,10459000
2015-08-31,155.76477767010124,157.33025282256457,151.85108978894291,153.41656494140625,8117000
2015-09-01,152.63381171472295,154.19928670666883,151.85107421875,151.85107421875,6255000
2015-09-02,150.2856291118421,151.0683667634663,147.93741615696956,148.72015380859375,11266000
2015-09-03,149.50286865234375,151.06834371676618,148.72013112013252,149.50286865234375,3893000
2015-09-04,149.50289908918754,151.0683744723204,147.15468601448825,147.9374237060547,8219000
2015-09-07,147.15464782714844,148.720122804033,144.8064353618216,147.15464782714844,5872000
2015-09-08,145.58921055105282,149.50289900672627,145.58921055105282,146.3719482421875,7724000
2015-09-09,149.50286308288574,157.3302381134033,149.50286308288574,156.54750061035156,8576000
2015-09-10,153.41656584786895,158.89572891386428,152.6338282670125,158.1129913330078,7141000
2015-09-11,155.7647626472242,157.33023764870384,154.19928764574456,154.98202514648438,6849000
2015-09-14,156.54750804805278,157.33024558829302,153.41655788709173,155.7647705078125,3668000
2015-09-15,156.54753864114056,158.89575172075766,154.19932556152344,154.19932556152344,5372000
2015-09-16,154.9820188325027,161.2439185833109,154.19928136365166,158.8957061767578,8672000
2015-09-17,158.89574454594583,162.02669517739304,158.89574454594583,161.24395751953125,3062000
2015-09-18,158.8957056453572,159.67844311159047,154.98201831419075,157.33023071289062,5368000
2015-09-24,154.98203178761537,155.76476932189624,149.50286904764917,151.06834411621094,7520000
2015-09-25,150.2855919471154,152.63380432128906,147.1546421148838,152.63380432128906,5779000
2015-09-28,151.8510816504918,153.4165567190536,150.28560658193004,151.06834411621094,4026000
2015-09-29,149.5028754613733,149.5028754613733,144.02371248634913,145.5891876220703,9810000
2015-09-30,146.37191033870616,147.93738531559072,144.8064353618216,147.15464782714844,4250000
2015-10-01,148.72013886769614,151.85108915964764,147.93740129470825,150.28561401367188,5215000
2015-10-02,148.72015380859375,150.2856291118421,146.3719408537212,148.72015380859375,4687000
2015-10-05,149.50287644068402,151.85108915964764,149.50287644068402,150.28561401367188,2883000
2015-10-06,151.85111248190634,156.54753864114056,151.85111248190634,154.19932556152344,6781000
2015-10-07,153.41654439786586,161.24391911204268,153.41654439786586,160.461181640625,7561000
2015-10-08,159.67848220380765,162.80943283525485,159.67848220380765,161.24395751953125,5349000
2015-10-09,162.02665860887984,166.72308349609375,162.02665860887984,166.72308349609375,5377000
2015-10-13,165.94034601489145,170.63677090210535,165.1576085336891,166.72308349609375,7985000
2015-10-14,166.723082989878,167.50582046870372,164.37487055340085,165.15760803222656,6596000
2015-10-15,164.37489347637825,167.50584382830925,163.5921558883955,165.94036865234375,3480000
2015-10-16,166.7231142265852,169.85406472849292,166.7231142265852,168.28858947753906,6595000
2015-10-19,167.50582097729608,168.2885584584984,163.59213357128448,166.72308349609375,5904000
2015-10-20,165.94035295758928,165.94035295758928,161.24392787388393,164.3748779296875,7527000
2015-10-21,163.59213357128448,168.2885584584984,162.80939609008217,166.72308349609375,7341000
2015-10-22,165.94036893755475,168.28858170553903,165.94036893755475,167.50584411621094,4659000
2015-10-23,169.85406494140625,171.41954019432242,169.07132731494815,169.85406494140625,5175000
2015-10-26,170.63680256786435,172.20227782078052,169.85406494140625,169.85406494140625,2618000
2015-10-27,169.85405717072663,170.63679476137514,166.72310680813257,169.07131958007812,3899000
2015-10-28,169.07131958007812,170.63679476137514,167.5058443987811,169.07131958007812,4029000
2015-10-29,170.63677978515625,171.4195173071065,169.07130474125574,170.63677978515625,4460000
2015-10-30,169.85405799934455,173.7677459716797,169.07132040487753,173.7677459716797,13002000
2015-11-02,170.63677090210535,170.63677090210535,165.1576085336891,166.72308349609375,7871000
2015-11-04,167.50584323589618,169.0713184063251,161.24394255418042,162.80941772460938,7642000
2015-11-05,181.59510239723807,191.77069003156606,179.24688986623931,188.63973999023438,53294000
2015-11-06,187.8570182955995,192.55344375298947,187.0742807193678,191.7707061767578,26819000
2015-11-09,191.77069910110964,194.9016492905155,189.42248645905525,194.11891174316406,13868000
2015-11-10,190.9879611875953,193.33617382514768,189.42248609589367,192.55343627929688,10389000
2015-11-11,190.20522364174448,194.1189113709985,190.20522364174448,192.55343627929688,8199000
2015-11-12,190.98796860052613,193.33618132922115,187.8570182955995,191.7707061767578,9133000
2015-11-13,190.20524634233854,195.6844098172207,190.20524634233854,193.33619689941406,10854000
2015-11-16,187.85701063812758,192.55343590408077,187.07427309380205,190.9879608154297,8859000
2015-11-17,195.6843952887614,200.3808207756917,194.11892012645131,198.03260803222656,21174000
2015-11-18,200.38080699233717,207.42544473816153,199.59806946502334,204.29449462890625,21289000
2015-11-19,205.8599622304203,207.42543722837027,196.4671122427205,205.0772247314453,32845000
2015-11-20,201.94626747972612,205.85995483398438,200.3807925380228,205.85995483398438,8351000
2015-11-24,205.0772410150784,210.5564039429622,204.29450345395216,209.77366638183594,10049000
2015-11-25,209.77367357937794,210.5564111673607,205.0772480514814,207.4254608154297,8956000
2015-11-26,206.64273071289062,208.99094356190074,205.85999309655392,206.64273071289062,5183000
2015-11-27,205.85999309655392,207.42546832922733,205.07725548021722,206.64273071289062,3887000
2015-11-30,206.64273859945575,210.55642683050607,205.07726330703565,208.99095153808594,8932000
2015-12-01,210.55639687851345,212.90460948310653,208.99092180878472,212.1218719482422,10051000
2015-12-02,213.68736210365722,214.4700996937805,208.99093656291748,210.55641174316406,8093000
2015-12-03,212.1218734795902,220.7319864252562,211.33913593907508,218.38377380371094,18815000
2015-12-04,216.0355912081171,220.73201710394574,214.47011590950754,216.81832885742188,19027000
2015-12-07,219.9492488847411,221.5147239657713,216.03556118216565,218.38377380371094,8269000
2015-12-08,219.1664869767906,219.1664869767906,212.9045873488823,214.47006225585938,8149000
2015-12-09,211.33909805961278,216.8182598611583,207.42541105850884,216.0355224609375,7956000
2015-12-10,212.12189494862275,215.25284542756924,210.55641970914954,212.90463256835938,7310000
2015-12-11,212.1218877618963,216.03557572798294,211.33915016867897,215.25283813476562,7923000
2015-12-14,209.7736593436491,212.12187194824216,207.42544673905599,212.1218719482422,9069000
2015-12-15,212.12189402724758,212.12189402724758,205.07725548021722,206.64273071289062,7686000
2015-12-16,209.7736741530408,211.33914933328734,208.2081989727942,210.55641174316406,4595000
2015-12-17,212.90460987580127,214.47008494841748,211.3391348031851,213.68734741210938,7761000
2015-12-18,212.90462393130895,214.47009910727445,205.85998563946418,207.4254608154297,11574000
2015-12-21,204.29451786388051,208.20820594556403,201.94630501487038,206.64273071289062,6638000
2015-12-22,207.42547554399056,208.2082131875528,201.16357439549273,202.7290496826172,6469000
2015-12-24,203.5117322065699,206.64268193282481,198.03257018562377,198.8153076171875,9843000
2015-12-25,198.8153076171875,198.8153076171875,198.8153076171875,198.8153076171875,0
2015-12-28,195.68441089055713,204.29452496974164,195.68441089055713,202.7290496826172,10562000
2015-12-29,201.16357439549273,202.7290496826172,196.46714853411936,202.7290496826172,8654000
2015-12-30,202.72903412696454,204.29450929396813,200.38082137645915,201.16355895996094,7480000
2016-01-04,198.03258490183998,200.38079737103175,194.9016349429176,197.24984741210938,13793000
2016-01-05,198.03260975963664,208.9909359913952,196.46713458367114,207.4254608154297,21287000
2016-01-06,208.2081989727942,213.68736210365722,207.4254613826709,210.55641174316406,25513000
2016-01-07,219.1665335262523,221.51474638546216,208.9909444696763,212.90463256835938,47920000
2016-01-08,210.55640359749472,216.03556651638863,206.64271579828477,208.20819091796875,29986000
2016-01-12,207.42545157670975,209.77366423606873,196.46712583303452,200.3808135986328,26126000
2016-01-13,204.2945020822378,205.8599771939791,200.3808143028846,203.5117645263672,13109000
2016-01-14,199.59808319453666,200.3808207756917,192.55344496414122,198.03260803222656,16171000
2016-01-15,201.16355835684672,205.07724626262197,196.46713286991647,198.03260803222656,11610000
2016-01-18,191.7706994628906,197.2498623046875,189.42248681640623,195.68438720703125,7878000
2016-01-19,195.6843952887614,198.03260803222656,191.7707073829862,198.03260803222656,11443000
2016-01-20,198.03259057566953,198.03259057566953,189.42247794194478,190.20521545410156,8847000
2016-01-21,189.42250795244672,195.6844090417838,186.29155740777819,187.0742950439453,10343000
2016-01-22,191.77069177589263,194.90164184570312,190.2052167409874,194.90164184570312,8967000
2016-01-25,197.24986117003394,197.24986117003394,188.6397481824531,190.9879608154297,12099000
2016-01-26,188.6397703162796,190.20524558861385,185.50881977161106,187.0742950439453,9199000
2016-01-27,190.20523102429448,191.7707061767578,187.8570182955995,191.7707061767578,7163000
2016-01-28,189.4224853515625,192.5534355226627,186.2915351804623,189.4224853515625,7520000
2016-01-29,189.42248609589367,193.33617382514768,184.7260608207889,192.55343627929688,12827000
2016-02-01,195.68438182845426,205.07723215622008,194.11890677382664,204.29449462890625,12763000
2016-02-02,201.16355835684672,204.2945086814669,197.2498704510715,198.03260803222656,11788000
2016-02-03,194.90166358947755,194.90166358947755,185.50881233215333,187.85702514648438,15328000
2016-02-04,187.07427272323736,191.77069797988767,186.2915351804623,189.4224853515625,10558000
2016-02-05,192.55346096767468,213.6873774153463,190.98798567525458,208.99095153808594,31026000
2016-02-08,207.42542517446253,216.81827461632497,205.85995026748546,214.47006225585938,20046000
2016-02-09,206.64273071289062,211.33915641091087,203.51178024754378,206.64273071289062,14864000
2016-02-10,208.20818949854652,208.99092705305233,195.68438862645348,201.9462890625,17304000
2016-02-12,195.68438646270008,199.59807419195408,189.42248609589367,192.55343627929688,19682000
2016-02-15,198.0325991002525,201.1635492836557,186.29153591249047,192.55343627929688,25011000
2016-02-16,190.98795425844,199.59806695041885,188.63974170608213,194.90164184570312,12044000
2016-02-17,194.11891060821281,198.0325983220881,186.2915351804623,189.4224853515625,8742000
2016-02-18,195.6844098172207,197.2498850957585,190.20524634233854,193.33619689941406,9723000
2016-02-19,190.2052221218077,190.98795966140364,183.16058426544447,186.29153442382812,9852000
2016-02-22,184.72606576366343,186.2915408972538,178.46416522930195,180.8123779296875,10545000
2016-02-23,183.16056875455178,187.07425612110202,181.59509380793168,184.72604370117188,13459000
2016-02-24,181.5951154964827,181.5951154964827,176.1159525289164,180.8123779296875,10722000
2016-02-25,182.37786089140795,183.94333609219257,178.4641728894464,181.59512329101562,11469000
2016-02-26,185.50880333045862,188.63975359763936,180.8123779296875,180.8123779296875,8277000
2016-02-29,183.94331492823684,191.77069003156606,183.1605774179039,188.63973999023438,12386000
2016-03-01,187.07427272323736,190.9879604371126,184.7260600949122,189.4224853515625,9799000
2016-03-02,194.9016431023093,201.16354328230318,194.9016431023093,199.5980682373047,9943000
2016-03-03,197.24986407940202,203.5117645263672,197.24986407940202,203.5117645263672,6386000
2016-03-04,201.9462747355454,205.8599622304203,200.38079973759542,205.0772247314453,7775000
2016-03-07,206.642692304836,207.42542977568766,204.29447989228106,205.85995483398438,7928000
2016-03-08,205.0772247314453,207.42543722837027,201.16353723657042,205.0772247314453,8180000
2016-03-09,200.3808367519305,205.07726261330387,198.03262382124382,202.7290496826172,6399000
2016-03-10,206.64272322744694,207.4254608154297,203.5117728755159,207.4254608154297,4395000
2016-03-11,202.72900495057775,207.42542977568766,201.94626747972612,205.85995483398438,8430000
2016-03-14,207.42542977568766,208.99090471739098,204.29447989228106,205.85995483398438,5776000
2016-03-15,205.8599844609717,205.8599844609717,188.63975762393224,201.16355895996094,8512000
2016-03-16,201.94625734344243,203.5117322065699,198.8153076171875,198.8153076171875,3939000
2016-03-17,198.81532239157056,201.94627235049293,194.9016349429176,197.24984741210938,4894000
2016-03-18,197.249854398061,198.81532943296625,192.55342929334526,194.90164184570312,5287000
2016-03-22,197.2498623046875,199.59807495117187,193.33617456054688,195.68438720703125,5052000
2016-03-23,194.90165648168446,195.68439405791614,189.42249344806282,191.7707061767578,7098000
2016-03-24,190.20521545410156,192.55342799057195,188.63974042978796,190.20521545410156,4433000
2016-03-25,190.20522289433757,190.9879604371126,187.8570102660124,189.4224853515625,3943000
2016-03-28,190.98795296625835,191.77069047841516,187.07426540547436,190.20521545410156,12645000
2016-03-29,193.38856322506825,199.75526489502934,193.38856322506825,198.16358947753906,15704000
2016-03-30,198.1635759842297,198.95941363878487,192.59271240234375,192.59271240234375,6356000
2016-03-31,193.38856506347656,195.77607821240838,190.20521419823416,193.38856506347656,9205000
2016-04-01,191.796876825838,192.59271448901575,185.430175520416,186.22601318359375,9541000
2016-04-04,186.2259975368694,189.40934792211502,183.04264715162375,187.8176727294922,3779000
2016-04-05,188.6135429714037,189.40938070546025,183.0426788330078,183.0426788330078,5713000
2016-04-06,181.45100175573472,188.61354129872424,180.65516402873587,187.02186584472656,6122000
2016-04-07,187.02186584472656,188.61354129872424,183.83851493673123,187.02186584472656,6506000
2016-04-08,185.43018790037056,195.77607821240838,185.43018790037056,193.38856506347656,8541000
2016-04-11,192.59272642058085,197.3677526954713,190.20521328313563,195.7760772705078,5440000
2016-04-12,195.77609070553723,202.93863060939833,195.77609070553723,199.75527954101562,6555000
2016-04-13,202.14279103279114,204.530304312706,199.75527775287628,203.73446655273438,5619000
2016-04-14,205.32615620381122,206.91783183329815,202.93864275958086,206.1219940185547,6278000
2016-04-15,204.53031879986904,208.50950788157854,203.73448098352713,205.32615661621094,4238000
2016-04-18,199.75526397947283,203.73445250496033,199.75526397947283,200.5511016845703,4764000
2016-04-19,205.3261246481776,209.30531311035156,204.53028695574278,209.30531311035156,5498000
2016-04-20,210.10115080278638,212.48866388009077,208.50947541791678,209.30531311035156,6554000
2016-04-21,210.8969876282197,212.4886630065459,209.30531224989352,211.6928253173828,4132000
2016-04-22,209.30531224989352,212.4886630065459,208.50947456073044,211.6928253173828,5752000
2016-04-25,212.4886630065459,214.08033838487208,210.8969876282197,211.6928253173828,5572000
2016-04-26,214.08035210753718,221.24289176912765,212.48867662718374,215.67202758789062,14024000
2016-04-27,215.6720262562145,220.4470526677912,215.6720262562145,218.85537719726562,6988000
2016-04-28,221.2428924673995,222.8345679527765,212.48867729782617,214.08035278320312,11820000
2016-05-02,207.71365321501523,211.69284197392355,205.3261399596702,208.50949096679688,6144000
2016-05-06,207.71365252408114,210.10116577148438,204.53030152754351,210.10116577148438,4299000
2016-05-09,210.89702133060425,211.69285914694618,204.53031879986904,205.32615661621094,5761000
2016-05-10,206.91781546323355,208.50949096679688,203.73446445610688,208.50949096679688,4606000
2016-05-11,211.6928412697532,214.87619226629084,210.10116577148438,210.10116577148438,6948000
2016-05-12,207.71367006523664,209.30534569792044,203.73448098352713,205.32615661621094,7648000
2016-05-13,205.3261427991972,206.1219805619848,199.75527845968412,202.14279174804688,6993000
2016-05-16,201.34695327281952,206.91781759262085,200.5511155128479,203.73446655273438,4153000
2016-05-17,206.91780003304717,209.30531311035156,204.53028695574278,209.30531311035156,4018000
2016-05-18,207.7136515070883,214.08035346899138,207.7136515070883,212.48867797851562,4437000
2016-05-19,214.8761898477139,218.85537854859749,214.08035210753718,215.67202758789062,6567000
2016-05-20,214.08036686392393,218.0595558390898,214.08036686392393,216.46788024902344,4261000
2016-05-23,215.67202658548842,219.65121526787752,214.87618884901062,218.05953979492188,4797000
2016-05-24,216.46786432196626,218.8553775313997,215.67202658548842,218.05953979492188,3570000
2016-05-25,220.4470523336659,221.24289006772247,219.65121459960938,219.65121459960938,3613000
2016-05-26,221.2428921169705,221.2428921169705,214.08035244411892,214.87619018554688,4524000
2016-05-27,215.67202792697483,216.46786566840277,214.08035244411892,214.87619018554688,3320000
2016-05-30,214.87619121422927,215.67202895946716,210.10116474280196,212.48867797851562,9714000
2016-05-31,211.69284023327774,213.2845157237535,210.89700248803985,212.48867797851562,4465000
2016-06-01,211.69284197392355,211.69284197392355,206.91781546323355,208.50949096679688,5444000
2016-06-02,207.71367006523664,208.50950788157854,203.73448098352713,205.32615661621094,4922000
2016-06-03,207.71363830566406,210.1011513896372,204.53028752703318,207.71363830566406,7448000
2016-06-06,202.14277444306003,210.1011513896372,201.34693674840233,207.71363830566406,6038000
2016-06-07,208.50950746278505,209.30534527752852,204.5303183890678,206.1219940185547,3739000
2016-06-08,206.12199443255284,207.71367006523664,203.73448098352713,205.32615661621094,4135000
2016-06-09,206.12196291634862,209.3053136949795,205.32612522169092,207.71363830566406,4605000
2016-06-10,210.10116647036023,210.10116647036023,206.91781546323355,208.50949096679688,6200000
2016-06-13,204.5303061435897,204.5303061435897,198.16360400682427,199.75527954101562,6583000
2016-06-14,200.55111730811132,202.93863060939833,197.36776623972858,199.75527954101562,3687000
2016-06-15,199.75526458740234,201.34694000244139,198.16358917236326,198.9594268798828,5431000
2016-06-16,198.1635900953038,199.75526551775604,194.1844015391732,196.57191467285156,6043000
2016-06-17,198.95942812043478,202.93861668284347,194.98023955802608,195.7760772705078,8095000
2016-06-20,198.16358827131066,202.1427767908149,196.57191286350897,201.34693908691406,5737000
2016-06-21,201.34695507520698,201.34695507520698,194.98025293844154,199.75527954101562,7469000
2016-06-22,198.16359040795302,198.95942812043478,194.98023955802608,195.7760772705078,3449000
2016-06-23,196.57192956247638,198.95944287700038,194.18441624795236,197.36776733398438,3418000
2016-06-24,200.55110898225203,200.55110898225203,181.4510033648947,183.0426788330078,9379000
2016-06-27,185.430175520416,191.00103916266025,183.04266253088275,186.22601318359375,4043000
2016-06-28,183.8385001940605,187.0218508467715,180.6551495413495,186.22601318359375,2791000
2016-06-29,187.81768747538078,191.00103811055672,185.43017449899884,189.40936279296875,3679000
2016-06-30,191.79686071104922,191.79686071104922,187.0218351331808,187.8176727294922,4155000
2016-07-01,188.613526173127,189.40936383630475,185.430175520416,186.22601318359375,4129000
2016-07-04,184.63433709124473,191.00103837025316,184.63433709124473,188.613525390625,5947000
2016-07-05,187.81771514269772,195.7760929029815,187.02187736666934,194.98025512695312,6862000
2016-07-06,191.00105317566684,192.5927286187974,187.02186456784045,190.20521545410156,4371000
2016-07-07,198.16358947753906,199.75526489502934,195.77607635130366,198.16358947753906,9955000
2016-07-08,198.1635913613402,198.1635913613402,190.20521419823416,193.38856506347656,7385000
2016-07-11,193.38856506347656,193.38856506347656,193.38856506347656,193.38856506347656,0
2016-07-12,203.73445159313727,207.71364010081572,202.1427761900659,202.93861389160156,5485000
2016-07-13,206.12199443255284,208.50950788157854,204.53031879986904,205.32615661621094,5644000
2016-07-14,206.91780061100633,209.3053136949795,205.32612522169092,207.71363830566406,3148000
2016-07-15,207.71363949311848,208.50947719232582,203.73445099708172,204.53028869628906,5714000
2016-07-19,206.12196149324114,213.284500695709,205.32612380407807,211.6928253173828,7032000
2016-07-20,211.6928409216539,213.28451641730544,210.10116542600238,210.89700317382812,5414000
2016-07-21,213.28451436736046,218.85537854859749,212.48867662718374,215.67202758789062,5031000
2016-07-22,213.28451504051466,217.2637037539571,212.48867729782617,214.08035278320312,5972000
2016-07-25,213.28451641730544,213.28451641730544,208.50948993035084,210.89700317382812,5977000
2016-07-26,209.3053416351774,215.6720440423311,208.50950383428318,213.28453063964844,6830000
2016-07-27,212.48867662718374,218.05954080842076,212.48867662718374,215.67202758789062,6132000
2016-07-28,214.08035244411892,217.26370340983073,211.69283921983507,214.87619018554688,3131000
2016-07-29,215.67202792697483,216.46786566840277,210.10116373697917,214.87619018554688,7983000
2016-08-01,212.48867662718374,217.26370306824407,210.89700114683032,215.67202758789062,4820000
2016-08-02,214.0803541651312,214.87619191295695,210.89700317382812,210.89700317382812,2528000
2016-08-03,217.26370444994294,218.85537994041871,211.69284023327774,212.48867797851562,6459000
2016-08-04,212.48869283875425,214.87620624143688,210.8970172369658,213.28453063964844,4159000
2016-08-05,213.28450216826806,214.0803398629258,206.12196291634862,207.71363830566406,4430000
2016-08-08,208.50949096679688,211.69284197392355,205.3261399596702,208.50949096679688,5894000
2016-08-09,206.91781277126736,216.46786566840277,206.1219750298394,214.87619018554688,6242000
2016-08-10,212.4886630065459,214.08033838487208,211.6928253173828,211.6928253173828,2166000
2016-08-12,214.0803541651312,214.0803541651312,210.10116542600238,210.89700317382812,2215000
2016-08-15,211.69282618765595,212.48866388009077,208.50947541791678,209.30531311035156,1698000
2016-08-16,209.30534569792044,210.10118351426235,205.32615661621094,205.32615661621094,4448000
2016-08-17,205.32615620381122,207.7136696480416,204.5303183890678,206.1219940185547,2331000
2016-08-18,204.53030503640963,204.53030503640963,201.3469539852593,202.14279174804688,3645000
2016-08-19,202.93862879276276,206.91781759262085,201.34695327281952,203.73446655273438,4458000
2016-08-22,202.93861213771777,208.50947600032177,202.93861213771777,207.71363830566406,3304000
2016-08-23,207.71365391657903,210.10116717998798,206.12197840763972,206.91781616210938,3159000
2016-08-24,206.91780061100633,209.3053136949795,206.91780061100633,207.71363830566406,1394000
2016-08-25,206.91783183329815,207.7136696480416,205.32615620381122,206.1219940185547,2567000
2016-08-26,205.32614065317006,207.71365391657903,205.32614065317006,206.91781616210938,2732000
2016-08-29,210.10117943607162,214.08036844054266,209.3053416351774,213.28453063964844,3737000
2016-08-30,211.6928409216539,212.48867866947967,210.10116542600238,210.89700317382812,1841000
2016-08-31,213.2845157237535,214.08035346899138,211.69284023327774,212.48867797851562,2710000
2016-09-01,212.48867972570523,212.48867972570523,207.71365321501523,208.50949096679688,4837000
2016-09-02,206.91780179391114,206.91780179391114,202.93861329787438,204.53028869628906,3766000
2016-09-05,206.12197668687352,210.89700317382812,206.12197668687352,210.89700317382812,3365000
2016-09-06,209.3053276781766,211.6928409216539,208.50948993035084,210.89700317382812,2568000
2016-09-07,206.91781759262085,207.71365535259247,202.14279103279114,203.73446655273438,5720000
2016-09-08,205.32612699620864,206.91780239928005,202.1427761900659,202.93861389160156,4122000
2016-09-09,202.93861329787438,205.32612639549643,200.5511002002523,204.53028869628906,5502000
2016-09-12,200.5511016845703,202.14277709476534,198.95942627437532,200.5511016845703,2836000
2016-09-13,202.1427767908149,202.1427767908149,198.95942597521153,201.34693908691406,2479000
2016-09-14,200.55111730811132,201.34695507520698,198.95944177391993,199.75527954101562,2208000
2016-09-15,199.75527775287628,205.3261420726776,198.95943999290466,203.73446655273438,4925000
2016-09-16,203.73445099708172,205.32612639549643,202.93861329787438,204.53028869628906,1640000
2016-09-20,202.14280535084333,206.12199443255284,202.14280535084333,205.32615661621094,3188000
2016-09-21,203.73446445610688,208.50949096679688,203.73446445610688,208.50949096679688,4252000
2016-09-23,208.50949096679688,210.10116647036023,207.71365321501523,208.50949096679688,2322000
2016-09-26,205.32614065317006,208.50949167104866,205.32614065317006,206.91781616210938,2468000
2016-09-27,205.32613827137465,214.87619121422927,204.53030052613676,212.48867797851562,6145000
2016-09-28,210.8970166317368,212.24995060419124,209.46451830905508,212.0111846923828,4094000
2016-09-29,212.01118044181857,218.2982940673828,210.33991624083524,218.2982940673828,7452000
2016-09-30,215.9107683573388,218.77578906826608,214.08035127685102,217.66162109375,4714000
2016-10-03,219.6512013507297,221.48161831383695,216.30867335449005,221.00413513183594,6328000
2016-10-04,221.16332933653837,228.5646357691591,220.36749150208732,224.82418823242188,10051000
2016-10-05,225.22207094294941,233.8171084584653,225.22207094294941,233.02127075195312,12110000
2016-10-06,233.89669952537457,234.77212586907396,228.56460140836853,233.18045043945312,8375000
2016-10-07,234.69252149133465,235.80668935989598,233.18043479207012,234.3741912841797,5103000
2016-10-11,234.0558904775254,238.194232264446,234.0558904775254,236.76173400878906,4350000
2016-10-12,235.56796507519874,238.59213869580768,233.89670100610863,235.72714233398438,6558000
2016-10-13,236.2842397186917,238.35342287147864,234.37423384190473,235.80673217773438,5018000
2016-10-14,235.48837432815552,236.6025422685164,232.38461210606462,234.77212524414062,4546000
2016-10-17,233.8967147653838,236.28422806537827,233.26005426686842,236.0454864501953,2909000
2016-10-18,234.69259609432967,237.23928713517566,234.05593547764104,237.15969848632812,2820000
2016-10-19,236.52299239519326,237.47798313661752,235.17005848604092,236.76173400878906,3821000
2016-10-20,234.6925487079685,242.33259600087214,233.18046183335153,241.93467712402344,7860000
2016-10-21,241.13884028283516,241.93467803954417,236.12507213038464,237.08006286621094,5975000
2016-10-24,237.95553614426296,240.74096884160383,237.47802853873824,237.5576171875,3596000
2016-10-25,238.59218074538745,240.3430337524414,237.23927095543127,238.75135803222656,3116000
2016-10-26,238.51258893926467,238.59215328648332,233.81712667538326,234.8517303466797,5691000
2016-10-27,237.15963623855288,241.53674361879465,236.20462127713895,240.34298706054688,6750000
2016-10-28,239.9450984734149,241.53677408517885,239.54717957047393,240.74093627929688,6978000
2016-10-31,240.34301462003987,247.9034736892133,240.34301462003987,246.31179809570312,9218000
2016-11-01,245.1179822728804,245.1179822728804,237.79626659407074,239.94503784179688,7804000
2016-11-02,236.28425592655805,239.5471960120378,234.21507263183594,234.21507263183594,6913000
2016-11-04,250.68888770876907,255.86183301069605,248.30137449249506,252.67848205566406,13230000
2016-11-07,255.46393054780506,255.86184944273933,247.10763375418526,250.68890380859375,8235000
2016-11-08,251.08685135318194,255.46395969689826,250.29101347250622,253.87228393554688,4783000
2016-11-09,253.47430920127212,254.27014690677063,236.28420990509667,240.34298706054688,9821000
2016-11-10,252.28056235313414,255.86183216571808,251.4847246170044,254.66807556152344,8502000
2016-11-11,259.44314276903197,267.0036024509516,257.4535481158952,264.6160888671875,13700000
2016-11-14,265.4118932424313,271.77859532920627,264.6160554815844,270.9827575683594,8228000
2016-11-15,272.1765164088775,275.35986747798717,266.2077331542969,266.2077331542969,6470000
2016-11-16,269.39108422340655,270.18692199068397,263.8202198524646,266.2077331542969,6171000
2016-11-17,266.20770222800115,268.59521525246754,263.4222703661237,267.4014587402344,5011000
2016-11-18,269.39105265359854,270.1868903276121,267.79937730557134,268.1972961425781,3813000
2016-11-21,268.197327941254,268.5952468254398,263.82022021520976,265.4118957519531,4268000
2016-11-22,264.2181080409459,268.1972964150565,263.8201892035348,267.4014587402344,4075000
2016-11-24,268.1973268415386,268.993164606647,264.61605689855065,267.7994079589844,4720000
2016-11-25,267.7994086888517,268.9931653397678,265.0139765033807,266.2077331542969,5409000
2016-11-28,263.42230025088804,268.1973268415386,263.0243813683338,267.7994079589844,4091000
2016-11-29,274.96191301468616,283.71612732195547,273.76815651824035,278.145263671875,14108000
2016-11-30,275.35983082125176,282.1244509425831,275.35983082125176,281.32861328125,7275000
2016-12-01,282.5224312844425,284.11410695365066,276.9515664422141,280.9307556152344,7936000
2016-12-02,280.93066432296297,282.9202582629273,277.3493952310272,279.7369079589844,6733000
2016-12-05,276.9515386143804,277.74737636901943,273.3702687185048,275.7577819824219,6889000
2016-12-06,280.5328388871818,280.5328388871818,274.16613616066417,276.9515686035156,7117000
2016-12-07,278.54321341603526,278.94113229234387,275.3598624055663,277.3494567871094,4597000
2016-12-08,278.54321100205476,283.31823747637566,274.1661034005939,282.9203186035156,6225000
2016-12-09,280.93072423921524,283.71615634923575,278.54321100205476,282.9203186035156,6134000
2016-12-12,283.31820743458275,283.71612626524933,279.73693795858384,281.32861328125,5025000
2016-12-13,278.54321151129943,283.3182379943503,278.14529263771186,281.7265625,4149000
2016-12-14,280.13488927607915,281.32864590651695,275.7577816311404,276.5536193847656,5550000
2016-12-15,278.1452974159812,279.736972937675,267.7994065249719,270.9827575683594,9054000
2016-12-16,271.3806460212259,274.5639967076919,270.5848083496094,270.5848083496094,7298000
2016-12-19,267.401489805213,268.59524645612913,260.2389498997162,266.2077331542969,9114000
2016-12-20,266.20770222800115,267.4014587402344,262.6264326913016,267.4014587402344,6858000
2016-12-21,265.41189667393434,267.0035722162068,262.2285455893894,263.42230224609375,6512000
2016-12-22,264.2180787053403,267.00351025795686,263.42224111887845,263.8201599121094,5701000
2016-12-26,264.2181081757638,271.7785660904317,263.42227050053555,267.0035400390625,6116000
2016-12-27,268.59524305476697,275.7577828695608,268.59524305476697,273.7681884765625,7422000
2016-12-28,273.7682168080677,278.5432438454177,273.7682168080677,277.7474060058594,6936000
2016-12-29,274.9619461909767,275.7577839512979,270.18691962904944,271.38067626953125,4515000
2016-12-30,270.58480781421326,273.3702396593596,269.39105130915055,272.1764831542969,3923000
2017-01-04,273.7681261390914,281.32858311095583,272.5743697751128,279.7369079589844,6170000
2017-01-05,280.5328083313164,280.5328083313164,274.564025175331,276.15570068359375,4723000
2017-01-06,272.9723494934521,278.14529489201607,272.1765117398269,276.5536193847656,7044000
2017-01-10,276.9515387915462,277.3494576691203,271.77859338308343,275.35986328125,4068000
2017-01-11,275.75775029109076,280.5327762701572,275.75775029109076,279.3390197753906,5869000
2017-01-12,280.9307254444469,282.12448206814855,276.55361782420766,280.1348876953125,7483000
2017-01-13,280.9307245811387,286.10366993461577,280.9307245811387,282.1244812011719,8936000
2017-01-16,282.1244818937694,284.5119951396969,278.9411308991994,280.5328063964844,6534000
2017-01-17,284.5119922246959,292.86828849982686,281.72656013298564,287.29742431640625,12789000
2017-01-18,289.68496852245147,290.082887435257,281.72659026634017,286.8995361328125,9062000
2017-01-19,290.0828526029651,297.2453921734087,290.0828526029651,296.4495544433594,7269000
2017-01-20,294.85784814322744,299.2349552006842,293.6640916730119,298.04119873046875,4745000
2017-01-23,298.04125956217445,300.8266918945312,293.2662327067057,298.4391784667969,7527000
2017-01-24,298.0411972867988,307.98916782374135,297.2453596438434,302.81622314453125,12813000
2017-01-25,309.58087064781967,313.1621403596839,307.19335750657683,311.9683837890625,11018000
2017-01-26,313.95803879540335,315.15179559690677,310.7746873247275,313.1622009277344,8129000
2017-01-27,313.1621403596839,313.5600592165577,310.37670836156724,311.9683837890625,6938000
2017-01-30,307.9891961497329,310.77462815625506,305.99960185936,309.58087158203125,6227000
2017-01-31,307.19339088728407,310.7746609883016,304.4079585864926,305.20379638671875,7830000
2017-02-01,304.01003909420655,306.79547138957236,300.0308501008269,306.3975524902344,6792000
2017-02-02,307.9892276902273,309.97882218435024,305.9996331961044,307.1933898925781,8155000
2017-02-03,312.36633281368034,320.72262961506544,311.5704950230722,312.7642517089844,13826000
2017-02-06,318.3350527196898,325.4975914058829,315.94753982429216,317.5392150878906,10990000
2017-02-07,316.7433774560914,318.3350527196898,311.17251403349684,317.5392150878906,8670000
2017-02-08,317.14135703992787,321.51846485352786,314.7538436870551,317.93719482421875,4943000
2017-02-09,315.15179351346575,318.3351449630967,312.7642799262425,316.74346923828125,4473000
2017-02-10,322.3142695690873,323.5080261230469,318.7329999072086,323.5080261230469,6447000
2017-02-13,325.49762007824484,325.8955389291962,322.31426927063364,324.3038635253906,5774000
2017-02-14,324.70178267700646,328.68097119020507,323.11010727172703,323.5080261230469,7048000
2017-02-15,327.48724496130853,329.07892051397585,323.50805607964014,324.7018127441406,5866000
2017-02-16,325.4976486686356,329.47683752766534,322.7122164673147,328.6809997558594,6612000
2017-02-17,326.29345673424194,329.07888868197324,325.49761903489014,327.08929443359375,3928000
2017-02-20,325.4976495889159,327.885162911084,322.3142984926918,326.69140625,3498000
2017-02-21,327.08932607314165,327.08932607314165,323.90597496780697,324.7018127441406,3162000
2017-02-22,324.3038629291986,326.293457180298,322.31426867809927,325.8955383300781,5815000
2017-02-23,326.69137603051786,328.2830514313974,323.90594407897873,325.8955383300781,3370000
2017-02-24,323.9059449743668,326.2934580822859,321.5184318664476,323.5080261230469,3828000
2017-02-27,320.72259386682805,325.8955389291962,319.52883731397384,324.3038635253906,6984000
2017-02-28,326.293487362972,329.4768384591961,325.89556847594395,326.69140625,8318000
2017-03-01,326.2934546949761,333.853912791567,325.4976170005981,332.66015625,9117000
2017-03-02,338.23101678743905,345.3935559664672,338.23101678743905,341.8122863769531,10493000
2017-03-03,343.40396217987916,344.5977187112113,339.42477374210534,340.6185302734375,5227000
2017-03-06,343.00604333610175,343.00604333610175,339.42477374210534,340.6185302734375,5127000
2017-03-07,337.4351809526448,339.0268563344969,335.84350557079273,336.63934326171875,5627000
2017-03-08,336.63934413364956,337.83310067313056,333.0580745152065,334.2518310546875,5812000
2017-03-09,336.6394053854925,338.23108106107406,332.6602161965387,334.6498107910156,5594000
2017-03-10,335.44558701357005,336.6393435509849,333.8539116303503,335.843505859375,5704000
2017-03-13,333.4560241699219,335.84353746946783,331.86434863689124,333.4560241699219,4602000
2017-03-14,334.2518617541344,335.8435372862969,333.4560239880531,333.85394287109375,3247000
2017-03-15,332.2623023893548,332.2623023893548,324.30392388901095,325.4976806640625,5768000
2017-03-16,329.8747797766397,342.21026611328125,328.28310412029884,342.21026611328125,14228000
2017-03-17,339.82272392658456,343.0060749703933,337.435210643728,338.62896728515625,7048000
2017-03-21,338.23104804733293,341.4143990877784,335.84353476699886,339.4248046875,4517000
2017-03-22,332.2623306476883,333.85400648312634,328.68106001795275,329.87481689453125,6007000
2017-03-23,329.8747562283905,331.06851288542924,327.88516179999243,329.07891845703125,4921000
2017-03-24,326.69143834219517,329.0789518988982,323.11016800714066,323.906005859375,7814000
2017-03-27,319.52884254992847,319.52884254992847,309.5808711131312,310.7746276855469,11838000
2017-03-28,316.3454586401918,321.1204844309871,314.75378337659333,317.5392150878906,8329000
2017-03-29,325.60888082330877,326.8193227594549,319.1531904971961,319.5566711425781,4828000
2017-03-30,317.9427866785023,322.38107430980114,317.9427866785023,319.1532287597656,4921000
2017-03-31,321.57407344818114,326.8193218231201,321.57407344818114,322.7845153808594,8928000
2017-04-03,325.2054127686147,329.2402193786471,321.5740868195855,328.4332580566406,9828000
2017-04-04,332.064599737158,333.2750417775121,322.78454409444277,327.6263122558594,12275000
2017-04-05,330.85413844455167,340.9411548605441,328.8367351613532,339.730712890625,15951000
2017-04-06,341.3446747154318,344.5725203392184,334.48550276488527,337.7133483886719,13619000
2017-04-07,338.9237365722656,340.5376591273716,331.6610850742885,338.9237365722656,10412000
2017-04-10,340.1341848586337,343.7655106756298,338.1167816269692,343.3620300292969,6909000
2017-04-11,340.5377119256195,343.3620768349552,334.88898210694805,340.9411926269531,7214000
2017-04-12,333.67849779650476,335.6959010479951,329.24021064322596,332.0645751953125,7959000
2017-04-13,331.2575600164399,336.5028076171875,329.6436376777484,336.5028076171875,10093000
2017-04-14,338.92372149556235,342.95852770384283,335.2923959081099,338.11676025390625,8587000
2017-04-17,335.29249615088304,336.5029383752545,332.06465021922594,334.48553466796875,6362000
2017-04-18,337.71338059962585,340.53774578982586,331.6611694777688,334.48553466796875,5008000
2017-04-19,332.06455973307294,334.081962890625,329.64367594401045,332.87152099609375,5543000
2017-04-20,332.87152873659596,336.50285450463156,332.0645674548103,332.4680480957031,6093000
2017-04-21,334.8889310543354,336.09937297380884,332.06456657556384,335.6958923339844,5418000
2017-04-24,338.9237515773456,340.53767420390443,337.3098289507868,339.730712890625,4614000
2017-04-25,338.9237124794408,345.7828828510485,337.7132706491571,344.9759216308594,8583000
2017-04-26,347.39684233984826,350.22120691171693,345.3794390742278,349.41424560546875,6917000
2017-04-27,359.50122740210554,365.14995600326097,352.6420569578454,363.93951416015625,16556000
2017-04-28,360.7116692452103,365.14995600326097,358.2907855590008,363.93951416015625,9839000
2017-05-01,365.14996990886834,372.00914061433883,365.14996990886834,369.5882568359375,6905000
2017-05-02,369.18482163373164,371.2022250306373,367.5708989162071,370.395263671875,5746000
2017-05-08,374.4300009776251,375.23696218662866,368.78127251460063,370.7986755371094,8345000
2017-05-09,370.39519493260764,372.00911735061464,367.9743113055971,370.7986755371094,5681000
2017-05-10,373.62310615328073,379.271835619961,371.20222209613206,378.4648742675781,6807000
2017-05-11,377.2543801797403,378.06134142076644,370.7986902515308,373.2195739746094,8391000
2017-05-12,374.4300848890693,374.4300848890693,367.57091307536865,372.816162109375,6608000
2017-05-15,369.99171373682117,374.83348098310455,368.78127192525034,374.0265197753906,5425000
2017-05-16,375.23698565220724,376.44742754140793,368.3778149467368,369.5882568359375,5572000
2017-05-17,366.7639465332031,370.79875342575764,365.15002377618134,366.7639465332031,6252000
2017-05-18,361.9221657903909,363.1326078164457,356.67691701082003,359.50128173828125,5799000
2017-05-19,359.097748494743,359.90470972731543,354.25598109930826,355.8699035644531,5971000
2017-05-22,358.6943054199219,359.90474739546715,356.6769021273464,358.6943054199219,5036000
2017-05-23,361.51866459003213,378.06137134024567,360.7117032851437,376.44744873046875,12799000
2017-05-24,378.464850531684,382.4996570405506,376.8509279281374,381.2892150878906,8022000
2017-05-25,383.3066366932875,395.4110567993913,382.49967535288056,394.6040954589844,10726000
2017-05-26,392.99010545962324,393.7970666617991,387.74485764548047,388.55181884765625,5003000
2017-05-29,386.13099643361204,390.16580308391104,384.11359310846257,386.9379577636719,4122000
2017-05-30,392.58669210796705,396.6214988100017,388.95536607613593,394.6040954589844,8713000
2017-05-31,393.3936741710551,401.0598073087475,392.9901934795976,399.849365234375,6030000
2017-06-01,401.0597817600364,409.12939507512766,400.6563010942818,407.5154724121094,6759000
2017-06-02,418.81292777734757,426.88254102931955,413.97115982616435,417.1990051269531,11027000
2017-06-05,415.5850809071762,422.84773280652485,414.7781195850263,422.040771484375,4739000
2017-06-06,418.0059648736257,423.6546941286747,417.19900355147587,422.040771484375,6943000
2017-06-07,419.6198869977678,425.2686162458147,418.00596435546873,423.6546936035156,5177000
2017-06-08,423.6546622782889,428.49642984718366,422.040739755324,426.88250732421875,6557000
2017-06-09,443.02174311098844,446.2495882338372,436.566052865291,445.442626953125,11348000
2017-06-12,429.30339151632177,436.5660428765603,422.84770141833195,425.2685852050781,8002000
2017-06-13,418.0059362911484,418.8128975581197,412.35720742234906,415.5850524902344,7853000
2017-06-14,417.1990083902189,423.65469904229195,404.2876270860729,407.5154724121094,10164000
2017-06-15,406.7084965800859,407.5154578828242,400.65628680954893,405.0945739746094,5457000
2017-06-16,405.90149764478986,406.7084588727119,397.83188536556935,402.2701721191406,10609000
2017-06-19,407.51544022885446,414.77809163887366,403.4806338899549,413.97113037109375,6872000
2017-06-20,422.0407413768219,423.65466390598755,416.3920125247421,420.42681884765625,5962000
2017-06-21,417.198975024177,420.4268200920623,413.9711299562917,415.5850524902344,4510000
2017-06-22,411.5502168246946,414.7780616625353,409.9362944057742,410.7432556152344,5030000
2017-06-23,413.1641544117647,415.58503812902114,409.1293482163373,411.55023193359375,3637000
2017-06-26,414.77809122326306,416.3920137572057,412.35720742234906,415.5850524902344,3437000
2017-06-27,418.00598203673843,418.81294339202174,405.90156170748924,416.3920593261719,4827000
2017-06-28,413.9711630641824,414.7781243956915,406.70851108060026,407.5154724121094,4677000
2017-06-29,411.55027906965506,411.55027906965506,402.67370442305463,407.5154724121094,6219000
2017-06-30,403.0771712036133,404.2876131591797,400.252806640625,403.48065185546875,6967000
2017-07-03,402.6736900663946,408.32241918556247,402.6736900663946,405.0945739746094,2804000
2017-07-04,405.9015073307225,408.3223910722576,392.9901273758685,393.7970886230469,7448000
2017-07-05,389.7622734138973,401.86669184290025,386.53442849949647,400.65625,7501000
2017-07-06,397.83194688694783,401.4632729741512,396.21802418152413,399.0423889160156,4404000
2017-07-07,393.3936083758319,395.81449211968317,391.3762052559558,392.18316650390625,5041000
2017-07-10,396.6214511365776,402.67366046216114,396.217970514872,401.86669921875,4916000
2017-07-11,401.46320170644225,410.7432556152344,398.2353568686015,410.7432556152344,5309000
2017-07-12,410.7432650123221,415.5850323798544,401.8666915051796,402.2701721191406,6883000
2017-07-13,405.09458841758203,407.5154724121094,402.2702237573001,407.5154724121094,2849000
2017-07-14,410.7432848884064,417.198975024177,409.93632362143506,415.5850524902344,5011000
2017-07-17,415.5850524902344,415.5850524902344,415.5850524902344,415.5850524902344,0
2017-07-18,415.5850524902344,418.0059362911484,412.35720742234906,415.5850524902344,3437000
2017-07-19,417.19898916391224,421.2337956355168,413.9711439866286,419.619873046875,5211000
2017-07-20,422.0407550696171,426.8825228142016,421.233793778853,426.0755615234375,5994000
2017-07-21,426.88249329314834,431.7242607029005,420.4268034134788,421.2337646484375,7023000
2017-07-24,419.6198707436616,429.30340622236145,416.39202558409494,427.6894836425781,6892000
2017-07-25,428.49646153041294,429.30342285156246,422.0407709612165,423.6546936035156,4039000
2017-07-26,427.6895023545168,427.6895023545168,413.16419850096713,417.1990051269531,5143000
2017-07-27,418.00595235824585,418.00595235824585,409.93633937835693,413.1641845703125,5145000
2017-07-28,409.12942113789734,410.7433439037273,398.63892316000255,399.849365234375,7418000
2017-07-31,400.2527767319277,405.90150543580575,396.6214511365776,401.86669921875,5064000
2017-08-01,401.0597625639096,402.27020450323727,394.6040722208285,395.81451416015625,4939000
2017-08-02,395.8145435051682,399.8493502687275,394.20062079974446,399.0423889160156,4493000
2017-08-03,443.82874615424504,455.93316650390625,432.53128716122785,455.93316650390625,35158000
2017-08-04,466.4236132478061,478.52803227672837,465.61665197921127,471.265380859375,28279000
2017-08-07,476.1071888316761,490.6324928977273,474.49326615767046,488.21160888671875,16787000
2017-08-08,489.01850979974785,491.43939351162777,482.5628199014013,484.98370361328125,6610000
2017-08-09,480.1418897840712,494.6671906514885,479.33492862477027,493.8602294921875,12912000
2017-08-10,500.3160562623455,511.61351559730167,493.86036521379907,497.8951721191406,11127000
2017-08-11,497.89517211914057,497.89517211914057,497.89517211914057,497.8951721191406,0
2017-08-14,493.8603371305419,493.8603371305419,479.33503309729065,491.439453125,8783000
2017-08-15,485.79068074816445,488.21156453926824,480.1419519022556,482.5628356933594,7734000
2017-08-16,484.98370469037224,485.7906659294577,479.33497601677385,480.1419372558594,3488000
2017-08-17,477.7210391287077,479.33496155819654,472.879271840241,476.10711669921875,5146000
2017-08-18,473.68626424639706,476.91410931792274,470.4584191748713,472.8793029785156,5269000
2017-08-21,480.94886870457077,481.7558298936724,471.26533443535124,475.3001403808594,4516000
2017-08-22,471.26533443535124,476.91406275906263,471.26533443535124,475.3001403808594,3361000
2017-08-23,484.17672884666314,484.17672884666314,473.68623305498545,476.10711669921875,4427000
2017-08-24,472.07240201989,478.52809298768335,472.07240201989,474.4932861328125,4426000
2017-08-25,473.6863235267433,479.33505310883396,471.2654394201331,477.72113037109375,3130000
2017-08-28,479.3350219726562,481.7559059220131,474.4932540739425,479.33502197265625,3024000
2017-08-29,476.9140926573369,479.33497637640966,474.4932089382641,478.52801513671875,3565000
2017-08-30,478.52798487732656,478.52798487732656,471.265334179357,476.9140625,4920000
2017-08-31,476.9141980369619,484.1768507989461,476.10723661896367,480.9490051269531,4948000
2017-09-01,483.3697689095724,483.3697689095724,468.8444670057789,469.65142822265625,6822000
2017-09-04,468.0375215467805,469.65144403487284,463.19575408250347,467.2305603027344,4057000
2017-09-05,469.65152232738325,472.0724064630914,462.38886992025874,463.1958312988281,4479000
2017-09-06,458.35398661822643,470.45840527891903,457.5470253741803,467.2305603027344,4760000
2017-09-07,468.84456094881386,470.45848370595263,459.1610244059812,463.1958312988281,4128000
2017-09-08,458.35401892368736,464.80970933106323,457.5470576227654,459.1609802246094,5439000
2017-09-11,464.80969029970134,473.68626424639706,463.19576776393853,472.8793029785156,8554000
2017-09-12,476.9140948559865,476.9140948559865,467.2305599350527,468.844482421875,4379000
2017-09-13,475.30018234252935,491.4394075494064,474.49322108218547,490.6324462890625,8256000
2017-09-14,501.1229544433594,514.0343349121093,493.0533416503906,504.3507995605469,14898000
2017-09-15,505.15774497256916,507.57862873441854,499.50901619492066,506.77166748046875,7467000
2017-09-18,506.77166748046875,506.77166748046875,506.77166748046875,506.77166748046875,0
2017-09-19,508.38557451063195,508.38557451063195,496.28115606990264,507.57861328125,6122000
2017-09-20,505.96469184789765,506.771653078915,501.12292446179333,502.7368469238281,4026000
2017-09-21,504.3508022488816,505.15776353247986,491.4394217113103,494.6672668457031,5437000
2017-09-22,494.667313522589,496.2812362420754,484.98377720567044,492.2464294433594,4855000
2017-09-25,493.86022909585535,497.89503488912214,488.2115009852818,497.08807373046875,4147000
2017-09-26,489.82547139723437,490.63243263512106,472.8792854016134,483.3697814941406,8892000
2017-09-27,485.79075788692813,493.0534104134769,480.94898953589563,481.7559509277344,4428000
2017-09-28,489.82548305671963,503.5438244273362,489.0185217996246,498.7020568847656,7733000
2017-09-29,496.28117311348035,500.31597939895585,493.0533280851,498.7020568847656,4661000
2017-10-02,495.47427488233217,497.0881976018186,490.6325067238729,492.2464294433594,3657000
2017-10-03,499.50901393890376,517.2621614456176,495.4742076873779,516.4552001953125,12700000
2017-10-04,514.0343502154366,515.6482728220784,502.73689196894344,505.15777587890625,8225000
2017-10-05,509.99952632874016,522.9109067421259,508.38560377706693,512.42041015625,8621000
2017-10-06,515.6481919530349,525.3317260742188,510.8064248924431,525.3317260742188,8963000
2017-10-09,525.3317260742188,525.3317260742188,525.3317260742188,525.3317260742188,0
2017-10-10,528.5595399351251,539.0500346208604,523.7177731570935,526.9456176757812,7494000
2017-10-11,526.9457801021747,541.4710849135669,521.2970504532999,540.6641235351562,11198000
2017-10-12,541.4710393201432,547.9267298038409,536.6292714573699,539.8571166992188,7001000
2017-10-13,537.4362317747028,545.5058448644131,531.7875026119057,543.0849609375,8167000
2017-10-16,535.8222827707539,537.43620530922,518.0691348476264,528.5596313476562,13989000
2017-10-17,527.752652470937,540.6640323479019,524.5248075016958,539.0501098632812,8808000
2017-10-18,536.6293873506434,536.6293873506434,519.6831961711493,521.297119140625,8239000
2017-10-19,522.91082726227,526.138671875,518.8760214963573,526.138671875,4762000
2017-10-20,516.4551531298004,526.138687250984,514.0342695995043,525.3317260742188,4848000
2017-10-23,529.3666081326453,530.9805307184155,523.7178790824494,527.752685546875,5439000
2017-10-24,527.752639282784,530.1735229492188,522.9108719499144,530.1735229492188,4851000
2017-10-25,536.6292569730375,547.9267150145752,535.8222956843563,537.4362182617188,10280000
2017-10-26,541.4709621169093,550.3475352663668,537.4361561398831,543.891845703125,7100000
2017-10-27,548.7337477189781,553.5755160812043,540.6641337819343,552.7685546875,6792000
2017-10-30,556.8032991938044,563.2589896192399,550.347608768369,555.996337890625,8763000
2017-10-31,555.9963534155557,566.4868506498115,553.5754694384198,555.1893920898438,6294000
2017-11-01,557.6103000694598,573.7495272784166,552.7685319067726,572.9425659179688,8996000
2017-11-02,578.5912466274056,583.4330143816097,568.907711118997,581.819091796875,8697000
2017-11-03,581.819091796875,581.819091796875,581.819091796875,581.819091796875,0
2017-11-06,509.1925552769711,513.2273615786904,469.65145352012235,490.6324462890625,61493000
2017-11-07,493.0533159862144,493.8602772235077,476.9140912403481,484.98370361328125,29462000
2017-11-08,480.9490037027995,486.59773361206055,472.8793895467122,484.1768493652344,14581000
2017-11-09,484.98371746665555,503.54382645456417,478.5280273839047,490.6324462890625,31139000
2017-11-10,484.1768507989461,488.21165788893734,478.5281208729584,480.9490051269531,15679000
2017-11-13,480.94893335510994,481.75589465268564,465.6166687011719,465.6166687011719,14089000
2017-11-14,460.77488396029423,476.91410931792274,456.7400776208871,472.8793029785156,15621000
2017-11-15,471.2653834202906,472.07234469327057,459.9679255985713,461.58184814453125,14134000
2017-11-16,459.96793961814205,468.8445138914746,456.74009442783927,465.6166687011719,9169000
2017-11-17,480.14195567163927,481.755878211712,467.2305753510574,468.03753662109375,12387000
2017-11-20,472.0724281311035,490.6325406901041,470.45850529988604,484.1768493652344,16362000
2017-11-21,486.5975646972656,492.24629264565846,482.5627590198422,486.5975646972656,10896000
2017-11-22,489.8255453641297,493.86035216284574,484.98377720567044,492.2464294433594,10533000
2017-11-23,492.2464294433593,492.2464294433593,492.2464294433593,492.2464294433594,0
2017-11-24,488.21165644327795,491.43950210571285,484.1768493652344,484.1768493652344,7689000
2017-11-27,484.17671319796955,485.7906355752961,473.6862177453469,476.9140625,10968000
2017-11-28,478.5280003434521,478.5280003434521,472.0723106254966,476.10711669921875,7444000
2017-11-29,476.107101569961,479.3349463263675,471.26533443535124,475.3001403808594,7390000
2017-11-30,476.91413802329936,480.1419832891085,472.87933144103795,479.33502197265625,11755000
2017-12-01,479.33497637640966,481.75586009548243,472.0723252191913,478.52801513671875,8185000
2017-12-04,476.91412447095934,480.1419696450437,472.87931800335394,473.686279296875,5175000
2017-12-05,468.8444978911301,470.45842043120285,456.7400788405846,468.03753662109375,12117000
2017-12-06,464.809710812611,465.6166721161051,453.5122525636934,454.3192138671875,10305000
2017-12-07,456.7400805066515,463.19577069049114,454.31919668771167,461.58184814453125,5570000
2017-12-08,459.1609647516619,461.5818485728481,455.1261583830181,459.9679260253906,9220000
2017-12-11,462.3888254282973,462.3888254282973,455.12617371999943,459.1609802246094,6412000
2017-12-12,459.96797328712665,460.77493464377073,453.512282433974,455.93316650390625,8623000
2017-12-13,452.7052320975357,454.31915449360537,443.02169772111785,444.6356201171875,14869000
2017-12-14,439.7939303342034,443.02177569445445,435.7591236338896,438.9869689941406,12848000
2017-12-15,434.14517166702836,440.6008619520399,429.30340395326965,435.75909423828125,13265000
2017-12-18,440.60087314242736,451.091370122009,435.7591053056974,449.4774475097656,9683000
2017-12-19,444.63569837458,445.44265971464273,438.9869689941406,438.9869689941406,7727000
2017-12-20,438.18006472811373,447.056640625,435.75918039259926,447.056640625,7874000
2017-12-21,447.0565456457305,460.77488729911937,446.2495843720018,459.9679260253906,10253000
2017-12-22,458.3540174932065,465.6166691788383,455.9331335979959,464.00274658203125,9092000
2017-12-25,465.6166711232019,466.4236324249752,455.9331355019221,457.54705810546875,6278000
2017-12-26,452.7052932326858,454.3192158467061,446.2496027766047,447.863525390625,8298000
2017-12-27,447.0565621357404,456.74009777766986,446.2496008322463,454.3192138671875,4997000
2017-12-28,455.9331515156631,459.16099683612794,452.7053061951982,455.1261901855469,5599000
2017-12-29,451.89840851927835,455.93321573820043,447.8636013003562,448.6705627441406,4937000
2018-01-01,448.6705627441406,448.6705627441406,448.6705627441406,448.6705627441406,0
2018-01-02,448.6705627441406,448.6705627441406,448.6705627441406,448.6705627441406,0
2018-01-03,448.6705627441406,448.6705627441406,448.6705627441406,448.6705627441406,0
2018-01-04,456.7400788405846,468.8444978911301,454.3191950304755,468.03753662109375,12874000
2018-01-05,473.68623305498545,477.7210391287077,471.26534941075215,476.10711669921875,10617000
2018-01-08,476.10711669921875,476.10711669921875,476.10711669921875,476.10711669921875,0
2018-01-09,481.755858664108,485.79066485057456,478.5280137149348,484.98370361328125,12401000
2018-01-10,480.1419361895214,488.21154856245454,476.1071300030548,484.98370361328125,13728000
2018-01-11,480.94895416507876,496.2812194824219,479.3350315000952,496.2812194824219,14592000
2018-01-12,500.3159931640625,508.38560595703126,497.89510932617185,504.3507995605469,16695000
2018-01-15,510.8065370516761,516.4552665293409,494.66730997263426,501.9299621582031,13146000
2018-01-16,501.92996274886593,503.54388545866937,494.6673105547505,500.3160400390625,7941000
2018-01-17,496.2812332645539,502.73692410376765,494.6673105547505,500.3160400390625,7035000
2018-01-18,508.3855919699067,514.8412820266674,497.89509562767057,498.7020568847656,12192000
2018-01-19,501.12295400811155,508.3856055154755,497.8951088937276,505.9647216796875,6862000
2018-01-22,508.38562109219,509.99954369883187,501.9299306656225,505.15777587890625,6135000
2018-01-23,509.1925357400139,514.0343031163056,505.9646908224861,507.57861328125,11349000
2018-01-24,505.96469184789765,506.771653078915,501.9298856928107,502.7368469238281,5162000
2018-01-25,497.08822357960236,506.77176040258166,492.24645516811273,503.5439147949219,7709000
2018-01-26,501.1229527188703,518.0691395257886,496.2811850597508,510.8064880371094,14107000
2018-01-29,509.1925354003906,514.8412640022967,505.157729256172,509.1925354003906,5873000
2018-01-30,505.96477255899396,506.77173391873714,487.40466128490004,492.2464294433594,10196000
2018-01-31,486.59764201186573,493.86029338517716,482.5628356933594,482.5628356933594,10435000
2018-02-01,489.0184625363818,500.3159187665952,485.7906178991779,493.8602294921875,8973000
2018-02-02,490.6325067238729,494.667313522589,487.40466128490004,492.2464294433594,5502000
2018-02-05,468.03750642030707,471.26535129217126,460.77485545861265,466.423583984375,14183000
2018-02-06,434.14517166702836,442.21478452329285,421.2337910970052,435.75909423828125,16167000
2018-02-07,489.01856781334004,489.01856781334004,450.284423828125,450.284423828125,20107000
2018-02-08,450.28440638950894,464.00274851965526,449.4774450877356,457.54705810546875,12371000
2018-02-09,434.95214447846286,447.863525390625,434.95214447846286,447.863525390625,9249000
2018-02-12,447.863525390625,447.863525390625,447.863525390625,447.863525390625,0
2018-02-13,455.93321652188627,455.93321652188627,439.7939876184567,447.056640625,9706000
2018-02-14,443.02173049728594,447.86349804370434,428.49642785803064,434.9521179199219,11001000
2018-02-15,439.7939264987959,452.7053078272009,438.9869651657706,450.284423828125,7140000
2018-02-16,449.47752418792504,451.89840851927835,443.82879408143407,448.6705627441406,7693000
2018-02-19,451.89831328810305,461.5818485728481,451.0913520143743,459.9679260253906,4585000
2018-02-20,455.93313454329024,464.00274754405643,452.7052893429838,460.77490234375,5051000
2018-02-21,468.03755024222744,479.3350083515226,466.42362765518527,473.686279296875,11198000
2018-02-22,471.2654394201331,478.5280917399639,465.6167098380424,477.72113037109375,6831000
2018-02-23,477.7210535386029,481.7558597340303,474.493208582261,480.1419372558594,5388000
2018-02-26,484.17671319796955,485.7906355752961,472.0722953680203,476.9140625,4144000
2018-02-27,482.5628064171743,484.17672884666314,474.4931942697299,476.10711669921875,5061000
2018-02-28,476.10720887476083,480.9489771006058,474.49328613281244,474.4932861328125,6075000
2018-03-01,465.61665197921127,476.1071484709439,461.5818456362372,471.265380859375,6076000
2018-03-02,457.54710164884244,466.42367681310566,457.54710164884244,463.1958312988281,4844000
2018-03-05,457.54706107474664,459.96794499577703,445.4426414695946,447.863525390625,6290000
2018-03-06,457.54707417589555,464.0027648168253,455.1261901855469,455.1261901855469,5639000
2018-03-07,451.8982541773243,455.93306001819326,446.2495260001077,453.5121765136719,4076000
2018-03-08,461.58184729682074,475.3001889122857,459.16096348232696,464.8096923828125,8221000
2018-03-09,473.68631038828795,480.14200116018964,470.45846500233705,472.0723876953125,9046000
2018-03-12,480.1420157296317,482.5628998425542,470.4584792779416,474.4932861328125,4990000
2018-03-13,474.49328613281244,474.49328613281244,468.84455653599326,474.4932861328125,3563000
2018-03-14,468.84447990866266,481.7558597340303,468.0375186695772,480.1419372558594,4132000
2018-03-15,480.1420281440569,482.5629123195731,472.8793756175081,481.7559509277344,3511000
2018-03-16,479.33494606598987,481.7558296319797,476.10710131133675,476.9140625,4441000
2018-03-19,472.87930424131196,475.30018805142106,467.2305753510574,468.03753662109375,3990000
2018-03-20,465.6166058587141,478.52798487732656,464.00268348138746,476.9140625,4022000
2018-03-21,476.9140625,476.9140625,476.9140625,476.9140625,0
2018-03-22,476.91413802329936,484.9837511878222,474.4932540739425,479.33502197265625,6377000
2018-03-23,463.19578624397985,468.8445153445162,458.3540184435201,460.77490234375,6604000
2018-03-26,455.93321573820043,455.93321573820043,440.60094830629635,448.6705627441406,7562000
2018-03-27,459.1609626506937,470.45842043120285,455.12615630051187,468.03753662109375,6429000
2018-03-28,463.1281027286611,468.85583544792013,455.7638749467566,461.4916076660156,4965000
2018-03-29,466.401020742396,466.401020742396,454.9455570750389,459.85504150390625,2787000
2018-03-30,463.9463094788132,468.0375467758045,462.30981456001666,467.21929931640625,3807000
2018-04-02,461.4915671006184,471.3105366133975,461.4915671006184,467.21929931640625,3216000
2018-04-03,456.58211292613635,457.4003604403409,447.58139026988636,450.0361328125,8268000
2018-04-04,448.3995964770047,450.036091354658,432.03464770047174,433.671142578125,7457000
2018-04-05,435.3076786921574,436.1259262084961,422.2157184307392,425.48870849609375,11388000
2018-04-06,420.5791827428552,420.5791827428552,414.85145068215485,416.4879455566406,8992000
2018-04-09,409.12368712637584,413.21492399763963,397.259100199711,404.2142028808594,11345000
2018-04-10,400.1229860259266,404.2142231018563,392.7587592892531,402.5777282714844,13809000
2018-04-11,407.48721276260005,413.2149446689017,402.16860456389145,402.5777282714844,10223000
2018-04-12,397.2591346074856,397.6682583300473,388.2584127111265,389.07666015625,10379000
2018-04-13,392.75875015562747,416.48792464419665,392.3496264575487,410.76019287109375,14376000
2018-04-16,409.9420013885956,415.6697339429273,403.39602132650225,408.7146301269531,7737000
2018-04-17,408.714594543457,411.57846057128904,404.2142336425781,409.12371826171875,5316000
2018-04-18,409.9419264765511,422.2156368501005,409.9419264765511,419.7608947753906,5943000
2018-04-19,423.0339860971052,433.67120431618133,421.3974909864781,426.3069763183594,5518000
2018-04-20,423.8521728515625,428.76165747918674,421.3974305377503,423.8521728515625,3865000
2018-04-23,425.4886681898585,437.76237977225827,424.6704207510318,433.671142578125,6572000
2018-04-24,434.4894600475536,446.76317360821895,433.6712124768426,445.1266784667969,7392000
2018-04-25,436.9441224849424,442.67185442762894,432.8528853830235,439.39886474609375,5989000
2018-04-26,442.67190597909155,443.49015349476457,431.2164407596696,432.8529357910156,6042000
2018-04-27,439.3988952636719,441.8536376953125,431.21642049153644,441.8536376953125,6359000
2018-04-30,441.8536376953125,441.8536376953125,441.8536376953125,441.8536376953125,0
2018-05-01,438.58059720692256,445.1265762697124,436.9441024412251,441.03533935546875,3585000
2018-05-02,441.03543068298114,447.5814111012814,440.21718313069357,443.49017333984375,3909000
2018-05-03,443.4901733398437,443.4901733398437,443.4901733398437,443.49017333984375,0
2018-05-04,443.4901733398437,443.4901733398437,443.4901733398437,443.49017333984375,0
2018-05-07,444.3083492683965,444.3083492683965,435.30762764417483,439.39886474609375,4184000
2018-05-08,438.5806579589844,443.49014293613715,436.94416296660006,438.5806579589844,2678000
2018-05-09,437.76240030924475,440.2171427408854,429.5799255371094,436.94415283203125,5225000
2018-05-10,394.395268742293,402.1686194747656,390.30403151467584,393.98614501953125,21329000
2018-05-11,393.57703144815787,393.98615518147193,391.1222890482733,393.16790771484375,8489000
2018-05-14,391.940536546362,396.44089761317827,387.44017547954576,395.6226501464844,7243000
2018-05-15,399.30477886852367,407.8963775941784,398.07740762200154,406.66900634765625,7860000
2018-05-16,404.6233877271353,407.4872539698956,401.3503977354092,401.759521484375,5214000
2018-05-17,403.3960315692797,408.7146405047774,402.9869078050107,405.441650390625,3938000
2018-05-18,407.4872334387994,408.3054808955039,404.62336734033397,405.8507385253906,3821000
2018-05-21,407.89634710693355,411.57846057128904,405.44160479736325,409.12371826171875,3153000
2018-05-22,405.44160404442755,405.44160404442755,393.9861399543731,394.395263671875,10198000
2018-05-23,392.75880466253994,393.16792841739675,383.75808205569007,384.1672058105469,9757000
2018-05-24,376.8029684330218,376.8029684330218,366.5748748273481,370.2569885253906,12367000
2018-05-25,367.393055960636,373.120787345323,364.12006659795776,365.7565612792969,8359000
2018-05-28,364.12013744192825,368.62049869121046,362.892766192124,367.39312744140625,4087000
2018-05-29,367.39315380859375,367.39315380859375,352.66469775390624,357.9833068847656,8326000
2018-05-30,347.75519298531157,351.4373067933913,342.8457079078719,349.8008117675781,10136000
2018-05-31,350.61903363225576,353.4828997179335,343.25480655479885,344.482177734375,9985000
2018-06-01,340.39097121408923,340.39097121408923,334.25411476191215,334.6632385253906,15546000
2018-06-04,325.66247090833593,335.8905635876178,319.93473900793805,330.9810791015625,15446000
2018-06-05,334.66319265541125,339.16355343684097,332.6175741183977,333.4358215332031,10988000
2018-06-06,330.16285203165637,335.8905842849937,329.75372829927517,334.25408935546875,6178000
2018-06-07,335.0723520790658,340.3909608422256,334.25410457704123,335.4814758300781,6394000
2018-06-08,331.7993317400209,335.4814451625365,330.98108431279513,333.0267028808594,7673000
2018-06-11,342.0274609375,343.2548322088068,332.6176145241477,337.527099609375,8693000
2018-06-12,339.5726566524296,339.5726566524296,331.39018299815416,335.0722961425781,9301000
2018-06-13,335.4814198252919,337.5270382388607,333.43580141172305,335.0722961425781,4577000
2018-06-14,334.25409444173175,335.8905893961588,331.3902282714844,331.3902282714844,5672000
2018-06-15,332.6176097227795,334.2541047275656,330.16286721560033,330.5719909667969,5136000
2018-06-18,329.3445573534284,329.75368102715936,319.1164655101542,320.7529602050781,7101000
2018-06-19,317.47998046875,325.25333050600034,315.8434857240657,317.47998046875,6044000
2018-06-20,315.84353124498557,319.9347686963455,305.6154376165858,318.7073974609375,8258000
2018-06-21,317.8891041549211,322.7985883889739,315.0252383517236,317.47998046875,4875000
2018-06-22,311.7523344152114,314.20707720588234,308.8884678260953,312.9797058105469,6515000
2018-06-25,315.0252271953382,317.889092897114,310.52486680683336,310.9339904785156,4150000
2018-06-26,309.29748188634073,317.88907860540576,306.8427399666079,317.0708312988281,5366000
2018-06-27,319.11651611328125,321.16213480631507,311.34316507975257,311.7522888183594,4557000
2018-06-28,310.9340413411458,319.525639851888,310.52491760253906,316.6617736816406,4475000
2018-06-29,316.25258399225055,318.2982022586946,312.5704711126512,317.0708312988281,2992000
2018-07-02,318.70735088568085,324.8442061658929,311.3431245494263,312.57049560546875,5267000
2018-07-03,311.75226252438097,312.9796336366817,298.66030399317333,301.524169921875,9997000
2018-07-04,303.97895296191274,309.7066855883822,302.75158168481215,305.6154479980469,5177000
2018-07-05,303.56981404622394,304.79718526204425,296.20558675130206,297.0238342285156,6271000
2018-07-06,298.2512457474418,301.93335989247197,294.97825539630395,301.1151123046875,5989000
2018-07-09,300.7059680835621,303.9789582123627,299.4785967852618,302.7515869140625,2813000
2018-07-10,307.66104134028694,314.20702094327174,304.3880515387945,310.11578369140625,7007000
2018-07-11,308.07017003001783,310.5249124206953,301.93331405332424,304.79718017578125,5365000
2018-07-12,304.797174937069,304.797174937069,297.8420716163573,300.29681396484375,5330000
2018-07-13,302.3424428304036,309.7066701253255,301.52419535319007,304.3880615234375,4827000
2018-07-16,304.3880615234375,304.3880615234375,304.3880615234375,304.3880615234375,0
2018-07-17,301.93329885642163,307.25190710185996,296.6146906109833,303.5697937011719,6066000
2018-07-18,306.43365967948483,307.25190710185996,303.16066998998434,303.5697937011719,3801000
2018-07-19,303.9789427507879,313.38878889246774,302.34244776962623,311.3431701660156,6622000
2018-07-20,308.88844863003743,309.70669617607723,301.5242207156789,302.34246826171875,7145000
2018-07-23,299.88774092301077,303.56985506804097,299.0694933352263,301.1151123046875,3253000
2018-07-24,305.20633935546874,309.70670092773435,303.9789680175781,306.84283447265625,4564000
2018-07-25,310.11579386393225,319.525639851888,309.29754638671875,319.11651611328125,9405000
2018-07-26,324.844228005711,327.7080939956858,316.6617537486402,323.2077331542969,10714000
2018-07-27,324.84423820379425,324.84423820379425,319.1165060440296,322.3894958496094,4741000
2018-07-30,321.57126363766423,323.61688236309465,319.93476865731986,321.1621398925781,3731000
2018-07-31,321.16216017300167,325.2533978822119,319.9347888602386,321.98040771484375,6800000
2018-08-01,326.48074835197644,339.16358444083767,326.0716246071745,335.8905944824219,11599000
2018-08-02,308.88844863003743,310.934067495137,298.66035430453945,302.34246826171875,24192000
2018-08-03,300.29683411950094,306.433690402597,297.8420916062625,306.0245666503906,9554000
2018-08-06,303.1607106801626,308.07019587336356,300.296844317462,302.7515869140625,6775000
2018-08-07,301.52419535319007,305.6154327392578,299.06945292154944,301.9333190917969,4758000
2018-08-08,304.7971998924147,319.5256551892294,304.7971998924147,317.88916015625,11577000
2018-08-09,317.0708924494355,327.298985754256,312.1614076631217,324.43511962890625,8975000
2018-08-10,324.43516124019646,324.84428502486253,315.43443797754287,316.252685546875,7050000
2018-08-13,310.9340308082851,311.3431545330329,297.8420716163573,300.29681396484375,8501000
2018-08-14,303.5698040089709,308.0701649848451,300.2968142083351,307.6610412597656,5241000
2018-08-15,301.9333032535601,303.5697981221431,288.0230968706048,290.886962890625,10062000
2018-08-16,284.7501323611237,284.7501323611237,277.7950285534526,281.4771423339844,12655000
2018-08-17,283.1136372590958,288.43224605153546,282.70451350583124,283.931884765625,6507000
2018-08-20,283.9318287506764,288.4321891487419,282.7044577330222,283.522705078125,4233000
2018-08-21,279.84065253303964,281.4771475770925,276.9767862059471,278.61328125,7706000
2018-08-22,281.0679887921623,293.75082380316235,279.8406176620655,291.29608154296875,8363000
2018-08-23,290.4778492738987,291.70522046801375,285.9774882288101,287.6139831542969,4350000
2018-08-24,289.25048319498694,290.47785441080725,285.9774932861328,287.2048645019531,4186000
2018-08-27,288.0231318170014,297.4329784530682,288.0231318170014,295.3873596191406,4523000
2018-08-28,301.11505093232046,304.3880406163674,295.38731898523827,296.20556640625,4749000
2018-08-29,297.0238192786089,305.61541735691577,297.0238192786089,303.1606750488281,5229000
2018-08-30,308.88837212010435,312.9796088369269,305.6153827466463,310.9339904785156,17333000
2018-08-31,308.8884678260953,318.70743898877913,303.9789822447534,312.9797058105469,12777000
2018-09-03,308.0701595384247,308.0701595384247,297.02381915656883,300.7059326171875,7717000
2018-09-04,299.88772562359924,304.7972108998382,296.20561166642,302.34246826171875,4245000
2018-09-05,301.9333444886988,304.38808712681833,298.66035430453945,302.34246826171875,3354000
2018-09-06,303.160680038078,307.2519172855554,297.43294789160956,300.29681396484375,4403000
2018-09-07,296.2055456065599,297.0237929701139,288.02307197101953,292.93255615234375,7101000
2018-09-10,290.47785441080725,298.6603291829427,290.47785441080725,297.0238342285156,4654000
2018-09-11,298.2511798727101,298.2511798727101,294.56906654094826,296.61468505859375,3007000
2018-09-12,297.8420552948912,297.8420552948912,285.5683442250468,286.79571533203125,4339000
2018-09-13,286.7957356915535,290.88697300527036,284.75011703469505,287.6139831542969,5592000
2018-09-14,292.11434436992243,299.0694478073015,291.29609690670134,297.4329528808594,6145000
2018-09-17,297.4329528808594,297.4329528808594,297.4329528808594,297.4329528808594,0
2018-09-18,297.4329579671224,303.9789377848307,292.1143493652344,301.9333190917969,5610000
2018-09-19,307.6610616592162,310.11580417245466,303.1607003849458,306.0245666503906,6805000
2018-09-20,307.66103619376656,309.70665478548045,303.9789227286816,308.0701599121094,6205000
2018-09-21,311.75227898147506,322.3894958496094,311.75227898147506,322.3894958496094,9698000
2018-09-24,322.3894958496094,322.3894958496094,322.3894958496094,322.3894958496094,0
2018-09-25,322.38948572858976,324.844228005711,315.84350632293314,323.2077331542969,6953000
2018-09-26,321.5712483203625,324.025990673953,317.07088733877976,319.93475341796875,5725000
2018-09-27,314.61618145231625,314.61618145231625,299.4786018505793,302.34246826171875,13020000
2018-09-28,307.66105143229163,312.9796600341797,303.9789377848307,309.29754638671875,9820000
2018-10-01,314.6161600095776,323.2077586574334,312.9796650290336,318.7073974609375,16252000
2018-10-02,321.5712839439227,329.75375936234315,321.5712839439227,321.98040771484375,14074000
2018-10-03,319.5256551892294,324.8442640464125,316.6617888815154,317.88916015625,5342000
2018-10-04,317.8891295199264,319.93474811400574,312.9796448941361,315.43438720703125,8119000
2018-10-05,309.7066018389485,309.7066018389485,297.84201603534274,299.88763427734375,14749000
2018-10-08,299.88763427734375,299.88763427734375,299.88763427734375,299.88763427734375,0
2018-10-09,294.569065676266,294.97818937859415,285.15922052271867,286.79571533203125,10117000
2018-10-10,290.47790090754654,291.7052723198319,281.4771772174535,285.9775390625,7965000
2018-10-11,270.0216269132954,276.15848207041574,267.9760085275886,270.8398742675781,12985000
2018-10-12,267.97602396252967,274.93112687453424,267.1577765611174,274.5220031738281,7975000
2018-10-15,270.0216468857841,271.2490180079922,266.3395335191598,266.7486572265625,7012000
2018-10-16,264.7030638722259,270.43079632077485,262.6574451406013,269.612548828125,7244000
2018-10-17,273.70379137705606,274.1129151309829,269.6125538377877,271.6581726074219,7226000
2018-10-18,268.7942909688088,269.20341469935494,258.1570739746094,258.1570739746094,12259000
2018-10-19,254.88406867549568,254.88406867549568,250.38370791236494,253.24757385253906,10246000
2018-10-22,249.9745842066258,254.06582126401736,247.51984197219085,253.24757385253906,7506000
2018-10-23,252.8384391822625,252.8384391822625,245.8833364863103,246.7015838623047,8176000
2018-10-24,248.74721279456966,253.65669725762038,245.8833468577901,249.56546020507812,8998000
2018-10-25,241.38301931927813,241.62848358783992,237.29178170369715,237.3736114501953,12230000
2018-10-26,241.46480825900568,242.52851987091984,233.69145810307282,235.9007110595703,7971000
2018-10-29,235.81892902970677,241.21934231345062,234.83702208488194,235.40980529785156,6203000
2018-10-30,233.6096467631723,242.7740281832346,232.21861611106144,240.8920440673828,11931000
2018-10-31,243.83770851846995,250.7928109426545,241.95574961559092,249.9745635986328,6283000
2018-11-01,248.74719258260023,253.24755297471964,247.1106978945568,249.9745635986328,5722000
2018-11-02,237.29175441073016,260.6118061373019,234.50971814630756,258.9753112792969,13467000
2018-11-05,253.247589255053,262.6574350593603,251.20197060194272,260.61181640625,6927000
2018-11-06,261.8392028808594,265.52131667137144,259.3844603538513,261.8392028808594,5228000
2018-11-07,261.8391927083333,264.7030588785807,256.92970784505206,257.7479553222656,6117000
2018-11-08,264.2939454078674,266.7486879348755,261.430079126358,261.8392028808594,5730000
2018-11-09,263.4756314520159,265.93037335995393,261.0208895440779,262.2482604980469,5243000
2018-11-12,256.5205841064453,260.611821492513,252.02022298177081,257.7479553222656,4819000
2018-11-13,249.56549052640173,255.70234685082144,245.39242323160985,254.4749755859375,5841000
2018-11-14,254.88410901873837,265.9304508221187,252.42936639576496,261.0209655761719,6456000
2018-11-15,258.5661977051555,262.2483112800707,256.11145532187874,258.1570739746094,3552000
2018-11-16,258.97532653808594,262.6574401855469,256.1114603678385,257.7479553222656,6949000
2018-11-19,256.5205889901925,267.5669301428802,256.5205889901925,267.1578063964844,7823000
2018-11-20,261.8391368467239,265.11212605730793,260.2026422414318,262.2482604980469,4912000
2018-11-21,257.3388164212918,259.7935587082994,252.02020813277548,258.9753112792969,3965000
2018-11-22,259.79355841251197,260.61180584058286,252.42933155987382,254.06582641601562,5655000
2018-11-23,254.06582641601562,254.06582641601562,254.06582641601562,254.06582641601562,0
2018-11-26,251.61110911083523,259.38446044921875,249.97461409222817,259.38446044921875,4068000
2018-11-27,261.8392028808594,263.8848216533661,256.9297178268433,261.8392028808594,3767000
2018-11-28,263.06654885287656,267.1577860045543,261.4300539922055,266.33953857421875,4490000
2018-11-29,271.2490540944278,272.47642537992294,266.33956895244717,268.7943115234375,6334000
2018-11-30,270.839899721908,272.885518299868,267.976033712764,271.2490234375,4831000
2018-12-03,273.29464201546006,274.93113687782807,268.79428114394796,271.2490234375,6526000
2018-12-04,271.2490283203125,272.067275766226,265.11217247596153,265.930419921875,6386000
2018-12-05,260.20271822772446,263.0665846233126,254.88410920734646,258.56622314453125,6866000
2018-12-06,255.70233662923175,256.92970784505206,246.7016143798828,249.15635681152344,6523000
2018-12-07,248.33810398359645,248.7472277133882,234.3460674305322,236.06439208984375,14361000
2018-12-10,230.00938394545685,235.4098225969838,226.81822359666953,233.69149780273438,6875000
2018-12-11,233.85514616425078,233.93697591566388,227.14553105425875,229.27297973632812,5968000
2018-12-12,229.60026521246388,238.60098817184038,228.53652842561397,233.28237915039062,6523000
2018-12-13,236.14621686393534,243.59227358374412,235.4097991599829,238.92825317382812,6069000
2018-12-14,236.8826466202075,238.51914158822277,231.4822082315709,233.93695068359375,4786000
2018-12-17,231.8094800113189,238.92824242820203,231.23672180997315,232.38226318359375,6100000
2018-12-18,225.75443302723772,235.24610703573444,224.2815978237325,230.9912109375,6050000
2018-12-19,231.07306934820258,235.49160047812742,227.96373910108915,232.70956420898438,5361000
2018-12-20,228.12737295407018,230.0911867581521,219.69943443344943,221.66322326660156,7788000
2018-12-21,218.3902632711076,220.76317614117482,214.13539104879857,216.5901336669922,8216000
2018-12-24,216.5901336669922,216.5901336669922,216.5901336669922,216.5901336669922,0
2018-12-25,204.31639059628162,207.5075632179741,200.71610672538637,201.7798309326172,11638000
2018-12-26,205.87107026111335,210.7805551243946,203.82545156807947,207.4257354736328,6153000
2018-12-27,217.98110053872819,219.20847162844052,214.29898726959112,216.91738891601562,7097000
2018-12-28,217.24469657661734,227.7182538808279,217.24469657661734,225.9999542236328,7180000
2018-12-31,225.9999542236328,225.9999542236328,225.9999542236328,225.9999542236328,0
2019-01-04,218.06294879546542,219.12666050853437,210.3714276407684,218.2266082763672,5553000
2019-01-07,227.39098026473985,232.54595461085188,226.98185650572776,228.04559326171875,6949000
2019-01-08,229.60022535528853,238.84641098373967,229.3547361528155,235.3279571533203,7220000
2019-01-09,239.33737689501618,240.89204204134475,237.12809881222853,238.92825317382812,6638000
2019-01-10,238.51913960774738,239.2555573430533,233.28236074776697,235.6552734375,6152000
2019-01-11,238.9282131710568,244.24682065602897,238.9282131710568,242.20120239257812,5589000
2019-01-15,238.92823867544382,247.11071260268506,238.6827744459981,246.29246520996094,4911000
2019-01-16,247.51983108520508,249.97457321166993,241.79209945678713,245.47421264648438,6501000
2019-01-17,249.56548567842847,254.06584689558045,246.29249570231792,247.51986694335938,5164000
2019-01-18,249.97455903087234,254.4749193407571,248.7471880372674,252.8384246826172,4231000
2019-01-21,258.1570790608724,260.20269775390625,254.0658416748047,257.7479553222656,4671000
2019-01-22,258.15705330299147,258.97530069856356,253.65669262734502,254.88406372070312,2889000
2019-01-23,250.79286675575455,257.7479707277738,249.9746192296346,255.29322814941406,3472000
2019-01-24,251.61108924938847,257.7479450847394,249.97459435996154,256.1114501953125,4458000
2019-01-25,258.1570741156768,267.5669199233797,256.9297029233677,265.52130126953125,7162000
2019-01-28,268.3851776356719,273.294662592422,265.52131141090103,267.1578063964844,6343000
2019-01-29,264.70300240598493,267.15774431392293,257.3387766821708,262.2482604980469,6770000
2019-01-30,257.7479502918956,262.6574350593603,256.1114553694074,260.61181640625,6365000
2019-01-31,265.930419921875,267.9760385366587,261.02093524639423,265.930419921875,4461000
2019-02-01,261.8391772808057,263.88479585331197,257.7479401357931,258.9753112792969,6628000
2019-02-04,260.6118016155219,267.15778093396517,259.7935542007165,266.7486572265625,4804000
2019-02-05,265.1121876645052,270.0216726212553,262.65744518613013,267.1578063964844,4647000
2019-02-06,269.2034097055288,269.2034097055288,263.0665538611779,265.930419921875,4488000
2019-02-07,277.38590983428287,293.7508602669839,277.38590983428287,281.0680236816406,22654000
2019-02-08,272.88547543244505,272.88547543244505,258.5661476361398,262.2482604980469,9209000
2019-02-12,264.70303435688044,276.976745378065,262.6574158533497,274.5220031738281,6793000
2019-02-13,279.0223997264499,285.5683797786834,278.20415221992073,283.931884765625,7107000
2019-02-14,283.931884765625,286.3866272852125,278.61327597318535,283.931884765625,5216000
2019-02-15,279.84065253303964,281.4771475770925,274.93116740088107,278.61328125,3982000
2019-02-18,285.97747331254936,292.9325763830978,283.5227310523558,291.29608154296875,8427000
2019-02-19,288.84133893694195,288.84133893694195,284.75010184151785,286.3865966796875,5803000
2019-02-20,286.38662206064356,290.47785951865274,285.97749831484265,289.25048828125,5283000
2019-02-21,290.88693705472076,291.70518441633743,287.20482392744583,288.0230712890625,3648000
2019-02-22,285.56836449743844,288.02310688566854,283.52274584058,287.6139831542969,3343000
2019-02-25,292.11434432835256,296.2055816438757,291.29609686524793,294.97821044921875,5468000
2019-02-26,293.34172565316953,295.7964681272546,292.114354416127,294.15997314453125,3996000
2019-02-27,292.93258147635373,294.97820006208246,289.65959173918776,290.886962890625,3605000
2019-02-28,290.0686990392138,290.0686990392138,277.38586452551056,279.8406066894531,8003000
2019-03-01,280.24973038344353,281.4771014654148,276.15849344353927,279.8406066894531,4669000
2019-03-04,288.02310688566854,289.6596018111553,283.1136221092083,287.6139831542969,4525000
2019-03-05,283.1135962413765,285.56833840531914,278.61323560748184,279.8406066894531,4673000
2019-03-06,279.8406066894531,283.1135962413765,278.61323560748184,279.8406066894531,3118000
2019-03-07,275.74945739280173,275.74945739280173,266.7487332642533,267.9761047363281,7545000
2019-03-08,263.4756876627604,263.8848114013672,255.293212890625,257.7479553222656,9563000
2019-03-11,261.02094523111975,262.24831644694007,255.293212890625,260.20269775390625,3903000
2019-03-12,261.8391368467239,265.11212605730793,257.7479003334938,262.2482604980469,4477000
2019-03-13,252.02021437147835,254.06583299462346,237.29176028483352,240.8920440673828,16964000
2019-03-14,241.87394046163368,245.06510038058394,235.8189145949971,236.80079650878906,9218000
2019-03-15,237.4554330097722,241.05571699316735,235.24615478515625,235.24615478515625,11988000
2019-03-18,235.9007243342307,238.92824981685735,234.10059496885341,235.164306640625,5050000
2019-03-19,234.91885762254955,239.33738904143593,233.03687342701525,237.6190643310547,7156000
2019-03-20,236.80078361419405,241.38297387516238,236.80078361419405,239.991943359375,8604000
2019-03-22,239.01009624289622,240.40110198995998,235.08249331787297,238.1918487548828,9041000
2019-03-25,232.4640947243115,232.79138869489879,228.45468740002636,230.6639404296875,4927000
2019-03-26,233.6914782140775,235.98256110041007,230.99124662918842,234.2642364501953,5087000
2019-03-27,236.20378779537404,237.6373547553234,232.83065273434758,236.96273803710938,5046000
2019-03-28,234.43290642458427,235.02321540381817,230.13215371368395,231.39707946777344,5024000
2019-03-29,233.33664338731418,235.86649484839103,231.3127416304688,235.3605194091797,5359000
2019-04-01,237.97471266587462,244.38364933524758,237.97471266587462,244.0463409423828,5933000
2019-04-02,249.69630370423238,252.47912956437543,249.3589953779992,251.04556274414062,7212000
2019-04-03,250.45529903582673,255.51500204665152,248.4314229784929,254.2500762939453,5780000
2019-04-04,255.93662345898755,260.9963260644371,253.4067721562628,256.7799072265625,5381000
2019-04-05,252.47917400019276,257.6232105192591,250.62396501190963,257.2015686035156,5524000
2019-04-08,258.04488030620587,259.73144815134447,253.40681873207473,253.82846069335938,3746000
2019-04-09,253.82842077415506,256.3582721439971,252.98513698420768,255.93663024902344,2313000
2019-04-10,252.14187086496923,255.93664818567947,250.96127862329996,254.67172241210938,2568000
2019-04-11,253.40679245880784,255.09336012908278,250.87694095339546,254.2500762939453,2745000
2019-04-12,255.93665658680126,257.6232243402563,253.4068049566187,255.5150146484375,4037000
2019-04-15,261.41797979351776,263.94783121087437,259.3097702790539,260.996337890625,4033000
2019-04-16,259.73138676654264,262.2612379363466,257.62317745837265,258.4664611816406,3400000
2019-04-17,260.5746991463255,266.4776858583782,259.731415330318,264.3694763183594,5895000
2019-04-18,265.63442137484805,266.47770525222853,259.30979229449457,260.153076171875,3776000
2019-04-19,262.26126677834054,264.3694763183594,260.5746991463255,264.3694763183594,2969000
2019-04-22,263.1045354833744,263.1045354833744,255.5149815752001,256.7799072265625,5568000
2019-04-23,255.09341905097,255.09341905097,248.60012172658716,250.8769989013672,6815000
2019-04-24,253.40680326665114,255.09337100885847,248.93740904379428,249.1903839111328,5394000
2019-04-25,249.274670986712,252.3104975038798,245.8172026125758,250.5395965576172,3525000
2019-04-26,246.66050782377766,246.99781619175457,242.52842241235803,246.91348266601562,7985000
2019-05-07,245.56428484487566,245.73292618585785,235.95082768449925,237.89039611816406,7593000
2019-05-08,232.40903577233433,234.34857834640536,229.03590034961533,231.65008544921875,7900000
2019-05-09,229.6261914719397,231.39709277651394,226.33738946914858,226.67469787597656,6432000
2019-05-10,223.80752982570155,229.2888748796674,220.3500608754346,224.2291717529297,9655000
2019-05-13,220.51872097596038,221.69931318791788,217.31425272422146,218.8321533203125,9786000
2019-05-14,210.7366386898269,219.08514404296875,210.65231802143117,219.08514404296875,8115000
2019-05-15,240.16719244874375,243.54032731872596,233.7582567837589,235.44482421875,18049000
2019-05-16,234.01125380334656,238.8179817430286,232.66199458036746,238.0590057373047,8863000
2019-05-17,239.74553884351113,241.7694402543195,237.4686883588149,238.8179473876953,5285000
2019-05-20,236.28809342159275,239.23958625152355,232.40898341240296,238.90225219726562,5676000
2019-05-21,236.03513907484339,236.03513907484339,228.86722651362282,232.4933624267578,9228000
2019-05-22,235.2761896427506,238.1433495308275,230.97543694314513,231.14410400390625,5767000
2019-05-23,229.4575635208406,230.0478468334768,225.0724767713383,229.37322998046875,5598000
2019-05-24,225.1567767862809,237.46872553282623,224.31349297809257,233.58961486816406,8539000
2019-05-27,235.02324284477316,239.9986129114457,233.42098278119812,237.047119140625,7606000
2019-05-28,235.19182964078874,238.64929811740026,234.77018777132335,237.55303955078125,5868000
2019-05-29,234.68589873540486,242.02247894875012,232.83068959908672,240.75755310058594,7287000
2019-05-30,238.058985826916,247.33510682347986,237.63734396343582,246.57615661621094,8775000
2019-05-31,246.23886184563884,247.25081266776297,241.93810945407893,244.8896026611328,8030000
2019-06-03,237.04710439611603,240.33590638918218,236.2881540492518,240.0829315185547,6027000
2019-06-04,247.41951038880595,251.2142882344471,245.64860891384322,245.81727600097656,9247000
2019-06-05,252.98516301825495,257.6232243402563,252.31054621086557,255.5150146484375,9156000
2019-06-06,251.46727844264475,254.67174708548873,249.1904015356355,249.5277099609375,5309000
2019-06-07,247.4194972076743,250.70829935169073,245.73292936612918,248.9374237060547,4097000
2019-06-10,252.22625849623734,253.82849300608916,248.00983834663452,250.8769989013672,5289000
2019-06-11,250.87696284898706,253.82845652956337,249.94934540238083,253.4068145751953,2725000
2019-06-12,251.97319964508205,255.93664396422025,250.87694095339546,254.2500762939453,3964000
2019-06-13,252.90081701072933,256.7799277993577,252.39484156265078,254.2500762939453,5088000
2019-06-14,257.2015601710269,260.9963372883044,255.51499256334807,256.3582763671875,6257000
2019-06-17,255.9366523931834,255.9366523931834,251.72023307863344,255.09336853027344,3884000
2019-06-18,254.67172241210938,257.6232158837729,253.4067966385393,254.67172241210938,3290000
2019-06-19,259.73139277090917,266.89930458439204,259.30975089952784,260.5746765136719,7115000
2019-06-20,260.57471539897307,262.6829250704858,254.6717283187374,261.4179992675781,4996000
2019-06-21,261.8396394335534,261.8396394335534,254.25008466736344,255.09336853027344,6648000
2019-06-24,256.77992668777216,258.88813626648954,252.8164823857915,257.2015686035156,2875000
2019-06-25,257.6232105192591,260.99634584520686,255.93664285628523,257.2015686035156,3187000
2019-06-26,254.25004256530065,260.9963123514446,254.25004256530065,258.4664611816406,2713000
2019-06-27,261.8396523611886,266.0560718839131,261.8396523611886,265.6344299316406,6720000
2019-06-28,266.47767215976626,268.16423970508123,262.68289518280756,266.0560302734375,5827000
2019-07-01,274.4888525729187,275.7537781608123,271.5373595345002,273.64556884765625,6645000
2019-07-02,274.06724178429806,278.7053027991093,272.80231605298593,278.2836608886719,6306000
2019-07-03,275.3321894497857,277.8620411139491,273.6456216736767,277.4403991699219,4281000
2019-07-04,274.06724702327625,276.59709853426034,271.9590374307895,275.7538146972656,3947000
2019-07-05,275.75387337038023,275.75387337038023,270.2725272636295,272.3807373046875,3867000
2019-07-08,273.2239712027616,275.7538227879724,271.11576154841936,271.95904541015625,3162000
2019-07-09,272.80234596946025,272.80234596946025,266.05607466264206,269.007568359375,3612000
2019-07-10,266.8993309201218,268.58589857206573,263.526195616234,267.74261474609375,2887000
2019-07-11,267.74264248934657,270.2724942294034,266.4777166193182,269.007568359375,2581000
2019-07-12,269.42920750209265,269.42920750209265,263.5262201702784,265.6344299316406,3129000
2019-07-16,266.05610832801233,269.00760239821216,262.26133023775543,263.1046142578125,2595000
2019-07-17,261.4180076083953,263.10457539941723,259.3097978696179,262.26129150390625,2991000
2019-07-18,259.3097835818663,259.3097835818663,252.22620439687006,254.67172241210938,5660000
2019-07-19,255.51501753120547,260.1530789055343,255.09337558808468,258.8881530761719,3819000
2019-07-22,258.8881030432746,260.9963123514446,256.35825187347064,258.4664611816406,2971000
2019-07-23,258.04487748579544,261.8396550958807,257.6232355291193,259.7314453125,2580000
2019-07-24,263.94789827786957,265.63446631798377,261.83968822772687,263.1046142578125,3130000
2019-07-25,266.47769701290434,266.47769701290434,262.26127775637104,263.9478454589844,2775000
2019-07-26,261.41797979351776,261.8396216964105,257.6232026674828,260.996337890625,2205000
2019-07-29,259.3098061900598,259.3098061900598,252.98517677079008,253.82846069335938,4365000
2019-07-30,254.25006266912874,258.8881235138392,254.25006266912874,255.93663024902344,2232000
2019-07-31,252.22618637015933,252.22618637015933,244.88960711380895,248.09410095214844,9821000
2019-08-01,241.3478406898989,246.57618495699836,239.8299143659178,244.6366424560547,9009000
2019-08-02,223.55455926193542,227.18066961182907,211.66425153847499,215.29037475585938,28153000
2019-08-05,211.49558016637903,211.83288854026495,203.48438404543657,208.96572875976562,15321000
2019-08-06,198.25602146102347,206.85751342773438,197.24407063288982,206.85751342773438,10180000
2019-08-07,207.27918967945595,210.5679918136361,202.3881403801051,204.2433624267578,8035000
2019-08-08,203.400052517827,204.2433363283217,198.84632508815145,203.062744140625,7244000
2019-08-09,204.07470142468034,204.83365177885008,200.36425745486437,201.96649169921875,6851000
2019-08-13,196.9911145990375,197.4970771939166,194.20827529098574,196.65379333496094,9942000
2019-08-14,200.44856829412507,202.6411114480872,197.9187167476258,199.43663024902344,5829000
2019-08-15,193.53362865311726,197.83438110351562,191.9313946086493,197.83438110351562,4651000
2019-08-16,194.03961337940504,196.31647713457937,193.70229212873735,195.72618103027344,5497000
2019-08-19,199.3522650975004,199.43659861600358,195.81047606766947,196.40077209472656,3199000
2019-08-20,197.75005419947792,198.93064639098634,196.31647429050633,198.5933380126953,3117000
2019-08-21,194.37692176258273,195.9791558839117,193.36498374555967,195.72618103027344,4876000
2019-08-22,195.72617379837152,196.7381117780044,194.03960620982025,195.05154418945312,4400000
2019-08-23,196.06348258318266,200.53288927578106,195.7261742117558,196.5694580078125,6251000
2019-08-26,191.42542766011778,193.0276617754752,190.41348964686625,192.6903533935547,6704000
2019-08-27,194.88288227677933,195.22019063411912,192.69033935160354,192.85899353027344,4259000
2019-08-28,193.61797522955752,193.8709500881122,190.83513597804355,191.509765625,4555000
2019-08-29,192.0157246049951,192.69035423928713,189.73886084831335,191.34109497070312,3248000
2019-08-30,193.95528223181284,196.99110918765467,193.02766486544724,196.06349182128906,4993000
2019-09-02,196.48511493166592,197.15974450922093,193.36496761139904,194.29257202148438,3592000
2019-09-03,193.61797827013547,196.40080469786068,192.43737315254887,194.88290405273438,3661000
2019-09-04,195.97916609432053,195.97916609432053,192.1000680157183,193.87095642089844,3921000
2019-09-05,193.7866348231179,200.02693027946015,193.53364709002497,198.34036254882812,6593000
2019-09-06,200.78589796283723,203.23141607987253,200.19558894994032,200.27992248535156,5798000
2019-09-09,201.46049419417977,203.40004950306783,201.20751934877273,202.80975341796875,4651000
2019-09-10,205.92989522634795,211.495573286853,205.3395991575039,209.8090057373047,9169000
2019-09-11,213.3507992207084,217.9045265471981,213.3507992207084,216.55526733398438,10891000
2019-09-12,220.01276583943593,220.5187413298278,214.7844081978484,216.04934692382812,7046000
2019-09-13,218.24187890841768,219.75980547987317,214.9530766060737,219.2538299560547,6754000
2019-09-17,218.74783418942977,221.86799485175237,216.80829155175795,217.39857482910156,6411000
2019-09-18,215.71199325742612,215.71199325742612,209.47168557187754,211.57989501953125,12061000
2019-09-19,213.266474082204,216.5552758509608,212.0858818748272,212.67617797851562,6663000
2019-09-20,212.5075548859416,214.70009829763458,210.82098699002145,212.59188842773438,5838000
2019-09-24,210.98960949794753,215.45901632395817,208.71274575412778,214.0254364013672,6315000
2019-09-25,210.82096088808808,213.43514595009648,209.4717015914082,213.0135040283203,3501000
2019-09-26,217.06125322864864,219.00082148340516,215.45901909470558,215.8806610107422,5949000
2019-09-27,216.04931864879552,218.57917003468316,214.27841753167834,217.98886108398438,5982000
2019-09-30,218.15753894781466,219.92841441770832,217.48289643715864,219.16946411132812,8322000
2019-10-01,218.83216804355294,227.77098236689483,218.83216804355294,226.67469787597656,11987000
2019-10-02,222.45827140116387,223.55455585732952,220.51872882215076,222.87991333007812,5330000
2019-10-03,217.56722257607464,220.0127404735385,216.97691361617876,219.759765625,4486000
2019-10-04,220.85601908183048,222.62692018484205,219.67542692481572,222.28961181640625,4714000
2019-10-07,223.5545636382534,224.65082239759386,219.92842748239286,223.47023010253906,5128000
2019-10-08,224.31349243730142,228.867219843544,223.8075170066124,224.56646728515625,7170000
2019-10-09,222.20530980190384,226.00008738865364,221.27769235592405,225.5784454345703,4671000
2019-10-10,225.32545416146806,228.52992248535156,223.63888646784923,228.52992248535156,6693000
2019-10-11,230.38514331522197,232.5776605964012,229.62616731099013,231.81871032714844,6851000
2019-10-15,236.2038191398414,237.3000778861583,232.91501716590915,235.61351013183594,8774000
2019-10-16,239.32397032283953,242.1911562881949,236.62547717336489,237.047119140625,7498000
2019-10-17,236.87839040030994,239.49257506384726,235.3604900072762,238.3963165283203,4789000
2019-10-18,236.54110217005334,239.66126247484416,236.54110217005334,237.46871948242188,4498000
2019-10-21,238.14334921954222,241.2635096946823,238.14334921954222,240.5888671875,5837000
2019-10-23,241.9381413739367,246.238894332912,240.42024067546626,244.97396850585938,7983000
2019-10-24,248.09413624415097,254.67174043829945,247.58816075191282,253.4068145751953,9956000
2019-10-25,253.82843437637658,255.09336012908278,250.70827389237584,254.2500762939453,6808000
2019-10-28,254.25008466736344,256.77993625609344,253.82844273590842,255.09336853027344,5370000
2019-10-29,257.20156076459006,261.41797979351776,255.0933512501262,260.996337890625,6345000
2019-10-30,257.20155593394446,257.6231978289182,254.25006266912874,255.93663024902344,9640000
2019-10-31,257.62321891036686,259.7314285577512,255.51500926298252,258.04486083984375,5596000
2019-11-01,252.14184219071194,252.6478175895952,248.60004013350678,250.37094116210938,11215000
2019-11-05,256.358298525165,258.88815015534755,255.09337271007374,255.5150146484375,7026000
2019-11-06,250.45528974031149,258.8881277787058,250.03364783839177,256.3582763671875,10910000
2019-11-07,256.35830423532957,262.68293345166177,255.9366622875741,262.26129150390625,7268000
2019-11-08,266.89931404609496,267.3209559324237,264.3694627281225,266.0560302734375,7143000
2019-11-11,267.74260302734376,269.0075287109375,263.1045421875,263.52618408203125,2884000
2019-11-12,263.52617054561745,266.05602178285534,262.2612449269985,265.2127380371094,3003000
2019-11-13,265.2127851381946,265.63442708595005,260.9963656606398,262.26129150390625,3726000
2019-11-14,260.5747097108422,261.4179935610391,256.35829045985776,259.3097839355469,4167000
2019-11-15,257.2015415426211,262.26124399919723,257.2015415426211,260.5746765136719,3221000
2019-11-18,260.5747124167049,260.5747124167049,256.35829312193624,258.04486083984375,2825000
2019-11-19,254.6717148422764,255.09335675426695,251.129912487564,252.4791717529297,5935000
2019-11-20,248.26273177924386,251.8888673587592,247.25080671645514,250.37094116210938,5791000
2019-11-21,249.19036644823493,250.11798378843918,243.45604682057535,247.25082397460938,5848000
2019-11-22,248.76868650585945,254.25003044581908,248.1783776337197,251.04556274414062,5704000
2019-11-25,254.25010265464402,255.09338657721335,252.90084323153656,253.82846069335938,3434000
2019-11-26,257.2015739592496,260.9963512799598,254.25008048758602,254.67172241210938,3599000
2019-11-27,256.3582763671875,258.46648587678607,255.51499256334807,256.3582763671875,2703000
2019-11-28,258.4665082169838,258.88815015534755,254.67173077170997,255.5150146484375,2255000
2019-11-29,255.515028538498,257.20159638363657,252.22622638747433,253.82846069335938,3999000
2019-12-02,252.73218814922933,258.04486627862,252.05754560685835,255.5150146484375,3083000
2019-12-03,251.0456340428739,253.82846069335938,249.27473265848175,253.82846069335938,5109000
2019-12-04,250.70826721191406,251.55155102458107,247.58813254603385,250.70826721191406,4948000
2019-12-05,253.82844273590842,258.0448620504584,252.98515887299843,255.09336853027344,4748000
2019-12-06,257.20155593394446,260.15304919876024,255.0933464590761,255.93663024902344,3793000
2019-12-09,259.7314115825452,260.5746953863847,255.51499256334807,256.3582763671875,3023000
2019-12-10,255.09334378816607,255.93662756928398,251.8888757139095,252.81646728515625,4752000
2019-12-11,253.82842077415506,257.6231978289182,253.82842077415506,255.93663024902344,3666000
2019-12-12,256.7799544223519,257.20159638363657,252.98517677079008,253.82846069335938,2819000
2019-12-13,261.4180076083953,265.2127851381946,260.1530817651289,262.26129150390625,10134000
2019-12-16,263.5262144505007,264.7911402798631,258.0448691899303,258.8881530761719,3574000
2019-12-17,259.73144815134447,260.1530901126291,252.81650969228303,253.82846069335938,4496000
2019-12-18,255.0933786945888,255.0933786945888,247.58815716263703,248.60008239746094,7315000
2019-12-19,246.1545345511367,246.1545345511367,241.1791653088931,243.79335021972656,8385000
2019-12-20,241.9381195973141,244.04632911931054,239.57693522666992,241.43214416503906,7467000
2019-12-23,241.01052320084332,241.51649867708005,239.49262250711487,240.0829315185547,3029000
2019-12-24,241.17917883839212,242.44410460153054,237.38440154897685,239.32394409179688,3826000
2019-12-25,238.143330161473,238.7336390911439,235.44483755363873,236.96273803710938,4175000
2019-12-26,234.93887467867802,239.07096020183732,234.85454115065852,238.22767639160156,3354000
2019-12-27,238.64928462798355,239.91421016488098,238.14330926622938,239.23959350585938,3603000
2019-12-30,238.81799644550495,238.81799644550495,234.9388855912455,237.80604553222656,3618000
2020-01-06,232.07172530020839,233.4209588692367,230.30082407213283,233.16798400878906,5227000
2020-01-07,233.75830375625767,235.44487153015567,232.07173598235966,234.3485870361328,3808000
2020-01-08,231.73438483247253,231.73438483247253,228.61425012073886,230.80679321289062,7214000
2020-01-09,234.93888523686462,235.02321876867407,233.0836504769796,233.16798400878906,4266000
2020-01-10,233.08365316710183,233.58962862881748,230.55380159350452,231.90306091308594,4737000
2020-01-14,234.01125879015996,235.1075174562661,230.89109837896592,232.07171630859375,4640000
2020-01-15,230.04781863907013,230.46946055427003,228.6985850984146,229.71051025390625,5023000
2020-01-16,228.6986149083274,229.79487373674783,226.7590464046051,229.4575653076172,4352000
2020-01-17,230.72247837934805,235.02323138264927,230.55381130667658,234.43292236328125,6711000
2020-01-20,235.69783225201255,236.79409094523908,233.6739561918357,234.179931640625,3018000
2020-01-21,232.91500555896272,233.16798041551183,230.46946184907978,232.9993133544922,6451000
2020-01-22,230.55378801169022,234.09559030007296,230.13214610759607,233.58961486816406,4833000
2020-01-23,231.3127453296871,232.15602916353205,229.20453574507462,231.14410400390625,4996000
2020-01-24,229.87918748344435,231.98739715270744,229.37321201582495,230.6381378173828,8089000
2020-01-27,223.38588225310096,226.84335111599128,222.37395709431516,224.90380859375,8965000
2020-01-28,220.0970827484516,222.79560133667772,219.67544082747756,222.45826721191406,7675000
2020-01-29,223.72318367765524,224.31349263647988,221.6149741603951,222.9642333984375,4196000
2020-01-30,220.85603117338817,221.27767309076197,217.39856230392715,218.91648864746094,6772000
2020-01-31,218.41051916942465,221.53067973726596,217.98887724052614,219.42247009277344,5284000
2020-02-03,213.60380728806624,217.14559697592293,213.01351115133855,216.80828857421875,5313000
2020-02-04,216.4709867110021,218.07322096872835,214.78440604906604,217.56724548339844,4511000
2020-02-05,222.20527586521158,223.3015344844071,220.60304183139553,221.95230102539062,7452000
2020-02-06,224.81947889430035,226.00007113382418,220.0970842012243,220.68739318847656,10025000
2020-02-07,220.94038907398158,220.94038907398158,216.5553023556192,220.0127716064453,7922000
2020-02-10,215.88067413309594,217.82021677076776,215.20604445293182,217.39857482910156,6422000
2020-02-12,217.90454877989507,218.83216619206004,215.6276848843429,218.49485778808594,4978000
2020-02-13,218.74781315894816,220.60304781790936,217.73588803722515,218.0731964111328,3808000
2020-02-14,216.2179745043281,217.820208676121,214.86872806163157,217.73590087890625,5290000
2020-02-17,214.78438008836216,218.0731946105098,213.51945439541834,217.98886108398438,4332000
2020-02-18,216.80826548431972,218.24183247263414,214.70005602946438,216.21795654296875,3823000
2020-02-19,217.73589330564704,217.73589330564704,214.615732867801,215.54335021972656,4461000
2020-02-20,217.5672254041028,219.92840980441895,216.8082751136426,216.89260864257812,4380000
2020-02-21,215.12170351003033,217.22991301966414,214.19408617879557,215.20602416992188,5582000
2020-02-25,208.206776368389,211.74857881452633,207.36349252264017,210.14633178710938,8861000
2020-02-26,207.86946142989294,209.47169553935456,206.94184408178992,209.3873748779297,5032000
2020-02-27,206.4358686481578,206.7731770078201,203.06273358157839,205.00228881835938,7578000
2020-02-28,199.94261526785536,201.29186177002367,196.65380037961995,200.44857788085938,9453000
2020-03-02,195.388866071385,198.93065567876093,191.42543453771452,198.08737182617188,11417000
2020-03-03,201.71349803395327,201.96648576707614,194.12394324521136,195.22021484375,7290000
2020-03-04,191.42544695591823,194.12395288576332,188.89559523403386,193.1120147705078,8654000
2020-03-05,195.64183740058976,195.89482510865736,191.4254184910943,193.19631958007812,6058000
2020-03-06,189.31720908912453,189.73885098019161,185.60676559472986,187.20899963378906,7505000
2020-03-09,177.0896057081943,177.9328895449,168.90975506564718,170.09034729003906,11937000
2020-03-10,164.44033677629645,166.9701881113164,159.12764639925672,165.87391662597656,14978000
2020-03-11,166.21126827100403,170.42768793422087,164.3560333251953,164.3560333251953,8241000
2020-03-12,160.47690857463962,162.41646387437308,155.16421809884432,155.41720581054688,9187000
2020-03-13,140.65974566937695,152.21273158756682,140.65974566937695,147.06869506835938,17636000
2020-03-16,149.5985608705128,151.7067706509174,141.92468499033492,142.26199340820312,9315000
2020-03-17,138.38289177402186,149.93587851673482,136.61199045446756,146.3940887451172,11824000
2020-03-18,147.74333071333223,152.46572550876598,146.30975071498327,147.57467651367188,8835000
2020-03-19,150.94780108632594,152.80302288372138,147.32167815153636,149.51422119140625,9015000
2020-03-23,151.70678526572718,154.3209707922653,142.9366368813605,148.24932861328125,10540000
2020-03-24,152.97167571471252,160.139587993238,150.18884947704134,160.05526733398438,8712000
2020-03-25,171.01796042420193,171.69259005036542,165.28362790304723,169.668701171875,9105000
2020-03-26,166.37989889637925,168.74109614653239,163.34407202225523,165.0306396484375,5745000
2020-03-27,171.1866139557402,174.1381072998047,168.57242898971572,174.1381072998047,9045000
2020-03-30,167.27813539519232,174.0501708984375,167.102240983397,174.0501708984375,7336000
2020-03-31,173.17068224976848,179.06324558617646,171.6755596470507,172.8188934326172,7174000
2020-04-01,171.4996431321726,174.4898879521656,165.51914007230516,167.19017028808594,5525000
2020-04-02,162.6168391996639,164.81555261999404,160.15429090479952,160.76992797851562,6087000
2020-04-03,171.49964992832025,174.48989486680995,158.3073691646033,161.56146240234375,5733000
2020-04-06,158.21941340714656,164.11197614857267,153.55815166107297,162.0891571044922,7702000
2020-04-07,165.60711925554747,167.8937734611112,159.45072086998724,165.9589080810547,7175000
2020-04-08,165.8709340683772,167.6299046802587,160.9458109871567,165.16734313964844,5553000
2020-04-09,165.69502390362322,169.74066162109375,164.6396442355511,169.74066162109375,4787000
2020-04-10,172.46710656091182,174.31401800161424,168.59736242918063,172.29119873046875,5203000
2020-04-13,169.56479645545073,170.70813021776192,167.4540233358263,167.98171997070312,3750000
2020-04-14,168.59735899274094,171.4117097639834,166.39864535585104,170.62017822265625,3204000
2020-04-15,167.6299308409836,168.68531068884144,165.3432633207226,167.54197692871094,5661000
2020-04-16,163.7601919510925,164.11199419128255,161.8253265996387,162.4409637451172,5189000
2020-04-17,166.92633193092976,169.82863644059086,165.51914992022068,168.685302734375,5364000
2020-04-20,167.80581209531357,171.85143676504146,166.48658403390368,170.180419921875,3492000
2020-04-21,167.3660564045003,167.71784515892432,164.11196345649572,165.16734313964844,4309000
2020-04-22,161.8253095133731,163.23249148578995,159.8904443662113,162.96864318847656,4827000
2020-04-23,164.6396707078658,168.59735516440045,164.6396707078658,168.50941467285156,3717000
2020-04-24,168.9491590057766,169.91658494136175,166.8383858901781,167.54197692871094,3746000
2020-04-27,168.6853140664672,175.54530334472656,168.59736015243342,175.54530334472656,4629000
2020-04-28,175.8091335026185,176.42478404447468,172.20325126255545,174.75375366210938,3790000
2020-04-30,181.1739882327983,181.61373092268374,179.32706356732675,179.59091186523438,4995000
2020-05-01,176.07297854848662,176.60067516888458,171.49965704460695,173.52247619628906,4656000
2020-05-07,169.8286473044266,173.78633186534907,169.38890457543522,171.49966430664062,3722000
2020-05-08,174.13809982867846,175.89707053401867,173.1706605727888,175.72117614746094,3657000
2020-05-11,178.71141832499262,183.5485876928535,178.18373517315476,183.02090454101562,5180000
2020-05-12,182.66911816028673,182.66911816028673,177.919902283372,180.7342529296875,3351000
2020-05-13,176.33681279408916,180.47039125790448,176.07296450493467,180.20654296875,3942000
2020-05-14,178.7114302488776,178.7114302488776,173.0827290677642,173.17066955566406,4634000
2020-05-15,177.04042913752437,177.65606628721628,173.34659281948962,176.77658081054688,4272000
2020-05-18,178.18375844924782,178.27169894276778,172.6429974019338,173.7863311767578,3262000
2020-05-19,181.17399854952785,184.3401514649484,180.9101502365957,181.52578735351562,7224000
2020-05-20,203.51294178146253,216.96907277739294,203.42500128233436,210.63677978515625,37423000
2020-05-21,213.0113664269337,220.22314420005657,209.8452269611123,219.7834014892578,25632000
2020-05-22,219.3436538112384,222.94954932608255,215.3859695036748,216.35340881347656,14208000
2020-05-25,220.04725046025243,221.8062213087275,218.72802232389614,220.6628875732422,7048000
2020-05-26,222.50982608389103,229.28187500495963,221.80623501704036,228.4023895263672,11114000
2020-05-27,228.7541611665112,236.75748378846987,227.3469791385133,233.7672119140625,9470000
2020-05-28,236.7574923992691,237.8128588288273,231.39262581977616,234.0310821533203,8014000
2020-05-29,231.30466773988357,234.64670163291873,229.54569688254605,231.48057556152344,8207000
2020-06-01,231.04083219062377,232.36006032987797,227.96263319903068,230.60108947753906,5848000
2020-06-02,231.39264112757962,234.8226292201451,230.337247788436,230.8649444580078,4931000
2020-06-03,236.14184348628206,238.6043920120576,231.48058133400485,233.0636444091797,6379000
2020-06-04,235.61414092809355,236.49362635659688,226.81928664306008,228.31442260742188,7393000
2020-06-05,229.28186676752324,232.44799290489286,227.61082294641992,231.74441528320312,5115000
2020-06-08,237.28515390431554,238.6923359343306,233.15158856336703,234.2069549560547,4551000
2020-06-09,234.3828716012062,235.70209977156946,231.9203230857678,234.9105682373047,4148000
2020-06-10,234.91060354502235,241.77058032607857,234.7346956932948,239.22007751464844,12935000
2020-06-11,237.63697849067526,237.63697849067526,232.008250158646,234.9105682373047,8481000
2020-06-12,227.87467036109476,233.41541759298838,223.4772434025239,232.62388610839844,9026000
2020-06-15,232.79979896512648,233.8551653541844,224.6205685411628,225.3241729736328,7360000
2020-06-16,230.95288563186327,237.46107262473615,228.13852144262663,234.38287353515625,10009000
2020-06-17,236.0538653346197,240.09950335991897,234.7346372941806,238.25257873535156,9024000
2020-06-18,237.37313478664666,246.9595215183046,236.8454381104576,242.4741668701172,13243000
2020-06-19,242.4741568615441,242.8259456845601,235.61415403378135,240.01158142089844,9545000
2020-06-22,240.09953624179352,244.1451748211471,238.3405652803152,241.330810546875,6693000
2020-06-23,244.05718968084673,246.87155359505377,239.65976283975039,240.8910369873047,8433000
2020-06-24,240.62721695929434,240.62721695929434,235.3503044243965,237.28515625,6716000
2020-06-25,233.67929432304422,234.03108313437164,228.75417044516266,232.1841583251953,6885000
2020-06-26,233.4154197005069,235.1743904998171,228.57825000240393,229.36978149414062,6835000
2020-06-29,227.5229037456627,229.28187470051196,225.14828222070943,227.962646484375,3904000
2020-06-30,233.94312957361598,237.19723647276436,228.57826296356106,229.45774841308594,8018000
2020-07-01,232.62391575570342,234.64672167854164,228.93006590382683,231.3046875,5375000
2020-07-02,229.63362868240415,232.97566225364162,227.17105361538887,230.24925231933594,3762000
2020-07-03,231.92033552962565,234.03109534750809,227.69878905409348,230.95289611816406,2376000
2020-07-06,231.7444062011538,236.22978717300003,231.1287556764782,233.7672119140625,3687000
2020-07-07,235.79005467399497,236.5815862115824,231.56850840725215,233.0636444091797,2865000
2020-07-08,230.24927383525912,233.67928846913216,229.54569623022962,230.60108947753906,3217000
2020-07-09,230.42520112426058,232.53596095744533,227.96265245883959,229.98545837402344,4577000
2020-07-10,228.9300611659008,229.1059689989277,223.03752451623774,224.268798828125,6641000
2020-07-13,228.22646256196705,232.53593567784318,228.22646256196705,231.12875366210938,5492000
2020-07-14,230.952892656136,231.21672756450363,227.87469347293478,229.28187561035156,3333000
2020-07-15,233.06363228871393,234.11902551045546,229.54569066926166,231.12875366210938,4059000
2020-07-16,239.22003184413978,246.16796122460119,236.22978681404098,242.3861846923828,14676000
2020-07-17,246.43182550226894,248.5425851430214,237.8128522795293,239.5718231201172,6285000
2020-07-20,238.34054916004698,239.92361218239958,234.11902987393003,236.8454132080078,5246000
2020-07-21,235.70211537218046,235.87802320911152,231.56852276220903,235.35032653808594,6075000
2020-07-22,235.3502961906652,238.16463334029208,232.27209731966562,232.62388610839844,3924000
2020-07-27,231.3046614789878,231.3046614789878,229.0179940583909,231.12875366210938,5151000
2020-07-28,232.9757068646273,233.76723845782632,230.24929640825923,231.21673583984375,3541000
2020-07-29,230.51313779606147,230.95288051339858,226.11571062269047,227.34698486328125,4095000
2020-07-30,228.7541807806083,228.7541807806083,224.09290501056057,225.14828491210938,3410000
2020-07-31,222.3339243236726,222.50981872960082,216.79316330769407,220.48699951171875,7813000
2020-08-03,222.8616088138928,227.25903608662063,221.2785457316172,222.2459716796875,5019000
2020-08-04,226.6434384644139,230.42521561842696,226.4675306173471,228.66624450683594,5540000
2020-08-05,226.8193194717115,229.54573006263143,225.76395290861836,228.66624450683594,3773000
2020-08-06,230.42517210379214,234.20694854363575,227.78671593466473,229.0179901123047,5517000
2020-08-07,207.03088123911516,208.17421507257868,199.7311623282988,206.67909240722656,23092000
2020-08-11,205.7995988866926,215.91368173796167,205.00806733585088,213.62701416015625,10323000
2020-08-12,212.21982876004625,218.20033213742207,211.25238945639643,214.5944366455078,6293000
2020-08-13,214.68239488161646,218.2882770263524,211.0764993169981,211.78009033203125,8900000
2020-08-14,211.8680311560102,213.802909805377,209.6693176179865,212.21983337402344,6103000
2020-08-17,211.42829572254078,215.6498285447635,210.9885529998068,213.36317443847656,4972000
2020-08-18,213.80291619549087,215.122144357734,210.28497442950916,212.0439453125,4398000
2020-08-19,215.47392238624744,217.93648418320956,213.80290549896003,215.0341796875,6525000
2020-08-20,214.68239979936178,217.67264490689737,213.27521773706107,215.2100830078125,4227000
2020-08-21,216.881117507823,219.3436660338454,214.41855556191766,215.1221466064453,3772000
2020-08-24,214.68239020827383,215.21007339314994,212.04393402424697,214.15469360351562,3244000
2020-08-25,219.34365006317304,224.35672750299773,218.2882702831665,222.77365112304688,9275000
2020-08-26,221.0147097628004,221.8941952664965,219.43163317217073,221.45445251464844,3306000
2020-08-27,222.77367315516807,223.74109912423415,219.69547399745323,219.87136840820312,3199000
2020-08-28,220.48697756503202,225.2362065716664,218.11236977165564,220.22312927246094,4393000
2020-08-31,224.26878863625842,227.96263824382075,222.33392333984375,222.33392333984375,4442000
2020-09-01,220.66289166399952,221.36648270040956,218.90392078291578,220.574951171875,3564000
2020-09-02,221.36648432170082,221.89418095784393,218.20034476449098,219.60751342773438,3243000
2020-09-03,228.40238653720567,229.72161473782927,220.6628983230207,220.83880615234375,4404000
2020-09-04,216.52930811332365,220.04724979971357,216.0895654025249,219.7834014892578,3342000
2020-09-07,219.25573759715465,222.24598292597133,218.9039353456044,219.6954803466797,6128000
2020-09-08,221.6303253173828,222.68570513491764,220.0472488811393,221.6303253173828,2624000
2020-09-09,218.112381319165,218.90391281890257,216.8811071151549,218.5521240234375,3636000
2020-09-10,220.92673503100383,226.46749586627166,219.7834012999355,225.67596435546875,9207000
2020-09-11,226.73133432310314,227.69877366919783,223.74108921316395,227.34698486328125,4486000
2020-09-14,228.05056345416526,234.20696152331487,228.05056345416526,231.83236694335938,4968000
2020-09-15,231.83233940818687,231.83233940818687,226.64338130558784,229.8974609375,5497000
2020-09-16,226.29160290593185,229.10596717333442,224.35675095688853,228.4023895263672,4854000
2020-09-17,228.57826991002557,229.89749812440405,225.58802465872103,227.5229034423828,2852000
2020-09-18,226.73134072013966,226.90724854794377,222.59777516440505,224.00494384765625,4877000
2020-09-23,221.71828278344228,223.3013458251953,220.0472524106502,223.3013458251953,3106000
2020-09-24,220.39904445827923,221.982107426933,219.25571076545435,221.36647033691406,3521000
2020-09-25,223.4772488100132,224.4446747123784,221.19058136827292,223.03750610351562,3961000
2020-09-28,226.02775831073464,226.64340885526934,222.59777045918634,226.37954711914062,3200000
2020-09-29,226.29158545366138,226.8192820680727,224.3567336538395,225.3241729736328,2436000
2020-09-30,225.06032084081036,226.3795490131947,218.90392270301692,220.04725646972656,5543000
2020-10-02,220.04725970242325,220.7508507553412,214.15470979651627,215.47393798828125,5962000
2020-10-05,217.84853624571986,221.3664779321098,217.23289913457813,219.7834014892578,3666000
2020-10-06,221.98212110966105,224.5326369539247,220.31110413091267,222.33392333984375,3692000
2020-10-07,220.48700200970362,224.2687921694793,218.90392549864833,224.00494384765625,3431000
2020-10-08,224.7965024320087,226.90726229470354,223.12547190581503,224.97239685058594,4344000
2020-10-09,223.82904277847203,225.5880136451005,222.50981462850066,223.7410888671875,2586000
2020-10-12,222.24597546611582,222.24597546611582,219.51957856250448,221.71829223632812,2781000
2020-10-13,222.15802988582075,223.91700078461622,220.13521066822938,223.6531524658203,2378000
2020-10-14,220.31107719928187,220.31107719928187,217.4087728995067,218.6400604248047,4584000
2020-10-15,220.0472439257249,220.75083492819758,217.6726360347765,218.20033264160156,1780000
2020-10-16,220.48700660191074,221.5423864913009,217.49676134532473,218.02444458007812,3666000
2020-10-19,218.11238829425042,221.01469291923917,218.11238829425042,219.25572204589844,2095000
2020-10-20,219.16777070424277,220.92674159820922,218.20034476449098,219.60751342773438,2900000
2020-10-21,219.87135390764635,225.0603124919138,219.87135390764635,223.9169921875,3415000
2020-10-22,223.2134082154767,228.4023803833869,223.03751381077598,227.259033203125,3770000
2020-10-23,228.7541682233394,230.3372312788199,226.81928952018268,229.10595703125,3309000
2020-10-26,230.33722966953886,234.11903313751117,229.36979032471962,230.07339477539062,3338000
2020-10-27,229.36981117884267,231.65647888183594,227.87470190979283,231.65647888183594,2720000
2020-10-28,228.7541643877336,230.4251813271146,226.64340473589627,230.16134643554688,3122000
2020-10-29,226.64342122642202,233.503397303965,225.9398167314387,232.36007690429688,3730000
2020-10-30,232.09620215813854,232.8877336858788,227.25903224001232,229.10595703125,3397000
2020-11-02,230.60108556896796,235.35030142183322,230.42517775080952,233.3274688720703,4393000
2020-11-04,241.4187440221074,245.28847444175838,239.13207659784308,240.62721252441406,10061000
2020-11-05,242.5620872424022,246.51977194473142,239.39596095235257,244.8487548828125,8980000
2020-11-06,222.86160194866724,222.9495558593656,211.2523969902626,216.17752075195312,29917000
2020-11-09,216.26546567261448,217.32085894308233,212.04394627027466,213.36317443847656,10382000
2020-11-10,218.99187983298788,219.87136529416455,211.692147821245,215.47393798828125,10929000
2020-11-11,219.87134541392538,221.45442178488204,214.6823870301095,218.28826904296875,7868000
2020-11-12,219.16777162768423,220.22315148453427,213.36317570506762,215.1221466064453,6079000
2020-11-13,214.24265077474575,215.73777328449486,210.10905862089277,215.38597106933594,6056000
2020-11-16,217.76061027565578,220.92674995259375,216.44138205529407,218.9039306640625,6967000
2020-11-17,220.31109222913744,220.92672932384522,215.0341798404156,218.20033264160156,5274000
2020-11-18,215.56189190235216,215.7377863106109,212.48369278823387,215.47393798828125,6733000
2020-11-19,215.56188029543728,215.56188029543728,209.22957458002142,211.78009033203125,7463000
2020-11-20,212.6595760816282,213.802909805377,210.81265134173532,212.21983337402344,3872000
2020-11-24,216.35340881347656,219.51956162748033,216.00162002075714,216.35340881347656,6941000
2020-11-25,219.7834174836091,227.43495194424017,218.28829484206497,224.268798828125,11621000
2020-11-26,225.1482690993823,236.31774474764055,224.62057247572758,230.60108947753906,12599000
2020-11-27,234.2069837756078,239.30801590713216,234.1190566952212,235.17442321777344,11648000
2020-11-30,234.82260185674767,236.40566484122448,231.04082537173952,232.5359344482422,9636000
2020-12-01,239.22004859886258,254.8748792786168,237.63698548374734,248.19081115722656,19650000
2020-12-02,248.89437677518893,256.6338378259318,248.01489134488793,252.58822631835938,14800000
2020-12-03,256.8097125655253,263.0540636842147,256.0181811481729,259.7999572753906,15095000
2020-12-04,259.27229407157563,262.0866581839538,255.49051745784755,260.5915222167969,7985000
2020-12-07,262.4384830311136,265.6046363824342,251.88465641989106,255.57850646972656,9553000
2020-12-08,251.2690237469659,257.68925730570595,249.1582370275962,254.43515014648438,5640000
2020-12-09,254.7869158318616,258.9204808600405,253.7315226792663,257.77716064453125,5540000
2020-12-10,256.1941166384554,257.9530876468616,253.2038712921184,254.61105346679688,4812000
2020-12-11,254.87485610324734,256.80973470335636,248.89436616797894,252.4123077392578,5403000
2020-12-14,252.4123223465488,258.3048855553536,251.9725796246907,254.69898986816406,3691000
2020-12-15,255.0508140319385,257.68927072882065,253.81953960801405,254.96286010742188,3044000
2020-12-16,257.68925561564885,261.11924375247696,256.19411950586255,259.00848388671875,5505000
2020-12-17,257.7772046611996,258.83257115424095,254.4351436671504,255.1387481689453,5304000
2020-12-18,255.1387076709801,256.63381667541296,252.50025159752582,253.11587524414062,4921000
2020-12-21,254.6110343505929,258.3048839268186,253.73154891242157,255.6664276123047,7494000
2020-12-22,254.08331974078544,257.68921515008753,251.3569097074222,252.14846801757812,4779000
2020-12-23,249.33412872812806,249.33412872812806,240.71518192775363,244.23312377929688,8404000
2020-12-24,247.22335809506978,247.8389817881121,243.26567368641798,244.0572052001953,4898000
2020-12-25,241.85849322214955,243.3536291888835,240.27543018423796,243.0897674560547,3985000
2020-12-28,244.4089975392945,245.55234471108983,238.86825002289532,242.56207275390625,5297000
2020-12-29,242.7379934348446,246.25593536868294,241.15493030052414,245.81619262695312,4648000
2020-12-30,246.69564188270851,246.69564188270851,243.35360827225261,244.67283630371094,2977000
2021-01-04,246.7836166649214,247.3992403611616,239.22003661003347,242.6500244140625,3842000
2021-01-05,239.65977652392087,245.55233956335078,239.22003381470265,245.02464294433594,3597000
2021-01-06,246.69567795752354,250.74131654688372,245.90414639085387,248.9823455810547,6364000
2021-01-07,256.37002022972524,259.6241272772958,255.05079199526693,255.22669982910156,7107000
2021-01-08,257.8651623117618,259.8879682491987,255.31463286051383,257.24951171875,6341000
2021-01-12,254.87489123479264,259.8879694007653,253.73157080243925,259.00848388671875,4130000
2021-01-13,258.9205021173904,264.72511125369687,258.48075940766665,262.5263977050781,5511000
2021-01-14,263.8456258342494,269.5622810606581,258.7446211373599,262.5263977050781,6938000
2021-01-15,262.1746025510532,263.581784556017,255.84229694859826,257.3374328613281,5172000
2021-01-18,253.46770557735266,256.19408887309294,251.35691912421035,255.40255737304688,2835000
2021-01-19,255.84232084475448,256.19410966891206,249.68592248281237,251.26901245117188,5738000
2021-01-20,255.0507597359768,256.28203389778395,251.00512162738443,253.0279541015625,4483000
2021-01-21,254.69901821621715,256.01824652862183,250.47747151266094,251.1810760498047,4308000
2021-01-22,248.71845904995484,248.80641295743595,245.02463649362736,247.39923095703125,5799000
2021-01-25,248.19078722088025,251.9725636532432,246.60769741867685,250.65333557128906,4730000
2021-01-26,252.50030436220936,254.7869721383312,249.68593989317188,251.1810760498047,4768000
2021-01-27,251.1810506696153,254.69899248056296,249.3341258509146,251.88462829589844,5317000
2021-01-28,246.43184171548128,252.3243783152727,246.34388779971223,250.3895263671875,6052000
2021-01-29,251.18102514685245,251.26897905114225,246.87155223428476,247.75103759765625,5990000
2021-02-01,252.41233862496546,258.65669104601045,251.0051564563153,256.4579772949219,10018000
2021-02-02,259.8879443230525,264.28537146895866,258.48076226840953,263.31793212890625,10515000
2021-02-03,264.72511324400136,269.5622830873303,262.08665696582193,265.16485595703125,7242000
2021-02-04,266.92384722309725,273.95973116966985,263.84564799647177,272.6405029296875,9707000
2021-02-05,255.0507924737765,255.9302779650654,245.20054423543414,252.5002899169922,28476000
2021-02-08,255.93028062670714,259.3602687104518,253.46773196139495,256.4579772949219,10352000
2021-02-09,259.80001718530764,261.558988224937,251.70876650687325,254.43515014648438,9134000
2021-02-10,253.81950539979758,256.28205391575943,252.67615821471355,252.85206604003906,4701000
2021-02-12,253.64356880870423,255.6664012114742,251.53280934300915,255.05075073242188,4456000
2021-02-15,257.6892544738248,259.7120604112617,255.13875186234458,257.24951171875,4714000
2021-02-16,257.68924012476083,261.03127414132564,256.19410410485403,258.5687255859375,4867000
2021-02-17,258.6566533536949,263.84561168215794,257.6012601710608,261.11920166015625,5950000
2021-02-18,261.64687857983483,262.61431778455295,252.5881906623872,253.55560302734375,7153000
2021-02-19,251.53283529937582,252.5882285610137,248.19080137046518,249.33412170410156,5081000
2021-02-22,252.41233599990986,255.75437013090075,251.53285050862098,252.5002899169922,3822000
2021-02-24,258.304881615316,259.27229411683487,252.5002724073762,252.58822631835938,4838000
2021-02-25,252.41232040998372,252.5002743216337,248.10284713679076,248.89437866210938,7083000
2021-02-26,246.16796291746942,249.33411578748573,242.1223246302133,244.58489990234375,7483000
2021-03-01,246.4318117855757,248.5425713088407,244.58488713780747,247.6630859375,4350000
2021-03-02,248.71845644074904,250.38950014606675,244.49693732358554,247.0474395751953,3182000
2021-03-03,249.94976092193062,253.20384079164094,247.3992317951597,251.4448699951172,5173000
2021-03-04,250.65335148178298,251.53283692557872,244.32104555054744,248.36668395996094,4723000
2021-03-05,248.45463851044926,249.597958854414,245.02465063878913,249.2461700439453,3802000
2021-03-08,250.5653844430457,251.8846125396287,246.69565406102177,248.27871704101562,4847000
2021-03-09,253.73156541977397,256.809764653636,249.8618346080151,254.25926208496094,6934000
2021-03-10,253.2038538669133,259.1843709877825,252.41232233555635,257.8651428222656,5172000
2021-03-11,257.95307053316844,260.7674346958086,257.2494929123913,258.74462890625,3975000
2021-03-12,260.3276879746366,262.26256666170565,257.5133238552209,261.47100830078125,5356000
2021-03-15,265.60461364948867,268.68281281430063,263.8456426981676,264.7251281738281,5369000
2021-03-16,266.0443377823194,267.8033086106323,262.1746073279841,263.49383544921875,4439000
2021-03-17,262.5264149159353,263.3179464773767,259.62412357739447,261.99871826171875,3664000
2021-03-18,266.0443433439007,269.1225423577971,264.725115195088,267.8033142089844,5784000
2021-03-19,267.363587622549,270.44178682215073,265.60461665134807,269.12255859375,3737000
2021-03-22,268.2430412894801,269.1225266707571,265.16484245501067,267.3635559082031,3470000
2021-03-23,268.24307007647036,270.0020410277915,264.28538543599785,264.7251281738281,4461000
2021-03-24,260.32768307400846,260.50359089307256,254.34719298253856,258.041015625,6145000
2021-03-25,259.6240926311488,264.7250970544318,259.44818482078864,261.11920166015625,5021000
2021-03-26,266.4840997354874,269.56229890734943,264.72512878013765,265.6046142578125,5171000
2021-03-29,270.88151256177923,271.7609979921746,264.72511454901155,266.923828125,4842000
2021-03-30,267.55189792906236,272.7557801505588,266.92383090391854,270.9613342285156,3144000
2021-03-31,270.5127230557529,270.961334536774,264.6807738024779,266.4752197265625,4940000
2021-04-01,267.9107881613655,269.61550635260505,264.41162400438475,265.5780029296875,3569000
2021-04-02,267.37246431778794,268.5388433103688,261.8993983303701,264.949951171875,3535000
2021-04-05,266.74436347318516,269.6154877729459,264.50130617058164,266.6546630859375,3609000
2021-04-06,269.1668978994454,269.61550939594446,263.24522066944303,265.9368896484375,2820000
2021-04-07,264.949908533975,270.06408996074254,264.05268564374,269.615478515625,5284000
2021-04-08,268.26964418027245,269.615478515625,265.5779755095674,269.615478515625,2963000
2021-04-09,270.0641176126198,272.3071750678741,268.2696716484163,268.4491271972656,3196000
2021-04-12,267.9107974487071,268.09022562285776,264.6807891221878,265.0396728515625,2773000
2021-04-13,264.7704894755364,267.73131416254483,264.68076170721815,266.6546630859375,2613000
2021-04-14,264.7705202695349,265.84717147136166,261.63023968066125,262.97607421875,3229000
2021-04-15,262.43770450797456,263.96299442677395,260.3741027411948,262.1685485839844,2634000
2021-04-16,265.1293853557885,266.56494757166195,262.6171720138138,265.667724609375,3366000
2021-04-19,267.3724488039093,270.5127292428814,265.30884689644233,266.385498046875,4118000
2021-04-20,262.7068815967965,264.3218994140625,261.0918911606034,264.3218994140625,2932000
2021-04-21,257.95160521508683,260.19466265173975,253.10660662813092,257.86187744140625,6515000
2021-04-22,259.1179596614818,260.3740936122498,256.7852020525003,259.02825927734375,3326000
2021-04-23,256.2468719845939,256.2468719845939,253.37574768193167,255.4393768310547,4035000
2021-04-26,258.0413362738023,258.6693759354171,254.72160027286463,255.79827880859375,2640000
2021-04-27,256.5160492497664,257.68245557398126,254.54217508590523,256.15716552734375,1735000
2021-04-28,257.59273061323137,261.54050636517024,257.4132750595224,258.5796813964844,3689000
2021-04-30,261.00216985757396,264.14245041332595,260.0152190638372,260.5535583496094,5168000
2021-05-06,262.34799174581883,267.64160180862626,261.63022432007523,265.2191162109375,4801000
2021-05-07,265.57798459297425,268.62853704789563,264.0526946749782,267.462158203125,3860000
2021-05-10,270.51270446777346,273.2043731689453,267.9107635328546,269.1668701171875,5458000
2021-05-11,265.5780029296875,266.8341096294918,263.42467324701266,265.5780029296875,3968000
2021-05-12,263.5144322384725,264.59108351681806,257.4132988035449,261.0919189453125,5872000
2021-05-13,268.8977541693699,279.03636349839314,264.8602505174639,267.0135803222656,14284000
2021-05-14,268.26964418027245,270.96131285097755,262.52742315898223,269.615478515625,7682000
2021-05-17,270.06413675696473,270.96135980266894,259.5666161697958,263.69384765625,6115000
2021-05-18,263.42468573144623,264.1424531993307,259.8357936298763,262.97607421875,3755000
2021-05-19,260.1946688030035,261.6302310726139,257.1441160932518,257.77215576171875,5389000
2021-05-20,257.32352913821984,258.84881909397507,254.90104362040253,255.52908325195312,3694000
2021-05-21,254.54215695498087,257.50298168041087,253.37575071384865,254.36270141601562,3959000
2021-05-24,255.08045345605362,256.24685962697805,252.11962890884013,252.9271240234375,4518000
2021-05-25,254.90104960271836,258.57966923211353,254.09355441116134,257.50299072265625,4653000
2021-05-26,255.70852961581215,262.7068573686589,254.5421507840278,262.6171569824219,6366000
2021-05-27,263.24521175015934,265.2191132203046,261.45076582496256,263.6040954589844,6452000
2021-05-28,265.8471527731893,266.8341035079193,262.6171720138138,265.667724609375,4815000
2021-05-31,263.15546877071995,263.9629912952517,258.669354216967,261.36102294921875,4723000
2021-06-01,262.9760619372585,264.68078012967584,261.09188819571415,263.9630126953125,4336000
2021-06-02,262.8863098144531,267.64158023409544,261.8096313815564,264.6807556152344,4511000
2021-06-03,264.5012879859521,268.8079741395059,263.4246369833652,267.2826843261719,4403000
2021-06-04,264.6807800379675,266.834109721384,263.69382928025556,264.7705078125,4173000
2021-06-07,264.7704833645832,267.10326838166384,264.68075559833585,265.4882507324219,2758000
2021-06-08,263.33494880918795,263.69383253066906,261.71995837198665,262.2582702636719,2762000
2021-06-09,263.15549024626677,263.60410173825227,261.27134388478567,261.8993835449219,2423000
2021-06-10,259.65634141289485,261.1816315281147,258.5796901972168,260.4638366699219,3029000
2021-06-11,259.7460234894169,259.9254790176577,256.78519894092904,258.2207336425781,4348000
2021-06-14,258.4002107355327,259.29743368947555,252.92714524026718,255.08047485351562,8342000
2021-06-15,256.33656608236873,258.22071206611463,255.3496155216508,256.0673828125,4814000
2021-06-16,255.4394071400172,257.77216510901735,255.17022380285067,256.42633056640625,3810000
2021-06-17,253.73466499592885,254.3627320769436,251.4916073938394,253.55523681640625,6531000
2021-06-18,250.7737976052652,250.7737976052652,245.74934394805132,247.81297302246094,10125000
2021-06-21,242.5193756205806,243.5960542159537,241.08384066818195,242.78855895996094,7063000
2021-06-22,248.35128479560282,250.05603019005844,246.9157500776375,248.79989624023438,6542000
2021-06-23,248.9793793083762,251.04298122949405,247.0952055563145,248.4410400390625,4492000
2021-06-24,247.09519657234745,248.08214730002663,245.6596343667297,246.73631286621094,5144000
2021-06-25,247.72329608061025,253.8244020282522,247.72329608061025,253.01690673828125,6421000
2021-06-28,252.56825865794275,253.46548160166546,250.86354054108386,253.10659790039062,3393000
2021-06-29,250.68411567715043,251.94022247586287,248.2616298612924,250.23550415039062,3701000
2021-06-30,251.31218007028258,252.5682868555161,247.72328789471572,248.26162719726562,4251000
2021-07-01,248.1718872997457,249.69714997124652,245.8391020233099,247.1849365234375,3207000
2021-07-02,248.71023842837508,250.23550117256278,247.72328760503345,249.87661743164062,3105000
2021-07-05,247.90267941629824,250.5046477636782,247.63352349536183,250.14573669433594,1706000
2021-07-06,253.19631965336157,253.19631965336157,249.1588165025671,249.5177001953125,2293000
2021-07-07,245.03159780281536,246.19797670767176,244.04464706274427,245.65963745117188,3589000
2021-07-08,244.13437810329796,244.8521455341901,240.63521396082217,242.9679718017578,5924000
2021-07-09,238.0332699210914,240.7249391356431,236.23882377805694,240.00717163085938,6867000
2021-07-12,245.9288327318316,250.59437595925914,245.9288327318316,248.17189025878906,8004000
2021-07-13,248.17185972426088,251.222412109375,248.0821319580078,248.97935485839844,3501000
2021-07-14,246.7362916821674,255.17018126708945,246.197952478647,252.74769592285156,6695000
2021-07-15,252.92713319531674,254.27296756213937,249.15881339685558,250.14573669433594,4346000
2021-07-16,248.97935786218446,251.40187067489327,247.54379572802628,250.14573669433594,2764000
2021-07-19,246.37743833837527,247.72327282232737,243.23715787582043,246.19798278808594,4154000
2021-07-20,241.98102415184607,243.32685848554695,241.4426849421518,241.89129638671875,4687000
2021-07-21,246.3774540540419,247.00549375797002,243.32690117204626,243.7755126953125,3261000
2021-07-26,245.6596344386635,246.28770146039005,243.9549162982121,245.30075073242188,3260000
2021-07-27,247.09521461628526,250.41495074788048,246.3774471515978,249.15884399414062,4761000
2021-07-28,250.953250064648,253.55519093604028,249.24850469067127,250.68406677246094,4090000
2021-07-29,253.01689453917052,254.90106837897488,250.59438140498295,253.19635009765625,3441000
2021-07-30,251.22240294638098,252.74769277384019,249.51768497403006,251.94017028808594,3466000
2021-08-02,253.55525764778193,256.0674714160887,252.56830674556264,255.70858764648438,4096000
2021-08-03,253.3757567172386,255.43938593995003,252.56826153490437,255.08047485351562,1941000
2021-08-04,254.27299260209213,254.27299260209213,247.18493638169903,248.62049865722656,5584000
2021-08-05,245.83908088503213,248.26159372939318,241.26323850183383,244.22409057617188,9521000
2021-08-06,233.2779726420556,233.63685635452126,227.26658146977138,229.95823669433594,17879000
2021-08-10,229.06103963694892,231.3040834953628,226.7282543098255,229.599365234375,7088000
2021-08-11,230.9451874394206,231.66298224542405,228.70213001017007,229.95823669433594,4317000
2021-08-12,230.67601930574165,230.85544746195302,227.894622764294,228.70211791992188,4077000
2021-08-13,227.26659240172395,227.4460342665883,225.02353486457812,227.17686462402344,5324000
2021-08-16,225.56183937018793,226.10017860498542,221.97294764629927,223.58795166015625,5355000
2021-08-17,220.89629386117483,221.7038027535605,217.21768787542723,218.5635223388672,7356000
2021-08-18,218.384059194907,218.83267066711554,216.67934107672878,217.84573364257812,5517000
2021-08-19,217.1279636534864,218.11491441903496,212.91101833716647,213.000732421875,5696000
2021-08-20,209.59129067539024,209.68100475781486,203.1312743572334,204.11822509765625,14752000
2021-08-23,205.8229278905549,205.8229278905549,201.69571076273493,203.3107147216797,10670000
2021-08-24,204.38740389957198,205.37434099375577,202.234060466692,204.2079620361328,8438000
2021-08-25,207.97628192598324,208.78377710235347,204.20794828536268,204.38739013671875,7500000
2021-08-26,204.74627662988863,209.68100290738195,204.56683477608695,208.42489624023438,6830000
2021-08-27,206.72017645469197,209.23240362598742,206.72017645469197,208.87351989746094,4314000
2021-08-30,210.3987883652573,212.01379246395072,209.86044910218078,211.20628356933594,8555000
2021-08-31,210.57822713664046,213.80823528668992,210.30905750904702,212.282958984375,5626000
2021-09-01,213.18017723252137,215.24377905382812,212.3726683676079,214.1671142578125,5465000
2021-09-02,210.03990173339844,210.30905767066275,206.89962135364559,210.03990173339844,7895000
2021-09-03,212.64185165309306,214.25685579616058,210.75767787109154,213.98768615722656,6728000
2021-09-06,218.02518803810437,218.02518803810437,214.256854192837,214.61573791503906,6113000
2021-09-07,218.83268019778276,219.1915776055018,213.53907007138724,214.25685119628906,6722000
2021-09-08,214.16710659527809,217.12794494628906,213.8979369832707,217.12794494628906,4813000
2021-09-09,216.2307555394143,217.66631789887845,215.60270214110025,216.6793670654297,4186000
2021-09-10,216.6793486324946,217.93545532226562,215.5129560259723,217.93545532226562,4773000
2021-09-13,217.39710849648435,219.7298797909203,216.67932744799066,219.46072387695312,4134000
2021-09-14,221.79352412404222,223.04964454551225,220.44768961638354,222.3318634033203,7163000
2021-09-15,220.71687207496763,220.71687207496763,217.75603324804962,218.29437255859375,6163000
2021-09-16,219.10182800798106,219.81960906139054,216.9484985382875,217.39710998535156,5053000
2021-09-17,216.4101928085097,217.66631326895654,216.05130907154603,216.9485321044922,5427000
2021-09-21,211.2959900536805,217.1279388237396,210.84737860982978,215.7821044921875,6049000
2021-09-22,213.89793550549422,215.42322539948648,212.8212707554383,214.7054443359375,6129000
2021-09-24,219.55045479656312,219.7298966498206,217.39712517640146,218.20462036132812,5502000
2021-09-27,218.92241821733091,220.71686426829265,218.74297635034213,219.01214599609375,3626000
2021-09-28,220.44766695158958,221.43461763194964,218.8326629703346,220.8065643310547,5959000
2021-09-29,219.37102146701085,226.10019390464922,219.01213774655136,225.02352905273438,14000000
2021-09-30,224.3057405936296,224.48518244799732,219.0121305918343,220.6271209716797,6874000
2021-10-01,220.08878793835677,221.25518048796133,214.61572257742378,216.85877990722656,7581000
2021-10-04,219.01211236412647,219.46072380797716,213.35960543350066,215.7821044921875,3984000
2021-10-05,213.62879943847656,214.79517837328368,210.21934933767884,213.62879943847656,4770000
2021-10-06,215.3335160383737,218.65323833919138,212.013793737556,214.25685119628906,6037000
2021-10-07,213.5390517964747,217.93543856312925,213.18016811000558,215.512939453125,5632000
2021-10-08,217.6662856745183,222.06267250239193,217.12794644678323,218.74295043945312,5554000
2021-10-11,218.5635223388672,220.17851274256628,217.75601344648155,218.5635223388672,2625000
2021-10-12,218.56351006562687,220.89628145693976,218.47378229688832,219.72988891601562,3274000
2021-10-13,218.47379744156834,222.51130088504704,217.39713259474797,220.35797119140625,4480000
2021-10-14,219.81962709919284,224.84408119481736,218.47379264756515,223.6776885986328,5462000
2021-10-15,225.38239591453765,227.62545322596924,224.7543426054439,227.08712768554688,4729000
2021-10-18,227.8946458947961,229.1507526400488,226.01047208638036,226.36936950683594,3804000
2021-10-19,224.9337904858808,227.5357452512575,224.6646208631817,226.99740600585938,2960000
2021-10-20,227.80490720034385,231.4835268631431,227.62546534398354,228.34324645996094,5481000
2021-10-21,227.26658155023256,232.4704775260434,227.08713969393622,229.15074157714844,4986000
2021-10-22,226.2796428000354,230.4068604757825,225.65158942443657,229.599365234375,3385000
2021-10-25,228.8815796135578,231.21436475561723,227.53574519095486,227.80490112304688,2886000
2021-10-26,228.5226881222753,231.662982213327,227.7151929240714,231.21437072753906,4094000
2021-10-27,229.77880751745232,230.22741900132823,223.2290771147569,223.6776885986328,7050000
2021-10-28,223.3187897035316,225.65157488029774,222.6907363684133,222.87017822265625,3924000
2021-10-29,222.69074701817846,224.93380452982518,221.165470648366,223.1393585205078,3780000
2021-11-01,226.5487869232297,227.53573760980242,224.8440688542789,226.2796173095703,4685000
2021-11-02,226.27962798106824,228.52268538312194,225.8310165006575,226.54879760742188,4040000
2021-11-04,228.88159628107852,230.04797524651008,226.90769469842297,229.419921875,7489000
2021-11-05,219.90934725359241,228.0740677629518,217.84573176114844,226.0104522705078,12894000
2021-11-08,225.02352941603132,225.02352941603132,219.1915799606625,221.34490966796875,5659000
2021-11-09,221.79352375700043,228.07408478234734,221.79352375700043,225.38241577148438,8698000
2021-11-10,224.39546063539507,225.11322802813802,219.01212304661024,220.5373992919922,6639000
2021-11-11,219.81962894369488,221.07573563287298,218.4737944807743,219.3710174560547,3202000
2021-11-12,218.56352075639558,221.52434560209727,218.29435112754922,219.1915740966797,2567000
2021-11-15,221.70380707954405,224.30574828341713,220.98602594692983,221.34490966796875,4973000
2021-11-16,221.075744746545,222.8701907710804,220.17852173427733,220.26824951171875,2333000
2021-11-17,220.3579683090951,220.3579683090951,216.76907640627945,217.93545532226562,3816000
2021-11-18,216.67934407283562,219.10184331815145,215.78212111601226,218.20462036132812,3190000
2021-11-19,218.29435380935334,223.2290802001953,217.756014545047,223.2290802001953,5897000
2021-11-22,222.8701937382237,223.04964929549573,220.8963058230631,221.2552032470703,2540000
2021-11-24,221.52434242169647,225.47213164351416,219.46074057475215,220.4476776123047,5820000
2021-11-25,220.98601679013748,223.22907418002816,220.17850791545533,221.88323974609375,2204000
2021-11-26,219.99907589128856,220.53741516512807,211.83435484163203,214.61573791503906,7554000
2021-11-29,212.37267315352554,215.154069822237,210.75766907783938,210.84739685058594,4317000
2021-11-30,210.4885106074981,212.1035009732123,202.3237762451172,202.3237762451172,10501000
2021-12-01,203.84905993676776,206.72017075746157,200.5293376225113,205.2846221923828,6361000
2021-12-02,202.59294744882246,204.20795151766166,200.5293318992244,201.6957244873047,6609000
2021-12-03,203.57987522068976,203.57987522068976,199.63209984601636,203.0415496826172,6604000
2021-12-06,203.75933675293592,206.72016152579658,202.14433271012558,205.19488525390625,4990000
2021-12-07,206.72017328226073,210.6679626881507,204.74628542458396,210.12962341308594,6019000
2021-12-08,209.86044908187202,213.5390687679546,208.69407016287934,211.8343505859375,4906000
2021-12-09,210.75767550159236,211.65489849426078,206.45101608921317,207.70712280273438,4922000
2021-12-10,208.0660035370677,209.23239614890184,205.91267386178637,206.7201690673828,3209000
2021-12-13,206.36126404974897,207.0790450975942,205.01542971898974,206.00238037109375,2800000
2021-12-14,204.20795287061688,204.83600620973323,202.50322101811705,204.11822509765625,3514000
2021-12-15,203.93879239570572,206.54073364191535,203.3107390284003,204.2079620361328,3813000
2021-12-16,205.2846418996643,206.27157906592615,204.83603036303504,205.82296752929688,3248000
2021-12-17,205.464048830282,206.18182990491408,202.32376860798513,203.0415496826172,4235000
2021-12-20,200.97794049527465,201.24711011797368,197.9273879461142,198.46571350097656,5100000
2021-12-21,198.8246186885045,199.63211389771897,195.68433824516958,196.94044494628906,6705000
2021-12-22,197.74792176987975,198.8246002027765,196.31237334357576,197.3890380859375,3348000
2021-12-23,196.94044770276318,199.54238891601562,196.76100584159687,199.54238891601562,3904000
2021-12-24,200.61905804287886,203.75933838269694,199.72183508864512,203.1312713623047,5037000
2021-12-27,202.95183108509167,203.31072848389277,201.3368270168264,202.5032196044922,4218000
2021-12-28,204.5668228084656,206.80988007610227,203.31071621480308,204.2976531982422,5024000
2021-12-29,204.74628124995223,206.89962461576977,204.74628124995223,206.7201690673828,2625000
2021-12-30,206.63044122984212,210.0398910642088,205.82293238745945,208.3351593017578,4339000
2022-01-04,212.01376956007147,215.15404964418858,209.50154275467082,213.35960388183594,7315000
2022-01-05,216.67934882163934,217.12796030988292,214.8849028686651,215.69239807128906,5595000
2022-01-06,214.79517528624268,216.94851864605266,212.01379227097533,213.4493408203125,4657000
2022-01-07,216.67934748872233,217.30740083029258,211.29600966291557,213.2698974609375,3120000
2022-01-11,213.3596190834347,215.0643372029148,212.19322651669458,214.1671142578125,3091000
2022-01-12,212.28297084729812,216.8588000099521,212.28297084729812,214.97463989257812,4625000
2022-01-13,216.3204649184275,218.29435272686888,214.61573305026837,217.93545532226562,5196000
2022-01-14,218.20460970378346,218.83266300477726,214.4362762072855,217.12794494628906,5208000
2022-01-17,219.64019340629505,220.17851899263047,217.12796626512025,217.6663055419922,3360000
2022-01-18,216.14099733982437,218.29434057597413,213.98766779420998,215.2437744140625,3025000
2022-01-19,210.12960976869408,213.98767114804477,207.88655241913386,208.69406127929688,6962000
2022-01-20,209.86044004398354,212.7315644024173,208.60433340507046,210.30905151367188,5266000
2022-01-21,207.25851722029657,209.68101663151734,205.19490154016893,209.05296325683594,4639000
2022-01-24,207.7071299071946,211.65490573375158,207.34824617406645,211.4754638671875,3580000
2022-01-25,211.026841798973,212.10350663503453,208.33517286355107,210.39878845214844,4642000
2022-01-26,210.57821819721755,211.65488297134905,205.5537780210922,206.27154541015625,4780000
2022-01-27,208.87352199309296,211.29602141129342,203.49018386796448,204.5668487548828,8252000
2022-01-28,207.16876529003332,208.78376927274513,205.015435773441,207.3482208251953,3474000
2022-01-31,205.82295014860014,213.09046190450522,205.37433864985383,211.565185546875,5521000
2022-02-01,212.64185202103337,213.89795875085017,209.14268778044618,210.9371337890625,3697000
2022-02-02,210.66796414966274,213.53907502534153,210.48852228690842,210.9371337890625,4094000
2022-02-03,210.9371262085321,212.28296066662855,209.32212212070914,210.21934509277344,3909000
2022-02-04,196.76098631083065,200.08070832976458,191.10847925668097,199.00404357910156,23978000
2022-02-07,199.5423798828772,200.1704469043318,193.88988621407262,197.83766174316406,8073000
2022-02-08,196.67125854388578,199.54236910916552,195.77403563657742,199.00404357910156,5685000
2022-02-09,202.68266856757677,209.14268506721837,202.32378484672398,207.70712280273438,7988000
2022-02-10,210.21935402250395,214.07741570437102,208.6043498660786,211.924072265625,7541000
2022-02-14,208.4249098821545,210.30907000619877,206.63046384561514,209.05296325683594,4962000
2022-02-15,211.29602080251013,212.10351604273814,207.07907535475,209.05296325683594,3622000
2022-02-16,212.6418364463762,217.75600445824523,211.7446135077839,215.42323303222656,8064000
2022-02-17,216.4101807881423,218.11491267037397,214.52602073793201,215.06434631347656,4710000
2022-02-18,211.47545876111874,217.75601977297526,211.20628912250328,216.23074340820312,3921000
2022-02-21,214.8848861565365,217.1279434233062,213.26988218635532,215.512939453125,3314000
2022-02-22,213.0007293316691,214.43629157154243,210.57823003110198,213.4493408203125,3892000
2022-02-24,209.2323983114083,211.11657206465537,197.65822722870882,200.7985076904297,11196000
2022-02-25,202.59294269340322,206.63044592546183,202.59294269340322,205.01544189453125,4492000
2022-02-28,202.59294879107767,205.73322917719545,202.41350693569242,204.11822509765625,5629000
2022-03-01,207.16876676756195,210.57821660192863,206.63044122984212,208.3351593017578,4056000
2022-03-02,205.19489291674245,208.6043429809906,204.47711179418448,205.1051788330078,3570000
2022-03-03,208.69405519569932,209.9501617986223,206.18182829931817,207.3482208251953,3317000
2022-03-04,207.25850862343407,207.8865619720645,201.60600110468772,203.66961669921875,3442000
2022-03-07,199.1835088574846,199.81156222838734,191.64684102557825,194.607666015625,6701000
2022-03-08,191.10851040174794,192.36461720047407,187.78878784179688,187.78878784179688,6554000
2022-03-09,188.86543774172299,190.03183035661996,183.93071133992024,184.1101531982422,5355000
2022-03-10,188.23738684375564,191.46738140722374,187.16072198926625,190.39071655273438,5402000
2022-03-11,186.08404050907785,190.92905281366274,185.90459865124942,190.03182983398438,4064000
2022-03-14,191.2879287163782,194.42820901699122,190.92904501537953,192.99266052246094,3563000
2022-03-15,191.19821926745453,193.80016038905617,191.10849149476374,191.28793334960938,2952000
2022-03-16,192.72350618464372,193.26183177883155,191.01877424337374,192.36460876464844,2774000
2022-03-17,196.85072354780388,196.85072354780388,192.45433626094797,194.607666015625,5608000
2022-03-18,194.60765980347992,197.56849838954935,194.60765980347992,196.13294982910156,4560000
2022-03-22,198.55546515038557,203.49019196135498,198.37602327718506,201.60601806640625,4887000
2022-03-23,204.8359984524237,207.348225404285,202.95182481589384,207.0790557861328,6222000
2022-03-24,202.77238900243708,206.6304504693517,202.3237775223432,206.1818389892578,3299000
2022-03-25,202.4135055946261,204.47710745368826,200.5293318992244,201.6957244873047,7930000
2022-03-28,203.04156335058832,204.56683968027258,200.34989440742683,203.66961669921875,4765000
2022-03-29,203.4901948711274,205.28464100986653,202.05463248392104,202.5929718017578,4047000
2022-03-30,203.97551959292556,205.72677235801544,203.14596770610362,205.1737518310547,4886000
2022-03-31,202.86945756591666,203.05379773529242,199.82779554632944,200.56517028808594,5229000
2022-04-01,198.1687135939463,200.10432060823993,196.04876640311377,199.64346313476562,4548000
2022-04-04,200.19648333801857,201.94775017291832,198.62957074361117,201.4868927001953,2851000
2022-04-05,202.68509317583852,203.14595060831132,199.2747509883903,199.36692810058594,3037000
2022-04-06,196.69396505163067,197.6156800032583,194.0209973176122,194.11317443847656,5433000
2022-04-07,192.17755779321706,192.17755779321706,188.12201783479296,191.16366577148438,4802000
2022-04-08,191.71670280216333,192.63841771948142,189.32023839143488,191.3480224609375,4186000
2022-04-11,190.7949854011004,193.19144978063198,189.68893032756787,191.07150268554688,2352000
2022-04-12,191.6245232242259,192.08538067696742,189.96544764575907,191.16366577148438,3621000
2022-04-13,191.44017529230382,193.0070877552297,190.61063753671152,191.9932098388672,2611000
2022-04-14,193.00710155829182,194.4818510784269,192.63842121038493,193.74447631835938,2488000
2022-04-15,191.90105173093036,193.9288218287247,190.88717371416027,192.54624938964844,2419000
2022-04-18,191.34803402737523,192.1775718774033,189.8732844448205,190.97933959960938,1717000
2022-04-19,193.56014109023178,194.38967892634543,191.53237099642303,194.29751586914062,2496000
2022-04-20,196.87830616624922,197.33916361133475,194.57401894082145,196.3252716064453,3047000
2022-04-21,196.23310045208348,199.73561995396932,195.95659722803614,198.9060821533203,3012000
2022-04-22,195.21923050738891,197.1548234765727,194.5740328509943,196.2331085205078,2683000
2022-04-25,191.7166925655855,193.65229941430454,190.79497769748173,191.9932098388672,3862000
2022-04-26,192.17756775202054,192.8227654064427,190.51847802332495,192.26974487304688,2294000
2022-04-27,188.3063569563148,189.3202349081584,187.3846420559552,189.04373168945312,4061000
2022-04-28,190.426324344954,195.49575683748006,190.0576299069447,195.40357971191406,5954000
2022-05-02,194.0210031335192,198.07654341654657,192.7306077882617,196.78614807128906,3761000
2022-05-06,197.43134250625747,201.0260393049618,196.6018046642318,200.1043243408203,3857000
2022-05-09,199.1825908562979,199.1825908562979,196.0487518310547,196.0487518310547,2807000
2022-05-10,195.2192252400511,197.61567562260709,194.02099301664626,197.43133544921875,3060000
2022-05-11,195.86443967650217,198.07655007538187,194.8505475395336,195.6800994873047,2843000
2022-05-12,194.8505310937352,196.1409404377142,193.83665310659504,195.49574279785156,4067000
2022-05-13,198.62957613473503,208.67626368707792,197.70786116427223,206.0032958984375,10137000
2022-05-16,206.0032992014775,206.0032992014775,201.94775889211667,202.68511962890625,6030000
2022-05-17,201.67123450036883,202.5007723322484,198.72174946404203,199.9199676513672,3837000
2022-05-18,202.685115538322,205.17375719965204,201.76340057168252,204.06768798828125,5749000
2022-05-19,198.3530534765926,201.67123290639267,197.70785582753535,201.5790557861328,4168000
2022-05-20,200.10431034561054,202.13208031204962,199.1825954459334,200.2886505126953,3608000
2022-05-23,201.48687914730627,202.03989963882293,197.43132522158584,198.07652282714844,3099000
2022-05-24,199.18259974832102,199.8277973791808,196.87831244935504,197.15481567382812,3811000
2022-05-25,196.60180329213165,197.3391780711495,194.1131757191688,194.38967895507812,3575000
2022-05-26,194.48185356665678,196.97048110750254,193.92881897346706,194.02099609375,2153000
2022-05-27,198.1687046796426,200.74950922785604,197.43132994240256,200.47299194335938,5750000
2022-05-30,204.06767061964098,204.8972224575641,200.0121307373047,200.0121307373047,4160000
2022-05-31,197.15481290162657,199.64345440091978,196.8783096810414,198.6295623779297,5976000
2022-06-01,199.827794799257,206.18762203659165,199.827794799257,206.095458984375,5180000
2022-06-02,207.66236249995907,209.59795528352427,206.46413035913142,206.92498779296875,4297000
2022-06-03,209.3214766862176,209.3214766862176,205.81895696438409,206.18763732910156,2603000
2022-06-06,206.46416328438082,208.49193350378712,206.46416328438082,207.293701171875,2883000
2022-06-07,209.22928480422232,211.8100893679621,208.7684273487064,209.96665954589844,4470000
2022-06-08,211.9022559401497,213.1926652755796,211.53357559531466,212.3631134033203,4460000
2022-06-09,210.33534739603266,212.27095440402456,209.32146939624243,210.9805450439453,2680000
2022-06-10,208.39975474376308,210.05883039378634,207.01718232590775,209.04495239257812,4715000
2022-06-13,204.62071446914825,208.12323401615558,204.62071446914825,206.74066162109375,4408000
2022-06-14,204.52854595049396,208.2154058256845,203.05381043897032,207.8467254638672,2935000
2022-06-15,208.67626118024475,209.69015326127564,205.72677612304688,205.72677612304688,2729000
2022-06-16,207.93889973373976,211.7179226154132,207.93889973373976,209.32147216796875,4098000
2022-06-17,203.05381239391036,204.8050652257847,201.579062803934,204.25204467773438,5750000
2022-06-20,204.98940409433138,205.63461582596875,197.5235212616058,198.5373992919922,5647000
2022-06-21,200.74952254693164,205.3580973801291,200.74952254693164,204.06768798828125,4702000
2022-06-22,206.00329411548404,206.00329411548404,201.57905948270334,201.94775390625,3133000
2022-06-23,200.19648739868194,200.93386218284598,197.24700232628,200.1043243408203,5376000
2022-06-24,199.36694308740556,201.3025360107422,197.89219356693158,201.3025360107422,3638000
2022-06-27,204.34420858696433,207.2936937149317,204.06769127966174,206.27981567382812,4849000
2022-06-28,207.38586146298204,209.32146846233806,206.55632364283164,208.95277404785156,3230000
2022-06-29,208.30756638843025,209.41362145020844,207.01717116039788,207.66236877441406,2667000
2022-06-30,206.55631015934895,207.3858479253492,204.71288040001252,205.3580780029297,3601000
2022-07-01,206.18762982927635,207.75454241871265,203.69900229731826,205.1737518310547,4057000
2022-07-04,205.1737413693498,207.75453182541457,203.88333207706427,207.66236877441406,3138000
2022-07-05,209.78233750064322,210.05884074643848,207.84673039454867,208.39976501464844,2610000
2022-07-06,205.3581052785301,205.81896277957514,201.9477625836476,203.14598083496094,3618000
2022-07-07,205.9111187756895,207.20152817289002,201.94775565410288,206.0032958984375,3223000
2022-07-08,207.6623914738989,210.5196995238026,206.92501666402694,208.67626953125,4038000
2022-07-11,211.07271842015143,211.34923571128184,209.32146568341497,210.51968383789062,2464000
2022-07-12,208.6762640708805,208.86061831671557,202.86947099768827,204.1598663330078,5559000
2022-07-13,206.7406669451444,206.7406669451444,204.0676851406372,205.5424346923828,3254000
2022-07-14,205.17375275729702,207.75454335660575,204.2520378106142,207.20152282714844,2681000
2022-07-15,208.12323434727983,208.12323434727983,204.0676802100939,204.98939514160156,2979000
2022-07-19,207.38585126957085,209.50579833984375,206.0954560429281,209.50579833984375,2714000
2022-07-20,212.08661668803703,212.6396372222677,210.42752695683677,211.16490173339844,3437000
2022-07-21,210.42753069169515,211.81010314819216,209.13712129374537,211.71792602539062,2466000
2022-07-22,211.71791202810417,212.63962693816492,210.243176610559,211.90225219726562,2533000
2022-07-25,211.07272461223297,213.10049469958702,209.22929470295583,211.16490173339844,2793000
2022-07-26,212.17878313676115,213.83787289448298,211.53358547105105,213.5613555908203,2667000
2022-07-27,213.5613527379244,215.58912283060533,212.08661724518106,215.03610229492188,2450000
2022-07-28,216.6029944618338,217.52470933188414,214.1143671255484,214.39088439941406,2651000
2022-07-29,214.94392927434802,215.5891269437486,213.28483950713627,213.65353393554688,3675000
2022-08-01,215.03608682010298,216.8795166015625,214.75956954003343,216.8795166015625,3442000
2022-08-02,216.04998443107107,216.60301904155978,212.17878435041322,213.65353393554688,2844000
2022-08-03,212.08661883629327,214.1143889441869,211.16490387231852,213.37701416015625,2260000
2022-08-04,214.94393218664572,218.3542748261882,214.29873450850332,217.80125427246094,6883000
2022-08-05,211.9944238678348,215.12824885583203,206.92499199273442,214.94390869140625,7222000
2022-08-08,215.0360952039548,220.10552730061607,215.0360952039548,219.82901000976562,5446000
2022-08-09,220.19769161396627,221.11940654590293,218.4464388689881,220.0133514404297,3520000
2022-08-10,220.65855407714844,221.11941155355373,218.630783993816,220.65855407714844,2612000
2022-08-12,223.05501665636135,226.00450166706574,221.76462135925752,224.16107177734375,5985000
2022-08-15,226.28101989400426,226.8340544888969,223.79239234549533,226.1888427734375,3323000
2022-08-16,226.09668628813822,226.09668628813822,223.9767390317767,225.08279418945312,2548000
2022-08-17,227.2948951232949,229.87568553690986,227.1105408958199,227.75575256347656,4608000
2022-08-18,226.83404541015625,227.75576032191753,225.08277863925773,226.83404541015625,2336000
2022-08-19,228.1244597392591,228.76965741860002,226.74188725599086,227.294921875,3340000
2022-08-22,226.00449756911803,227.66358725263575,225.26712281374864,225.45147705078125,3675000
2022-08-23,223.14719658688784,223.88455730065988,221.39592973104396,222.5941619873047,3070000
2022-08-24,224.25324857575197,227.2949107022796,224.25324857575197,226.00450134277344,3637000
2022-08-25,226.741883930939,226.741883930939,224.25325631040153,224.99063110351562,2707000
2022-08-26,226.28101460248195,228.40096174765733,226.18883748407072,227.38706970214844,2269000
2022-08-29,222.7784943883413,224.71410135505434,222.68633133446434,223.515869140625,3008000
2022-08-30,226.55752815703647,227.84792340799035,225.2671188418292,226.92620849609375,2989000
2022-08-31,224.71410357917966,226.3731932721756,224.52976340534764,225.7279815673828,2728000
2022-09-01,225.17495881719995,225.82015645135309,223.14718879660995,223.515869140625,2655000
2022-09-02,222.59413666094366,222.59413666094366,220.56636680027833,221.39590454101562,2541000
2022-09-05,221.21157316602182,224.71409255400113,221.11939605150144,222.50196838378906,3071000
2022-09-06,223.60805246999527,224.62193047632633,222.31764310159122,224.2532501220703,1846000
2022-09-07,224.2532498198212,226.4653600708838,223.05501757372315,226.1888427734375,4147000
2022-09-08,228.12444910294172,229.87570187439405,227.20273415707126,229.78353881835938,3581000
2022-09-09,230.33656182908717,231.16611372786093,228.95398939538495,230.06005859375,3567000
2022-09-12,231.90347188439048,232.08781204948795,228.67746977029904,229.96786499023438,2380000
2022-09-13,229.9678790245975,230.61307667393996,228.86182390225983,229.87570190429688,1720000
2022-09-14,225.26711979607384,230.3365518329796,224.5297591148358,228.86181640625,3243000
2022-09-15,228.86181268501042,229.2304930196348,227.38706321800646,228.4931182861328,1781000
2022-09-16,227.01839430573972,229.04616437670686,226.55753683214473,227.9401092529297,5884000
2022-09-20,229.04615783691406,232.3643371777579,228.40096020515375,229.04615783691406,3097000
2022-09-21,228.30877835674826,228.58529564013133,225.63581076730287,226.64968872070312,2461000
2022-09-22,224.89843226363604,226.46534475754027,223.14717960531712,226.09666442871094,3374000
2022-09-26,223.1471964008883,223.1471964008883,215.5891225127377,216.97169494628906,5867000
2022-09-27,217.6169182320285,219.73685149140206,215.58913397031577,216.41868591308594,3429000
2022-09-28,215.22042361782843,215.40476378023936,210.51967212295844,212.73179626464844,3734000
2022-09-29,217.06386703884408,217.98558197319161,214.02220494264648,216.2343292236328,3536000
2022-09-30,214.75957019858052,215.49694492627606,210.2431728458567,211.34922790527344,3667000
2022-10-03,210.61185911608422,214.2065416766092,210.24317877396754,213.93003845214844,3008000
2022-10-04,218.53861628683123,219.27597698198625,216.23432895383746,218.169921875,2943000
2022-10-05,219.7368356825721,220.1976931517589,217.80124275053976,218.26210021972656,2866000
2022-10-06,219.09163025678197,220.842897016042,218.44643263568756,219.18380737304688,2056000
2022-10-07,216.8795178658566,218.99946493974386,215.49694552170232,217.06385803222656,2576000
2022-10-11,215.22044159015329,215.49695888898714,211.53358177704573,213.10049438476562,3305000
2022-10-12,213.28482353918585,213.6535179399935,209.59796391662948,209.87448120117188,3112000
2022-10-13,209.04494365884472,209.69014128070393,207.29367689750882,208.0310516357422,2688000
2022-10-14,210.6118579075254,214.85175213880498,209.6901429932693,213.83786010742188,4787000
2022-10-17,212.27095652345676,213.83786913096213,211.8100990468814,213.00833129882812,2250000
2022-10-18,215.22043469638885,216.510829963942,214.2987197726356,215.9578094482422,3211000
2022-10-19,215.68129219032502,216.0499725341797,213.93003946063493,216.0499725341797,2944000
2022-10-20,213.83786161041297,214.94391670244372,210.70403650561695,212.08660888671875,2378000
2022-10-21,210.15101787120665,211.07273286186984,208.0310705798304,208.39976501464844,3024000
2022-10-24,211.07271360647016,211.07271360647016,207.01717364322622,207.9388885498047,3097000
2022-10-25,209.2292950755011,211.34924228779536,208.58409741895613,209.41363525390625,2205000
2022-10-26,210.98054032190615,211.07271743993942,208.3075726699839,208.49191284179688,2023000
2022-10-27,208.952769040706,209.2292863288812,207.2936793759082,208.3075714111328,2029000
2022-10-28,207.2015306553338,208.49192600374002,205.4502637519203,206.27981567382812,7037000
2022-10-31,208.768425851259,211.62574768066406,208.12322823101525,211.62574768066406,2893000
2022-11-01,213.192664708672,216.23432677036064,212.36311283861858,216.0499725341797,3488000
2022-11-02,215.40477707540745,219.0916368081975,214.66740231599871,218.169921875,2846000
2022-11-04,215.77346801757812,217.98557819597968,214.48305869329928,215.77346801757812,3124000
2022-11-07,217.9856010839906,218.81513897192744,215.8656537362847,216.69520568847656,2764000
2022-11-08,217.7090755325762,219.82902280010313,215.7734825125116,219.55250549316406,3636000
2022-11-09,237.98680454287347,242.4110249250843,230.24439074549733,232.9173583984375,17688000
2022-11-10,231.44262856388366,232.640846742268,227.47925148327428,229.87570190429688,6460000
2022-11-11,234.4842816789858,234.4842816789858,228.86182882603444,230.42874145507812,4550000
2022-11-14,228.58529459700486,229.87568982789958,222.59414776280917,224.62191772460938,6302000
2022-11-15,225.35929567128892,228.67747497558594,225.08277838522193,228.67747497558594,4381000
2022-11-16,227.84792189339302,229.78352882121052,226.00449208185384,228.58529663085938,3297000
2022-11-17,228.0322676905941,233.28605403457132,227.29490699917957,233.00953674316406,4517000
2022-11-18,234.39211324788408,235.22165107240482,231.44262823772226,231.71913146972656,2610000
2022-11-21,234.2999370308029,235.037311802249,231.90348660392058,233.6547393798828,2238000
2022-11-22,234.94515204905167,236.8807592091475,234.29995435043807,235.8668670654297,6393000
2022-11-24,235.86682485329732,238.26328909269662,235.2216272701521,237.98678588867188,4094000
2022-11-25,238.724157898587,240.47541057407227,237.61808877275087,239.55369567871094,2838000
2022-11-28,240.56759520893897,242.04234471331588,239.36937705891802,240.4754180908203,3514000
2022-11-29,238.5398076579458,239.4615225687238,237.0650863035064,238.17112731933594,2539000
2022-11-30,237.5259397166516,240.01455305629665,237.5259397166516,239.36936950683594,3470000
2022-12-01,239.92238780744054,239.92238780744054,236.14337905346122,237.06509399414062,2670000
2022-12-02,235.40597952818797,235.40597952818797,231.53477976607252,232.0878143310547,2885000
2022-12-05,232.08782871281537,232.73302636910662,228.308791767853,230.1522216796875,3546000
2022-12-06,229.9678786707087,232.45650620820226,229.59919831858147,231.62696838378906,2554000
2022-12-07,229.13833589773776,232.36433813406973,229.04615877956968,230.9817657470703,3627000
2022-12-08,230.70524874266397,230.70524874266397,227.94010396523913,229.13833618164062,3257000
2022-12-09,232.45650703787555,242.3188541671452,232.272166861154,241.12063598632812,9875000
2022-12-12,241.21281034597868,242.8718859817374,239.185026232489,242.7797088623047,4977000
2022-12-13,244.25445058604947,245.9135261688162,243.60923889913647,243.701416015625,4065000
2022-12-14,243.70141880670994,243.79359592425416,241.0284511689696,242.22666931152344,4318000
2022-12-15,241.95016731271303,243.24056257934606,239.830234240995,242.31884765625,3033000
2022-12-16,239.64587647958055,242.50319832484615,239.18501902481214,239.83023071289062,4561000
2022-12-19,239.92238687009635,242.7797088007408,239.92238687009635,242.5953826904297,3968000
2022-12-20,243.60923684242252,244.1622714081779,237.0650835545877,239.6458740234375,4766000
2022-12-21,238.26330773569845,238.4476619718098,231.7191261528463,232.8251953125,3679000
2022-12-22,234.57644174496795,235.40597952818797,231.4426167147443,232.0878143310547,3562000
2022-12-23,230.33657217353215,230.33657217353215,227.8479444939544,229.5070343017578,3032000
2022-12-26,229.9678774544282,231.90348445349363,229.69136015966828,231.5347900390625,2385000
2022-12-27,231.6269712057617,232.08782868366242,228.67748616004778,230.06005859375,2273000
2022-12-28,230.1522116957518,230.1522116957518,228.40095898117946,228.9539794921875,1652000
2022-12-29,226.74186560028718,228.4931182861328,224.80625868287612,228.4931182861328,2256000
2022-12-30,229.1383415270427,230.06005647435302,227.38707468860076,228.0322723388672,1727000
2023-01-04,226.92620496853078,227.01838208398894,223.05500521159345,224.62191772460938,2377000
2023-01-05,224.2532451230439,224.2532451230439,221.21158304334716,223.60804748535156,3120000
2023-01-06,222.50197087677336,224.34540067381127,222.31763070992022,222.7784881591797,1665000
2023-01-10,222.225465168734,223.05500294240534,221.48809044532996,222.50196838378906,3344000
2023-01-11,224.2532386521748,225.0827764389494,223.23934663344735,224.80625915527344,1726000
2023-01-12,224.2532401288877,225.45147232320508,223.0550079345703,223.0550079345703,1699000
2023-01-13,221.30374918538834,222.87066167470962,219.46031941812728,220.3820343017578,3555000
2023-01-16,220.4742028989172,220.4742028989172,216.7873432716301,217.4325408935547,2696000
2023-01-17,217.340376343133,220.28986121177897,217.340376343133,219.0916290283203,1964000
2023-01-18,218.99946675514946,224.89843651340635,217.34037711556056,222.96282958984375,2566000
2023-01-19,220.75073277523643,221.30376737657542,218.44644537674753,218.9073028564453,2679000
2023-01-20,218.90730906255604,220.10554135659146,218.26211138553836,219.73684692382812,2298000
2023-01-23,221.94896185913345,222.87067680533895,219.92119179033216,222.31764221191406,2473000
2023-01-24,223.60805988028372,226.1888505741103,223.60805988028372,225.1749725341797,2328000
2023-01-25,225.5436447645342,229.13834149712744,225.1749644113598,227.9401092529297,2453000
2023-01-26,228.21662128760005,229.41483943991472,228.03226705100985,229.23049926757812,1126000
2023-01-27,229.23049800823793,229.96787275778695,228.4931232586889,229.04615783691406,1514000
2023-01-30,228.4009577228825,229.59918991984557,227.75576009813423,228.76963806152344,1566000
2023-01-31,230.15223277288055,232.18000296078492,229.50703508549117,231.44264221191406,2859000
2023-02-01,232.3643419233422,234.66862927258495,230.8895923941253,231.5347900390625,3058000
2023-02-02,231.62696527301506,231.62696527301506,226.28101585344345,227.5714111328125,2675000
2023-02-03,226.7418720660308,228.40096174765733,225.91233425734433,227.38706970214844,2307000
2023-02-06,230.5209060675426,231.90347844124415,228.6774762359405,228.86181640625,2422000
2023-02-07,230.33655059712737,230.33655059712737,227.2949026427064,228.76963806152344,3411000
2023-02-08,211.53358078689422,219.82901532755673,208.58409576306502,218.6307830810547,15051000
2023-02-09,217.80123276195948,218.53860749169243,213.74567878055493,217.06385803222656,5834000
2023-02-10,217.34038436319966,217.61690165639436,215.68129466828518,216.3264923095703,3953000
2023-02-13,215.68129903726353,215.95781633605955,212.0866163456774,213.00833129882812,3551000
2023-02-14,216.1421483592272,217.06386327760345,214.75957598166286,215.77346801757812,3360000
2023-02-15,217.70905587604622,218.26209043999197,214.75957101825983,215.22042846679688,1759000
2023-02-16,216.78734177715108,219.1838061440684,216.23432127542242,219.0916290283203,3585000
2023-02-17,218.44643242633325,221.11940002441406,217.98557497395703,221.11940002441406,3108000
2023-02-20,221.85679584538155,223.7924029550148,221.85679584538155,223.70022583007812,2935000
2023-02-21,223.5158639171233,225.17495355492582,222.40980884667275,224.80625915527344,2896000
2023-02-22,222.87067237496672,223.70021018435997,217.06386551645292,217.98558044433594,5242000
2023-02-24,219.55249397446136,221.58026401187126,218.99947345385158,220.0133514404297,3486000
2023-02-27,219.18382512674827,220.01336298331103,218.53862745339342,219.55250549316406,2379000
2023-02-28,221.48809715100057,221.85677749173806,218.9072925730778,219.4603271484375,3081000
2023-03-01,219.09164110633213,223.51587568532545,219.09164110633213,222.40982055664062,4294000
2023-03-02,223.88454849858158,224.43758307642202,221.48809814453125,221.48809814453125,2924000
2023-03-03,221.67242289730206,224.71408473535462,221.39590562761498,223.33151245117188,5259000
2023-03-06,223.14719097442185,225.91233577428207,223.14719097442185,225.6358184814453,4649000
2023-03-07,225.9123376243554,230.61307538406146,225.82016050457034,229.5991973876953,5616000
2023-03-08,228.21663727969434,231.81132011704003,227.38708534966906,231.16612243652344,4198000
2023-03-09,231.81129982258457,231.81129982258457,229.87569288623737,230.61306762695312,3483000
2023-03-10,227.3870869953565,231.53480448273766,227.3870869953565,229.5070343017578,3463000
2023-03-13,225.8201693454528,226.37320395730669,220.75073697239162,223.14720153808594,4716000
2023-03-14,218.5386324474535,218.5386324474535,211.62576993727578,214.4830780029297,5208000
2023-03-15,217.80123131251568,220.19768158788312,217.3403738675312,218.8151092529297,3224000
2023-03-16,213.0083232946692,216.60300585117886,210.98053922253195,215.86563110351562,3575000
2023-03-17,217.89341022325505,218.354267701785,213.8378700378932,215.03610229492188,4655000
2023-03-20,212.45528673541799,215.12825434847025,211.53357182550292,211.81008911132812,4088000
2023-03-22,216.14215117423765,216.23432829297718,214.02220402151164,214.29872131347656,1832000
2023-03-23,213.46918936602893,216.97169494628906,212.3631201677846,216.97169494628906,2098000
2023-03-24,216.69519910075184,217.80125427246094,216.32650466734574,217.80125427246094,2119000
2023-03-27,219.92120117233705,221.6724540191357,219.6446838638282,219.73684692382812,3336000
2023-03-28,220.8428892377555,221.8567671596932,219.27596270196054,220.1055145263672,2458000
2023-03-29,221.48810403329026,224.16107174732767,221.48810403329026,224.06890869140625,3903000
2023-03-30,227.78590466565456,232.3606872495146,226.9281392936702,231.2169952392578,4293000
2023-03-31,233.50437209867556,236.64953593755075,233.31375919328394,234.55276489257812,4996000
2023-04-03,236.36362486824612,237.60263064910603,234.93400616944623,236.4589385986328,3520000
2023-04-04,236.36361706591993,237.50730907864005,234.36214513653502,237.3166961669922,2896000
2023-04-05,234.07623993041392,235.88708445861946,231.78884129481213,232.265380859375,3276000
2023-04-06,229.2155223268693,229.69206187432638,225.78443176804495,227.0234375,4359000
2023-04-07,226.83282520341302,229.69206249589303,225.9750598328022,229.50144958496094,3034000
2023-04-10,231.59820478184056,232.5512838138646,228.45304106759485,229.1201934814453,3270000
2023-04-11,231.50291423631106,231.78884088310758,228.167137290296,229.5967559814453,3820000
2023-04-12,231.2169953633596,233.02783983533536,230.9310687249337,232.17007446289062,2773000
2023-04-13,231.40760815049512,232.07476061124217,230.26391614023834,231.2169952392578,2660000
2023-04-14,231.2169870377111,231.2169870377111,229.21551518363165,230.3592071533203,2343000
2023-04-17,231.78884163635385,232.8372344970703,231.3123020710888,232.8372344970703,2117000
2023-04-18,233.50437950940562,233.9809190594248,231.69353503646585,233.12315368652344,1772000
2023-04-19,232.55129276403102,233.79029846191406,231.50289997132248,233.79029846191406,1810000
2023-04-20,232.93252611963638,235.21992468432242,232.0747607471497,234.45745849609375,1785000
2023-04-21,232.64662123672534,233.88561247032206,231.78884129481213,232.265380859375,2084000
2023-04-24,233.50439427020643,234.45747343049297,232.0747755297766,233.8856201171875,1439000
2023-04-25,234.74338489101063,237.12608263748288,233.21845251613524,233.6949920654297,2242000
2023-04-26,231.50290685389268,232.5512996777699,229.78737611348694,230.83575439453125,3066000
2023-04-27,230.549835518382,232.265380859375,230.07329595381913,232.265380859375,1813000
2023-04-28,234.5527647103367,236.0776824951172,233.69498482249222,236.0776824951172,3364000
2023-05-01,237.4120177881196,238.65100902644332,237.22139032730047,238.5557098388672,2359000
2023-05-02,238.17446166002784,238.26977538731595,236.07769054518604,237.12608337402344,2195000
2023-05-08,236.74484360471817,241.03369957250533,236.55423069249423,240.74778747558594,2798000
2023-05-09,241.41493982128344,242.27270519728663,239.89000743857446,242.08209228515625,2240000
2023-05-10,242.55863171759643,242.55863171759643,239.69939440854813,242.272705078125,2499000
2023-05-11,239.69938602239685,240.6524650920684,235.50584393297498,237.03076171875,4692000
2023-05-12,229.88269093835777,235.6011659096743,228.2624592717182,233.31378173828125,10967000
2023-05-15,234.3621530519323,240.08062785150284,233.98092721576097,238.36509704589844,9859000
2023-05-16,238.36509607730966,238.36509607730966,232.93253340552593,234.36215209960938,5901000
2023-05-17,234.26685252931733,236.26830997206147,230.35922228807868,230.54983520507812,4912000
2023-05-18,231.97944628405375,232.07476001084228,228.92959608364828,231.0263671875,4417000
2023-05-19,232.0747530317035,235.4105297693255,231.0263602398893,231.6935272216797,3977000
2023-05-22,231.59821320759443,233.69498424576335,229.21551554084962,233.4090576171875,4174000
2023-05-23,234.5527719729389,236.45893017006046,231.40760803912178,232.55130004882812,4116000
2023-05-24,232.5512996777699,233.3137658639685,230.64514148368983,230.83575439453125,3409000
2023-05-25,229.6920701489006,231.50291467733948,228.4530643723108,231.12168884277344,3231000
2023-05-26,231.50289912300894,232.26536528374552,229.59674099258373,230.3592071533203,3884000
2023-05-29,233.8855892428532,235.3152077945646,230.16858682553632,230.64512634277344,3812000
2023-05-30,229.69205536197347,231.6935272216797,229.02490292301556,231.6935272216797,2306000
2023-05-31,229.69206187432638,230.83575387965686,226.64221167916747,227.0234375,4285000
2023-06-01,225.21258544921875,226.83281694741956,224.0688934824201,225.21258544921875,2938000
2023-06-02,226.45159925656662,228.54837036132812,225.4985201595993,228.54837036132812,2652000
2023-06-05,230.50218943775653,233.74265260681355,229.54911032417115,232.50364685058594,4501000
2023-06-06,230.21627038836968,233.1231646892502,228.40541128712974,232.98019409179688,3884000
2023-06-07,234.9339860609211,235.07694210143177,229.50143837903215,230.025634765625,4107000
2023-06-08,230.5498153951923,230.97871260012994,224.6407282189451,225.8320770263672,6913000
2023-06-09,228.357768443726,229.21553385515656,226.2609826951916,228.40541076660156,5486000
2023-06-12,228.7389831729041,232.26537292158648,228.7389831729041,231.0263671875,5148000
2023-06-13,231.3123018239839,234.17153921251975,230.31156582942967,233.2184600830078,6714000
2023-06-14,236.03003344987454,239.6517369407736,235.98239112911023,238.6510009765625,7267000
2023-06-15,237.93618811283832,240.31888582894058,236.17300052862228,238.50804138183594,4415000
2023-06-16,238.1744728398769,239.41347863861617,235.55350518758888,236.79251098632812,5129000
2023-06-19,239.12754027835516,239.556437507452,235.64880738186324,236.74484252929688,4540000
2023-06-20,236.3636052866958,236.41126214794102,234.3621334570546,235.17225646972656,4049000
2023-06-21,232.74191011334673,239.31816453868277,232.74191011334673,238.3174285888672,5658000
2023-06-22,238.269794586924,239.032260838169,237.55498520316326,237.84091186523438,2956000
2023-06-23,237.8885565126152,238.88927796420688,232.59896443593985,234.36215209960938,4605000
2023-06-26,235.31522435538005,239.07989844076602,233.1231540560831,237.12608337402344,3977000
2023-06-27,238.65100865690894,238.65100865690894,231.97945473790617,234.74339294433594,7072000
2023-06-28,236.55422275066172,239.6993865966797,236.36360984483724,239.6993865966797,4774000
2023-06-29,240.89075100753064,246.0850439197046,240.89075100753064,243.70233154296875,7022000
2023-06-30,243.03517887697598,244.5124398986281,240.22359834363255,241.79617309570312,3625000
2023-07-03,243.0828329592167,246.18032556268653,243.0828329592167,244.89369201660156,4397000
2023-07-04,246.18032115814185,246.7521744382075,244.84601622843275,244.9413299560547,2715000
2023-07-05,243.17812011132662,243.65465964871336,239.9853139365349,243.3210906982422,3329000
2023-07-06,241.9867941319958,245.51319867611636,241.22434243440276,242.65396118164062,3338000
2023-07-07,241.12900931929147,245.5608212623746,239.98531732199578,243.6546630859375,5624000
2023-07-10,246.13267883786725,247.08575794275734,242.89221569837414,243.79763793945312,4086000
2023-07-11,245.41786201788992,246.65685318216077,243.51170386629465,244.08355712890625,2609000
2023-07-12,245.94207025265067,246.3233251923915,242.415694745394,245.0843048095703,5079000
2023-07-13,245.65613510548337,246.2279883758203,243.08282447463264,243.46405029296875,2771000
2023-07-14,244.75069476756988,245.9897150161745,242.12974185477532,243.3210906982422,3468000
2023-07-18,243.9882579075876,245.4655189286207,242.36802629098673,245.2272491455078,2895000
2023-07-19,246.27564637683633,248.42007446289062,245.0366551169386,248.42007446289062,3103000
2023-07-20,248.75365029071764,250.4215387505213,247.70525744170774,247.9435272216797,3492000
2023-07-21,248.32475350280188,250.9457210872461,245.6561435965435,249.4684600830078,4058000
2023-07-24,251.94649077358497,257.2360686664909,251.85117703704267,255.3299102783203,6943000
2023-07-25,256.71183552550565,262.287353515625,255.56812908652526,262.287353515625,7266000
2023-07-26,262.23968525117664,262.23968525117664,257.5696038931877,259.1898498535156,6063000
2023-07-27,259.1898637466735,259.23750606572844,255.2345623525064,257.85552978515625,6093000
2023-07-28,255.52051972204694,258.14148732084783,252.18474277811856,257.2837219238281,5463000
2023-07-31,259.6663962721653,262.04909387390785,258.04615026871477,259.85699462890625,3994000
2023-08-01,260.1429475641137,262.0014343261719,258.8086135782273,262.0014343261719,4175000
2023-08-02,261.71552686612046,271.1510041458007,260.47650658382616,266.1473388671875,10996000
2023-08-03,257.95085798050167,258.18912776047364,247.419345340008,247.9435272216797,13780000
2023-08-04,224.11655462378158,228.73899428373213,222.06744028378995,228.40541076660156,27563000
2023-08-07,227.49999297989703,231.4552802264902,225.87976131364022,230.26393127441406,9037000
2023-08-08,230.16862094159248,231.40762677862335,228.4054186493369,230.59750366210938,8915000
2023-08-09,232.55129966002426,233.07549607192286,228.50071349791318,228.54837036132812,6406000
2023-08-10,228.5483855529035,230.2639309500433,227.26172286934022,229.69207763671875,5787000
2023-08-14,230.64514516565922,233.45672563824422,227.07109849470376,228.50071716308594,5819000
2023-08-15,228.73897528498426,229.26317167857883,227.1187437852821,227.30935668945312,3154000
2023-08-16,224.97432275807367,226.11801476083693,224.25951343849252,224.3548126220703,4149000
2023-08-17,224.25950974320125,224.25950974320125,218.6363344627871,223.25877380371094,6868000
2023-08-18,220.3518987130502,221.92448805153452,220.2565995228242,221.68621826171875,3909000
2023-08-21,221.68620238769384,222.3533548428392,220.11361316181606,220.3518829345703,3891000
2023-08-22,221.1620141035075,223.54471191857905,219.87535146623551,223.49705505371094,3557000
2023-08-23,222.49631516782955,225.2602533106275,221.30496628114935,225.0696258544922,3467000
2023-08-24,225.40321028720948,229.12021301181034,225.06962678043342,228.11949157714844,4712000
2023-08-25,226.45158752500853,227.35700971165457,225.87973427932042,226.4039306640625,3095000
2023-08-28,230.0732964437568,237.84090008837256,229.73972747355248,235.8870849609375,11734000
2023-08-29,237.41202541092733,240.46187582512306,236.7448583623059,239.03225708007812,7345000
2023-08-30,242.034435181397,242.36801868441907,239.842350336989,241.3196258544922,4744000
2023-08-31,239.0322492800815,239.5564457113927,237.55497371650742,238.74632263183594,5265000
2023-09-01,238.7939720477868,240.7477871165426,238.74631518409365,240.17593383789062,4556000
2023-09-04,240.27125132340026,242.2250518798828,238.41273541012848,242.2250518798828,3796000
2023-09-05,242.74923769709002,244.17887085361906,240.98605013256397,244.08355712890625,3337000
2023-09-06,244.08356169122195,250.32621812011567,243.98824796472758,249.5637664794922,6318000
2023-09-07,248.75365123304107,250.27858364777157,248.2294693493837,248.7060089111328,3354000
2023-09-08,244.84601574770187,245.94205089903718,241.79616552661696,242.272705078125,6653000
2023-09-11,243.70232764929696,244.79837736108036,240.98606088774656,242.98751831054688,2941000
2023-09-12,244.98897191849633,246.03736474947135,242.60628870259794,244.36947631835938,2273000
2023-09-13,244.4647942033918,244.5601079324952,242.12975326869017,243.5593719482422,2326000
2023-09-14,243.51169669351606,246.6092035986195,242.27269102290825,246.46624755859375,4098000
2023-09-15,249.4684454285847,250.7551079843178,248.134140553836,249.65907287597656,6233000
2023-09-19,247.9435158085802,250.7551107170952,246.84748068829418,249.9926300048828,5203000
2023-09-20,251.13634510265612,251.42225720095436,247.99119567871094,247.99119567871094,4438000
2023-09-21,246.94279747698315,249.27782379079662,244.27415857962635,244.9889678955078,3799000
2023-09-22,242.51097485387902,243.79763746008396,239.4134677690767,242.272705078125,4811000
2023-09-25,242.2727017798362,244.27415914322248,240.98605373398067,242.8922119140625,3974000
2023-09-26,242.93985741809823,243.03517114548455,239.89000719856463,240.17593383789062,4682000
2023-09-27,239.2228586138415,240.8907470703125,236.22066520932697,240.8907470703125,4421000
2023-09-28,237.3167034384726,240.65248039443506,234.123882534918,235.12461853027344,8109000
2023-09-29,234.21918757516892,235.12460980677085,226.07035840508578,227.0234375,9838000
2023-10-02,230.21625864329587,233.17079511642726,226.45159912109375,226.45159912109375,5469000
2023-10-03,226.16566717640185,226.78516275738977,219.63706970214844,219.63706970214844,8443000
2023-10-04,216.6348794731374,217.92152751541914,212.01244008214522,213.48971557617188,8060000
2023-10-05,214.91933813598388,217.11142298562703,212.29837059774016,216.49191284179688,4570000
2023-10-06,218.73166633400902,219.63708862377476,216.7301942889826,217.49266052246094,3665000
2023-10-10,220.44720103102017,223.0681685832759,219.92300461200242,222.5916290283203,4224000
2023-10-11,223.11582137953596,223.21112056308974,219.68473082927744,219.78004455566406,3891000
2023-10-12,221.87682746753651,222.8775634765625,220.39955188686326,222.8775634765625,3726000
2023-10-13,220.16128883400208,221.4479515339318,217.96920382881967,218.39808654785156,3551000
2023-10-16,217.3020322195514,219.1605335339152,215.39587404218693,216.53956604003906,3628000
2023-10-17,218.25512273723848,219.9706680952682,215.25292926781162,216.9684600830078,3004000
2023-10-18,218.15979795135902,220.01831381170024,216.1106837243582,217.11141967773438,5300000
2023-10-19,214.44278719499854,217.06375459404853,212.44131536404566,213.775634765625,5493000
2023-10-20,213.29910668661012,215.10995116964796,212.53664049376096,214.013916015625,4377000
2023-10-23,213.4897124755883,217.30202876979524,213.4897124755883,216.20599365234375,5787000
2023-10-24,216.4442597033001,221.16199812778748,214.1568612403625,220.06594848632812,8500000
2023-10-25,221.9244714978073,221.9244714978073,216.20599696877983,216.7301788330078,6690000
2023-10-26,215.7771075572933,218.06450617742183,212.77491413798916,214.72872924804688,7089000
2023-10-27,217.01612139916418,217.9215436908273,216.01538537455383,217.8739013671875,4619000
2023-10-30,214.9669866851902,214.9669866851902,208.62900215760845,211.05935668945312,6342000
2023-10-31,210.63047097819856,214.20451743144855,208.34308706525147,213.775634765625,6058000
2023-11-01,216.3966102439751,219.16053378721494,215.77710010991595,217.30203247070312,5868000
2023-11-02,221.11436455580753,221.40029121164474,216.9684644032526,218.06451416015625,5091000
2023-11-06,221.49558329046485,225.35555666325604,221.49558329046485,224.259521484375,9009000
2023-11-07,223.3540986563315,225.02198712430078,222.30570580218892,222.92520141601562,4574000
2023-11-08,224.4024768384489,225.40321282722098,215.58649494140113,217.5879669189453,6229000
2023-11-09,215.5864839286682,223.06816048705804,215.5864839286682,221.54322814941406,7723000
2023-11-10,207.48531556266258,222.40101208842995,207.2947026526979,222.0674285888672,18942000
2023-11-13,222.21039564630053,224.21186765718565,217.87389719410533,218.6840057373047,6134000
2023-11-14,219.7800521359456,220.30423402065267,217.54031037410624,219.3035125732422,4532000
2023-11-15,219.20820237811157,223.3064455920082,219.20820237811157,222.6869354248047,5137000
2023-11-16,223.30644213707188,224.2595212631005,221.40028388501466,223.49705505371094,4037000
2023-11-17,222.11507189279513,230.93105296168213,222.11507189279513,230.64512634277344,7448000
2023-11-20,232.74190036238463,232.74190036238463,227.21403898137137,227.92884826660156,5262000
2023-11-21,225.3079038033848,229.31084784207712,224.4501383909985,228.02418518066406,5039000
2023-11-22,227.023437382651,229.35847825541728,226.59455469872788,227.21405029296875,3285000
2023-11-24,226.64221603239372,230.40687562104793,226.59455916816606,229.26318359375,3058000
2023-11-27,230.02565690861078,230.88342231991047,226.1656834720951,226.3086395263672,3127000
2023-11-28,227.40467442267416,227.8335571003293,224.30716741107312,226.6898651123047,3032000
2023-11-29,224.92666259550157,227.4046740175003,224.87900573299532,224.9743194580078,1991000
2023-11-30,223.6876572830533,226.92813488242786,223.06816169786617,226.6898651123047,5702000
2023-12-01,228.73899066808997,228.73899066808997,225.4985274507587,226.16567993164062,3603000
2023-12-04,224.92665827509106,225.68912443204766,222.49630376228103,223.68765258789062,3051000
2023-12-05,223.44939464437553,224.021247928055,221.92447679261878,223.35409545898438,3415000
2023-12-06,222.06743677360402,226.68987636048834,221.78151012670222,226.16567993164062,2972000
2023-12-07,225.16495137589536,225.64149095552688,221.01905121596755,221.68621826171875,4050000
2023-12-08,220.5901520486679,220.5901520486679,214.72872147354784,216.7301788330078,5343000
2023-12-11,216.44427100011666,218.5410421267881,215.20526525254573,215.72946166992188,5323000
2023-12-12,217.2067108660254,217.25436772735253,214.82401322799163,215.87240600585938,4689000
2023-12-13,215.20526084204695,215.77709956878348,212.91786230660261,213.48971557617188,3628000
2023-12-14,213.72799237364458,214.63341462786482,209.48679320389363,210.53517150878906,4923000
2023-12-15,209.67740270707088,212.67959606506167,209.4391329312674,211.3452911376953,5239000
2023-12-18,208.81964804835314,208.86729037169255,206.86583287792422,207.19940185546875,4730000
2023-12-19,207.15174865722656,207.39001843275,203.38707456968956,207.15174865722656,4929000
2023-12-20,207.86655822809757,212.82256665624357,207.81890136437028,211.3452911376953,5368000
2023-12-21,209.77271595163842,210.34455468655065,207.43766051987302,208.67666625976562,3456000
2023-12-22,209.10553374378284,210.77342204930517,208.58135191059847,209.82034301757812,2624000
2023-12-25,211.10700914481768,211.58354866884662,208.43838490168923,208.62899780273438,2996000
2023-12-26,208.9149362730638,210.24925574171198,208.05717089830162,208.29544067382812,2953000
2023-12-27,210.53515646718188,212.6319420128351,209.53443509828543,210.1539306640625,4446000
2023-12-28,208.20013441365447,211.24998474121094,208.15247754827334,211.24998474121094,5178000
2023-12-29,212.20306019464658,213.1561393143941,210.39221568425964,211.29763793945312,3012000
2024-01-04,210.72579612852675,213.82330322265625,209.58208956719713,213.82330322265625,5216000
2024-01-05,214.39513791716848,215.25291782198866,212.77490637628514,213.29910278320312,4940000
2024-01-09,214.87168513401923,217.54030958403294,213.72799309625142,217.20672607421875,6481000
2024-01-10,218.06450679868476,224.83135986328125,217.87389388217264,224.83135986328125,8508000
2024-01-11,226.26096743596412,232.0270987698939,226.2133251163016,227.4523162841797,7701000
2024-01-12,231.35994210140782,231.35994210140782,224.40246204622846,224.64073181152344,6025000
2024-01-15,223.5923575577613,224.64073581805783,223.2111172007904,224.021240234375,562000
2024-01-16,226.35629235865733,226.35629235865733,221.2096708968991,221.40028381347656,4693000
2024-01-17,229.50144219083538,235.64879926304397,228.6913191669336,230.93106079101562,13170000
2024-01-18,228.8342968620866,230.2639155066823,225.78443211934942,226.45159912109375,7090000
2024-01-19,229.69207724644247,229.69207724644247,226.59456998067094,228.16714477539062,4504000
2024-01-22,228.73899885266124,233.4567377954306,227.3570369764932,233.31378173828125,5905000
2024-01-23,235.98239491581631,236.93547403172377,234.12387900553026,234.98165893554688,5150000
2024-01-24,236.17300104501047,241.55789207804244,235.21992195648568,241.17666625976562,8420000
2024-01-25,242.5109718787697,249.70672192683082,241.7485056971441,249.37313842773438,10140000
2024-01-26,246.8951340247121,249.70672905868523,245.08428951661062,247.37167358398438,7950000
2024-01-29,246.84749600294293,250.75512627417697,246.0850443290925,249.61141967773438,5718000
2024-01-30,254.37681224454738,254.75803807681334,248.0388418904174,248.7060089111328,6042000
2024-01-31,253.47143115941435,268.3394437795505,253.47143115941435,257.3313903808594,21936000
2024-02-01,258.66568727163,263.2404848513513,257.04547009425124,258.57037353515625,12839000
2024-02-02,258.57034836528,263.526371322796,255.66346874264025,261.57257080078125,7943000
2024-02-05,264.717719991119,269.4354731697815,264.0029106662105,268.8159484863281,9480000
2024-02-06,266.33795438502426,267.1957197200677,260.95303443894096,261.71551513671875,10230000
2024-02-07,260.85773895675857,264.2888001542891,260.4764840808877,263.0021667480469,6001000
2024-02-08,262.14440228708605,267.52932262399116,261.9061325052997,263.7646484375,8831000
2024-02-09,255.47282834729114,280.1575990716045,254.28147953185766,274.34381103515625,25537000
2024-02-13,279.72871043963306,281.92078069296883,275.39221225277373,279.58575439453125,11081000
2024-02-14,276.3929441896883,276.3929441896883,269.10189475492115,269.9120178222656,8120000
2024-02-15,270.76977438002893,273.5336979146466,264.38413286413163,267.71990966796875,8280000
2024-02-16,268.29174921347834,272.914188365195,267.48162621399575,271.34161376953125,6796000
2024-02-19,270.7221162402216,276.82184596324106,269.816708514784,276.3453063964844,5523000
2024-02-20,276.63119816635,276.67884048525656,267.86285914834446,268.95892333984375,8834000
2024-02-21,268.29177219718844,283.01685623091,267.0527809758375,282.4926452636719,13827000
2024-02-22,283.0645063143933,285.7331162884776,280.30058260859164,283.9222717285156,9604000
2024-02-26,285.0183075483135,286.68619605715656,280.77712279151297,280.8724365234375,7566000
2024-02-27,279.442817801572,280.96772116969464,277.2983897187738,280.8724365234375,5885000
2024-02-28,283.44572462934707,285.2089268194662,281.3966103373347,282.1114196777344,6169000
2024-02-29,282.1114469582999,284.63710105481294,280.20528853290597,282.54034423828125,5670000
2024-03-01,276.86949098822083,278.2991097024457,274.53443545405327,276.6788635253906,10178000
2024-03-04,277.1077312157287,279.20451674053464,275.7257549717887,277.4413146972656,6525000
2024-03-05,277.4413342037589,282.01610228868105,275.10627875448995,281.015380859375,5491000
2024-03-06,280.9677207641701,290.4032275833977,278.53738057477347,290.02197265625,9496000
2024-03-07,291.45158475105114,292.3093792319677,283.54103964889487,288.9736022949219,10703000
2024-03-08,291.16564229800156,295.2638704734952,288.5923172948176,290.8797302246094,9495000
2024-03-11,283.25509540428794,284.01754698340085,277.536621303951,279.8240051269531,6937000
2024-03-12,279.2521586299353,280.44350742955106,273.86726787280486,278.2037658691406,5455000
2024-03-13,282.4926312132366,288.02050728398837,281.49190982158535,286.4955749511719,7673000
2024-03-14,286.68618234006414,295.1686096191406,283.82694503313934,295.1686096191406,10482000
2024-03-15,289.73606857350495,290.21260815997454,285.68548208851354,286.8768310546875,19825000
2024-03-18,289.3548354498098,300.029304467072,289.25952171777755,299.5527648925781,9414000
2024-03-19,299.2668227297648,306.5102293518219,298.69496948066416,298.790283203125,7744000
2024-03-21,301.363623803144,306.7961572352441,299.83869142222136,304.3181457519531,6388000
2024-03-22,308.03516368399704,310.60845969340977,304.5087595293599,310.22723388671875,6867000
2024-03-25,310.1319501264423,313.5630408894789,306.1290351409558,306.7961730957031,6847000
2024-03-26,305.1759495570858,312.6099551489215,305.1759495570858,309.94134521484375,6183000
2024-03-27,310.7038118673138,312.8005976920967,308.4164276584304,309.3695068359375,5423000
2024-03-28,312.0883478057131,312.0883478057131,308.01004857992706,309.0781555175781,3960000
2024-03-29,308.6897627888878,314.6130388922468,308.3013575564455,314.51593017578125,2793000
2024-04-01,314.6130409058914,314.8072583400655,296.64902468132664,297.81427001953125,9946000
2024-04-02,300.0476245658119,301.50416643263617,296.35773035655825,300.72735595703125,5555000
2024-04-03,294.80407254977194,302.08678170548063,293.25042200320354,299.5621032714844,4800000
2024-04-04,302.7664680282735,308.6897437666249,301.2128471942425,307.9129333496094,6963000
2024-04-05,301.11576119483374,302.6694117794637,297.52294606996566,300.72735595703125,5514000
2024-04-08,307.42742300944803,312.8651848921124,305.679555100689,312.2825622558594,6630000
2024-04-09,312.28256261136414,323.3522741791001,311.505722551003,322.86676025390625,8851000
2024-04-10,324.8088183339058,328.9842262677904,321.99284347383815,325.77984619140625,9001000
2024-04-11,322.57546233445146,330.829199026472,318.88553873914435,328.9842224121094,13653000
2024-04-12,332.3828228713369,335.49012386031353,328.69292887616825,334.9075012207031,7560000
2024-04-15,331.12049072265626,341.0249864627421,329.66394897460935,339.8597412109375,8420000
2024-04-16,339.3742392685057,343.2583507336674,326.6537682934173,327.1392822265625,9946000
2024-04-17,328.3045319815524,329.2755598610403,318.10873924692913,326.9450988769531,9232000
2024-04-18,325.97406706123144,338.3061032017636,322.4783608106028,334.71331787109375,7532000
2024-04-19,330.14945410176136,331.60599581103384,320.5362847472464,325.10009765625,8589000
2024-04-22,327.52766911720255,329.9552386470763,317.8173909977075,321.9928283691406,10467000
2024-04-23,323.5465049898557,325.779857284789,317.72033764646153,322.1870422363281,6242000
2024-04-24,324.808825688712,328.5958284920311,322.6725525004709,326.9450988769531,7452000
2024-04-25,325.2943485144413,326.2653764204546,320.3421002670897,320.439208984375,3389000
2024-04-26,320.3420866101499,325.1972259332302,317.72032915573783,324.12908935546875,5972000
2024-04-30,329.1784730435278,333.2568022620373,325.77987523924355,328.8871765136719,7023000
2024-05-01,322.0899573841136,331.0233960372333,320.5363068603565,330.0523681640625,8197000
2024-05-02,326.8479862155339,335.87853353235744,326.07114614127266,334.71331787109375,5502000
2024-05-07,339.9568552932415,344.71488581870335,339.0829361572862,344.13226318359375,7186000
2024-05-08,341.8018090647163,344.6177839513498,334.81039657138865,342.2873229980469,5834000
2024-05-09,341.8018212974893,345.491715469492,338.69452015959877,340.15106201171875,5467000
2024-05-10,341.60757834845157,346.17142099757916,339.18000877623854,342.967041015625,6360000
2024-05-13,337.52928828224077,338.7916126402147,331.6060124408019,334.9075012207031,9555000
2024-05-14,375.1080720305917,398.99536468661927,375.1080720305917,397.3446350097656,41174000
2024-05-15,393.26628818347484,400.2577007156598,384.0415233989242,387.63433837890625,15455000
2024-05-16,385.6922919167883,387.8285355066749,371.6123874331035,384.1386413574219,16016000
2024-05-17,381.2255519778343,385.6922861567731,374.33124809658307,376.8559265136719,8264000
2024-05-20,380.8371490533273,386.95461288675136,377.2443340188279,379.7690124511719,6831000
2024-05-21,380.83712625120125,388.7024279565591,375.98198710793463,382.3907470703125,7270000
2024-05-22,385.0125502463334,385.0125502463334,375.10805412433376,377.05010986328125,7101000
2024-05-23,376.8559143229917,376.8559143229917,365.88328184343476,369.864501953125,9277000
2024-05-24,363.64993226655696,366.66012454845117,358.11506163102837,365.2035827636719,10143000
2024-05-27,371.3210721828906,388.314060851608,369.8645302970005,388.119873046875,10612000
2024-05-28,392.9749743433439,429.09719181070403,392.7807569241305,423.3681335449219,38734000
2024-05-29,423.3681590208182,428.70881240296154,414.14339408802516,414.53179931640625,13600000
2024-05-30,404.0447083770366,411.5216053022667,401.034516010564,410.0650634765625,9675000
2024-05-31,408.99693702524394,411.7158031169889,404.7243908333333,411.03607177734375,9798000
2024-06-03,411.2302888391426,411.42450625984816,389.0908660159278,392.87786865234375,15238000
2024-06-04,417.1535788185193,419.9695537144294,405.50124438019986,407.34619140625,19013000
2024-06-05,405.5012535793928,410.647689553035,397.34462521421193,397.83013916015625,13189000
2024-06-06,412.68682849913824,412.9781249953,395.888058863011,395.9851379394531,9004000
2024-06-07,392.0039610621464,399.0924526252369,388.21692868086535,392.2952575683594,7451000
2024-06-10,393.55758500054344,407.83170658436376,393.55758500054344,404.2388916015625,10703000
2024-06-11,424.6304709679958,428.1261771877435,414.6288958717633,416.6680603027344,14620000
2024-06-12,417.5420049624297,419.38695208092844,411.42454092913897,412.39556884765625,6842000
2024-06-13,413.75497765956874,415.2115194516348,406.5693774120602,407.5404052734375,5926000
2024-06-14,406.8606704090966,424.3391717631867,406.8606704090966,421.3289794921875,9753000
2024-06-17,414.92018939047756,416.3767311687733,404.4331004401156,406.1809387207031,11595000
2024-06-18,409.7737356698494,411.7157912891377,396.3735637501263,399.4808349609375,9208000
2024-06-19,398.89824395873796,403.85049210704244,391.8097522399821,400.9374084472656,8052000
2024-06-20,394.43154573689554,398.80117129690507,388.6053783235495,396.082275390625,8882000
2024-06-21,394.334416617867,397.5387966760508,382.5849736821626,383.4588928222656,11323000
2024-06-24,383.7502152092101,392.19813965890586,383.65310649827654,391.22711181640625,6967000
2024-06-25,392.87788138245304,399.7721851730418,391.8097448007981,393.7518005371094,6928000
2024-06-26,393.84890655748944,404.6273217469985,393.84890655748944,398.4127197265625,6853000
2024-06-27,395.69385448517727,398.6069380764792,391.4213378112849,393.8489074707031,6586000
2024-06-28,396.9561737878947,399.28666433792444,394.33441636923874,395.59674072265625,5077000
2024-07-01,399.3837613985492,403.2678729789228,394.3344341241153,394.72283935546875,4443000
2024-07-02,392.78078977115723,394.9170630274834,387.92565021897974,394.4315490722656,6288000
2024-07-03,395.01413343990527,397.05329793373727,387.9256417027104,396.37359619140625,4700000
2024-07-04,398.31563473547925,401.3257973547675,393.94600942351065,400.2576904296875,4586000
2024-07-05,400.4518921901904,401.52002878595414,387.0517192860099,387.44012451171875,9874000
2024-07-08,386.4690989433552,386.5662076587183,373.84573641505466,379.7690124511719,7131000
2024-07-09,393.2662968613258,401.42292523991387,391.22713235832396,396.2764892578125,16677000
2024-07-10,397.0532828509856,410.7447814941406,394.8199306442193,410.7447814941406,13624000
2024-07-11,415.3086120396592,424.33915894648044,407.63746852588355,412.88104248046875,13117000
2024-07-12,404.43310937774424,407.8317069355404,397.9272107708811,401.2287292480469,8067000
2024-07-16,396.95619278913364,401.32581832947426,395.693868375292,396.17938232421875,5979000
2024-07-17,401.03450237923005,410.1621582500398,399.09244667763573,407.7345886230469,6620000
2024-07-18,396.0822385719713,398.3156203195305,381.22552490234375,381.22552490234375,10923000
2024-07-19,378.7008695699071,385.4009559509986,372.7775936320017,384.6241455078125,7846000
2024-07-22,384.6241313395603,389.7705670112834,373.06890603066387,373.1659851074219,7925000
2024-07-23,378.6037470058282,379.866100971599,374.5254478781678,377.7298278808594,5626000
2024-07-24,373.8457423277374,376.6617173172884,369.57322548496154,371.9036865234375,6723000
2024-07-25,359.1831916905383,365.9803865629918,357.435353433846,359.4745178222656,8953000
2024-07-26,360.25134569491945,368.60219144094646,358.3092899229792,361.61077880859375,5420000
2024-07-29,382.0023716813476,389.77059491689477,381.41974901199757,383.9444274902344,11330000
2024-07-30,381.128431919645,388.0227355957031,379.7689988534942,388.0227355957031,5344000
2024-07-31,382.29369019411854,403.073681007318,381.8081762515979,402.4910583496094,10964000
2024-08-01,384.04152113328644,389.38217439809824,378.70086786847463,380.15740966796875,10001000
2024-08-02,359.7658141621529,364.6209533546246,350.3468322753906,350.3468322753906,12523000
2024-08-05,311.60282942427267,319.2739434703923,283.5401306403217,285.8220520019531,18971000
2024-08-06,305.77667451394956,334.4219970703125,305.77667451394956,334.4219970703125,15959000
2024-08-07,307.2332014486305,327.91611213985124,291.9880822002601,309.4665832519531,24602000
2024-08-08,308.1071161592152,316.65217877541664,304.0288170856481,309.6607666015625,11046000
2024-08-09,318.7884352824756,325.4885512378773,310.7289158802003,315.0985412597656,13582000
2024-08-13,323.3522806253687,336.3640481532793,323.15806319805193,328.5958251953125,12739000
2024-08-14,330.1494875634249,340.44238927885095,326.65378118018697,335.5872497558594,10337000
2024-08-15,336.5582595929464,355.39619400418974,336.07274566671117,353.162841796875,12229000
2024-08-16,370.1558378829528,377.1472208044046,365.7862124445133,369.3789978027344,12722000
2024-08-19,364.62099131850283,372.7776200844296,361.125284809271,363.64996337890625,9197000
2024-08-20,368.01954722631376,374.0399316200585,365.7861950727665,367.24273681640625,7922000
2024-08-21,356.2701376367227,363.16444178989957,352.28891724121894,353.45416259765625,11014000
2024-08-22,351.5120787449568,352.58021529766097,345.3946151947515,351.8033752441406,10685000
2024-08-23,349.5700262886166,350.2497576375451,344.0351556856795,350.15264892578125,9531000
2024-08-26,341.8989099475539,342.0930977363874,326.65376093676645,330.5378723144531,15441000
2024-08-27,332.0915433726215,336.2669515090262,327.43062128391756,335.5872497558594,7624000
2024-08-28,330.5378767562868,331.606013326188,326.6537653264046,330.34368896484375,7766000
2024-08-29,330.1494917553715,334.3248999447919,328.11032720313955,333.8393859863281,5427000
2024-08-30,340.63656946580545,351.31787617763814,339.7626502978848,349.5700378417969,14178000
2024-09-02,354.42519230728914,358.6977092467751,349.37583524844723,353.3570556640625,8129000
2024-09-03,358.3092886567831,360.34845313679824,352.96863530282025,354.1338806152344,5740000
2024-09-04,333.06254776433866,333.06254776433866,320.1478893982723,321.60443115234375,18605000
2024-09-05,311.2144248544593,323.15805551500733,308.88396394915947,316.84637451171875,12318000
2024-09-06,316.06959148702697,318.40005259434855,303.54333710593033,306.4564208984375,11514000
2024-09-09,292.86200294686904,305.87377009734223,291.0170559745528,304.8056335449219,9302000
2024-09-10,307.9129565282977,315.0014484257709,306.7477111816406,306.7477111816406,7518000
2024-09-11,301.11577176757396,305.8738027729128,294.02724998675217,298.6882019042969,6945000
2024-09-12,311.3115594579254,312.670992629631,303.8346325634138,304.9998779296875,7061000
2024-09-13,306.8448021183516,310.5346961132429,302.0867715564912,307.6216125488281,6615000
2024-09-17,308.78687460682164,311.2144443757432,299.367892050038,305.2911682128906,5063000
2024-09-18,309.17526104885843,319.95367609435027,308.30134191185493,319.8565673828125,9751000
2024-09-19,325.29431552053745,335.3929987921036,324.3232877130135,334.227783203125,11699000
2024-09-20,343.2583633800659,352.9686424007184,340.24817095697966,347.72509765625,15789000
2024-09-24,351.99758844047784,353.93964410083913,346.6569353744844,348.9873962402344,9638000
2024-09-25,345.2003943968799,348.59899181007,342.1902021899423,344.423583984375,7532000
2024-09-26,349.27872896861487,359.2803039550781,347.239564560024,359.2803039550781,11168000
2024-09-27,362.09629197773285,367.92245928110236,356.85274733138414,367.728271484375,8228000
2024-09-30,354.13386455225293,359.1831915323727,348.69610273000103,350.3468322753906,9536000
2024-10-01,354.5222892382477,360.73686181935346,354.3280718065115,358.5035095214844,7294000
2024-10-02,349.764255789494,354.13388126898474,338.69451420138193,341.99603271484375,9842000
2024-10-03,353.74546064539743,354.9107060068593,343.8409936066537,344.3265075683594,6911000
2024-10-04,347.14245364427234,349.0845093289955,342.2873144324643,344.2293701171875,5120000
2024-10-07,351.0265648240383,357.24113708511084,351.0265648240383,351.8033752441406,7351000
2024-10-08,349.86132033363276,351.2207830219432,339.0829349721583,342.67572021484375,9052000
2024-10-09,349.4729131474293,351.512077534951,344.9091000865567,350.3468322753906,7729000
2024-10-10,352.48310658679367,353.8425396386817,345.88012911567,351.8033752441406,5116000
2024-10-11,351.8034102840756,370.05875330890865,348.7932473813007,368.21380615234375,12747000
2024-10-15,374.5254573223113,375.39937646931713,363.2615282236293,366.6601257324219,13199000
2024-10-16,356.27011169796003,361.70787357639625,353.5512455754511,359.2803039550781,8121000
2024-10-17,360.2513399006761,360.2513399006761,352.9686308730344,354.32806396484375,7014000
2024-10-18,359.2803319279369,364.13547154858475,351.9005137778682,353.3570556640625,5573000
2024-10-21,352.3859906052239,353.3570184270258,347.6279602050781,347.6279602050781,3497000
2024-10-22,347.72508859614646,351.803387898507,340.4423795204107,342.0931091308594,5108000
2024-10-23,339.0829490618499,345.9772233338665,336.36405320567076,341.99603271484375,8114000
2024-10-24,336.46116192078773,343.45257454134065,333.8393747797256,341.99603271484375,4689000
2024-10-25,338.9858403467329,342.77284316894105,337.14089329318733,341.99603271484375,3572000
2024-10-28,336.7524385355207,341.99601250782564,332.67413944234943,339.95684814453125,10119000
2024-10-29,343.54963617667306,361.9020859652834,342.4815292648854,361.02813720703125,12114000
2024-10-30,363.84416117783854,378.99217251103295,360.54264265470806,375.2051696777344,16736000
2024-10-31,375.1080795260715,380.6429506102522,368.11669617246633,372.7776184082031,10143000
2024-11-01,360.44554558284733,364.1354395165815,352.4831054520509,354.9106750488281,12887000
2024-11-05,354.7164638463444,355.59041262323996,348.3077037052333,350.0555419921875,11748000
2024-11-06,356.9498428471289,371.80655706798035,356.2701115001699,371.41815185546875,11960000
2024-11-07,391.8097308903827,393.3633813509562,371.5152550931282,391.42132568359375,27270000
2024-11-08,459.393310546875,459.393310546875,459.393310546875,459.393310546875,4944000
2024-11-11,496.2923134400429,527.3651733398438,493.670526532311,527.3651733398438,60277000
2024-11-12,527.3652335613876,574.4600871380844,524.4521498349941,553.0974731445312,100641000
2024-11-13,546.6886953677771,582.0341338371893,544.1640465914641,566.1092529296875,44656000
2024-11-14,566.1092450415382,595.045863552215,566.1092450415382,586.2095336914062,43250000
2024-11-15,590.8704359012274,601.5517420555635,579.6065367542981,587.1805419921875,48118000
2024-11-18,577.4702622301086,592.8124900874402,569.4107430962099,576.5963134765625,29098000
2024-11-19,568.8280826406559,590.6762084960938,561.9338088552292,590.6762084960938,27562000
2024-11-20,592.1328056060535,593.2980509473705,580.1891742079441,587.9573974609375,15718000
2024-11-21,595.3372182591733,620.486866116811,595.2401391699611,604.4649047851562,34548000
2024-11-22,609.6112765660594,622.1375596238782,600.192294502962,616.6997680664062,26480000
2024-11-25,625.1477026190613,629.2260313422391,611.8446095475018,622.234619140625,29921000
2024-11-26,618.2534728134461,630.3913215051392,585.1413860224038,595.8226928710938,40064000
2024-11-27,589.8994623729421,599.4155241512691,558.1468374832033,567.8571166992188,47978000
2024-11-28,564.1671656342066,590.8704307890099,563.487434304172,576.79052734375,34358000
2024-11-29,581.2572686011887,601.8430716288432,580.0920825519643,597.6676635742188,28325000
2024-12-02,595.531393588119,623.2056884765625,594.3661482657641,623.2056884765625,26592000
2024-12-03,634.0811835987253,670.5918069108453,632.0420488283429,667.0961303710938,49985000
2024-12-04,668.0671510082334,676.223808535417,660.2989283220911,662.9207153320312,33311000
2024-12-05,679.5253245789697,688.4587932702594,655.6380615234375,655.6380615234375,32707000
2024-12-06,659.716373384876,662.4352396285037,636.8972179279488,638.353759765625,21668000
2024-12-09,643.7915312876152,649.1321850162454,616.8940452009632,630.391357421875,22922000
2024-12-10,628.7405347935594,633.0130810533313,615.8258762025184,622.9143676757812,16028000
2024-12-11,625.827459464044,636.0232520542262,610.8736066250416,633.1101684570312,16272000
2024-12-12,660.2989632523257,662.2410190265973,635.4406730483855,641.4609985351562,30154000
2024-12-13,640.8783533185355,653.5987938973667,632.2361821200823,651.65673828125,16613000
2024-12-16,656.4148156294548,681.176025390625,648.7436720359266,681.176025390625,28735000
2024-12-17,679.719455880477,684.5745948510518,643.8885065709014,653.6959228515625,28982000
2024-12-18,660.299001975218,673.6020966624989,655.5409413424832,657.7743530273438,16257000
2024-12-19,638.3537597460182,660.5902629070883,630.0028843168277,654.9583129882812,23518000
2024-12-20,652.5307092006145,671.1744556025707,646.7045421541804,667.2903442382812,20651000
2024-12-23,672.9222938631336,677.0006226490048,656.7061170638583,667.2903442382812,14960000
2024-12-24,674.5730811705956,674.7672986002747,639.9073739456646,646.2190551757812,17103000
2024-12-25,650.2973980437582,659.1337282482251,643.5002027274483,654.5698852539062,10395000
2024-12-26,651.8510139389507,665.7367009815014,650.2002546643897,662.4352416992188,16038000
2024-12-27,669.2324396391944,671.1744954365995,648.6466363333315,656.2206420898438,17884000
2024-12-30,648.8408446011532,655.2496049353267,636.5087786084606,649.1321411132812,15505000
2025-01-06,666.707716479953,698.3632608225872,661.2699840768056,684.1862182617188,42189000
2025-01-07,691.0805259799057,696.7124756017864,675.058566610666,682.4383544921875,20339000
2025-01-08,674.8644212104437,710.4040202609762,668.4556604855418,709.0446166992188,29373000
2025-01-09,712.0546986511879,715.4532960693878,680.3020766334965,681.176025390625,26477000
2025-01-10,677.6804194825894,716.7156950526227,672.2426274869711,704.8692016601562,31592000
2025-01-14,702.5386492743008,702.9270841209244,654.4727707130321,670.0092163085938,33661000
2025-01-15,670.0092167432109,676.2238186922015,635.1492932088223,641.169677734375,25683000
2025-01-16,658.162680626277,694.2849293640395,644.956725256997,690.4008178710938,56773000
2025-01-17,684.865942794883,713.8996997271713,673.5049048967338,710.306884765625,58267000
2025-01-20,707.6851446023682,719.5316972196772,689.2356139044277,691.3718872070312,26153000
2025-01-21,695.2559549632916,707.8793172740777,682.341296144855,682.9238891601562,20621000
2025-01-22,719.5316932470981,779.5412072272935,716.4243920301797,768.568603515625,68959000
2025-01-23,796.4370834969983,806.3415797819255,754.5857460741294,774.68603515625,55041000
2025-01-24,760.1205831963775,791.3876915758073,759.2466936982972,777.890380859375,33198000
2025-01-27,777.7933304750653,777.8904095561546,686.9051447779727,690.2066040039062,67464000
2025-01-28,661.0757713522738,664.1830724334002,630.2941755864225,638.5479125976562,78101000
2025-01-29,660.396077435457,675.9325244554174,636.7030312901225,665.4454345703125,68294000
2025-01-30,657.482922539869,683.9920298152963,648.8408103794051,681.176025390625,40520000
2025-01-31,687.4877206878188,703.6067593587928,685.1572301312948,694.0906982421875,32905000
2025-02-03,669.8149964872157,684.9630664487571,661.65839813885,667.0961303710938,24521000
2025-02-04,683.0210254075424,716.3272693948597,678.9426965124584,710.306884765625,41705000
2025-02-05,733.223104748622,758.5669671564059,714.0939035452582,723.1244506835938,45962000
2025-02-06,727.008604846823,734.7768280923788,709.8213990626627,725.5520629882812,24139000
2025-02-07,727.9796169544063,731.8637284928939,709.2387906345714,717.201171875,20479000
2025-02-10,712.3460543729018,737.4957010652741,710.8895125011469,734.2913208007812,33779000
2025-02-12,737.9811749859505,777.987534746451,729.1448451500905,755.9451904296875,77829000
2025-02-13,776.3367596867948,778.4730327925836,704.092264534535,712.7344360351562,232731000
2025-02-14,715.647541214648,736.5246404495393,690.9834095745994,698.0719604492188,86010000
2025-02-17,694.0906988198853,698.5574625124679,679.7194984209247,683.5065307617188,30060000
2025-02-18,706.4227845469098,728.2709119040308,701.3734277043408,708.2677612304688,42845000
2025-02-19,709.0445741091842,713.9967926203406,688.6529885060999,706.6170043945312,26117000
2025-02-20,700.013994106998,723.7070378613179,688.4587390952794,691.5660400390625,36203000
2025-02-21,682.2441693997503,683.6036321476886,659.2308559014311,671.757080078125,41471000
2025-02-25,632.9159909439971,637.382754968152,617.2824650265582,622.0404663085938,45140000
2025-02-26,612.5243779959334,650.5886829407606,600.2894503518427,649.1321411132812,49655000
2025-02-27,658.8424177625609,677.7774614565475,637.6740217939332,641.6552124023438,40362000
2025-02-28,621.4578764653518,623.0114974497785,592.0357419798136,603.78515625,38539000
2025-03-03,615.5345814547443,615.5345814547443,603.299594912429,604.6590576171875,22689000
2025-03-04,571.1585978235341,572.8093570351967,536.7841879499447,551.5438232421875,55235000
2025-03-05,569.6049170531395,587.0834184743426,566.2063195545722,575.8195190429688,36182000
2025-03-06,579.6065903385918,582.2283183144741,545.4263956314101,555.81640625,49362000
2025-03-07,546.1061000074071,551.5438323947042,534.9392794571622,537.4639282226562,37995000
2025-03-10,547.174229325243,569.5078713385183,534.2595699274563,566.5947875976562,54115000
2025-03-11,537.4638794344373,543.6784809702226,523.8694904333856,542.901611328125,40110000
2025-03-12,545.6205498439929,557.3699626317616,534.6478881835938,534.6478881835938,35912000
2025-03-13,543.7756256269024,550.0873069957861,533.5798326463979,536.6871337890625,25484000
2025-03-14,535.2305793456153,573.9745562001361,532.6087922160701,567.5657958984375,44521000
2025-03-17,582.228298161455,582.228298161455,556.204762606438,564.2642822265625,33014000
2025-03-18,567.8571084134378,582.4225270249325,562.0309409688399,578.8297119140625,40653000
2025-03-19,569.1193697990108,572.7121845119086,554.5539528009111,556.2047119140625,32723000
2025-03-21,556.3019262918457,562.3222520604769,553.0004076142775,553.971435546875,34490000
2025-03-24,551.252509412937,553.7771580571892,546.3002319335938,546.3002319335938,18068000
2025-03-25,560.9628658216071,564.749839315467,542.4161961766935,544.0669555664062,25840000
2025-03-26,546.979960946347,549.698826997896,536.7841688029118,547.9509887695312,24074000
2025-03-27,533.288528386798,533.288528386798,513.6737531795058,521.927490234375,26782000
2025-03-28,521.4308594768412,526.8934684808843,512.8893496458788,520.1397094726562,20363000
2025-03-31,496.50152315958036,505.0430638311359,486.7681586355515,489.6484375,30018000
2025-04-01,493.3232966068874,495.0117213111389,482.2987516727905,487.8606872558594,22527000
2025-04-02,485.87425954243776,508.0226442242613,481.9014529404885,501.56683349609375,26057000
2025-04-03,470.77758878767037,478.72320210054244,459.15711719355124,462.5340270996094,29638000
2025-04-04,443.9611500078979,447.23870342082506,416.6481038664724,431.7447814941406,43267000
2025-04-07,362.22066896472785,389.8316638606207,362.22066896472785,372.9472351074219,39082000
2025-04-08,414.661691205563,427.97058732834245,412.6752878943986,424.09710693359375,29839000
2025-04-09,397.18135683197005,399.56503486833645,385.75953719385825,394.2017517089844,30466000
2025-04-10,442.8686234899919,453.3965673704739,436.8100871739504,448.62921142578125,38636000
2025-04-11,413.86715316535174,423.8984659091457,408.5038398324952,419.9256591796875,28915000
2025-04-14,432.53934155729024,437.60467630345056,426.3814788760584,429.361083984375,23096000
2025-04-15,435.9162114714626,437.9026148322896,428.16925048828125,428.16925048828125,12646000
2025-04-16,428.26856873896975,428.86446548802735,412.178689692009,415.1582946777344,14662000
2025-04-17,408.20589771704647,416.8467646102836,401.4521382973536,411.3841552734375,23060000
2025-04-18,408.2058988650517,417.04538793660373,405.62356838198554,412.4766540527344,12054000
2025-04-21,406.81539785306654,407.80859949318136,396.88338145191796,399.2670593261719,14769000
2025-04-22,393.4071917883766,402.0480282244245,392.01671549741474,401.25347900390625,11526000
2025-04-23,417.24403070839185,422.01138663553235,412.6752969306515,415.9528503417969,14055000
2025-04-24,424.59372199563416,432.4400092757537,419.7270397821507,422.1107177734375,14487000
2025-04-25,437.90261300322265,446.44415348112375,435.81688342104417,444.6564025878906,22539000
2025-04-28,451.60880281737434,451.70809873438355,438.99512972608795,442.37200927734375,14888000
2025-04-30,437.20738864487464,443.5638732910156,436.2141869717242,443.5638732910156,10526000
2025-05-01,446.34483762429653,449.6224214182063,439.29309949691424,444.06048583984375,17205000
2025-05-02,443.6632077798323,444.95435785492083,433.13526378642155,438.9951477050781,14102000
2025-05-07,439.49174291414863,446.8414292760017,437.60466578625676,445.7489013671875,10914000
2025-05-08,451.906753206166,472.3667133693901,444.95434161837886,470.38031005859375,27213000
2025-05-09,477.7299992683403,485.17901173094435,471.87011552644697,477.2333984375,23833000
2025-05-12,478.8225221172452,493.6212206584651,477.9286466931652,488.65521240234375,17838000
2025-05-13,512.4920665190606,558.1793437668839,477.5313552836389,556.292236328125,90207000
2025-05-14,551.2269387992277,569.0052733257054,533.3493083516852,557.0868530273438,75649000
2025-05-15,551.2269204294745,569.799803566187,547.7507146249643,551.1276245117188,39604000
2025-05-16,547.9493923733027,550.1344482467548,529.9724051537681,535.6336669921875,21989000
2025-05-19,525.7016628230392,536.6268818376205,523.0200060317792,527.88671875,15746000
2025-05-20,533.4485727144853,571.2895912952805,530.6676202667633,566.025634765625,46784000
2025-05-21,566.2242703916999,572.9780905131194,553.8092490217695,556.4909057617188,25561000
2025-05-22,570.3957202875716,621.2476591040669,557.7820466597359,619.5592041015625,131504000
2025-05-23,618.0693862264338,650.5470929126833,617.0761845578648,647.3688354492188,103094000
2025-05-26,650.0505063579228,653.3280598121539,633.1660776213533,645.3824462890625,44738000
2025-05-27,654.0233285119054,670.3118608656816,649.553920799979,664.9485473632812,45747000
2025-05-28,674.8805617521124,679.349969445835,657.8968367640551,662.7634887695312,46450000
2025-05-29,678.9526343350022,693.0561101101283,669.4179225936257,692.5595092773438,61147000
2025-05-30,676.0723769879191,688.8846419331734,673.4900163192611,683.1240844726562,38059000
2025-06-02,671.1063934677725,692.8574740875416,663.7566767201379,674.0859985351562,35220000
2025-06-03,677.3635367613456,689.7785575964142,669.1199750509038,673.1920776367188,25839000
2025-06-04,691.0697211457075,722.3555742615413,689.9772235389569,715.7011108398438,73873000
2025-06-05,716.3963353844599,727.5202059475652,706.6629713743245,710.3378295898438,40616000
2025-06-06,703.1867932373602,719.276672664293,697.0289306640625,697.0289306640625,34385000
2025-06-09,708.1527966113916,716.892959256184,701.4983332428928,701.9949340820312,29499000
2025-06-10,715.70107949424,723.646692635981,695.2411499023438,695.2411499023438,45522000
2025-06-11,702.1935832489266,715.9991107603242,671.3050354474506,674.681884765625,39552000
2025-06-12,674.6818811116883,680.9390394975593,668.4247227258173,676.0723876953125,23314000
2025-06-13,676.9662409659288,677.3635458860906,659.8832205629246,666.8356323242188,23915000
2025-06-16,669.8152059212923,690.0764828737965,660.9756871345171,687.9907836914062,23767000
2025-06-17,687.6928429787221,695.7377520520073,678.4560191876392,685.2098388671875,21942000
2025-06-18,680.6410972537949,692.0629165414721,672.4968313767986,683.32275390625,19321000
2025-06-19,675.3771231081464,683.2234404041077,672.8941189790723,680.2438354492188,14961000
2025-06-20,677.363525571336,689.7785462013093,670.7090623896269,670.90771484375,20319000
2025-06-23,661.4722913056498,664.1539478539054,650.6463691968548,651.4409790039062,17155000
2025-06-24,665.4451322384633,696.234384625616,664.5512264694578,692.7581787109375,44378000
2025-06-25,692.8574713607129,713.2181059077033,682.8261585880887,687.69287109375,38546000
2025-06-26,689.0833136976652,715.4031582267446,681.8329535552081,707.7554931640625,44074000
2025-06-27,714.9065629541354,722.6535239970958,707.4575502935542,712.1256103515625,31470000
2025-06-30,724.8385826284598,724.8385826284598,698.0221369470161,698.5187377929688,33870000
2025-07-01,709.046691931728,736.9556344323593,701.2003745407623,724.8385620117188,63826000
2025-07-02,695.1418598954831,721.8589479395761,675.7744276978489,715.4031372070312,71093000
2025-07-03,720.2698554628961,725.9311170450637,705.471126490941,713.3174438476562,46764000
2025-07-04,722.2562718356761,723.7460743515829,702.8888391288873,714.9065551757812,37477000
2025-07-07,704.1799743170372,708.5500858528467,686.203048586086,691.7649536132812,30416000
2025-07-08,707.656178641512,750.9597465180142,707.656178641512,736.9556274414062,87693000
2025-07-09,738.6441170434778,741.9216705322266,711.5297227344165,715.105224609375,43369000
2025-07-10,720.2698800311165,732.3869528121742,715.7011158702741,726.5270385742188,37637000
2025-07-11,715.1051748571637,733.6780574948584,699.7105495650998,704.4779052734375,46281000
2025-07-14,701.3990550778439,714.4099731445312,692.559535669335,714.4099731445312,19641000
2025-07-15,721.1637095226164,761.8849780594555,718.8793578019107,760.79248046875,64944000
2025-07-16,755.3298517388208,762.7788640833851,742.318934425069,751.9529418945312,45202000
2025-07-17,751.8536376153712,758.3094482421875,739.3393212637834,758.3094482421875,27561000
2025-07-18,763.7720712820689,786.4170568501333,753.045505551956,762.7788696289062,64340000
2025-07-22,769.0360496771235,795.0579458502319,755.2305826797136,764.4673461914062,47678000
2025-07-23,779.3653351088673,779.4646310242806,744.0073205307225,751.8536376953125,43040000
2025-07-24,765.7585106940467,806.2811279296875,760.9911546581279,806.2811279296875,77584000
2025-07-25,800.0239348429112,816.2131097305863,790.4892231822563,809.4593505859375,51004000
2025-07-28,819.5900380800958,821.0798405994052,797.6402445901396,799.6266479492188,30346000
2025-07-29,794.5613459954659,819.1927355972814,794.5613459954659,808.2675170898438,37255000
2025-07-30,866.0718631026554,900.6352693684881,858.4241980590124,863.4895629882812,87580000
2025-07-31,874.0174952844617,925.7632795640102,873.6201903566986,913.2489624023438,80951000
2025-08-01,903.8135384822237,911.2625511620223,887.4257105866669,890.9019165039062,57216000
2025-08-04,853.2595196717028,906.1972165102414,848.1942154667686,904.906005859375,54038000
2025-08-05,926.1605679332399,969.7621459960938,914.7387485967978,969.7621459960938,86573000
2025-08-06,954.9634154027823,979.2968565648916,942.9456993218283,973.337646484375,68748000
2025-08-07,976.3172141765834,994.6914445552883,883.0555557360436,900.4365844726562,155221000
2025-08-08,870.640564705619,880.473285543533,803.1028507552973,810.353271484375,170270000
2025-08-12,834.2894204148968,843.7248364791129,817.6036441306429,818.398193359375,88914000
2025-08-13,830.5152661934601,869.3494280660537,821.7751034361231,859.318115234375,102580000
2025-08-14,856.1398566643836,857.1330583542496,815.5178833007812,815.5178833007812,74399000
2025-08-15,816.6104171045124,879.9766708984375,813.4321596679688,869.0514526367188,174423000
2025-08-18,868.2569138511337,900.1386632766214,859.8146996385047,884.2474365234375,128982000
2025-08-19,893.6828627983734,899.2448285987845,850.379293640574,858.5235595703125,125375000
2025-08-20,827.1383423991696,832.3030032306111,805.4865580191237,829.720703125,93967000
2025-08-21,827.3369683624575,850.379258596956,820.8811576849594,839.4540405273438,67246000
2025-08-22,844.2213969213984,857.6296191077971,830.0186255442936,842.3342895507812,80875000
2025-08-25,872.4283483465762,883.0555574413104,854.054117932389,871.037841796875,91626000
2025-08-26,873.7195384272158,889.114164615347,860.311315618198,878.685546875,100291000
2025-08-27,881.9631159433034,885.9359227718768,860.807931705194,882.459716796875,105205000
2025-08-28,860.6092747771081,896.662484435417,851.6704594591693,880.9699096679688,151138000
2025-08-29,888.9155070703504,931.0272827148438,875.3086318771848,931.0272827148438,143278000
2025-09-01,901.2312420564689,902.6216880569744,864.8800236567998,880.1753540039062,137799000
2025-09-02,871.7331448141421,877.8910074824253,847.4989990693709,850.0813598632812,110018000
2025-09-03,846.0091845317734,862.5956648222322,826.8404041042122,829.124755859375,112690000
2025-09-04,843.6255424679388,866.965782258575,838.6595340018459,842.8309326171875,105221000
2025-09-05,862.6949190099781,880.9698534076717,853.1602075278354,876.0038452148438,107567000
2025-09-08,879.5793654993261,881.9630737304688,866.7671004625348,881.9630737304688,77714000
2025-09-09,885.9358893005947,899.0461634636159,866.8664051198564,869.1507568359375,82955000
2025-09-10,878.1889237871893,918.7115395706963,871.5344605116605,918.6122436523438,112199000
2025-09-11,928.7428776608568,946.8191605738464,908.282947059919,918.9102172851562,103241000
2025-09-12,933.8082473938007,934.304848242168,904.2108489551574,904.6080932617188,58863000
2025-09-16,915.8312360346433,925.1673559845611,883.4528858274473,900.734619140625,67171000
2025-09-17,896.861123715138,900.039381238837,858.6228587505391,863.5888671875,61056000
2025-09-18,870.0446855361613,877.6923507180004,857.1330634905333,876.5997924804688,54527000
2025-09-19,887.7236713220319,899.7414483181269,862.0990794710159,889.6107788085938,90839000
2025-09-22,897.5563905768643,911.4612144103704,885.4393176836219,890.3060302734375,54460000
2025-09-24,885.3399732771261,920.9958760682695,868.8527895481611,917.7183227539062,61511000
2025-09-25,903.515560679251,924.6707438769903,900.2380073309058,914.2421264648438,44670000
2025-09-26,908.7795582231754,922.5850861426322,882.4597130943075,883.8502197265625,53091000
2025-09-29,883.0555893660452,929.6367724022366,880.9698900863075,925.9619140625,79756000
2025-09-30,925.6639536432904,925.8626061007341,899.6420578438666,905.00537109375,55950000
2025-10-01,903.8135139797772,903.8135139797772,871.037859077214,880.5725708007812,58793000
2025-10-02,894.2788114250468,905.5019782160402,873.2229238143841,874.2161254882812,50978000
2025-10-03,869.2500964486569,882.7576146443708,857.5303290994024,881.86376953125,50930000
2025-10-06,896.7618303150914,913.149658203125,885.4393067989073,913.149658203125,67629000
2025-10-07,913.6462681721656,963.8029540273302,906.8924481152934,925.46533203125,119099000
2025-10-08,910.567305420723,977.3104717103522,887.1277695749452,963.5049438476562,123418000
2025-10-09,983.0709952471158,992.7050635153304,970.3580260675116,978.8995361328125,93889000
2025-10-10,979.2968756486424,985.7526866950077,947.2164728807484,947.7130737304688,69527000
2025-10-14,938.6748606050046,956.1552461184057,876.8977661132812,876.8977661132812,96117000
2025-10-15,885.4393171180835,911.759162214695,872.825643381701,906.097900390625,63961000
2025-10-16,920.9958742624921,951.8844818269242,915.3346127559367,947.1170654296875,67292000
2025-10-17,919.6054621568672,941.5551950939872,901.8271277904435,903.0189819335938,72510000
2025-10-20,921.4925282853817,936.9865112304688,913.3482621935025,936.9865112304688,51524000
2025-10-21,944.0381918504356,951.7851527894463,906.8924249666758,915.1360473632812,78884000
2025-10-22,909.1768190261046,929.6367488663144,884.5453694915918,924.9686889648438,68690000
2025-10-23,903.316914330072,924.5714542094554,893.7822025940269,921.4924926757812,58399000
2025-10-24,933.7088705133762,961.1212731182665,930.133368731104,956.055908203125,76954000
2025-10-27,974.3308468559882,979.1975593299621,952.3811140036506,976.9131469726562,60082000
2025-10-28,982.3757184202253,1059.2495496469064,975.3240110204051,1038.888916015625,106884000
2025-10-29,1055.773410580437,1072.1612386844608,1032.9297714051313,1040.3787841796875,58302000
2025-10-30,1028.4603823540658,1069.6782537859285,1020.0181677234434,1039.8822021484375,49854000
2025-10-31,1049.8141782448508,1092.5218505859375,1031.9365479625355,1092.5218505859375,56883000
2025-11-04,1142.1818954093578,1161.549327548908,1087.0592039352541,1093.5150146484375,60540000
2025-11-05,1040.8753666211594,1047.3311775782563,958.0423217850897,1034.4195556640625,67728000
2025-11-06,1069.6782603210675,1079.6102775942436,1029.4535903647043,1068.68505859375,30428000
2025-11-07,1025.480745926644,1038.8889687547405,998.6643002704509,1022.9977416992188,47371000
2025-11-10,1042.365122531823,1075.6373775149732,930.6299378869159,939.1714477539062,184513000
2025-11-11,973.0396977549542,1026.473936000353,940.7606431637481,948.2096557617188,152769000
2025-11-12,907.3890153452826,970.3580250467628,886.8297894110912,960.2273559570312,94986000
2025-11-13,965.9878907234713,1100.4674170146889,962.2137366158759,1077.623779296875,148571000
2025-11-14,983.269674424691,1014.0589268561712,970.358052437296,975.6220092773438,119460000
2025-11-17,965.8885956549113,1030.4467023053683,961.4191882714182,1025.977294921875,65312000
2025-11-18,1003.1336793950535,1007.6030868775066,925.9618980739843,928.6435546875,92774000
2025-11-19,943.5415841347543,982.0777967101089,903.9128133530071,958.8369140625,114788000
2025-11-20,998.6642983134435,1036.9025633408603,963.4056383530982,982.7730712890625,89697000
2025-11-21,918.7115302949186,927.0544484397382,873.123550111116,880.4732666015625,92609000
2025-11-25,910.2693443552089,922.8830178794833,892.292418103756,895.867919921875,59656000
2025-11-26,889.3128118650848,923.4789134134628,882.7576443802967,915.2353515625,58922000
2025-11-27,918.7115375502702,946.2232357177113,911.3618210017806,941.55517578125,48214000
2025-11-28,956.1552523592946,987.1431563451227,951.6858448792296,986.0505981445312,55854000
2025-12-01,986.0506364762163,998.1677093505859,940.2640623152877,953.4736328125,79764000
2025-12-02,968.3716245479997,979.495495333518,955.7579512631768,962.4124145507812,43869000
2025-12-03,977.3104607361868,1007.1065113683876,962.4124354200865,1002.1405029296875,54248000
2025-12-04,989.3281567344322,995.6846716544285,968.6695741747732,974.6287841796875,47040000
2025-12-05,968.3716319992379,977.807047900769,954.5661044846995,966.0872802734375,38456000
2025-12-08,974.6287810018515,1009.0928908752772,963.9022151520242,1007.6030883789062,52200000
2025-12-09,1016.0452980917008,1021.5079072212261,988.2356516141176,999.657470703125,23082000
2025-12-10,1001.6438773684378,1007.1064865162081,973.6355783412805,988.930908203125,30970000
2025-12-11,986.2492666131959,995.6846825576323,950.4940061921737,951.78515625,40349000
2025-12-12,963.4056342382912,982.7730670915353,956.9498232872099,974.8274536132812,41021000
2025-12-15,943.5415734418667,961.2205507991549,929.8354027095969,937.18505859375,32815000
2025-12-16,922.287069938937,926.1605807984073,891.696469850015,898.8475341796875,38685000
2025-12-17,908.0843078293719,922.6843850341503,886.6311752241369,914.0435180664062,36459000
2025-12-18,884.2474201552274,911.4611697143918,878.0895577783123,899.8406982421875,32305000
2025-12-19,918.7115441960009,921.9890975809806,901.0325666047054,920.10205078125,34932000
2025-12-22,950.4939988135316,970.3580322265625,945.2300420831222,970.3580322265625,34903000
2025-12-23,968.0736631764684,983.0709838867188,961.1212516063781,983.0709838867188,26018000
2025-12-24,982.1771545312331,1009.589496342216,973.4369313495571,1009.0928955078125,27413000
2025-12-25,1003.630300457896,1016.0453214927538,988.8315711362578,1007.1065063476562,14410000
2025-12-26,1008.5962826478487,1010.5826859617786,979.7934345958669,981.6805419921875,17998000
2025-12-29,976.0193155803848,1006.1133147463856,976.0193155803848,997.1744995117188,20851000
2025-12-30,983.3689626549016,1014.0589189253129,974.2315556622304,994.1948852539062,19160000
2026-01-05,1038.8889811043496,1052.7938049432223,1013.5623376835456,1046.8345947265625,27764000
2026-01-06,1056.2699256310095,1067.1951434795674,1032.9296875,1045.84130859375,17814000
2026-01-07,1016.0453358525815,1034.9161680922678,1000.6507095517849,1005.1201171875,27675000
2026-01-08,1005.1201186634131,1010.0861271548331,985.752685546875,985.752685546875,20611000
2026-01-09,984.4615022618839,995.1880681175503,958.2409540633939,994.6914672851562,36704000
2026-01-13,1020.5147070894501,1020.5147070894501,982.6737480381623,989.6261596679688,34394000
2026-01-14,992.2084680414655,1000.6506822340104,979.8927430889593,989.7254638671875,21895000
2026-01-15,979.6941283451769,987.2424366104087,963.7035454645678,975.8206176757812,31953000
2026-01-16,979.098218773716,1035.4127670023483,971.6492060614688,1030.943359375,39493000
2026-01-19,1005.1200597962337,1066.6985614833548,1004.1268581561188,1064.712158203125,31993000
2026-01-20,1067.1951885223389,1144.6649183545794,1052.2971635546003,1112.3858642578125,64424000
2026-01-21,1069.1815969526397,1211.7060364906831,1069.1815969526397,1199.291015625,58447000
2026-01-22,1211.209456325082,1211.7060571681839,1161.052771171809,1172.97119140625,35550000
2026-01-23,1194.3250066811117,1243.488489284617,1181.9099858216407,1212.20263671875,43525000
2026-01-26,1212.6991903073745,1296.6247280477294,1203.2637748217726,1248.9510498046875,73545000
2026-01-27,1278.7470984643744,1298.1145302469417,1240.5088357141776,1281.2301025390625,47276000
2026-01-28,1400.4143613647207,1442.6254325406076,1379.557126195459,1431.20361328125,64245000
2026-01-29,1431.2036164599344,1460.006465090981,1361.6794990746496,1373.101318359375,42101000
2026-01-30,1364.6591152690203,1424.7478172149997,1325.4276487092484,1343.8018798828125,45556000
2026-02-02,1314.00575618154,1400.4142979712558,1295.1349252159698,1300.5975341796875,36804000
2026-02-03,1360.1897033927062,1450.5710564476433,1350.7542874144435,1414.8157958984375,44532000
2026-02-04,1422.761385950721,1557.8368124703009,1418.7885792883803,1518.6053466796875,65827000
2026-02-05,1484.836513671875,1503.2107447775136,1414.8157951341714,1427.7274169921875,46256000
2026-02-06,1397.9313840668776,1474.4079144918508,1395.4483798323006,1440.1424560546875,41623000
2026-02-09,1501.72091015625,1738.1029052734375,1459.0132387695312,1738.1029052734375,68322000
2026-02-10,1976.4712811137356,2135.383544921875,1951.1446390693134,2135.383544921875,111260000
2026-02-12,2124.458343292257,2312.6700572024406,2096.6486969097496,2199.445068359375,124550000
2026-02-13,2149.7849877537838,2192.9892598569436,2110.5535222807994,2134.886962890625,51536000
2026-02-16,2164.683013786276,2172.132026221879,2078.2744695332794,2102.60791015625,28587000
2026-02-17,2077.281193659856,2109.0636455829326,2033.083721454327,2098.138427734375,26570000
2026-02-18,2099.131846746099,2184.0505942723785,2075.295005335214,2176.10498046875,31361000
2026-02-19,2184.0504403502296,2282.874005068214,2155.247592341973,2270.458984375,42327000
2026-02-20,2241.159461388221,2347.9286358173076,2210.3702110877402,2317.635986328125,46312000
2026-02-24,2466.6164550327626,2722.365896212926,2441.7864121997372,2672.705810546875,82839000
2026-02-25,2699.0254819878473,2811.7538691840277,2665.753226736111,2793.379638671875,71370000
2026-02-26,2817.216440536916,2882.767748513449,2656.814376321611,2781.461181640625,73601000
2026-02-27,2632.481060117674,2790.896728515625,2539.6167027809443,2790.896728515625,76503000
2026-03-02,2691.576448436714,3053.1018459389147,2684.624036946287,2961.727294921875,85546000
2026-03-03,3071.9726981790436,3190.163694326249,2872.339166871579,2903.12841796875,87050000
2026-03-04,2803.808238058943,2959.74089600271,2686.6104441903794,2748.685546875,85214000
2026-03-05,2897.666003402959,2983.5779517472115,2739.250329866448,2827.148681640625,88605000
2026-03-06,2777.488561469666,2859.9243027898815,2659.2975588539352,2795.86279296875,68383000
2026-03-09,2543.5895455703435,2577.8550041108265,2305.221138332201,2512.80029296875,88539000
2026-03-10,2661.780495213759,2809.7675451342257,2635.460650764817,2726.835205078125,81418000
2026-03-11,2830.62469636292,3047.1426555934872,2807.7810584624476,2954.77490234375,72331000
2026-03-12,2905.114973947081,3012.380757600512,2845.5228719173974,2873.33251953125,76782000
2026-03-13,2817.713194269433,3077.93203702537,2804.8015723006274,3048.135986328125,95229000
2026-03-16,3103.7552302801128,3106.7348353011816,2828.6383666680836,2920.509521484375,90349000
2026-03-17,2959.7410596841974,2960.2376605331374,2724.3522572864945,2725.345458984375,69427000
2026-03-18,2810.7606289579344,2876.8085377302673,2775.9985717093377,2852.47509765625,56008000
2026-03-19,2802.8151412029656,2967.1900192572148,2791.8899227220186,2920.012939453125,71400000
2026-03-23,2771.0325649018923,2820.69264671017,2666.746393104509,2749.18212890625,67081000
2026-03-24,2798.8423985988406,2879.2917365287576,2700.0188291664117,2789.406982421875,64691000
2026-03-25,3078.9251232269326,3139.5104240388173,3000.4621926672785,3102.761962890625,67576000
2026-03-26,3152.422061156279,3380.858442399488,3149.4424561835417,3199.1025390625,95781000
2026-03-27,3129.5785043703463,3137.5241178374877,2907.101327290385,3068.0,105249000
2026-03-30,2970.0,3106.0,2893.5,3095.0,92326000
2026-03-31,2970.0,3098.0,2820.0,2878.5,172678000
2026-04-01,3050.0,3249.0,3028.0,3249.0,89733000
2026-04-02,3319.0,3379.0,3116.0,3242.0,113567000
2026-04-03,3500.0,3608.0,3418.0,3580.0,121492000
2026-04-06,3790.0,3805.0,3650.0,3730.0,98082000
2026-04-07,3660.0,3733.0,3577.0,3651.0,88013000
2026-04-08,4000.0,4298.0,3993.0,4294.0,105869000
2026-04-09,4274.0,4548.0,4182.0,4464.0,133101000
2026-04-10,4501.0,4602.0,4435.0,4580.0,105441000
2026-04-13,4600.0,4721.0,4493.0,4531.0,101876000
2026-04-14,4722.0,4794.0,4618.0,4688.0,79787000
2026-04-15,4723.0,4723.0,4424.0,4424.0,66741000
2026-04-16,4354.0,4609.0,4350.0,4572.0,61810000
2026-04-17,4591.0,4649.0,4433.0,4496.0,56293000
2026-04-20,4426.0,4538.0,4307.0,4307.0,46696000
2026-04-21,4370.0,4523.0,4360.0,4426.0,47707000
2026-04-22,4436.0,4444.0,4309.0,4405.0,36427000
2026-04-23,4503.0,4505.0,4153.0,4253.0,47301000
2026-04-24,4301.0,4377.0,4253.0,4295.0,29469000
2026-04-27,4275.0,4355.0,4209.0,4262.0,31412000
2026-04-28,4150.0,4346.0,4113.0,4290.0,41789000
2026-04-30,4272.0,4285.0,4158.0,4237.0,32591000
2026-05-01,4252.0,4314.0,4119.0,4119.0,25345000
2026-05-07,4469.0,4630.0,4459.0,4630.0,51329000
2026-05-08,4483.0,4603.0,4373.0,4487.0,48475000
2026-05-11,4557.0,4655.0,4343.0,4343.0,37371000
2026-05-12,4570.0,5043.0,4366.0,5043.0,71398000
2026-05-13,5118.0,5899.0,5105.0,5813.0,120981000
2026-05-14,5762.0,6015.0,5625.0,5722.0,71817000
2026-05-15,5950.0,6004.0,5333.0,5448.0,65076000
2026-05-18,5548.0,5706.0,5374.0,5484.0,72863000
2026-05-19,5320.0,5385.0,4960.0,5025.0,52444000
2026-05-20,4870.0,5207.0,4650.0,5086.0,88379000
2026-05-21,5201.0,5205.0,4913.0,4928.0,47042000
2026-05-22,5102.0,5435.0,5101.0,5365.0,43809000
2026-05-25,5648.0,5933.0,5592.0,5808.0,42149000
2026-05-26,5735.0,6105.0,5620.0,6014.0,48239000
2026-05-27,6103.0,6241.0,5557.0,5611.0,46604000
2026-05-28,5411.0,5535.0,5065.0,5200.0,52292000
2026-05-29,5240.0,5245.0,4915.0,5206.0,85101000
2026-06-01,5202.0,5466.0,5136.0,5213.0,37866000
2026-06-02,5114.0,5245.0,4802.0,5091.0,44600000
2026-06-03,5500.0,5612.0,5272.0,5310.0,47857000
2026-06-04,5299.0,5344.0,5005.0,5110.0,30076000
2026-06-05,4960.0,5114.0,4812.0,4905.0,34195000
2026-06-08,4485.0,4590.0,4360.0,4526.0,32079000
2026-06-09,4596.0,4685.0,4491.0,4650.0,32836000
2026-06-10,4440.0,4447.0,4022.0,4104.0,41823000
2026-06-11,3835.0,4146.0,3808.0,4078.0,33747000
2026-06-12,4325.0,4378.0,4087.0,4209.0,35075000
2026-06-15,4480.0,4570.0,4397.0,4397.0,23306000
2026-06-16,4500.0,4831.0,4358.0,4613.0,42074000
2026-06-17,4490.0,4766.0,4490.0,4744.0,26746000
2026-06-18,4812.0,4899.0,4629.0,4636.0,27002000
2026-06-19,5336.0,5336.0,5276.0,5336.0,14551000
2026-06-22,5450.0,5879.0,5428.0,5800.0,61083000
2026-06-23,5800.0,5824.0,4848.0,4900.0,64961000
2026-06-24,4900.0,4946.0,4600.0,4803.0,40853000
2026-06-25,5000.0,5050.0,4798.0,4992.0,32968000
2026-06-26,4905.0,4917.0,4462.0,4528.0,29920000
2026-06-29,4532.0,4545.0,4254.0,4419.0,14919400
2026-06-30,4750.0,4829.0,4589.0,4730.0,20063900
2026-07-01,4870.0,4870.0,4218.0,4351.0,28131000
2026-07-02,4225.0,4225.0,3925.0,3976.0,26552800
2026-07-03,3880.0,4015.0,3711.0,4000.0,23593000
2026-07-06,3880.0,3998.0,3793.0,3888.0,18637000
2026-07-07,3860.0,3900.0,3656.0,3674.0,15860500
2026-07-08,3534.0,3720.0,3442.0,3541.0,19410900
2026-07-09,3611.0,3687.0,3507.0,3543.0,15748900
2026-07-10,3730.0,3846.0,3719.0,3725.0,16901100
2026-07-13,3697.0,3933.0,3566.0,3589.0,16349600
2026-07-14,3500.0,3568.0,3357.0,3520.0,20118000
2026-07-15,3679.0,3793.0,3550.0,3766.0,16573600
2026-07-16,3595.0,3600.0,3455.0,3474.0,15717100
2026-07-17,3301.0,3309.0,3079.0,3262.0,23584700
2026-07-21,3332.0,3429.0,3208.0,3419.0,15270000
2026-07-22,3699.0,3725.0,3518.0,3525.0,17372500
2026-07-23,3621.0,3675.0,3460.0,3513.0,10401200
2026-07-24,3450.0,3469.0,3340.0,3388.0,10763100
2026-07-27,3350.0,3391.0,3170.0,3277.0,10701100
2026-07-28,3100.0,3131.0,2928.0,3008.0,19009200
2026-07-29,3009.0,3048.0,2646.0,2772.5,22152000
2026-07-30,2762.0,2930.5,2678.0,2777.5,16868300
2026-07-31,3168.0,3278.0,3095.0,3145.0,39342900
2026-08-03,2935.0,3233.0,2929.5,3200.0,15709100
2026-08-04,3250.0,3585.0,3205.0,3566.0,30259200
2026-08-05,3846.0,3976.0,3781.0,3919.0,28889200
