Date,Open,High,Low,Close,Volume
2015-01-05,68.38459777832031,69.20194359334347,67.97592487080873,68.38459777832031,15870000
2015-01-06,66.47744849692236,66.74989289058209,65.66010284423828,65.66010284423828,17634000
2015-01-07,64.57033275086204,66.74991996341204,64.57033275086204,66.20502471923828,14568000
2015-01-08,66.74989912457637,67.70347329900021,66.74989912457637,67.43102264404297,11694000
2015-01-09,67.97593249515587,68.24838320934023,66.88614211012722,67.29481506347656,13650000
2015-01-13,65.52390098712985,66.20502471923828,64.97900574295609,66.20502471923828,18420000
2015-01-14,66.06880246715859,66.74991996341204,65.52390098712985,66.20502471923828,24234000
2015-01-15,66.88614455666244,67.5672620132554,65.79634789591724,66.74991607666016,18768000
2015-01-16,65.66011609445056,65.93256054308958,64.70654181665287,65.52388763427734,17808000
2015-01-19,65.52389085285178,66.20501447961396,65.52389085285178,65.93256378173828,9462000
2015-01-20,66.3412406817585,67.43103730264156,66.20501844259353,67.29481506347656,9906000
2015-01-21,65.251441068142,65.251441068142,63.48052103018855,64.29786682128906,32100000
2015-01-22,64.16165100996747,65.11521911621094,64.16165100996747,65.11521911621094,18096000
2015-01-23,65.66012889142138,66.47747486834425,65.66012889142138,66.06880187988281,11742000
2015-01-26,65.79635114229022,66.34124638162048,65.25145590295995,66.06880187988281,11058000
2015-01-27,66.47745470547216,67.56724485359507,66.20500405051492,67.43102264404297,8256000
2015-01-28,67.02235562065565,68.52082499973532,66.88613339923153,68.11215209960938,10140000
2015-01-29,67.29481506347656,68.24838320934023,66.88614211012722,67.29481506347656,11766000
2015-01-30,67.70348600691884,68.11215894813596,66.34123871229235,67.15858459472656,12948000
2015-02-02,66.20502471923828,67.02237070342642,65.79635172714423,66.20502471923828,12798000
2015-02-03,67.9759284005461,67.9759284005461,64.29787204195405,64.8427734375,32040000
2015-02-04,65.52388701796008,66.3412328278966,64.9789918899536,65.38766479492188,17658000
2015-02-05,65.11522235670908,65.38767307313195,64.29787644329494,64.4341049194336,12864000
2015-02-06,64.9789968827059,65.93256498894938,64.70654617984171,65.11521911621094,19272000
2015-02-09,65.25145151501074,66.47747039794922,65.25145151501074,66.47747039794922,14346000
2015-02-10,66.4774628314577,67.70348157485023,66.20501214319698,67.56725311279297,17220000
2015-02-12,66.74992328983878,66.74992328983878,64.57033596867085,64.70655822753906,29688000
2015-02-13,64.02543196272651,64.5703271597178,63.20808604931237,64.4341049194336,25632000
2015-02-16,64.8427696669154,65.38766479492188,64.70654120802355,65.38766479492188,9912000
2015-02-17,65.25145590295995,66.20502413075164,64.97900516536735,66.06880187988281,14190000
2015-02-18,66.34124192038638,66.61369263965756,65.79634671769857,66.47747039794922,11688000
2015-02-19,66.61368505766116,67.83970380105369,66.34123436940044,67.56725311279297,14034000
2015-02-20,67.70347719607302,68.52082297213887,67.70347719607302,67.97592163085938,12450000
2015-02-23,68.11215209960938,68.2483743210335,67.4310285207816,68.11215209960938,8298000
2015-02-24,68.384596030761,69.47439250156019,67.975923133693,69.06571960449219,16386000
2015-02-25,69.4744072571281,69.4744072571281,68.65706128939719,68.92951202392578,8862000
2015-02-26,68.3846105548686,69.33818500779124,67.83971532166628,68.92951202392578,12822000
2015-02-27,68.52081902801892,68.92949189252826,66.74989912457637,67.43102264404297,19350000
2015-03-02,67.8397102559909,68.38460544850523,66.88614211012722,67.29481506347656,9858000
2015-03-03,67.83969550855231,67.97591771810443,67.02234977953361,67.43102264404297,7536000
2015-03-04,67.29480043449087,67.70347329900021,66.47745470547216,67.43102264404297,8796000
2015-03-05,67.43102652543327,68.3845945188923,67.02235363740034,67.97592163085938,12324000
2015-03-06,67.97592364233168,68.38459654245761,67.4310285207816,68.11215209960938,9132000
2015-03-09,67.29481125918795,67.97592865236255,67.1585827918698,67.83970642089844,6396000
2015-03-10,67.97592865236255,68.52083004992707,67.70348418943432,67.83970642089844,10116000
2015-03-11,66.88613832894157,68.1121571196807,66.74990986162342,67.83970642089844,6078000
2015-03-12,68.24838515451525,68.79328036255986,67.83971218951815,68.52083587646484,6780000
2015-03-13,68.92952275330288,69.74686884825961,68.65707197636536,69.33819580078125,20058000
2015-03-16,69.4743952051866,70.97286463136737,69.33817297948062,70.42796325683594,14796000
2015-03-17,70.56419692989277,71.38154281620098,70.2917462225053,70.97286987304688,9480000
2015-03-18,71.1090764132413,72.06264432483957,70.70040356029163,71.92642211914062,10548000
2015-03-19,71.79019927978516,72.60754497847017,71.38152643044265,71.79019927978516,9078000
2015-03-20,72.47133643800844,74.51470124580806,71.7902189926449,74.37847900390625,19914000
2015-03-23,74.51469298877005,75.05959436770529,73.01622978633269,74.24224853515625,15546000
2015-03-24,73.56112120581456,75.05959056825454,73.56112120581456,74.78713989257812,9816000
2015-03-25,74.65091767266668,75.05959056825454,73.96979410140241,74.78713989257812,8358000
2015-03-26,73.56114196777344,74.24226573127865,72.88001820426823,73.56114196777344,10488000
2015-03-27,73.49256643802933,74.17812721958563,71.98432142084295,72.39566040039062,8922000
2015-03-30,71.98432159423828,72.39566057477678,71.29875453449587,71.98432159423828,6750000
2015-03-31,72.80699476768321,73.21833372117294,72.1214277530222,72.258544921875,7122000
2015-04-01,72.25854932729715,73.9039052415693,71.98432124940689,72.80699920654297,19452000
2015-04-02,73.76678466796875,74.45235169286201,73.21833481397479,73.76678466796875,13158000
2015-04-03,73.35544570833967,73.76678466796875,72.66988495998083,73.76678466796875,6018000
2015-04-06,72.94410674871061,74.17812362759781,72.94410674871061,73.76678466796875,4494000
2015-04-07,74.17814383595261,75.68638919099536,74.17814383595261,75.54927825927734,9846000
2015-04-08,76.37194477464755,78.29152263257903,76.23482758727016,77.33173370361328,16260000
2015-04-09,77.46885560574803,77.46885560574803,76.6461774709028,76.78329467773438,10368000
2015-04-10,76.37195561031176,77.60597281257962,75.68638840576205,76.78329467773438,15930000
2015-04-13,77.19462629766336,77.19462629766336,76.3719482421875,76.3719482421875,7290000
2015-04-14,76.3719482421875,78.15441527020671,76.09772013151706,76.3719482421875,10944000
2015-04-15,76.64617826609377,77.05751733778396,75.27505011930516,75.54927825927734,11316000
2015-04-16,75.2750390575778,77.05750601412164,75.2750390575778,76.5090560913086,12324000
2015-04-17,76.78327377917415,77.33172362761744,75.82347869873047,75.82347869873047,9456000
2015-04-20,75.96059892312674,76.64615969211825,75.27503187760063,75.68637084960938,9456000
2015-04-21,76.37193497492217,76.37193497492217,75.00080093629764,75.41213989257812,7470000
2015-04-22,75.41214956914662,77.60596180183286,75.41214956914662,77.33173370361328,9846000
2015-04-23,77.88018035888672,78.15440844561103,77.19461955687832,77.88018035888672,7416000
2015-04-24,77.88018362351725,77.88018362351725,77.19462279277109,77.33173370361328,4080000
2015-04-27,77.74306198371447,77.74306198371447,76.78327318720474,77.46883392333984,6834000
2015-04-28,78.01730303749889,79.2513200999029,77.74307493145288,78.83998107910156,11892000
2015-04-30,77.88016789446034,79.38841271525278,77.6059461281591,78.56573486328125,16554000
2015-05-01,77.88018035888672,78.15440844561103,77.33173046197301,77.88018035888672,6654000
2015-05-07,76.7832889973516,77.33173895449573,75.96061092336761,76.23483276367188,10788000
2015-05-08,76.50905247833501,78.42863653233533,76.50905247833501,77.88018035888672,10758000
2015-05-11,84.32449676139414,87.4780979194458,83.22759064630331,86.92964172363281,36618000
2015-05-12,86.10696280028796,86.51830180455133,84.87294578749784,85.42140197753906,31254000
2015-05-13,86.79252982570206,89.94613094788224,86.51830173091484,88.98633575439453,27678000
2015-05-14,88.30078147825485,88.43789239754538,86.79253625991663,87.88944244384766,20052000
2015-05-15,88.43788200954222,88.98633189881846,86.79252606517863,87.20386505126953,11736000
2015-05-18,87.34098446446154,91.72860283578049,87.06676263137221,91.1801528930664,25056000
2015-05-19,92.13994077480673,93.78529686007114,91.72860175349064,93.23684692382812,22254000
2015-05-20,92.5512663300789,93.09971618652344,92.2770382635894,93.09971618652344,11232000
2015-05-21,92.13994269150825,93.23684886334756,91.04303651966895,92.68839263916016,14994000
2015-05-22,91.4543710428585,92.68838807166709,91.18014922081338,92.55127716064453,7866000
2015-05-25,93.23683984625106,93.23683984625106,91.45436670483132,92.00282287597656,8784000
2015-05-26,92.2770443193096,93.23683947674257,91.86570533084829,92.82550048828125,7278000
2015-05-27,92.82551696277505,93.64819508570501,91.59149977838013,93.51107788085938,8868000
2015-05-28,93.78528107120682,95.01929792740692,92.96260316707344,94.4708480834961,19668000
2015-05-29,95.01930253402045,96.52754752356407,94.60796356201172,94.60796356201172,21102000
2015-06-01,93.37395115972872,95.01930712730103,92.55127317594255,94.74507904052734,9546000
2015-06-02,93.51107542460701,94.88220977783203,93.51107542460701,94.88220977783203,7968000
2015-06-03,93.78527481287678,95.56774139404297,93.78527481287678,95.56774139404297,7758000
2015-06-04,95.56775951593997,95.97909851855741,94.88219869593429,95.84198760986328,10368000
2015-06-05,95.1564159696893,95.97909393564206,95.0193050675421,95.70487213134766,10722000
2015-06-08,95.9790881335053,96.80176604972544,95.15641021728516,95.15641021728516,11520000
2015-06-09,96.39043291861843,99.26980579945304,95.56775495266568,95.70487213134766,30528000
2015-06-10,95.8420056800569,97.48736200074457,94.059538424824,96.1162338256836,17346000
2015-06-11,96.52755737304688,97.62445722597265,96.1162183590659,96.52755737304688,8736000
2015-06-12,97.62445895837249,97.62445895837249,95.70488104342081,96.39044189453125,14094000
2015-06-15,95.43063051134831,95.70485855327152,94.19661373749466,95.56774139404297,10086000
2015-06-16,95.56777067790874,96.66467690518161,94.60798165187987,94.88220977783203,9438000
2015-06-17,95.15642070922306,95.7048768981988,93.0997256919017,95.43064880371094,12096000
2015-06-18,94.88220257500122,95.29354159443541,93.51106832586365,94.05952453613281,6618000
2015-06-19,94.33374636473205,95.01931348930084,93.78529643099823,94.05952453613281,7392000
2015-06-22,93.51107542460701,94.88220977783203,93.51107542460701,94.88220977783203,4626000
2015-06-23,96.1162338256836,96.80179477494595,95.29355566533975,96.1162338256836,8460000
2015-06-24,97.62446093464769,101.60074031303118,97.48735001695705,98.31002807617188,17574000
2015-06-25,97.07599998242398,97.48733896540035,95.43064405051848,95.70487213134766,15546000
2015-06-26,96.80177919801069,97.48734631349073,95.43065124358587,96.52755737304688,9570000
2015-06-29,93.37395457217568,94.47086068282309,93.23684366204543,93.78529357910156,10608000
2015-06-30,94.19661421274036,94.74506402281997,92.82548654927436,93.9223861694336,8388000
2015-07-01,94.33373467920923,96.66465759277344,93.37394584493434,96.66465759277344,10296000
2015-07-02,97.35022479659553,97.35022479659553,95.8419798174475,96.2533187866211,6276000
2015-07-03,96.93889638702785,97.07600729950975,95.56776215606777,96.52755737304688,7182000
2015-07-06,94.60796113741398,95.15641099385853,92.68837722505641,93.09971618652344,8814000
2015-07-07,95.97908891679256,96.11620608830452,92.96260529154591,93.09971618652344,11226000
2015-07-08,93.09972855986369,93.37395666279924,89.67190551757812,89.67190551757812,18078000
2015-07-09,86.92963312375979,89.6718950019297,85.28427725216474,89.39766693115234,11832000
2015-07-10,88.84922484526847,89.94613094788224,87.47809692440256,88.98633575439453,11334000
2015-07-13,89.80900419871901,90.76879929000091,88.84921538397153,89.53478240966797,9804000
2015-07-14,91.18013718679222,92.96260390097498,90.76879823147819,92.41415405273438,9660000
2015-07-15,92.27705451629862,92.27705451629862,90.35747654238124,91.04303741455078,10404000
2015-07-16,91.18014716379135,91.45436897965004,90.22035197868084,90.6316909790039,8502000
2015-07-17,91.3172424480488,91.59147049352424,90.08322565821031,91.45435333251953,5508000
2015-07-21,92.2770446850143,93.0997226651973,91.72859479040395,92.00282287597656,4854000
2015-07-22,90.7687926336319,91.59147049352424,90.7687926336319,91.45435333251953,5016000
2015-07-23,91.86572883612271,92.41418514542544,91.180167864299,91.59150695800781,3558000
2015-07-24,91.18015356217322,91.18015356217322,89.80901928052307,89.94613647460938,5808000
2015-07-27,88.71210204095418,88.98632382243657,87.34096802740518,88.02653503417969,9906000
2015-07-28,86.65541891657601,89.53479194396897,86.65541891657601,88.98633575439453,7650000
2015-07-29,90.35746603681133,90.49457693999669,85.8327371898115,87.20386505126953,16158000
2015-07-30,89.94613341084994,94.74508440355636,89.53479439567309,90.08324432373047,29742000
2015-07-31,90.220355236611,91.59148947155735,88.30077735014254,90.08324432373047,14994000
2015-08-03,90.22035544691394,90.35747263664935,88.84922748530677,89.67190551757812,7038000
2015-08-04,89.12345333988341,89.39767515936576,87.7523191363312,88.16365814208984,8622000
2015-08-05,86.92964112481393,88.71211433412478,86.79253021507274,88.16365814208984,9948000
2015-08-06,89.8090273260613,92.68840078832548,89.8090273260613,91.86572265625,16080000
2015-08-07,91.5914929659147,92.55128194576636,90.63169770952753,92.27705383300781,8538000
2015-08-10,91.4543897424139,91.86572883612271,90.08326152223,91.59150695800781,10092000
2015-08-11,92.55128455373038,93.09973451816653,91.59149554683322,92.9626235961914,9294000
2015-08-12,91.5915021217994,91.72861305361712,89.39768955349896,89.80902862548828,16254000
2015-08-13,90.49457498730031,91.86570281917209,90.35746408707354,91.72859191894531,10062000
2015-08-14,92.00283199678476,92.41417102765485,91.18015393504463,92.27705383300781,8376000
2015-08-17,92.13994976815478,93.64819508570501,91.45438257353449,93.51107788085938,6660000
2015-08-18,93.78529643099823,95.70488061386962,93.2368464972644,94.05952453613281,13230000
2015-08-19,93.78529481630068,94.19663382865286,91.3172607421875,91.3172607421875,10992000
2015-08-20,91.18013718679222,92.82549300804843,90.22034210670321,92.41415405273438,37068000
2015-08-21,90.22035242843187,90.90591952456623,85.969851496083,86.24407958984375,43404000
2015-08-24,83.91316434420072,85.14718146690956,80.21111297607422,80.21111297607422,52518000
2015-08-25,78.70284142780625,82.54200871069776,76.64614691073349,77.1946029663086,21168000
2015-08-26,77.46883572370992,81.85645340900031,77.33172482860331,80.6224365234375,14466000
2015-08-27,82.26779976276435,82.81624966900445,80.62244376750907,81.44512176513672,13524000
2015-08-28,83.2275843252698,84.8729402346757,82.5420235473738,84.46160125732422,16896000
2015-08-31,83.50182873164042,83.7760568623466,81.5822443697689,82.40492248535156,6720000
2015-09-01,81.58224546034783,81.58224546034783,77.88019389073739,78.0173110961914,11862000
2015-09-02,76.78327604810025,79.25130985382631,76.50904797750806,77.7430648803711,12126000
2015-09-03,78.56574554534737,80.34821237479132,78.15440656343456,78.42863464355469,9462000
2015-09-04,78.42864514531959,78.8399841823116,75.82349372667987,76.23483276367188,14484000
2015-09-07,75.2750422956269,76.92039841137832,74.31525332028374,75.96060943603516,9774000
2015-09-08,75.96060678937289,77.19462383319014,75.27503967285156,75.27503967285156,6978000
2015-09-09,78.29150880875436,82.13067639981112,78.15439792212165,81.7193374633789,15504000
2015-09-10,79.66264278121781,81.7193374633789,79.38841473141831,81.7193374633789,12882000
2015-09-11,79.25132516303933,80.34822510423041,77.74307989823191,78.1544189453125,32328000
2015-09-14,78.29151474502093,78.56574281561312,77.33172591275009,77.7430648803711,12846000
2015-09-15,78.70285680362947,79.66265195012998,77.60595703125,77.60595703125,10170000
2015-09-16,78.15443080555005,79.5255590783808,78.15443080555005,78.702880859375,5946000
2015-09-17,79.5255355834961,80.07399175182283,78.9770856917042,79.5255355834961,9312000
2015-09-18,79.1142199688779,79.38844813405873,77.46886353086632,78.702880859375,10422000
2015-09-24,74.86369724306223,75.00080814949757,72.39566326801622,72.66989135742188,27186000
2015-09-25,71.29875436275192,72.39566040039062,70.33896550265226,72.39566040039062,39954000
2015-09-28,71.42854129591323,71.42854129591323,69.21798886931379,70.18510437011719,36954000
2015-09-29,69.21797204811533,69.35612956481329,66.45477744303601,66.59294128417969,31962000
2015-09-30,67.28374042434876,68.80349852399128,67.14558289690716,67.97454071044922,24222000
2015-10-01,69.07983000919003,71.56670381362751,68.6653510417838,71.0140609741211,20466000
2015-10-02,72.11934658605716,72.94830459279346,70.32327301294444,72.39566802978516,17610000
2015-10-05,72.39566222118019,73.91541422862892,72.25749834817782,73.36277770996094,9966000
2015-10-06,74.46804036316027,75.15883427538824,73.63908260893008,73.91539764404297,13602000
2015-10-07,75.8496703312406,76.67862847693722,75.02071218554399,76.12599182128906,14682000
2015-10-08,74.8825333743351,76.40228532764608,74.7443695062545,75.02069091796875,15624000
2015-10-09,76.40229812753203,78.88917227625221,76.26414056075247,78.75101470947266,16260000
2015-10-13,77.64573359383951,78.0602126100423,77.09309701371842,77.23125457763672,11850000
2015-10-14,75.8496456258951,76.95492490163446,73.91540847446291,74.88253021240234,16746000
2015-10-15,74.46807552989583,76.26414940408891,74.46807552989583,76.12599182128906,7434000
2015-10-16,77.23125143035851,78.47468842829512,76.8167724310463,77.09309387207031,6732000
2015-10-19,77.09308569411292,77.09308569411292,75.15884846102203,75.29701232910156,11232000
2015-10-20,75.98780822753906,76.12597209899293,74.46805623712336,75.98780822753906,9744000
2015-10-21,75.02068589528004,78.3365173160659,75.02068589528004,78.06019592285156,11628000
2015-10-22,77.64571826662656,78.88915506978132,77.09308179559554,77.50756072998047,6534000
2015-10-23,79.44182129736453,80.68525846728267,79.44182129736453,79.8563003540039,8514000
2015-10-26,80.2707689886082,81.65236355654261,79.99444754524225,80.96156311035156,9504000
2015-10-27,80.68524442931712,80.96155953603656,78.47468562887727,79.02732849121094,8694000
2015-10-28,78.8891646536835,79.71812262315984,77.5075701460387,78.47468566894531,12930000
2015-10-29,79.85627866087411,84.41554704537226,78.8891569084706,83.44842529296875,33684000
2015-10-30,83.58660326993154,87.04059294532698,83.03396036826582,86.34979248046875,35010000
2015-11-02,84.96818352928372,85.24450493346284,83.03394634892346,83.44842529296875,16494000
2015-11-04,83.72476815957911,85.79716341105384,83.72476815957911,84.27740478515625,12420000
2015-11-05,85.38267688922552,86.90243538213447,84.41556129798228,86.34979248046875,18474000
2015-11-06,86.07346659957749,86.90242452405353,85.24450867510146,86.21162414550781,10662000
2015-11-09,87.04059319592938,88.69850925680421,87.04059319592938,88.42218780517578,16158000
2015-11-10,87.31690400091203,88.28401947701828,87.31690400091203,88.00769805908203,9852000
2015-11-11,87.04058980274728,87.04058980274728,85.52083136470883,85.93531036376953,15348000
2015-11-12,85.93530859056939,86.48795146087876,84.69187161904452,84.96819305419922,16494000
2015-11-13,84.83002971286344,86.34978169143814,84.41555075062541,86.21162414550781,14802000
2015-11-16,83.86290922428881,85.52082509906519,83.72475167620651,85.1063461303711,6576000
2015-11-17,89.38931750895426,94.08674464906966,89.1129960332598,92.84330749511719,49284000
2015-11-18,93.39593470816666,94.36305661339152,91.73801867000721,91.87618255615234,21234000
2015-11-19,93.67225650747302,93.81041406968876,92.56697703640373,93.39593505859375,12306000
2015-11-20,92.84330460541811,94.63937833040923,92.566983138324,94.22489929199219,14154000
2015-11-24,94.36305275531475,96.57360527433198,94.36305275531475,96.15912628173828,19440000
2015-11-25,96.15912628173828,96.7117628303807,95.60648973309586,96.15912628173828,17418000
2015-11-26,95.74462766375609,97.1262219143917,95.74462766375609,96.2972640991211,9348000
2015-11-27,96.29729288787419,97.26441484444864,95.19201968671499,95.60649871826172,13200000
2015-11-30,94.22486956094455,97.40254329429732,94.08671203321487,96.2972640991211,16584000
2015-12-01,97.40255037943523,99.88942400614421,97.26439284165585,99.47494506835938,17796000
2015-12-02,98.92232972117512,99.19864485575081,97.95520777681612,98.23152923583984,10272000
2015-12-03,97.95520777681612,98.50785069486356,97.40257118321672,98.23152923583984,8172000
2015-12-04,96.02096872568956,96.84992671087694,95.60648973309586,96.15912628173828,8592000
2015-12-07,97.40256957795431,97.81704859743496,96.57361153899299,96.7117691040039,5700000
2015-12-08,98.64600654849124,99.47496458671385,96.0209748689356,97.26441192626953,18708000
2015-12-09,95.88281385632746,96.57361435038806,94.77754065516825,95.60649871826172,11760000
2015-12-10,94.77752554319883,95.60648347411764,93.94856761228003,95.05384063720703,9636000
2015-12-11,94.50121336842811,96.98808740443938,94.36305580791006,96.5736083984375,15678000
2015-12-14,94.36306318776334,94.5012207590863,92.98146217674105,94.22489929199219,9606000
2015-12-15,93.67225158966339,94.36305201337053,91.59985664298942,92.01433563232422,14370000
2015-12-16,93.39593358668851,94.77753448486328,93.25777602665012,94.77753448486328,6936000
2015-12-17,96.71177191942093,97.12625095096764,94.63937676168727,95.60649871826172,14682000
2015-12-18,95.19200534537725,96.5735998009035,92.56696765809608,92.70513153076172,18084000
2015-12-21,91.32352320935118,93.39591788372712,90.63272920085696,92.15248107910156,12666000
2015-12-22,91.46170500944662,92.01434158952269,90.3564255248466,90.77090454101562,13698000
2015-12-24,91.73802307807884,92.15250210753469,89.11299133300781,89.11299133300781,12270000
2015-12-25,89.11299133300781,89.11299133300781,89.11299133300781,89.11299133300781,0
2015-12-28,89.25114604024658,91.04722599327759,89.11298847633954,90.77090454101562,8340000
2015-12-29,89.94194646804772,91.32354107983771,88.836666983947,91.04722595214844,6948000
2015-12-30,91.46170496813022,92.01434154795665,90.49458304787414,91.04722595214844,5130000
2016-01-04,89.80377778899705,90.63273571835872,87.59321909440119,88.00769805908203,9726000
2016-01-05,88.00770253668382,88.83666050822072,86.76426557937849,87.86954498291016,14028000
2016-01-06,88.00769620624317,88.83665411815267,85.52082247051466,86.7642593383789,10584000
2016-01-07,87.04059119363433,87.73139164459019,85.10635372562655,85.38267517089844,12942000
2016-01-08,84.0010822839569,87.7313934101852,84.0010822839569,86.34979248046875,21552000
2016-01-12,85.24451553310924,85.65899452869252,81.79051968695025,82.06684112548828,15114000
2016-01-13,82.89580110375678,85.65899658203125,82.75764354339977,85.65899658203125,14340000
2016-01-14,82.48131114959716,83.31026905059814,80.68523780557734,82.89579010009766,17262000
2016-01-15,85.10633914128609,85.10633914128609,82.34315045987492,82.75762939453125,11166000
2016-01-18,80.27077197630797,82.48132463216992,79.71812906900655,81.9286880493164,11556000
2016-01-19,80.54707086006636,82.75762939453125,80.40891332332978,82.75762939453125,15018000
2016-01-20,83.31029038451592,83.72476944115532,79.57997887476148,79.8563003540039,12204000
2016-01-21,79.85628930896756,81.65236286450458,77.09309387207031,77.09309387207031,15024000
2016-01-22,80.40891021603296,82.48130480922968,79.02731592871727,82.34314727783203,10680000
2016-01-25,82.8957824425275,83.03393997178294,81.51418817663414,82.61946105957031,10326000
2016-01-26,80.68526170233824,80.96157686821095,79.44182448256478,79.7181396484375,8406000
2016-01-27,81.09971675607783,83.17211150858027,81.09971675607783,82.89579010009766,8286000
2016-01-28,81.65235999342046,81.92868142472837,77.64572769946896,78.47468566894531,25668000
2016-01-29,78.47469042987292,80.68524936555234,76.95493827659706,80.40892791748047,27630000
2016-02-01,81.79052164755745,86.48795459306882,81.37604264203867,85.65899658203125,20304000
2016-02-02,80.13260472639226,82.20499973073385,78.88916772378731,79.44181060791016,27966000
2016-02-03,77.23124511652048,77.64572408194805,75.71149312625082,76.26412963867188,16752000
2016-02-04,75.15884846102203,76.4022853270561,74.19173300670006,75.29701232910156,15588000
2016-02-05,73.91541738110774,75.15885434447843,72.53382286328947,73.77725982666016,19362000
2016-02-08,72.39566832908375,75.15885747999653,71.84302543934304,74.46806335449219,12336000
2016-02-09,71.42853483677027,71.42853483677027,69.35614014784612,69.63246154785156,11166000
2016-02-10,70.323263179116,70.73774212452444,67.14558915616894,68.52718353271484,13380000
2016-02-12,65.48765789269882,66.31661558754311,63.96790001066919,64.10606384277344,18120000
2016-02-15,67.69822875599108,69.49430848501122,66.31663431589234,68.94166564941406,14790000
2016-02-16,67.42191056125684,70.0469417740281,65.9021523199436,68.52718353271484,21066000
2016-02-17,68.25088056409103,70.46143322374552,67.14560107203984,68.11271667480469,12036000
2016-02-18,70.46142716309527,70.46142716309527,69.2179902131583,69.35614776611328,8304000
2016-02-19,67.97456198745633,68.5271985946521,65.90216680491193,66.73112487792969,18066000
2016-02-22,65.34952236492903,65.76400135175851,63.8297639717385,64.38240051269531,19920000
2016-02-23,68.80351706173575,70.8759121539567,67.14560098795897,68.66535949707031,48546000
2016-02-24,67.97455016724363,69.35614460720932,66.7311132739404,69.21798706054688,18936000
2016-02-25,70.73775201631258,72.94830459279346,69.90879400957628,72.39566802978516,22434000
2016-02-26,73.5009398030026,74.32989779448174,72.67198181152344,72.67198181152344,17490000
2016-02-29,73.6390972830042,74.46805520242096,72.11933898925781,72.11933898925781,12312000
2016-03-01,71.8430296497243,72.11935111078856,70.46143499329916,71.98119354248047,15450000
2016-03-02,74.19173300727296,75.297012329683,73.08645368486293,75.02069091796875,13260000
2016-03-03,74.60620941124058,76.67860411710838,74.32988800897596,76.40228271484375,8418000
2016-03-04,77.09309116130053,78.75100710025323,76.81676972999261,78.47468566894531,12306000
2016-03-07,78.7510070600441,79.99444401362375,78.47468562887727,79.02732849121094,17274000
2016-03-08,78.19837470600896,79.30364784091698,75.29702165909191,76.54045867919922,19440000
2016-03-09,76.54046177244557,77.78389884280418,75.8496612918748,76.95494079589844,17112000
2016-03-10,78.33652944297846,79.02732987073061,77.50757145945488,78.19837188720703,8862000
2016-03-11,76.81676972999261,79.02732853156115,76.12597563839392,78.47468566894531,17904000
2016-03-14,79.44180298735992,79.85628194846885,78.88916015625,78.88916015625,9090000
2016-03-15,78.61285865372614,79.16549525591473,77.3694215554657,77.64573669433594,12894000
2016-03-16,77.64571826662656,78.75099753313523,77.23123933224164,77.50756072998047,9900000
2016-03-17,78.0602139754741,79.16549347949774,76.54046177244557,76.95494079589844,11154000
2016-03-18,76.95492552827314,77.92204094964104,76.12596764583014,76.67860412597656,11244000
2016-03-22,78.33654015950931,79.44181973022681,77.36942448791174,78.61286163330078,10458000
2016-03-23,78.75101760452768,79.02733907269297,76.81677997626706,77.36942291259766,8676000
2016-03-24,77.36941357998604,77.36941357998604,75.57333374023438,75.57333374023438,13302000
2016-03-25,76.26414347762906,76.95494398684396,75.57334296841417,76.81678009033203,5832000
2016-03-28,77.36941531309432,77.92205187069473,75.8496568741337,77.09309387207031,10002000
2016-03-29,76.39730572208705,77.510565488038,75.7015175721038,77.09309387207031,8706000
2016-03-30,77.37138336309536,77.37138336309536,75.42318725585938,75.42318725585938,11178000
2016-03-31,75.56236809604952,76.53646648220442,73.61416495362792,73.75332641601562,17166000
2016-04-01,74.30995745808164,74.30995745808164,71.80512743140473,71.94428253173828,14994000
2016-04-04,72.0834401220008,73.4750101607659,71.66596847336008,72.22259521484375,11070000
2016-04-05,72.22258645909636,72.91837457918248,69.99607339297627,70.27438354492188,16698000
2016-04-06,69.85691189905167,71.10932669228235,69.57860174729667,70.83101654052734,11202000
2016-04-07,70.27438987195339,71.10933314318497,69.43944660072182,70.4135513305664,11478000
2016-04-08,69.99606832277884,73.75331243288626,69.8569068867752,72.64005279541016,14772000
2016-04-11,72.64006549084127,73.05753713159322,71.38765056858539,72.77922058105469,12366000
2016-04-12,72.77921284279286,74.72741574919625,72.50090269195739,74.30994415283203,13326000
2016-04-13,75.42320120060256,77.23224259753492,75.42320120060256,76.95392608642578,12786000
2016-04-14,78.20633950475388,79.31959916019706,77.51055779394876,79.0412826538086,13842000
2016-04-15,78.34550350959037,79.45875683139286,77.64971540588064,77.92803192138672,11232000
2016-04-18,75.14488092347896,75.97982404485094,74.5882542992678,74.72740936279297,12774000
2016-04-19,77.37141649687571,78.34552133775708,76.3973180261067,78.20635986328125,11172000
2016-04-20,79.87623362094948,80.15455015457887,77.78887554400733,78.06719207763672,9756000
2016-04-21,80.01540136528503,80.01540136528503,78.48466986511258,79.18045806884766,10668000
2016-04-22,78.06719584308317,78.48466747860768,76.81478093650965,78.34551239013672,18438000
2016-04-25,79.18046454123045,79.31961964530757,77.92804949419927,78.76299285888672,10014000
2016-04-26,77.9280281107834,78.3454996785731,76.11898040362091,77.64971160888672,12822000
2016-04-27,78.20635620016019,78.48467276596335,76.81478611136839,77.51057434082031,10044000
2016-04-28,78.62383494895589,79.18046813072297,75.1449062284185,75.5623779296875,13452000
2016-05-02,72.50090667790971,72.64006176097791,71.38764690303002,72.08343505859375,11292000
2016-05-06,72.77922335296354,73.47501157075422,71.1093367263555,71.66596984863281,10182000
2016-05-09,72.0834401220008,72.50091177064151,71.24849682471935,72.22259521484375,7290000
2016-05-10,72.22257744526819,73.19667559572639,70.97016280748898,72.91836547851562,12696000
2016-05-11,76.81477910822089,76.81477910822089,72.64006285233931,73.47500610351562,27972000
2016-05-12,72.36174124642864,74.44909922824976,72.36174124642864,74.30994415283203,9048000
2016-05-13,74.72741457799515,75.14488616781634,71.38764185942553,72.36174011230469,22044000
2016-05-16,72.08344110723563,74.44910956845904,71.94427964237879,73.61416625976562,13896000
2016-05-17,75.00573216247399,75.8406753540039,74.30994404616206,75.8406753540039,13062000
2016-05-18,75.70151134160089,77.51055910864405,75.42320120060256,76.95392608642578,13434000
2016-05-19,77.51056167532806,78.4846599413001,76.11898544381256,76.81477355957031,12198000
2016-05-20,76.39731074152766,77.92804222401811,75.97983909813134,77.23225402832031,15462000
2016-05-23,76.39732730824417,76.814799042169,74.86659549381541,76.67564392089844,13314000
2016-05-24,76.39730834960938,76.67562489319705,75.5623650889579,76.39730834960938,10992000
2016-05-25,78.62381877478418,79.04129039017262,77.78887554400733,78.06719207763672,16758000
2016-05-26,79.04129672207377,79.45876837090533,78.20635342441062,78.62382507324219,12894000
2016-05-27,79.59792195835507,80.43286517340735,79.59792195835507,80.15454864501953,14946000
2016-05-30,80.71117790616046,81.40696606426826,79.31960796005626,80.01539611816406,15642000
2016-05-31,79.31960916170407,80.71117912888977,78.9021375345372,80.43286895751953,9594000
2016-06-01,80.29370505615373,80.98949320361015,79.5979232788086,79.5979232788086,13002000
2016-06-02,79.45877373191783,79.45877373191783,77.51057681933527,77.78888702392578,9540000
2016-06-03,77.78887047857823,78.48465858228796,77.37139889037456,77.92803192138672,7536000
2016-06-06,76.53646583262253,77.51057058062179,75.42321236364015,77.23225402832031,12306000
2016-06-07,76.2581556504328,77.37140911941518,75.70152254582987,77.23225402832031,15516000
2016-06-08,76.95395416343958,77.3714258973644,75.42322871912394,76.67564392089844,12594000
2016-06-09,75.979813805054,76.11896884982525,75.005715751436,75.42318725585938,7956000
2016-06-10,75.00572585995378,75.56235248416496,74.1707827385818,74.72740936279297,12714000
2016-06-13,73.61416154838483,73.61416154838483,70.97017669677734,70.97017669677734,9462000
2016-06-14,71.66595588556764,71.66595588556764,69.85690814580083,70.55269622802734,10008000
2016-06-15,70.13522465271357,71.24848431025387,69.43943657048705,70.55269622802734,10890000
2016-06-16,69.99607095604873,70.13522602717681,67.35208001383921,67.49124145507812,13488000
2016-06-17,68.18702573733074,69.16113038208147,67.7695541381836,67.7695541381836,17532000
2016-06-20,69.57860174729667,71.2484881382709,69.43944030130811,70.83101654052734,12918000
2016-06-21,69.43944034886296,70.41354499100574,68.60449715280404,70.27438354492188,11070000
2016-06-22,69.30028789373546,69.71775950755314,68.88281627991778,69.1611328125,8364000
2016-06-23,69.16113271063035,70.1352310180664,68.4653445652553,70.1352310180664,7650000
2016-06-24,70.83101855514542,71.24849016476296,63.17736813208313,63.455684661865234,16650000
2016-06-27,64.56894181879754,64.56894181879754,62.48158385450571,63.5948371887207,10326000
2016-06-28,61.92496081272697,63.59484745370039,61.507489152483615,63.17737579345703,8130000
2016-06-29,64.56895071221666,64.84726089904804,63.31653576113991,64.29063415527344,9630000
2016-06-30,65.82136806669251,66.37799483079176,65.12557983398438,65.12557983398438,12060000
2016-07-01,65.26471321061085,65.40387463290303,64.42977015729767,64.56893157958984,6234000
2016-07-04,63.873143578458865,65.40387463290303,63.59482710398448,64.56893157958984,6738000
2016-07-05,64.01231258373527,64.4297842013903,63.455685883565664,63.8731575012207,7752000
2016-07-06,63.17737340364945,63.31653486520784,61.229176642949476,62.342430114746094,10278000
2016-07-07,61.3683345481141,62.06412277747247,60.67254631875572,60.950862884521484,13434000
2016-07-08,61.090005246449486,61.92494839956775,60.25506209333122,60.53337860107422,10194000
2016-07-11,60.53337860107422,60.53337860107422,60.53337860107422,60.53337860107422,0
2016-07-12,65.40388612702743,67.07377252712081,65.40388612702743,65.82135772705078,10302000
2016-07-13,68.04788365188831,68.18703875479953,66.37799693650456,66.93462371826172,9948000
2016-07-14,66.65630078719857,68.32618718378717,66.65630078719857,67.7695541381836,13074000
2016-07-15,67.49123892006806,69.30028025722791,66.9346059162415,68.6044921875,21006000
2016-07-19,67.90871690747527,68.18702706558736,66.79545716469332,67.21292877197266,14622000
2016-07-20,67.21292877197266,67.3520838510287,66.65630208563728,67.21292877197266,9180000
2016-07-21,68.32619458854379,69.71776461314006,68.32619458854379,69.30029296875,8142000
2016-07-22,68.4653446661001,69.43944297497092,68.18702813351787,69.1611328125,9396000
2016-07-25,69.02196500852774,69.99606959785548,68.74365487167185,69.57859802246094,10542000
2016-07-26,69.71775826464948,69.99607479226997,68.18702691790355,68.74365997314453,10464000
2016-07-27,69.30028148904293,72.36173758406414,69.30028148904293,71.52679443359375,14124000
2016-07-28,71.52680683005774,73.89248162309427,71.10933518246964,73.19669342041016,16032000
2016-07-29,82.9377011947139,83.49432792417115,78.90213988834172,81.26781463623047,51726000
2016-08-01,79.5979232788086,81.40696481806175,79.31960674580377,79.5979232788086,24048000
2016-08-02,76.81477366716518,77.09309018788032,74.44909916636404,75.28404235839844,24612000
2016-08-03,73.89246368408203,74.44909028902894,73.47499213784428,73.89246368408203,16164000
2016-08-04,73.89247602628092,77.37140403597455,73.7533209443288,77.09309387207031,16926000
2016-08-05,75.97983671928364,76.95393506667318,75.5623650889579,76.39730834960938,12288000
2016-08-08,76.11899144404073,79.04129284242397,75.97983635796442,78.90213775634766,11448000
2016-08-09,80.15455361779445,81.54612360584396,79.73708198436843,80.850341796875,12846000
2016-08-10,79.31962440090975,80.29372292807633,79.18046928848959,79.87625122070312,10350000
2016-08-12,79.59792729671025,79.73708238518121,77.92804075461221,78.34551239013672,15978000
2016-08-15,77.92804600446905,78.06720110231461,76.67563101352283,77.51057434082031,11232000
2016-08-16,77.23224895402244,78.90213541789319,76.81477733805474,77.09309387207031,10746000
2016-08-17,76.39730572208705,77.37140403597455,76.1189891880715,77.09309387207031,11466000
2016-08-18,75.28404231290995,76.67561854553382,75.00573216247399,75.8406753540039,13860000
2016-08-19,76.25817218697361,77.92805912267293,75.84070045304877,76.67564392089844,11508000
2016-08-22,76.67561715677574,78.06718699408431,76.39730064126967,77.92803192138672,7200000
2016-08-23,77.78888247045171,77.78888247045171,74.72742580837674,75.1448974609375,12150000
2016-08-24,75.56236762548383,76.95393764991222,75.56236762548383,76.2581558227539,10212000
2016-08-25,75.28404225294766,76.95392863467745,75.28404225294766,76.81477355957031,11088000
2016-08-26,76.67563530633494,76.67563530633494,75.42322024527019,75.70153045654297,11958000
2016-08-29,77.92802936847612,79.45875422833595,77.78886793022653,79.0412826538086,13812000
2016-08-30,79.04129150130153,79.4587631225586,78.48466479632923,79.4587631225586,7062000
2016-08-31,80.01539853002298,81.40696851807249,79.8762370721399,80.850341796875,10026000
2016-09-01,78.90213653889109,79.31960816078998,78.0671932950933,78.48466491699219,15246000
2016-09-02,78.34551386741444,78.34551386741444,77.09309893722545,77.23225402832031,10650000
2016-09-05,78.62382507324219,79.31961327799876,78.34551488742903,78.62382507324219,9588000
2016-09-06,78.20635330959618,79.31961316154995,77.37141001315882,79.18045806884766,10188000
2016-09-07,77.92804600446905,78.48467276596335,77.09310267717157,77.51057434082031,10632000
2016-09-08,78.20633824256947,78.90212631225586,77.23224004109701,77.64971160888672,8574000
2016-09-09,77.51057434082031,78.06720110231461,76.81478611136839,77.51057434082031,13248000
2016-09-12,76.67563792310902,76.81479303349447,75.42322281930204,75.5623779296875,10476000
2016-09-13,75.97984703792817,76.39731872494976,75.2840587695214,75.70153045654297,9576000
2016-09-14,75.70151897109496,76.25815204941287,75.28404734741224,75.9798355102539,7944000
2016-09-15,75.56235632781824,76.39729949166153,74.86656823457855,75.00572967529297,7416000
2016-09-16,75.7015175721038,77.37140403597455,75.56236249015168,77.09309387207031,12342000
2016-09-20,76.25814183962454,77.64971160888672,75.84067027183482,77.64971160888672,11796000
2016-09-21,77.37141649687571,78.48467644212056,75.84069123854047,78.20635986328125,11562000
2016-09-23,78.76298290045182,78.76298290045182,77.37140655517578,77.37140655517578,7020000
2016-09-26,77.09307327355287,77.09307327355287,75.2840258409785,75.42318725585938,6678000
2016-09-27,75.14490185964245,77.78888702392578,74.30995850564642,77.78888702392578,10032000
2016-09-28,77.50806234208713,78.21013026670599,76.3847549482178,77.22723388671875,6492000
2016-09-29,78.35052712971347,80.3163131070435,78.35052712971347,80.17589569091797,13674000
2016-09-30,78.49093435967308,78.49093435967308,76.38473749467646,76.80597686767578,16740000
2016-10-03,77.64846735879705,79.05260309958648,77.22722792208097,78.91218566894531,15439200
2016-10-04,79.05260400208475,80.31632232666016,78.91218656984051,80.31632232666016,8716200
2016-10-05,80.31631220154974,82.42250914365678,80.17589478700728,81.29920196533203,13155600
2016-10-06,82.42250341125988,83.5458040838573,82.42250341125988,82.9841537475586,13886400
2016-10-07,82.98415811310434,83.82663687567393,82.7033297163802,83.68622589111328,9165600
2016-10-11,84.24788503172925,86.91573258186617,84.10747403254422,86.6349105834961,15393600
2016-10-12,85.65201493255194,85.93284336057854,84.94995350389077,85.3711929321289,9652200
2016-10-13,86.07324173945784,87.89861661256198,85.23076300651827,87.33695983886719,17022000
2016-10-14,87.05616569581602,87.47740519688028,84.38831123733922,86.77533721923828,17600400
2016-10-17,87.33696182892163,88.31985799148242,86.91572245285352,87.61779022216797,7516800
2016-10-18,86.91573233866862,88.17945061060857,86.21367091710432,88.0390396118164,6645000
2016-10-19,88.60068434527456,88.7411017626536,87.61779456163671,88.31986236572266,9290400
2016-10-20,89.02192611300721,89.30275452764114,88.03903630319338,88.74110412597656,9422400
2016-10-21,89.8643919209945,90.98769898932272,89.02191322664892,89.1623306274414,13258800
2016-10-24,89.02192611300721,89.30275452764114,88.03903630319338,88.74110412597656,8323200
2016-10-25,89.72399154629144,89.72399154629144,87.75820555141266,88.31986236572266,10585200
2016-10-26,87.19656113780225,88.31986841576739,87.05615013840793,88.17945098876953,8950800
2016-10-27,88.31987798685441,89.30276794433593,87.89863851541885,88.46028900146484,7971600
2016-10-28,88.46028900146484,88.74111745828995,86.91574213033309,88.46028900146484,15435000
2016-10-31,84.66913971391696,88.03905572243107,84.66913971391696,86.77533721923828,18659400
2016-11-01,86.77532096654822,88.17945023123943,86.63490996836015,87.89862823486328,10670400
2016-11-02,86.49447423884303,86.91571357186922,84.6691059382636,84.80951690673828,13027200
2016-11-04,83.9670558954582,84.80953473864876,83.12457705226764,83.82664489746094,10805400
2016-11-07,85.0903674891686,86.07325738033727,84.24788860313723,84.52871704101562,11424600
2016-11-08,84.24788793765784,85.932845696411,84.10747693362966,85.79243469238281,8937600
2016-11-09,86.77531499312352,87.47738279094204,79.19300591605447,80.17589569091797,18396600
2016-11-10,85.79243403437752,87.61780278315875,84.80953773090756,87.05615234375,15639600
2016-11-11,88.4602762908623,88.88151570177116,87.1965580581357,87.47738647460938,12067200
2016-11-14,87.47737559509748,89.72398336466766,87.19654721355026,89.58357238769531,11358000
2016-11-15,90.00482534570183,90.28564734207798,87.75821080907171,87.89862823486328,9560400
2016-11-16,89.30273958179059,89.58356794942462,87.33695386355673,88.88150024414062,8248200
2016-11-17,88.17945061060857,88.31986803700424,87.47738918904427,88.0390396118164,8823000
2016-11-18,89.16234726734035,89.16234726734035,88.17945098876953,88.17945098876953,8170200
2016-11-21,88.17945098876953,88.88151884094817,87.33697213719655,88.17945098876953,10113000
2016-11-22,87.75821118662859,88.17945061060857,87.19656076385644,88.0390396118164,6679200
2016-11-24,88.88150826779695,89.30274764347371,88.03902951644342,89.02191925048828,9957000
2016-11-25,88.46027335549861,89.5835805565155,87.47738357186077,88.31986236572266,15892200
2016-11-28,86.91573271141007,88.31986841576739,86.63491071262145,88.17945098876953,9222000
2016-11-29,88.60067987481152,89.02191925048828,87.61779014076666,89.02191925048828,13462800
2016-11-30,88.1794508573421,88.74110770928932,86.35408215752248,86.6349105834961,13852800
2016-12-01,87.75819320120668,90.28562922710641,87.61778223119076,88.88150024414062,17923200
2016-12-02,88.1794508573421,88.1794508573421,85.65201430639023,86.6349105834961,15399000
2016-12-05,86.07323697520567,86.63489371781213,85.0903473170478,86.49447631835938,11946600
2016-12-06,88.17945098876953,88.31986841576739,87.05615013840793,88.17945098876953,15116400
2016-12-07,89.1623377655152,90.7068778770652,89.1623377655152,90.42605590820312,15417000
2016-12-08,90.9877061756379,92.532252713129,90.42605581091516,91.83018493652344,12569400
2016-12-09,91.68976593017578,92.25141624575893,90.98769821499512,91.68976593017578,16546800
2016-12-12,92.25143457966506,92.39184557956534,90.00482644324275,90.84730529785156,11802600
2016-12-13,91.26854410037713,92.25143394815784,90.5664762504746,92.11102294921875,11346600
2016-12-14,92.25142151462445,92.25142151462445,90.5664640440377,91.2685317993164,7705800
2016-12-15,91.54936672495653,92.25143457966506,90.70688787034771,90.84730529785156,10777200
2016-12-16,90.70688824623682,91.4089561038547,90.42606624527252,90.98771667480469,12819600
2016-12-19,90.70688652415828,90.70688652415828,89.02192883994726,89.3027572631836,7743000
2016-12-20,89.30275996453189,90.00482783005805,88.46028109694197,89.86441040039062,11055000
2016-12-21,89.72400134077697,90.84730866441674,89.72400134077697,90.1452407836914,12210000
2016-12-22,90.56646728515625,90.9877066678779,90.14522790243458,90.56646728515625,10420800
2016-12-26,90.28563208329945,90.5664604598175,89.30274240688982,89.44315338134766,5073600
2016-12-27,89.3027440061481,90.00481174621488,88.88150464762853,89.58357238769531,7530600
2016-12-28,89.72399318712647,91.68977921795472,89.72399318712647,91.40895080566406,10009800
2016-12-29,91.83018260770889,91.97059358842804,89.58357477818909,90.00481414794922,11571600
2016-12-30,89.1623306274414,90.004809321787,88.17943453230333,89.1623306274414,8215800
2017-01-04,90.28564569292469,93.37473901746499,90.14523469730136,93.23432159423828,12582000
2017-01-05,93.37475164408096,93.93640213012695,92.25144424438476,92.67268371582031,11628600
2017-01-06,92.53226739285425,93.79598573466438,91.97061051142494,93.09391784667969,13176600
2017-01-10,92.67266077463317,95.48092536488355,92.39183238732734,94.07678985595703,18223200
2017-01-11,94.63845590011576,95.0596953085323,94.07679907049153,94.21721649169922,8204400
2017-01-12,94.07679804546495,94.91927685311869,92.1110184460084,92.81307983398438,10534800
2017-01-13,93.37472852909643,94.77885761042029,93.0939001417906,94.07678985595703,12601800
2017-01-16,92.81307707598899,93.23431646729847,91.83018730546786,92.25142669677734,8180400
2017-01-17,91.97058787416621,92.8130665613421,91.40893755858306,91.68976593017578,8546400
2017-01-18,92.67268371582031,93.09392318725585,90.98772583007812,92.67268371582031,8738400
2017-01-19,93.09390406862923,94.77886160833293,93.09390406862923,94.6384506225586,10993200
2017-01-20,95.48094673576159,97.58714404296512,95.20011828559976,96.46383666992188,17637600
2017-01-23,95.0596951191177,96.46382433517388,94.49803829061263,95.62134552001953,12542400
2017-01-24,94.77886345023411,97.16588882040399,94.498035045625,96.32341003417969,13279200
2017-01-25,100.11458431391236,100.25499533010323,98.1487979492187,99.97416687011719,21188400
2017-01-26,100.81662619510732,101.93993338875747,99.97414740677048,101.79952239990234,16702200
2017-01-27,102.5015764476428,104.04612292509748,102.08033708357358,103.34405517578125,22454400
2017-01-30,102.501583771781,102.501583771781,100.95704361156551,101.79952239990234,11743200
2017-01-31,100.95705180629028,101.23787380679495,100.1145729495691,100.53581237792969,10448400
2017-02-01,98.9912683169047,101.3782939507689,98.42961787324408,101.09746551513672,9029400
2017-02-02,102.36119271098775,102.50160372717862,99.41251637774943,99.97416687011719,11577000
2017-02-03,108.39893137853323,113.03256427242488,108.39893137853323,112.33049011230469,47809200
2017-02-06,113.73463834590532,114.99835654974872,112.75174212451391,114.29629516601562,20610000
2017-02-07,113.17298616318998,115.98125752360725,112.33050732610616,115.13877868652344,17681400
2017-02-08,113.8750497303329,115.13876786721006,112.89215356102656,114.8579330444336,15733800
2017-02-09,114.71755291160704,117.10457228216933,114.57713547032394,114.99837493896484,13647600
2017-02-10,117.8066177368164,118.36827457026139,117.10455633641517,117.8066177368164,12277200
2017-02-13,118.64910440711863,119.35117870916339,117.52580352113749,118.92993927001953,9460800
2017-02-14,119.35117478080481,120.4744756298133,118.0874565049676,118.36827850341797,10114800
2017-02-15,118.64909755636678,120.19365064751739,118.50869298823073,119.21075439453125,9580800
2017-02-16,118.78950500488281,119.21074438433276,118.0874436575348,118.78950500488281,10707600
2017-02-17,118.08744992451668,120.05322951453977,117.66621052271127,119.77240753173828,11206800
2017-02-20,119.49157269373045,120.75529089914666,118.64909389011964,119.77240753173828,8338800
2017-02-21,119.35116258374664,119.63198455349848,118.08744443705476,119.07032775878906,8394000
2017-02-22,119.35117181787406,119.35117181787406,118.36827556488792,119.21075439453125,7219800
2017-02-23,119.35117491117718,120.4744757614127,119.21075748419508,119.9128189086914,9840000
2017-02-24,119.21076661744442,119.6320060754566,118.08746568114799,118.50870513916016,8950800
2017-02-27,117.24498517985566,117.66622463217226,115.56002737058927,116.82374572753906,8433000
2017-02-28,116.68330622062408,119.07032504716884,116.68330622062408,117.10454559326172,13467000
2017-03-01,116.54290262989825,118.36827774616553,115.2791843621456,118.08745574951172,11995800
2017-03-02,119.77240117533456,119.77240117533456,118.50868303698475,118.78950500488281,9163200
2017-03-03,118.64909655938055,119.07033597066263,117.24497375857808,117.8066177368164,11679600
2017-03-06,116.96413891425227,118.64909655938055,116.5428995029702,117.8066177368164,7243200
2017-03-07,115.8408469397689,115.8408469397689,114.01547173322454,115.27919006347656,18983400
2017-03-08,115.5600109759816,116.26207234517119,113.31339659728641,113.87505340576172,16422000
2017-03-09,114.85793724449508,117.10455163283153,114.43669785013238,116.9641342163086,14758200
2017-03-10,117.80660692925595,118.087441747818,116.12164943870542,117.10454559326172,13397400
2017-03-13,116.54289617886886,116.82373101518453,115.41959539922497,115.56001281738281,8434800
2017-03-14,115.84084009902433,116.68331893610815,114.99836126194052,115.13877868652344,7722600
2017-03-15,114.43670578637742,115.13878006247522,114.01546636280155,114.1558837890625,5266800
2017-03-16,113.73465354225853,115.98126826766878,113.17299664710394,115.84085083007812,9138000
2017-03-17,114.5771255493164,115.84084384581621,114.5771255493164,114.5771255493164,9750000
2017-03-21,113.8750602136067,114.71753904908293,113.31340337155359,114.01546478271484,7496400
2017-03-22,112.19008597920062,112.19008597920062,110.92636791255832,111.0667724609375,11662200
2017-03-23,111.20720596478789,111.48802795740781,110.22430970780795,110.92638397216797,6919800
2017-03-24,111.20723116487285,113.173011269081,110.78599165288469,111.34764862060547,9825600
2017-03-27,109.66266397034948,110.50514278995472,108.9605897172074,109.24142456054688,9109200
2017-03-28,109.94347381591797,110.92636994863824,109.38181704647707,109.94347381591797,13566600
2017-03-29,110.79137097815907,112.48715720263179,110.22610459072743,111.78057098388672,12975000
2017-03-30,111.2153255350105,112.34584545338024,110.79137894839398,110.93268585205078,11494800
2017-03-31,112.62847440555335,117.85715338889132,112.62847440555335,113.19374084472656,30753000
2017-04-03,114.18296627533658,114.4655930566955,111.0740199290897,112.62848663330078,11194200
2017-04-04,112.34583808774889,112.76978464657059,107.68242594071025,110.08478546142578,15510000
2017-04-05,110.08478723183073,112.62846662566884,109.80216050067843,112.4871597290039,16100400
2017-04-06,111.2153295814172,111.92190293887802,109.37822332663079,110.50874328613281,14723400
2017-04-07,112.06322176578479,112.48716836396831,110.65006212589859,111.49795532226562,11605200
2017-04-10,111.92190105995435,113.4763675954015,111.35663462078115,113.19374084472656,9511800
2017-04-11,112.48715899989766,114.32425214721388,111.63926587411407,114.18294525146484,13740600
2017-04-12,111.92190267446637,112.34584927550601,108.81295662090113,109.09559631347656,13117800
2017-04-13,107.39980444602449,108.53033088235294,105.84533787359867,108.10638427734375,21875400
2017-04-14,110.08479745477877,110.08479745477877,107.11717768862624,108.10638427734375,11746200
2017-04-17,106.83454318467277,108.24769636149945,105.13875678491605,107.3998031616211,18041400
2017-04-18,108.53033367706931,109.3782269089214,106.41060059743904,106.97586059570312,11289600
2017-04-19,105.84533249086243,107.54111882466044,105.42138590741294,107.11717224121094,7540800
2017-04-20,107.82375471720827,109.80217443082445,106.97586147836022,109.23690795898438,14102400
2017-04-21,110.50873926543424,111.3566324386673,109.5195391885444,110.93268585205078,11387400
2017-04-24,112.06321870824357,112.76979203999676,110.08479267881772,110.93268585205078,7812600
2017-04-25,110.93268802585708,113.19374084472656,109.802168085334,113.19374084472656,10271400
2017-04-26,114.32425966097145,116.58531245760547,114.04163291307589,116.4439926147461,10779000
2017-04-27,116.58530409909862,118.4224101732676,116.44398426637107,118.1397705078125,10699200
2017-04-28,117.4331815165858,118.56370121376558,117.4331815165858,118.28107452392578,9138000
2017-05-01,117.4332112448167,118.98767783917987,117.4332112448167,118.42242431640625,10666800
2017-05-02,118.42242788794071,119.41162805154,118.13978818020588,118.84637451171875,9007200
2017-05-08,120.82477831273502,122.52056467501903,120.11820497439109,122.2379379272461,13650600
2017-05-09,121.95529232330205,122.09661215924203,119.27030600520042,119.55293273925781,10722000
2017-05-10,123.79239977820444,128.1731853615019,123.65107994073591,125.06423950195312,36055800
2017-05-11,125.06424726213596,126.19476721856438,124.64030066124737,125.77082061767578,9931200
2017-05-12,126.47740043691005,126.90134701609766,122.52056138521812,123.22713470458984,19210200
2017-05-15,122.66187668865315,123.93371637918818,121.3900369981181,123.79239654541016,12686400
2017-05-16,124.3576732092276,125.91213975782753,124.07503351833783,125.20556640625,12267000
2017-05-17,123.93373061590809,125.20557045254401,123.22714430367223,124.78162384033203,10827600
2017-05-18,120.8247787306912,122.09661850680374,120.8247787306912,121.39004516601562,11602800
2017-05-19,121.95528699448208,122.94449992719328,120.9660869995929,121.81398010253906,7741200
2017-05-22,121.955302075719,124.07503509521484,121.955302075719,124.07503509521484,7379400
2017-05-23,130.15161296989345,135.5215992032745,130.15161296989345,133.96713256835938,48108600
2017-05-24,135.23895243672115,136.36947228241442,134.39105931799563,134.53237915039062,17151000
2017-05-25,134.9563213859786,136.2281610233193,133.68448174863795,135.80421447753906,11923200
2017-05-26,135.0976060769618,135.23892588160766,132.9778736963723,133.26051330566406,13857000
2017-05-29,133.2605556118494,134.10844883326558,132.55396930212007,133.54318237304688,7672800
2017-05-30,133.11921603077715,135.0976289415572,132.83658931147198,134.10842895507812,9403800
2017-05-31,133.54316257864588,134.6736823936885,133.26053585934068,134.10842895507812,9040800
2017-06-01,136.22816036877026,138.34789308748648,135.52157417065033,137.5,15822600
2017-06-02,138.48921090924912,141.88078352692725,138.48921090924912,138.7718505859375,14588400
2017-06-05,138.06526433203936,139.0544773248031,137.21737117761984,138.7718505859375,11754600
2017-06-06,138.06526512409235,138.20658496324725,135.94553222588303,137.07606506347656,11513400
2017-06-07,137.0760488630169,141.31551415839039,137.0760488630169,141.1741943359375,14770800
2017-06-08,142.0220870527759,144.5657662238704,142.0220870527759,143.57655334472656,18244800
2017-06-09,144.424475940526,145.5550088730072,142.8700093306443,143.85922241210938,16146600
2017-06-12,143.15260716117135,144.28313986515184,140.3263012768628,141.1741943359375,12397200
2017-06-13,140.89158728712832,142.7286805462346,139.4784276788885,139.90237426757812,11562600
2017-06-14,140.1850028690806,140.60894946338007,137.07606980276677,137.21737670898438,13810200
2017-06-15,136.2281657886685,138.0652589260976,135.2389528346374,135.94552612304688,7934400
2017-06-16,136.36947976982924,136.65211945013766,134.53238653693916,136.08685302734375,11279400
2017-06-19,136.22814263656045,137.49998210224052,135.09761004185367,136.79339599609375,5338200
2017-06-20,137.50003411468768,140.04371400825133,137.0760874657604,138.63055419921875,11676600
2017-06-21,137.35869277526285,137.64131951774831,136.08685302734375,136.08685302734375,7348200
2017-06-22,135.3803147870605,136.51083498780832,134.39110152526473,134.81504821777344,9322200
2017-06-23,136.65212653626418,137.64132665517002,135.94554023667584,136.22817993164062,7724400
2017-06-26,135.94554023667584,136.65212653626418,135.23896687491114,136.22817993164062,6357000
2017-06-27,136.65213023240528,137.50002346458604,136.2281836163149,137.35870361328125,5551800
2017-06-28,136.79341513303206,137.6413082287695,134.10842895507812,134.10842895507812,7918200
2017-06-29,134.95635986328125,135.8042531965839,134.249773460312,134.95635986328125,6810600
2017-06-30,133.26056024106617,133.82581378309692,131.56477373932546,132.97792053222656,13023600
2017-07-03,133.26053696198596,134.95632316749237,133.26053696198596,133.82579040527344,7326000
2017-07-04,134.53242623525458,134.6737331792832,132.41269269655743,132.83663940429688,6964200
2017-07-05,132.55396229217357,133.68449515282424,130.43422935073252,133.40185546875,10688400
2017-07-06,133.54318237304688,134.2497557449524,132.41266239043324,133.54318237304688,5992800
2017-07-07,133.82580913424434,134.39107559446305,132.83660900114134,133.54318237304688,7027800
2017-07-10,135.66289758954605,138.0652570884202,135.66289758954605,137.9239501953125,11364000
2017-07-11,137.6413143420189,139.1957937117933,137.21736777532084,139.05447387695312,5956200
2017-07-12,139.0544864430147,139.61975289563483,136.51080681295957,136.93475341796875,5800200
2017-07-13,137.50001164311843,137.50001164311843,136.3694788055249,137.07606506347656,4554600
2017-07-14,137.78261931918274,140.0436717436943,137.6412994995817,139.7610321044922,8707800
2017-07-17,139.7610321044922,139.7610321044922,139.7610321044922,139.7610321044922,0
2017-07-18,139.33710328361957,142.02210257019095,139.19579638388925,140.46763610839844,10863000
2017-07-19,140.184989163025,140.46762882347284,138.9131495044759,139.61973571777344,4689600
2017-07-20,139.76104662562213,142.4460458500864,139.3371000605921,141.4568328857422,6760800
2017-07-21,141.31555643810256,144.98975648075702,140.4676631253496,140.7502899169922,13911000
2017-07-24,139.902369696009,141.03288958296514,138.3479032342165,140.46763610839844,7106400
2017-07-25,140.60896286383215,140.60896286383215,139.05449618252993,139.19581604003906,5128800
2017-07-26,139.90237426757812,140.7502674449574,138.91316124802793,139.90237426757812,5241000
2017-07-27,138.63055419921875,139.4784474970733,137.92398076361496,138.63055419921875,9435600
2017-07-28,138.63053252318196,140.18499901358652,135.52158660454984,136.08685302734375,13675800
2017-07-31,125.48817965599798,132.41264433250612,124.07502016708436,131.42343139648438,36329400
2017-08-01,131.84738697804582,133.26054656373006,128.17318758065434,129.58633422851562,13961400
2017-08-02,129.58633060326596,130.15159700929058,128.31449089307745,129.16238403320312,8857200
2017-08-03,130.5755508613769,130.71687070521995,128.59713773669108,130.01028442382812,12530400
2017-08-04,130.01028801372865,131.70607443537654,129.1623948029047,130.43423461914062,8329800
2017-08-07,132.5540093991831,132.83664918370178,130.15164885774067,130.29296875,9036000
2017-08-08,131.14080467383047,133.2605374382899,131.14080467383047,131.42343139648438,10294200
2017-08-09,130.9994893908075,131.84738252602307,128.73843671762512,130.85816955566406,13022400
2017-08-10,132.27134357351025,135.23896987163388,131.2821304948611,132.55397033691406,15169200
2017-08-11,132.55397033691406,132.55397033691406,132.55397033691406,132.55397033691406,0
2017-08-14,130.01028801372865,131.84739428312173,128.17319468215925,130.43423461914062,12883200
2017-08-15,132.13000445896913,133.54316394560402,130.57553808014615,130.71685791015625,8145600
2017-08-16,130.71687431463104,131.140820920043,129.8689811038071,130.43423461914062,6557400
2017-08-17,130.43421846046263,132.27132450226816,129.72764518491684,131.42343139648438,6814200
2017-08-18,128.59715912760413,129.02110579182937,125.77083940755209,126.19478607177734,14077200
2017-08-21,127.1839992675781,127.46662606445312,125.77083940755209,126.19478607177734,5667600
2017-08-22,125.48818262655205,126.33607575240713,124.64028950069697,125.34686279296875,9006600
2017-08-23,127.04266392688245,127.18398377702043,124.21635748888995,125.48819732666016,7490400
2017-08-24,124.35766277135272,126.05344902306288,124.07502310418612,125.34686279296875,6443400
2017-08-25,126.19475591882383,126.47739558599042,125.0642360636245,125.34686279296875,5811600
2017-08-28,126.33609043916799,126.33609043916799,124.07503752809617,124.78162384033203,5363400
2017-08-29,123.36845773334335,124.92292425128176,123.36845773334335,124.49897766113281,5781600
2017-08-30,124.92288613531805,124.92288613531805,123.22710029213356,123.65104675292969,6874800
2017-08-31,124.9228926849006,126.61867861699346,124.49894620187739,126.33605194091797,9212400
2017-09-01,126.05345385772245,126.33608059790656,121.81398806584639,123.22713470458984,20951400
2017-09-04,122.37921036958262,123.79236958614052,121.8139570332151,122.66184997558594,7798800
2017-09-05,123.65109951095684,124.357685872308,121.95531294423365,123.08584594726562,9535200
2017-09-06,122.23793141859365,123.65107802003745,121.39003828259837,121.95529174804688,12195600
2017-09-07,122.80318469605638,122.94450453111342,119.55293199232409,121.24871826171875,11266200
2017-09-08,121.10741714857129,122.23795012815101,120.5421635966059,120.96611022949219,11296200
2017-09-11,122.52056808887907,125.2055675499168,122.23794133323115,124.92292785644531,11985600
2017-09-12,126.61871061187753,126.76003045453491,124.21635091364124,124.49897766113281,8051400
2017-09-13,125.77082766781353,127.46661416642596,125.62952075147865,125.91214752197266,7671000
2017-09-14,128.59714287610473,130.2929293187003,125.20556999091362,125.6295166015625,12810600
2017-09-15,126.76002847647969,127.8905483866277,125.77081546896082,126.47740173339844,10975800
2017-09-18,126.47740173339844,126.47740173339844,126.47740173339844,126.47740173339844,0
2017-09-19,127.89053893688644,130.9994846323544,127.46659238467818,130.71685791015625,11602200
2017-09-20,129.86899269991937,130.43424626572485,128.45583290975603,129.30372619628906,7236600
2017-09-21,129.58633783012235,130.4342310175339,129.02108433039686,130.01028442382812,7636800
2017-09-22,130.71687041499436,131.14081700775884,127.89055117134886,128.59713745117188,6176400
2017-09-25,129.0210624572228,129.58631586111986,127.32527636988941,127.46658325195312,8399400
2017-09-26,127.60792980531606,127.89055656647405,125.06425014142272,125.6295166015625,8502600
2017-09-27,126.34167367517058,127.62360727404098,125.3446229030511,127.33873748779297,6626400
2017-09-28,128.76313431587823,129.4753154224118,127.76607033432715,129.04800415039062,7231800
2017-09-29,129.0480076596418,129.47531894328299,128.33582653374162,128.7631378173828,6767400
2017-10-02,129.475341796875,130.04509462246506,128.6207190787438,129.475341796875,4376400
2017-10-03,130.18749585908375,131.1845598355046,129.90262602603713,130.61480712890625,7059600
2017-10-04,131.04210720787205,132.1816125237562,129.76017350788035,130.18748474121094,7049400
2017-10-05,130.04504517824972,130.75722615907927,129.1904227850531,129.76016235351562,5141400
2017-10-06,130.04505635710336,130.32992616582243,129.04799246583073,130.18748474121094,6028200
2017-10-09,130.18748474121094,130.18748474121094,130.18748474121094,130.18748474121094,0
2017-10-10,129.6177451237728,130.18748474121094,128.3358114237811,130.18748474121094,8184600
2017-10-11,130.18746887107272,130.7572214595607,129.47528791583952,130.3299102783203,4538400
2017-10-12,130.32992616582243,130.757237399153,129.76017350788035,130.18748474121094,3956400
2017-10-13,129.3328733194388,131.32700127228043,128.4782507797938,130.61480712890625,10938000
2017-10-16,130.75724469490336,130.89968612746256,124.91732852704213,125.48706817626953,21429000
2017-10-17,126.05680439923262,127.76604920464594,125.34462341047805,126.48411560058594,9435600
2017-10-18,125.62949268929911,127.33873748779298,124.63242887667671,127.33873748779297,12565200
2017-10-19,127.33873748779298,127.62360727404098,126.34167367517058,127.33873748779297,8358000
2017-10-20,126.05681435214325,128.90555157258865,125.3446333071579,128.6206817626953,13172400
2017-10-23,130.18747658589828,131.61185162127458,128.3358033844625,131.04209899902344,12871200
2017-10-24,131.04211647389758,132.46649169921875,129.90262411794356,132.46649169921875,9130200
2017-10-25,133.89086339867788,136.31228948150405,132.18161838950542,132.75135803222656,15269400
2017-10-26,131.6118685381448,133.1786721500973,131.46942710414737,132.6089324951172,9464400
2017-10-27,132.7513894947551,135.8850104344182,132.03920825231205,135.74256896972656,14011200
2017-10-30,139.58833603717017,142.00977512525614,137.16690998958853,140.87026977539062,43587600
2017-10-31,139.44591870052892,141.72490349987106,137.45179070047288,139.87322998046875,19653000
2017-11-01,140.72782208920705,141.44000305483428,138.44882474249638,141.2975616455078,12818400
2017-11-02,141.44004403539452,142.29466665796488,140.7278628634213,141.8673553466797,10986600
2017-11-03,141.8673553466797,141.8673553466797,141.8673553466797,141.8673553466797,0
2017-11-06,140.87028855636524,143.57659782247342,139.87323754293544,140.58541870117188,13465800
2017-11-07,140.58542141282416,142.1522252073677,139.7307987902538,141.8673553466797,13592400
2017-11-08,141.44002818575268,142.1522092779195,140.58540565895055,142.00978088378906,7038000
2017-11-09,141.58246029201973,143.43413361775424,137.4517763242957,139.73077392578125,17953200
2017-11-10,138.44884075836995,140.44295551710852,137.16690704764432,138.16397094726562,13150800
2017-11-13,137.5942219248011,137.87909174344207,132.89379819445074,133.03623962402344,14625000
2017-11-14,133.60597930990244,135.45766573300332,133.46355092078232,134.46060180664062,9691200
2017-11-15,134.03329467307228,134.7454888025546,132.03917979963228,132.6089324951172,10343400
2017-11-16,132.18162123822742,134.88791720073908,131.61186854272268,134.03329467773438,11821800
2017-11-17,136.73961011669303,137.73667412062906,134.17574242700505,135.03036499023438,16029000
2017-11-20,134.74550705788963,144.14635608424223,134.74550705788963,143.1492919921875,32365200
2017-11-21,144.57365957713432,149.2740838358534,144.43121813154997,148.5618896484375,26516400
2017-11-22,148.98919263383888,150.55600932634974,148.27701152665543,149.41650390625,17140200
2017-11-23,149.41650390625,149.41650390625,149.41650390625,149.41650390625,0
2017-11-24,148.8467518734331,149.84380273257347,147.2799353110627,149.27406311035156,12663000
2017-11-27,150.41357142057666,151.6955052679111,147.84970372590772,149.1316375732422,9579600
2017-11-28,148.13457835219032,150.12870642834775,147.13752735461745,148.5618896484375,10602600
2017-11-29,149.1316312241666,150.12869518759103,147.27994473223694,148.1345672607422,11640000
2017-11-30,149.55894885568702,150.84088270302146,147.2799510024795,149.1316375732422,13707600
2017-12-01,151.26816548680284,153.54716291065117,149.8437904668348,150.5559844970703,12174600
2017-12-04,150.840855332053,151.8379191570029,148.41942951774956,148.84674072265625,8537400
2017-12-05,149.4165074147036,150.41357142057666,148.27701500835255,149.1316375732422,8303400
2017-12-06,148.56186655626124,148.70430797970477,141.2975756492067,141.58245849609375,19813200
2017-12-07,142.86440340888154,144.14633719906942,141.5824696186937,143.43414306640625,11197800
2017-12-08,145.14337853591942,146.14044243150707,143.71901644565594,144.57363891601562,12076200
2017-12-11,146.71019573117462,146.71019573117462,143.43413422018503,144.4311981201172,6764400
2017-12-12,144.43119452744003,144.85850575385257,143.00681942589696,143.2917022705078,6730200
2017-12-13,143.86146701119839,144.4312197594517,140.44297660269066,140.7278594970703,6866400
2017-12-14,139.73078156231867,142.0097792883555,139.58834012928364,140.44296264648438,6721800
2017-12-15,140.44294435099118,141.01269696840495,138.59127116527677,139.1610107421875,8422800
2017-12-18,140.3005358301848,142.2946507125548,139.5883416975131,142.00978088378906,6115800
2017-12-19,142.43707858940314,142.43707858940314,139.73076983195978,140.1580810546875,8415600
2017-12-20,139.30345812630836,141.72488403320312,139.01858832564534,141.72488403320312,6763800
2017-12-21,142.0097670060835,146.85261882436475,141.72488416465265,146.5677490234375,12881400
2017-12-22,146.28289790478604,148.13457140805195,145.1433924745398,147.70726013183594,10255800
2017-12-25,148.13457428039172,148.56188556489332,146.56777058405427,147.56483459472656,4444800
2017-12-26,146.1404495122553,146.71020220026855,145.2858270004877,145.4282684326172,4585800
2017-12-27,143.86148071289062,144.2887920546522,142.72198814836221,143.86148071289062,9511200
2017-12-28,143.86144664035106,144.71606912146305,142.29464310514714,142.72195434570312,5491200
2017-12-29,143.4341317983404,144.00388445161065,141.2975756492067,141.58245849609375,5008200
2018-01-01,141.58245849609375,141.58245849609375,141.58245849609375,141.58245849609375,0
2018-01-02,141.58245849609375,141.58245849609375,141.58245849609375,141.58245849609375,0
2018-01-03,141.58245849609375,141.58245849609375,141.58245849609375,141.58245849609375,0
2018-01-04,143.1492925077684,146.42534162130963,142.57953973304123,146.2829132080078,9368400
2018-01-05,148.56186910714922,150.84086671885808,148.13455786998534,150.69842529296875,14234400
2018-01-08,150.69842529296875,150.69842529296875,150.69842529296875,150.69842529296875,0
2018-01-09,152.4076576198762,157.67783345527903,152.4076576198762,156.9656524658203,17545200
2018-01-10,156.11106105664444,158.10517604734332,155.54130832765668,156.8232421875,12419400
2018-01-11,155.25642685938595,157.9627227783203,153.97449309552084,157.9627227783203,9793800
2018-01-12,158.2475933420864,159.6719553864484,157.5353992794018,159.24464416503906,14280600
2018-01-15,160.8114712778566,163.232897345395,159.2446546690043,159.8144073486328,9671400
2018-01-16,161.5236394858456,163.0904429294382,159.24464198929903,162.6631317138672,9709800
2018-01-17,161.5236246528929,162.52068841116457,160.38413252951256,161.0963134765625,8010000
2018-01-18,164.08751206859225,164.94213452728283,160.09926958120158,160.52658081054688,14081400
2018-01-19,160.95389787734769,163.66020677485454,160.8114694894029,163.0904541015625,8140800
2018-01-22,164.65724553889476,165.93917907758728,163.51774036638875,165.79673767089844,10787400
2018-01-23,167.50601132749205,168.64550365635444,167.0787000741056,167.64845275878906,11992800
2018-01-24,167.2211398797737,168.07576237823844,164.65727238437938,166.08163452148438,9366600
2018-01-25,164.37241521344512,164.94216798163342,160.52661336931376,161.95098876953125,14338200
2018-01-26,163.51774738927682,164.65725261072316,159.81438802083332,160.24169921875,13560600
2018-01-29,159.38709673204096,160.81147191651692,157.67785172687164,159.67196655273438,14596800
2018-01-30,157.6778518974283,158.10516314918283,152.83498669737523,153.4047393798828,20748000
2018-01-31,154.25934347945653,155.5412770817789,151.98034606182694,152.12278747558594,15997200
2018-02-01,152.97744196111506,155.11399841308594,152.12281938032672,155.11399841308594,8563800
2018-02-02,154.11692396334493,154.40180683134045,152.12280908990027,153.119873046875,8880000
2018-02-05,131.7543024347128,132.18161367175455,126.91143740140474,127.76605987548828,74299800
2018-02-06,123.49295943341569,124.20514055044112,117.79547137569635,121.071533203125,45617400
2018-02-07,125.34462773085606,125.48705610921441,119.50469908406792,119.64714050292969,35171400
2018-02-08,119.50472538905828,121.07154221991011,118.08036304892826,120.07447814941406,24265200
2018-02-09,113.66478266946444,114.94671630859375,112.81016024337825,114.94671630859375,27611400
2018-02-12,114.94671630859375,114.94671630859375,114.94671630859375,114.94671630859375,0
2018-02-13,117.08329858473176,117.36816844369862,111.95556288029096,112.24043273925781,22914000
2018-02-14,111.95554774024002,112.81017024207392,108.53705773290446,109.10680389404297,20380800
2018-02-15,109.24924354927795,109.96143112931763,107.8248683891986,108.53705596923828,24643800
2018-02-16,106.40051234778535,109.10681503997404,103.69420965559667,108.82194519042969,33817200
2018-02-19,109.81899262729105,111.10092639336837,109.24924646022967,110.53117370605469,16416600
2018-02-20,109.67655118280778,109.96143404668439,108.2521825051909,109.8189926147461,15205200
2018-02-21,108.96436598662473,110.53116951672187,107.68243226913502,109.53411865234375,21424200
2018-02-22,107.82487012144847,108.67949262312509,106.54293636893355,108.39462280273438,18034800
2018-02-23,108.53705021065313,112.66772100306919,108.25217388970135,111.52822875976562,21214800
2018-02-26,112.95261155012052,113.23748137025488,110.67361386753214,110.81605529785156,16970400
2018-02-27,112.3828588693473,112.66772868948168,110.67361386753214,110.81605529785156,16804800
2018-02-28,111.2433817126207,113.66480811510456,111.10094026288417,112.24043273925781,23364600
2018-03-01,111.10092573804606,111.24336716916045,109.5341221578059,109.96143341064453,13994400
2018-03-02,106.8278010111736,107.68242341926299,105.8307437084865,106.4004898071289,17829600
2018-03-05,105.54587557135895,105.83075190286362,102.69713181706821,103.12444305419922,15749400
2018-03-06,105.26099395751953,107.682426353164,105.11855905904105,105.26099395751953,13761000
2018-03-07,104.26394828109744,105.54588207143881,103.40932575420321,104.12151336669922,13659000
2018-03-08,104.83370139120215,106.97025784972021,104.83370139120215,105.68832397460938,12684600
2018-03-09,105.8307444723232,109.81898023210839,105.40343326519438,108.67948150634766,32975400
2018-03-12,110.24630802869797,110.38874946600936,108.53706294298172,109.39168548583984,13731600
2018-03-13,108.10974350829825,109.81898846495119,106.97024469711228,109.53411865234375,11428200
2018-03-14,107.6824369542739,109.24924707279321,107.39756060901973,108.96437072753906,8796000
2018-03-15,108.53707195463635,108.82194833265939,105.83076918430326,107.68244934082031,12993600
2018-03-16,108.10976064772832,109.53413601759046,107.68244934082031,107.68244934082031,13239000
2018-03-19,106.68537196667138,108.25217545391662,105.2609968615824,105.83074951171875,11838000
2018-03-20,104.40637152614522,106.40049270610253,104.26393662766674,105.26099395751953,12330600
2018-03-21,105.26099395751953,105.26099395751953,105.26099395751953,105.26099395751953,0
2018-03-22,104.97613237872805,105.83075487700738,103.5517572014277,104.40637969970703,15055800
2018-03-23,100.56056434809241,101.4151867264622,99.13619589089323,99.56350708007812,20394600
2018-03-26,98.56646085105156,99.99082946777344,97.42696204552284,99.99082946777344,13871400
2018-03-27,101.27276320004887,103.55175429133023,100.41814072578686,103.12444305419922,13014600
2018-03-28,100.96704923424743,102.83680721061539,100.82322372342216,102.54915618896484,11766600
2018-03-29,103.1244470982219,103.69975562658828,100.82320640084761,101.68617248535156,14280600
2018-03-30,103.1244567464378,104.85038907692211,102.8367991633873,103.84359741210938,13294800
2018-04-02,103.9874129058281,105.28186202913716,102.98062133789062,102.98062133789062,8394000
2018-04-03,101.39851756749331,101.68617513111542,100.67937695039252,101.25469207763672,18871800
2018-04-04,102.1176608643264,102.26148635795721,100.53555409875118,100.82321166992188,11488800
2018-04-05,101.8300044932264,102.26148756311295,100.67938077889255,101.39852142333984,14313600
2018-04-06,101.54234691866566,102.11766206778715,100.96703835345329,101.39852142333984,12442200
2018-04-09,100.39172009987422,100.82320312812023,98.23430495864417,99.24109649658203,15679200
2018-04-10,98.52194695793388,101.82998540148824,97.3713300432342,101.54232788085938,23218200
2018-04-11,101.68618887645646,103.26828923046477,101.5423567832486,102.2614974975586,14346000
2018-04-12,101.39852449491427,101.54234999459685,99.52876666340336,99.67259216308594,12354600
2018-04-13,100.67938042877432,103.41211091782536,100.24789736038828,102.6929702758789,13294800
2018-04-16,102.69296650264643,103.9874156602428,101.83000039758217,102.8367919921875,9120000
2018-04-17,102.40532300685668,102.9806382118686,101.25470576465241,102.2614974975586,8892000
2018-04-18,103.12444776370202,105.13803750184152,102.54913923162306,104.85037994384766,8815200
2018-04-19,105.71335670914317,108.44608074236208,105.56953120757673,107.29546356201172,13225200
2018-04-20,107.15162151266338,107.15162151266338,105.13803834233566,106.43248748779297,12068400
2018-04-23,106.7201483879271,108.30225524079566,105.71335670914317,107.29546356201172,9387000
2018-04-24,107.87077555580744,109.0213993563726,107.15163485746551,108.7337417602539,10099800
2018-04-25,107.43928373744063,108.1584243774414,106.43249210856686,108.1584243774414,11280000
2018-04-26,108.87755616936604,109.16521373616618,107.29545601173774,107.5831069946289,11910000
2018-04-27,108.58989095806376,108.87754190326434,106.57630142211913,107.8707504272461,12837600
2018-04-30,107.8707504272461,107.8707504272461,107.8707504272461,107.8707504272461,0
2018-05-01,106.86398047340298,107.8707721521869,106.43249738479422,107.29546356201172,9487800
2018-05-02,108.15841183461504,108.5898948517958,107.72692881743427,108.01457977294922,6980400
2018-05-03,108.01457977294922,108.01457977294922,108.01457977294922,108.01457977294922,0
2018-05-04,108.01457977294922,108.01457977294922,108.01457977294922,108.01457977294922,0
2018-05-07,107.8707710389168,107.8707710389168,106.28866420237624,107.00780487060547,7315200
2018-05-08,106.57632139289521,108.73373680570685,106.43249589334422,108.30225372314453,9067200
2018-05-09,108.15842473078713,108.3022502256935,106.43249245627408,106.86397552490234,8668200
2018-05-10,106.43249245627408,108.15842473078713,105.85717730883032,106.86397552490234,9448800
2018-05-11,106.86397552490234,107.72694166215886,106.43249245627408,106.86397552490234,10090800
2018-05-14,115.06214104714323,118.22635443591717,113.76769191098354,116.06893920898438,35066400
2018-05-15,116.35658797327514,116.35658797327514,112.18558966969977,113.62387084960938,15768600
2018-05-16,112.76090548687102,113.04855645754142,110.02817517814145,111.61027526855469,17309400
2018-05-17,112.47324541903647,116.64425706771081,112.47324541903647,115.92510986328125,18580200
2018-05-18,116.35659516886291,117.07574238719901,115.92511210498849,116.50042724609375,14297400
2018-05-21,117.21955773252745,122.68501848730375,117.07573882748756,120.81525421142578,30211800
2018-05-22,120.0961335581592,120.38378456809305,117.65105388635432,118.65785217285156,14503800
2018-05-23,117.36338094190144,117.5072130038966,115.0621337890625,115.0621337890625,13676400
2018-05-24,114.343005389159,114.343005389159,109.8843495120167,111.03497314453125,18393600
2018-05-25,111.17880828357912,111.17880828357912,108.15843315192615,108.7337417602539,16286400
2018-05-28,109.59669727087021,110.89114645123482,109.02138871867783,110.45966339111328,11196600
2018-05-29,110.45965335875984,111.17878733770867,108.44606373310465,109.59668731689453,11806200
2018-05-30,107.58310958334336,107.58310958334336,105.85717730883032,106.86397552490234,12052800
2018-05-31,108.01459541823496,108.87756157759212,105.13804594298395,106.72014617919922,20224200
2018-06-01,105.85717703439528,109.16521607993889,105.85717703439528,108.44607543945312,13311600
2018-06-04,110.45965803631964,111.61027508492552,109.16520891870651,111.03497314453125,12339600
2018-06-05,111.3226242978843,112.61707341762714,111.0349733272139,111.61027526855469,10491600
2018-06-06,111.1787971873462,112.61707844048198,110.60349522034626,112.04176330566406,8450400
2018-06-07,113.33621248314087,114.05535969361775,112.04176330566406,112.04176330566406,9568800
2018-06-08,110.89115727137005,111.46647246360746,108.58991625414937,108.7337417602539,16277400
2018-06-11,109.30903717158031,111.75410998361882,109.30903717158031,111.17879486083984,15723600
2018-06-12,112.76090503525649,113.6238711116288,110.74730874517617,112.32942199707031,13506600
2018-06-13,112.76091003417969,113.19239309149438,111.46646086223559,112.76091003417969,7731600
2018-06-14,112.32943268314625,112.32943268314625,110.45966828386014,110.60350036621094,9922800
2018-06-15,111.17880828357912,111.32264037359329,108.58991625414937,108.7337417602539,11146800
2018-06-18,108.15843016092794,108.58991325121899,105.42569953314494,106.00101470947266,8902200
2018-06-19,105.13804672345104,106.14483838887165,103.1244568087005,104.1312484741211,15379200
2018-06-20,103.1244568087005,104.41890605734527,100.82321589463513,104.1312484741211,13866600
2018-06-21,103.12444955517854,104.13124114978389,101.97382588712324,102.8367919921875,16372800
2018-06-22,100.96703716355269,101.54234572198501,99.52876247551735,100.82321166992188,22612200
2018-06-25,100.96701965702455,101.686160168306,98.95343017578125,98.95343017578125,14770800
2018-06-26,98.09048270951035,100.39173014638776,97.22751656665862,100.10407257080078,13990800
2018-06-27,100.5355583290001,101.11086691163976,99.09728358044627,99.67259216308594,7144800
2018-06-28,99.81640851896593,100.82320667624305,98.80961694559754,100.3917236328125,7012800
2018-06-29,100.39172978824094,101.54234691866566,99.38493156923289,101.39852142333984,6114000
2018-07-02,100.96702467239835,102.40529918249729,98.95343509113324,99.0972671508789,9169800
2018-07-03,99.67258483485172,100.24789337519293,96.93986103834489,98.37813568115234,10666800
2018-07-04,98.9534480949788,99.5287632417493,97.80283096925601,98.52196502685547,9803400
2018-07-05,98.37812997649199,98.37812997649199,94.6386082213459,95.0700912475586,19340400
2018-07-06,94.92628969218396,95.93308147913102,94.20714893927313,95.35777282714844,18430800
2018-07-09,95.78924519856771,97.65900304534473,95.78924519856771,97.08369445800781,8461800
2018-07-10,98.52196460678172,100.39172894994998,97.51517298008973,99.52876281738281,9961200
2018-07-11,98.5219692183048,98.66580130307108,96.07690278419088,97.08369445800781,8841600
2018-07-12,97.0836833189473,97.0836833189473,95.07009361843662,95.93305969238281,9924600
2018-07-13,97.3713479011327,99.67258873648737,97.2275158224855,98.52196502685547,15942600
2018-07-16,98.52196502685547,98.52196502685547,98.52196502685547,98.52196502685547,0
2018-07-17,98.37812171710084,99.81639615575581,97.37133026843316,98.95343017578125,11319600
2018-07-18,99.81639615575581,100.53553666703726,98.95343017578125,98.95343017578125,6218400
2018-07-19,99.81641346277898,101.25469473472339,99.52876247551735,100.82321166992188,9040800
2018-07-20,100.24789337519293,100.67937642642605,97.94665262991921,98.37813568115234,11576400
2018-07-23,97.37133937000544,98.09047336459844,96.6521987915039,96.6521987915039,10969800
2018-07-24,97.80283055224848,99.96024588366639,97.51517298008973,99.52876281738281,9137400
2018-07-25,100.53555528356675,101.54234691866566,100.39172978824094,101.39852142333984,8718600
2018-07-26,102.26148083108207,103.4121044696686,100.967031706638,103.26827239990234,13159200
2018-07-27,104.27508276491862,104.85039135963541,103.4121165808887,104.7065658569336,12692400
2018-07-30,103.69977344338673,104.27508865450754,102.26149858340445,102.54915618896484,10141800
2018-07-31,102.98060995497094,103.69974388804766,102.26146943798624,103.12443542480469,11127000
2018-08-01,103.55593192509534,106.57631327291062,102.40530826462467,105.1380386352539,21640200
2018-08-02,104.2750707388634,104.99420475334422,101.398514929214,101.68617248535156,11747400
2018-08-03,101.39852297970413,101.54234847723751,99.52876517613323,100.67938232421875,10537800
2018-08-06,99.52874521836958,100.82319418833143,98.80960470708813,98.95343017578125,9031200
2018-08-07,98.09048455421632,99.24110829429384,96.9398673980481,97.8028335571289,12268200
2018-08-08,98.09047426807899,98.80961485320431,97.37134026686228,98.23430633544922,13330200
2018-08-09,98.23431663666932,98.80962521475342,97.5151759761322,97.8028335571289,8470200
2018-08-10,97.51516904061488,97.51516904061488,95.213928308039,95.50157928466797,14062200
2018-08-13,94.92628578827761,95.0701112993808,92.0497294788447,92.33738708496094,15087000
2018-08-14,92.9126872686611,94.92627716064453,92.62503627259866,94.92627716064453,10203600
2018-08-15,93.9194897422357,94.92628144167757,92.76886595436672,93.7756576538086,13075200
2018-08-16,91.61822509765625,92.04970811473142,90.03612509098623,91.61822509765625,19401000
2018-08-17,92.76886141941218,93.05651899829483,91.76206976918675,92.04972076416016,12708000
2018-08-20,92.33736796178552,93.91947459190399,92.19354248046875,92.19354248046875,7447800
2018-08-21,91.47440868559337,91.47440868559337,89.8923019382188,90.61144256591797,9692400
2018-08-22,90.61144567202072,93.6318271944214,90.32378809429854,93.34416961669922,10240200
2018-08-23,93.48799156404517,93.77564252667871,92.04971041524347,92.19354248046875,10402800
2018-08-24,92.19355165672089,92.19355165672089,90.6114448691314,91.47441101074219,8730600
2018-08-27,92.1935520441338,94.92627597608157,92.1935520441338,94.35096740722656,10632600
2018-08-28,95.50157427377127,96.0768893646605,94.92626576679052,95.0700912475586,8091000
2018-08-29,95.07010075577719,97.37134818167115,95.07010075577719,96.93986511230469,9822600
2018-08-30,97.80283132316877,98.80962295779669,96.65220760937319,97.2275161743164,8117400
2018-08-31,95.7892310631481,99.09726976597103,95.7892310631481,98.66578674316406,14997000
2018-09-03,91.33057689572618,93.05650901606174,88.45402116719741,89.60464477539062,42319200
2018-09-04,89.31700061956204,89.46082612318568,86.44044445972223,87.4472427368164,23044800
2018-09-05,86.72808445164952,88.74167401332222,86.15277596998939,88.1663589477539,25312800
2018-09-06,87.87871175086669,89.02932876331262,87.44722872522235,88.02253723144531,11851200
2018-09-07,87.15957794340716,87.15957794340716,85.72130327429089,86.44043731689453,18681000
2018-09-10,85.43364329774175,86.15278390397518,85.00216025078346,85.2898178100586,13001400
2018-09-11,86.29661828429256,86.44044378679655,85.14599451253217,85.8651351928711,10916400
2018-09-12,85.57747063048816,85.72130270518117,82.26943825509211,83.27622985839844,19213800
2018-09-13,83.56388590908006,84.85833505439847,83.27622834881747,83.99536895751953,10339200
2018-09-14,85.00217009779254,86.58427698122046,84.85834459344802,86.15279388427734,19390800
2018-09-17,86.15279388427734,86.15279388427734,86.15279388427734,86.15279388427734,0
2018-09-18,85.72131041120196,88.16637689387795,85.00216972481573,87.73489379882812,15441600
2018-09-19,88.45401665274554,88.59784212746354,86.58425914577886,86.87191009521484,20212800
2018-09-20,87.01575813489546,88.74169048412374,86.29661746141387,88.45403289794922,17309400
2018-09-21,89.17318184960678,91.04293987354205,89.17318184960678,90.32379913330078,21395400
2018-09-24,90.32379913330078,90.32379913330078,90.32379913330078,90.32379913330078,0
2018-09-25,90.61144256591797,91.33058319361714,89.8923019382188,90.61144256591797,15134400
2018-09-26,90.61144174318973,91.48410408210364,89.59333124253331,91.1932144165039,12478200
2018-09-27,82.75749623353794,83.0483792958757,78.83051497099919,80.28495025634766,83406000
2018-09-28,80.28491926992406,80.86669182794769,77.81237424702667,78.10326385498047,64665000
2018-10-01,78.53961265508131,78.83050232865455,77.23061911082996,77.95783996582031,46484400
2018-10-02,78.39417114723743,80.28493738074978,77.95783996582031,77.95783996582031,45157200
2018-10-03,78.10328133958176,78.685054027844,77.23061897824564,77.37606048583984,22357200
2018-10-04,77.08518145450006,77.23062296961083,75.33985664162749,75.48529815673828,47184600
2018-10-05,74.75806661646361,75.92161854526454,74.61262512207031,74.61262512207031,26104800
2018-10-08,74.61262512207031,74.61262512207031,74.61262512207031,74.61262512207031,0
2018-10-09,73.88542796027552,74.32175924086353,73.01276539909948,73.4490966796875,26353800
2018-10-10,73.30364844042384,74.0308693942473,72.57642748660037,72.86731719970703,24193800
2018-10-11,70.24931412519538,71.55830755609963,69.81298298156062,71.26741790771484,35748600
2018-10-12,70.97653963249482,73.30363700051774,70.83109146969723,73.15819549560547,31583400
2018-10-15,72.72186124448316,73.15819239863428,71.99464043493627,72.28553009033203,18768000
2018-10-16,71.70375381494149,73.30363700051774,71.55831231002922,73.15819549560547,18563400
2018-10-17,73.88540884947264,74.46718817836806,73.30363617846247,73.7399673461914,17823600
2018-10-18,73.59452736577951,74.03085854253732,71.84920265874825,71.99464416503906,14817000
2018-10-19,70.97654574879657,71.4128769590189,70.10388332835187,70.54021453857422,18186000
2018-10-22,70.1038862584689,71.84921117230725,70.1038862584689,71.41287994384766,14616600
2018-10-23,70.83108975329687,71.26742091534568,69.95842742919922,69.95842742919922,14602800
2018-10-24,70.24931945800782,70.97654030523263,69.81298828125,69.81298828125,16273800
2018-10-25,67.92223057285766,68.06767209736003,66.17690564728433,66.46778869628906,25496400
2018-10-26,67.48589018866986,68.06766286566246,65.88600700458353,66.61322784423828,20032800
2018-10-29,66.9041276065817,68.50401119127878,66.9041276065817,67.04957580566406,13884000
2018-10-30,66.46778333452559,69.08577051170016,66.03145213832984,68.50399780273438,15187200
2018-10-31,69.52209929138455,71.12198250778738,68.94032660264054,70.83109283447266,16978200
2018-11-01,69.95842525699926,71.26741870250166,69.37665261162653,70.6856460571289,18216000
2018-11-02,71.26741366609897,73.15818628123989,70.54019957524584,72.72185516357422,22932600
2018-11-05,71.99464348265136,73.44907850543001,71.26742264231936,73.15819549560547,15702600
2018-11-06,73.3036445603501,73.73997577797122,72.28554060519612,72.57642364501953,13292400
2018-11-07,72.72187654833819,73.44909085303765,71.26743462316637,71.70376586914062,19395600
2018-11-08,72.86730805362564,73.88541193488011,72.1400871910807,72.43097686767578,14877000
2018-11-09,72.57641837703055,72.86730805362564,71.99464568172593,72.43097686767578,10183800
2018-11-12,70.97654030523263,71.12198181152344,69.3766571044922,69.81298828125,16835400
2018-11-13,68.35855406665522,69.52209944674337,67.19500202868159,69.23121643066406,19734600
2018-11-14,69.23121262757405,71.558309917801,69.23121262757405,71.12197875976562,14973000
2018-11-15,70.83108755400086,71.41286685725855,70.10387341175617,70.6856460571289,11687400
2018-11-16,71.12199440485314,71.12199440485314,68.64944841279177,68.94033813476562,16896600
2018-11-19,68.21311809225904,68.9403390782023,67.77678683227042,68.35856628417969,17680200
2018-11-20,67.34044272699394,68.35855324468575,67.04955971441233,67.63133239746094,14866800
2018-11-21,66.46777968157615,66.75866934901511,65.01334466015196,66.61322784423828,25899000
2018-11-22,66.90411934917249,66.90411934917249,65.30424261982164,65.4496841430664,14116200
2018-11-23,65.4496841430664,65.4496841430664,65.4496841430664,65.4496841430664,0
2018-11-26,66.0314491967205,67.92222206792795,65.74056618413888,67.63133239746094,14058000
2018-11-27,69.08576743402519,70.10387795171701,68.21310508050956,69.81298828125,13735800
2018-11-28,70.39475562044534,71.26741790771484,69.81298298156062,71.26741790771484,13284000
2018-11-29,71.84920195680643,72.43097463417132,70.83109144906119,70.9765396118164,11361600
2018-11-30,71.70376586914062,71.99465558575227,70.83110337719211,71.70376586914062,11950800
2018-12-03,72.14009624588356,73.44908996803399,71.99465471827341,72.86731719970703,15313800
2018-12-04,73.158204857686,73.158204857686,70.97654871538808,71.41287994384766,15618000
2018-12-05,69.08576673767702,70.10387724510682,68.50399406049236,68.79488372802734,19329000
2018-12-06,68.64944159618796,68.64944159618796,66.90411675342142,67.77677917480469,17758800
2018-12-07,68.50400332875336,68.50400332875336,65.74057441589099,66.46778869628906,17069400
2018-12-10,65.5951218955895,66.03145309812754,63.84979708543736,65.74057006835938,19122600
2018-12-11,65.59512500268767,65.59512500268767,63.55891706631661,63.84980010986328,20359200
2018-12-12,64.14068677309132,66.61323247343545,63.84979708543736,65.74057006835938,19649400
2018-12-13,66.03145138706829,67.7767761519942,65.30423717360624,66.90411376953125,18521400
2018-12-14,66.61323926565436,66.90412232508243,65.15879733696822,66.32234954833984,21217200
2018-12-17,66.03145072596774,67.48589245410133,65.59511953910477,65.8860092163086,16186800
2018-12-18,65.01334917816739,66.61323247343545,64.14068677309132,65.74057006835938,17580000
2018-12-19,65.44968470900002,66.75867840318003,64.72246377071573,66.46778869628906,17126400
2018-12-20,65.59512596552715,65.74057414732154,63.26802829356499,63.55891799926758,23040000
2018-12-21,62.24992155128901,62.97713579648339,60.06826549993409,60.50459671020508,36127800
2018-12-24,60.50459671020508,60.50459671020508,60.50459671020508,60.50459671020508,0
2018-12-25,57.450270804576576,58.613816109485924,56.4321603404246,58.03204345703125,26361000
2018-12-26,58.03204878052669,59.486483874026625,57.15938639284959,58.468379974365234,23005200
2018-12-27,60.65004117703402,61.66814516454733,60.06826842101015,61.377262115478516,27898200
2018-12-28,61.37726185121362,64.28613227669477,61.37726185121362,63.55891799926758,20083200
2018-12-31,63.55891799926758,63.55891799926758,63.55891799926758,63.55891799926758,0
2019-01-04,61.377262971065754,61.66814602418943,58.75927554563479,60.21371078491211,23075400
2019-01-07,62.540788348813976,64.2861127367612,62.10445725182717,62.97711944580078,17112600
2019-01-08,63.70434879612279,65.30423192125652,63.41345913940254,64.57701110839844,18084000
2019-01-09,64.57700719279319,65.15877981307301,63.55890344283233,64.28611755371094,16547400
2019-01-10,63.55890263587734,64.14067524877088,62.686240387594744,63.26801300048828,16085400
2019-01-11,63.70436292731295,65.30424640734007,63.558921395632865,65.15879821777344,18440400
2019-01-15,64.57702456022564,66.61323926565436,63.99525178348305,66.32234954833984,12762600
2019-01-16,66.17689889351243,66.46778191283072,64.28612597851586,65.8860092163086,13285200
2019-01-17,66.6132276978573,67.4858900403712,65.88600685980059,66.03144836425781,11793000
2019-01-18,66.46779107805388,66.61323926565436,65.15879733696822,66.32234954833984,15157200
2019-01-21,67.19500506333655,68.64944018307456,67.19500506333655,67.92222595214844,14011200
2019-01-22,68.06766129151526,68.94032361576546,66.0314469823031,66.17689514160156,12475800
2019-01-23,65.44968848134957,67.1950135075189,65.01335722480724,66.75868225097656,12746400
2019-01-24,65.0133534776067,66.75867840318003,64.57702224621336,66.46778869628906,13894200
2019-01-25,67.34044204823772,68.79488372802734,67.04955903858806,68.79488372802734,13186800
2019-01-28,69.66755911075698,70.68566315083564,68.35856534870447,68.94033813476562,15382800
2019-01-29,68.35855715385841,68.7948883555684,66.75867386162658,67.92222595214844,14784600
2019-01-30,67.19499969482422,67.77677236466181,66.32233736112521,67.19499969482422,14174400
2019-01-31,68.35855406665522,69.81298912070814,68.35855406665522,69.23121643066406,12690600
2019-02-01,69.52211092082678,70.10389036477449,68.64944841279177,68.94033813476562,11437200
2019-02-04,68.64943541947977,69.52209776234555,67.92222123901516,68.21310424804688,13568400
2019-02-05,70.54020456025697,74.61262639363608,69.52209410849846,70.6856460571289,53061000
2019-02-06,70.68566184782951,72.28554530236393,70.24933060185525,71.70376586914062,16856400
2019-02-07,70.6856499441913,71.99464346167632,70.6856499441913,70.9765396118164,14826600
2019-02-08,69.81300503569811,70.24933631717123,66.75868606538633,67.04957580566406,18327600
2019-02-12,67.34044272699394,70.10387795171701,67.34044272699394,69.81298828125,14594400
2019-02-13,70.39476327490036,72.14008803921926,70.24932176383565,71.84920501708984,14860200
2019-02-14,71.55832433977803,72.14009711511488,70.97655156444115,71.70376586914062,9216000
2019-02-15,70.83109898011801,70.9765471583379,69.52210532345535,70.39476776123047,11332200
2019-02-18,71.41286606084968,71.84919720448444,70.68564526883013,71.26741790771484,13779000
2019-02-19,71.70375519653139,71.70375519653139,70.54020981904337,70.83109283447266,9885000
2019-02-20,71.26743462316637,71.99465558575227,71.12199309380377,71.70376586914062,12808800
2019-02-21,71.84920336213149,72.14008637756076,70.54020981904337,70.83109283447266,11587800
2019-02-22,70.6856499441913,70.9765396118164,69.66754609433139,70.9765396118164,12755400
2019-02-25,71.55831298828126,72.86730651855468,71.55831298828126,71.99464416503906,14846400
2019-02-26,72.4309839242913,72.72187362922642,71.12199023891255,71.41287994384766,11698200
2019-02-27,71.12198726624204,71.99464968668673,70.39476636324284,70.54021453857422,10593600
2019-02-28,70.68565378371318,70.8310952964832,68.50399780273438,68.50399780273438,15509400
2019-03-01,68.06767562673062,69.52211092082678,67.63134437271312,68.94033813476562,18574800
2019-03-04,69.95843047241391,71.41287218110212,69.95843047241391,70.83109283447266,12738000
2019-03-05,70.39476096429863,70.83109214105643,69.522098610783,69.81298828125,9235800
2019-03-06,69.522098610783,70.39476096429863,69.23121559820139,69.81298828125,9786000
2019-03-07,69.52210170789591,69.52210170789591,68.06766660653861,68.50399780273438,10919400
2019-03-08,67.63134028116862,67.77678180441337,65.15879443869072,65.4496841430664,17715600
2019-03-11,66.17690564728433,66.61323687867765,65.30424318449765,66.46778869628906,5852400
2019-03-12,67.48590708713718,67.63134862833255,66.61324452419095,67.04957580566406,9616800
2019-03-13,65.44967407875872,65.44967407875872,60.94092097262817,61.5226936340332,33054000
2019-03-14,61.813583293678285,63.122576775253464,61.086362473508146,61.5226936340332,17001600
2019-03-15,61.81358858258694,62.686250978303995,61.52269889805268,61.66814041137695,18636000
2019-03-18,62.10446111681662,63.70434412462958,62.10446111681662,63.26801300048828,12359400
2019-03-19,62.54080121897208,63.849794779307906,61.81358701293142,63.4134635925293,12179400
2019-03-20,62.686231347231924,63.849776405217085,62.54078322157106,63.122562408447266,15618600
2019-03-22,63.704334937439846,63.704334937439846,62.39534175379382,63.122562408447266,10282800
2019-03-25,61.231812373615405,61.522702073162115,59.92281871248429,60.35914993286133,13663200
2019-03-26,61.377261255305726,62.54080675104692,60.940930029931245,62.24992370605469,10829400
2019-03-27,62.10275509121009,62.39707644302467,60.631121385801485,61.6612663269043,17216400
2019-03-28,60.63112614042706,60.63112614042706,59.60098785512587,60.042476654052734,13144200
2019-03-29,61.51409639987221,61.51409639987221,60.77828631382989,61.36693572998047,15535800
2019-04-01,62.249904218498536,64.01585894810133,62.249904218498536,63.72153091430664,13267800
2019-04-02,64.16303133114343,65.3403369450507,64.01587065562398,65.19317626953125,11046000
2019-04-03,64.75168405765208,66.07615027653644,64.45735598570548,65.78182220458984,8482200
2019-04-04,66.07615041957243,67.10628856874015,65.92898301498879,66.51763916015625,9424800
2019-04-05,67.25346239716471,67.69495122414082,66.81197357018861,67.54779052734375,17245200
2019-04-08,67.69493942582456,68.28359558358777,66.66480125461449,66.9591293334961,8241000
2019-04-09,66.66481153588546,67.40062847827778,66.37048341161157,67.1063003540039,5896800
2019-04-10,66.37048341161157,67.1063003540039,66.07616202392245,67.1063003540039,7642800
2019-04-11,66.66480255126953,66.95913063587592,66.07615311864058,66.66480255126953,8211000
2019-04-12,66.81196594238281,67.54778281553101,66.22331648581472,66.81196594238281,14150400
2019-04-15,67.98927935431985,68.28360748449887,67.25346239716471,67.54779052734375,16606200
2019-04-16,67.54778421841158,67.84211232110049,67.10629543267032,67.25345611572266,8097600
2019-04-17,67.84210697272964,70.3438720703125,67.4006182217934,70.3438720703125,21669000
2019-04-18,70.19671280943659,71.81550717425972,70.19671280943659,70.78536224365234,21327000
2019-04-19,71.52117919921875,71.6683398738538,70.63820167824075,71.52117919921875,10077000
2019-04-22,71.6683383231212,71.6683383231212,70.04955072741082,70.3438720703125,12107400
2019-04-23,70.34388692294263,70.49105436205059,68.87225968795907,69.16658782958984,9789600
2019-04-24,69.90237973686837,69.90237973686837,68.13642482362889,68.2835922241211,11323800
2019-04-25,68.43075071771158,68.87223943201938,67.8421013441622,68.57791137695312,11056200
2019-04-26,68.1364296147026,68.1364296147026,66.51764198812884,67.40061950683594,13053000
2019-05-07,66.51764753302588,66.66480821954973,64.01587544261398,64.3102035522461,15663600
2019-05-08,63.28005929439528,63.427226719265384,61.9555928900713,62.102760314941406,14157000
2019-05-09,62.544236308497666,62.83855762479741,61.51409149169922,61.51409149169922,19824600
2019-05-10,61.661271513500076,62.69140980466834,60.92545459890304,62.102760314941406,18826800
2019-05-13,61.21978512549126,61.808434638424195,60.77829630664537,60.92545700073242,12630000
2019-05-14,60.189625358601035,61.51409149169922,59.159487278385704,61.51409149169922,16971000
2019-05-15,61.51409704374621,61.51409704374621,58.71800386703439,59.89530944824219,28065000
2019-05-16,59.4538204424686,59.4538204424686,57.98218678812219,58.423675537109375,21547200
2019-05-17,58.27651486630821,59.012331693481414,58.12935419550705,58.423675537109375,18012000
2019-05-20,57.9821898933028,58.12935730856907,56.216234802780036,56.510562896728516,19901400
2019-05-21,56.21623262876707,56.21623262876707,54.30311693354674,55.48041915893555,19533600
2019-05-22,56.06907098175669,56.80488780709766,55.92190694303012,56.36339569091797,16774200
2019-05-23,55.92191282461462,55.92191282461462,54.30312170153351,54.59744644165039,14892600
2019-05-24,54.30311994795484,55.62758628814886,53.567303068985666,54.89176940917969,15040200
2019-05-27,55.62758599258051,55.774746672958756,54.30311965942383,54.30311965942383,12075000
2019-05-28,54.5974443884724,54.744608437142716,53.86163088170493,54.30311965942383,15360000
2019-05-29,53.86163258129209,54.00879326631396,52.390002153028256,53.272979736328125,15460800
2019-05-30,52.97865023776034,54.45027716550355,52.97865023776034,54.15595245361328,10244400
2019-05-31,53.4201353241536,53.86162404584082,52.389993850786205,52.68431854248047,15856200
2019-06-03,51.94850485434568,52.24282954448328,50.476874667074455,50.62403869628906,19669800
2019-06-04,51.50702456972839,53.56730447466402,51.35986051641435,53.272979736328125,19710000
2019-06-05,54.89176839730949,56.06907403464099,54.45027962538319,55.77474594116211,19803600
2019-06-06,54.45027959162772,54.45027959162772,53.567302048322496,53.7144660949707,13944600
2019-06-07,54.15595561075351,54.744608437142716,53.714466833034614,54.30311965942383,10293600
2019-06-10,54.45027793373165,55.18609477627662,54.303117259856194,54.744606018066406,12285000
2019-06-11,55.333255117652485,55.92190791449284,54.8917663620952,55.48041915893555,9085800
2019-06-12,54.45027997781712,55.33325752738487,54.00879120303323,55.03893280029297,10228800
2019-06-13,54.45028033980208,54.89176911752097,53.567302784364294,54.30311965942383,12366600
2019-06-14,55.03893345863194,55.333258189244354,54.450280629115014,54.89176940917969,13701000
2019-06-17,54.30311649370435,54.45027716550355,53.71446370163195,54.15595245361328,7708800
2019-06-18,53.861629486083984,54.450278928928505,53.56730139636975,53.861629486083984,9865200
2019-06-19,54.4502746474271,56.510557640255904,54.30311398243341,56.069068908691406,15850200
2019-06-20,56.95205166935921,56.95205166935921,55.48042130449289,56.510562896728516,12497400
2019-06-21,58.12935617767249,58.27651685349172,56.363397753214116,56.65772247314453,23764800
2019-06-24,56.2162313409008,57.09920883178711,55.6275819258378,57.09920883178711,8368800
2019-06-25,57.393536907610425,57.835025653053584,56.95204816216727,57.09920883178711,11382600
2019-06-26,56.65772287690346,58.27651726878664,56.216234109715685,57.9821891784668,10813200
2019-06-27,58.42367566390564,59.30665316379633,58.12935432166455,59.15949249267578,11700600
2019-06-28,59.159493905526624,59.89531075186959,59.01233323089158,59.600982666015625,14827800
2019-07-01,61.366943617322605,62.102760534521316,60.77829412551435,61.95559310913086,15809400
2019-07-02,61.21978292851667,62.24992122332725,60.92545481432028,61.95559310913086,9447600
2019-07-03,61.36693572998047,61.808424476239324,60.6311189073545,61.36693572998047,12457800
2019-07-04,61.514098135643096,62.54424306370425,61.366937461598866,62.39707565307617,11026800
2019-07-05,62.54424911638273,62.69140980466834,61.80843220178569,62.102760314941406,7921800
2019-07-08,62.102760314941406,62.397081691512625,61.07261528718865,62.102760314941406,11789400
2019-07-09,62.10275398648311,62.838564089514385,61.366937146868025,61.80842590332031,13953600
2019-07-10,61.219778566467106,61.36693924478751,60.778289794921875,60.778289794921875,9843600
2019-07-11,60.63111877441406,60.77828618056677,60.042469359554154,60.63111877441406,10819200
2019-07-12,61.955592537207636,62.102759961239556,60.042476654052734,60.042476654052734,16578000
2019-07-16,60.04246773910643,60.92544520585799,60.04246773910643,60.336795806884766,9822600
2019-07-17,59.895317299132216,60.189638680575094,59.012339681634366,59.74814987182617,14507400
2019-07-18,59.01233381197179,59.15949448805589,57.0992113399588,57.39353942871094,14568000
2019-07-19,57.099212812488524,58.86516791737563,56.952052132609296,58.57084655761719,13005000
2019-07-22,58.86516170064147,59.60097849549639,58.71800103630385,59.0123291015625,9342000
2019-07-23,59.306650937952305,60.63111713807965,59.15949027235486,60.336795806884766,10202400
2019-07-24,61.366937461598866,62.54424306370425,61.366937461598866,62.39707565307617,16686600
2019-07-25,63.13289249646502,63.13289249646502,62.102754304987705,62.39707565307617,13963200
2019-07-26,61.95559533251124,61.95559533251124,60.48396818188653,60.92545700073242,10711800
2019-07-29,61.36693670453816,61.36693670453816,60.04247044472798,60.48395919799805,10319400
2019-07-30,60.63112887597357,62.10276276318304,60.63112887597357,60.92545700073242,10541400
2019-07-31,60.63111941363235,61.07260816357769,58.865164413850984,59.15949249267578,20865600
2019-08-01,57.98218936972996,59.45382308959961,57.3935399237325,59.45382308959961,15126000
2019-08-02,54.744608354866465,55.774746589134296,53.272977975251194,53.56730270385742,35292000
2019-08-05,52.978652867219,53.12581354632214,51.80134722464167,52.242835998535156,19429200
2019-08-06,50.03538280062105,52.242826258539374,49.74105812899574,51.94850158691406,22759200
2019-08-07,51.94850485434568,52.09566888356029,50.182549976936855,50.62403869628906,22838400
2019-08-08,50.47687879857294,51.06553159532059,49.7410653288573,49.88822937011719,16224000
2019-08-09,50.771208973349495,50.771208973349495,49.888231425986895,50.18255615234375,15538200
2019-08-13,49.15241340930183,49.29957745318806,48.12227520697408,48.26943588256836,22268400
2019-08-14,49.44673601854777,50.03538539228847,49.00524730409644,49.2995719909668,18907800
2019-08-15,47.680786443607346,48.41659992645459,47.38645835583489,48.26943588256836,15610200
2019-08-16,47.53362208988552,47.97511085037453,47.386458046958545,47.6807861328125,14513400
2019-08-19,48.56376472297955,49.005253493188455,48.26943663064561,48.858089447021484,8362800
2019-08-20,48.858089447021484,49.15241417106341,48.56376472297955,48.858089447021484,7903200
2019-08-21,49.00524793865857,49.741061349508186,48.71091987968542,49.152408599853516,9739800
2019-08-22,49.29957888020015,49.446742928346154,48.563765376054256,48.7109260559082,10113600
2019-08-23,49.29957262934009,49.59389732002161,48.71091987968542,49.152408599853516,7635000
2019-08-26,47.975112170196084,48.122276217171624,47.09213462492688,47.38645935058594,16812000
2019-08-27,47.82794647436514,48.71092398919394,47.680785800754954,48.41659927368164,9072600
2019-08-28,47.97511357521122,48.26943830948997,47.82794952392578,47.82794952392578,6008400
2019-08-29,48.41659961086353,48.56376365379051,47.386458046958545,47.6807861328125,11062200
2019-08-30,48.56376373841243,50.03539069707879,48.41659969522902,49.741065979003906,13132800
2019-09-02,49.7410653288573,50.32971812560495,49.44674061462943,49.88822937011719,6981600
2019-09-03,49.74105812729471,50.624035510431845,49.44673345567947,50.476871490478516,6781200
2019-09-04,49.88822937011719,50.182554084345064,49.29957657336954,49.88822937011719,6843600
2019-09-05,50.03539077732975,52.24283458716171,50.03539077732975,51.80134582519531,13188000
2019-09-06,52.831488819823825,52.831488819823825,51.94851127203684,52.242835998535156,11261400
2019-09-09,52.390001503597226,53.714467862128835,52.095676768909804,53.420143127441406,15130800
2019-09-10,54.45027962538319,56.21623471308841,54.30311894693577,55.77474594116211,15796200
2019-09-11,56.95205076378735,58.71800582623037,56.95205076378735,58.129356384277344,21397200
2019-09-12,58.12935183504157,59.306650626811546,57.98218443363275,58.86516189575195,17269800
2019-09-13,59.45381853410295,60.48395666981281,58.276512995732055,60.18962860107422,21657600
2019-09-17,59.159491868972474,61.21977492585761,59.012331199403405,60.63111877441406,14436600
2019-09-18,59.01233391549885,59.15949459184112,57.099211440129615,58.129356384277344,26035800
2019-09-19,58.71800603597442,60.04247233753775,57.83502850159886,57.9821891784668,19127400
2019-09-20,57.835024840849684,58.86516298688913,57.54069676915975,58.71800231933594,12374400
2019-09-24,58.4236834455794,61.21978372537899,57.835033946109036,59.74814987182617,14761200
2019-09-25,58.570850872885444,59.895317299132216,58.4236834455794,59.74814987182617,10552800
2019-09-26,61.219776473578534,63.13289217267718,61.219776473578534,61.80842590332031,25235400
2019-09-27,61.21268428987008,62.106300118919286,60.61694267641986,61.80842590332031,14428800
2019-09-30,61.659488677978516,62.85097865448325,61.3616144794155,61.659488677978516,12459600
2019-10-01,62.25523787733836,62.99992005602061,61.957370460063984,62.10630416870117,12406800
2019-10-02,60.61693948532791,61.808422649504436,60.46799897649532,61.510555267333984,12109800
2019-10-03,59.72333462430456,61.21269226074219,59.57439408823678,61.21269226074219,10060200
2019-10-04,61.06374740600587,61.80842267954124,60.914806897100895,61.06374740600586,9707400
2019-10-07,61.510566515129156,62.255241924473665,60.91481800635522,61.21269226074219,8995800
2019-10-08,61.65948486328125,63.59564998978749,61.65948486328125,62.5531005859375,15621000
2019-10-09,61.51055118208751,63.148842128459364,61.51055118208751,62.5531005859375,11263800
2019-10-10,63.14884239837197,63.595650261609855,62.55310085330377,63.29778289794922,14241000
2019-10-11,64.04247263309529,65.08502909533011,63.89353891752537,64.93608856201172,19865400
2019-10-15,66.72331271721193,68.21267697197068,65.97863740758024,66.12757110595703,25370400
2019-10-16,68.21268473629489,68.51055216695332,66.42545288135047,66.57438659667969,18636600
2019-10-17,66.42544555664062,66.72331295445332,65.8296971255198,66.42544555664062,8046000
2019-10-18,66.42544545177412,67.76586919305825,66.42544545177412,67.31906127929688,10279800
2019-10-21,67.76586856732206,68.36161017425371,67.31906065768642,68.06373596191406,8010000
2019-10-23,68.36159525225239,69.55308502378438,67.46797962803994,69.25521087646484,13386600
2019-10-24,69.55309987549373,71.34033150554713,69.55309987549373,71.19139099121094,13927800
2019-10-25,70.59564953085817,72.53181486144263,70.44671583396632,72.38288116455078,16418400
2019-10-28,72.38288840104359,73.72331226032217,72.38288840104359,72.97863006591797,11508600
2019-10-29,73.72330433226645,75.36160225667712,73.12756273145692,75.21266174316406,16870200
2019-10-30,74.3190389333004,74.46797943278544,72.38287379971744,74.02117156982422,16475400
2019-10-31,75.063720703125,76.25521060591564,74.17010498046875,75.51052856445312,18235200
2019-11-01,71.04245022400902,71.34032440528739,68.06372886446616,70.44670867919922,34749600
2019-11-05,71.19139108475558,72.53181480905693,70.1488415717704,70.29777526855469,23953800
2019-11-06,69.1062997615398,70.89353159315077,68.06374331460115,70.59565734863281,22369200
2019-11-07,70.59565745707988,71.93608133284722,70.14884949849076,71.34033966064453,14392200
2019-11-08,72.53181457519531,72.97862248185514,71.93607297223141,72.53181457519531,15624000
2019-11-11,72.53181510010482,74.02117934491443,72.53181510010482,72.68075561523438,17788800
2019-11-12,72.97862258451185,74.17011260986328,72.53181467722352,74.17011260986328,10068600
2019-11-13,74.02117157313032,74.765846799601,72.53180748469511,73.12755584716797,11388600
2019-11-14,72.97862257421494,73.27649678494767,71.4892651560465,71.63819885253906,9991200
2019-11-15,71.04245715891177,73.12756299590681,70.74458294855602,72.53181457519531,9006600
2019-11-18,73.42543892222812,73.5743794535901,70.89353170205541,71.34033966064453,12298800
2019-11-19,69.25521850585938,69.25521850585938,67.61692074174061,68.36160278320312,19612800
2019-11-20,67.6169286243213,68.80841866601232,67.31906122720933,67.765869140625,13288200
2019-11-21,67.02118706420671,67.76586919305825,66.27650493535519,67.31906127929688,22264200
2019-11-22,67.61692805227842,68.95735178118535,67.61692805227842,68.06373596191406,15803400
2019-11-25,68.95734432572499,69.10628482466564,68.21266910200939,68.36160278320312,9994200
2019-11-26,69.55311599445974,71.0424737587477,69.10630798339844,69.10630798339844,13011000
2019-11-27,69.2552334749246,70.74459106201759,69.2552334749246,70.59565734863281,21155400
2019-11-28,70.89353159315077,71.3403395510535,70.44672363524802,70.59565734863281,8650200
2019-11-29,70.44671607044137,71.19139137514793,69.99990816051837,70.14884185791016,13792200
2019-12-02,68.51053646439686,69.40415218705311,68.06372860306874,68.36160278320312,16556400
2019-12-03,67.46800996645432,68.21269226074219,66.57439394040857,68.21269226074219,12784200
2019-12-04,67.17011288041249,68.65947696333751,66.87224551802501,68.36160278320312,16683600
2019-12-05,69.25524093059356,70.44673121918682,69.25524093059356,69.85098266601562,17428800
2019-12-06,70.29778310411486,71.63820697782307,70.29778310411486,70.59565734863281,17171400
2019-12-09,70.74459117069345,71.93608133284722,70.29778321210433,71.34033966064453,11121600
2019-12-10,71.19139103768785,71.78713945992632,70.29777522207776,70.74458312988281,9862800
2019-12-11,71.48926539450699,72.38288121193833,71.19139118278066,71.93607330322266,13072800
2019-12-12,72.08499935502186,72.38287353515625,71.04244995117188,71.04244995117188,8189400
2019-12-13,73.42542321065746,73.7232973918939,72.82968166593155,73.12755584716797,16438200
2019-12-16,73.27649698139709,73.87223858671209,72.08500695301947,72.38288116455078,8278200
2019-12-17,72.08499935502186,72.38287353515625,70.74457577103749,71.04244995117188,12142200
2019-12-18,70.8935316790551,70.8935316790551,68.36161764195543,68.95735931396484,19693800
2019-12-19,68.80841064453125,69.10628482466564,67.914794921875,68.80841064453125,17142000
2019-12-20,68.95733672914531,69.85095235335775,68.65946939957193,69.25521087646484,17173800
2019-12-23,69.40415954589844,70.14884166631876,68.95735163719577,69.40415954589844,8312400
2019-12-24,69.85098345666782,69.99992400552105,68.5105594234839,69.10630798339844,5172600
2019-12-25,68.51055195897244,68.51055195897244,67.02119435695623,67.46800231933594,11518800
2019-12-26,67.46799435498242,68.51054387154971,67.46799435498242,68.06373596191406,6434400
2019-12-27,67.91480273613578,68.95735225994127,67.91480273613578,68.65948486328125,7796400
2019-12-30,67.76586919305825,67.91480289172948,66.8722533655355,67.31906127929688,7834200
2020-01-06,65.53183695387825,66.87226084508657,64.93608845706447,66.57438659667969,14086200
2020-01-07,66.5743786803102,66.87225289329683,65.82969655671747,66.72331237792969,12790200
2020-01-08,65.53183705978833,65.53183705978833,64.04247263309529,64.93608856201172,16863000
2020-01-09,66.42542973899992,66.57436340244125,65.6807477863011,66.2764892578125,12072600
2020-01-10,67.02118717001373,67.31906138557414,65.68076342661345,66.42544555664062,11422800
2020-01-14,66.72331295445332,67.61692878338684,65.97863764217387,66.42544555664062,9753600
2020-01-15,66.27649715775624,66.27649715775624,64.78713989257812,65.23394775390625,12693000
2020-01-16,65.23394775390625,65.23394775390625,64.34033203125,64.78713989257812,8377800
2020-01-17,65.5318297277071,66.72331295445332,65.2339555121467,66.42544555664062,12632400
2020-01-20,66.42544498269072,67.31906080390294,66.42544498269072,66.72331237792969,6226800
2020-01-21,65.82969670556167,66.42544513288195,64.93608088232895,65.38288879394531,15067800
2020-01-22,64.78714786583893,64.78714786583893,63.89353203320667,64.19140625,13237200
2020-01-23,63.74460206809329,63.89353577634121,62.404178240617604,62.99991989135742,13434600
2020-01-24,63.59564998978749,63.59564998978749,62.255226405803114,62.5531005859375,8618400
2020-01-27,60.31907280879234,60.91481446518533,59.87226486206055,59.87226486206055,12513600
2020-01-28,59.87227203565596,60.61695430868245,58.68078176236338,60.468013763427734,17610600
2020-01-29,60.91480659044464,61.95736287654153,60.7658729000368,61.659488677978516,12900600
2020-01-30,60.46799875648824,61.212680844699634,60.02119086711087,60.765872955322266,11947200
2020-01-31,61.21269226074219,61.659500233448334,60.17014259701072,61.21269226074219,11010600
2020-02-03,59.276519600699,60.76587705997862,58.97864538174396,60.616943359375,14502600
2020-02-04,60.76588428803604,61.510566515129156,60.17014259701072,61.21269226074219,14067000
2020-02-05,62.25523383957187,64.34033971399694,61.212684311233204,63.893531799316406,23076000
2020-02-06,59.27651605521062,60.616939733712265,57.4892844838751,57.936092376708984,37162200
2020-02-07,57.489284167653416,57.489284167653416,54.957370516272505,56.595664978027344,35340600
2020-02-10,55.40417852927381,57.34034378594017,55.10630432911461,56.74460220336914,14783400
2020-02-12,57.48929553242365,58.68077893046698,57.3403549943567,58.08503723144531,15051600
2020-02-13,57.19140625,57.93608829146251,56.744598388671875,57.19140625,13002600
2020-02-14,57.19141003512597,57.936092125874126,56.893535835277234,57.63821792602539,10515600
2020-02-17,57.0424729352016,57.78715161707608,56.44672794437781,57.63821792602539,8198400
2020-02-18,57.04247286840354,57.489284167653416,56.148857087651145,56.595664978027344,10471800
2020-02-19,57.19141364737361,57.48928786603628,56.29779780913339,56.89353942871094,9298200
2020-02-20,57.78715905313102,58.23396700152571,57.04248027543124,57.34035110473633,11603400
2020-02-21,56.74460214422655,58.08502581692481,56.74460214422655,57.63821792602539,11132400
2020-02-25,54.659496557246236,55.55311234193008,54.51056286571472,54.95737075805664,17922000
2020-02-26,54.212688664904306,55.10630444958816,53.61694708103087,54.95737075805664,11262600
2020-02-27,54.5105627053783,54.5105627053783,52.872264832360976,53.31907272338867,18714000
2020-02-28,51.08503716764029,52.27652724057797,50.78716635384284,51.53184509277344,20710200
2020-03-02,50.78716290488215,51.978649488031934,50.04248421652275,50.936100006103516,20126400
2020-03-03,52.42545732272392,52.57439442377455,49.89354705810547,49.89354705810547,17874000
2020-03-04,49.14886852642437,49.89354721629108,48.99993142490155,49.59567642211914,11764200
2020-03-05,50.78716675184612,50.936103864348986,48.40418999617005,48.85099792480469,17092200
2020-03-06,47.65950789481898,47.65950789481898,45.57440551099915,45.872276306152344,18377400
2020-03-09,44.08503717733789,44.23397425387768,41.40419025286045,41.999935150146484,22015800
2020-03-10,40.80845611213568,43.042495804729754,39.914840235098055,42.59568786621094,23167200
2020-03-11,42.74462498200856,44.085048797565,42.446754159287366,42.59568786621094,18406800
2020-03-12,41.10632310339273,42.14887250372257,39.91483320462514,40.06377029418945,19136400
2020-03-13,36.48931111968504,40.51058226626202,36.48931111968504,38.87228775024414,36097200
2020-03-16,40.06377838414262,40.36164921454593,38.12760946433585,38.42548370361328,23032800
2020-03-17,37.23398604570822,40.51057815400894,36.48930741563356,40.06377029418945,30225600
2020-03-18,40.06377402860841,41.85100563447754,38.872287427653575,40.95738983154297,22341000
2020-03-19,42.29781323094092,46.17014721277656,41.4041974344501,44.53185272216797,35412600
2020-03-23,44.68079773164625,45.723347406135105,41.999949867747475,43.04249954223633,22968600
2020-03-24,44.68079357730268,45.1276015130757,43.0424955402189,44.97866439819336,15904800
2020-03-25,47.36163316246188,47.36163316246188,44.97865677271353,46.3190803527832,21834600
2020-03-26,44.53185263494971,45.72333922497929,43.63823684020908,43.93610763549805,15977400
2020-03-27,45.87228015831128,46.46802520751953,44.82972717441533,46.46802520751953,17318400
2020-03-30,43.78717382261773,47.21269989013672,43.78717382261773,47.21269989013672,17216400
2020-03-31,47.21269207325986,48.25524479461986,46.31907642891505,46.616947174072266,13473000
2020-04-01,46.17015101496478,46.9148331792821,44.978664324480704,45.425472259521484,11785800
2020-04-02,44.5318609488592,44.82973179975939,42.297821044921875,42.297821044921875,16831200
2020-04-03,42.744621521511974,43.191429423858345,41.10632701586652,41.55313491821289,15534600
2020-04-06,40.95739710255948,42.893566155596616,39.616973160197084,42.297821044921875,20062200
2020-04-07,43.63824100191909,43.93611182561553,41.70207212570714,43.340370178222656,16338000
2020-04-08,43.04249954223633,43.638244648283056,41.70207561028694,43.04249954223633,13929600
2020-04-09,43.48929990623158,45.5744057079353,43.48929990623158,45.12759780883789,19006800
2020-04-10,46.0212136070327,46.46802150613011,44.829723603523796,45.12759780883789,14237400
2020-04-13,44.0850486410688,44.53185657800151,43.48930358886719,43.48930358886719,7519800
2020-04-14,43.19142902743174,44.97866062041338,42.74462112918633,44.53185272216797,11972400
2020-04-15,44.085049022739135,44.085049022739135,42.297817259535194,42.89356231689453,14058600
2020-04-16,41.85101306413441,42.595691895822064,41.702075934247134,42.297821044921875,12369600
2020-04-17,42.744617463557596,43.93610395374307,42.446746693229585,43.19142532348633,11533200
2020-04-20,42.148876433964745,42.893558542351975,41.999942739386306,42.44675064086914,9333600
2020-04-21,41.25526444515304,41.7020723879444,40.36164855957031,40.36164855957031,14305800
2020-04-22,39.616966411732314,40.063774316409265,39.02122140253844,39.319095611572266,11716800
2020-04-23,39.76590334850809,41.106327056884766,39.76590334850809,41.106327056884766,10505400
2020-04-24,41.40419749497912,42.89355829426571,41.1063266986713,42.14887619018555,15118200
2020-04-27,42.59568384166279,45.425468321208086,42.148875945359514,45.27653121948242,16866000
2020-04-28,45.12759780883789,45.872276504375655,44.53185280708344,45.12759780883789,9618600
2020-04-30,46.61695847975317,48.10631938448973,46.4680247754913,47.51057434082031,17521800
2020-05-01,46.91482920249912,46.91482920249912,45.57440551099915,45.872276306152344,13105800
2020-05-07,44.82972351804033,45.127597722786426,44.233981926295606,44.53185272216797,12310800
2020-05-08,45.42546856763239,45.872276466359516,44.82972356637166,45.574405670166016,10936800
2020-05-11,46.76588822027886,48.99992752075195,46.46801744984026,48.99992752075195,14749200
2020-05-12,48.40419020188745,48.5531273150233,46.765895592889024,47.51057434082031,8751600
2020-05-13,45.12760147539158,46.46802528159132,44.978664360633594,46.021217346191406,13477800
2020-05-14,44.8297273996653,45.425472451866916,43.34036988247231,43.48930358886719,15919800
2020-05-15,44.97866439819336,45.27653521908403,43.638240590874275,44.97866439819336,12610800
2020-05-18,44.97866065807899,45.42546855669856,43.936107758342075,44.085044860839844,11391000
2020-05-19,46.31907642891505,47.21269207325986,46.31907642891505,46.616947174072266,14274000
2020-05-20,47.063762622747866,49.446739196777344,46.91482893047169,49.446739196777344,20495400
2020-05-21,49.14886461040797,50.191414011379784,48.85099043109593,48.99992752075195,10678200
2020-05-22,49.44674317609044,49.44674317609044,47.06376641028674,47.51057434082031,11631000
2020-05-25,48.55312338287326,48.55312338287326,47.06376259875489,47.95737838745117,9577800
2020-05-26,45.57440542293375,47.06376280469551,44.680789630327205,45.27653121948242,47708400
2020-05-27,45.87227601678442,47.95737838745117,45.574405223510226,47.95737838745117,30022200
2020-05-28,48.40418627422031,50.0424841591561,48.40418627422031,49.89354705810547,23908200
2020-05-29,49.14886857640766,49.297802269208226,47.21269989013672,47.21269989013672,16177800
2020-06-01,48.10631568243504,48.404186476909906,46.76589199398756,47.21269989013672,12922200
2020-06-02,48.10631573629372,49.14886863143356,47.65950783964433,48.255252838134766,12657600
2020-06-03,50.19141801046302,50.638225906157786,48.99993142490155,49.59567642211914,17041200
2020-06-04,50.63822963934325,50.78716675184612,48.25525629254115,48.85099792480469,14826000
2020-06-05,49.44673538448141,50.34035110473633,48.85099043468697,50.34035110473633,12224400
2020-06-08,51.38291132723795,51.97865295410156,50.93610340265327,51.97865295410156,17649000
2020-06-09,52.12758646185696,52.27652356271433,50.04248409422226,50.78716278076172,12615600
2020-06-10,50.042487741021,50.78716648182821,49.297805591339845,50.63822937011719,11956200
2020-06-11,48.5531273864188,49.59568036215482,47.06376647949219,47.06376647949219,25680000
2020-06-12,44.97866387075474,47.95738227135388,44.38291882708532,47.51057434082031,29868600
2020-06-15,47.65951182253803,48.999935624505106,46.914833068847656,46.914833068847656,22843200
2020-06-16,49.148872172937985,50.93610388831755,48.99993506036503,50.489295959472656,24759000
2020-06-17,50.489295959472656,50.93610388831755,49.595680101782875,50.489295959472656,17239800
2020-06-18,50.936100109203444,50.936100109203444,49.14886852642437,49.59567642211914,17955000
2020-06-19,49.89355075956077,50.042487871660605,48.70206408938398,49.74461364746094,15774600
2020-06-22,48.553123474121094,49.59567636585063,48.40418637276724,48.553123474121094,14925000
2020-06-23,49.1488684033513,50.78716288050511,48.999931302201425,49.446739196777344,17369400
2020-06-24,50.34035110103581,50.34035110103581,48.70205675031335,48.99992752075195,13792200
2020-06-25,48.2552566112341,48.2552566112341,47.212703634576606,47.65951156616211,12187200
2020-06-26,47.361641076894905,48.106319831749715,46.31908809299897,46.46802520751953,12721800
2020-06-29,46.468021305332464,46.76589210048566,45.57440551099915,45.872276306152344,14238600
2020-06-30,47.36163693639138,47.95737852464401,46.02121324951237,46.17014694213867,13269600
2020-07-01,47.06376282350525,47.65950782177229,46.46802123411194,46.765892028808594,16884000
2020-07-02,46.170150906283276,47.51057470825035,45.87228008658193,46.914833068847656,17796000
2020-07-03,47.65950407204218,48.10631193337031,46.914825439453125,47.36163330078125,12027600
2020-07-06,47.6595076837454,48.702060575474945,47.51057058239155,48.553123474121094,11208600
2020-07-07,48.55311966065733,49.59567247050259,48.55311966065733,48.99992752075195,13430400
2020-07-08,48.70206048394721,48.9999312772214,47.80844469525093,47.95737838745117,10256400
2020-07-09,47.808444923557474,47.808444923557474,46.31908413232675,46.765892028808594,12659400
2020-07-10,46.4680212155403,46.4680212155403,45.12759752663048,45.27653121948242,15721200
2020-07-13,45.87227979927529,47.21270359284704,45.425471868084706,47.06376647949219,16066800
2020-07-14,46.914825439453125,47.65950407204218,46.021209716796875,47.36163330078125,9929400
2020-07-15,47.80844843038464,49.14887221815243,47.659511317674664,48.40419006347656,14756400
2020-07-16,49.1488684033513,50.34035498592919,48.85099420105155,49.446739196777344,15061800
2020-07-17,49.44673551735468,49.595672607421875,48.40418270463124,48.702056884765625,12160800
2020-07-20,48.10631918003828,48.85099792480469,47.212703322768995,48.85099792480469,13936200
2020-07-21,48.85099432337872,49.74461011476825,47.957378531989185,49.59567642211914,12873000
2020-07-22,49.893551492483155,50.04248860677083,46.914833068847656,46.914833068847656,18983400
2020-07-27,46.31908413232675,46.765892028808594,46.021213337630094,46.765892028808594,7885200
2020-07-28,46.91483277501132,47.361640706201904,46.468024843820736,47.06376647949219,9096000
2020-07-29,46.76589226381375,46.76589226381375,45.574405670166016,45.574405670166016,9247200
2020-07-30,45.42547256644791,45.42547256644791,43.48930369856439,43.638240814208984,13188600
2020-07-31,43.34036619316431,43.48929988688135,41.999942496468506,42.14887619018555,14403600
2020-08-03,42.446746693229585,44.08504104334379,42.446746693229585,43.19142532348633,17231400
2020-08-04,43.34036594141739,45.57440542293375,42.89355804511412,45.27653121948242,20010600
2020-08-05,45.12759759775444,45.12759759775444,44.085044701779104,44.38291549682617,15903000
2020-08-06,45.12759780883789,46.319084403473056,44.68078990974049,45.12759780883789,16952400
2020-08-07,44.23398212510712,44.23398212510712,43.191429221557456,43.787174224853516,16150800
2020-08-11,44.68079339890253,47.212703888549,44.68079339890253,46.914833068847656,19666200
2020-08-12,47.21269621071406,47.65950407204218,46.31908048805781,47.36163330078125,11841600
2020-08-13,48.10631938448973,48.25525649762558,47.06376641028674,47.51057434082031,11819400
2020-08-14,48.10631975652706,48.10631975652706,46.616958840272304,46.914833068847656,8182800
2020-08-17,46.76588821280643,47.21269607282965,46.0212095823922,46.3190803527832,7325400
2020-08-18,46.02121335514175,46.17014704810988,44.68078966518616,44.8297233581543,13011000
2020-08-19,44.82972340980557,46.17014710130554,44.68078971666583,45.872276306152344,9951000
2020-08-20,45.425468286460784,46.61695487273354,45.27653118484905,45.72333908081055,10013400
2020-08-21,46.02121727283185,47.06376684785377,46.02121727283185,46.46802520751953,7741800
2020-08-24,46.31908414995174,46.31908414995174,44.68078966518616,44.8297233581543,13558800
2020-08-25,46.02120568375783,47.36162915027505,46.02120568375783,46.616947174072266,15096600
2020-08-26,46.765891939265025,46.91482904076504,46.02121324951237,46.17014694213867,5956800
2020-08-27,46.319084078383774,46.319084078383774,45.57440538807253,45.72333908081055,5332200
2020-08-28,45.87227618242228,46.91482907595701,45.425468286460784,45.72333908081055,17655000
2020-08-31,46.46802520751953,47.361641076894905,46.46802520751953,46.46802520751953,14149200
2020-09-01,45.72334311667545,46.616958987475286,45.72334311667545,46.021217346191406,8683800
2020-09-02,46.46802146762025,46.46802146762025,45.42546856763239,45.574405670166016,7006200
2020-09-03,45.57440937415975,46.319088129603045,45.425472259521484,45.425472259521484,8133000
2020-09-04,44.82972724587562,46.021217346191406,44.82972724587562,46.021217346191406,9093600
2020-09-07,45.87228023143343,46.76589610223326,45.72334311667545,46.021217346191406,11164800
2020-09-08,46.021217346191406,46.616958987475286,45.276535181275534,46.021217346191406,7744800
2020-09-09,45.57440937415975,45.723343079924,44.978664324480704,45.425472259521484,8617200
2020-09-10,45.72333152972745,46.765884251087456,45.574397861585425,46.616947174072266,11091000
2020-09-11,46.616947174072266,47.063754996244676,45.872268606742644,46.616947174072266,12877200
2020-09-14,47.212703565624324,48.25525654075921,47.06376645235534,48.106319427490234,13920000
2020-09-15,47.51057478254146,47.51057478254146,46.1701509784784,46.46802520751953,15564600
2020-09-16,46.76589602768665,46.91483314220722,46.02121727283185,46.46802520751953,13699200
2020-09-17,46.31908436508663,46.76589226381375,45.27653146509878,45.574405670166016,12914400
2020-09-18,45.872276466359516,46.02121356889313,45.1275977714389,45.574405670166016,33973800
2020-09-23,44.82972356637166,45.872276466359516,44.82972356637166,45.574405670166016,9713400
2020-09-24,45.42547256644791,45.42547256644791,43.638240814208984,43.638240814208984,21216000
2020-09-25,44.53185263494971,44.53185263494971,43.48929973812774,43.93610763549805,11789400
2020-09-28,44.53185638943992,45.425472259521484,43.93611133976087,45.425472259521484,15097200
2020-09-29,45.5744057079353,45.872276504375655,44.829723603523796,45.12759780883789,11565600
2020-09-30,44.531848903272525,44.829719673600536,43.19142532348633,43.19142532348633,18677400
2020-10-02,44.085048797565,44.233985913362616,42.297817043489744,42.59568786621094,17929200
2020-10-05,43.191432767203395,44.382919462732595,43.191432767203395,43.48930358886719,12610200
2020-10-06,43.93610780532899,45.42546860527825,43.93610780532899,45.12759780883789,22597800
2020-10-07,44.08504494525172,44.97866074420191,43.93610784246877,44.680789947509766,10209600
2020-10-08,45.12759756183802,46.616954944761744,44.5318525633443,44.8297233581543,23040000
2020-10-09,44.97866049579404,45.42546839280151,44.2339818037395,44.38291549682617,12245400
2020-10-12,44.23398183966074,44.53185263494971,43.48929973812774,43.93610763549805,10714200
2020-10-13,44.08504498327025,44.531852883130675,43.489299980498444,44.23398208618164,8459400
2020-10-14,43.63824108193815,43.63824108193815,42.59568808377783,42.89356231689453,16226400
2020-10-15,43.34036241308706,43.63823318341506,42.893554553158324,43.19142532348633,11408400
2020-10-16,42.89355862525202,42.89355862525202,41.2552607107328,41.55313491821289,18560400
2020-10-19,41.999942739386306,42.893558542351975,41.999942739386306,42.44675064086914,16452600
2020-10-20,41.70206832885742,42.148876228158564,41.40419753228124,41.70206832885742,11856000
2020-10-21,41.55313097337212,43.48929609381434,41.55313097337212,43.19142532348633,13860600
2020-10-22,42.744625121955735,43.93611182561553,42.744625121955735,43.340370178222656,9923400
2020-10-23,43.787174224853516,44.23398212510712,43.042492118515,43.787174224853516,8539200
2020-10-26,44.38291549682617,44.829723393833646,44.2339818037395,44.38291549682617,10419000
2020-10-27,43.48929973812774,44.085044737579395,43.191428942838776,43.93610763549805,8493000
2020-10-28,43.042499876609526,43.191437006496805,41.85101306413441,42.297821044921875,13434000
2020-10-29,41.5531345975699,42.297813292776326,41.1063266986713,42.14887619018555,10743600
2020-10-30,42.29781353594482,42.29781353594482,40.6595190335227,40.95738983154297,16558200
2020-11-02,41.40419749497912,42.595684089084145,41.255260392388344,42.14887619018555,15910800
2020-11-04,50.48929892037953,54.06376256076038,49.893553844024666,53.914825439453125,130116600
2020-11-05,52.72332737995085,56.14885316382601,51.97864534211502,55.55310821533203,66192000
2020-11-06,55.106307752230514,57.34034734783105,55.106307752230514,56.89353942871094,33001800
2020-11-09,57.191413704675576,60.021194922688906,56.7446057851078,58.531837463378906,39142800
2020-11-10,60.31906873012805,61.51055878009588,58.97864498056965,59.57438659667969,32773200
2020-11-11,60.02119857172174,60.91481446518533,58.97864896859696,59.87226486206055,20238600
2020-11-12,58.82970748791179,60.17013115104587,58.382899600200425,60.02119064331055,20515800
2020-11-13,59.42545330251446,59.42545330251446,57.63822162424335,58.531837463378906,19451400
2020-11-16,59.27652320566756,60.31907280879234,59.12758267825815,59.87226486206055,16928400
2020-11-17,61.3616144794155,61.659488677978516,60.319065011065945,61.659488677978516,19640400
2020-11-18,60.91480308781542,62.702034540932225,60.616935724127245,61.957359313964844,18363600
2020-11-19,61.51055913900685,62.10630075859301,58.53183740558046,58.97864532470703,25841400
2020-11-20,58.82970375283038,61.06374304954867,58.53182957401899,60.91480255126953,18612000
2020-11-24,62.10630400637363,63.74460206809329,61.80842977212965,62.99991989135742,15549000
2020-11-25,63.89353203320667,65.23395578215506,63.89353203320667,64.19140625,21419400
2020-11-26,63.1488499000972,64.3403399495228,62.70204198378107,64.19140625,13947000
2020-11-27,64.19140577783743,64.48927317469204,63.148849435603196,63.59565734863281,14575200
2020-11-30,64.04246619749291,64.19140671584432,60.468002841023576,60.616943359375,18544200
2020-12-01,61.3616178846772,63.14884953974302,60.914809970910746,62.70204162597656,16542600
2020-12-02,65.68076332292259,68.21267710681963,65.53182962425136,67.31906127929688,40459800
2020-12-03,68.51054382324219,70.29777546052458,67.31906061021903,68.51054382324219,34009800
2020-12-04,67.76586124068126,69.25521850585938,67.46798706054688,68.80841064453125,14952000
2020-12-07,69.2552266330136,69.40416033168484,66.8722533655355,67.31906127929688,13471800
2020-12-08,66.87224551802501,67.914794921875,66.42543765669689,67.02117919921875,14016600
2020-12-09,67.02120165919594,69.99992400552105,67.02120165919594,69.10630798339844,16770600
2020-12-10,69.40414454125153,70.59563431278352,69.25521087646484,69.25521087646484,10132200
2020-12-11,69.25524171450247,69.70204972556378,68.36162569237986,69.10630798339844,8783400
2020-12-14,68.80841064453125,71.4892578125,68.80841064453125,71.04244995117188,12868200
2020-12-15,70.89353159315077,71.63820697782307,69.99991567734529,70.59565734863281,10802400
2020-12-16,71.63819176368162,72.53180748970571,71.04245021891455,71.7871322631836,11952600
2020-12-17,72.08501493572581,72.38288918024377,70.44672363524802,70.59565734863281,9940800
2020-12-18,70.89353170205541,72.23395557782275,70.59565745707988,71.34033966064453,13971000
2020-12-21,71.48926529607175,71.9360732041722,70.1488415717704,70.29777526855469,10982400
2020-12-22,69.40415954589844,70.29777536330377,68.80841794021076,69.40415954589844,11349600
2020-12-23,69.55310030590728,69.85096770092771,66.42544493395906,67.17012023925781,13789800
2020-12-24,68.36160304911765,70.5956423644483,68.36160304911765,69.55309295654297,15780600
2020-12-25,69.99990787498614,70.29777526855469,69.25522575556951,70.29777526855469,7370400
2020-12-28,70.5956346683702,70.89350881719011,69.40414489083675,69.99989318847656,7893000
2020-12-29,70.29777513086319,71.93607306327179,70.14884143437062,71.63819885253906,11142000
2020-12-30,70.89352364431623,71.34033155212128,69.7020336175869,70.74458312988281,10573200
2021-01-04,71.19139182362996,71.19139182362996,68.21267695054351,68.65948486328125,11629200
2021-01-05,67.46800967025725,69.55311599445974,67.46800967025725,69.10630798339844,11571600
2021-01-06,69.10628509006698,70.59564236096493,68.95734459055433,70.44670867919922,13117200
2021-01-07,71.34033878307635,74.17012021341503,71.19139825354652,72.97863006591797,27486600
2021-01-08,73.57436343794689,73.57436343794689,72.38287353515625,73.2764892578125,11265600
2021-01-12,72.38288111774469,73.1275632372176,71.93607320961046,72.8296890258789,11680200
2021-01-13,72.53181431289983,75.95734385748665,72.23394692136885,75.21266174316406,16969800
2021-01-14,74.46798672944715,75.95734414600192,74.17011251903716,75.06372833251953,13609200
2021-01-15,75.21266997540295,76.40416012518153,74.31905406750607,74.91480255126953,14427000
2021-01-18,73.72330503507591,73.8722387322612,72.82968921646892,73.57437133789062,7925400
2021-01-19,73.87223820395968,74.46798662393556,73.12756290561121,73.42543029785156,7255200
2021-01-20,74.02117924719411,74.1701129443794,72.53181500435072,73.57437133789062,8768400
2021-01-21,74.17012021341503,74.61692816650789,72.97863006591797,72.97863006591797,8829600
2021-01-22,72.53181466698965,72.53181466698965,71.34033145955394,71.63819885253906,10416000
2021-01-25,72.08500666853548,72.82968878555106,71.19139085521584,72.53181457519531,9155400
2021-01-26,73.12756328450524,73.87223858671209,72.08500695301947,72.38288116455078,11090400
2021-01-27,72.53182211282511,74.02118650163351,72.23395468926206,72.97863006591797,10977000
2021-01-28,71.48926526234848,75.95734434124527,71.34033156563447,75.80841064453125,24762000
2021-01-29,75.21266983138227,75.51054407269362,72.53182211282511,72.97863006591797,15169800
2021-02-01,72.82968898601753,76.10627803795929,72.82968898601753,75.80841064453125,14062800
2021-02-02,76.10628495886257,79.08500688825335,75.65947701034136,78.19139099121094,19486800
2021-02-03,78.93605777388439,83.10626220703125,78.63818359375,82.65945434570312,34275000
2021-02-04,81.61690494185314,83.10626220703125,81.31903076171875,81.76583862304688,14161200
2021-02-05,82.65946201656176,83.40414412713132,81.46797200319998,82.21265411376953,14367000
2021-02-08,82.36158756455322,82.510528076874,80.27648856953759,81.91477966308594,19717800
2021-02-09,84.14881991648393,84.29776043012521,75.36160232155177,77.29776763916016,37690800
2021-02-10,77.29776752795625,77.89350912842156,75.65946960449219,75.65946960449219,14520000
2021-02-12,75.65946196855211,75.65946196855211,73.27648898944513,73.87223052978516,17026800
2021-02-15,75.0637362393466,75.80841843493876,72.97863018233753,73.72331237792969,13163400
2021-02-16,74.02118655239977,75.95735207788061,73.4254380693685,75.36161041259766,13438800
2021-02-17,75.36160958982605,78.63819893973215,75.21266906182015,78.19139099121094,16276200
2021-02-18,78.34033269517275,78.63820696383084,76.10629272460938,76.10629272460938,15476400
2021-02-19,75.65947002824186,76.10627793553019,73.42543049180018,74.17011260986328,10791000
2021-02-22,76.40415919712612,79.08500688825335,75.80841753834726,78.19139099121094,18191400
2021-02-24,78.3403091415145,79.38286535949027,77.74456760106183,77.89350128173828,11949600
2021-02-25,79.82967322241137,79.97860690309368,78.48924964302991,78.78711700439453,9288000
2021-02-26,77.44669369095936,78.04244205122814,76.25521060591564,76.40414428710938,13223400
2021-03-01,76.85096714564732,78.63819893973215,76.40415919712612,78.19139099121094,7741200
2021-03-02,78.93607287610412,79.53181453260457,77.59564903566697,78.34032440185547,10295400
2021-03-03,78.63819872196103,81.31904640566424,78.04245706483194,80.72330474853516,12399600
2021-03-04,80.4254147628875,80.5743484435698,77.74456760412458,78.78711700439453,10194000
2021-03-05,79.3828807803425,79.97862243652344,78.63819859680517,79.97862243652344,10941000
2021-03-08,81.02117199756893,82.95734431021964,80.57436405122618,81.6169204711914,16317600
2021-03-09,82.80839538574219,83.70201118781044,81.6169121948162,82.80839538574219,11587200
2021-03-10,83.10626959234745,83.10626959234745,81.76584588924507,82.80839538574219,7957800
2021-03-11,83.10627784849427,83.9998937393383,81.91478772145285,82.51053619384766,10953600
2021-03-12,82.65946990307226,82.65946990307226,81.02117183060882,82.51053619384766,13706400
2021-03-15,83.40415183375433,85.48925102761817,82.80840336315194,83.85095977783203,14213400
2021-03-16,83.85095202992353,84.59562732274556,81.9147799059922,82.21265411376953,11782200
2021-03-17,81.61692030300364,82.80840361229687,81.31904606680622,82.51053619384766,8702400
2021-03-18,83.70201106932493,84.8935010763118,83.25520316892327,84.14881896972656,11101200
2021-03-19,83.40414392237031,84.74456762745619,82.06372021728444,84.44669342041016,14707800
2021-03-22,83.70201941829214,83.85095994511394,82.21266187431125,82.95734405517578,14600400
2021-03-23,82.65946985601069,83.25521151031813,81.170112311368,81.31904602050781,10954200
2021-03-24,80.12755636599167,80.57436431379041,76.85096702138364,77.44670867919922,12597000
2021-03-25,77.59563418990001,80.57434872025624,77.59563418990001,79.53179931640625,9100200
2021-03-26,80.57436409270437,81.02117203927713,79.3828807803425,79.97862243652344,7399800
2021-03-29,81.46798011550946,81.6169206431029,79.97862256381264,80.72330474853516,10355400
2021-03-30,81.0211643811654,82.51052860746552,80.42542278129389,82.063720703125,6957000
2021-03-31,81.91478003198809,82.21265424022359,80.42542262630569,80.87223052978516,8298000
2021-04-01,81.76584637959799,82.21265428331164,80.276488973135,80.42542266845703,6969600
2021-04-02,81.17010437247215,82.36158756455322,80.5743559586841,81.91477966308594,8167200
2021-04-05,82.65946217511144,83.40414428710938,81.61691267251237,83.40414428710938,6535200
2021-04-06,83.10627801975116,83.4041522565624,81.02117199756893,81.6169204711914,8416800
2021-04-07,81.61690494185314,82.36158016556874,80.72328921919689,81.76583862304688,6793200
2021-04-08,81.3190462762417,81.3190462762417,78.78713230641335,79.97862243652344,10129200
2021-04-09,79.82967377015267,80.4254153147164,78.78711754498246,78.9360580444336,10543200
2021-04-12,79.38286590729312,80.12754113356107,78.63818386327826,78.9360580444336,6294600
2021-04-13,78.93606509920906,82.21265411376953,78.78712458644662,82.21265411376953,13527000
2021-04-14,80.87223068563442,82.36158809418697,80.42542278129389,82.063720703125,8596800
2021-04-15,82.51052066450939,83.70200374955311,82.212646484375,82.65945434570312,6738000
2021-04-16,83.25521151031813,83.25521151031813,80.87223807534019,81.31904602050781,8079600
2021-04-19,81.46798011550946,81.46798011550946,80.12755627365785,80.72330474853516,5434200
2021-04-20,80.27648914620923,80.27648914620923,78.04244962282445,78.63819122314453,10405800
2021-04-21,76.7020261714365,77.44670146994963,75.51053614896887,75.95734405517578,11004600
2021-04-22,77.44670166760112,78.34031748229555,76.25521845984028,76.7020263671875,5246400
2021-04-23,75.95733642578125,76.10627010697499,75.063720703125,75.51052856445312,4784400
2021-04-26,76.25522553583637,76.85096719499779,75.36160963822013,76.55309295654297,6706800
2021-04-27,77.14884125916554,78.78713252259544,76.99990073140047,77.44670867919922,7107600
2021-04-28,80.42542972666695,84.14882697846696,80.12755549213361,83.55308532714844,28299600
2021-04-30,84.14882719538505,84.89350937476395,82.80840336315194,83.85095977783203,14094000
2021-05-06,84.44670079124488,88.02116431680021,84.29776708359611,87.42542266845703,19663200
2021-05-07,88.02115614146516,88.31903034684449,86.23392454468414,86.82966613769531,9154200
2021-05-10,87.42541499889329,89.06370609255183,87.42541499889329,87.87222290039062,12526200
2021-05-11,86.38286628227434,88.02116433779398,85.34031669298807,85.78712463378906,7597200
2021-05-12,85.34029376253169,86.08497573635752,83.1062546588005,83.99987030029297,8768400
2021-05-13,83.404158686243,86.38287401299361,83.404158686243,84.59564208984375,9249000
2021-05-14,85.7871175006562,86.53179961265414,81.76584636781294,83.40414428710938,11434800
2021-05-17,77.44671043055868,77.59565096169186,68.65949180363707,70.59565734863281,39640800
2021-05-18,71.48926558293623,73.42543091989153,69.70203394336282,72.68075561523438,23934600
2021-05-19,70.59564967265419,70.74458336984517,68.3616101260512,68.51054382324219,21650400
2021-05-20,68.51055135552069,69.9999157621668,68.36161764195543,68.95735931396484,10926000
2021-05-21,68.80841064453125,69.25521850585938,67.17011288041249,67.914794921875,11942400
2021-05-24,67.61692852172807,68.95735225994127,67.61692852172807,68.65948486328125,5946600
2021-05-25,69.55311520717915,70.59566494860505,68.65949919517149,69.85098266601562,12043800
2021-05-26,68.80841091218377,69.55309295654297,68.5105367308907,69.55309295654297,6786600
2021-05-27,68.95735173256278,69.55310015682201,68.06373591392159,68.51054382324219,8605200
2021-05-28,70.59564208984375,71.19138363236561,69.85096004838124,71.04244995117188,12250200
2021-05-31,70.7445912580558,71.04246550339919,68.9573594214923,69.70204162597656,9281400
2021-06-01,70.29776817968657,71.19138390577473,69.85096031664249,70.44670867919922,6063600
2021-06-02,70.74457604273066,71.63819176881881,69.99990081615513,70.44670867919922,8563800
2021-06-03,69.85097514621212,70.74459106201759,69.70204143282733,70.59565734863281,6006600
2021-06-04,70.14883422851562,71.19138363236561,69.10628482466564,71.04244995117188,7714200
2021-06-07,71.34032440017155,72.08499962669366,70.74457603765754,71.7871322631836,8921400
2021-06-08,70.74458303808848,71.93607306327179,70.29777513086319,71.63819885253906,7618800
2021-06-09,72.08499935502186,72.53180721634999,71.04244995117188,71.04244995117188,4234800
2021-06-10,69.99990787498614,70.44671578308657,69.55309996688568,70.29777526855469,7158600
2021-06-11,70.5956423644483,70.5956423644483,69.10628509347684,69.55309295654297,9101400
2021-06-14,70.744583274065,72.085007000212,70.744583274065,71.93607330322266,11873400
2021-06-15,71.4892578125,71.78713199263439,71.19138363236561,71.4892578125,6556800
2021-06-16,71.48926530147622,73.27649693401314,71.3403316046807,72.8296890258789,8479800
2021-06-17,72.82968883135106,72.82968883135106,71.04245720358784,72.08500671386719,6598800
2021-06-18,71.48926529607175,71.78713950738792,70.1488415717704,70.29777526855469,9153600
2021-06-21,69.10628482466564,69.10628482466564,67.17011288041249,67.914794921875,12763200
2021-06-22,69.8509527051935,70.89350881719011,69.25521122529987,69.99989318847656,11181600
2021-06-23,70.89351626997814,71.63819149369374,70.14883422851562,71.4892578125,9428400
2021-06-24,71.63819904459632,72.97862276986578,71.63819904459632,72.38288116455078,14047800
2021-06-25,74.02118655239977,76.70203427279554,73.87224602276778,75.36161041259766,18130800
2021-06-28,75.95734424902628,77.29776797106791,75.51053634167906,76.7020263671875,10014000
2021-06-29,75.51052856445312,75.65946224564686,74.02117129927501,75.51052856445312,10608600
2021-06-30,75.6594772678651,78.34032496811719,75.51054355710052,76.85096740722656,13997400
2021-07-01,78.19137573242188,78.48924991255626,75.95733642578125,76.40414428710938,9736800
2021-07-02,76.10628495886257,78.34032470146859,76.10628495886257,78.19139099121094,9863400
2021-07-05,79.53180666149693,82.5105282846973,79.38287296654855,79.68074035644531,17548200
2021-07-06,79.97861456408961,82.06372038210462,79.53180666149693,79.68074035644531,10295400
2021-07-07,78.19137600041873,79.68073327070152,77.74456813755918,78.9360580444336,11028000
2021-07-08,79.23393245385263,81.31903827186765,79.08499875890425,79.68074035644531,11890200
2021-07-09,78.19138334245922,81.4679723718464,78.04244964677038,81.17010498046875,13567200
2021-07-12,81.91478006311351,83.9998858860592,81.76584636781294,83.40414428710938,12612600
2021-07-13,83.40414368088882,84.5956268701282,83.40414368088882,84.14881896972656,7257000
2021-07-14,83.55308554253084,84.14882719538505,82.65946965437543,83.85095977783203,6951600
2021-07-15,82.65946990307226,82.80840361229687,81.31904606680622,82.51053619384766,7922400
2021-07-16,82.65946217511144,84.44669378970845,82.65946217511144,83.40414428710938,11832600
2021-07-19,82.06372058798961,82.06372058798961,79.68074055635176,80.42542266845703,11957400
2021-07-20,78.93608061896472,79.68075605819863,78.04246463768493,79.08501434326172,10056000
2021-07-21,81.4679799858499,82.3615958789954,79.97862243652344,79.97862243652344,13059600
2021-07-26,81.46797228550592,83.10627020733702,81.17010489444395,82.063720703125,12115800
2021-07-27,83.40415183375433,86.23393320699707,83.10627759845313,83.85095977783203,24094800
2021-07-28,82.95733614155951,84.59562723833119,82.80839562894569,83.10626983642578,9297000
2021-07-29,83.70201143363845,83.70201143363845,81.91477982425295,83.10626983642578,7737600
2021-07-30,83.10627776424941,83.85095994511394,82.80840352835396,82.95734405517578,8197800
2021-08-02,83.10626967580694,85.34030918322111,82.21265387284129,84.89350128173828,11623800
2021-08-03,83.85096666703046,84.74458262860539,83.5530924072559,84.59564208984375,6270600
2021-08-04,84.44669329544982,84.5956269898787,82.65946169131331,82.80839538574219,8093400
2021-08-05,82.51052832154686,83.25520361436888,82.06372041875464,82.21265411376953,7693200
2021-08-06,87.42541411490491,96.80837995147444,86.68073201402325,95.61688995361328,68100000
2021-08-10,95.02114860803866,97.85092969027383,93.8296586071119,95.91476440429688,33855000
2021-08-11,96.510498046875,97.85092163085938,95.02114078169689,97.40411376953125,17242200
2021-08-12,97.85092135441951,98.74453707455119,94.7232663339586,95.76581573486328,17872800
2021-08-13,94.42540049975729,94.42540049975729,92.0424273080536,92.34030151367188,17662800
2021-08-16,91.44668569848581,91.44668569848581,88.76583830163523,89.36157989501953,21499200
2021-08-17,89.80838795097506,89.95732164514376,87.27647424362212,87.57434844970703,14844000
2021-08-18,88.1700897792571,90.99987768419398,86.82966608252306,90.7020034790039,11255400
2021-08-19,89.21264672912369,89.95732202082462,86.23392510907736,86.53179931640625,15292800
2021-08-20,88.61689786640093,90.85093736570303,88.31903047832564,88.46796417236328,23814600
2021-08-23,90.40412946584262,90.7020036716654,87.72328206668008,88.46796417236328,11649000
2021-08-24,89.65945349993949,93.68072456827609,89.21264560345764,93.53178405761719,15310200
2021-08-25,94.8721927946025,95.02113328178744,92.19134583822994,93.23390197753906,11062200
2021-08-26,92.6381682646535,93.68072456827609,91.7445524716898,93.53178405761719,7831200
2021-08-27,93.08499187305469,94.27648207070172,92.19137592925657,92.48925018310547,11097600
2021-08-30,93.53179175895526,93.68073228187784,92.48924218723735,93.0849838256836,5963400
2021-08-31,92.34030081007565,94.57434029082145,90.25519502213042,94.42539978027344,13138200
2021-09-01,93.53179212982243,95.02115645846558,93.0849841947791,94.1275405883789,8653200
2021-09-02,94.7232666015625,95.31900814408436,93.53177669877186,94.7232666015625,10668600
2021-09-03,96.8083874623598,98.29774496192756,96.06370530370194,96.95732116699219,12982200
2021-09-06,98.44667852506973,99.48923490924196,97.40412895864547,97.85093688964844,13632000
2021-09-07,98.89348689852494,99.04242742135762,96.80838775634766,96.80838775634766,9154200
2021-09-08,96.51050539438175,96.65943908691406,94.87220750553662,96.65943908691406,12251400
2021-09-09,95.46794837331731,96.65943145499496,95.02114051325147,95.76581573486328,9531000
2021-09-10,96.06370503007017,98.74455261230469,95.91477132586202,98.74455261230469,14140200
2021-09-13,97.55306216931135,100.08497603809582,97.40412846564683,99.34029388427734,8363400
2021-09-14,100.8296581061021,103.95731360463077,100.38285017774086,103.51050567626953,15374400
2021-09-15,104.2551731785066,104.40411368860167,100.68071002018355,101.87220001220703,13234200
2021-09-16,104.55305432851243,107.68070979987819,103.80837218179511,106.04241180419922,31399200
2021-09-17,106.34027072247882,107.23388644283578,104.85091346113285,105.1487808227539,18168600
2021-09-21,101.42539208424664,103.65943155746793,100.97858418960237,102.31900787353516,11612400
2021-09-22,100.82965871752839,101.12752612641017,98.59561906217507,99.4892349243164,12054000
2021-09-24,102.46793364998251,102.61687414852292,100.53176852867914,100.68070220947266,8643000
2021-09-27,100.97858397584135,102.46794134892026,100.53177608214294,101.57432556152344,9966600
2021-09-28,102.46794134892026,102.61688185865134,99.93603449646085,101.57432556152344,9970800
2021-09-29,99.19135312666691,100.82965102146161,97.85092943576602,99.04241943359375,14610000
2021-09-30,99.93604269921379,99.93604269921379,97.55306252539557,98.74455261230469,12217200
2021-10-01,97.70199603447546,98.89347921811404,95.17008233818537,95.46795654296875,9293400
2021-10-04,97.25518008833751,98.14879581099376,93.97858456009999,94.7232666015625,8317200
2021-10-05,93.23391719864954,93.97859248516241,90.55306980460928,93.68072509765625,11984400
2021-10-06,94.57434109050601,95.1700826844931,89.65945419130684,91.44668579101562,13906200
2021-10-07,92.34029334789531,94.42539214959262,91.14880344853478,93.97858428955078,14405400
2021-10-08,95.17008198632134,98.29773726286712,94.57434039670463,96.51050567626953,16305600
2021-10-11,95.91476408665281,97.10624726588624,95.31901567928865,96.51050567626953,7689000
2021-10-12,95.91477174961815,98.44667882108264,95.61689752213786,97.7020034790039,9562200
2021-10-13,98.74455249462011,103.2126317930192,96.95732077526046,101.2764663696289,18299400
2021-10-14,100.97858425594112,101.72326635341992,97.55305478883557,101.4253921508789,14422800
2021-10-15,102.1700741481132,102.91474942711395,100.97858415686565,102.76581573486328,8894400
2021-10-18,103.36156526686875,103.51050578831568,100.53178399010042,100.97859191894531,8710800
2021-10-19,100.68071805544056,102.02114184678997,99.78710219454095,100.38285064697266,6877200
2021-10-20,100.38284262120771,101.27645841066135,98.2977368399001,98.44667053222656,10662000
2021-10-21,98.44668661583403,99.19136883462275,96.95732899600512,97.25520324707031,6293400
2021-10-22,95.76582316386565,99.04241893702726,95.46795577921272,98.44667053222656,7755600
2021-10-25,97.85092891212668,99.19135259585444,97.40412101755076,98.89347839355469,7995000
2021-10-26,99.93604249238913,100.6807178296367,98.89348611184583,100.08497619628906,8821800
2021-10-27,98.59561158069175,98.74454527383149,90.99987732885856,91.74455261230469,31952400
2021-10-28,90.55306939649024,92.93604257453691,90.40412888566095,92.19136047363281,28253400
2021-10-29,92.63816873017326,92.9360429352405,90.55306974794503,91.14881134033203,18475200
2021-11-01,93.68070980360116,94.27645129910182,92.34028632541488,93.23390197753906,10031400
2021-11-02,93.08497666728195,93.23391717875072,89.80838768118122,90.7020034790039,11317200
2021-11-04,92.34031646505531,92.63818390115563,90.25521032361017,92.48925018310547,8924400
2021-11-05,92.04243461840106,92.04243461840106,89.51052071392063,90.85094451904297,11083800
2021-11-08,91.44668571456457,92.93604310716093,90.55306991545724,92.34030151367188,13613400
2021-11-09,89.65945437822161,91.89349388251493,84.89350116314665,86.23392486572266,40060800
2021-11-10,85.7871244944858,87.87223048742058,84.14882644162645,85.04244232177734,19722600
2021-11-11,85.0424276022046,86.38285119042365,85.0424276022046,85.63817596435547,10213800
2021-11-12,85.78711684869259,88.02115634996063,85.48924264260769,87.57434844970703,13278600
2021-11-15,88.02115659497389,88.76583870338528,87.42541499889329,87.87222290039062,7642800
2021-11-16,88.17009004412934,89.21264635655275,87.27647424362212,87.57434844970703,9220200
2021-11-17,88.02116439711781,88.02116439711781,86.53180686602678,86.9786148071289,7827600
2021-11-18,86.08499884637378,87.42542266845703,85.04244243958806,87.42542266845703,8079000
2021-11-19,87.57434812943609,90.1062618275295,87.27647392444055,88.17008972167969,9549600
2021-11-22,87.72328195376704,89.9573214501936,86.97860666678984,89.80838775634766,6929400
2021-11-24,90.70200384141273,91.14881174210934,88.61689803224603,89.65945434570312,7807200
2021-11-25,91.1488186747271,92.04243454408716,89.36158693600696,91.2977523803711,11007000
2021-11-26,90.25519569396972,90.25519569396972,87.87222250268503,89.36157989501953,11873400
2021-11-29,87.72328226266904,88.3190306756456,85.787116964864,86.23392486572266,11886600
2021-11-30,87.42542277072332,88.02116441976337,85.19138306463795,85.34031677246094,9992400
2021-12-01,85.63817569380626,87.27646664017811,84.74455997115001,87.12753295898438,11160000
2021-12-02,85.1913833618164,86.23393295571033,84.74457541904071,85.1913833618164,8331000
2021-12-03,86.68073975842233,88.61690521240234,85.63819017824049,88.61690521240234,7419600
2021-12-06,88.61691346100112,89.06372143948978,87.4254300635305,88.31904602050781,5631000
2021-12-07,88.31903072195394,89.36158021858829,86.2339249109377,88.76583862304688,12225000
2021-12-08,88.91478027932204,89.2126545126395,86.82967428159611,86.9786148071289,8751600
2021-12-09,86.53179141646251,88.17008236283436,86.23391723632812,87.12753295898438,6943200
2021-12-10,86.68073244387939,87.72328193608583,86.53179875006347,86.82966613769531,6239400
2021-12-13,88.31903055604553,88.91477215046785,87.27647424362212,87.57434844970703,5248800
2021-12-14,87.42543065845466,87.5743643797148,85.34032447206901,86.08500671386719,5396400
2021-12-15,86.08500671386719,86.68074841665648,85.63819873233803,86.08500671386719,4863000
2021-12-16,87.27647436181037,88.02115646915732,85.93605065923438,86.23392486572266,5627400
2021-12-17,86.38285872184058,86.68073292888661,84.2977597257609,84.44669342041016,7249200
2021-12-20,83.40414459489938,83.85095250019751,80.12754874421474,80.2764892578125,11237400
2021-12-21,81.31903843326464,82.36158793546757,80.57435632154966,80.87223052978516,7475400
2021-12-22,80.87223845838038,81.6169206431029,80.12755627365785,80.72330474853516,5494200
2021-12-23,81.46797977603083,82.95734413926967,81.31904606680622,82.51053619384766,5836200
2021-12-24,83.10628442646845,85.04245007063122,82.95735070545554,84.59564208984375,6769800
2021-12-27,84.14881161088124,84.14881161088124,82.36158016556874,82.65945434570312,4501800
2021-12-28,83.40415161875585,84.14882697846696,83.10627738422251,83.55308532714844,3087600
2021-12-29,83.55307741411086,84.14881900900865,83.10626951350065,83.70201110839844,3367200
2021-12-30,83.25520316892327,84.8935010763118,82.65946157430359,84.14881896972656,6076200
2022-01-04,85.93605090174847,87.57434881543608,84.89350140271864,86.53179931640625,9251400
2022-01-05,86.68072509765625,87.5743408203125,85.787109375,87.12753295898438,5951400
2022-01-06,86.68074089848604,86.82967460682855,84.29776747626501,85.1913833618164,7347000
2022-01-07,85.34031669298807,87.574356396993,85.04244245987138,85.78712463378906,6327000
2022-01-11,85.78711664548888,87.12754034307464,85.48924244010955,86.82966613769531,4206000
2022-01-12,87.72328219252545,90.10626220703125,87.72328219252545,90.10626220703125,9605400
2022-01-13,90.40414404166033,92.63818390115563,90.25521032361017,92.48925018310547,9598800
2022-01-14,90.99988468224777,93.68073228187784,90.85094415932521,93.0849838256836,17872200
2022-01-17,93.38285050783159,93.82965840499824,91.59561891916495,91.74455261230469,6500400
2022-01-18,91.74455321805037,92.34030163003766,90.25519582357714,90.9998779296875,7822800
2022-01-19,89.06369808549061,89.361572265625,86.68072509765625,87.12753295898438,8951400
2022-01-20,86.82967310367593,90.85094451904297,86.38286516863515,90.85094451904297,12028800
2022-01-21,89.36157198574651,89.36157198574651,84.29775184580316,86.38285064697266,13406400
2022-01-24,85.3403235169059,88.46797935260402,85.04244925997081,87.72329711914062,6894000
2022-01-25,87.12754066743999,87.42541487392828,85.04243485751704,86.23392486572266,9687000
2022-01-26,87.12753268610284,89.21263830501923,86.23391696624537,86.38285064697266,10522200
2022-01-27,87.27647465240945,88.31903096971601,82.6594619340794,83.10626983642578,10939800
2022-01-28,86.08498355513439,89.65944644575939,85.48923519486561,88.91476440429688,18541800
2022-01-31,88.02115574183169,94.12753260902517,87.87222204869195,91.74455261230469,20126400
2022-02-01,92.042427424044,93.68072533038782,90.85093741781692,90.9998779296875,8799000
2022-02-02,92.34030081007565,94.42539978027344,92.19136029952763,94.42539978027344,9112200
2022-02-03,93.97859195409903,95.31901564354457,93.08497616113534,93.53178405761719,11348400
2022-02-04,92.3403009844621,93.08497626761874,89.80838729558614,92.19136047363281,11805600
2022-02-07,92.0424273080536,93.82965890626824,91.74455310243533,92.34030151367188,12793800
2022-02-08,92.48922702480763,94.57433264416497,91.4466776240024,92.6381607055664,13651200
2022-02-09,93.53179175895526,93.97859969222695,91.44669261551944,93.0849838256836,9915000
2022-02-10,99.04242621285466,103.21263126407295,95.91477072000397,101.12752532958984,37777800
2022-02-14,98.14881125729518,98.14881125729518,95.17008944041169,96.95732116699219,17508000
2022-02-15,96.80838775634766,98.29774526043829,95.765831367511,96.80838775634766,9193800
2022-02-16,98.59561920166016,99.78710247436888,98.14881126995739,98.59561920166016,7059600
2022-02-17,98.14881097772411,99.78710217725768,97.999870455768,98.74455261230469,7804800
2022-02-18,96.80837967311534,99.34028653688739,96.80837967311534,99.19135284423828,6273000
2022-02-21,96.8083871008359,97.9998703689414,95.61689701498244,97.55306243896484,8464800
2022-02-22,96.06370515058548,96.95732101245139,95.31902299311456,96.21263885498047,8601000
2022-02-24,95.02114907144048,95.02114907144048,89.65945426774316,90.55307006835938,19274400
2022-02-25,91.74455293271903,92.63816873017326,90.10626184921792,91.14881134033203,10462800
2022-02-28,90.25519574738301,92.63816894007795,89.51051364190131,91.89349365234375,15948600
2022-03-01,92.7871094907972,93.53178477884421,91.29774527920823,91.44668579101562,8191800
2022-03-02,89.21264672912369,89.80838832603393,86.53179931640625,86.53179931640625,14707200
2022-03-03,88.76583826393109,90.55306986107234,86.97860666678984,89.80838775634766,14418600
2022-03-04,88.61689050412208,88.61689050412208,84.44668605780066,85.63817596435547,19370400
2022-03-07,84.14881938237211,84.29775989506803,79.38287296654855,79.68074035644531,14364600
2022-03-08,78.19139896971816,78.34033269517275,75.6594847304967,76.10629272460938,14079600
2022-03-09,76.85096807912996,77.29777603307839,74.46799459732111,74.91480255126953,9930600
2022-03-10,79.68074101746652,80.12754892376584,77.89350939226915,78.4892578125,24017400
2022-03-11,77.14883418302651,79.38287371711272,76.55308576210511,77.59564208984375,12837000
2022-03-14,77.2977751312034,80.42543077235035,77.2977751312034,79.38288116455078,11884800
2022-03-15,79.5318148748798,80.12755653394409,77.89351679026768,79.38288116455078,8154000
2022-03-16,80.72330462006077,81.02117203927713,79.3828807803425,79.97862243652344,9021000
2022-03-17,81.46796470028711,86.08498382709516,81.46796470028711,85.63817596435547,16239600
2022-03-18,84.14882665663269,85.48925048028391,83.70201871541562,85.34031677246094,7942800
2022-03-22,87.574356396993,87.72329010467729,85.34031669298807,85.78712463378906,8489400
2022-03-23,86.9786070186751,89.21264652413981,86.38285860538618,88.76583862304688,9587400
2022-03-24,87.27647374443406,90.40412902832031,86.97860635780034,90.40412902832031,7416000
2022-03-25,91.29774514804953,92.19136094662015,88.91477195777703,89.80838775634766,13515600
2022-03-28,90.10626220703125,90.70200380178395,89.06370589402965,90.10626220703125,6421800
2022-03-29,90.40412919962517,92.34030130515045,90.40412919962517,91.59561920166016,8634000
2022-03-30,94.4721779885775,94.62357339956715,92.35260758253403,93.7151870727539,8608800
2022-03-31,92.20121207766631,95.07776646616682,91.89841432555764,94.62357330322266,10866600
2022-04-01,93.56378410197337,94.01797722868199,91.4442138671875,91.4442138671875,10975200
2022-04-04,90.9900282830985,91.8984146118164,89.32465796740745,91.8984146118164,5766000
2022-04-05,93.10960434189994,93.41240211332044,89.93025199851799,90.38444519042969,9004200
2022-04-06,89.47604370117188,89.77884142147377,87.05368273006752,87.65927124023438,9048000
2022-04-07,85.38831096451531,86.14530184704155,83.11734524737395,85.69110870361328,10609200
2022-04-08,85.99390173704957,87.20508579433901,85.69111092055536,86.75089263916016,8267400
2022-04-11,86.90229346712503,87.65928441644586,85.38831849892136,86.14530944824219,4651800
2022-04-12,84.78272485202368,85.38831341717695,83.87433853907498,84.0257339477539,8911800
2022-04-13,84.93411487974852,85.3883080074477,83.7229308957383,84.1771240234375,7470600
2022-04-14,84.32852935791016,85.23691564567781,83.57153847462465,84.32852935791016,9360600
2022-04-15,83.72293090820312,83.72293090820312,81.90615839713588,83.72293090820312,10191000
2022-04-18,82.20896690215875,82.6631600894635,80.69499192128896,81.60337829589844,7062000
2022-04-19,83.72293379513252,85.69110870361328,83.26874065170425,85.69110870361328,10957800
2022-04-20,87.05369046710804,87.35648128388402,85.69111100030341,85.8425064086914,7839600
2022-04-21,86.90228260010142,92.65539784855616,86.59949180258708,91.4442138671875,26515200
2022-04-22,89.47605388187968,89.62744929403813,87.05369263515574,87.35648345947266,13278600
2022-04-25,85.23692027979448,85.3883156925076,84.32853394264014,84.6313247680664,8332200
2022-04-26,85.53970874278784,85.99390189882112,83.57154071012283,84.93412017822266,6394200
2022-04-27,82.36036239426036,82.81455558196848,80.84638741204597,81.14918518066406,18285600
2022-04-28,90.23303453670815,94.1693702484481,89.62743909610435,94.01797485351562,47807400
2022-05-02,91.44420937000751,97.04592894421536,91.44420937000751,96.59173583984375,24464400
2022-05-06,95.83476502326832,96.74315142159314,94.62358084868914,95.07777404785156,14041800
2022-05-09,93.86658941418122,94.4721779885775,92.35260758253403,93.7151870727539,10034400
2022-05-10,92.5040024154886,93.10959094072976,90.5358275801899,92.80679321289062,10839600
2022-05-11,89.93023450236497,89.93023450236497,88.56765519172308,89.77883911132812,15760200
2022-05-12,89.02185583378694,92.0498124239935,88.87046042992968,90.23303985595703,11431800
2022-05-13,105.22141495787544,105.37281036376953,104.91861721564983,105.37281036376953,17273400
2022-05-16,103.85883500011794,114.60806816552315,103.70743266453482,113.0940933227539,49036200
2022-05-17,112.94270324707031,113.2454940716496,110.97452823511627,112.94270324707031,12079200
2022-05-18,115.21366908360365,117.03043482239258,112.03431691245697,112.94270324707031,14561400
2022-05-19,110.0661387896061,115.36506123522831,109.76334797358486,115.06226348876953,15527400
2022-05-20,114.75948210255284,117.93882751464844,113.54829794763207,117.93882751464844,15638400
2022-05-23,117.93882853555584,118.69582643567696,114.91087851770038,116.12206268310547,8926200
2022-05-24,116.27345810486679,116.72765130058893,113.24550115657316,116.12206268310547,12309000
2022-05-25,118.39300621683712,119.30139248924476,115.21366119384766,115.21366119384766,13278000
2022-05-26,115.06226128034899,115.6678567616432,112.63990014648438,113.54828643798828,11724600
2022-05-27,115.06225886148822,115.66785433005148,113.54828405095458,115.21366119384766,10134000
2022-05-30,116.87904299738685,117.48462462922365,114.15387714105849,115.5164566040039,12793200
2022-05-31,117.18183411407146,122.17795882436134,116.57623861980524,120.05839538574219,29140200
2022-06-01,119.45279682173711,122.93493963731366,119.15000601282277,121.26956939697266,14647800
2022-06-02,122.63215642879443,123.3891404284334,121.72377008487744,122.17796325683594,9183600
2022-06-03,123.38914358238446,123.69194827868053,121.11817766454378,121.42098236083984,7863600
2022-06-06,120.66397388994349,122.48074646475256,119.90698993739797,121.72376251220703,10644600
2022-06-07,122.48074626934208,126.71988689075818,121.72376231800426,124.90311431884766,11870400
2022-06-08,130.8076171875,132.6243896484375,127.32547459099442,128.53665161132812,14583000
2022-06-09,127.6282850038867,130.20204176564224,126.26570544868507,129.2936553955078,12319200
2022-06-10,128.99086336637527,129.1422657136231,125.35731791943513,126.41710662841797,16357800
2022-06-13,124.14614111932525,125.20591597080622,122.63215922465483,123.69194793701172,11193000
2022-06-14,121.87516465262172,124.90311431884766,120.66397369743156,124.90311431884766,12937200
2022-06-15,122.63215181785624,123.54053812761813,120.3611860434515,121.87516784667969,12246600
2022-06-16,123.69192663025969,124.60031283841123,122.17794499638259,122.4807357788086,9204000
2022-06-17,117.93882713909905,121.11817947150881,117.03044075841053,120.20979309082031,12102000
2022-06-20,120.96677405616833,120.96677405616833,117.48461751017228,118.24161529541016,10335000
2022-06-21,120.209788451335,122.17796348715729,119.45280445026903,120.36119079589844,9174600
2022-06-22,121.26958182191562,123.38914542323008,119.75559990047606,120.20979309082031,10643400
2022-06-23,120.51259640998168,120.9667895951187,117.63603495048854,118.6958236694336,7588800
2022-06-24,117.93882578695455,118.99861450589961,116.5762462315435,118.6958236694336,7355400
2022-06-27,119.90700240186517,120.81538878369749,118.99861602003286,119.30140686035156,5613600
2022-06-28,119.30141711642237,121.11819003627082,119.30141711642237,120.81539916992188,6657000
2022-06-29,120.20977790293085,121.4209688314052,118.09021456941237,118.39300537109375,10330800
2022-06-30,118.39301156914394,118.69581624755202,115.21366640242275,116.42485046386719,12074400
2022-07-01,115.5164569268036,115.5164569268036,110.21754139861139,111.8829116821289,20423400
2022-07-04,112.48851242147278,113.69968960587886,110.97453054530835,112.63990783691406,8629200
2022-07-05,114.75948579952842,115.5164698566068,113.39690618026135,114.00249481201172,7635000
2022-07-06,110.67174002290665,111.73152179482543,110.06614449857773,110.36894226074219,7065000
2022-07-07,112.6399027082867,112.6399027082867,108.24936655601677,110.52033233642578,9022200
2022-07-08,111.58012090576918,113.8510866845132,111.12592775002037,111.42871856689453,12554400
2022-07-11,113.6996795800481,114.60806585347176,112.4885025024414,112.4885025024414,5691000
2022-07-12,110.97453104641463,111.58012657179012,108.70356515235132,109.00636291503906,7024200
2022-07-13,110.06613913983091,111.12592779059007,109.00635741950931,110.97452545166016,7223400
2022-07-14,110.3689321791659,114.45667040802388,109.6119413081205,113.39688873291016,10925400
2022-07-15,115.06226406321872,117.03043209893305,113.3968937754749,116.42485046386719,13972800
2022-07-19,117.48462958499,119.15001379497855,116.42485475413437,118.99861145019531,10036800
2022-07-20,121.11816245507781,122.02654870814308,120.05838773375115,120.9667739868164,9351600
2022-07-21,120.9667739868164,122.32935336641431,119.90698540461553,120.9667739868164,7627200
2022-07-22,119.75559225397294,121.42097641948303,119.30139909262932,120.66397857666016,5521800
2022-07-25,119.30138235510951,121.11815474559785,116.87902840837396,119.14999389648438,8847000
2022-07-26,120.20979103078834,123.99473883908662,119.60420936129128,123.23775482177734,11320200
2022-07-27,122.48074178959413,123.9947234977704,121.26956473957765,122.7835464477539,10729800
2022-07-28,123.69194042611531,123.69194042611531,121.57236313010777,122.32936096191406,6268200
2022-07-29,122.78354812247132,122.78354812247132,120.51258245966898,121.1181640625,7516200
2022-08-01,122.78355113447057,122.78355113447057,121.11816703364576,121.72376251220703,6540000
2022-08-02,119.90699478079418,119.90699478079418,118.24162447357492,118.84720611572266,6393600
2022-08-03,118.69582858543876,119.15002178938703,116.8790557696457,117.18184661865234,7104600
2022-08-04,117.03043337603123,120.5125901895972,116.27344939350073,119.7555923461914,10527000
2022-08-05,118.09022813562557,119.60421003970764,117.63603495048854,118.6958236694336,10413000
2022-08-08,130.8076417756924,138.98311938667317,130.5048509289112,137.77194213867188,45880800
2022-08-09,138.528920312071,139.74009750871517,134.59258402732053,136.5607452392578,21397800
2022-08-10,136.8635300109163,137.77191624138504,133.2299850890413,137.62051391601562,16450800
2022-08-12,139.74007716681808,140.19427028205246,137.92330470588058,138.98309326171875,14224200
2022-08-15,138.98309326171875,141.85965427849442,138.37749782111496,140.79986572265625,11352000
2022-08-16,139.89149022359754,140.0428925605814,137.46912213623062,138.68031311035156,9150600
2022-08-17,139.8914841024999,141.85965895367067,139.2858886419379,140.19427490234375,9019200
2022-08-18,138.52891525664887,140.95128342241213,138.3775129147651,139.89149475097656,7351800
2022-08-19,143.52503465294126,149.1267547607422,142.9194391691351,149.1267547607422,23442600
2022-08-22,147.00718682841924,149.7323458872007,146.8557983435152,147.4613800048828,15058800
2022-08-23,147.15858450111438,149.5809526522887,146.55298899810197,148.0669708251953,9960600
2022-08-24,148.9753464790241,149.12674880915193,147.00717163085938,147.00717163085938,7873200
2022-08-25,147.61276245117188,153.36587062384933,147.61276245117188,149.42953491210938,18592200
2022-08-26,149.5809725540781,150.79214986037508,147.76419966419408,148.823974609375,8086800
2022-08-29,146.5529933523102,149.7323455810547,145.79600934671058,149.7323455810547,10180800
2022-08-30,150.33793177037288,152.15470435974294,149.88373862303035,150.4893341064453,7847400
2022-08-31,149.12675466441777,151.70051121240041,148.36975684493035,150.4893341064453,10444200
2022-09-01,150.18655427678803,150.48935899902014,147.915588164433,148.823974609375,8173800
2022-09-02,147.6127671048745,147.6127671048745,145.03901065769634,146.552978515625,9388800
2022-09-05,147.00716701056808,147.91555324103683,144.58481296990067,146.70437622070312,6402600
2022-09-06,148.82393947150558,149.73232570197433,146.5529738953337,149.42953491210938,7787400
2022-09-07,148.97534640779466,149.4295395370867,147.46136468986302,149.27813720703125,8035800
2022-09-08,150.18652346561535,151.24631205425493,148.82394407773918,149.27813720703125,8815200
2022-09-09,150.64073817256406,150.94354287604847,147.61278816385402,148.67257690429688,9195600
2022-09-12,148.06695556640625,149.73232570197433,146.70437622070312,149.42953491210938,7887000
2022-09-13,149.88373266637876,150.0351349964342,147.76416934997394,149.27813720703125,6039600
2022-09-14,146.2501980851336,149.73234103829742,146.09879574425682,148.97535705566406,7681200
2022-09-15,148.9753777383143,148.9753777383143,145.49323430171523,145.64462280273438,6451800
2022-09-16,144.1306399022147,144.28202838776733,142.31386718857703,142.91944885253906,9879600
2022-09-20,144.58481296990067,148.3697463562712,144.1306198546663,146.70437622070312,8698800
2022-09-21,144.4334212718889,145.49320990570592,142.91943948941812,144.58482360839844,8882400
2022-09-22,142.16246013460852,144.2820236100404,141.1026714664549,143.97923278808594,10434000
2022-09-26,139.5886935376334,139.740082007373,132.92718504286063,133.38137817382812,15639600
2022-09-27,135.34957403592992,137.16634684178132,133.53280123007852,136.40936279296875,8182800
2022-09-28,135.04674222245592,137.6204982963768,131.86739077666502,134.44114685058594,13350000
2022-09-29,140.12610953982528,140.7407024284972,135.36304630293486,137.5141143798828,8379000
2022-09-30,135.2094184622126,135.36305614544622,132.13646786222031,132.4437713623047,13327800
2022-10-03,131.6755271438734,135.51670837402344,131.06094827515162,135.51670837402344,8437200
2022-10-04,139.8188195470659,140.43339836637284,137.82140321729966,138.12869262695312,9598200
2022-10-05,139.66516780883543,139.8188195470659,136.89952092153177,138.12869262695312,7980000
2022-10-06,138.43600463867188,140.43340702478028,138.12870114326415,138.43600463867188,6573000
2022-10-07,137.05317629136124,139.35788209185046,135.67035281106772,137.66775512695312,9141000
2022-10-11,135.9776495589691,136.43859074391474,134.59482600413213,135.51670837402344,8684400
2022-10-12,136.7458721632999,137.3604650628077,132.75105348351883,134.59481811523438,10459200
2022-10-13,133.82658260425836,134.13387200927284,132.1364557096606,132.59739685058594,8794800
2022-10-14,134.90210816636608,138.12869628705099,133.67293642837444,137.66775512695312,12336000
2022-10-17,135.8239988807367,139.2042389526286,135.8239988807367,137.97506713867188,7354800
2022-10-18,140.27977302009765,140.74071420848043,137.36047413807043,139.20423889160156,10513200
2022-10-19,139.35788389824802,142.12353089468422,139.20423215395445,141.96987915039062,9145800
2022-10-20,139.66517085245212,140.126112010381,133.05834289986882,134.59481811523438,22983600
2022-10-21,134.13388062815122,135.20941471502206,132.7510571165208,132.9047088623047,12453000
2022-10-24,134.74848143127826,135.67036382632278,133.2120060839344,135.05577087402344,7756800
2022-10-25,135.6703643798828,136.28494326788075,134.28754078167384,135.6703643798828,8631000
2022-10-26,136.43859833612404,136.43859833612404,133.36566162109375,133.36566162109375,7578600
2022-10-27,134.4411817346092,134.7484852528788,132.75106865136394,133.36566162109375,7959000
2022-10-28,132.44376042652934,134.90210382336946,131.82916754391562,133.8265838623047,21502200
2022-10-31,135.2093963623047,135.3630340204263,133.51926958851672,135.2093963623047,6829200
2022-11-01,137.51412228606543,139.0505834958706,135.6703575808525,138.43600463867188,10903200
2022-11-02,137.9750670187544,142.43082714893256,137.36047407890584,140.43341064453125,11839800
2022-11-04,138.58962000155304,141.0479772348873,138.43598234539883,140.5870361328125,10132800
2022-11-07,140.740710520188,141.04799994878738,137.8214117146648,138.43600463867188,9834000
2022-11-08,140.7407141478599,142.89176833711682,139.20423883164284,140.43341064453125,12795600
2022-11-09,141.8162077160766,143.04539336614678,140.4333844098522,140.5870361328125,19497000
2022-11-10,159.02468313297757,163.63409423828125,157.48820807560753,163.63409423828125,49431600
2022-11-11,166.70703700852354,175.9258595908715,165.1705759560035,170.5482177734375,66324600
2022-11-14,165.9388094170149,167.78257396609283,158.4100994860109,158.56375122070312,25588800
2022-11-15,161.17574561483448,169.47268604991893,158.71740227119938,167.62892150878906,18704400
2022-11-16,166.09245830856207,172.69927178512552,165.17057604980374,171.7773895263672,17805000
2022-11-17,169.1653993040199,175.00398242030914,169.1653993040199,172.54563903808594,14299800
2022-11-18,172.8529351880943,175.31129273303873,171.00917054608797,172.23834228515625,11381400
2022-11-21,173.31386958667977,175.00398242030914,171.6237567530504,172.54563903808594,8362800
2022-11-22,173.6211651381989,173.6211651381989,169.9336358675341,170.3945770263672,9214200
2022-11-24,172.54565003725207,174.08211123238362,170.54823360341118,172.39199829101562,9402000
2022-11-25,175.3112786445634,178.38421477868877,174.23574466755647,174.69668579101562,12178800
2022-11-28,177.92326900146296,177.92326900146296,170.39455949294918,172.08468627929688,11022600
2022-11-29,170.54822998046876,173.92846985820682,169.16540649414063,172.85293579101562,9735600
2022-11-30,172.6992840384092,174.0821075246602,169.62634764678742,171.62376403808594,10265400
2022-12-01,167.78259333638118,170.08729928880402,166.70705920298096,168.39718627929688,11764800
2022-12-02,167.93623475078493,168.08987242694946,160.25387267109008,161.32940673828125,11968200
2022-12-05,160.7148094972766,161.4830541246044,157.9491625992347,158.7174072265625,10102200
2022-12-06,159.0246923579726,159.4856334952421,155.49081499450895,158.56375122070312,11724000
2022-12-07,161.3293773994625,166.09243989733412,160.40749524289413,164.40231323242188,16333200
2022-12-08,166.55342051253348,166.70705819722892,163.01952869559943,164.70965576171875,11046000
2022-12-09,168.85812789397764,172.85294686594318,167.1680008134159,171.47012329101562,19557000
2022-12-12,170.54823360341118,173.77482180671896,169.7800030058454,172.39199829101562,10797000
2022-12-13,172.2383225909672,175.00396923774528,170.39455815978178,170.85549926757812,9374400
2022-12-14,171.77740537287806,172.85293946291674,169.93364068527362,172.39199829101562,8169600
2022-12-15,173.77483124320926,179.15247385180817,172.5456594069947,177.6160125732422,15774000
2022-12-16,174.85035705566406,178.23058296080416,174.54305356115435,174.85035705566406,12728400
2022-12-19,175.77223016790504,176.0795195794569,171.62375981132098,172.69927978515625,8818200
2022-12-20,172.2383480250684,173.006592696045,161.94400447534179,163.3268280029297,18062400
2022-12-21,159.94658137214253,160.25387078766798,154.72257690736336,155.79811096191406,22651200
2022-12-22,157.64185563272505,157.79550735444082,152.57150355097073,154.41526794433594,16178400
2022-12-23,151.95694777468455,152.26425129302993,149.3449522696053,150.4204864501953,10132200
2022-12-26,152.1105780969753,155.18351437969557,151.95692635945667,155.02987670898438,7517400
2022-12-27,155.0298828403706,155.7981134247321,152.57152527688262,152.87881469726562,6976800
2022-12-28,155.18352112182924,155.79811403179798,153.33975645873105,154.7225799560547,8593800
2022-12-29,153.80069335023015,153.95434509015422,151.64963932533155,153.33975219726562,7419600
2022-12-30,154.2616424560547,156.1054071629669,152.8788189258705,154.2616424560547,9176400
2023-01-04,151.8033047431986,151.8033047431986,147.34753048519073,147.8084716796875,11056800
2023-01-05,147.50117803299185,148.73034982766396,145.50376155819225,146.42564392089844,9226800
2023-01-06,145.042824512707,148.42306462795278,145.042824512707,147.8084716796875,8203200
2023-01-10,147.96211608262863,150.26682194061348,146.73294431397275,148.7303466796875,9321000
2023-01-11,149.19130051043263,151.34236887161262,149.19130051043263,150.4204864501953,6983400
2023-01-12,150.8814007887395,153.80068522542658,150.42045966012506,151.18869018554688,10991400
2023-01-13,148.88399112032445,150.88140745483742,147.34751593479083,149.6522216796875,11098200
2023-01-16,147.65482867888065,147.65482867888065,142.43082397365094,142.7381134033203,12312600
2023-01-17,144.58186031876966,146.1183354116128,144.12091919759737,144.42822265625,7562400
2023-01-18,144.88916892364432,151.80328598680643,144.42822778610017,148.8839874267578,15453000
2023-01-19,146.42563967211976,146.57929141704852,143.35270324120154,143.8136444091797,16105800
2023-01-20,142.27717332962368,145.19647216796875,139.66517799014136,145.19647216796875,16067400
2023-01-23,148.73033933704923,149.8058733732804,147.1938782187847,148.4230499267578,10757400
2023-01-24,150.11317506225927,151.18870918646508,149.19129268917106,149.49859619140625,12202800
2023-01-25,148.88400314482263,152.264243199276,148.73035139381747,151.95693969726562,9949800
2023-01-26,152.8788116238942,153.33975277860625,151.035047005046,152.7251739501953,9565800
2023-01-27,152.7251770204781,153.33975586124413,151.64964294892562,152.87881469726562,7123800
2023-01-30,151.6496583231486,151.80331008232127,149.3449522696053,150.4204864501953,8130000
2023-01-31,151.3423651495678,152.11059579291893,149.8058897960565,150.8814239501953,9339000
2023-02-01,150.88140306702599,151.49598186992074,147.96210451945106,148.26939392089844,15509400
2023-02-02,148.42303813760844,149.65220974794926,146.57927368869406,146.73292541503906,6651600
2023-02-03,148.115780396652,151.34236887161262,147.040246216062,150.4204864501953,14658600
2023-02-06,153.3397515424613,154.87622673471776,150.88140811502004,151.49598693847656,14295000
2023-02-07,152.5715071169916,155.18350204637323,150.57409095522547,153.95433044433594,12948600
2023-02-08,150.8814123645641,153.33975586124413,150.8814123645641,152.87881469726562,15102000
2023-02-09,151.49598454536903,154.10799373762515,151.3423468753356,153.1861114501953,13651200
2023-02-10,153.33974469280298,153.80068582320902,141.04798590424457,142.12351989746094,51781800
2023-02-13,141.35526034887133,143.35267639160156,137.97503512801148,143.35267639160156,23477400
2023-02-14,144.88916814490563,147.1938738202392,143.96728587477222,145.81105041503906,13056600
2023-02-15,147.50118604593848,148.11577901006632,144.73553880757714,146.1183624267578,9957000
2023-02-16,147.6548272386383,149.95953310569922,147.1938860652261,149.34494018554688,14211600
2023-02-17,148.5767059326172,150.42047058093587,147.65482360845783,148.5767059326172,8310000
2023-02-20,149.03764281414814,149.8058733732804,147.80845703936748,148.4230499267578,7705200
2023-02-21,148.88398517550002,151.9569213570597,148.26939231246527,151.80328369140625,13191000
2023-02-22,150.1131886604883,150.26684042552466,144.58189392089844,144.58189392089844,22432800
2023-02-24,148.57669429981846,149.80586594685707,146.42562633399237,148.11575317382812,13396200
2023-02-27,146.1183361848996,147.0402184321229,144.73551281406458,146.27198791503906,11156400
2023-02-28,149.95952511182986,151.188696819803,148.11576051646642,148.4230499267578,20511000
2023-03-01,148.1157689905562,150.72776429449098,147.34752432066313,149.95953369140625,12943800
2023-03-02,150.8814239501953,151.95694403752506,150.11317924003515,150.8814239501953,13477200
2023-03-03,150.5741162488034,151.49599862189157,148.11577263177395,149.49859619140625,15489000
2023-03-06,150.5741162488034,150.5741162488034,149.19129268917106,149.49859619140625,9951000
2023-03-07,149.9595445881564,151.95694711467885,149.4986033794498,151.03506469726562,11209800
2023-03-08,150.26681643612847,153.18611510490737,149.959527021923,152.7251739501953,12102600
2023-03-09,153.49340451911283,153.6470562596194,151.9569293144701,152.7251739501953,10629000
2023-03-10,150.4204864501953,151.18871711243995,149.65224172114128,150.4204864501953,15969000
2023-03-13,146.5792728693723,146.73292459485845,144.12091559562558,144.88916015625,16641000
2023-03-14,141.6626009097298,142.2771798017954,138.5896501821652,139.35789489746094,18076200
2023-03-15,141.8162077160766,142.58445226407198,139.5115022057026,140.5870361328125,13625400
2023-03-16,135.97764222886366,139.35788209185046,134.59481874857013,137.66775512695312,14849400
2023-03-17,139.2042540400226,139.35790580847373,135.97766537022076,136.13131713867188,30922800
2023-03-20,135.67035217267104,137.97505796231547,134.1338769573055,134.59481811523438,14037000
2023-03-22,138.28234494061707,138.7432860904191,135.6703497806746,137.5141143798828,10939200
2023-03-23,135.9776386257639,138.89693725129803,135.055756329996,138.12869262695312,10503000
2023-03-24,138.74329039503485,139.66517272324106,137.05317748225946,138.89694213867188,7981200
2023-03-27,138.74324778328568,139.81878152480382,138.12865506430333,139.050537109375,6647400
2023-03-28,141.2016632098974,142.58448685156077,139.97247726165693,141.3553009033203,10141800
2023-03-29,141.50893072312877,142.89175415039062,140.58704843828755,142.89175415039062,9583800
2023-03-30,144.76985935784398,145.86540546164994,143.67429892530717,145.08287048339844,6334800
2023-03-31,145.55238461207358,147.74349100203355,145.08286079074432,146.804443359375,10737000
2023-04-03,147.90001031441784,147.90001031441784,145.08286726080988,145.8654022216797,10839000
2023-04-04,145.86541110231553,146.0219238355106,141.63969626463194,143.51779174804688,20947200
2023-04-05,140.23111606375176,141.17016374794815,138.50953341896854,138.66604614257812,18032400
2023-04-06,136.31842477373428,137.72699627772673,136.00539933147132,136.78794860839844,11453400
2023-04-07,135.8488934347406,137.57047595716503,135.06634420104172,137.1009521484375,8464800
2023-04-10,138.04000310546886,139.13556346191427,135.53587128876356,136.94444274902344,10801800
2023-04-11,139.2920727405991,140.074622054417,138.35302502700242,139.1355743408203,12486000
2023-04-12,139.7615760870253,142.8917442254747,139.44856500467193,141.32666015625,12649200
2023-04-13,140.85715042686587,141.01366314802806,139.1355678090032,140.07461547851562,8647200
2023-04-14,140.85715377090762,141.48319034168853,138.8225456624176,139.91810607910156,9848400
2023-04-17,140.54415133521738,141.48319908505462,139.60510358538014,140.85716247558594,6537000
2023-04-18,140.54413280320327,141.4831804292186,138.97904865026786,141.01365661621094,7510800
2023-04-19,141.95272295997324,141.95272295997324,140.38763860066732,140.85716247558594,6214800
2023-04-20,140.38763963430932,142.2657351478118,140.2311268986069,142.10922241210938,8129400
2023-04-21,142.2657220440559,144.1438173845715,140.38762670354032,140.7006378173828,14164800
2023-04-24,141.17015514160414,142.1092027685521,140.07460912931793,141.63967895507812,6450000
2023-04-25,142.42223476534232,143.36128243560012,140.54413942482674,140.7006378173828,5518200
2023-04-26,139.76158356237073,141.17015500139374,139.44857246327553,141.01365661621094,8962200
2023-04-27,140.23111603947953,142.42223685471222,140.23111603947953,141.9527130126953,6907200
2023-04-28,143.36126726726224,143.98728942871094,142.42221969636034,143.98728942871094,9156000
2023-05-01,145.70890372475185,146.02191484313457,144.76985604087318,145.2393798828125,8067600
2023-05-02,145.55239767819884,145.70891040893525,143.36129109154496,144.92636108398438,7144200
2023-05-08,146.02191597376114,146.96096366491074,144.30033331623045,146.49143981933594,13275000
2023-05-09,146.49143001385912,148.36952527044704,145.8653934854199,147.5869903564453,9667200
2023-05-10,147.90000800231454,148.05652072353396,145.5523888276746,146.64794921875,8235000
2023-05-11,145.39588385773365,146.9609681671741,143.04826455793855,143.67430114746094,10775400
2023-05-12,142.8917434818113,144.45681321416188,141.01364834000753,143.98728942871094,22497000
2023-05-15,146.33494097208992,149.15208431269957,143.51779763148028,148.52606201171875,30980400
2023-05-16,149.1520823521255,149.93463171116304,144.9263673967572,147.27398681640625,15889800
2023-05-17,148.21302247686663,150.87366715427757,146.49143981933594,146.49143981933594,19374600
2023-05-18,148.52606399002457,152.59526631552794,148.2130385066328,151.03018188476562,20089200
2023-05-19,151.0301436437642,152.12570390077394,150.24760879088785,150.71713256835938,13005600
2023-05-22,151.03015411635053,162.45523826996092,149.46508430207427,162.14222717285156,41955000
2023-05-23,161.98570802111757,164.64633806261276,161.35967152305383,163.08126831054688,28339800
2023-05-24,162.76824936707024,163.70729698712782,160.89015412695508,162.14222717285156,12957000
2023-05-25,161.82921270774477,165.898428889423,159.95111734042578,165.5854034423828,15739800
2023-05-26,165.89844128481096,174.6628822109065,165.27240467268572,172.94129943847656,33461400
2023-05-29,174.34986458157348,175.6019234305027,169.654625987175,170.5936737060547,17374200
2023-05-30,169.81112002872203,177.32350158691406,169.81112002872203,177.32350158691406,20176200
2023-05-31,176.85397986976378,176.85397986976378,173.7238256257241,175.28890991210938,24976200
2023-06-01,173.09778702169055,174.19334744222485,171.0631932347806,174.03683471679688,17235000
2023-06-02,172.47174344274745,177.63650512695312,171.84570694720682,177.63650512695312,18921000
2023-06-05,179.82763023170958,183.03604790590785,179.04509527674458,182.7230224609375,17041800
2023-06-06,181.23621882154382,184.5228860022454,180.21892185138012,183.97511291503906,13509000
2023-06-07,184.52287080774758,186.79224083141463,179.27985932270226,179.3581085205078,22592400
2023-06-08,181.1579592086838,182.41001804838788,175.28891100892872,176.5409698486328,16436400
2023-06-09,178.18429243564606,181.15794811771048,177.40175749983126,180.29714965820312,15223200
2023-06-12,181.15793849862803,185.22714000902164,180.45365279517165,183.3490447998047,16387200
2023-06-13,183.42729526272072,188.20079683840527,182.95777145716022,185.93142700195312,17277000
2023-06-14,187.80954745756452,190.3136795332425,185.54017731620849,188.12255859375,15006000
2023-06-15,186.24444354377826,188.27905153696295,184.2098498793234,184.36634826660156,14853000
2023-06-16,184.67939957684243,187.34003014942064,181.8622562663248,186.5574951171875,15313800
2023-06-19,187.8095199228252,188.7485675224393,184.4446041337843,185.38365173339844,9289800
2023-06-20,185.14891697815946,188.43558405866685,183.9751073065497,188.12255859375,9943800
2023-06-21,188.04430701899793,191.40922325890773,185.61843850452632,190.8614501953125,13854600
2023-06-22,190.62669356692206,193.75684796254885,189.60939661230796,191.95701599121094,11861400
2023-06-23,190.31367748059617,192.50478406772493,182.41002100075886,184.28811645507812,15840000
2023-06-26,186.8704921802898,188.4355764555308,183.58382523239527,186.47921752929688,10245600
2023-06-27,186.47922190574477,186.79224736537776,182.17525795873652,184.99240112304688,8878200
2023-06-28,188.59207900953194,189.60939025878906,185.30541198919892,189.60939025878906,9691200
2023-06-29,190.00064845604126,191.48748354864938,188.43557849261185,189.68763732910156,7690200
2023-06-30,189.06157446689116,190.47014583542443,187.26174282625124,188.20079040527344,10992600
2023-07-03,190.15714812905213,194.85238635446083,190.15714812905213,192.8960418701172,9808800
2023-07-04,192.50478807695072,192.58303727959995,190.5484433808678,191.3309783935547,5096400
2023-07-05,190.78320426317663,190.78320426317663,188.35732137841055,190.07891845703125,7533600
2023-07-06,187.34001929359098,189.21811472510566,184.9924000041976,185.69668579101562,10363200
2023-07-07,183.9750879696763,186.00968163413117,183.19253871836614,184.36634826660156,7093800
2023-07-10,185.61841905949873,185.93143015894398,182.56651427153628,183.81857299804688,8611800
2023-07-11,185.61842120117825,185.69667039476,181.78396712726598,182.41000366210938,6324600
2023-07-12,184.1315828228145,184.20984634368125,179.67110662513227,179.90586853027344,7768800
2023-07-13,179.6711022905183,182.33174670374916,177.79300709469848,180.76666259765625,5539200
2023-07-14,181.62748283977405,183.97510211676928,179.51462549047835,181.157958984375,8548200
2023-07-18,182.4100200042925,184.67939010877492,182.09700887319292,183.66207885742188,5605800
2023-07-19,184.8358873025812,185.3054111605291,180.84493451002402,183.74034118652344,9255600
2023-07-20,183.8968442021763,184.6793935375508,181.47097565147072,181.54922485351562,7230000
2023-07-21,180.2971647842673,182.80129684918143,179.51462978280156,181.6274871826172,5618400
2023-07-24,181.62746234963382,185.54015115073204,181.23618773803224,184.6793670654297,6975000
2023-07-25,185.38367134096228,185.8531951904297,183.66207434042792,185.8531951904297,7187400
2023-07-26,187.73128403191325,187.73128403191325,184.6011155922956,185.4619140625,9220200
2023-07-27,183.81857419987358,186.0096805677753,182.95777575985912,185.0706329345703,8203200
2023-07-28,182.80128157072144,186.40095947108168,180.5319116287932,184.9141387939453,12428400
2023-07-31,187.02700602047128,188.12255212380796,184.67938675799144,185.77493286132812,7661400
2023-08-01,188.0443005405234,191.4092166645056,187.41826396888902,189.84414672851562,10504200
2023-08-02,190.31366628483815,200.72143987234597,189.45286780933708,194.6176300048828,28495800
2023-08-03,188.43557205124637,188.82683236436367,181.0796890253997,182.7230224609375,18585600
2023-08-04,181.0796726591413,184.28809004335787,179.59285208046978,181.470947265625,16798200
2023-08-07,180.7666669587009,181.0796780559793,177.94952409700687,179.90586853027344,8391600
2023-08-08,177.87128568186748,178.96683175308434,175.7584284075816,176.14968872070312,11661000
2023-08-09,175.75841097855928,177.63650614723943,175.1323744794229,176.93222045898438,10088400
2023-08-10,175.0541575346537,179.43637084960938,173.80208430575354,179.43637084960938,15011400
2023-08-14,195.79144744117662,204.16462762757448,188.74858961955155,189.68763732910156,31996800
2023-08-15,190.93968729824715,190.93968729824715,181.54921063884598,182.1752471923828,16771200
2023-08-16,180.61014886285247,182.01872025171892,176.54094740459252,181.470947265625,12594600
2023-08-17,182.95777785324395,187.49651768481965,181.86223182112286,186.3227081298828,12616200
2023-08-18,181.54921059893428,181.70572331946667,176.38444843739907,178.88858032226562,13421400
2023-08-21,178.88856053610178,180.2188826916595,176.4626924441823,177.08871459960938,11334600
2023-08-22,177.24525442311628,179.12334983422215,175.21064628484132,178.57557678222656,10179600
2023-08-23,178.26253089365343,181.78395938581556,177.16698491524468,180.76666259765625,6990000
2023-08-24,181.70572237163606,186.08794956511096,181.1579493457255,184.83587646484375,9884400
2023-08-25,182.01875420961568,182.33177968469317,180.76669529550117,181.31446838378906,9194400
2023-08-28,182.95776921524245,186.08793743310903,182.8012708344596,185.38365173339844,7870800
2023-08-29,186.47922846708252,187.0270158763488,185.2271695706897,186.00970458984375,6363600
2023-08-30,187.026984220273,189.45285239916169,185.7749112070737,188.04428100585938,10301400
2023-08-31,187.96602749927203,190.0006210237215,186.32269424482422,188.9050750732422,13077000
2023-09-01,189.84415005693685,190.47017231081625,188.51382769216406,189.68763732910156,6824400
2023-09-04,190.1571513160874,190.86143706170256,189.1398544597756,190.78318786621094,5975400
2023-09-05,191.56572838165565,191.56572838165565,188.59207259295178,191.17445373535156,5940600
2023-09-06,191.1744526220607,195.55667991746304,191.09620342474778,195.1654052734375,8789400
2023-09-07,194.0698602569028,196.96525251807236,192.50477600097656,192.50477600097656,9220800
2023-09-08,190.86142824773918,190.86142824773918,187.18348696979706,188.51380920410156,11392200
2023-09-11,188.9833538998055,189.9224016210468,186.55748539617593,186.94874572753906,5198400
2023-09-12,187.73129712728894,189.4528798590581,186.24446199969938,188.82684326171875,5638200
2023-09-13,189.84414559481786,193.9915966620276,188.7485851831827,193.83509826660156,12232800
2023-09-14,194.1481029042318,194.46111401336407,190.07890117059205,192.11349487304688,11677800
2023-09-15,195.8696976358033,197.4347819359147,193.60034187868243,194.2263641357422,12031200
2023-09-19,193.28733139846022,197.59130997508137,192.2700344053637,195.55670166015625,6235200
2023-09-20,195.47845047591647,196.10447277514885,192.73955634839606,193.67860412597656,7573800
2023-09-21,192.89604851625472,195.32191690672133,191.87873731321193,192.58302307128906,6413400
2023-09-22,188.74858423699342,192.97429880946345,187.10525079214398,191.8787384033203,9265200
2023-09-25,193.99160321455741,195.94796218203876,192.81779356556103,194.85240173339844,5669400
2023-09-26,194.85240950184632,195.08717144100518,192.58303931373354,193.20907592773438,6951600
2023-09-27,191.7222452546619,198.13906648626738,191.56573252700733,196.26097106933594,10536000
2023-09-28,196.02190992275018,198.89052323869288,193.23297544652087,194.6672821044922,10071000
2023-09-29,193.6314100629828,193.95014003085464,190.68311773623094,191.47994995117188,11171400
2023-10-02,192.5158349067016,196.65939747645308,192.3564772166885,192.83457946777344,8849400
2023-10-03,191.87838168471865,191.9580605325154,184.54747538119784,185.58335876464844,12217200
2023-10-04,181.83821320443897,182.07726431093448,175.46351216771768,176.6587677001953,14548800
2023-10-05,179.6070764446199,181.59917891019035,176.34005408040488,181.5194854736328,10916400
2023-10-06,183.2725372314453,185.9020996523766,182.9537926655292,183.2725372314453,8055600
2023-10-10,187.6551426164943,193.87047218086227,187.6551426164943,191.79869079589844,11679600
2023-10-11,191.878377794236,192.35648005236905,188.29261085823816,188.5316619873047,7546800
2023-10-12,190.20502779500023,193.1533203125,189.08945094948947,193.1533203125,8841600
2023-10-13,192.9939271356992,193.31267168021878,190.6034160044126,191.2408905029297,8070600
2023-10-16,188.21290076908323,188.93005409283145,186.9379663903714,188.0535430908203,6493800
2023-10-17,191.16121024767494,193.4720279304731,189.48785246815532,190.76278686523438,6526800
2023-10-18,192.6752157315638,192.6752157315638,187.81451416015625,187.81451416015625,9277800
2023-10-19,183.5115825387606,183.5115825387606,179.52739231539087,180.4835968017578,9640200
2023-10-20,178.96959751686313,182.47567063791104,177.45559746909473,180.96168518066406,7518000
2023-10-23,179.28834139021862,180.40391815570973,177.45561125916666,178.73056030273438,7194000
2023-10-24,179.44771785736333,179.5273967030004,171.24028608844435,177.53530883789062,11749800
2023-10-25,178.96959146417848,180.00547467983836,176.10097832187031,176.41970825195312,8814600
2023-10-26,172.51524216685993,173.94954898970536,170.52313963033671,172.03713989257812,14158800
2023-10-27,172.83396627449315,177.2962588795276,172.83396627449315,177.1368865966797,11326800
2023-10-30,175.54321351029571,175.54321351029571,167.73421942404187,172.03713989257812,27350400
2023-10-31,171.798087202726,171.87776605087836,167.57484562123187,170.68251037597656,13058400
2023-11-01,175.30415803547572,176.10100486657743,173.6308001168945,175.86195373535156,13195200
2023-11-02,178.88990181267638,179.68674854047532,173.31204767069,174.34793090820312,10089600
2023-11-06,181.2804302221777,185.82240156278607,180.72264913157545,185.34429931640625,17536800
2023-11-07,186.53955376642892,188.5316561742421,184.94588934880548,185.7427215576172,18735600
2023-11-08,185.82240059987103,190.60342303889448,183.59126165850094,183.98968505859375,24337200
2023-11-09,167.49517403246887,169.00915975612082,160.80174196291952,165.18434143066406,70554600
2023-11-10,164.9452696455286,170.76217525744323,163.59064179459415,168.53103637695312,23094600
2023-11-13,172.43553574709688,176.89782816799521,170.28407567478342,171.2402801513672,17211000
2023-11-14,171.3199721807895,173.55111107769318,169.40756324329428,170.76217651367188,12672600
2023-11-15,173.23238835398973,174.6666951170204,168.69041693772596,174.0292205810547,16418400
2023-11-16,175.30414586623934,182.95378153444648,175.14478818349977,182.0772705078125,28508400
2023-11-17,178.96960296076463,180.4039096240552,177.53529629747405,180.24453735351562,17490000
2023-11-20,181.51947472832356,184.30840926071332,179.4477081298828,179.4477081298828,14346600
2023-11-21,178.4915105692904,179.6867661878559,177.13688267140859,179.2086639404297,9047400
2023-11-22,178.65088326619488,182.5553950085344,178.0134232764233,181.83824157714844,10221000
2023-11-24,183.2725300583513,184.4677856574481,182.23663214545243,182.6350555419922,9613800
2023-11-27,183.27254263034925,183.27254263034925,180.32423555664963,181.67886352539062,7872600
2023-11-28,181.6788540219575,181.99758399006743,178.9696128167166,179.2086639404297,11733000
2023-11-29,180.5632712718938,183.11315470395056,179.68676024096976,180.8023223876953,11692200
2023-11-30,181.59916108530822,182.39599323900947,179.52737997705913,181.43978881835938,11625000
2023-12-01,180.24454172586712,180.88201623296735,177.61497944604676,179.92581176757812,16701000
2023-12-04,179.28833956160736,180.24454403926927,176.02130273275506,179.12896728515625,9162000
2023-12-05,178.49149331699354,178.8899020909916,176.02128888370342,176.9774932861328,10765200
2023-12-06,176.65877447408153,179.1289644724129,175.70257001143426,178.17276000976562,10767000
2023-12-07,176.89782842000326,176.89782842000326,171.79807606779892,172.11680603027344,16219800
2023-12-08,170.04502750367345,170.44345090599822,166.2999029658069,167.8138885498047,18319200
2023-12-11,171.00122921168278,171.87775484631192,168.05293693596283,169.48724365234375,10498800
2023-12-12,173.07300884331937,173.07300884331937,169.80597204492423,170.76217651367188,9700800
2023-12-13,172.11679618169893,173.6307816549752,171.87774507589103,173.15267944335938,11919600
2023-12-14,173.07302175372837,173.07302175372837,164.54685974121094,164.54685974121094,19023600
2023-12-15,164.30780304242535,168.45136563612758,163.98907307003398,167.89356994628906,13059000
2023-12-18,166.06085598022628,167.1764181896956,163.59065125099488,166.61863708496094,8938800
2023-12-19,165.26400915572188,168.84977609442262,163.4312935585124,166.61863708496094,17382000
2023-12-20,171.47934252334565,174.10890500650837,170.8418825574733,173.31207275390625,17352600
2023-12-21,172.67459830397175,173.23239401260818,169.80598468420746,170.68251037597656,7535400
2023-12-22,171.71839531604124,173.0730232900142,170.76219076747762,172.03713989257812,6774600
2023-12-25,175.30414942658584,177.45560950196426,171.87775491078693,172.11680603027344,7137600
2023-12-26,172.91364218596163,173.391744435868,168.5310430919942,170.04502868652344,13560600
2023-12-27,171.63870656556188,173.07301330566406,171.08092547458523,173.07301330566406,10243200
2023-12-28,172.35586430719624,173.8698499299746,171.95744089466592,172.75428771972656,5727600
2023-12-29,172.1964793623519,174.50731164027383,171.71837713867993,172.83395385742188,8139600
2024-01-04,174.02921761505903,178.17276555191,171.39965526098533,177.4556121826172,10711200
2024-01-05,178.49150172468376,180.80231941238972,177.216552734375,177.216552734375,10353600
2024-01-09,177.77435110368486,178.41181101805128,173.86983982321033,175.54319763183594,12478800
2024-01-10,174.3479464444387,178.33213666690293,174.1088953229013,177.85403442382812,10893600
2024-01-11,180.3242190130163,182.07727024479618,179.84611678444398,181.20074462890625,10861200
2024-01-12,183.27252739644038,183.27252739644038,178.7305561858416,179.92581176757812,12284400
2024-01-15,181.6788402189551,182.9537745850546,181.3601102750606,182.31631469726562,1350600
2024-01-16,182.95379540512613,185.02557675251214,182.2366420068606,184.22874450683594,8882400
2024-01-17,186.7786144342158,191.55963711248515,185.58335876464844,185.58335876464844,15412800
2024-01-18,184.78651018314312,187.1770213109975,183.98967800403233,185.9817657470703,7856400
2024-01-19,189.00975009175244,190.36436332800938,186.7785966605258,188.1332244873047,6909000
2024-01-22,189.64719897718726,190.12530117174364,188.61131575248882,189.56752014160156,7935000
2024-01-23,190.4440569135951,194.8266557583534,190.04563353115455,190.76278686523438,10719000
2024-01-24,192.35648940008696,193.1533216721904,188.7707222898359,190.12533569335938,7721400
2024-01-25,189.80657156316983,191.95803144234932,189.08941827011,190.4440460205078,7929600
2024-01-26,188.85038354307815,188.85038354307815,185.02556564853478,185.6630401611328,12838800
2024-01-29,185.50366086534635,189.40815745476087,185.34428859559736,187.65512084960938,9233400
2024-01-30,189.64721114704045,189.96595569087958,187.09734233945954,187.73480224609375,5287200
2024-01-31,189.64720520759764,195.38443173075711,188.53164311066433,194.98602294921875,18258600
2024-02-01,192.19710911113756,192.75489021934544,190.52375119599085,191.6393280029297,11282400
2024-02-02,193.31267708768706,193.63140705060033,191.71899809207588,192.2767791748047,6887400
2024-02-05,195.5438092755095,199.44830590120344,194.98602821198804,197.7749481201172,14257800
2024-02-06,196.65939702616234,197.85465265113794,192.91425787106448,196.3406524658203,11560200
2024-02-07,195.30477892373494,200.1654805124294,194.10952323876717,197.93434143066406,12006600
2024-02-08,200.80293711062342,202.23724380427075,197.93432372332882,200.4842071533203,17684400
2024-02-09,248.29441833496094,248.29441833496094,248.21475408293747,248.29441833496094,22926000
2024-02-13,248.77253811496436,274.9088052706056,248.77253811496436,272.0401916503906,70125600
2024-02-14,270.7652509919407,272.35894472919176,265.9045638821537,269.6496887207031,22117800
2024-02-15,269.49032223098544,270.84493560053033,260.08763453960904,270.2871398925781,23362800
2024-02-16,270.92460161551594,282.2396680580065,270.6855505050261,276.50244140625,27066000
2024-02-19,281.44288040449857,285.5067497149605,277.53836879096065,280.406982421875,16906800
2024-02-20,278.8929785439866,281.2038256151202,276.6618540918496,278.0961608886719,16187400
2024-02-21,280.0085823934261,284.630218378965,278.4148886498871,279.76953125,13626000
2024-02-22,281.7615472308289,287.5784669289748,280.56629175730865,285.58636474609375,13209600
2024-02-26,286.86134418572453,289.4112130736938,280.3272705078125,280.3272705078125,11180400
2024-02-27,282.00061520359765,282.080308633616,277.4586441323784,279.0523376464844,11829600
2024-02-28,301.2841014884365,304.5511237006489,293.6344657282946,299.0529479980469,23755800
2024-02-29,295.8655794687742,295.8655794687742,288.45499509085647,291.3236083984375,19123200
2024-03-01,286.7019724232496,299.69039652660973,285.5067168811585,295.2281188964844,18909000
2024-03-04,295.30782257310466,299.5310492413523,292.99697565751626,297.6983337402344,20598600
2024-03-05,304.0730080381209,318.25671677739575,299.53103700610495,313.55535888671875,22651200
2024-03-06,314.3522269985957,322.95806743353825,314.0334824406568,319.85040283203125,15478200
2024-03-07,320.1691015167201,322.32056131719844,312.6788243361891,313.3162841796875,16173000
2024-03-08,313.3960242849019,317.8583022161513,311.005513039403,314.19287109375,13728000
2024-03-11,306.7822904177853,307.4994438012183,298.97326745526243,302.4793701171875,13145400
2024-03-12,304.55113034571224,305.66669252472536,296.9811878532499,302.3199768066406,12207000
2024-03-13,307.57906818516517,308.2165572307211,297.0608199249559,303.1167907714844,12854400
2024-03-14,308.21659669829825,310.607107972636,305.3479831690929,305.9854431152344,11636400
2024-03-15,303.435554097049,313.4757007857634,302.31996278871816,308.45562744140625,12834600
2024-03-18,310.2086586982632,321.5237547125603,309.01340310453617,321.4440612792969,11670000
2024-03-19,319.6113851900157,327.81881767309557,319.05358945045157,327.4203796386719,12820200
2024-03-21,334.59184767123656,339.4525631142053,331.7232344618207,334.27313232421875,11322000
2024-03-22,336.8230218514384,344.5523509821886,334.5122041278519,342.3211975097656,15298200
2024-03-25,342.3212086377223,355.94712266869305,341.04625958617186,346.1460266113281,21029400
2024-03-26,343.91486407510985,355.0706023271696,340.2494330669297,352.4410400390625,13788600
2024-03-27,349.73175791134287,351.96291122949793,341.44466287126204,345.58819580078125,16965600
2024-03-28,348.2578029412322,363.6280758961156,346.31629602588043,360.79669189453125,19690200
2024-03-29,363.4662505905123,371.2322779674744,363.22356223498224,371.07049560546875,10538400
2024-04-01,369.5334695394331,370.3424406215723,349.875712206309,352.6261901855469,18543000
2024-04-02,360.6349360921116,368.4009643255891,356.50923359307666,363.2236022949219,13953600
2024-04-03,359.74511308195895,367.26845344585496,359.0170478854529,362.1719970703125,11653200
2024-04-04,372.1221923549376,388.1396254268995,372.1221923549376,376.81414794921875,31762800
2024-04-05,368.72456815132676,380.0500164067812,365.6504954801675,378.91748046875,14957400
2024-04-08,383.93301288547235,392.6697944682012,383.44763613087633,389.83843994140625,17212800
2024-04-09,395.90564930431515,412.5702413341702,395.90564930431515,409.81976318359375,35572800
2024-04-10,407.15021020704035,422.4395786941273,404.7233263202012,419.4464416503906,34331400
2024-04-11,417.0195459608937,438.537905940164,416.291480815448,431.4190368652344,46944600
2024-04-12,439.10421632283766,448.1645633970787,433.92685397680816,447.921875,36076200
2024-04-15,445.7376255496811,455.20247189173,430.12469364145943,451.3194580078125,40478400
2024-04-16,439.9939943736815,445.5758266244232,409.3343551793756,413.3791809082031,54739800
2024-04-17,429.55842763767174,437.7289264616027,419.93179855056223,422.7631530761719,33540000
2024-04-18,401.40656186870484,437.24353444186323,396.3910121234337,430.6909484863281,34901400
2024-04-19,428.1023073198428,428.5876840855115,406.3412588673758,419.04193115234375,36566400
2024-04-22,428.8303635572661,431.82353009170777,401.3256708659009,414.5117492675781,35578800
2024-04-23,428.7494456782804,433.27964835491144,417.8284689802248,421.7923889160156,19690800
2024-04-24,429.8820468001048,441.61196595751323,425.6754381444896,435.22119140625,27126600
2024-04-25,429.3966427755452,435.7065405461257,423.2485273804771,425.7563171386719,18452400
2024-04-26,417.6666697523329,439.0232455444336,416.6150103117981,436.83905029296875,19734000
2024-04-30,440.8839164133072,450.75326442153704,435.2212068348658,441.3692932128906,24446400
2024-05-01,427.7786917048697,452.85649989489315,426.4034674787392,445.3331604003906,25672800
2024-05-02,437.97162034974326,449.9442569837658,433.1178527447404,449.7015686035156,17578200
2024-05-07,453.01830314279033,477.7725181041205,452.9374267654968,475.5074462890625,34566600
2024-05-08,459.3281884175861,465.71899217515073,451.8048487836988,464.5864562988281,26515800
2024-05-09,463.04941113476673,468.79302603099,448.2454205272087,451.8048400878906,29483400
2024-05-10,445.98032354482774,467.0942119944158,442.0164332027898,458.1956481933594,27876600
2024-05-13,453.01829880579936,460.2989501953125,448.0027488347058,460.2989501953125,21323400
2024-05-14,437.0008329210853,463.6965526772336,425.10910321152835,458.0338439941406,42687600
2024-05-15,453.0183334115133,453.0183334115133,438.5379355279065,446.70843505859375,24439200
2024-05-16,453.82724852207264,462.8876241429829,438.61878732362067,462.4831237792969,25195800
2024-05-17,455.4452003231839,466.1234894432838,454.7980411606179,460.5416564941406,12034200
2024-05-20,466.7706637209435,481.97912575633256,465.8807865718994,470.8154602050781,26560200
2024-05-21,475.6692081302704,496.5404080788435,475.5883021314236,489.4215393066406,28143000
2024-05-22,494.76070700769327,497.9965619898554,486.83289637019976,487.80364990234375,19386000
2024-05-23,494.275321786442,500.58524926248555,477.2871352645261,494.4371337890625,20280000
2024-05-24,494.11353955483605,519.1913189636132,488.7743952177995,518.544189453125,30823200
2024-05-27,521.4564160715322,540.8714851247684,519.8384739003997,540.3861083984375,39114600
2024-05-28,546.534226197655,553.3295007684962,540.224328381874,552.6823120117188,37345800
2024-05-29,555.1091949389981,559.1540209750171,530.35498046875,530.35498046875,36997800
2024-05-30,520.1621226573149,525.6630795276741,508.51307934368214,522.2654418945312,27154800
2024-05-31,521.6182250976562,524.2069210007782,514.1758206575851,521.6182250976562,22510800
2024-06-03,529.8695914223078,529.8695914223078,495.246060292474,497.6729736328125,30999000
2024-06-04,497.5111615648236,510.77814562324915,488.6125978183541,489.4215393066406,30277800
2024-06-05,485.05315535394885,496.21682059771086,482.707177605275,492.8191833496094,25789800
2024-06-06,503.65926868556016,517.5734420775146,500.7470081035362,508.9984130859375,22054800
2024-06-07,508.99843427076064,519.3531587434024,503.98291367081026,510.93994140625,16585200
2024-06-10,513.2050195460799,531.9729001669018,512.0724540840159,527.2809448242188,18686400
2024-06-11,533.1054727293869,540.2243118355302,528.2517053274504,535.3705444335938,20323800
2024-06-12,525.8249021488379,532.7819303235865,509.6456552480722,523.2362060546875,19354800
2024-06-13,533.9144871525318,538.1210663921856,513.5286612794351,514.0140380859375,15752400
2024-06-14,510.2928024229724,548.3139436230175,504.1446571075727,546.3724365234375,36063000
2024-06-17,537.7974250436813,538.2828017810854,521.4564279677751,529.5460205078125,23550600
2024-06-18,535.532358180101,536.6648644108595,518.0587954760383,523.5596923828125,16647000
2024-06-19,527.2808870700783,532.6200305562893,513.2049633337037,516.6026000976562,14952000
2024-06-20,509.6455764770508,511.1017066955567,485.3767395019531,504.79180908203125,28521600
2024-06-21,504.7918320406306,512.0724834642936,490.068746814461,496.70220947265625,26922600
2024-06-24,491.6866862567174,507.2187434731191,491.03952708105004,503.82110595703125,13764000
2024-06-25,499.12914484177094,506.8951733683199,495.731477736358,503.3357238769531,11485200
2024-06-26,509.64554864005987,513.0431856309935,503.49746335887545,505.9243469238281,11134200
2024-06-27,503.33572487561526,513.3668253256117,503.33572487561526,510.93994140625,11217000
2024-06-28,509.64559404755005,516.1173038807243,508.3512757809521,513.8521728515625,13391400
2024-07-01,512.8814193265696,516.9262453784663,499.129117400287,504.46826171875,16325400
2024-07-02,506.7333390962764,524.854091278869,506.0861503307968,516.1173095703125,19908000
2024-07-03,514.4993393030544,519.35310665497,503.65923913374627,515.4700927734375,14731800
2024-07-04,514.9847762485441,515.1465882625564,497.8347765166251,501.39422607421875,16313400
2024-07-05,503.1739053614336,511.26355780541104,500.5852687194443,506.4097900390625,15261000
2024-07-08,500.9087896432515,507.86587591610436,495.24605120314817,499.6144714355469,12509400
2024-07-09,532.1347854589886,565.7875374662093,531.3257846246138,556.4036254882812,61896600
2024-07-10,563.037037695265,574.5242678522353,550.0936772683932,566.7582397460938,41724000
2024-07-11,580.9960166880927,583.2610886210551,539.5771775918753,549.6083374023438,31177200
2024-07-12,547.6667631098913,548.637516569318,534.0762146779184,537.959228515625,19044000
2024-07-16,538.4446052453383,549.6082700287446,535.8559096035043,537.959228515625,11373000
2024-07-17,538.7682216876848,542.4894238892498,528.737121394282,533.4290771484375,13818000
2024-07-18,510.7781645826551,514.4993666670082,497.8347447890835,503.17388916015625,23554800
2024-07-19,514.4993431069654,526.9573263189594,509.807387715454,513.043212890625,24810600
2024-07-22,516.602695239411,520.8092741623279,499.9380730542384,501.2323913574219,15386400
2024-07-23,505.6007427571997,508.35125040529863,497.51115030711384,504.95361328125,10141200
2024-07-24,505.7625916553652,514.0139967015659,490.39231747860305,490.7159118652344,15186000
2024-07-25,472.3524937005927,479.0668623420223,444.3624239859386,462.64495849609375,31425000
2024-07-26,465.88077057727605,470.81544404103755,453.6654755420493,454.0699462890625,23276400
2024-07-29,476.15459096224106,488.6126040666456,475.6692142130441,481.655517578125,23826600
2024-07-30,478.3387615940718,481.17011594293535,470.1682632801805,478.0151672363281,14127000
2024-07-31,468.3885762840772,495.4078926321293,465.3145333268311,494.9225158691406,22572000
2024-08-01,486.5092427973844,491.686604213974,469.44018168378227,480.11846923828125,18289200
2024-08-02,444.119770438439,458.0339151978653,436.5155240568265,438.45703125,23065800
2024-08-05,373.012032576699,393.47876208778126,357.5608825683594,357.5608825683594,36325800
2024-08-06,382.1532999159011,403.9952545398527,373.74011245428346,396.06744384765625,38757000
2024-08-07,379.8882381945966,437.7289516746543,377.7849190543797,428.7494812011719,34443600
2024-08-08,412.5702607716229,425.3518393675711,406.26036266570395,410.6287536621094,25392000
2024-08-09,491.5248718261719,491.5248718261719,491.5248718261719,491.5248718261719,3722400
2024-08-13,507.70403984670634,549.2846250172012,506.40972170037656,545.401611328125,72784800
2024-08-14,546.0487451012567,586.3350080731716,544.7544270851176,584.231689453125,58074000
2024-08-15,567.8908174994415,598.14598906497,566.9200639652544,577.1129760742188,48622200
2024-08-16,599.1167406894552,645.8746629370283,599.1167406894552,642.96240234375,79410600
2024-08-19,636.005378788,659.1416516715046,631.3133638587589,640.5355224609375,60909600
2024-08-20,643.4477503084709,669.819906472767,637.7850413805912,667.0694580078125,54723600
2024-08-21,659.9506147463203,679.2039333601538,643.2860513159786,660.1124267578125,45655800
2024-08-22,659.9505174241646,662.3774009881786,641.1826376124857,654.9349975585938,30399600
2024-08-23,643.6095888931452,655.096819221398,640.6973283099184,650.081298828125,27865200
2024-08-26,643.7713715589126,646.6836320094177,618.0464042461173,622.414794921875,27156000
2024-08-27,618.8554324508166,630.0190990754196,607.0445769964936,623.06201171875,27949800
2024-08-28,620.6351260291297,648.6252281516654,613.3544739018976,645.3893432617188,29410800
2024-08-29,639.0794130179484,660.5978035421932,625.3271102938911,660.1124267578125,42486000
2024-08-30,675.8062665464834,688.1024383838717,669.9817453866385,680.6600341796875,47070000
2024-09-02,696.515676399915,715.1218059724763,688.7496479522505,714.3128051757812,39891600
2024-09-03,719.328303375698,719.9754920896282,680.1746008097313,687.6170043945312,49494000
2024-09-04,651.2137456024913,658.9797731147697,625.327026728288,630.0189819335938,55052400
2024-09-05,620.4732417669518,653.8024224694618,617.3991695479996,633.9019775390625,44540400
2024-09-06,630.9898288110662,637.9469159043999,604.4559172982741,615.2959594726562,37089600
2024-09-09,590.0563133663313,630.6662074351354,582.4520974003023,622.2529907226562,44130600
2024-09-10,624.5180692583253,640.211937359084,610.1185786659353,625.650634765625,38988000
2024-09-11,621.6058309912981,635.3581925718898,613.3544258929619,624.03271484375,36282000
2024-09-12,655.2586060695132,671.114226663881,645.8746359115739,659.9505615234375,35759400
2024-09-13,659.9505606736329,675.1590517548287,650.4048377796337,668.2019653320312,40690200
2024-09-17,671.2760485024088,679.5274532923878,655.096803673988,669.1727294921875,29855400
2024-09-18,677.9094817138002,694.7359145676159,655.4203993275895,672.0849609375,34117200
2024-09-19,693.9269560214428,719.8137363504982,682.7632905217386,714.7981567382812,46381800
2024-09-20,732.9188940334193,755.2462245801328,727.2561850216023,746.8330078125,70446600
2024-09-24,758.158452389564,786.310302734375,752.8193083586516,786.310302734375,59149800
2024-09-25,783.0744167952818,793.5908920468944,774.0140123707349,778.058837890625,41289600
2024-09-26,797.3121640582071,808.4758289694831,780.0004135835046,807.3433227539062,49872600
2024-09-27,814.10314826798,831.2061555845343,796.67438926701,817.197998046875,55200000
2024-09-30,789.9959550645541,828.2741304352453,782.3403438506358,784.7836303710938,52768800
2024-10-01,799.7691136557686,823.0618186154944,793.7423799114066,814.4288330078125,42720600
2024-10-02,799.4433767479815,823.3875854647608,783.4805908203125,783.4805908203125,40059000
2024-10-03,817.3608022512553,829.90304674216,774.1961114751028,782.991943359375,53878200
2024-10-04,784.2949790020672,796.1856600417939,774.3589271934983,778.4310913085938,28801200
2024-10-07,801.2351286061894,821.1072334506281,790.3218211585861,812.3114013671875,40660200
2024-10-08,827.4597813689468,860.036917449422,824.0391799927274,845.377197265625,70050000
2024-10-09,864.9234890674584,883.3295622657903,847.1689192200321,854.498779296875,76805400
2024-10-10,860.199828509384,862.1544578794864,821.1072411073375,842.1195068359375,53035200
2024-10-11,851.8926858895829,892.7769985428752,847.4947696406033,888.704833984375,83397000
2024-10-15,899.2924139539502,905.3191480649444,863.2946166992188,863.2946166992188,68684400
2024-10-16,849.4492750537938,886.0985717773438,839.0245663244681,886.0985717773438,69163200
2024-10-17,865.4121434637863,867.3667728109659,825.1793361841541,842.608154296875,94043400
2024-10-18,850.5895608544117,873.8822681904891,836.907154729941,864.5977783203125,61098600
2024-10-21,873.882240781865,874.6966498087831,833.3236810421281,835.7669677734375,44353800
2024-10-22,847.0060825642345,859.8740195186934,812.8000684944362,823.8762817382812,64691400
2024-10-23,816.7092530147353,824.3648641557836,798.3031216354512,818.5009765625,46261800
2024-10-24,803.0269188010234,836.9071214223931,793.5795236361229,836.0927124023438,62354400
2024-10-25,819.8040437939525,834.6266684449336,814.7546247940468,830.5545043945312,46321200
2024-10-28,832.3463657348339,852.7070685971893,814.5917956169137,829.7401733398438,64607400
2024-10-29,824.8536001851936,868.0183523058912,820.9443414165434,859.8740234375,58975200
2024-10-30,872.0904435826985,929.7520095272337,864.9234891680258,914.929443359375,105415200
2024-10-31,907.5995703018694,940.6653631848494,900.9212136706645,933.6612548828125,63163800
2024-11-01,901.0841371989382,902.7130148865035,872.742011408516,884.4697875976562,57479400
2024-11-05,904.016082352321,905.6449600418794,875.1852991854091,881.3749389648438,57883200
2024-11-06,897.663516067933,942.2942388007726,897.663516067933,939.8509521484375,78082200
2024-11-07,956.3023922817766,962.9806892239366,915.5809283392497,946.0405883789062,97930200
2024-11-08,977.314709431205,1031.392829786769,869.8100913937724,904.3418579101562,220398600
2024-11-11,900.7583406704483,977.3146337652057,898.6408057471066,962.3291625976562,141599400
2024-11-12,952.0674246469233,984.3188097868983,922.7479836105824,943.923095703125,106485600
2024-11-13,943.9230379496098,964.4466454193206,933.3354825511334,937.7333984375,74445000
2024-11-14,934.8014731549202,954.8364237034575,913.9521136058138,918.67578125,77763000
2024-11-15,921.9334931654203,928.2860385733546,897.3377801991719,899.7810668945312,74785200
2024-11-18,892.4511811085968,896.5232857165622,856.4533850665587,858.7338256835938,76844400
2024-11-19,863.1317780604628,935.9417225603862,862.3173093840311,920.3046875,134684400
2024-11-20,926.00563126381,934.1499001337121,900.1067930279355,919.1644287109375,78614400
2024-11-21,944.7375168260244,982.8527882543945,908.4139690428208,910.0428466796875,119721600
2024-11-22,926.3313404929451,954.8363697075466,901.5727237003191,936.4302978515625,133775400
2024-11-25,943.1086477726064,951.2529167299575,911.3459212932181,918.67578125,190240800
2024-11-26,911.8345484888629,916.069558662636,848.6348492888616,856.6162719726562,113370600
2024-11-27,842.9338773501141,871.1130962649678,826.645280126498,868.18115234375,132410400
2024-11-28,860.0369262695312,903.5274299274791,840.1648808112157,860.0369262695312,143769000
2024-11-29,854.4987135853833,866.8780517578125,842.4451867139057,866.8780517578125,83797800
2024-12-02,871.4389155762486,922.25927734375,861.6657690824984,922.25927734375,140515800
2024-12-03,915.7438343527789,982.2012310827564,909.7170407461996,979.269287109375,157923600
2024-12-04,980.5724041614807,1023.5743109794585,973.2425438488519,1006.9599609375,145284000
2024-12-05,1043.7719586397059,1069.9966059817987,1024.0628212851075,1038.396728515625,160116600
2024-12-06,1048.6586961251328,1050.6133255680502,988.7167464258545,997.186767578125,147197400
2024-12-09,1008.5886981438409,1026.6690187985512,979.1063535891295,1007.9371948242188,135958800
2024-12-10,977.9662010041035,984.3187461512891,943.1086256975674,953.044677734375,118453800
2024-12-11,952.8817905392299,973.2424926757812,943.2715496292749,973.2424926757812,99967800
2024-12-12,1001.7475639356193,1032.5329768760798,994.5806093779723,998.4898681640625,160276800
2024-12-13,999.1413280031346,1023.7371000110219,986.2733914931814,1021.782470703125,113046000
2024-12-16,1033.998921342289,1059.8977601093688,1016.4072572740836,1057.128662109375,128556000
2024-12-17,1064.621479139236,1091.3346670557528,1027.320556640625,1027.320556640625,127273200
2024-12-18,1021.456620311197,1052.5678420388335,1014.9412293011409,1017.7103271484375,94919400
2024-12-19,985.1331444254118,1029.4381139681918,977.477533060914,1017.0587158203125,102180600
2024-12-20,1010.7061707421725,1027.8091767217804,989.0424029350365,1017.0587158203125,91944000
2024-12-23,1045.7266829055197,1058.4317734454933,1010.0546979279015,1033.673095703125,94265400
2024-12-24,1042.794775628811,1046.2153770483994,994.7434500891696,1001.74755859375,80674800
2024-12-25,1015.2670305451336,1024.2257080078125,1006.3082337813552,1024.2257080078125,65182800
2024-12-26,1019.8277318594843,1088.076904296875,1013.6380332822538,1088.076904296875,147144600
2024-12-27,1096.2211662774096,1105.6686202469248,1071.9512666583364,1091.49755859375,111554400
2024-12-30,1092.6378579994214,1095.2439908215295,1044.5865906540814,1066.576171875,115836600
2025-01-06,1088.0771423883773,1103.714178593714,1066.250406251389,1076.349365234375,114045000
2025-01-07,1091.334673439536,1097.198561450795,1048.9844506700688,1063.318359375,108892800
2025-01-08,1053.0565450227036,1075.6976281880977,1044.4235591015765,1069.833740234375,98402400
2025-01-09,1069.9967597943153,1110.0666628429847,1022.1083390776125,1025.040283203125,203056800
2025-01-10,1029.2751944114423,1060.2235718556121,1020.4793623738354,1026.994873046875,152406000
2025-01-14,1020.4793450945632,1022.2711283944758,974.5456159931651,994.58056640625,106141200
2025-01-15,992.7887339112591,1005.8195754393229,967.5414598098388,981.8754272460938,88109400
2025-01-16,998.1640097355902,1003.0506426381944,965.749780264015,967.54150390625,94168200
2025-01-17,960.5373849717157,974.7084472444654,942.7828754545005,971.125,82921200
2025-01-20,977.3146273922016,991.9743468030847,961.5146876991774,983.830078125,79096800
2025-01-21,993.4404177457334,1000.2816208192406,962.9807556063606,984.9703369140625,84573600
2025-01-22,999.3043352772808,1139.7118484049467,994.5806671863844,1130.916015625,305887200
2025-01-23,1156.4890434561555,1218.7113698030987,1142.9694843502195,1185.1568603515625,253397400
2025-01-24,1174.4064418122684,1193.9527355417438,1158.4437148006032,1189.066162109375,148400400
2025-01-27,1170.3343373345144,1171.8003093645784,1058.75761703556,1062.341064453125,193296000
2025-01-28,1018.0360554417083,1023.0855940080136,961.188959652287,964.4466552734375,192107400
2025-01-29,999.3042103065509,1001.5846508795005,925.8427073181838,980.5723266601562,276453000
2025-01-30,974.0569221010372,998.6526335438441,956.4652589840653,984.3187255859375,136201200
2025-01-31,1000.6073655020687,1039.0483911909084,995.7207919123621,1024.5516357421875,189448800
2025-02-03,993.2775063508518,1009.8919162270407,973.2425546081776,985.296142578125,104935800
2025-02-04,1001.5846819793117,1034.3247231379826,991.6486297043565,1027.4835205078125,143974800
2025-02-05,1040.0257174388682,1063.3184249084036,1006.6341706393895,1023.9000244140625,150031200
2025-02-06,1039.2113114859735,1051.1019336053769,1013.3124725826333,1032.69580078125,114262800
2025-02-07,1036.116399886087,1046.8668612942156,1014.7784423828125,1014.7784423828125,107409000
2025-02-10,1025.2030915335324,1087.2625732421875,1010.054714108585,1087.2625732421875,191002200
2025-02-12,1097.6871516992474,1230.601938497954,1087.5883136089024,1199.8165283203125,413539200
2025-02-13,1216.2681201208395,1241.1896444784782,1156.814770611724,1177.33837890625,242359200
2025-02-14,1178.9673162956947,1199.8166166173378,1118.5366521031083,1129.124267578125,212530200
2025-02-17,1123.9117983665076,1151.276607370214,1110.880897169138,1145.4127197265625,125109600
2025-02-18,1145.41282239982,1181.736312125838,1120.817109012367,1122.2830810546875,132689400
2025-02-19,1122.934564650301,1136.2911588115105,1098.175886382127,1123.2603759765625,89630400
2025-02-20,1113.3243096883136,1138.8974576736678,1090.357413818057,1096.8729248046875,143344800
2025-02-21,1080.5841754426576,1088.4026925258752,1061.2008480412494,1077.16357421875,107500200
2025-02-25,995.7207514507885,1029.1123561737525,985.4589473293978,996.372314453125,126750600
2025-02-26,984.4816906967885,1029.60107421875,969.4962179639298,1029.60107421875,182801400
2025-02-27,1058.7575227695934,1121.6313491492183,1040.5142373745605,1079.1181640625,305515800
2025-02-28,1030.2525012488388,1040.5143052146886,972.9167474289039,1000.11865234375,216063600
2025-03-03,1025.5288096072477,1037.2565846117736,1001.74744830326,1010.2174682617188,158190600
2025-03-04,961.3518712286113,970.3105491545582,921.2819702745461,946.0405883789062,174596400
2025-03-05,962.3292314314205,1020.1537046154647,956.9540005612308,1016.2444458007812,173758200
2025-03-06,1026.6690886969445,1028.949529422534,978.4549168853501,998.4898681640625,148450800
2025-03-07,964.7724591111689,983.5042833507491,945.3890122416371,952.7188720703125,126315000
2025-03-10,950.6014034414777,956.6281373536142,928.6118238012575,940.339599609375,99868800
2025-03-11,883.3295522512883,923.2366075398115,857.2678675961279,921.44482421875,183431400
2025-03-12,916.5582562198703,950.1127663756207,916.5582562198703,930.2406616210938,153091800
2025-03-13,955.3250270103653,969.8218404438005,934.9643259431067,936.4302978515625,128937600
2025-03-14,936.4303047093874,1012.6607848568035,934.8014271378801,1011.846435546875,208976400
2025-03-17,1029.438134011809,1029.438134011809,989.3681738574256,998.0011596679688,131258400
2025-03-18,1012.0093266800089,1032.532934463959,992.7887852210462,1009.5660400390625,139843200
2025-03-19,1004.5166038698898,1010.2175264022388,953.6961829415545,955.9766235351562,148874400
2025-03-21,970.3106022368875,996.8610050993597,963.4693992607154,970.6364135742188,152711400
2025-03-24,987.4135766858532,1006.4712725618472,974.5456398562247,996.372314453125,174675600
2025-03-25,1040.514251321445,1073.2542908500586,1003.3762960352564,1011.846435546875,170501400
2025-03-26,1037.5824189171917,1043.6092725440956,1005.8196905901235,1021.4567260742188,158232600
2025-03-27,982.0383725599207,982.0383725599207,944.7375677640872,949.7869873046875,128657400
2025-03-28,922.3536268203084,948.7160228337498,921.365037724038,937.6767578125,105094200
2025-03-31,889.7302053935855,901.9227843916376,861.06112099757,889.4006958007812,155396400
2025-04-01,897.9683889015824,902.7466096524059,859.7429849271255,861.8848876953125,126314400
2025-04-02,870.4527074125183,889.2359004174449,853.3171830296927,881.9862670898438,136194000
2025-04-03,816.0802777139603,840.3007099416914,795.4846921910307,806.0296020507812,150993000
2025-04-04,762.8612747983618,765.1679625830021,690.6942705754171,707.1707153320312,184565400
2025-04-07,591.8353974360518,624.9531343074199,591.8353974360518,592.0001220703125,143424000
2025-04-08,684.2684510666526,707.3355102539062,684.1036661016117,707.3355102539062,44455200
2025-04-09,661.2013258021418,668.1214495321273,634.6742049500943,660.70703125,200997000
2025-04-10,776.0424194335938,776.0424194335938,776.0424194335938,776.0424194335938,7406400
2025-04-11,741.4418128046864,772.417583982297,717.8804597551227,767.9689331054688,186045600
2025-04-14,788.2350550402294,801.9105783842749,766.3213693054547,766.65087890625,154891800
2025-04-15,771.9232682851333,791.5303248010778,761.0487886620234,775.8776245117188,154275600
2025-04-16,771.4290385158573,782.6330889908527,741.2770697569804,752.1515502929688,154629600
2025-04-17,749.3505301112073,763.5202869529202,738.1465405390637,758.7421264648438,124651200
2025-04-18,749.021064800821,775.218677230513,747.0438865042405,771.92333984375,102073800
2025-04-21,767.8042051785666,775.5481328549592,748.1971482096807,750.339111328125,108349800
2025-04-22,738.8055861974107,745.5609854461138,725.4596330058105,730.2378540039062,114196200
2025-04-23,760.8840601036075,774.0652273443836,751.8219736850622,773.7357177734375,138313800
2025-04-24,795.9790276848081,808.1716067357117,789.223628462854,798.4505004882812,133568400
2025-04-25,832.0625226815948,877.0433272759026,823.3299453001293,868.6403198242188,245049600
2025-04-28,877.3728345028203,877.702344093023,847.7151612238517,858.2601318359375,142580400
2025-04-30,840.3007459340605,866.0040628685141,837.4997635605107,864.5211791992188,114669000
2025-05-01,878.0318722693133,921.365006053422,868.3107062643454,915.4334716796875,218813400
2025-05-02,916.2573184125201,922.5184229907625,890.5540015972055,910.98486328125,166179000
2025-05-07,921.0355046580547,936.5233598789968,910.9848289892991,935.2052612304688,130540200
2025-05-08,951.5170143435614,972.1126006017373,942.9492219802983,971.9478759765625,165465600
2025-05-09,983.6461175807697,994.6853822293293,969.1467912120768,987.7652587890625,131686800
2025-05-12,991.0605791877653,1015.4457369203737,989.4129105641655,997.81591796875,122913600
2025-05-13,1021.5421255646099,1026.81452039219,942.9492305958196,946.2445678710938,266065200
2025-05-14,979.1975329462244,1010.0085809340914,956.789492560622,993.0377807617188,220276200
2025-05-15,976.5612419542624,990.4014892992332,946.2445499005961,949.0455322265625,140493600
2025-05-16,939.4891501404954,956.1304401375255,932.898596397482,953.1646728515625,118984800
2025-05-19,943.2787477875814,980.1860525653632,941.960588815694,954.6475219726562,135592200
2025-05-20,959.5905427586856,1014.2924549119972,952.6704187972977,1008.6904296875,165002400
2025-05-21,1005.0656410163318,1014.9514720307881,983.6461896382792,998.3102416992188,119748600
2025-05-22,968.8172874181772,991.0605414660436,951.8464882909831,981.6689453125,127092600
2025-05-23,985.6232474252973,1034.3936790315433,985.4584624766575,1029.285888671875,171404400
2025-05-26,1038.0185109520173,1046.7510878572466,1019.0705942318594,1039.336669921875,142657200
2025-05-27,1047.4102117142072,1068.005859375,1031.7575098378138,1068.005859375,157572600
2025-05-28,1087.6127402665527,1111.0094295395174,1068.5000980189864,1073.2781982421875,143574000
2025-05-29,1112.1626558180876,1150.0586087606425,1100.7938820030581,1132.75830078125,220879200
2025-05-30,1100.6292747329765,1114.6342472217193,1090.4138134683426,1106.8902587890625,149736000
2025-06-02,1099.3111356853528,1125.0144536060536,1088.436655026595,1121.7191162109375,130230600
2025-06-03,1129.4630355273903,1135.559294691023,1101.947265625,1101.947265625,112734600
2025-06-04,1127.6506294170624,1131.4402613146551,1091.0728315414467,1103.759765625,122979600
2025-06-05,1098.98150834215,1133.417402188738,1097.6634699948547,1132.0992431640625,144510600
2025-06-06,1125.3439936228579,1147.0929543620105,1125.3439936228579,1136.7127685546875,109590000
2025-06-09,1151.2120499555213,1171.4781272625958,1143.6329067981826,1164.8875732421875,117684000
2025-06-10,1166.5352175779547,1172.7963225308642,1132.0993213530353,1133.41748046875,126792000
2025-06-11,1144.786086440909,1146.433694583629,1100.629150390625,1100.629150390625,94712400
2025-06-12,1107.2197384593921,1114.4694317346202,1097.3338479374333,1106.3958740234375,79649400
2025-06-13,1107.219700636062,1117.1055908203125,1086.2946066385218,1117.1055908203125,90244200
2025-06-16,1121.2247302179132,1133.0877990602273,1106.8901887001173,1129.4630126953125,63976200
2025-06-17,1136.712631694307,1154.671958401416,1130.2868031586827,1134.4058837890625,78556200
2025-06-18,1126.167616596752,1130.7811124676493,1108.8673087743136,1117.1055908203125,74775000
2025-06-19,1117.105640232621,1140.667053106387,1111.3388304776045,1136.5478515625,70354200
2025-06-20,1131.2754542941493,1147.9166230154326,1124.19048558085,1130.286865234375,59624400
2025-06-23,1111.8332178796422,1116.446714339969,1091.8967103533987,1106.0665283203125,61975200
2025-06-24,1134.7355631120756,1169.336181640625,1128.474458581116,1169.336181640625,114256800
2025-06-25,1178.068537606371,1202.4538137948966,1168.5122173406553,1184.1649169921875,101074200
2025-06-26,1176.915292781331,1226.67431640625,1176.5857228641535,1226.67431640625,106593600
2025-06-27,1239.1964373974474,1259.2977893321213,1225.8504845415516,1252.048095703125,101028600
2025-06-30,1276.762794817692,1280.7171511314907,1236.0659179806419,1247.4346923828125,103935000
2025-07-01,1239.1964250842586,1305.76146407804,1228.4866697101506,1298.3470458984375,139915200
2025-07-02,1248.9176398145928,1265.2293604424676,1219.7542605102105,1246.4461669921875,151939800
2025-07-03,1264.5701162862567,1290.1087069041482,1256.6614039067679,1269.5130615234375,121171800
2025-07-04,1285.1658570256056,1285.989721518724,1238.7021683485261,1239.03173828125,99552000
2025-07-07,1222.5552011208856,1239.0317673049112,1212.6693096814247,1220.9075927734375,74461800
2025-07-08,1245.6221734045107,1289.2848151829787,1237.7134611924184,1287.63720703125,100874400
2025-07-09,1298.1821710528277,1298.1821710528277,1247.269834044947,1270.9959716796875,105710400
2025-07-10,1280.2228034824395,1300.1593088449852,1271.819796664215,1278.5751953125,92983800
2025-07-11,1274.9504410224363,1293.2393404045188,1232.935401901436,1237.713623046875,107304600
2025-07-14,1242.32689899583,1247.9289842131361,1221.2370791529368,1244.3040771484375,64876800
2025-07-15,1257.1557069640799,1294.2277964945808,1250.5651534955603,1293.404052734375,120760800
2025-07-16,1294.0631771161766,1325.5333047915756,1279.72863466531,1310.7044677734375,119364600
2025-07-17,1305.2671495922646,1321.084574800442,1285.6600927021689,1320.7550048828125,85652400
2025-07-18,1331.62960678412,1352.060409325118,1313.5054318458451,1332.1239013671875,129797400
2025-07-22,1347.776424814459,1397.2058765719896,1346.7878357793084,1391.1094970703125,120553200
2025-07-23,1415.8242605028945,1423.7329729938729,1338.7143137158555,1377.269287109375,146499600
2025-07-24,1391.60382950981,1436.7494771301785,1390.7800857429854,1434.1131591796875,138613800
2025-07-25,1445.1525686911116,1468.3844130091609,1440.539072346577,1459.322265625,111569400
2025-07-28,1468.8787172788805,1470.3616009685582,1436.2552761059683,1452.2374267578125,114360000
2025-07-29,1441.6924010547116,1475.7987231908928,1438.8913585278813,1472.9976806640625,97929600
2025-07-30,1541.86940043112,1616.8374461601074,1532.4778041373133,1604.1505126953125,173414400
2025-07-31,1642.3760882862243,1713.5545044943008,1641.0579292417624,1709.435302734375,116350800
2025-08-01,1671.539434949224,1710.2591342759201,1640.2340331573266,1695.4302978515625,82730400
2025-08-04,1620.2975736724068,1700.3732926885539,1619.6385544824304,1692.135009765625,68212800
2025-08-05,1726.7356001141425,1758.86474609375,1701.1971286332214,1758.86474609375,73965000
2025-08-06,1738.2691985251709,1801.7036252136202,1720.1450248953083,1800.8797607421875,68484600
2025-08-07,1804.1751243574047,1931.044100268605,1705.3162134337113,1896.4434814453125,150049200
2025-08-08,1896.4434092045378,1957.4063617261074,1815.7085545740144,1828.06591796875,123525600
2025-08-12,1893.1480911656763,1932.6916544276226,1879.143119402863,1916.2152099609375,73978800
2025-08-13,1973.882763525836,1982.9449102717713,1921.1580946284607,1977.1781005859375,75985800
2025-08-14,1972.235268245749,1980.4735510289602,1926.1011501500047,1961.5255126953125,56997600
2025-08-15,1960.701826465974,2041.4365656735981,1933.51562522819,2022.4886474609375,87120000
2025-08-18,2006.0120164419209,2051.322390596554,1986.2402343638819,2043.084228515625,51924000
2025-08-19,2038.1412722632037,2046.3794343007503,1935.9870251721554,1978.8258056640625,69486600
2025-08-20,1868.4333748544773,1896.4434392183002,1853.6045385461084,1866.7857666015625,55290000
2025-08-21,1850.3092806131701,1919.5105196828376,1848.661672289687,1885.7337646484375,46152000
2025-08-22,1891.5004749704244,1909.6245276043717,1870.080964508665,1892.32421875,31732200
2025-08-25,1941.7537733324564,1945.8729751534947,1875.024007147383,1893.9720458984375,47047800
2025-08-26,1903.0339979741307,1927.7487252205478,1861.8428261225615,1898.9149169921875,39877800
2025-08-27,1927.748719641898,1933.5155295418333,1884.9098189796184,1923.629638671875,40321200
2025-08-28,1874.2002851967457,2030.7269392882465,1864.3143937947011,2029.9029541015625,81501000
2025-08-29,2036.4936090023311,2108.9900647935433,2017.545690891939,2104.047119140625,81165600
2025-09-01,2080.9801500405824,2102.399661965275,2013.4265182457739,2045.5557861328125,67172400
2025-09-02,2059.560611220344,2095.80895984536,2018.3694376127003,2047.2032470703125,65391600
2025-09-03,2059.560546875,2090.865948861951,2031.5506027949455,2059.560546875,66064800
2025-09-04,2106.518410785367,2202.905842726987,2104.8709232792735,2165.010009765625,87938400
2025-09-05,2223.501601791798,2237.506452323529,2158.419328926471,2197.962890625,73345800
2025-09-08,2216.087143246709,2233.387451171875,2193.843890200066,2233.387451171875,54690000
2025-09-09,2272.9311588411047,2286.9360100193467,2125.4665394146277,2126.290283203125,69784200
2025-09-10,2197.962908045937,2254.806778438114,2191.3724752804446,2245.744873046875,55356000
2025-09-11,2306.7080346254374,2351.1945482733518,2260.5740332270857,2305.060546875,83454600
2025-09-12,2347.8992997839096,2365.199610413896,2313.2986785239364,2323.1845703125,57183000
2025-09-16,2364.3756969853293,2398.976315763872,2275.4026772690772,2301.764892578125,63183000
2025-09-17,2283.6406478626673,2298.469483238399,2197.962851906859,2216.910888671875,54577800
2025-09-18,2249.040150500448,2256.454568579021,2207.0251147218682,2241.625732421875,35992200
2025-09-19,2306.707827548612,2340.4847023673447,2232.5636447914626,2302.5888671875,58656000
2025-09-22,2339.6610076719835,2365.1994795949836,2320.71296900699,2347.899169921875,38878800
2025-09-24,2320.712907656629,2400.623779296875,2286.9360330218965,2400.623779296875,46083000
2025-09-25,2352.0183591175573,2430.281503458957,2334.718049537177,2397.32861328125,49841400
2025-09-26,2380.8521919608625,2415.4528132208357,2319.0653682823386,2323.1845703125,37692000
2025-09-29,2350.555195226022,2444.278649289201,2337.284432727626,2435.1552734375,49536000
2025-09-30,2440.960910612917,2444.2784795111033,2389.5372562353805,2397.83154296875,36900000
2025-10-01,2413.5903197345556,2433.496219278758,2341.431433886821,2371.290283203125,34999800
2025-10-02,2433.496301981125,2452.5728706899486,2348.06689453125,2348.06689453125,41755200
2025-10-03,2324.843123718209,2347.2372609024114,2299.131417578105,2344.7490234375,37356600
2025-10-06,2411.9315248778316,2416.9079999931173,2338.943304184291,2405.29638671875,54336000
2025-10-07,2438.4726708911776,2656.608232311748,2438.4726708911776,2536.34326171875,116530800
2025-10-08,2486.578531414684,2683.978863440682,2483.260962495503,2648.31396484375,95051400
2025-10-09,2725.449280440775,2860.6436743022286,2723.790617504516,2784.337646484375,82489800
2025-10-10,2812.537665708557,2813.3672401911535,2717.155310589334,2747.01416015625,66166200
2025-10-14,2718.814281877859,2776.873076433209,2607.6729248225834,2611.820068359375,77106600
2025-10-15,2612.649388459442,2705.5435079406852,2598.549294889489,2680.6611328125,42944400
2025-10-16,2747.014128766741,2786.825927734375,2707.2023297991072,2786.825927734375,42950400
2025-10-17,2737.0611180575024,2810.8789079963635,2721.302362314482,2727.9375,58775400
2025-10-20,2783.5082931384954,2852.349365234375,2737.890445903182,2852.349365234375,51750000
2025-10-21,2902.114310865901,2915.3850731091215,2743.6966823930065,2766.0908203125,81551400
2025-10-22,2786.8260767271922,2828.2967838662826,2659.096629207846,2809.22021484375,69339600
2025-10-23,2747.014205119062,2862.302461836587,2742.867061614019,2860.643798828125,63685800
2025-10-24,2902.943865320014,2976.7614166981607,2867.2789654037047,2973.44384765625,69499200
2025-10-27,3052.2381334889515,3228.073424518295,3025.696852035187,3210.65576171875,94599600
2025-10-28,3223.0969725491127,3252.9558232767686,3166.6970831692843,3184.11474609375,63802800
2025-10-29,3279.49708477162,3374.0501114949293,3277.0088472262696,3335.897216796875,79837800
2025-10-30,3359.1205181625132,3482.7030577292608,3332.5792380093494,3451.185302734375,107487000
2025-10-31,3442.8913468034016,3541.591271686857,3403.9088785517183,3511.732421875,86006400
2025-11-04,3594.673707074462,3596.332370011117,3421.32642075871,3435.426513671875,78445200
2025-11-05,3214.8029309121753,3298.5736765178845,3091.2203843044576,3253.785400390625,98646600
2025-11-06,3388.9795102215808,3595.5032248679768,3356.6324223853985,3570.620849609375,93903000
2025-11-07,3460.3090038558125,3574.767927958035,3234.7087246280307,3386.4912109375,171774600
2025-11-10,3465.2855121057446,3532.46792472417,3363.267774425913,3402.25,112076400
2025-11-11,3485.191244557701,3564.814840869409,3176.649808849832,3199.0439453125,123032400
2025-11-12,3099.514554359278,3364.0970575210404,3015.7438119197495,3330.091064453125,109725000
2025-11-13,3315.9911037676784,3505.9264765508615,3292.7673928391973,3434.596923828125,90940200
2025-11-14,3243.002677363434,3302.7203752156015,3184.9438854489163,3214.802734375,88141800
2025-11-17,3214.8028555887813,3325.1146372832386,3187.432243041199,3291.10888671875,62336400
2025-11-18,3201.5322119104417,3213.1438244838973,2962.6614207956795,2965.149658203125,97620600
2025-11-19,2952.70861192513,3110.2969075784563,2838.2496857262427,2959.34375,135253200
2025-11-20,3291.10879662657,3292.7674595894196,3019.8909160795015,3133.520263671875,100230600
2025-11-21,2916.214344054383,2939.4378130097202,2824.149556742086,2873.914306640625,82782600
2025-11-25,2984.226001671511,3018.231994116689,2878.0613669508457,2883.037841796875,60391800
2025-11-26,2906.261271114036,3024.0377598936066,2889.6729408523756,2991.690673828125,64838400
2025-11-27,3041.4556149260566,3046.43209002165,2978.4203447125255,3002.473388671875,47694000
2025-11-28,3025.6966621230667,3058.0437481490535,2959.343584149373,2977.5908203125,38382000
2025-12-01,2955.1968902997596,2956.855553345431,2687.2965652932685,2711.349609375,87987000
2025-12-02,2748.6731830635963,2823.320310156525,2741.2084703543032,2753.649658203125,63933000
2025-12-03,2811.708241393527,2872.2552700191445,2786.825867575885,2824.978759765625,47457000
2025-12-04,2790.1434468995367,2871.4259493397403,2788.4847839667523,2811.708251953125,34066200
2025-12-05,2836.590769361413,2892.1613262434007,2785.1671130131017,2861.47314453125,39488400
2025-12-08,2936.120126874284,3083.7554646859057,2892.990759680221,3061.361328125,68891400
2025-12-09,3071.3143216688145,3080.437939914122,2963.4907806443616,3063.849609375,50341800
2025-12-10,3126.8850905808226,3146.7909898460757,2992.520270540364,3062.19091796875,48423600
2025-12-11,3085.4144177121634,3163.3791096355344,3009.1083887499267,3022.379150390625,60822000
2025-12-12,3068.826171875,3083.7555968889733,2996.6672843074616,3068.826171875,46669200
2025-12-15,2902.9439118975383,2982.5675141165157,2867.2790114089876,2934.46142578125,47135400
2025-12-16,2840.7379239039205,2858.9849181019176,2713.0082355421023,2737.061279296875,54128400
2025-12-17,2737.8904401298137,2763.6023882967884,2643.3374200121243,2741.208251953125,62266800
2025-12-18,2620.943338953933,2692.272892772703,2610.1610577805595,2647.484619140625,53815800
2025-12-19,2676.5141414269156,2800.0964383737264,2666.5611917135116,2758.6259765625,56459400
2025-12-22,2873.914187173998,2960.1731644097204,2847.3729073340987,2950.22021484375,50685000
2025-12-23,2952.70861192513,2965.979131066816,2907.090761952682,2959.34375,29496600
2025-12-24,2959.3436895568743,3024.03786391316,2949.390739655907,2997.496826171875,38307000
2025-12-25,2966.8083080512115,2987.5437816830195,2896.3083294820913,2922.849609375,27222000
2025-12-26,2934.4613452107546,2945.243869709823,2824.978895165683,2846.543701171875,40194000
2025-12-29,2888.8436683455534,2979.2495476840622,2873.084912220108,2953.537841796875,46771800
2025-12-30,2912.0672928680065,2958.5144752428396,2883.038016501693,2892.990966796875,41250000
2026-01-05,3002.4731771511765,3077.1202983262724,2941.096574298787,3059.70263671875,47028000
2026-01-06,3097.0263588960233,3102.002833900681,3009.1084718191064,3068.826171875,37619400
2026-01-07,3063.8496854425966,3097.0263473445334,2984.226085665057,3026.526123046875,35679000
2026-01-08,3005.7909202675987,3057.214576611655,2917.043701171875,2917.043701171875,39559200
2026-01-09,2866.4496268656717,2882.2083835160556,2761.943650886194,2834.1025390625,48004800
2026-01-13,2936.949597358603,2944.4143098989034,2826.6378152603697,2847.373046875,45054600
2026-01-14,2869.767075616323,2884.696500130498,2799.2670964078084,2868.937744140625,38852400
2026-01-15,2820.8319156881944,2874.7435647064804,2804.2435851484483,2869.76708984375,29047200
2026-01-16,2869.7670681303675,2949.390665331598,2833.2730814077604,2937.779052734375,36906600
2026-01-19,2820.002313246946,2892.161198040843,2781.0200892034864,2868.1083984375,41718000
2026-01-20,2835.7613339785253,2840.7378088302034,2760.2846367334505,2800.096435546875,41403600
2026-01-21,2733.7437263625284,2987.543955574226,2728.7672512799463,2974.273193359375,58160400
2026-01-22,3029.8439462467427,3056.3849842761983,2953.5379151801844,3013.255615234375,51573600
2026-01-23,3036.4790581992725,3038.9672956801764,2943.5849399095014,2970.126220703125,38798400
2026-01-26,2903.773057934001,3047.261496264241,2902.94372646118,2979.24951171875,41225400
2026-01-27,2977.590827613345,3047.261474609375,2923.678936440535,3047.261474609375,33706800
2026-01-28,3246.320551148658,3420.497173205833,3233.87936385886,3329.26171875,87822000
2026-01-29,3322.6262939394896,3328.4323432592655,3159.2321983548454,3229.732177734375,53349600
2026-01-30,3234.708700819856,3334.238199306621,3155.9144335205206,3246.320556640625,53564400
2026-02-02,3312.673508027223,3500.9502301633897,3234.708812517702,3294.426513671875,77544600
2026-02-03,3483.5325467028238,3661.026743085128,3441.2325086357177,3612.9208984375,68664000
2026-02-04,3649.4149644474055,3843.49748324907,3626.191253194463,3783.77978515625,74277600
2026-02-05,3732.3561755829123,3776.3151182037573,3539.9325604168394,3592.185546875,54597600
2026-02-06,3533.2971444867717,3743.1384197230636,3526.6617636876067,3714.9384765625,50444400
2026-02-09,3871.6976254319557,4079.880004993326,3508.4149433541497,3641.950439453125,158833200
2026-02-10,3848.473955377196,3952.15035249841,3749.773790101607,3825.250244140625,104797200
2026-02-12,3877.5032010787786,3887.4561506798295,3691.71497052045,3823.591552734375,65264400
2026-02-13,3763.0442733445498,3810.320783857551,3600.4795111743483,3615.408935546875,59426400
2026-02-16,3630.3385617905506,3673.4679313788206,3534.9562039928205,3557.350341796875,31216200
2026-02-17,3549.8855560206566,3622.873774509804,3468.603050595238,3553.203125,33411000
2026-02-18,3583.06197331768,3715.7678913321324,3535.7854611697385,3705.81494140625,41362800
2026-02-19,3765.5327115033656,3842.668074873974,3746.4563857826843,3807.00341796875,42879600
2026-02-20,3808.6621782471143,3841.8385963547653,3743.9680049924355,3798.709228515625,31679400
2026-02-24,3881.6502595256416,4233.321299733695,3879.991353631099,4178.580078125,86143200
2026-02-25,4184.386008974388,4465.55685376299,4079.0509427331153,4449.79833984375,90829800
2026-02-26,4532.739178487006,4827.180779799291,4413.303777749704,4555.962890625,96706200
2026-02-27,4390.0804655123575,4444.82168977689,4271.474155616616,4439.84521484375,66498600
2026-03-02,4296.356495464697,4723.504247753475,4294.697832495053,4715.2099609375,85656000
2026-03-03,4827.180943385049,4944.957685098015,4483.804154628793,4536.88671875,95626800
2026-03-04,4397.5450185426835,4528.592025038178,4112.22680872686,4209.26806640625,88846800
2026-03-05,4458.092133479798,4597.433436854626,4283.915504261261,4366.02734375,86735400
2026-03-06,4283.086277957102,4306.30950378329,4003.5741056837455,4163.65087890625,82907400
2026-03-09,3748.9446237997163,3855.1092630171893,3543.250240453951,3751.432861328125,77989200
2026-03-10,4014.3562950114383,4152.038684761534,3917.3150355087473,3991.962158203125,55357800
2026-03-11,4180.239103618422,4356.074395982341,4138.768639585093,4254.88623046875,65273400
2026-03-12,4209.268042279144,4394.227181525596,4127.985783777443,4263.18017578125,74997600
2026-03-13,4097.297320963409,4516.980342599763,4087.3443716120937,4399.20361328125,105901200
2026-03-16,4429.062798305467,4429.892372809144,4097.29763269245,4251.568359375,82700400
2026-03-17,4326.215425291699,4329.533237276578,4048.362400602869,4081.5390625,56506800
2026-03-18,4147.062120964308,4264.8388517949625,4131.303608278305,4264.00927734375,43075800
2026-03-19,4195.168572698527,4317.921789014906,4174.433097473868,4201.8037109375,59898600
2026-03-23,3991.9621999785436,4116.3743154297335,3921.4622199156133,4035.921142578125,57577200
2026-03-24,4183.556771474783,4302.992170317992,4105.591835235284,4246.591796875,61704600
2026-03-25,4462.239467337532,4589.139581411409,4448.139130673394,4557.62158203125,57943200
2026-03-26,4589.139496548326,4824.692483119259,4587.4803475691715,4663.78662109375,77554200
2026-03-27,4561.768932989133,4665.445333971651,4395.886108236437,4583.33349609375,71943600
2026-03-30,4445.0,4526.0,4230.0,4505.0,43818400
2026-03-31,4250.0,4281.0,4056.0,4090.0,58825600
2026-04-01,4370.0,4470.0,4291.0,4446.0,48295400
2026-04-02,4535.0,4662.0,4238.0,4293.0,56992200
2026-04-03,4430.0,4654.0,4420.0,4616.0,51978000
2026-04-06,4679.0,4732.0,4560.0,4600.0,46016200
2026-04-07,4597.0,4600.0,4320.0,4370.0,47494600
2026-04-08,4835.0,4888.0,4709.0,4876.0,61297000
2026-04-09,4806.0,5073.0,4740.0,5028.0,70638500
2026-04-10,5176.0,5644.0,5173.0,5630.0,83540900
2026-04-13,5914.0,6004.0,5647.0,5698.0,67148400
2026-04-14,5947.0,5985.0,5782.0,5935.0,63357200
2026-04-15,5960.0,6037.0,5625.0,5683.0,57485900
2026-04-16,5600.0,5959.0,5550.0,5951.0,53271700
2026-04-17,5903.0,5987.0,5756.0,5762.0,49543600
2026-04-20,5692.0,5898.0,5523.0,5529.0,49029200
2026-04-21,5577.0,5889.0,5574.0,5889.0,49306000
2026-04-22,5833.0,5989.0,5688.0,5985.0,42928800
2026-04-23,6119.0,6218.0,5780.0,5893.0,57099000
2026-04-24,5987.0,6100.0,5894.0,6037.0,40846300
2026-04-27,6037.0,6397.0,5993.0,6347.0,52739100
2026-04-28,6231.0,6321.0,6120.0,6281.0,46167300
2026-04-30,5981.0,6083.0,5916.0,5971.0,39274600
2026-05-01,5983.0,6027.0,5803.0,5808.0,28397000
2026-05-07,6300.0,6500.0,6225.0,6498.0,49010500
2026-05-08,6428.0,6582.0,6262.0,6582.0,43386200
2026-05-11,6780.0,6980.0,6634.0,6832.0,40738700
2026-05-12,7250.0,7770.0,7085.0,7624.0,90480800
2026-05-13,7324.0,7915.0,7303.0,7855.0,62691200
2026-05-14,7662.0,7933.0,6355.0,6355.0,57118100
2026-05-15,6418.0,6999.0,5725.0,5819.0,128904500
2026-05-18,5842.0,5969.0,5580.0,5653.0,86555100
2026-05-19,5600.0,5639.0,4660.0,4695.0,124339100
2026-05-20,4275.0,4516.0,4156.0,4295.0,116069900
2026-05-21,4550.0,4662.0,4315.0,4501.0,98432700
2026-05-22,4650.0,5031.0,4558.0,4850.0,105386700
2026-05-25,5360.0,5550.0,5151.0,5550.0,60516700
2026-05-26,5650.0,5653.0,5068.0,5329.0,93052900
2026-05-27,5500.0,5555.0,5035.0,5140.0,71871700
2026-05-28,4998.0,5196.0,4803.0,5017.0,66629900
2026-05-29,5044.0,5047.0,4668.0,4771.0,71394000
2026-06-01,4769.0,4895.0,4561.0,4677.0,51636800
2026-06-02,4607.0,4666.0,4351.0,4574.0,48742800
2026-06-03,4854.0,5163.0,4745.0,5001.0,82340200
2026-06-04,4831.0,4866.0,4610.0,4805.0,45052400
2026-06-05,4654.0,4825.0,4523.0,4747.0,46983000
2026-06-08,4386.0,4525.0,4337.0,4401.0,45195300
2026-06-09,4458.0,4557.0,4260.0,4499.0,60698500
2026-06-10,4320.0,4412.0,4118.0,4194.0,54543200
2026-06-11,4006.0,4162.0,3888.0,4142.0,51253400
2026-06-12,4352.0,4357.0,4136.0,4256.0,45471600
2026-06-15,4450.0,4492.0,4301.0,4346.0,37526700
2026-06-16,4400.0,4829.0,4308.0,4738.0,68142600
2026-06-17,4600.0,4763.0,4562.0,4729.0,35504300
2026-06-18,4791.0,4910.0,4461.0,4461.0,48865900
2026-06-19,5161.0,5161.0,5161.0,5161.0,3131200
2026-06-22,6161.0,6161.0,6161.0,6161.0,2675400
2026-06-23,7023.0,7068.0,6314.0,6487.0,154230200
2026-06-24,6400.0,6568.0,6138.0,6313.0,80829900
2026-06-25,6613.0,6649.0,6302.0,6436.0,50848200
2026-06-26,6360.0,6579.0,6066.0,6131.0,61307100
2026-06-29,6127.0,6166.0,5611.0,5885.0,56572900
2026-06-30,6085.0,6320.0,6039.0,6238.0,46151000
2026-07-01,6350.0,6431.0,5802.0,5826.0,39659300
2026-07-02,5500.0,5555.0,5361.0,5368.0,34213100
2026-07-03,5100.0,5379.0,5006.0,5358.0,42677500
2026-07-06,5299.0,5452.0,5221.0,5354.0,32123000
2026-07-07,5254.0,5370.0,5050.0,5072.0,35968500
2026-07-08,4910.0,5106.0,4816.0,4824.0,40311200
2026-07-09,4961.0,5209.0,4904.0,4938.0,45092500
2026-07-10,5125.0,5437.0,5095.0,5150.0,42643000
2026-07-13,5134.0,5380.0,4915.0,5007.0,40749200
2026-07-14,4800.0,4820.0,4564.0,4800.0,44664300
2026-07-15,4948.0,5149.0,4834.0,5145.0,32782500
2026-07-16,5000.0,5004.0,4738.0,4761.0,36029500
2026-07-17,4561.0,4611.0,4280.0,4472.0,47075400
2026-07-21,4542.0,4707.0,4472.0,4672.0,29986600
2026-07-22,4954.0,5026.0,4741.0,4751.0,38205300
2026-07-23,4888.0,4935.0,4652.0,4727.0,31624200
2026-07-24,4659.0,4740.0,4511.0,4593.0,28103100
2026-07-27,4532.0,4565.0,4233.0,4325.0,41066100
2026-07-28,4199.0,4216.0,4013.0,4073.0,39640100
2026-07-29,4003.0,4129.0,3665.0,3760.0,53924500
2026-07-30,3750.0,3927.0,3690.0,3720.0,48318100
2026-07-31,4210.0,4339.0,4130.0,4172.0,73627300
2026-08-03,4079.0,4325.0,4008.0,4290.0,38401200
2026-08-04,4324.0,4657.0,4268.0,4628.0,54429600
2026-08-05,4830.0,5110.0,4799.0,5073.0,48207800
