Date,Open,High,Low,Close,Volume
2015-11-04,1057.7685322154653,1151.1582738702948,1035.0696366743607,1141.43017578125,168451300
2015-11-05,1151.158474094265,1202.3931329412774,1143.3759942694023,1180.3427734375,103814700
2015-11-06,1154.400997150997,1173.2086538461538,1132.350641025641,1138.1875,38087500
2015-11-09,1146.6183224239865,1153.75225995038,1099.2749188397381,1103.814697265625,32733400
2015-11-10,1096.6809472934472,1139.4845797720798,1096.0324074074074,1138.1875,31050300
2015-11-11,1140.133175347574,1217.9579654736883,1134.9448560058331,1200.4473876953125,51162600
2015-11-12,1194.6105827085435,1217.3094808599,1184.2339435536376,1206.2843017578125,28922000
2015-11-13,1199.1502179495897,1256.8702662987046,1193.96189899686,1229.631591796875,49620100
2015-11-16,1217.3095133592105,1238.0627922230863,1204.9872540337842,1231.577392578125,27451300
2015-11-17,1251.682087211188,1254.924786918989,1192.0164125876495,1234.1715087890625,71850800
2015-11-18,1219.2547314633302,1235.4682252327893,1213.4178737063248,1230.2799072265625,14554100
2015-11-19,1236.1169622295192,1240.656741209376,1213.4180673302365,1216.6607666015625,13053400
2015-11-20,1217.9578501002675,1219.9034696691176,1193.3133355614973,1212.76953125,9842300
2015-11-24,1225.7404630866636,1225.7404630866636,1216.0123641732773,1221.20068359375,7292200
2015-11-25,1230.9288200107644,1247.1423186937304,1223.7948805902595,1242.6025390625,19151500
2015-11-26,1240.6567098433165,1240.6567098433165,1222.4975943829859,1227.6859130859375,10143600
2015-11-27,1220.5517746141313,1230.9284103175457,1220.5517746141313,1225.091552734375,5605500
2015-11-30,1225.7404463817516,1236.765625,1224.4433665443105,1236.765625,9541000
2015-12-01,1241.9538057026111,1246.4935846268504,1230.280088468853,1232.2257080078125,7555700
2015-12-02,1236.765625,1238.062704837441,1223.1462867068694,1236.765625,4664600
2015-12-03,1241.9537019680406,1262.0584355247033,1239.359542799439,1256.8701171875,17857200
2015-12-04,1246.4935410443475,1289.9457092285156,1243.8993817497703,1278.9205322265625,27905100
2015-12-07,1284.108977186483,1296.4312350483735,1279.5691979742076,1295.1341552734375,14809700
2015-12-08,1289.9458441361974,1293.1885435935533,1265.9498681517632,1287.3516845703125,14899500
2015-12-09,1284.1089455026095,1286.0545651170073,1256.221731029573,1265.9498291015625,10047200
2015-12-10,1249.0878546740717,1268.5440517873749,1241.953915732527,1264.0042724609375,7936300
2015-12-11,1277.6236063379156,1278.9206861413043,1265.3013482057224,1267.8955078125,6127200
2015-12-14,1248.4391426473023,1254.9245407909245,1230.928567659522,1254.2760009765625,8147700
2015-12-15,1249.0877516148455,1256.2216899677858,1220.5519982030837,1224.4432373046875,9270100
2015-12-16,1241.954032010063,1243.8996519035513,1227.0376128266523,1231.577392578125,4904700
2015-12-17,1236.1168770653148,1247.79059363781,1228.9829391599012,1241.9537353515625,5797300
2015-12-18,1238.0627508519597,1254.9247893653965,1235.4685910806618,1250.385009765625,8478800
2015-12-21,1246.4934477934964,1258.1671637457769,1236.7653511665962,1247.79052734375,5875100
2015-12-22,1246.4937039642493,1247.1422438726595,1231.5772860708166,1236.1170654296875,4777300
2015-12-24,1240.0082105278102,1251.681927990938,1234.1713517962462,1249.0877685546875,5966700
2015-12-25,1249.0877685546875,1249.0877685546875,1249.0877685546875,1249.0877685546875,0
2015-12-28,1265.9497943037975,1283.460370352057,1253.627537084652,1280.8662109375,12670900
2015-12-29,1272.4351618988956,1276.3264009261093,1227.6859130859375,1227.6859130859375,37346300
2015-12-30,1240.0082293063003,1245.8450881262568,1205.6356162554457,1209.52685546875,16354600
2016-01-04,1199.1502568529581,1221.2006131174257,1184.8823792700673,1190.71923828125,8655900
2016-01-05,1190.0707921894034,1215.363849898061,1190.0707921894034,1197.853271484375,5551200
2016-01-06,1204.3384195740216,1204.3384195740216,1164.12895160763,1181.6395263671875,6296000
2016-01-07,1168.020263671875,1192.6647778415202,1161.5348652061787,1168.020263671875,6637100
2016-01-08,1160.8862699781146,1173.857066290719,1155.0494116374423,1162.183349609375,5429400
2016-01-12,1151.8069203005305,1153.7525400983354,1100.572265625,1100.572265625,7284900
2016-01-13,1121.9739793255674,1132.9991571570904,1112.8944211113721,1121.325439453125,4789400
2016-01-14,1095.3839336250683,1113.543051530043,1092.14123399918,1112.2459716796875,5433400
2016-01-15,1123.2711988521812,1131.702218243104,1097.9781406794125,1105.7606201171875,3539300
2016-01-18,1073.3333740234375,1084.3585506750378,1058.4169585536254,1073.3333740234375,4176100
2016-01-19,1062.9566714914574,1070.7391486469776,1039.6092400248972,1055.1741943359375,4776900
2016-01-20,1055.8227156901885,1057.1197951934935,1000.6968367997302,1002.6424560546875,6599600
2016-01-21,996.157104736491,1025.341394914318,972.1611328125,972.1611328125,7544300
2016-01-22,991.6172940438253,1044.1490146570038,970.8640217028166,1035.0694580078125,8840600
2016-01-25,1076.576195326932,1078.521814957041,1037.6638027247536,1053.228759765625,5996200
2016-01-26,1035.7183550934294,1054.52601464115,1022.7475554053464,1042.852294921875,2769300
2016-01-27,1066.8479759930844,1076.5760730386141,1055.1742595384487,1073.3333740234375,3443300
2016-01-28,1073.3336159173696,1073.3336159173696,1057.1201171875,1057.1201171875,2428900
2016-01-29,1060.3628637618779,1079.8190630969582,972.8099667540164,1034.4212646484375,9927300
2016-02-01,1027.287232916039,1027.287232916039,965.6759405378676,968.9186401367188,8430700
2016-02-02,956.5964056931598,991.6175622405704,931.9518881227598,983.8350830078125,5721100
2016-02-03,964.3788390950085,983.1864963470296,961.7846794740401,970.2156982421875,3369000
2016-02-04,957.2450215602116,969.5672813228431,940.3829818850318,952.0567016601562,4038400
2016-02-05,940.3826250502389,944.2738634987227,909.252717462369,920.2778930664062,6290000
2016-02-08,909.2530405587012,925.4665398553971,895.6337011494767,918.9811401367188,4728300
2016-02-09,883.9598745773087,889.1481937237639,865.8007575647155,869.04345703125,4590600
2016-02-10,879.4200442289771,889.7966819189945,813.9175188107421,837.2649536132812,6301400
2016-02-12,793.1642732014122,831.4281261195507,787.9759541616647,806.1350708007812,6330500
2016-02-15,872.2861100071846,908.604342096703,857.3696932561323,895.633544921875,5019500
2016-02-16,901.4702907017299,926.1148022460939,884.6082564871652,907.9556884765625,3880900
2016-02-17,907.9558559398555,921.5751937789533,891.7423585123581,903.4160766601562,3633700
2016-02-18,927.4120089319908,936.4915670613949,905.3616534748666,926.1149291992188,4242000
2016-02-19,937.1401084341653,937.1401084341653,894.9850170513137,904.0645751953125,3473000
2016-02-22,894.9850795150745,909.2529575943004,888.4996803881537,902.1190185546875,2786300
2016-02-23,909.901611328125,923.5209511983251,905.3618313713916,909.901611328125,3204000
2016-02-24,892.390888560902,923.5208032781428,886.5540295514194,913.1441650390625,3155000
2016-02-25,925.4663480594493,944.2740033458712,920.2780293597467,926.763427734375,4337100
2016-02-26,930.0061269216891,940.3827643210942,923.5207285470608,926.763427734375,2450500
2016-02-29,937.1399783756306,946.8680750369693,918.3323248303757,931.95166015625,4849700
2016-03-01,928.060546875,939.7342644457548,922.8722279546646,928.060546875,2535100
2016-03-02,946.8682250976561,956.5963233007143,940.3828262956174,946.8682250976562,2260500
2016-03-03,954.6505924048014,985.1319632220742,950.7593535770644,979.2951049804688,4367500
2016-03-04,977.998223583244,990.9690223045072,971.5128242226125,983.8350830078125,2913700
2016-03-07,979.295183834343,994.8601403985975,977.9981041206552,981.8893432617188,2173300
2016-03-08,979.2951901753744,1001.3455454508464,978.646650314331,996.1572265625,3756000
2016-03-09,983.8350519826233,984.4835918982349,962.4332347674443,974.7554931640625,3478600
2016-03-10,974.755671415841,983.8352318947643,965.6761109369177,978.6469116210938,2334300
2016-03-11,963.0815530330577,982.5377460236245,963.0815530330577,975.40380859375,3032500
2016-03-14,985.7807893573114,1001.9942891822672,980.5924694133255,996.8059692382812,2419800
2016-03-15,994.2116069793701,1001.3455454508464,983.8349692026775,996.1572265625,3232200
2016-03-16,989.02335680063,995.5087558616177,982.5379577396423,988.3748168945312,1940500
2016-03-17,993.5633324078964,1000.0487327499845,974.755671415841,978.6469116210938,2789500
2016-03-18,972.8097209699381,982.5378181796375,954.0020663645194,963.7301635742188,4484700
2016-03-22,972.8096983862705,989.023193359375,972.8096983862705,989.023193359375,3468800
2016-03-23,989.0235031961688,1003.2913832422774,977.9983231605394,985.1322631835938,2553800
2016-03-24,976.7008377245517,990.3201721151331,964.3785827997399,987.7260131835938,3062700
2016-03-25,996.1570191062176,1002.6424163660237,987.7260026684696,1001.3453369140625,3181100
2016-03-28,998.75146484375,1003.2912442294034,985.7806665990261,998.75146484375,2032100
2016-03-29,1002.7069570675843,1016.5510373426791,1000.7292313139993,1009.9586181640625,2217100
2016-03-30,1009.2992117400216,1009.2992117400216,996.1143755317914,998.7513427734375,2255400
2016-03-31,995.4552092977592,1006.0030790651527,988.8627906931383,990.1812744140625,4605900
2016-04-01,979.6332130116865,988.8625972527118,955.2412689461196,957.218994140625,3099900
2016-04-04,955.9006591302997,992.1589599938628,953.9229336286508,977.6556396484375,2963000
2016-04-05,971.0633241644215,980.2927108163576,948.6490994382909,953.9230346679688,2481400
2016-04-06,950.6266703315291,983.5887601488498,949.9674285351828,974.359375,4311200
2016-04-07,971.7223122336648,978.9739712801847,949.9673350941051,957.218994140625,3431100
2016-04-08,938.1011274857956,955.9006569602274,926.8940163352273,942.7158203125,5104100
2016-04-11,951.2858834029561,958.5375429437963,940.0787732034756,954.5820922851562,2954300
2016-04-12,950.6268524894068,975.6780455508475,949.3083686440679,972.3818359375,2510700
2016-04-13,984.9074477090477,1007.9809153595274,983.588963843306,997.4330444335938,3565300
2016-04-14,1007.3215838738207,1016.5509701135023,1001.3884070054539,1013.2547607421875,3124500
2016-04-15,997.433021724691,1013.2548277533708,994.1368121353828,1009.9586181640625,2288800
2016-04-18,978.974095959246,1005.3437685776769,978.3148541437853,994.1366577148438,3134200
2016-04-19,1015.2326062098967,1021.8250257307402,1007.3217027848846,1014.5733642578125,2182800
2016-04-20,1014.5732444907134,1019.8471794848172,1007.9808257480837,1013.2547607421875,1980100
2016-04-21,1019.1879215400346,1025.1210983148471,1010.6177773097497,1022.484130859375,3220800
2016-04-22,1007.9807507717994,1040.94284203314,1007.9807507717994,1021.8248291015625,5016100
2016-04-25,1031.7133519755903,1049.5128794537634,1023.8024508741801,1048.8536376953125,4383800
2016-04-26,1040.9430174371844,1046.216952927683,1019.1880335388771,1027.7581787109375,3124600
2016-04-27,1027.7581787109375,1044.239227118746,1015.232581921003,1027.7581787109375,17377700
2016-04-28,1033.6910642887206,1052.1498332938763,971.7223397714121,978.9739990234375,6747900
2016-05-02,936.1235032678062,954.5822765716784,934.1457775566771,953.9230346679688,2888600
2016-05-06,950.6268538731717,960.5154827276083,931.5088380879276,938.1012573242188,3080800
2016-05-09,939.4194987523229,947.3303997944478,933.4863229707292,936.7825317382812,1612800
2016-05-10,928.2124336263928,947.9896871837733,926.8939500559007,946.6712036132812,2619300
2016-05-11,953.2636214657415,963.8114900296778,944.0342364722973,946.6712036132812,1683000
2016-05-12,934.8048462507048,951.2858907896806,931.5086373429098,949.9674072265625,1745900
2016-05-13,932.1677312898399,942.7155981219738,924.9160728427478,927.5530395507812,2390400
2016-05-16,922.9387679394047,939.419817366894,911.7316543287119,930.1904296875,2368600
2016-05-17,925.5756167106547,931.5087937408512,919.6424396804582,928.871826171875,2566900
2016-05-18,922.9387679394047,936.7828494584958,920.961042008106,930.1904296875,2044100
2016-05-19,934.8050032020715,940.738180232268,923.5978910339226,928.871826171875,2153700
2016-05-20,922.9384569486655,935.4640502929688,921.6199734387388,935.4640502929688,1544100
2016-05-23,927.5531492334088,936.1232920479322,922.2792151937022,935.4640502929688,1556800
2016-05-24,930.849298259267,938.7601988110455,926.8938479833778,934.8047485351562,1848200
2016-05-25,940.0787405058333,942.715707519875,932.8270812172188,936.7825317382812,2549100
2016-05-26,937.4418945312499,947.9897639493231,936.1234108539908,937.44189453125,1461300
2016-05-27,936.1234186934076,938.7603860700088,928.2125165636043,932.8272094726562,1117200
2016-05-30,934.80480647775,938.7602569988125,930.1901142031772,936.7825317382812,1169800
2016-05-31,932.1680681610641,945.3529064660296,932.1680681610641,944.6936645507812,2088600
2016-06-01,934.1458129882812,940.0789903467107,932.168087202138,934.1458129882812,1550000
2016-06-02,928.8716641584688,932.8271148220251,913.0498615042437,915.6868286132812,1875000
2016-06-03,912.3905599192858,917.0052520576058,903.1611756426456,915.0275268554688,1405500
2016-06-06,905.7984606711648,908.4354285333807,896.5690731534091,906.4577026367188,1632800
2016-06-07,906.4575702468784,915.6869564166648,906.4575702468784,912.3907470703125,1865100
2016-06-08,916.346140315272,918.9831076255317,898.5466109710185,910.4129638671875,1669300
2016-06-09,904.4797679591516,909.7537024662021,883.3840299309499,885.3617553710938,1903200
2016-06-10,882.7247957697886,883.3840375888847,869.5399593878649,880.7470703125,2272400
2016-06-13,857.6737286691175,859.6514544077858,845.1481323242189,845.1481323242188,1859400
2016-06-14,842.5110550947212,843.8295387490166,831.3039440332109,837.8963623046875,1876000
2016-06-15,839.2148252501969,858.9920795765959,837.896341628437,850.4219360351562,1941900
2016-06-16,848.4442473709726,854.3774239260143,824.0522993113564,828.6669921875,2066300
2016-06-17,835.259220174637,839.2146703096391,824.0521114587973,832.6222534179688,2403000
2016-06-20,845.8072433589965,856.355112333076,843.8295179263566,850.4219360351562,1541500
2016-06-21,843.1703901408631,858.3329538415979,835.2594873404797,854.3775024414062,1277400
2016-06-22,854.3775143067165,855.0367562159039,841.8519180321582,847.7850952148438,1655000
2016-06-23,831.3039235196374,853.7181450895562,829.9854398978773,850.4219360351562,1959700
2016-06-24,846.4664778838287,855.6958631567053,771.3129120904047,780.5422973632812,4453700
2016-06-27,817.4599182527829,819.437643861459,795.0456946877872,806.9120483398438,5023900
2016-06-28,791.7494921253625,808.230539005574,781.8608639972356,802.9566040039062,2905500
2016-06-29,817.4598831237549,831.3039617895605,811.5267065526955,827.3485107421875,2302600
2016-06-30,831.9630954198353,839.873996485634,817.4597767992043,818.1190185546875,2631500
2016-07-01,855.6958401806291,856.3550819681335,828.0076851054471,831.3038940429688,4081600
2016-07-04,826.0300833510444,831.9632603264309,819.4376644895037,829.9855346679688,925700
2016-07-05,822.7338301974477,825.3707976019267,812.8452024306514,820.0968627929688,1183900
2016-07-06,805.5935726620276,806.252814538183,791.7494932627619,802.29736328125,1818200
2016-07-07,802.2973679104622,816.8006892695668,797.0234328707878,799.660400390625,2007500
2016-07-08,800.9788513183594,806.2527861418547,783.1793212890625,783.1793212890625,1609100
2016-07-11,783.1793212890625,783.1793212890625,783.1793212890625,783.1793212890625,0
2016-07-12,824.0522270322974,842.5109969178209,822.0745016874199,835.9185791015625,1731100
2016-07-13,857.0142905409492,862.9474663985403,849.1033893974943,851.7403564453125,2146900
2016-07-14,844.488835154797,850.4220119825825,832.6224814992262,841.8518676757812,1661500
2016-07-15,835.2594455718994,853.7182178497313,832.6224781036376,843.82958984375,2520400
2016-07-19,850.4220085144042,853.7182178497313,834.6002037048339,843.82958984375,2125600
2016-07-20,843.82964375972,849.1035790332184,835.2594989402854,847.7850952148438,1620400
2016-07-21,856.3551692343569,860.3106203624602,846.4665414140987,853.0589599609375,1814500
2016-07-22,843.1705043596272,857.673828125,841.1927783916218,857.673828125,2000300
2016-07-25,869.5400787330691,889.317336020402,869.5400787330691,881.4064331054688,3634700
2016-07-26,883.3840299309499,887.3394808112376,868.2214682231797,885.3617553710938,3099100
2016-07-27,889.9765082768032,899.2058942885627,878.1101548331125,886.0210571289062,3707600
2016-07-28,872.8361498289322,876.7916006589726,850.4219284587027,855.03662109375,2113300
2016-07-29,858.3329950949766,900.5244787248372,850.4220919143777,898.5467529296875,3176000
2016-08-01,889.976675754623,896.5690955750276,872.1771422395306,894.5913696289062,2499800
2016-08-02,884.0434091209469,887.9988606158952,876.791748046875,876.791748046875,1262400
2016-08-03,863.6067569475233,873.495383935472,855.0366135579677,859.6513061523438,1566400
2016-08-04,866.9029813996042,889.9764447828636,861.6290469120021,887.3394775390625,1782300
2016-08-05,895.2504328849664,901.842851389274,889.3172562310896,891.9542236328125,1761900
2016-08-08,899.8650363980211,913.0498720961606,899.8650363980211,909.0944213867188,1448100
2016-08-09,908.4353589997795,913.709294320533,904.4799075092144,911.0723266601562,1238200
2016-08-10,912.3906421326755,915.0276093064692,895.9095972964637,901.8427734375,1555500
2016-08-12,911.0722090191003,912.3906926790412,899.8650979096035,908.4352416992188,1353800
2016-08-15,881.4063321520237,887.9987504927269,866.9030118024765,868.8807373046875,2002000
2016-08-16,872.8361984264586,881.4063423687123,862.9475708007812,862.9475708007812,1930200
2016-08-17,875.4731206597222,892.6134076605903,874.8138788519965,889.9764404296875,2221500
2016-08-18,886.6802012857211,891.9541355684614,869.5399148668149,870.8583984375,1818400
2016-08-19,876.7917397384244,886.6803683820909,872.1770463713801,881.4064331054688,1225500
2016-08-22,883.3839721679688,888.6579063301656,877.4507962354973,883.3839721679688,1302800
2016-08-23,879.428541646953,881.4062670029807,865.5844641547596,870.8583984375,1391900
2016-08-24,875.4731941622291,884.7025802452647,873.4954685730072,882.0656127929688,1438500
2016-08-25,881.4062468571449,885.3616974787925,873.4953456138496,883.3839721679688,1779100
2016-08-26,874.8139216861681,877.4508890461867,864.2660522460938,864.2660522460938,1614500
2016-08-29,869.539894992202,892.6133569518131,869.539894992202,883.3839721679688,1742100
2016-08-30,883.3839061410897,889.317081630097,882.0654226990881,886.6801147460938,828400
2016-08-31,895.2503082838444,897.8872753185539,887.9986489383937,893.2725830078125,1369500
2016-09-01,893.2725717033509,901.1834727073658,888.6578794510089,900.5242309570312,1702300
2016-09-02,896.5688170727591,916.3460703905406,896.5688170727591,915.6868286132812,1838300
2016-09-05,922.2793751093694,924.2571007171807,912.3907470703125,912.3907470703125,1957300
2016-09-06,909.0943512490571,917.0052520576058,907.7758677809657,915.0275268554688,1103000
2016-09-07,907.7761865678267,912.3908803267045,897.2283151189631,906.4577026367188,1933000
2016-09-08,899.2060058233128,899.865247763066,878.7695056909648,892.6135864257812,2405200
2016-09-09,887.3394819052138,895.2503836755426,882.7247892058552,884.7025146484375,1970800
2016-09-12,875.47319303118,883.3840953778473,872.8362255822909,882.724853515625,1414600
2016-09-13,879.4287314215844,880.7472152767891,866.2438928695366,868.2216186523438,1731400
2016-09-14,870.199194736168,891.2949327903782,870.199194736168,884.7025146484375,2479200
2016-09-15,877.4509404500326,878.1101823286577,864.9253447561554,870.1992797851562,1641300
2016-09-16,866.9031110947581,882.0656750150465,864.9253853660247,881.4064331054688,2440200
2016-09-20,870.8585011207114,889.3172732867824,870.8585011207114,882.0656127929688,1941800
2016-09-21,882.0654401531824,915.6867685895144,870.1990889403593,915.0275268554688,2795800
2016-09-23,902.5022645653868,905.7984744432736,893.9321188828814,899.2060546875,2628700
2016-09-26,903.8206580311128,906.4576256694238,878.7694654671577,881.4064331054688,2651900
2016-09-27,867.5622382636543,878.110107421875,856.3551272830448,878.110107421875,2920100
2016-09-28,873.407167376894,876.094574045746,858.6264306982081,864.673095703125,3151900
2016-09-29,865.3450198371428,867.3605750075709,857.2827991554302,857.9546508789062,2332400
2016-09-30,849.2203745113321,853.923335446126,839.1426010796313,848.5485229492188,2373300
2016-10-03,856.6109793526786,856.6109793526786,845.1894996279761,846.533203125,1537800
2016-10-04,840.4863373240785,851.2359627414928,837.798930969725,842.5018920898438,2279000
2016-10-05,848.5484899844763,855.9388568806198,841.1581230883328,854.5951538085938,2329500
2016-10-06,861.3137623718119,870.0478332850987,858.6263559369545,866.0167236328125,2466100
2016-10-07,863.329392368699,870.719760708042,857.9545790309951,864.673095703125,1257800
2016-10-11,872.063444205377,877.4382574208184,865.3449276860752,869.3760375976562,2047500
2016-10-12,859.9702003705148,864.6731624037911,857.282793494357,861.3139038085938,1838100
2016-10-13,865.3449473703381,871.391612375255,855.9390240293561,864.673095703125,2276400
2016-10-14,866.6886182325665,870.0478764427702,855.9389919599145,861.9856567382812,1922000
2016-10-17,862.6575904205016,874.7509211273311,861.9857387145667,871.3916625976562,1696200
2016-10-18,865.3450927734375,868.7043516739556,857.9547231922979,865.3450927734375,1836400
2016-10-19,859.9700034073209,864.0011127982926,857.954448711835,862.6574096679688,1990600
2016-10-20,859.9700450232377,867.3604125976562,855.9389354371913,867.3604125976562,1917200
2016-10-21,872.7354358379657,878.7821016751803,868.7043252798227,873.4072875976562,2373400
2016-10-24,870.0478332850987,871.3915365025274,861.3137623718119,866.0167236328125,1970500
2016-10-25,870.7197083938954,876.0945214086726,865.3448953791183,866.6885986328125,3074500
2016-10-26,868.0323289925543,873.4071421751707,863.3293674577649,872.7352905273438,2214100
2016-10-27,873.4071368820097,878.7819500320528,870.7197303069881,876.0945434570312,1777200
2016-10-28,877.438201721557,900.2811564371258,877.438201721557,897.59375,7377200
2016-10-31,892.2191047155268,901.6250290122267,888.1879943026555,898.9376220703125,2036700
2016-11-01,900.2812965722802,903.6405551415797,895.5783345752608,901.625,1756400
2016-11-02,890.2034134448578,890.8752650776464,873.4071226251435,877.438232421875,2172000
2016-11-04,859.970199742268,859.970199742268,840.4864999043573,847.2050170898438,3186500
2016-11-07,861.9855581028067,865.3448159286166,859.9700034073209,862.6574096679688,1703400
2016-11-08,866.6885609999819,871.3915221837026,864.0011546092842,867.3604125976562,1127900
2016-11-09,873.4071788342844,886.8442123548119,821.0027481042274,835.1116333007812,4453500
2016-11-10,875.4226865484296,886.172312783867,867.3604668718517,879.4537963867188,3345400
2016-11-11,886.8441242514971,909.0152273577845,886.8441242514971,897.59375,3512300
2016-11-14,897.5939162006879,927.1553924827465,897.5939162006879,921.7805786132812,2892100
2016-11-15,919.7648821326595,931.1863598508883,909.0152560449147,926.4833984375,2830300
2016-11-16,930.5144643715353,940.5922383538984,929.1707611738868,939.24853515625,3465500
2016-11-17,934.5456256825437,939.9204387705813,929.1708125945061,937.2330322265625,2612900
2016-11-18,940.592248570335,944.6233582070649,929.8426228723882,932.530029296875,2738500
2016-11-21,940.5921860496596,952.6855141560123,935.2173735579472,949.9981079101562,2709500
2016-11-22,949.9981079101561,954.7010688404044,945.9669985413719,949.9981079101562,2025700
2016-11-24,958.0602981718034,964.106962045258,947.3106735078842,952.6854858398438,2678900
2016-11-25,954.0293020511263,956.7167085357773,941.2641212490337,950.6700439453125,3507100
2016-11-28,943.9515277336848,952.0137471876379,935.8893082797316,950.6700439453125,2315300
2016-11-29,942.6078707870666,952.0137939453125,941.9360191329063,952.0137939453125,2029300
2016-11-30,952.0137939453125,954.0293489077937,943.9515740953875,952.0137939453125,4286800
2016-12-01,960.7478637695312,964.1071220344596,956.0449021986315,960.7478637695312,3961400
2016-12-02,960.7478172172933,993.6685466184454,958.7322623559984,990.9811401367188,5087800
2016-12-05,986.9502952802404,986.9502952802404,968.1384448596503,972.1695556640625,2650700
2016-12-06,980.9033103475766,987.6218261718751,979.559607182717,987.621826171875,2951000
2016-12-07,990.9811338001821,1003.7463145067607,990.9811338001821,1003.074462890625,3077500
2016-12-08,1006.4338412139205,1014.4960615707743,999.7153242498756,1011.8086547851562,3178500
2016-12-09,1003.7462563505342,1025.9173583984375,1003.7462563505342,1025.9173583984375,4430700
2016-12-12,1068.2442801339287,1068.2442801339287,1030.620582217262,1044.0576171875,6585100
2016-12-13,1031.2923241649885,1040.0263959657343,1023.9019557182036,1037.3389892578125,2639100
2016-12-14,1034.6515948427452,1046.744925172076,1031.9641881028938,1044.7293701171875,3088000
2016-12-15,1044.057611393271,1051.4479805858875,1039.3546491797879,1047.4168701171875,3188500
2016-12-16,1047.416893357497,1049.4324486365686,1040.698375760592,1048.0887451171875,2903700
2016-12-19,1036.6671608736601,1041.370122718194,1033.3079024132787,1038.0108642578125,1597900
2016-12-20,1033.9799205191994,1034.6517723194067,1013.1525147127697,1019.8710327148438,2363400
2016-12-21,1021.8863252912249,1031.2922480749705,1014.4959573897105,1015.8396606445312,3001400
2016-12-22,1015.1678843921384,1017.1834394240221,1004.4182575554247,1014.4960327148438,1696700
2016-12-26,1023.2301029899603,1027.2612130477014,997.699739290933,1000.3871459960938,3213000
2016-12-27,989.6375477183948,1006.4338401100852,987.621992631392,997.6997680664062,1877600
2016-12-28,1003.0745527012546,1005.0901077301252,994.340480909482,1000.3871459960938,1487100
2016-12-29,994.3405555215083,997.699814155027,982.9190761675451,984.9346313476562,1924300
2016-12-30,980.9033579626993,986.2781708830428,978.8878031175703,980.2315063476562,1640700
2017-01-04,984.2627265813425,1009.7930908203125,983.5908748908433,1009.7930908203125,2375700
2017-01-05,1011.1367832140977,1019.8708550956812,1011.1367832140977,1016.5115966796875,1936000
2017-01-06,1005.0903427235402,1014.496268390739,997.6999725564552,1012.480712890625,2011600
2017-01-10,1004.4182850230824,1007.7775435014204,997.6997680664062,997.6997680664062,2029800
2017-01-11,995.6841377714935,1000.3870992859338,995.0122861265735,999.0433959960938,1492600
2017-01-12,995.684157417916,997.0278607342694,984.9345308870883,994.3404541015625,2565600
2017-01-13,994.3404541015625,1000.3871190251531,988.9656408361486,994.3404541015625,2163200
2017-01-16,989.6375221772627,994.3404839255593,943.9516080509532,945.9671630859375,10502300
2017-01-17,947.3109420841483,954.7013111358687,936.5613143725551,944.62353515625,4927800
2017-01-18,940.5923551095867,945.9671685673558,934.5456899695964,942.60791015625,2242600
2017-01-19,949.9982315923894,956.0448964327936,941.2641601562501,941.26416015625,2687600
2017-01-20,947.3109937621648,976.8724715816933,947.3109937621648,970.8258056640625,3362100
2017-01-23,957.3884466303084,962.0914074207731,949.326228132369,952.6854858398438,1880900
2017-01-24,947.3108953492255,950.6701538433716,940.592378360933,943.27978515625,1757200
2017-01-25,960.0760337450824,961.4197370813247,944.6234453782967,947.3108520507812,2094400
2017-01-26,953.3575452168782,973.5130958557128,952.685693528917,967.4664306640625,1993200
2017-01-27,974.1850645071908,982.9191374993242,968.8102503581855,970.8258056640625,1892000
2017-01-30,968.8101340399847,968.8101340399847,958.7323587205674,967.4664306640625,1296700
2017-01-31,957.3886162126568,960.0760228546573,950.6700996076557,954.0293579101562,1777900
2017-02-01,947.9825250493791,953.3573373813388,937.9047519269548,952.6854858398438,1486700
2017-02-02,954.7014727935249,956.0451764850006,942.608139570243,943.9518432617188,1396900
2017-02-03,947.9826929656552,962.0915778361575,947.3108413051551,954.0293579101562,1789400
2017-02-06,964.1072911523574,968.8102535482226,956.7169216731407,962.0917358398438,1666600
2017-02-07,958.73227122778,964.10708424097,956.7167163478338,961.419677734375,1550800
2017-02-08,967.4665468209342,971.4976574326881,963.4354362091804,970.8258056640625,1479300
2017-02-09,962.0915384332505,968.8100547630918,959.4041319013141,963.4352416992188,1297600
2017-02-10,974.184991895538,980.9035090810245,972.8412884584407,977.5442504882812,2045500
2017-02-13,980.9035297183458,993.668712639338,980.9035297183458,986.9501953125,2561000
2017-02-14,990.9812848592542,994.3405434519974,976.2005470511839,977.5442504882812,1732800
2017-02-15,993.6687037948046,994.3405555215083,982.9190761675451,984.9346313476562,2194900
2017-02-16,977.5440907740331,985.6063100793859,972.8411295125773,978.2159423828125,2042900
2017-02-17,974.1850524736936,992.3250500025141,973.5132007133669,991.6531982421875,2585700
2017-02-20,985.6064861406303,990.9812999709814,979.5598205814853,990.3094482421875,1129000
2017-02-21,987.622041327012,990.9812999709814,982.2472274966608,990.3094482421875,1221200
2017-02-22,990.9810366942864,995.683997546395,986.2780758421779,995.0121459960938,1412000
2017-02-23,991.6531028053977,999.0434714577415,984.2627341530539,997.6997680664062,2572200
2017-02-24,992.3248239947073,999.7151916751012,990.9811207800902,995.68408203125,2027200
2017-02-27,976.2006198130676,982.9191374993242,961.4198809033034,970.8258056640625,3629400
2017-02-28,976.200464570299,983.590832849909,968.1382446289062,968.1382446289062,2288500
2017-03-01,972.8414074647978,980.2317772728868,968.8102966603858,972.1695556640625,2268000
2017-03-02,986.2783579635093,990.981320160883,970.8257678864244,971.4976196289062,2020900
2017-03-03,972.1691376773036,974.1846922129165,963.4350680229809,965.4506225585938,2045000
2017-03-06,966.7946373243128,979.5598201659819,966.7946373243128,976.2005615234375,1941500
2017-03-07,976.2006483586803,992.3250912771994,976.2006483586803,982.247314453125,2049500
2017-03-08,982.2471492258014,1001.7308478082558,977.5441874990022,986.2782592773438,2977400
2017-03-09,990.9812174757866,992.3249208215165,978.8878873642177,980.9034423828125,1320900
2017-03-10,990.9812999709814,993.6687068861569,985.6064861406303,990.3094482421875,2046900
2017-03-13,987.6220470451838,988.2938987778676,982.9190849163972,986.9501953125,1388300
2017-03-14,988.2939658660055,992.9969283140422,983.5910034179686,983.5910034179688,1446600
2017-03-15,986.950178285172,997.6998058226552,984.2627714008013,997.0279541015625,1918600
2017-03-16,997.0278073887137,1017.8552076778309,994.3404008997952,1005.0900268554688,4422900
2017-03-17,1001.058997672384,1005.0901077301252,998.3715909672233,1000.3871459960938,1819200
2017-03-21,995.0124483127944,996.356151821657,987.6220790140497,989.6376342773438,1707900
2017-03-22,980.2317304248215,980.2317304248215,968.1383985895599,970.8258056640625,2757800
2017-03-23,969.4818776943754,971.4974325336568,962.7633615634372,966.1226196289062,2582000
2017-03-24,969.4820673337829,980.9035469905218,967.4665121002407,976.8724365234375,2316700
2017-03-27,972.1693037607552,972.841155387404,957.3885679744825,961.419677734375,3097500
2017-03-28,967.4662752329193,974.1847910331479,966.7944236528964,973.512939453125,2423900
2017-03-29,977.6148488219355,983.084022801359,968.0437943579445,970.7783813476562,2121700
2017-03-30,963.941874912807,964.6255216326033,957.1054077148438,957.1054077148438,2036200
2017-03-31,968.0437925716938,974.1966132871918,955.0545043945311,955.0545043945312,2605300
2017-04-03,957.7893204227571,960.5239080613659,951.6364982358871,953.6874389648438,1933500
2017-04-04,953.0036993184423,953.6873461615688,942.7489966715436,950.9527587890625,2754000
2017-04-05,948.9018051835994,949.5854520173052,933.1779280083668,939.3307495117188,2613900
2017-04-06,939.3307980429889,939.3307980429889,923.6069200553698,927.7088012695312,2502000
2017-04-07,932.4943293527198,934.5452699598005,922.9232731863428,927.7088012695312,3410300
2017-04-10,939.330934118776,948.9019916716602,936.5963462465234,944.8001098632812,2224200
2017-04-11,941.3817320413184,948.2182006835938,935.9125571274981,948.2182006835938,1449200
2017-04-12,941.3816900128361,942.0653368465419,933.1779280083668,939.3307495117188,1920000
2017-04-13,930.4434046011975,932.494345243228,921.5559951523984,929.0761108398438,1984800
2017-04-14,919.5051365095896,927.0252528676607,916.0869018013756,925.657958984375,1684800
2017-04-17,922.9232045401515,928.3923790855746,914.7194427220168,927.0250854492188,1666700
2017-04-18,931.8105919450455,936.5961195632519,929.7596515372428,930.4432983398438,1573200
2017-04-19,923.6067343811533,929.0759082338914,916.7702670652305,922.2394409179688,2133500
2017-04-20,925.657753240581,935.2288082962443,873.7005972241229,897.6282348632812,14089600
2017-04-21,881.9045286714362,916.7705216654232,877.1190002212811,912.6686401367188,11270200
2017-04-24,914.719416258858,921.5558842428554,905.8320078796613,919.5049438476562,3763300
2017-04-25,924.290542591458,946.1672418243919,921.5559551873412,941.3817138671875,6000800
2017-04-26,941.3817186869055,952.320068359375,933.1779564325534,952.320068359375,3874100
2017-04-27,947.5344268930181,953.0036010742188,944.7998398024178,953.0036010742188,2139400
2017-04-28,960.523795888184,968.0439110161342,942.0653314832153,944.1162719726562,2537800
2017-05-01,940.0143909937744,944.1162719726564,932.4942758658242,944.1162719726562,1777700
2017-05-02,941.3816979758523,945.483579012784,940.014404296875,940.014404296875,2022200
2017-05-08,950.2691927626254,966.6767183930592,950.2691927626254,963.2584838867188,2800600
2017-05-09,960.5238330304664,965.993007880462,957.1055987492192,957.7892456054688,1876400
2017-05-10,956.4218750000001,959.1564622051466,952.3199941922803,956.421875,1625800
2017-05-11,956.4219790102338,959.8402133883976,947.5345696270078,949.5855102539062,1733500
2017-05-12,946.1670966943673,955.0545043945311,944.116156455868,955.0545043945312,2675900
2017-05-15,963.9421366692949,963.9421366692949,950.9528454659498,958.4729614257812,2561800
2017-05-16,961.8912299232732,961.8912299232732,944.1164097541154,945.4837036132812,2600200
2017-05-17,942.0653855190966,943.4326792571504,927.7088012695312,927.7088012695312,3199600
2017-05-18,923.6067343811533,925.6576745759301,918.1375605284152,922.2394409179688,2361300
2017-05-19,920.8723191998063,934.5452563816891,920.1886723407122,931.8106689453125,2292900
2017-05-22,937.2796189500586,944.1160859008249,928.3922119140625,928.3922119140625,1743300
2017-05-23,928.3923099306677,930.4432502324291,923.606782559891,926.3413696289062,1054200
2017-05-24,935.9124032862046,935.9124032862046,926.3413487602683,929.7595825195312,1803100
2017-05-25,925.657625133756,930.4431519992924,922.9230383534494,928.3922119140625,2050600
2017-05-26,925.6577438693575,931.1269181315104,922.9231567382812,922.9231567382812,1120900
2017-05-29,922.2395259247728,926.3414066924146,920.8722323355589,924.2904663085938,1292800
2017-05-30,922.2395310412552,923.6068246380547,918.1376502508567,919.5049438476562,1420300
2017-05-31,919.504938746345,924.9741131032006,918.8212919517381,924.2904663085938,2449300
2017-06-01,928.3922119140625,931.8104453894456,925.657625133756,928.3922119140625,2047700
2017-06-02,933.1779516548373,941.3817138671876,931.810657952779,941.3817138671875,3024400
2017-06-05,936.596204919899,937.2798517848041,927.7087956761336,932.4943237304688,1822200
2017-06-06,930.4434046011975,937.2798734079661,927.7088170784901,929.0761108398438,1316500
2017-06-07,922.9230383534494,929.0758586091391,918.8211581829897,928.3922119140625,2145400
2017-06-08,929.0761936925891,935.9126631090173,924.9743120427322,925.657958984375,1883100
2017-06-09,922.9232605891441,924.2905543085354,915.4031451324918,916.0867919921875,3344800
2017-06-12,918.821407629691,933.8616390045818,918.1377607490141,929.0761108398438,2120200
2017-06-13,937.2798327610125,948.9018292285086,935.2288922079249,941.3817138671875,2817500
2017-06-14,943.4326198259073,952.3200285633977,942.0653261739857,948.9017944335938,2184800
2017-06-15,946.8508646824822,950.9527456847168,937.9634558443072,939.3307495117188,1885900
2017-06-16,943.4326592504935,952.320068359375,938.6471312687881,952.320068359375,4358300
2017-06-19,943.4326251428427,949.5854466111656,943.4326251428427,944.1162719726562,1210500
2017-06-20,950.2690934409792,953.0036807602338,943.4326251428427,944.1162719726562,1729200
2017-06-21,943.4326012421761,944.7998948671649,935.9124863047385,942.0653076171875,1512700
2017-06-22,938.647102678013,942.7489836802475,937.9634558443072,939.3307495117188,943800
2017-06-23,941.3817241718243,948.9018396154628,937.9634898792615,947.5345458984375,1501900
2017-06-26,959.1566422049412,959.1566422049412,944.8000566836984,945.4837036132812,2644900
2017-06-27,949.5855851907793,953.6874667682772,945.4837036132814,945.4837036132812,1348700
2017-06-28,948.9019382611963,948.9019382611963,941.3818220357833,945.4837036132812,1828500
2017-06-29,953.0036409935669,959.1564622051466,952.3199941922803,956.421875,2672400
2017-06-30,951.6363075289187,957.7891284827693,949.5853672109683,953.0036010742188,2670200
2017-07-03,954.3710349754051,961.8911505805122,953.003741229022,959.8402099609375,2841300
2017-07-04,959.1564994746429,962.5747336138968,952.3200311961351,954.3709716796875,2245100
2017-07-05,955.0545043945311,956.421797886864,948.2180369328667,955.0545043945312,1916800
2017-07-06,949.5853672109683,955.0545413921691,947.5344268930181,953.0036010742188,1648800
2017-07-07,948.9018756112198,963.2584601845883,948.9018756112198,961.20751953125,2590400
2017-07-10,963.9421070690345,966.676694606819,957.1056382245732,961.20751953125,1303800
2017-07-11,964.6257157991718,978.9822998046875,963.9420689417663,978.9822998046875,2780700
2017-07-12,970.0948724545508,973.513106677435,967.3602850762434,972.1458129882812,1597600
2017-07-13,972.1458024917895,972.8294493289848,963.2583936082499,965.9929809570312,1002800
2017-07-14,965.9927772769471,972.1455975143799,964.6254838908509,969.4110107421875,1106800
2017-07-17,969.4110107421875,969.4110107421875,969.4110107421875,969.4110107421875,0
2017-07-18,964.6256183483782,968.7274990784209,957.1055036766332,965.3092651367188,1373500
2017-07-19,960.5238726468039,965.3094008379268,959.8402257623577,961.20751953125,958900
2017-07-20,963.2582671259491,974.1966150847959,961.8909736310933,970.7783813476562,1449400
2017-07-21,964.6256847232263,966.6766252293706,958.4728632047932,960.5238037109375,1021600
2017-07-24,957.1056145731245,959.1565551757812,952.3200865002589,959.1565551757812,1185500
2017-07-25,963.9420832486469,965.3093769837513,957.1056145731245,959.1565551757812,1572400
2017-07-26,957.1054817101193,958.4727752554195,951.6363075289187,953.0036010742188,1362800
2017-07-27,953.0036913535579,956.4219255406223,948.9018103290805,950.2691040039062,1451700
2017-07-28,948.9016836790331,956.421797886864,948.2180369328667,955.0545043945312,1161400
2017-07-31,953.6873461615688,957.7892272203283,950.269111945936,950.9527587890625,1068000
2017-08-01,955.7382783991011,965.9929809570312,953.0036910503196,965.9929809570312,1488800
2017-08-02,963.9421070690345,965.9930477223729,960.5238726468039,961.20751953125,949300
2017-08-03,961.2075353102251,964.6257697885687,956.422007040544,962.5748291015625,1043500
2017-08-04,956.4220266034527,959.1566142420616,953.6874389648438,953.6874389648438,831600
2017-08-07,960.5236413138254,963.2582281930106,957.1054077148438,957.1054077148438,847800
2017-08-08,962.5747711773151,962.5747711773151,950.269127795787,952.320068359375,1334300
2017-08-09,950.2690880855154,954.3709690412801,945.4835603037897,948.9017944335938,1408900
2017-08-10,948.2179321994671,948.2179321994671,943.4324055048771,946.1669921875,992900
2017-08-11,946.1669921875,946.1669921875,946.1669921875,946.1669921875,0
2017-08-14,944.1163261261773,944.7999729952043,927.0251544005043,927.7088012695312,2144600
2017-08-15,936.5958943773933,942.7487141214783,935.22860110093,937.279541015625,1963500
2017-08-16,938.6471160531742,940.6980565835161,935.2288818359375,935.2288818359375,1379700
2017-08-17,933.1779413055955,937.2798223662795,930.4433539318062,935.2288818359375,1009000
2017-08-18,929.0761108398438,930.4434046011975,924.2905826751058,929.0761108398438,1552100
2017-08-21,929.7596326216692,929.7596326216692,923.6068115234375,923.6068115234375,1025100
2017-08-22,923.6068115234375,924.9741051008224,920.1885775799756,923.6068115234375,1129900
2017-08-23,924.9740278443378,924.9740278443378,919.5048539915997,922.2394409179688,1980200
2017-08-24,920.8722666627341,923.6068539430986,916.7703857421874,916.7703857421875,1683700
2017-08-25,921.555863172743,924.9740970865885,916.7703356933594,922.9231567382812,2113200
2017-08-28,922.923177839655,924.2904714364545,918.1376502508567,919.5049438476562,1207600
2017-08-29,916.0869453066871,920.8724741254533,914.0360043843586,918.821533203125,1518400
2017-08-30,921.555979448289,928.3924481385582,918.8213919721813,927.7088012695312,1446700
2017-08-31,929.0761051652721,934.5452801772825,927.0251645357681,933.8616333007812,1630100
2017-09-01,935.22860110093,938.6468342920883,929.7594279950765,937.279541015625,1588700
2017-09-04,916.7703883658708,921.5559161202041,903.0974519249181,906.5156860351562,7443000
2017-09-05,905.8321817430802,907.199475602315,869.598894473357,876.4353637695312,10337200
2017-09-06,920.1886470496746,931.1269964945444,879.8534834717171,892.8427734375,20109400
2017-09-07,900.3627068582022,917.4538744143564,899.679060155956,908.5664672851562,7602200
2017-09-08,909.2504755655924,923.6070620218912,905.832240695045,918.821533203125,7133900
2017-09-11,923.6066286027838,924.9739219093756,895.5771158176511,903.0972290039062,15901300
2017-09-12,916.7703962332996,946.1672098336217,909.2502811262405,938.6470947265625,16600600
2017-09-13,938.6471568919994,967.3603255660446,938.6471568919994,959.8402099609375,13682200
2017-09-14,957.1055723780352,963.942040752164,945.4835761420161,950.2691040039062,6608200
2017-09-15,943.4327295061184,958.4729614257811,942.7490826006792,958.4729614257812,5453800
2017-09-18,958.4729614257811,958.4729614257811,958.4729614257811,958.4729614257812,0
2017-09-19,966.6765008630888,972.1456748425121,961.8909736310933,970.7783813476562,6506400
2017-09-20,970.7785453716526,981.0332483157193,968.7276047828393,979.6659545898438,7008700
2017-09-21,977.6149745954738,986.5023834554327,959.1565100401747,960.5238037109375,13978500
2017-09-22,955.7383090136075,956.4219558727016,931.8106689453125,931.8106689453125,14580300
2017-09-25,936.5960222814064,938.6469624761831,920.188500723192,922.2394409179688,27489200
2017-09-26,914.7194974679591,939.3307843953481,914.7194974679591,931.8106689453125,52839500
2017-09-27,935.2926686868744,947.8282368450009,933.899827780416,939.47119140625,39707800
2017-09-28,941.5607004086356,954.7926925001772,919.9716606803312,921.364501953125,83038700
2017-09-29,911.6142562969543,925.5426635742186,904.6500526583221,925.5426635742188,211385800
2017-10-02,914.4000244140625,917.1857061335264,906.7393996855365,914.4000244140625,22714100
2017-10-03,916.4893938817015,917.1858143937696,907.4359272248154,910.9180297851562,18727800
2017-10-04,908.8287682489517,910.9180297851562,903.9538246644746,910.9180297851562,18219000
2017-10-05,910.9180438701923,910.9180438701923,903.9538386418269,905.3466796875,12755000
2017-10-06,905.346507560916,917.1856541982511,903.953666780053,913.7035522460938,19846600
2017-10-09,913.7035522460938,913.7035522460938,913.7035522460938,913.7035522460938,0
2017-10-10,915.0965670072115,915.0965670072115,902.5609975961538,905.3466796875,18821700
2017-10-11,909.525146484375,910.9179874437691,907.4358850452838,909.525146484375,11157900
2017-10-12,909.5252028245192,910.2216233473557,904.6502591646635,905.3466796875,11275500
2017-10-13,904.6503062598033,905.3467268188948,899.7753623461631,901.8646240234375,15284600
2017-10-16,903.2573665533733,908.1323099349258,902.5609460702944,904.6502075195312,9952500
2017-10-17,907.4359412560095,908.1323617788461,903.9538386418269,905.3466796875,9460900
2017-10-18,906.7395207331731,908.1323617788461,903.9538386418269,905.3466796875,8074800
2017-10-19,906.739468968768,907.435889451847,903.2573665533733,904.6502075195312,9668500
2017-10-20,903.9538386418269,908.8287823016826,902.5609975961538,905.3466796875,11643800
2017-10-23,906.7395207331731,908.1323617788461,904.6502591646635,905.3466796875,10029100
2017-10-24,908.1321928879311,910.221454067888,906.7393521012931,908.82861328125,9747000
2017-10-25,910.2217080519974,914.4002315778674,908.1324462890625,908.1324462890625,18448600
2017-10-26,912.3108520507812,913.00727254853,910.9180110552838,912.3108520507812,7405500
2017-10-27,912.3106170957374,913.7034577325248,910.2213561405563,911.6141967773438,9613900
2017-10-30,912.3106170957374,915.0962983693122,910.2213561405563,911.6141967773438,10665200
2017-10-31,912.3108708092925,912.3108708092925,908.8287682489517,910.9180297851562,11260700
2017-11-01,912.3109698149325,912.3109698149325,907.4360257014175,908.1324462890625,12214900
2017-11-02,908.828726004678,909.525146484375,907.4358850452838,909.525146484375,8439100
2017-11-03,909.525146484375,909.525146484375,909.525146484375,909.525146484375,0
2017-11-06,910.2215950908061,912.3108565944575,907.4359130859375,907.4359130859375,8230600
2017-11-07,907.4359272248154,912.3108708092925,906.7395067127472,910.9180297851562,14226600
2017-11-08,910.9180297851562,912.3108708092925,908.1323477368836,910.9180297851562,10963100
2017-11-09,910.2215950908061,911.6144360932404,902.5609695774175,907.4359130859375,21588600
2017-11-10,902.5609181487615,908.8287023025723,902.5609181487615,906.7394409179688,10446300
2017-11-13,905.3465855700656,906.0430060205041,902.5609037683115,903.25732421875,9721300
2017-11-14,903.2573941448542,903.9538146492064,878.8826764925258,884.4540405273438,23766600
2017-11-15,890.7217912445798,893.5074731562125,871.9184383410585,873.311279296875,18223400
2017-11-16,874.0076615053965,874.7040819528112,857.9899912148594,867.04345703125,21984000
2017-11-17,871.9183457772942,882.3646518369264,871.9183457772942,880.275390625,17200800
2017-11-20,882.364779014287,892.8110865795705,881.6683585099347,884.4540405273438,10881200
2017-11-21,887.9361994301984,894.9004049159255,887.2397788816257,889.3290405273438,9009900
2017-11-22,890.7218675913301,892.8111292041323,885.846923828125,885.846923828125,8246300
2017-11-23,885.846923828125,885.846923828125,885.846923828125,885.846923828125,0
2017-11-24,884.4541393599427,886.5434011064623,880.9720364490768,881.66845703125,5920000
2017-11-27,884.4539504278273,885.150370861235,876.0969052269345,877.48974609375,6654000
2017-11-28,874.0077702673739,876.7934524036842,871.2220881310635,872.6149291992188,7482800
2017-11-29,874.7041625976562,877.4898446441456,871.9184805511669,874.7041625976562,7976300
2017-11-30,877.4898129867696,899.7752685546875,877.4898129867696,899.7752685546875,20244300
2017-12-01,901.1681612968445,901.864581823349,890.0254328727722,891.4182739257812,8976600
2017-12-04,891.4182316118936,892.1146521053404,886.5432881577661,890.025390625,6248200
2017-12-05,887.9361478512564,892.8110914080868,886.543306835019,888.632568359375,6942900
2017-12-06,885.8467538568037,887.2395946647547,877.4897090090981,880.275390625,8865100
2017-12-07,878.8827747025573,883.7577187777696,878.1863541203841,881.66845703125,7482400
2017-12-08,883.0611856905322,890.0253906250001,882.3647651970854,890.025390625,10343900
2017-12-11,894.900390625,897.6860727748054,892.1147084751946,894.900390625,7739800
2017-12-12,895.5967220519641,898.3824039245985,894.2038811156468,896.9895629882812,6588700
2017-12-13,897.6859554937881,902.5608986190454,895.5966941543923,899.0787963867188,8941100
2017-12-14,904.6502265755457,912.3108520507812,904.6502265755457,912.3108520507812,18867700
2017-12-15,910.9178744612069,912.3107152478449,906.7393521012931,908.82861328125,11246300
2017-12-18,909.525033674569,911.614294854526,907.4357724946121,908.82861328125,7047700
2017-12-19,908.8288668767075,910.2217080519974,906.7396051137725,908.1324462890625,6909300
2017-12-20,906.0431190337899,906.739539571095,902.561016347265,903.953857421875,7915000
2017-12-21,903.9538901678698,906.7395724180019,903.2574696053367,906.0431518554688,6084100
2017-12-22,905.3466984964849,906.739539571095,900.47175473535,903.953857421875,7260600
2017-12-25,905.346632446667,905.346632446667,899.07884806819,899.7752685546875,4914500
2017-12-26,898.3823281196719,899.0787485290671,892.114544435116,893.5073852539062,8821700
2017-12-27,894.2040677903425,902.561115152869,894.2040677903425,901.1682739257812,5352600
2017-12-28,901.1682739257812,903.2575357664128,899.0790120851497,901.1682739257812,4770400
2017-12-29,902.5609505006772,902.5609505006772,898.3824275816926,899.7752685546875,3796000
2018-01-01,899.7752685546875,899.7752685546875,899.7752685546875,899.7752685546875,0
2018-01-02,899.7752685546875,899.7752685546875,899.7752685546875,899.7752685546875,0
2018-01-03,899.7752685546875,899.7752685546875,899.7752685546875,899.7752685546875,0
2018-01-04,905.3465999948996,906.7394409179688,902.5609181487615,906.7394409179688,7597300
2018-01-05,908.8288668767075,910.9181286396424,903.2575021755476,908.1324462890625,9963400
2018-01-08,908.1324462890625,908.1324462890625,908.1324462890625,908.1324462890625,0
2018-01-09,910.9180297851562,910.9180297851562,906.7395067127472,910.9180297851562,9132300
2018-01-10,909.5250629381535,915.7928466796875,909.5250629381535,915.7928466796875,10474800
2018-01-11,918.5788194075373,922.0609225895219,917.8823987711404,921.364501953125,14182600
2018-01-12,922.0607956047345,927.6321599286301,922.0607956047345,926.2393188476562,15874200
2018-01-15,929.7213979867788,933.8999211237981,922.0607722355769,923.45361328125,13282600
2018-01-16,921.3643470070579,922.0607675263376,917.1858238913796,919.2750854492188,6503700
2018-01-17,915.7927304772516,920.6676727687654,915.0963101498924,919.9712524414062,7793200
2018-01-18,922.0606491425884,924.1499104321865,913.7036039841964,914.4000244140625,8132200
2018-01-19,915.7928652737944,916.4892857036605,913.0071835543305,914.4000244140625,5694000
2018-01-22,915.0967162255527,922.0609225895219,915.0967162255527,921.364501953125,7287400
2018-01-23,923.453496434667,927.6320190429688,922.7570759999501,927.6320190429688,9404900
2018-01-24,925.5428654455834,927.6321269928646,923.4536038983022,924.1500244140625,5771500
2018-01-25,922.7569337508428,924.1497744055611,917.8819914593289,919.9712524414062,8124500
2018-01-26,926.2393945644916,927.6322357593255,919.2751885903225,920.6680297851562,8432700
2018-01-29,922.0609225895219,924.1501844987126,919.9716606803312,921.364501953125,6269200
2018-01-30,919.971240598068,919.971240598068,909.5249358221627,911.6141967773438,9518200
2018-01-31,908.8287023025723,914.4000659948487,906.7394409179688,906.7394409179688,9729500
2018-02-01,912.3107446010575,919.2749487583175,910.9179037696056,915.7928466796875,7985200
2018-02-02,914.4000058482355,917.1856875111395,911.6143241853315,915.7928466796875,6028700
2018-02-05,908.828726004678,913.7036693625574,906.0430440858896,909.525146484375,8762500
2018-02-06,895.5967970848084,901.864581823349,878.1862839221955,891.4182739257812,27152300
2018-02-07,903.257422876358,907.4359460353851,891.4182739257812,891.4182739257812,13658700
2018-02-08,894.900338954272,897.6860209432347,889.3289749763466,894.2039184570312,9137100
2018-02-09,879.579045577534,884.4539888230152,876.0969432593331,883.757568359375,12090300
2018-02-12,883.757568359375,883.757568359375,883.757568359375,883.757568359375,0
2018-02-13,886.5433160990428,892.1146802222105,877.4898493988956,878.8826904296875,10878600
2018-02-14,880.2755976095617,882.364859312749,874.0078125,874.0078125,6813900
2018-02-15,894.900344064029,908.1323335871547,874.7041495287318,907.4359130859375,14861500
2018-02-16,906.0429317079742,914.3999764278018,905.3465113146552,908.82861328125,9084900
2018-02-19,913.7035854325095,919.2749487583175,913.0071650167836,915.7928466796875,7335500
2018-02-20,913.0073852539062,915.0966470050594,910.2217029190355,913.0073852539062,6377400
2018-02-21,908.8287304180049,911.6144123503205,903.9537870364524,904.6502075195312,6652600
2018-02-22,902.5609505006772,903.9537914736721,899.07884806819,899.7752685546875,6302200
2018-02-23,898.3823852539062,899.0788057075915,893.5074420781099,898.3823852539062,5321000
2018-02-26,905.3465897907582,905.3465897907582,896.9895443465359,898.3823852539062,5745600
2018-02-27,901.168175272655,904.65027795918,898.3824931234351,903.953857421875,6434900
2018-02-28,904.6501599584412,907.4358417443025,899.0787963867188,899.0787963867188,6454400
2018-03-01,896.2932600238579,896.2932600238579,891.4183161076443,892.8111572265625,7988400
2018-03-02,888.6326059785279,889.3290265161286,883.7576622153229,885.846923828125,8339400
2018-03-05,885.1504471708726,890.0253906250001,883.0611856905322,890.025390625,5968700
2018-03-06,899.0788426065857,901.1681040533864,885.8468534435143,886.5432739257812,6841100
2018-03-07,887.2397743303133,890.0254565103143,883.757671605312,885.1505126953125,6961800
2018-03-08,887.936091141216,889.3289320684963,883.0611478957348,883.757568359375,4807500
2018-03-09,885.8468815360482,890.0254045621616,880.9719380055825,884.4540405273438,9617800
2018-03-12,890.7218159708278,895.5967594515126,888.6325544791058,894.2039184570312,5665300
2018-03-13,893.5074420781099,899.7752261612767,891.4181807170543,898.3823852539062,6314200
2018-03-14,894.9003202399792,896.9895816880103,892.8110587919481,895.5967407226562,4980100
2018-03-15,892.8110725987872,894.2039135856808,885.8468676643193,890.025390625,6522700
2018-03-16,891.4182833268178,892.811124394516,887.9361806575724,890.7218627929688,7378600
2018-03-19,892.8110582661834,893.5074787484504,885.1504329612474,886.5432739257812,4691000
2018-03-20,898.3824376690633,919.9714729928935,898.3824376690633,917.185791015625,19727300
2018-03-21,917.185791015625,917.185791015625,917.185791015625,917.185791015625,0
2018-03-22,917.8819914593289,929.721137024434,913.007049167815,919.9712524414062,14038000
2018-03-23,910.2217407226562,917.8823674617146,901.8646933709563,910.2217407226562,9976700
2018-03-26,910.221661226249,911.6145023298852,899.0789323971595,902.56103515625,10432900
2018-03-27,905.3466426122343,917.185791015625,903.9538016236,917.185791015625,10425600
2018-03-28,910.0482125364116,915.7583189680126,905.7656327127108,915.0445556640625,11858100
2018-03-29,916.4720277541343,922.1821338460603,910.0481584007174,917.185791015625,8314000
2018-03-30,919.3272151425888,920.0409785083828,910.7620547530615,914.3308715820312,4999600
2018-04-02,912.9031849132217,916.4720011169481,908.62060546875,908.62060546875,5058900
2018-04-03,905.0518254265834,909.3344050421666,903.6242988880556,907.193115234375,5059500
2018-04-04,907.9068422280047,911.4756584317312,903.624262783533,908.62060546875,6216000
2018-04-05,910.0481829165301,922.8959219694693,910.0481829165301,918.6133422851562,7923000
2018-04-06,918.6134097077125,922.89598970635,917.8996463746063,920.7546997070312,8281100
2018-04-09,920.0408637917944,924.3234434525785,919.327100514997,923.6096801757812,4691600
2018-04-10,923.6098085049031,929.3199155126614,923.6098085049031,925.7510986328125,7304800
2018-04-11,928.6060427521525,932.174859211615,927.8922794602599,930.0335693359375,7992300
2018-04-12,929.3198242187501,932.8886407480079,928.6060609128984,929.31982421875,5583700
2018-04-13,930.7473209909382,934.3161374057808,929.3197944250012,932.8886108398438,7894700
2018-04-16,932.8885564673038,936.4573726741412,932.1747932259364,935.0298461914062,6500300
2018-04-17,940.0263243794078,946.4501944776725,937.1712710024013,939.3125610351562,12722200
2018-04-18,941.4536021629789,945.0224179407006,940.0260758518903,944.3086547851562,11541600
2018-04-19,944.3087949998079,945.7363215228613,941.4537419537012,943.5950317382812,7483300
2018-04-20,944.3088443807886,946.4501342773438,942.1675544842336,946.4501342773438,10216900
2018-04-23,947.8775948870029,952.8739376311363,947.1638316378411,951.4464111328125,15485500
2018-04-24,952.8739442653998,954.3014707736626,950.0188912488743,953.5877075195312,11717400
2018-04-25,945.0225484699546,953.5877075195312,945.0225484699546,953.5877075195312,9242300
2018-04-26,954.3014707736626,955.7289972819253,951.446417757137,953.5877075195312,10174000
2018-04-27,952.8739309669437,955.0152206994536,947.1638250135837,949.3051147460938,8171700
2018-04-30,949.3051147460938,949.3051147460938,949.3051147460938,949.3051147460938,0
2018-05-01,953.5877075195312,955.015234027794,951.446417757137,953.5877075195312,7401800
2018-05-02,953.5876103559417,955.01513671875,952.1600839931334,955.01513671875,6783100
2018-05-03,955.01513671875,955.01513671875,955.01513671875,955.01513671875,0
2018-05-04,955.01513671875,955.01513671875,955.01513671875,955.01513671875,0
2018-05-07,956.4426630815583,959.2977158071749,953.5876103559417,955.01513671875,7521100
2018-05-08,955.7290467675052,956.4428100585938,953.5877568942398,956.4428100585938,7415600
2018-05-09,953.5877008802981,955.015227378622,949.3051213853267,951.4464111328125,6224300
2018-05-10,947.1639578219242,949.3052478546791,938.5987976909046,939.3125610351562,5952700
2018-05-11,932.888607244117,945.0225830078125,930.0335541232474,945.0225830078125,6438500
2018-05-14,942.1673764452236,946.4499554290655,940.0260869533026,941.45361328125,3986400
2018-05-15,945.0225418903553,952.1601743819743,943.5950153920315,951.4464111328125,6156100
2018-05-16,916.4720029882965,920.0408191993101,909.3343705662693,915.7582397460938,12244100
2018-05-17,915.7584103290793,915.7584103290793,907.1932498271706,911.475830078125,10053400
2018-05-18,915.0446349478252,915.0446349478252,910.7620547530615,914.3308715820312,6260100
2018-05-21,914.3308835787612,916.4721737042385,911.475830078125,911.475830078125,5064700
2018-05-22,915.0446469539203,915.7584103290793,911.475830078125,911.475830078125,4167200
2018-05-23,910.7618453414351,911.4756085431134,903.6242133246527,905.7655029296875,7617600
2018-05-24,905.7656678207277,907.9069578155758,903.6243778258796,906.4794311523438,6631500
2018-05-25,903.6243832694663,905.7656732772139,901.4830932617188,901.4830932617188,7397500
2018-05-28,903.6242246363946,903.6242246363946,899.341645372715,902.9104614257812,3954100
2018-05-29,900.7692260742188,902.1967525814679,899.3416995669696,900.7692260742188,3964400
2018-05-30,895.772906338389,896.4866696103718,892.9178532504579,895.0591430664062,7295700
2018-05-31,897.9142012118145,897.9142012118145,887.9215153477721,890.0628051757812,16870500
2018-06-01,892.2040156829052,895.0590685330905,887.2076731950809,890.7764892578125,5673600
2018-06-04,895.7726691465294,899.3414845614559,894.3451429805589,897.2001953125,4847300
2018-06-05,895.7729310442688,899.3417475026125,895.0591677526,896.4866943359375,3766300
2018-06-06,900.055487524105,903.62430389018,898.6279609776751,902.19677734375,5107900
2018-06-07,904.3381401909721,904.3381401909721,898.6280335441468,899.341796875,4060800
2018-06-08,898.6279594263202,900.7692492422685,895.0591430664062,895.0591430664062,4996300
2018-06-11,892.2041015625,893.631628125,888.63528515625,892.2041015625,4216900
2018-06-12,895.7730222072341,900.0556023930856,892.2042053856915,892.91796875,5304600
2018-06-13,892.2042053856915,895.7730222072341,891.4904420213828,892.91796875,3589700
2018-06-14,891.4904293933547,894.3454828101468,888.6353759765625,888.6353759765625,4892100
2018-06-15,888.6352291091833,890.7765188178802,886.4939394004865,887.2077026367188,6988200
2018-06-18,885.7803281620746,886.494091520787,881.4977480098004,883.6390380859375,5020600
2018-06-19,881.4976662940135,881.4976662940135,870.0774536132812,870.0774536132812,7751600
2018-06-20,868.6498727252167,874.3599787086199,865.794819733515,872.2186889648438,6887500
2018-06-21,867.2224787528941,868.6500054668907,862.2261352539062,862.2261352539062,8442900
2018-06-22,861.5123473210122,862.2261106576493,856.5160039645523,860.798583984375,6009100
2018-06-25,865.0809297736195,865.7946929169971,856.5157720530887,857.9432983398438,6354600
2018-06-26,860.0846692690861,869.3635910122381,856.5158532140276,864.3672485351562,9707000
2018-06-27,864.3672012416868,870.7910697893129,864.3672012416868,868.6497802734375,5987500
2018-06-28,870.0775321808871,870.7912955378855,860.7986085399098,862.2261352539062,6647200
2018-06-29,865.0809146035141,867.222203996097,859.3708095566262,865.794677734375,5966600
2018-07-02,865.7948593685059,866.5086226491064,857.2297000012989,858.6572265625,6717300
2018-07-03,858.6572265625,860.0847531237013,856.5159367206983,858.6572265625,6393400
2018-07-04,857.9433796360511,867.222301379203,857.9433796360511,864.3672485351562,4868000
2018-07-05,863.6535512727756,863.6535512727756,858.6572084141728,859.3709716796875,5065400
2018-07-06,861.5123473210122,865.7949273408349,860.798583984375,860.798583984375,5385300
2018-07-09,861.5120989492091,867.935967126958,860.7983358183482,865.794677734375,4616900
2018-07-10,867.936279296875,874.3601497850921,867.936279296875,867.936279296875,5688200
2018-07-11,861.5123291015625,864.3673823877317,859.3710391369356,861.5123291015625,5497700
2018-07-12,868.6499990882716,868.6499990882716,859.3710755154306,860.0848388671875,5467300
2018-07-13,860.0845877699765,862.2258772001093,857.9432983398438,857.9432983398438,7603300
2018-07-16,857.9432983398438,857.9432983398438,857.9432983398438,857.9432983398438,0
2018-07-17,858.6570890574322,869.363536551914,857.2295627248346,866.5084838867188,7274300
2018-07-18,863.6534853241445,869.3635910122381,862.9397221131329,864.3672485351562,4074700
2018-07-19,864.367298066567,870.0774040818704,862.2260083108282,867.2223510742188,4249100
2018-07-20,865.081152141981,866.5086787956806,860.0848088540322,863.6536254882812,5357800
2018-07-23,870.0774124095806,882.925151066982,867.9361226333469,876.5012817382812,6949200
2018-07-24,877.9287719726562,884.3526410358708,874.3599558264259,877.9287719726562,4865800
2018-07-25,878.6427001953125,883.639043738259,876.5014101054783,878.6427001953125,4145200
2018-07-26,879.3563545245554,884.3526974479904,877.2150647002262,882.9251708984375,5313800
2018-07-27,884.3526295765486,885.7801560165431,879.3562870365681,880.7838134765625,3807300
2018-07-30,883.638952360184,885.066478939118,880.0701359128489,882.21142578125,4176500
2018-07-31,885.7801924866516,890.7765352323457,879.3563232421875,879.3563232421875,7259700
2018-08-01,881.4975384760169,894.3452758789062,879.3562489088687,894.3452758789062,5865600
2018-08-02,895.7728317456368,897.9141213832758,887.9214364076272,890.7764892578125,4556400
2018-08-03,890.0628285257926,890.7765918205206,882.2114322837849,884.3527221679688,3754000
2018-08-06,885.0665101228848,887.9215633813458,883.6389834936543,885.7802734375,2559900
2018-08-07,881.4975540726273,887.2076596860531,879.3562644675925,886.493896484375,2697000
2018-08-08,887.2077753468807,890.7765918205206,882.2114322837849,884.3527221679688,3344800
2018-08-09,882.2114076236611,888.635277096649,880.7838810741083,882.9251708984375,3955700
2018-08-10,880.0700980320039,881.497624549493,875.7875184795367,876.5012817382812,4831200
2018-08-13,903.6242906725084,908.6206335119299,894.34536825644,897.9141845703125,11305000
2018-08-14,894.3454716858928,900.0555784484524,890.0628916139731,898.6280517578125,5129700
2018-08-15,900.7691785168573,905.0517578125,899.3416520849764,905.0517578125,5543400
2018-08-16,901.4830878310316,907.9069578155758,893.6316911832554,906.4794311523438,6096700
2018-08-17,907.1930789872595,910.0481319502406,902.9104995427878,908.62060546875,3661700
2018-08-20,912.9032130885768,925.0371885557432,912.1894498258023,924.3234252929688,8040700
2018-08-21,923.6098325979441,923.6098325979441,915.758435257467,920.041015625,4507100
2018-08-22,919.3271730408188,925.0372797056685,917.1858830415001,920.7546997070312,4505400
2018-08-23,918.6134223937988,925.0372924804688,918.6134223937988,925.0372924804688,4519300
2018-08-24,926.4647412931271,935.0299006887493,926.4647412931271,932.8886108398438,8156000
2018-08-27,935.7435438985976,940.026123046875,935.029780707218,940.026123046875,6051900
2018-08-28,940.0261592502377,941.4536856879753,937.8848695936313,938.5986328125,5090800
2018-08-29,940.7399902343751,944.3088065857953,940.026226964091,940.739990234375,6627400
2018-08-30,939.312323789329,942.1673764452236,938.5985606253554,941.45361328125,5588600
2018-08-31,940.7401368112274,942.8814269557143,939.3126100482363,942.1676635742188,5511200
2018-09-03,942.1673764452236,943.5949027731709,937.8847974613817,941.45361328125,3986200
2018-09-04,940.0261592502377,941.4536856879753,935.029816718156,938.5986328125,5477300
2018-09-05,935.0298461914062,937.8848991568763,927.1784505363639,935.0298461914062,6678900
2018-09-06,941.4538813517532,942.881408086176,931.4611942107946,935.7437744140625,5549400
2018-09-07,932.1747684770403,935.0298213667096,927.8921891425363,933.602294921875,5730300
2018-09-10,932.8886057768057,940.0262385677529,931.4610792186162,937.8849487304688,4937600
2018-09-11,941.4537419537012,947.8776113074414,937.171162384541,943.5950317382812,7811200
2018-09-12,943.5951482515931,948.5914916992188,942.1676215522714,948.5914916992188,8026400
2018-09-13,948.5914916992188,950.0190183985403,946.4502016502363,948.5914916992188,7486400
2018-09-14,950.7326297788605,952.16015625,949.3051033077211,952.16015625,9307800
2018-09-17,952.16015625,952.16015625,952.16015625,952.16015625,0
2018-09-18,952.8739936031512,958.5840999318592,952.1602303120627,956.4428100585938,11152700
2018-09-19,957.1565189091731,958.5840454101562,954.3014659072069,958.5840454101562,10955900
2018-09-20,958.5840091974761,960.0115356445312,957.1564827504211,960.0115356445312,10698600
2018-09-21,960.0114659863065,977.8555452797323,958.5839396428324,970.004150390625,23883100
2018-09-24,970.0041503906249,970.0041503906249,970.0041503906249,970.004150390625,0
2018-09-25,970.0043708672904,975.7144775390626,970.0043708672904,975.7144775390625,14240100
2018-09-26,974.2603119055077,980.0767913795704,966.2626526286714,979.3497314453125,12705400
2018-09-27,979.3497589656284,981.5309388296945,972.8062193734305,977.1685791015625,11073600
2018-09-28,980.0766848953517,984.4390440269334,976.4413856190337,982.9849243164062,13577000
2018-10-01,982.9848881274198,987.3472470983995,982.2578282989233,985.8931274414062,9733500
2018-10-02,986.6203002929688,990.9826597636819,980.8038209986844,986.6203002929688,12708600
2018-10-03,986.6202548078853,992.4367338340187,986.6202548078853,990.2555541992188,10286400
2018-10-04,990.9825868264222,995.3449459760617,990.9825868264222,992.4367065429688,11420800
2018-10-05,993.1638519755239,995.3450317382814,991.7097321336857,995.3450317382812,9675300
2018-10-08,995.3450317382814,995.3450317382814,995.3450317382814,995.3450317382812,0
2018-10-09,998.9801725983533,1005.5237108468142,993.1636941552771,998.2531127929688,15997300
2018-10-10,993.890933227539,1004.7968322753906,993.1638732910156,1003.3427124023438,14172000
2018-10-11,986.6202457509143,996.0720240816157,980.8037667781749,990.9826049804688,14611500
2018-10-12,983.711856673955,986.6200957180762,966.9894821702588,973.5330200195312,12522500
2018-10-15,973.5333169185753,976.4415568496241,953.9026973839962,959.7191772460938,9419900
2018-10-16,967.7167573522349,977.8955962725439,961.1732180463221,975.7144165039062,9603400
2018-10-17,981.530935653133,985.893295367147,972.8062162251052,982.2579956054688,7385500
2018-10-18,988.8014253656916,993.8908444668385,987.3473056225067,990.9826049804688,7033100
2018-10-19,984.4391023637266,988.8014617538171,977.8955632785911,988.0744018554688,5345600
2018-10-22,988.8014526367188,992.436752094942,988.0743927450741,988.8014526367188,5537300
2018-10-23,984.4391417913693,988.074441428708,974.2603028068203,980.0767822265625,8936000
2018-10-24,988.8016431788634,988.8016431788634,971.3522024168834,978.622802734375,8688900
2018-10-25,970.6249627495823,972.0790825439638,958.9920043945312,958.9920043945312,9736600
2018-10-26,967.7167508203571,969.1708706563005,950.9943727070075,956.8108520507812,11921500
2018-10-29,967.7166365126693,973.5331151693946,953.9024997029467,956.0836791992188,8956400
2018-10-30,961.1731370797186,969.8978554193227,948.0860595703125,948.0860595703125,42714700
2018-10-31,951.721278039733,974.2601318359375,948.8130388402227,974.2601318359375,15840300
2018-11-01,979.3497806849105,982.9850805389747,967.7168211519048,970.6250610351562,7931000
2018-11-02,968.4437894310141,971.3520290389151,955.3567111954599,963.3543701171875,7560300
2018-11-05,965.5355406886313,976.4414391150841,963.3543610033406,964.0814208984375,4974600
2018-11-06,966.2624313286067,977.1683278447309,964.0812520253819,972.8059692382812,6506100
2018-11-07,980.0765578688037,985.8930359570459,969.1706614533497,973.5330200195312,9416800
2018-11-08,987.347372608171,996.7991515801195,986.6203126872518,995.3450317382812,10971300
2018-11-09,996.0719243789517,1001.8884027694858,991.7095655860512,998.9801635742188,9000500
2018-11-12,998.253103775402,1001.8884027694858,994.6178047813182,998.9801635742188,6995300
2018-11-13,987.3473017035591,988.0743615722656,969.170804985894,981.5308227539062,8774600
2018-11-14,981.5308446835106,992.4367429577718,980.8037847985598,989.5285034179688,9887300
2018-11-15,1003.3427339048824,1014.9756931385622,990.2556547669925,996.7991943359375,23136500
2018-11-16,995.3449206613327,1010.6131772967512,993.1637411419872,1009.1590576171875,15593500
2018-11-19,1009.1590823469492,1014.2485013501398,1006.9779027741531,1012.0673217773438,14652400
2018-11-20,1009.1589695966818,1013.5213282548807,1003.3424913857499,1011.3401489257812,9110300
2018-11-21,1006.9780336654072,1007.7050936175123,993.1638945754125,996.7991943359375,8398900
2018-11-22,993.1638702414903,998.9803497158182,985.8932708985803,993.8909301757812,7376200
2018-11-23,993.8909301757812,993.8909301757812,993.8909301757812,993.8909301757812,0
2018-11-26,998.253280595032,998.9803405226322,986.6203217534294,994.6179809570312,8468600
2018-11-27,997.5260845633925,1005.5237426757811,994.6178452497966,1005.5237426757812,8770300
2018-11-28,1008.4319098203154,1014.2483880312471,1005.5236707148493,1011.3401489257812,12494300
2018-11-29,1012.0674408822064,1013.5215607685313,998.9803619052813,1002.6156616210938,7693300
2018-11-30,995.3450349622801,1004.7968139648438,990.2556154993612,1004.7968139648438,24804000
2018-12-03,1002.615544558794,1002.615544558794,990.255526968149,992.4367065429688,8931600
2018-12-04,985.8932242178702,985.8932242178702,965.535547021631,968.4437866210938,10938600
2018-12-05,965.5355773094742,965.5355773094742,950.9943788560182,961.1732177734375,8770500
2018-12-06,957.5379394624222,961.9002990955083,950.2673400739451,954.6296997070312,7898300
2018-12-07,965.5356814104985,969.170981415809,954.6297813945666,962.62744140625,12685100
2018-12-10,952.4485198904882,956.0838195847267,946.6320403797066,954.6296997070312,7407300
2018-12-11,952.4485137869406,956.8108733920716,945.1779144450555,950.267333984375,8426100
2018-12-12,950.2672883940907,960.446126984387,950.2672883940907,953.902587890625,7680800
2018-12-13,954.6295550884007,955.3566149171047,945.1777773152481,946.6318969726562,7968900
2018-12-14,948.0862066612481,948.8132666356815,931.3638272492782,936.4532470703125,10236800
2018-12-17,937.907309037369,956.0838072745273,937.907309037369,945.9049682617188,6112900
2018-12-18,945.9049928657739,946.6320528141719,929.9096740010183,934.2720336914062,7668800
2018-12-19,937.1802705488865,937.1802705488865,918.2767119497623,924.8202514648438,10020400
2018-12-20,929.9095142505787,936.4530526620371,918.2765570746527,922.638916015625,7823000
2018-12-21,944.4509985641058,945.1780586091897,911.7332965353262,919.73095703125,13320400
2018-12-24,919.73095703125,919.73095703125,919.73095703125,919.73095703125,0
2018-12-25,901.5544007629494,905.1897007660258,887.0132007506437,900.1002807617188,8202500
2018-12-26,906.6436767578124,913.914275609118,897.1918982511152,906.6436767578125,7157800
2018-12-27,934.2718754933111,939.3612942703174,916.0953798611455,917.5494995117188,10065700
2018-12-28,914.6415367156621,927.00155748209,911.7332965353262,919.73095703125,6090100
2018-12-31,919.73095703125,919.73095703125,919.73095703125,919.73095703125,0
2019-01-04,909.5521164000742,924.820377346838,903.0085759943182,919.73095703125,7954900
2019-01-07,931.3637239684584,937.180203118925,927.0013646056085,934.9990234375,7023200
2019-01-08,933.5448608398439,943.7236988863842,929.909561537508,933.5448608398438,6823000
2019-01-09,945.9048371439522,951.7213157735845,940.815418343024,946.6318969726562,6467200
2019-01-10,939.3613322407806,949.540170206238,932.8177935487009,948.8131103515625,7812800
2019-01-11,952.4485682935808,960.4462280273438,948.8132684145977,960.4462280273438,7047600
2019-01-15,966.989630510707,973.533169363787,959.7190317850626,971.3519897460938,8062500
2019-01-16,969.1709195999872,977.1685791015625,963.354439962478,977.1685791015625,8046100
2019-01-17,980.0766578139413,988.0743160008503,974.2601791325529,985.1660766601562,8151900
2019-01-18,983.7120726905637,988.8014921353781,980.8038330078126,980.8038330078125,6224600
2019-01-21,986.6202235927243,986.6202235927243,976.4413856190337,982.9849243164062,4879500
2019-01-22,980.8037447506154,985.166103882197,976.4413856190337,982.9849243164062,3636800
2019-01-23,977.8955285991736,981.5308279619959,971.3519897460936,971.3519897460938,4840000
2019-01-24,973.5332884742356,983.7121279355047,972.0791685511972,976.4415283203125,6923700
2019-01-25,969.8980043709996,976.441544130624,965.53564453125,965.53564453125,4578200
2019-01-28,970.6248279792883,972.8060073680058,963.3542300168966,964.808349609375,4176400
2019-01-29,961.9002139950445,970.6249324893306,961.1731541205206,966.2625732421875,4387000
2019-01-30,964.808489921138,968.4437894310141,961.900250313237,963.3543701171875,4818700
2019-01-31,972.8059782314942,977.1683368782723,965.5353804868643,972.0789184570312,5501600
2019-02-01,973.5333414221818,976.4415814264303,962.62744140625,962.62744140625,3979800
2019-02-04,970.6250031694815,983.7120818639014,969.8979432420136,980.0767822265625,5923000
2019-02-05,977.1683188246826,978.6224383467431,971.3518407364405,973.5330200195312,4363200
2019-02-06,973.5333009184077,976.441540801659,969.8980010643434,970.6250610351562,2983900
2019-02-07,966.262637232147,966.9896971548199,957.5379181600734,961.1732177734375,4628500
2019-02-08,953.9024929574102,958.2648519191058,945.1777750340193,951.7213134765625,5416900
2019-02-12,962.627337618783,968.4438170001654,960.4461578507646,961.1732177734375,5978300
2019-02-13,965.5355379372187,970.6249571883938,959.7190587930186,969.1708374023438,5040900
2019-02-14,966.2624402613272,977.1683368782723,962.6271413890122,972.0789184570312,5989400
2019-02-15,977.8956482433509,977.8956482433509,969.8979886666395,976.4415283203125,5071700
2019-02-18,983.7119569898091,988.8013758360239,981.5307774842885,985.1660766601562,5530900
2019-02-19,980.0767520235986,990.2555906944668,980.0767520235986,987.3473510742188,4988400
2019-02-20,991.7096060693792,995.3449052118623,985.8931274414064,985.8931274414062,5161100
2019-02-21,983.7121094657587,983.7121094657587,969.1709105083934,977.8956298828125,4888100
2019-02-22,972.8059692382812,978.6224473802142,971.3518497027981,972.8059692382812,4410000
2019-02-25,977.8957427026259,981.5310428613717,974.2604425438801,978.622802734375,3316400
2019-02-26,980.8038788750058,982.2579987843832,976.4415191468738,977.1685791015625,3747800
2019-02-27,979.3497557961261,984.4391754624756,977.8956358914548,982.2579956054688,4402000
2019-02-28,983.7119569898091,988.8013758360239,983.7119569898091,985.1660766601562,5478200
2019-03-01,985.1660947947704,988.8013940375555,979.3496160063141,983.7119750976562,4491400
2019-03-04,988.8014708843428,991.7097105045909,983.7120515489087,987.3473510742188,3226400
2019-03-05,988.8013758360239,990.9825553415445,981.5307774842885,985.1660766601562,3927700
2019-03-06,986.6202418348524,986.6202418348524,978.6225832790799,981.5308227539062,3642600
2019-03-07,981.5307774842885,986.6201963305033,977.1684184732471,985.1660766601562,3340800
2019-03-08,977.168499010181,979.3496786954715,961.900241213147,964.0814208984375,6137200
2019-03-11,966.98974609375,969.897985931626,962.6273863369361,966.98974609375,2709500
2019-03-12,974.2603484357548,982.2580080124662,974.2603484357548,976.4415283203125,3168800
2019-03-13,971.3519897460936,978.6225884717381,967.7166903832715,971.3519897460938,2358000
2019-03-14,969.8979305742722,974.9873500000742,956.0837921328095,956.8108520507812,4947100
2019-03-15,955.3567049085777,961.900243983294,955.3567049085777,958.9920043945312,6996400
2019-03-18,958.9919185275813,960.4460381917627,953.175439870856,956.0836791992188,3085700
2019-03-19,961.1731840861033,965.5355434692475,956.8108247029592,958.9920043945312,2678500
2019-03-20,956.0837675885457,960.446126984387,953.1755279913182,953.902587890625,5274600
2019-03-22,954.6296631878945,957.5379028320312,943.7237645223817,957.5379028320312,7011300
2019-03-25,952.4485137869406,954.629693589506,945.1779144450555,950.267333984375,4229500
2019-03-26,956.083868172564,963.3544679305303,953.9026882451741,960.4462280273438,5201300
2019-03-27,973.7855636794847,976.7499032949473,962.6692901214997,970.0801391601562,3823000
2019-03-28,970.0803337097168,972.3035888671875,958.9640579223633,960.4462280273438,3634400
2019-03-29,963.4105682373047,969.3392486572266,959.7051429748535,960.4462280273438,3944400
2019-04-01,961.9282462465251,971.5623504076998,959.7049914401001,966.374755859375,3543000
2019-04-02,976.0088382529341,979.7142628476681,973.0444985771469,973.7855834960938,3275100
2019-04-03,979.7143972711121,981.9376523329981,974.5268021267113,976.0089721679688,3249400
2019-04-04,973.0446315709671,974.5268016114408,962.6694412876514,964.151611328125,2765900
2019-04-05,963.4105339840752,973.0446393239159,963.4105339840752,965.6337890625,6023400
2019-04-08,963.4102991385054,967.1157233659611,955.9994506835938,955.9994506835938,3592200
2019-04-09,953.0352054396739,955.258460195754,949.329780846207,950.8119506835938,2398300
2019-04-10,944.1424306843588,944.1424306843588,919.6866220402585,927.0974731445312,7132300
2019-04-11,925.6151162109375,927.0972861328124,914.498841796875,926.356201171875,4219900
2019-04-12,927.0972467237904,927.8383316532259,918.2042275705645,918.9453125,4633800
2019-04-15,930.0618135862404,933.0261540279496,924.1331327028222,927.0974731445312,6116600
2019-04-16,921.9097862090205,924.8741263576026,918.2043610232929,921.168701171875,4070300
2019-04-17,922.6506718596304,927.0971811216045,918.2041625976562,918.2041625976562,4182600
2019-04-18,921.909620408888,923.3917902166194,910.793346850903,913.0166015625,5087000
2019-04-19,911.5344293493973,911.5344293493973,900.4181558207462,901.1592407226562,5097100
2019-04-22,901.1593705100576,904.8647955532732,900.4182855014144,902.6415405273438,2823400
2019-04-23,904.1235827161121,915.9809411779627,903.3824978122464,913.0166015625,4081100
2019-04-24,913.7577578237157,915.2399277471928,902.6414833976364,903.382568359375,5712400
2019-04-25,909.3114425831735,919.6866342670891,906.3471021020547,917.46337890625,5772300
2019-04-26,918.9454460604385,923.3919562833115,915.9811059118564,921.168701171875,5980700
2019-05-07,924.874180033743,926.3563501940534,913.016818751259,919.6865844726562,5567400
2019-05-08,920.4275160740762,923.3918559004017,905.6058169424484,913.7577514648438,5516800
2019-05-09,913.7577931158706,913.7577931158706,902.6415182604464,910.0523681640625,6567300
2019-05-10,903.3824954283865,905.6057501341168,898.935986016926,901.1592407226562,7643000
2019-05-13,901.9003749259326,903.3825448107739,897.4538652714086,898.93603515625,3519600
2019-05-14,890.7840734073772,894.4894980055776,884.8553940502566,893.7484130859375,5158400
2019-05-15,898.1949106725375,899.6770804921291,887.0786370256001,891.525146484375,5852900
2019-05-16,886.3375972082855,888.5608520507811,878.1856627858012,888.5608520507812,5649500
2019-05-17,886.3375323618791,892.2662115081124,880.4088532156459,887.8197021484375,4969100
2019-05-20,889.3019759033809,895.9717407226562,887.0787209636225,895.9717407226562,4598700
2019-05-21,895.9717716163755,901.9004516601562,893.0074315944851,901.9004516601562,4493900
2019-05-22,901.9003352215166,902.6414201313124,890.0429766647834,891.525146484375,3727800
2019-05-23,890.7840734073772,893.7484130859375,887.8197337288168,893.7484130859375,3926700
2019-05-24,889.3019720418563,898.1949917622749,884.855462181647,895.2306518554688,5113300
2019-05-27,895.230667366053,900.4182622928431,893.7484973869701,898.1950073242188,2912500
2019-05-28,895.9716992951696,907.8290584256267,891.5251896212482,899.6771240234375,11828300
2019-05-29,892.2662745669018,899.6771240234375,887.0786799473267,899.6771240234375,4229600
2019-05-30,895.9718435819032,904.123779296875,895.9718435819032,904.123779296875,3891700
2019-05-31,899.6771381397215,902.6414779688474,889.3019487377808,890.7841186523438,5429800
2019-06-03,883.3733600206612,898.1950606921488,879.6679348527892,896.712890625,5212800
2019-06-04,897.4539369710286,897.4539369710286,885.596576944987,889.302001953125,3543900
2019-06-05,902.6416091668801,910.0524598168545,900.4183539718878,904.123779296875,6267800
2019-06-06,902.6414638060518,904.1236336973589,898.1949541321303,899.6771240234375,3311500
2019-06-07,905.6058572196331,907.088027198716,893.0074123974288,898.1950073242188,2420300
2019-06-10,901.1592662593207,902.6414361051419,890.0429924156613,894.489501953125,3481600
2019-06-11,893.0073556168848,901.1592899835119,892.2662706744641,898.93603515625,3132400
2019-06-12,900.4182466923795,901.9004166457826,893.0073969253641,895.2306518554688,2538200
2019-06-13,893.0074008029783,898.1949956624147,887.0787209636225,895.9717407226562,4157100
2019-06-14,893.0073163039667,893.0073163039667,888.5608068451918,891.525146484375,3010300
2019-06-17,887.0788960108529,888.5610662631684,882.6323852539061,882.6323852539062,3624800
2019-06-18,878.9268303976228,884.1144255180135,878.1857453804241,881.1500854492188,3746300
2019-06-19,885.5965200610005,890.7841147391821,884.8554351069746,890.0430297851562,3077300
2019-06-20,889.3019309047816,899.6771200986707,889.3019309047816,898.93603515625,3986800
2019-06-21,893.7484819020656,902.6415016224842,887.0787171117516,895.2306518554688,7863600
2019-06-24,887.0786938659363,893.0073735241881,887.0786938659363,890.7841186523438,3084000
2019-06-25,888.5608225698401,896.712756721857,887.8197376469294,894.489501953125,3732200
2019-06-26,894.4895833664687,910.0523681640625,893.748498376107,910.0523681640625,7871100
2019-06-27,905.6058091784182,912.2755737304688,902.6414693775068,912.2755737304688,4473000
2019-06-28,909.3113747518571,912.2757150118468,899.6772689068904,904.123779296875,4384800
2019-07-01,922.6509247932772,923.3920098734325,911.5346485909486,919.6865844726562,5523400
2019-07-02,920.4276161347295,924.8741263576026,918.9454460604385,921.168701171875,3498500
2019-07-03,911.534488780241,915.2399135313801,908.5701489793296,912.2755737304688,4207900
2019-07-04,913.0166015625,914.4987713702313,910.0522619470373,913.0166015625,1726600
2019-07-05,910.0524253689766,913.0167655167584,906.3470001842495,909.3113403320312,2437900
2019-07-08,907.0879931680681,910.7934179767611,901.1593134741591,903.382568359375,3402900
2019-07-09,904.86474609375,913.7577657113791,904.1236611256143,904.86474609375,2867700
2019-07-10,898.9361878707695,901.900528144045,890.0431670509432,893.0075073242188,5694100
2019-07-11,885.5965576171875,893.7484924571784,881.1500477044652,885.5965576171875,6791500
2019-07-12,882.6322205107091,883.3733054985435,874.4802856445312,874.4802856445312,6274700
2019-07-16,861.140807785913,861.881892818431,847.060192168071,849.283447265625,8518900
2019-07-17,845.5778865458802,848.5422262007299,835.2026977539062,835.2026977539062,7199000
2019-07-18,835.9437804131976,836.6848653249114,820.3809972672071,823.3453369140625,9052200
2019-07-19,819.6399991404123,821.863254110956,815.9345741895063,816.6756591796875,7680500
2019-07-22,815.1934085592097,818.8988331435697,811.4879839748497,812.9701538085938,5104100
2019-07-23,807.7826768638444,815.1935271103017,805.5594217899072,812.2291870117188,5235100
2019-07-24,811.4880253718449,813.7112802358773,808.523685553135,809.2647705078125,4712000
2019-07-25,808.5237618884901,813.7113570610102,805.5594217899072,812.2291870117188,4219500
2019-07-26,812.9702720363645,815.9346121349474,809.2648469131358,812.2291870117188,5298000
2019-07-29,807.0414603097098,807.0414603097098,797.4073565594562,798.8895263671875,5535300
2019-07-30,792.9609101691117,798.1485049085358,785.5500605413629,787.7733154296875,6677400
2019-07-31,778.8802550240849,793.7019535021835,778.13917010018,791.4786987304688,7604300
2019-08-01,781.844639598875,788.5144042968749,779.6213846995417,788.514404296875,5681200
2019-08-02,778.1391680467265,780.3624228125743,774.4337434369802,779.621337890625,7424600
2019-08-05,770.7282928170509,771.4693777139904,758.8709344660194,763.3174438476562,6857300
2019-08-06,749.9779947916667,769.2462041440217,748.4958248414855,767.02294921875,6036000
2019-08-07,764.0586276650429,766.2818826436996,757.3888627290726,758.8710327148438,5021700
2019-08-08,753.683394979042,755.9066498314876,749.236885274151,750.7190551757812,5136600
2019-08-09,748.4957074976679,751.4600469333022,742.5670286263993,744.790283203125,6135300
2019-08-13,744.7903935780782,744.7903935780782,736.6384589219998,742.567138671875,6298100
2019-08-14,745.531458878589,749.2368836245064,738.120609386754,738.8616943359375,4283700
2019-08-15,728.4864541650787,732.9329635496063,723.29885988313,729.2275390625,6198500
2019-08-16,731.4508253528226,737.3795047883065,729.9686554939516,735.15625,4580900
2019-08-19,735.1563226287689,738.1206626393687,731.450897615519,737.3795776367188,2766000
2019-08-20,737.3795776367188,740.3439176473186,735.1563226287689,737.3795776367188,3153200
2019-08-21,732.9331361418714,733.6742212138046,726.2633704944732,727.0044555664062,3922300
2019-08-22,723.2989110216097,723.2989110216097,715.1469765736202,715.8880615234375,6350600
2019-08-23,712.1826820928688,714.4059370837934,697.360982153371,712.9237670898438,10243400
2019-08-26,702.5485111297122,702.5485111297122,695.137661856192,700.3252563476562,8129300
2019-08-27,708.4772143118264,710.7004691684534,701.8074497419451,704.7717895507812,6343700
2019-08-28,703.2895863319986,713.664775171459,702.5485014148943,709.9593505859375,4435700
2019-08-29,709.9594688295944,715.1470641133179,706.2540436269347,709.2183837890625,4716200
2019-08-30,715.8880615234375,718.1113163728892,709.9593819248997,715.8880615234375,5640500
2019-09-02,712.9237295103467,718.8524091736344,711.4415595945247,717.3702392578125,4184300
2019-09-03,716.6291542999015,721.8167490052782,715.8880693419906,717.3702392578125,4003200
2019-09-04,715.1469828501469,715.1469828501469,704.7717934616473,705.5128784179688,6553400
2019-09-05,705.5129171200948,718.111362068668,705.5129171200948,712.9237670898438,6965700
2019-09-06,715.8880615234375,717.3702314230719,713.6648066739858,715.8880615234375,4702800
2019-09-09,718.111396828837,724.0400770916139,717.3703117959899,719.5935668945312,4188100
2019-09-10,724.040003015711,741.8260419843672,722.5578331016563,740.3438720703125,7721100
2019-09-11,747.0136304217053,754.4244799298572,738.8616959627383,750.7190551757812,8796000
2019-09-12,757.3888627290726,761.0942876935005,747.0136728286743,758.8710327148438,8518400
2019-09-13,755.9067081199082,763.3175581995151,748.4958580403013,761.8353881835938,8834000
2019-09-17,767.7640721327593,769.2462421561817,761.0943070273589,762.5764770507812,6756800
2019-09-18,762.5764731915544,763.3175581995151,756.6477931278689,761.8353881835938,6053400
2019-09-19,767.0229608612943,778.8803206427249,767.0229608612943,769.2462158203125,7955800
2019-09-20,774.4338532512363,779.6214484404791,771.4695131430976,777.398193359375,10196500
2019-09-24,767.0228034928001,768.5049731613852,751.4600219726562,751.4600219726562,14248700
2019-09-25,752.942327035939,767.022941419485,752.2012420683839,765.540771484375,7138200
2019-09-26,770.7283701795213,771.4694551508478,762.5764354949303,766.2818603515625,9532600
2019-09-27,764.7629868979483,769.3196680512627,756.409071450205,764.0035400390625,8281400
2019-09-30,759.4468926664573,762.4846802371231,753.3713175251256,755.649658203125,6209600
2019-10-01,757.1685519884579,762.4846802371231,752.6118706324592,755.649658203125,6782100
2019-10-02,748.8146497732238,753.3713312120061,747.2957559602963,749.5740966796875,5428800
2019-10-03,741.2201470822704,745.0173814423231,734.3851252341757,744.2579345703125,5708100
2019-10-04,736.663425410416,741.9795532226562,735.1445317497761,741.9795532226562,4194600
2019-10-07,748.8146907950273,749.5741377430953,741.2202213143476,745.0174560546875,3566300
2019-10-08,749.5740360122129,756.4090576171875,749.5740360122129,756.4090576171875,5517600
2019-10-09,745.7768283143336,750.3335095463967,743.498487698302,744.2579345703125,5394100
2019-10-10,741.2201266122305,744.257914016379,737.4228923570449,739.7012329101562,5725600
2019-10-11,745.0174560546875,745.7769030027555,739.7013274182116,745.0174560546875,5371500
2019-10-15,751.0929633587659,754.8901977539062,748.8146227216816,754.8901977539062,5394500
2019-10-16,762.4846120534597,763.2440588782141,755.6495906306698,758.6873779296875,5735600
2019-10-17,751.8523828423035,754.1307233963712,746.5362548828125,746.5362548828125,5557700
2019-10-18,744.2580091066195,748.8146907950273,744.2580091066195,745.0174560546875,4056400
2019-10-21,743.4984945684852,754.8901977539062,742.739047689457,754.8901977539062,4945200
2019-10-23,756.4090374554241,760.9657184039507,754.8901438059153,758.6873779296875,4545800
2019-10-24,760.9658203125,764.7630549447979,759.4469264595808,760.9658203125,4094700
2019-10-25,762.4846257324219,764.0035194091797,754.8901573486328,759.4468383789062,4447000
2019-10-28,762.4846323771649,762.4846323771649,755.6496107721903,756.4090576171875,4418000
2019-10-29,759.4469533973481,762.4847412109375,757.9280594905534,762.4847412109375,4274800
2019-10-30,763.2440862360296,764.7629799399818,759.4468519761488,760.206298828125,5150600
2019-10-31,758.687398152179,761.7251855321678,755.8015094117811,756.4090576171875,9309500
2019-11-01,755.6496734949338,758.2318115234375,754.2067058284829,758.2318115234375,5387700
2019-11-05,758.2316919282781,765.5223625542803,757.396272649433,765.1426391601562,6078400
2019-11-06,767.0412905689764,770.838524680704,765.5223969242853,770.4588012695312,5266100
2019-11-07,768.5602043781668,770.0790980627086,765.9021404302185,768.1804809570312,4201700
2019-11-08,771.5980360243055,776.9141642252604,767.800801595052,772.3574829101562,5474500
2019-11-11,776.9142050350414,779.9519927380132,774.2561407949411,774.6358642578125,4211100
2019-11-12,775.3953012273341,775.3953012273341,766.281938235436,768.9400024414062,6752300
2019-11-13,767.8008118130589,769.3197056049739,764.38330078125,764.38330078125,5384200
2019-11-14,763.6238845551085,765.5225018712574,757.9280326066616,760.9658203125,6577300
2019-11-15,765.5224739089184,803.8745422942362,765.1427504595588,800.45703125,15476100
2019-11-18,793.6219650349288,794.0016884631752,781.0910919027984,789.4450073242188,5266700
2019-11-19,791.3436722164886,792.1031191188077,779.5722452305428,781.8505859375,3284600
2019-11-20,776.154703695943,781.4708318034494,770.8385755884366,771.5980224609375,4186600
2019-11-21,772.3575336978784,773.4967041015625,763.6238939362995,773.4967041015625,4623200
2019-11-22,774.6358473853296,776.1547412037322,770.8386128393231,771.977783203125,3484900
2019-11-25,778.433088351661,782.6100463867188,775.3953006898009,782.6100463867188,4214400
2019-11-26,789.8247443386593,791.3436380777721,782.2302756430953,790.2044677734375,11199100
2019-11-27,785.2681105908464,785.6478340485789,780.7114290980562,782.6100463867188,5086200
2019-11-28,782.2302720613915,785.6477829587471,778.053314297957,781.4708251953125,2938300
2019-11-29,781.850548628352,785.2680595257076,779.572208030115,781.4708251953125,3499200
2019-12-02,780.7113280307827,792.1030302880412,780.7113280307827,787.1666259765625,5264800
2019-12-03,784.5085822457442,786.0274759190175,780.7113480625604,784.8883056640625,3792100
2019-12-04,779.9520862240588,786.787109375,778.812915698902,786.787109375,3969300
2019-12-05,791.3436143272319,792.8625080207582,787.546380093416,790.5841674804688,4585800
2019-12-06,794.0016242587087,795.5205178488736,792.4827306685438,794.38134765625,3745900
2019-12-09,800.4569771886436,804.2542114257812,799.3178069175021,804.2542114257812,4963300
2019-12-10,801.2164440719765,801.9758909383954,794.3814222742061,795.140869140625,5075800
2019-12-11,795.5205960067015,799.6975537900303,793.6219788324612,797.0394897460938,4464500
2019-12-12,793.6220024698,796.6597900390625,792.1031086851689,796.6597900390625,4218200
2019-12-13,805.3932868748988,807.2919037699362,801.5960530848238,805.7730102539062,7342900
2019-12-16,802.355607864092,807.2920124557783,800.4569907134434,805.013671875,4171800
2019-12-17,801.5961506098297,804.2542145862716,792.1030649796801,799.3178100585938,6583800
2019-12-18,797.4191247762529,800.0771885255072,792.8624440632458,795.5205078125,5278000
2019-12-19,789.8247234580692,790.2044468828087,778.812744140625,778.812744140625,7087600
2019-12-20,782.2301646903574,791.7232492132986,780.7112711666867,789.065185546875,7873700
2019-12-23,796.2801079519483,796.2801079519483,784.5086805096448,785.2681274414062,7434500
2019-12-24,782.23018633157,783.3693565058393,773.876271720262,775.0154418945312,5531200
2019-12-25,774.6357689393355,776.1546626039225,768.5601942809878,769.3196411132812,4200600
2019-12-26,771.9778000177122,779.5722692751417,771.5980765548408,774.6358642578125,5530000
2019-12-27,779.5720739263463,788.6854347515934,779.1923505586277,787.5462646484375,4731200
2019-12-30,787.5463589376409,787.926082350822,779.1924438476562,779.1924438476562,5513200
2020-01-06,771.5980224609375,773.8763630784402,768.9399584071842,771.5980224609375,5920500
2020-01-07,774.2561303166034,785.6478340485789,773.4966834011383,782.6100463867188,5396900
2020-01-08,770.8385352565817,780.7113440825281,768.939918174669,776.1546630859375,6784600
2020-01-09,778.8126967514195,784.5085477759301,778.8126967514195,779.5721435546875,5699700
2020-01-10,779.1924367338623,779.5721601435766,774.63575581729,775.3952026367188,5431600
2020-01-14,783.7492167599163,784.8883871331138,778.0533648939286,782.6100463867188,5650200
2020-01-15,777.6735703812317,779.5721874964203,775.0155064199677,776.9141235351562,6640800
2020-01-16,771.5979685395752,775.7749260464332,769.6993514910034,775.3952026367188,4344200
2020-01-17,777.6736246348588,779.9519653320312,775.7750073872152,779.9519653320312,4571800
2020-01-20,779.1924473786157,784.1288517723399,779.1924473786157,781.091064453125,3345900
2020-01-21,778.4330238888847,779.5721941677464,773.8763427734375,773.8763427734375,5177500
2020-01-22,773.8763361508546,778.0532938042694,773.1168893047792,776.9141235351562,3948800
2020-01-23,776.5343728658619,779.1924367338623,774.63575581729,775.3952026367188,4344900
2020-01-24,772.3574385895213,773.1168854317922,767.8007575358959,768.1804809570312,5407600
2020-01-27,764.0035400390625,767.0413274746055,762.484646321291,764.0035400390625,5650800
2020-01-28,759.4468790280747,760.5860493466168,754.6623729607896,754.8901977539062,17071800
2020-01-29,755.725560621445,758.4595971609714,753.3712938692868,756.0293579101562,9989100
2020-01-30,756.1053358886796,757.9280270399804,751.92837782383,754.6624145507812,8151700
2020-01-31,754.8901224433986,762.8643138776598,753.750952238504,756.6368408203125,7538500
2020-02-03,751.8524313602512,760.9657941646178,749.6500168080117,756.9407348632812,7132500
2020-02-04,753.3713207898659,764.7630242292288,752.6118738939084,764.38330078125,4987900
2020-02-05,767.0412506746463,777.6735056344929,765.1426337175309,775.0154418945312,6430500
2020-02-06,786.7869568604336,796.2800427298887,786.7869568604336,790.2044677734375,8321900
2020-02-07,790.2045155413691,790.5842389991017,782.2303229289862,782.6100463867188,3816300
2020-02-10,778.8126758087622,779.9518459830315,773.876271720262,775.0154418945312,3974300
2020-02-12,774.635864620039,775.015588083088,766.2819484329601,767.8008422851562,6407500
2020-02-13,768.5602382831848,770.0791320347325,763.2441101527675,766.66162109375,3551700
2020-02-14,764.0036080183382,764.7630549447979,759.8266499228106,760.9658203125,4065700
2020-02-17,767.0413513031841,771.2183091568153,763.6238403320312,763.6238403320312,4284600
2020-02-18,762.4846296399994,768.9399277993022,762.4846296399994,768.1804809570312,4145500
2020-02-19,769.3196919506192,769.6994153918585,763.6238403320312,763.6238403320312,4243700
2020-02-20,765.9020823008979,771.97765657795,761.3454015931086,763.2440185546875,3579300
2020-02-21,760.9658100943573,766.661661966321,760.2063631780954,762.10498046875,3187400
2020-02-25,751.0929140903113,752.6118077487346,742.9668237471556,748.7386474609375,11405100
2020-02-26,747.2957238984316,749.0424424377651,742.1314944266358,746.0806274414062,8558800
2020-02-27,742.1315335935764,742.1315335935764,730.5879312307724,732.8662719726562,11085700
2020-02-28,717.9810303596304,722.9933607480041,710.9181379674386,714.41162109375,12655100
2020-03-02,706.2855826692853,717.5253869723555,703.2477952169443,708.791748046875,11453000
2020-03-03,716.8417740648612,717.7530730420723,698.6909790039062,698.6909790039062,9065800
2020-03-04,687.2994165929301,695.5774060079951,684.4894539064337,689.5018310546875,9324200
2020-03-05,694.7420206616508,699.7543980553608,691.2485834336086,694.8179931640625,7709800
2020-03-06,684.033824424726,684.9451699650915,671.8067016601562,671.8067016601562,13158500
2020-03-09,650.0864779277912,654.7190849886646,623.961488778296,625.7841796875,13364300
2020-03-10,607.5574824076876,632.5433024128868,590.8496516414763,627.3031005859375,16403500
2020-03-11,621.5313652138851,641.5807356818734,619.3289506495449,624.5691528320312,8964200
2020-03-12,613.1773733125939,617.7340541753985,597.9124646104254,605.8107299804688,12589600
2020-03-13,565.2563244829823,599.2795366985654,553.2570726044323,576.7999267578125,14860300
2020-03-16,576.8757540823897,590.0142204253993,565.7878496637181,567.0789184570312,9229900
2020-03-17,556.6746067326739,591.6091659546424,555.0797867006821,587.5841064453125,13825600
2020-03-18,597.6846320280592,616.6708020416571,579.0022592758606,581.5843505859375,10254100
2020-03-19,602.3932209165059,614.0886740166683,569.7370079805827,577.8630981445312,13987600
2020-03-23,573.3822971875975,592.4443921025875,563.2056921797763,587.9636840820312,13589000
2020-03-24,610.7472275893548,617.1265539604645,601.02631620031,616.1392822265625,10388700
2020-03-25,638.9225969767243,663.0729964529116,631.4041013107268,662.9970703125,9250800
2020-03-26,660.7188017875244,665.1995570304858,645.5298638153973,659.351806640625,9265100
2020-03-27,673.8572006060091,678.5657804854534,656.3899225409107,675.983642578125,11241400
2020-03-30,648.5566221389456,665.0440063476562,640.977095450152,665.0440063476562,9453100
2020-03-31,660.5901764166305,678.2496529108183,657.0739051745812,660.8245849609375,9800300
2020-04-01,653.1670095522824,670.2795028788995,638.1642410508404,647.1502685546875,6966500
2020-04-02,635.429315433168,643.7902368913312,626.2870003376527,629.2562866210938,6437500
2020-04-03,653.2449743569302,668.8728445568569,624.0208380060776,631.7566528320312,6498500
2020-04-06,630.5847052280759,658.5585896761526,624.7242525772574,651.838623046875,7217600
2020-04-07,660.5901120507848,669.1854409160696,648.6347528387258,663.168701171875,6086300
2020-04-08,665.0440512533546,668.8728988400615,645.4310916377228,652.0729370117188,8446400
2020-04-09,660.2775827165029,660.2775827165029,639.2580760950448,648.400390625,9432300
2020-04-10,648.8692803938593,665.356666680289,643.8683421545015,665.2003784179688,6000200
2020-04-13,658.3240673534863,664.8877922652183,649.8850265330291,650.5101318359375,3024900
2020-04-14,645.3531591591468,664.1847306814714,643.2433863584836,664.0284423828125,6722800
2020-04-15,656.1362485979339,659.5743519960938,648.0097356704964,651.0571899414062,6304800
2020-04-16,639.3363315948204,648.3223590986676,635.6637716851857,647.1502685546875,4898900
2020-04-17,648.713047787886,655.1986058445104,641.9149131798036,644.2590942382812,4348800
2020-04-20,633.7102693650012,643.1651137396922,633.3195725281547,638.0079345703125,3323500
2020-04-21,631.678592843364,642.696223308809,631.1316077956691,642.6181030273438,4377400
2020-04-22,636.5232765368146,646.2125773049594,634.9604891672741,643.3214111328125,4028400
2020-04-23,645.5874842636689,651.4479370117188,639.6488635301531,651.4479370117188,4016800
2020-04-24,646.9939607781569,651.760443103031,645.8218702695008,651.2916259765625,4011400
2020-04-27,659.0274187115944,669.5762329101562,654.7297536677358,669.5762329101562,5027100
2020-04-28,668.5604017908553,675.2804159363408,664.8097217312156,673.5613403320312,3635400
2020-04-30,686.0636120716078,690.0487005362609,671.7641180783157,675.7492065429688,6642500
2020-05-01,670.5138224286416,671.0608074817092,653.401331373959,656.9176025390625,3754000
2020-05-07,636.5232659220959,639.6488406090543,626.7558450253507,628.006103515625,8504900
2020-05-08,635.2730543984375,637.9298119563105,629.0219050316632,636.132568359375,5626500
2020-05-11,643.399583067324,677.7027374238697,642.3837331168968,676.99951171875,6899600
2020-05-12,671.9203995051631,672.3892166047686,660.0432068261757,660.5120239257812,4645300
2020-05-13,652.7761999824447,660.5119676214036,651.0571246096279,659.10546875,3599700
2020-05-14,652.698188078028,660.6684138450528,647.0721435546875,647.0721435546875,4166700
2020-05-15,657.9334346258253,658.4022517255254,647.0720441221116,653.8701782226562,3509700
2020-05-18,621.1297863403041,624.0209044812933,587.6079821134869,593.859130859375,18113600
2020-05-19,602.4544905703634,607.2991406296592,588.6238137386173,597.4535522460938,14374600
2020-05-20,593.7810406478462,596.5940386489623,589.1707991372857,589.3270874023438,8919600
2020-05-21,590.3428487168982,593.0777262423901,587.6079711914062,587.6079711914062,5568800
2020-05-22,593.0777552662279,595.0312393086068,580.5754573950031,582.1382446289062,7977400
2020-05-25,586.5140944144016,589.2489723749931,583.7792164538102,586.4359741210938,4224300
2020-05-26,592.7652101174195,593.2340749278964,586.5140608509348,586.6703491210938,8267300
2020-05-27,587.6080297284625,612.7689150079918,587.2173329001856,611.7531127929688,10945000
2020-05-28,614.4097984016366,624.4897952510162,606.5177418583886,617.3009643554688,9104700
2020-05-29,613.1595385815319,617.066506397532,607.689783639132,612.690673828125,12258800
2020-06-01,614.097306060371,617.8479861484426,604.2517171751377,607.1428833007812,5551900
2020-06-02,603.9391406741437,614.4879544166221,603.9391406741437,610.1121215820312,5039000
2020-06-03,616.9102947900686,625.4275047641006,615.9726128592373,622.692626953125,7053200
2020-06-04,631.3661210909023,634.6479842291297,618.3168365249072,622.614501953125,6368100
2020-06-05,628.3186284017168,632.0693561563733,620.973556549231,631.8348999023438,5105500
2020-06-08,643.1650849649941,666.2943652870114,639.4925730169304,665.8255004882812,8536900
2020-06-09,667.3883046824507,673.2487571215045,657.542763661834,664.9660034179688,6679400
2020-06-10,656.3706933739103,665.3567207236722,651.2916344370884,663.2469482421875,6078700
2020-06-11,647.6190617269132,651.447909772537,628.5530848659608,630.3502807617188,6897400
2020-06-12,614.3317814679127,625.5057026577163,608.3931602975173,624.8024291992188,8006200
2020-06-15,624.4897917499574,629.725138551738,606.3614501953125,606.3614501953125,4884300
2020-06-16,627.7716832063991,647.6972214629336,625.8963193523199,643.1651000976562,7325100
2020-06-17,634.4915435733311,639.6487217716905,629.2561974068294,633.2413330078125,3159000
2020-06-18,625.11497862698,628.5531300864236,616.050830513884,623.0833740234375,3990500
2020-06-19,628.4748873764594,629.3344489853673,614.6442105802299,614.956787109375,10503000
2020-06-22,615.1130598838945,619.6451332874756,613.7846812072031,615.2693481445312,3668700
2020-06-23,617.1446653236361,623.2395259597722,610.8153961423566,617.691650390625,4602100
2020-06-24,607.1428438166982,610.5809948277881,603.4702842576891,606.3614501953125,6248100
2020-06-25,602.0638505175973,602.0638505175973,592.7652463385137,597.37548828125,5353000
2020-06-26,615.2694789987221,619.5671447716069,608.862040489741,613.00341796875,9205200
2020-06-29,598.0005555821767,599.8759194341469,587.3736209343026,592.37451171875,6556000
2020-06-30,603.6265557615889,607.1428269602001,599.094482421875,599.094482421875,5840700
2020-07-01,609.4088923707569,609.4088923707569,594.4061255976919,597.68798828125,6059300
2020-07-02,595.656339760003,604.7986545415695,590.7335695522306,596.8284301757812,5468600
2020-07-03,601.2042617648187,602.4544724620667,590.8898565888397,595.8907470703125,2485900
2020-07-06,595.3438309790134,606.908447265625,594.7968458947347,606.908447265625,2841400
2020-07-07,602.0638080307865,605.1893826344506,594.4842800784045,601.3605346679688,4421700
2020-07-08,597.7661734346874,602.1419590259732,594.7968869482803,595.3438720703125,3201900
2020-07-09,593.8591848442657,598.4694265404452,591.5931241408925,591.9057006835938,4223200
2020-07-10,590.1866205834914,593.3903631980553,585.2638500746315,586.6703491210938,5775600
2020-07-13,598.3911879685775,608.5493044057569,598.0004911825321,606.5177001953125,5898400
2020-07-14,604.7205794081588,615.8163313519906,603.7828974670292,610.4247436523438,4261000
2020-07-15,616.6759277439144,620.8173048836844,608.7057023340342,612.6126708984375,4013500
2020-07-16,615.7382310267857,621.911260287932,611.6749742784671,615.3475341796875,6920300
2020-07-17,617.3008953285462,618.6292738823055,608.70556640625,608.70556640625,2554200
2020-07-20,602.6888504508959,612.8469668515987,600.5009579953941,609.799560546875,3180900
2020-07-21,604.5642425276893,607.4554084085146,599.7195926317769,604.329833984375,3690200
2020-07-22,606.5959155297201,611.5186862667989,601.1261596679688,601.1261596679688,3964500
2020-07-27,598.4693665563391,606.3614226974454,591.2023680530175,606.1270141601562,4924500
2020-07-28,602.4544725906369,607.8461075701914,599.0163216337497,601.0479736328125,3671400
2020-07-29,594.1717781105477,596.1252623262025,590.8117471056329,592.5308227539062,3484300
2020-07-30,592.5307701958656,594.3279659763579,582.1382446289062,582.1382446289062,4412100
2020-07-31,576.6683847500431,577.3716579547762,559.7903047611773,560.4935302734375,6293100
2020-08-03,566.5104478371398,571.5895070246453,562.6034792313665,566.1197509765625,3803300
2020-08-04,568.8545588321746,590.8898685891701,567.4480598460859,589.7958984375,5830600
2020-08-05,580.1066021652772,584.9512041179046,576.6684513997238,583.7791137695312,3903900
2020-08-06,585.9671055587083,589.1708003830022,582.1382576728602,585.1075439453125,3137000
2020-08-07,587.1391660536326,592.1400564435351,585.8107874043296,589.6395874023438,3310200
2020-08-11,594.0935549752375,608.3149282834955,593.1558731002734,605.3456420898438,6662800
2020-08-12,609.2526311366478,627.6153816914208,609.0963428700254,624.4898071289062,6842400
2020-08-13,620.7390526754123,624.2553236361284,613.0813577625377,614.8786010742188,7617500
2020-08-14,608.7056262126304,612.3000177653915,605.6581720364989,607.7679443359375,5023800
2020-08-17,609.330744823216,612.2219108007204,604.0953979492188,604.0953979492188,3325300
2020-08-18,600.1103096732024,600.9698235918352,589.3270870847585,597.4535522460938,4617800
2020-08-19,593.8591356830784,602.3763449955253,592.6870452837039,600.5791015625,4111200
2020-08-20,600.5791194924591,606.9084364535279,600.0321821104069,602.1419067382812,2581300
2020-08-21,609.4871128753313,613.628490129448,601.2043583670979,604.1736450195312,4128900
2020-08-24,605.1113081394949,607.8461861246689,600.8917630282316,601.6731567382812,2453600
2020-08-25,614.7224158968072,614.7224158968072,609.0963718778477,612.3782348632812,4406100
2020-08-26,614.4879710720415,619.1763328624412,611.0498200154223,617.3790893554688,4470600
2020-08-27,611.7530297639149,612.6125435924746,601.6730338854661,607.377197265625,3918700
2020-08-28,616.2852428811,625.1149824699909,604.329928379859,613.15966796875,6420100
2020-08-31,618.8637928508729,620.9735653195434,611.9093700410849,612.3782348632812,3413800
2020-09-01,604.7985747160287,608.861830492926,599.406940438082,607.611572265625,4353100
2020-09-02,606.5177916363414,607.1428970497615,598.7819750293693,601.9857177734375,4213200
2020-09-03,610.8935320875446,612.4563193518732,603.3140043170545,604.0953979492188,3427300
2020-09-04,601.673125776085,606.1270792326646,594.3280062026039,598.6256713867188,4496200
2020-09-07,601.6730497899656,603.0014283994261,592.6870237216739,594.7186279296875,3643000
2020-09-08,599.1727010524802,605.6582594559558,595.4220206968246,605.5801391601562,4959600
2020-09-09,593.8591680941408,593.8591680941408,586.3578082057344,591.2805786132812,6156700
2020-09-10,592.0619447797906,598.1568053678379,586.435901278331,597.68798828125,5032000
2020-09-11,589.3270765745622,598.8600882581659,588.7800915031498,596.359619140625,5404600
2020-09-14,597.7661228652956,606.4395730220347,595.6563505402158,601.594970703125,4592300
2020-09-15,598.5475403054179,600.1103276169202,594.7186923152434,599.016357421875,4971700
2020-09-16,592.2963855299256,593.4684760026101,583.232238284825,591.3587036132812,6724900
2020-09-17,593.8591979913214,594.7968799476995,589.4052444678894,593.390380859375,4516700
2020-09-18,589.9522116342029,596.5159374366631,588.7020008587267,593.3121948242188,6999200
2020-09-23,581.591357721278,582.6853280466463,576.6685866420994,581.0443725585938,7696000
2020-09-24,578.2313741397745,581.2006608468593,574.3244053955868,581.0443725585938,5459900
2020-09-25,582.8415156075803,585.1075284721004,575.730805106546,578.7782592773438,6050100
2020-09-28,585.1075685714807,593.7810668945312,583.0759641133704,593.7810668945312,8430400
2020-09-29,591.6712099769388,592.6088917823732,581.3568055021154,581.8256225585938,5043500
2020-09-30,570.4173941841971,575.965270310912,559.3215942382812,559.3215942382812,10662200
2020-10-02,568.7764038694789,568.7764038694789,559.3215129707258,561.0405883789062,7251700
2020-10-05,565.338222643835,571.2767944335938,563.2284505605735,571.2767944335938,6144000
2020-10-06,573.9336589061968,581.4350191695695,573.9336589061968,580.6536254882812,5339400
2020-10-07,569.714064741819,580.3410465049361,567.6824604229414,578.7782592773438,5221000
2020-10-08,580.8099128478785,583.7010790025865,575.3401570874795,578.2313232421875,4369600
2020-10-09,576.9029353078492,578.7782991872692,571.120650782526,572.9178466796875,3287700
2020-10-12,571.3550176121443,576.6684846257552,570.0266389356212,575.4182739257812,4187600
2020-10-13,578.2313536898977,582.919716017113,577.1373834032189,582.763427734375,3694900
2020-10-14,578.6220081070342,581.2787656412378,576.2778271153784,577.684326171875,3426800
2020-10-15,574.3243501640995,581.5913017909443,573.9336533272532,578.1531982421875,3022800
2020-10-16,575.6527256859686,582.528980437003,573.5429532404563,573.8555297851562,4358800
2020-10-19,577.0592233664273,580.4192065977011,573.6992401351536,574.4024658203125,3101800
2020-10-20,571.9800975111258,574.4805664922932,564.3224500064399,565.2601318359375,4576200
2020-10-21,565.4165058117331,575.8090809765326,565.4165058117331,574.8713989257812,4773700
2020-10-22,573.2303851918456,575.6527342179603,568.8545996561005,571.5894775390625,4602300
2020-10-23,575.7308870413113,579.6378556663101,570.3392989543061,579.4815673828125,4074300
2020-10-26,579.715958864415,586.98291015625,577.5280185249526,586.98291015625,5030400
2020-10-27,580.9662345373073,581.9039165458046,576.3559924828136,579.4815673828125,3450200
2020-10-28,571.354981327759,573.1521769795195,563.2284692165659,565.6508178710938,5299300
2020-10-29,561.8220984060783,571.1207029782511,561.2751132502173,567.6044311523438,3886300
2020-10-30,568.932767498378,570.0267378199907,558.4621199153962,558.618408203125,5914200
2020-11-02,566.9010855863899,579.4815041082126,566.9010855863899,576.1215209960938,4869400
2020-11-04,585.2638008424099,589.4051773445877,573.855473467734,573.93359375,4202000
2020-11-05,571.1987471695759,574.1680334439992,565.416415193739,571.8238525390625,4760200
2020-11-06,569.7921984409048,579.7940265573061,569.7921984409048,578.074951171875,5550600
2020-11-09,578.075034967679,580.65362457337,572.2927503507484,578.2313232421875,4460300
2020-11-10,595.890793542282,603.5484896606927,587.7643279914465,598.6256713867188,8997300
2020-11-11,609.1745280665109,619.1764058862747,605.7364242968941,610.3466186523438,7547900
2020-11-12,602.8451318790775,607.0646761824421,593.5465294328562,596.9846801757812,4998900
2020-11-13,593.937318282484,596.9066524264289,587.6861688299437,593.390380859375,4480600
2020-11-16,625.11491965199,654.6515900670499,625.11491965199,648.7911376953125,14323500
2020-11-17,658.089762574865,659.8088381982349,648.2441736551015,654.651611328125,7767700
2020-11-18,645.118652693693,648.5568042268309,637.2265949963621,643.634033203125,6451200
2020-11-19,636.7575907499835,644.1026611328125,634.4915304926625,644.1026611328125,5643300
2020-11-20,642.0711513684963,647.5409067449233,639.9613790419495,643.8683471679688,4490200
2020-11-24,654.0264729555477,655.8236687788167,639.8050992500368,640.11767578125,7148600
2020-11-25,648.1660468323572,649.4944256048685,628.0060997605168,630.3502807617188,10406000
2020-11-26,624.0209256285517,626.9120915599988,616.285157408848,623.8646850585938,8553400
2020-11-27,619.3325423094176,625.0367536883837,617.4572263029937,619.4888305664062,5575000
2020-11-30,615.6600912638811,616.0507880986233,597.2973400309938,603.7828979492188,12215200
2020-12-01,606.8302035356287,615.7381089605256,601.2823284836604,603.0014038085938,7441400
2020-12-02,601.985675697218,607.6898396962703,599.4852065258233,605.9707641601562,7557700
2020-12-03,607.4554048319029,609.5651294017906,603.8609656498174,606.6740112304688,5629500
2020-12-04,608.7836680145995,613.9408938253157,604.8767004424548,612.846923828125,5274600
2020-12-07,617.0665438983339,619.2544364697624,607.6898205700851,608.6275024414062,4807500
2020-12-08,608.5493403376581,611.831203072713,603.9391466056005,604.486083984375,6043700
2020-12-09,604.0173879003163,610.8155232793484,604.0173879003163,609.6434326171875,5056800
2020-12-10,604.2517464429479,609.6433821192858,601.6731567382812,601.6731567382812,6315100
2020-12-11,601.6730765946901,602.4544702006572,595.421927746953,597.68798828125,9842100
2020-12-14,603.2358470938912,609.9558128420385,602.2981652542131,605.1893310546875,6237200
2020-12-15,605.1112383791686,607.1428427140893,601.8293756368124,603.9391479492188,6153800
2020-12-16,608.6274199717548,613.0032045216884,607.1427532356302,609.4088134765625,5625600
2020-12-17,619.7232816949374,637.8516238244173,618.9418880487744,631.2097778320312,11826700
2020-12-18,630.4284139124976,635.1949439943388,625.6619315231419,633.319580078125,8749800
2020-12-21,636.8357950314444,637.2264918382122,623.8646801237473,626.7557983398438,7939100
2020-12-22,621.8330641365428,627.849804847819,618.7074895013328,621.7549438476562,6171500
2020-12-23,619.1763487758654,621.1298329054051,611.1279560081754,614.0972900390625,5528800
2020-12-24,618.3168037049095,621.598666668937,614.2535470681365,616.20703125,4172300
2020-12-25,618.5511319905688,620.9734806771897,615.5037256778556,618.8637084960938,3978000
2020-12-28,617.2229336256177,618.7857211039026,615.0349930020276,618.47314453125,6345700
2020-12-29,617.3009676957012,628.240478515625,615.3474836207148,628.240478515625,5659500
2020-12-30,628.7092944029348,632.3037337094603,624.1772208962118,627.3027954101562,4859600
2021-01-04,632.928899523003,634.3353986501123,619.9577831282917,626.3651733398438,4044000
2021-01-05,621.8330138577251,625.1929967804049,620.1139384088599,621.3641967773438,4722100
2021-01-06,621.598629068708,632.1474430126772,620.2702503668969,630.5846557617188,6155900
2021-01-07,644.6498061121708,657.8553787931603,644.5716858187277,649.103759765625,11513000
2021-01-08,650.6664950981269,661.3715975298227,650.353918564398,661.0590209960938,9597100
2021-01-12,661.8403307155857,663.4031178011006,654.4170920593896,660.9026489257812,7095900
2021-01-13,660.9809406073858,669.4981032020626,657.6990775750625,669.4199829101562,7116200
2021-01-14,671.9984650731549,687.2356395719066,671.2951917885289,679.9686889648438,9008000
2021-01-15,686.6887571525958,688.7985296292653,681.6096982273658,681.6878662109375,7884300
2021-01-18,675.7491668365524,677.3901219904163,666.5287320165544,668.325927734375,5533100
2021-01-19,671.0608112910377,674.6552504512579,667.9352369043143,669.3417358398438,4156500
2021-01-20,667.7008729115196,669.419948477407,659.1055427745662,662.0748291015625,6696500
2021-01-21,667.9353082577211,669.5762636015372,659.574386341569,659.886962890625,5620400
2021-01-22,653.2451535957231,655.3549261900921,648.7911998281637,649.7288818359375,5902200
2021-01-25,652.3075344229899,655.4331096216554,649.5726561241576,653.0889282226562,4934900
2021-01-26,655.5112391858313,655.9019360627588,649.807026628699,653.2451782226562,6011100
2021-01-27,662.1530669309468,677.1557884167906,659.5744294638595,674.9678955078125,9872400
2021-01-28,658.5584636262697,666.684975490296,658.0896465809315,662.3091430664062,18483400
2021-01-29,664.2627701613314,666.8414075442192,649.885154591451,650.0414428710938,8535700
2021-02-01,652.1510705094114,657.3082968139362,650.1194662543584,655.042236328125,4578800
2021-02-02,653.0106535508876,657.152030171618,651.682274866979,654.2608642578125,3815200
2021-02-03,658.5585445243244,665.7473754882812,656.6050604413189,665.7473754882812,4191500
2021-02-04,665.7474187155331,668.0915997673484,663.793934505687,664.1846313476562,4891800
2021-02-05,675.5929518334176,677.8590125662527,667.4664862348578,675.5148315429688,6234500
2021-02-08,680.9845602293992,692.9398734350332,680.9845602293992,689.5017700195312,8195700
2021-02-09,691.924121633682,697.7845743860848,686.1417891743167,689.8925170898438,8036700
2021-02-10,689.8924019199449,692.4709911620378,684.7351757432804,686.6886596679688,7362000
2021-02-12,689.1892199039596,703.2543060244486,688.4859465209412,703.0198974609375,9200000
2021-02-15,718.8821875841694,718.8821875841694,705.3640864213555,707.3956909179688,9320900
2021-02-16,710.9119794954253,712.7091754688844,700.5975731056993,706.5361938476562,8382900
2021-02-17,711.6932245260954,716.303465475046,709.2709236364631,715.3657836914062,7416600
2021-02-18,718.8821231617646,718.8821231617646,703.7230680094045,704.03564453125,7714700
2021-02-19,699.9725308331407,701.6134863684616,692.3148814124493,693.2525634765625,9473400
2021-02-22,704.973347998783,709.4273012628654,702.5509991114834,703.2542724609375,5241900
2021-02-24,710.9118963073545,713.2560771355998,706.4579431951922,708.8021240234375,7942000
2021-02-25,716.5379555193788,720.4449236519818,710.6775033204743,718.8040161132812,8106400
2021-02-26,715.756593184519,723.3361212316292,709.8180204403311,711.5370483398438,11969500
2021-03-01,712.4747816571057,714.115737078379,707.3176022016474,712.865478515625,7250000
2021-03-02,719.6635359843831,719.6635359843831,711.2244942865807,714.66259765625,6816100
2021-03-03,715.8346327406274,733.650444348864,714.0374370622467,733.1815795898438,9594100
2021-03-04,737.0886328758374,743.652358722979,725.9147130318208,734.275634765625,9747200
2021-03-05,734.5100358846958,738.9639892578125,729.8216739535169,738.9639892578125,9096100
2021-03-08,746.2310148652457,757.7956325728272,743.9649539630051,750.9974975585938,10718500
2021-03-09,762.7183347220918,768.2662583401163,758.3425492900445,763.2653198242188,10658700
2021-03-10,758.7331628023775,767.9535974668354,752.4820141902054,763.1089477539062,10215500
2021-03-11,767.3285499883667,768.7350489936371,762.0932030925158,763.9685668945312,8337200
2021-03-12,762.2495881689287,807.179727912356,756.7017117297792,801.3192749023438,28704200
2021-03-15,824.7608999148877,830.2306548172128,809.1330287653872,821.24462890625,19819100
2021-03-16,814.2120894127743,814.9934829726714,799.3656117747295,805.6167602539062,16055000
2021-03-17,808.7424099028767,817.3377398631972,806.7889258209857,816.1656494140625,8489300
2021-03-18,818.119180053245,822.8075421165875,814.9936053443502,818.9005737304688,11283200
2021-03-19,822.0261110070634,860.3143994475064,819.6819300821383,855.6260375976562,25133400
2021-03-22,857.9703531001812,859.5331406285969,844.2959622265445,848.5936279296875,13736100
2021-03-23,851.3283221224293,852.8911093131084,832.9655726319501,835.3097534179688,11500000
2021-03-24,824.3702607996323,829.8400160845588,804.4447236902573,810.30517578125,13062800
2021-03-25,820.0725568860306,836.091125172037,818.1190729487128,829.4492797851562,7961800
2021-03-26,836.8725407505257,843.5143863120378,832.5748759754297,841.9515991210938,10767700
2021-03-29,850.15623172942,852.5004125154386,828.2772110599129,835.3097534179688,19334500
2021-03-30,828.342001179586,837.3590838247868,813.3408646036437,820.1446533203125,18052000
2021-03-31,819.7347992492681,827.1124124425116,808.8323364257812,808.8323364257812,13752600
2021-04-01,811.5374921826657,815.6361663856084,785.7158447041263,788.6668701171875,13894500
2021-04-02,788.174997351462,793.8311873923135,768.6653194360299,779.2398681640625,10434300
2021-04-05,783.2565823104912,797.1101201059099,778.7480410203733,792.1917114257812,5679100
2021-04-06,791.7818753230058,791.7818753230058,772.4361037304678,775.0592651367188,8075500
2021-04-07,779.3218840431556,784.1582893415638,772.5180952125071,773.8296508789062,7058100
2021-04-08,779.4038006745334,780.6334028159108,768.9112057413078,769.8948974609375,5619800
2021-04-09,771.3705384613365,774.6494780509703,762.3534545898438,762.3534545898438,6663900
2021-04-12,763.9928309240956,771.5344010642094,761.6975834986631,763.6649169921875,5721300
2021-04-13,766.3701947830839,773.0100276052337,765.2225458849265,766.2062377929688,5081700
2021-04-14,760.4679941186602,763.6649298617538,755.7954956897547,758.7465209960938,5320100
2021-04-15,765.0584423584643,774.0755247285649,764.4846180192936,769.8948974609375,4888500
2021-04-16,770.1408454492887,772.1901824515486,763.0091426748958,768.1734619140625,5120600
2021-04-19,769.6490571309511,770.550745437022,765.7962933972373,767.1078491210938,3196800
2021-04-20,764.8126186497552,764.8945721220831,758.2547398188891,760.0581665039062,6842100
2021-04-21,744.1552381792748,744.1552381792748,730.5476605718374,734.5643310546875,11363000
2021-04-22,736.1218814629863,744.5651402527478,734.4824117938036,743.4175415039062,6387200
2021-04-23,743.0895390341736,746.3684779819251,737.1054854610547,743.5813598632812,4907800
2021-04-26,748.172001623206,751.3689374930739,743.909370430738,746.7784423828125,6196700
2021-04-27,743.0895549220938,754.155974107365,742.7616410072525,749.3195190429688,3634400
2021-04-28,752.8444673129471,754.9757577996504,746.6964562559467,747.59814453125,4207800
2021-04-30,752.188720703125,758.0908219620047,750.3853439576915,752.188720703125,6656600
2021-05-06,773.9116386689333,775.3872013998757,758.8285477058391,760.2221069335938,6226000
2021-05-07,761.7796210906372,767.1899013687439,758.6646385240801,765.386474609375,4173100
2021-05-10,768.0095407643017,778.2562255859375,767.2717594440877,778.2562255859375,5002500
2021-05-11,773.911572259765,778.6660739267857,761.287686887969,761.8615112304688,5636200
2021-05-12,760.9598069767259,761.6155848120445,749.5655232442186,755.6315307617188,7869300
2021-05-13,753.3362949087473,764.4846683785618,753.2543414403125,756.3693237304688,4668500
2021-05-14,763.4189170630431,777.1084965767772,761.3695803104672,775.14111328125,5909700
2021-05-17,755.7955398106176,765.6323581161787,746.3685889344547,758.6646118164062,9427500
2021-05-18,759.0745049512811,774.4035573364163,758.7465909835997,772.0263061523438,7533100
2021-05-19,765.9603273241204,772.6001601462701,761.3697817641395,766.2062377929688,6625700
2021-05-20,760.7139711517871,769.7310548615603,759.1564548615858,766.780029296875,4314800
2021-05-21,762.4353673649326,763.6649696454047,756.7792268943484,759.812255859375,6680600
2021-05-24,759.1563761218945,761.6155805149458,755.7954834644476,757.27099609375,4659300
2021-05-25,756.7791815884453,765.9602214061928,755.1397119792991,765.5503540039062,4790400
2021-05-26,753.3363582528152,755.3856954624257,740.3845570946063,743.8274536132812,10888200
2021-05-27,745.9586882328713,751.4509215483672,738.5810748327659,743.1715698242188,14802300
2021-05-28,751.6148149163241,762.3533201658194,750.7950801634577,760.8778076171875,7655900
2021-05-31,754.975807548135,758.4187039734504,745.1389892087457,746.614501953125,6547300
2021-06-01,748.8277960860166,751.6149146285685,742.187963719987,746.614501953125,5613900
2021-06-02,746.7784868626718,749.8115159706193,743.0896798474336,746.9424438476562,9354900
2021-06-03,743.1715794454665,756.2053833007812,743.1715794454665,756.2053833007812,5765100
2021-06-04,756.9430748623386,757.6808061047923,750.8770178058736,755.1396484375,3488200
2021-06-07,754.9758464558366,755.8775348370244,751.5329498530915,754.5659790039062,2771000
2021-06-08,750.5492414960323,755.8775182542336,749.2376856916876,754.7299194335938,4585400
2021-06-09,757.4349535812978,759.238380143972,749.3195590655844,750.8770751953125,3472700
2021-06-10,747.7621308942894,749.6475110193566,741.0402952012009,742.2698974609375,7461700
2021-06-11,752.5165796601544,769.1571868291171,749.23764031523,760.468017578125,13517300
2021-06-14,758.0906705002355,758.5005378664265,744.8109578291215,745.2208251953125,7606600
2021-06-15,744.729019980625,746.7783568545398,737.7612746093148,744.0732421875,8179300
2021-06-16,749.1556811881936,751.6148856783187,745.3029174804688,745.3029174804688,5684900
2021-06-17,752.6805309508443,754.8938249984857,745.3029174804688,745.3029174804688,4992300
2021-06-18,744.9750003640465,745.2209108054835,739.8106809632967,741.040283203125,8620700
2021-06-21,737.7613403108119,739.400809955947,732.5150174333222,736.2858276367188,10811500
2021-06-22,748.5818901391129,761.9435584573331,746.450549466498,761.0418701171875,10050600
2021-06-23,758.090818927334,758.090818927334,747.5162688287921,747.68017578125,5621600
2021-06-24,747.106319807662,752.024728627903,744.8930258320252,749.7294311523438,3280200
2021-06-25,752.1066075500632,754.7297686673919,748.5817582514513,753.6641235351562,4832300
2021-06-28,772.1901374286905,773.9115603971638,758.0906896686877,761.1237182617188,10700100
2021-06-29,754.1560470144855,756.6972049859334,747.0243439546675,749.8114624023438,6609500
2021-06-30,753.0905054788452,753.6643299480188,745.9588014366025,746.2047119140625,7035400
2021-07-01,749.9754286828086,751.9427622885444,746.4505288279906,747.270263671875,5757800
2021-07-02,747.5981195943189,757.9267578125,747.5981195943189,757.9267578125,5143000
2021-07-05,751.6147628520395,753.9919634511006,749.647379568385,751.6967163085938,3028100
2021-07-06,754.1560998209312,754.975834712041,748.4999090592154,753.582275390625,3403600
2021-07-07,746.7784751137534,748.7458588373203,743.7454460535239,745.958740234375,6574100
2021-07-08,746.8603509240437,753.4182292771299,745.6307487328401,746.1226196289062,6056400
2021-07-09,741.040314709466,747.7621505795101,737.7613752638489,746.3685913085938,8779200
2021-07-12,758.3365841180216,763.7468633941874,753.5821326566427,755.3855590820312,5699800
2021-07-13,760.7138588049893,763.9927978515625,758.3366079831679,763.9927978515625,6201100
2021-07-14,758.2546867123247,766.5339881433703,757.2709949500615,762.9271850585938,6659200
2021-07-15,766.4521288940111,770.3868463941033,760.7139846135211,762.1075439453125,5013900
2021-07-16,759.4842974268746,764.3207527932163,755.4675768661743,759.6482543945312,4012500
2021-07-19,755.9595223186637,758.4187269781047,752.3526688050918,755.4676513671875,3467900
2021-07-20,744.7291501799469,749.3196455670067,744.1553257484027,747.68017578125,5081100
2021-07-21,756.6152996645817,762.025529898312,752.2707147759623,754.7299194335938,3798800
2021-07-26,763.9928388579029,766.2061328396635,757.9267812830989,759.6482543945312,4780000
2021-07-27,761.9435296635233,768.7473187922363,759.5662786273091,767.1078491210938,4742000
2021-07-28,767.2717197502718,771.1244830504172,767.1897662889947,770.058837890625,4691500
2021-07-29,766.4520263671875,769.7309655174214,763.1730872169535,766.4520263671875,3876900
2021-07-30,765.4683642431121,767.1898373831992,760.9598227370369,761.6156005859375,4394600
2021-08-02,766.3700316789833,776.9445798501058,764.3206948203194,776.6986694335938,6912300
2021-08-03,771.3703570419539,773.3377403460822,764.5665690001832,766.6159057617188,3515400
2021-08-04,768.337518730912,768.337518730912,759.156477761127,759.5663452148438,3213800
2021-08-05,757.8449387221103,769.1572706889337,757.5990282509587,768.8294067382812,3000500
2021-08-06,765.6322465965449,772.8459022967086,765.3043326877311,772.1901245117188,3534600
2021-08-10,776.3708745921217,779.5678605950018,770.2228630732336,772.4361572265625,4746800
2021-08-11,778.5841165690126,791.8638305664062,776.6167830343958,791.8638305664062,7474700
2021-08-12,802.8482850817595,804.979575553876,788.994746915077,790.880126953125,4957500
2021-08-13,791.6999406129156,793.6673243467102,784.3223266601562,784.3223266601562,3554400
2021-08-16,780.5515118505682,781.3712466771215,770.5507369600895,770.6326904296875,4198100
2021-08-17,776.2069429436868,780.3056171591828,768.0095945126949,769.2391967773438,3174600
2021-08-18,770.550748758661,774.6494229541859,768.5014116608987,771.6163940429688,2546200
2021-08-19,768.0915288911611,772.6000704161358,764.9765465713434,765.8782348632812,3430100
2021-08-20,762.3533770150476,770.4687716866518,761.4516887327104,762.517333984375,4814000
2021-08-23,767.2717524788095,774.157544629496,766.8618850896648,769.4850463867188,4523200
2021-08-24,765.2224885229836,772.8460126817076,765.1405350503937,771.20654296875,4002100
2021-08-25,768.0914751693006,774.1575324462334,767.3536938673949,768.2554321289062,3340900
2021-08-26,770.5507081508891,771.124532514551,766.452034171363,769.3211059570312,4078300
2021-08-27,769.321152123239,771.6984031870771,763.9928756301106,764.0748291015625,3792900
2021-08-30,769.4030714695521,776.862688248664,768.0095623208091,770.5507202148438,3659800
2021-08-31,770.3867549239619,778.3381924893599,763.9928334913991,774.0755615234375,7972500
2021-09-01,779.7317293837485,789.7325036631971,776.2068798514603,787.9290771484375,6611800
2021-09-02,784.0763013893936,793.4212977075608,783.8303909668396,793.0933837890625,4237000
2021-09-03,793.2573564722636,800.0611451385325,789.8964138552737,798.83154296875,5800500
2021-09-06,802.0285942820167,804.5697522945453,795.7985794255084,797.192138671875,4103300
2021-09-07,799.2413330078125,802.2743614062666,797.4379066601396,799.2413330078125,4165900
2021-09-08,792.2736802103564,806.6190391381176,791.8638128124204,804.5697021484375,6291800
2021-09-09,803.3401632925667,803.750030722818,791.0441403850274,792.2737426757812,6526500
2021-09-10,791.4539103062626,796.6182292846437,788.8307490693049,794.978759765625,5611100
2021-09-13,797.4380759429439,804.0779584462804,795.1428283007699,803.9140014648438,4817500
2021-09-14,809.8980046175859,818.4232667845124,804.8976422134697,817.1936645507812,7441600
2021-09-15,810.7177748140892,813.013022410674,804.3238529262302,804.815673828125,6198700
2021-09-16,807.43880536511,810.6357912065165,804.5697334678736,809.4061889648438,4631000
2021-09-17,807.110807105411,808.0125453413563,800.5529291682308,801.2907104492188,13109800
2021-09-21,787.8471546077811,796.8642380755049,786.0437779403527,792.5196533203125,5814700
2021-09-22,789.4046481660677,791.3720317882619,784.076371724656,784.1583251953125,5072900
2021-09-24,800.8809547716165,810.5538160714386,800.061219915146,810.2259521484375,8519700
2021-09-27,814.3245772331198,819.0790291068778,811.7833693120024,818.587158203125,7876600
2021-09-28,818.9150914565872,823.423633001143,813.6687685553196,822.1940307617188,8454600
2021-09-29,802.5203471163907,802.8482610404238,770.1408234074045,775.3871459960938,20004300
2021-09-30,780.3875297018168,790.7161681701077,774.3214721679688,774.3214721679688,15197200
2021-10-01,767.8455372705832,775.9608811379593,761.6155232569718,762.025390625,11461800
2021-10-04,765.6323140524172,769.7309881105136,750.4672200374604,752.3526000976562,9977900
2021-10-05,750.9590366374296,758.5826103682147,747.8440543775331,753.9920654296875,9616800
2021-10-06,753.0904694657078,763.5011127966432,750.3033507673746,759.5663452148438,15148500
2021-10-07,736.9416789220704,759.4843887889858,726.0392147020555,755.0578002929688,32468300
2021-10-08,759.8941003243083,766.9437990413385,757.8447634841673,762.025390625,15161200
2021-10-11,758.7465468664257,772.1082647664989,756.2053888789145,771.3704833984375,10376700
2021-10-12,773.9115555707215,776.9445841448372,764.5666094631409,768.665283203125,8730000
2021-10-13,764.8946086574441,768.747372661135,760.1401562844977,764.4847412109375,10634400
2021-10-14,759.0743693316139,759.8121506107581,751.7787101316782,753.5001831054688,13233200
2021-10-15,759.7302127757542,759.9761232125088,753.5822016936792,758.7465209960938,10992700
2021-10-18,756.6972143765445,757.4349957490981,745.3848835374699,747.270263671875,16615500
2021-10-19,747.5161922933711,749.4835258152627,740.3024859485089,741.9419555664062,15030400
2021-10-20,741.3681363080117,750.7130825442471,741.1221758541158,741.2861328125,15349800
2021-10-21,739.40074952789,740.4663947036087,729.7278894186427,730.6295776367188,27986500
2021-10-22,726.285039474112,727.7605521211427,716.6121787517527,718.7434692382812,46189700
2021-10-25,706.6934575053183,723.7439839394904,686.446044921875,686.446044921875,105839100
2021-10-26,698.741922628842,720.7927574384055,698.0041413389749,720.2189331054688,135875700
2021-10-27,729.5640140889029,733.6626883253574,721.1207551683356,728.580322265625,82668300
2021-10-28,720.4649331716643,729.3180589736614,711.9396712689166,721.28466796875,208556500
2021-10-29,713.1693310546875,719.6452564876676,703.3325126953125,717.2680053710938,313148100
2021-11-01,717.923776820841,723.4160103621306,698.9059181566333,708.2509155273438,59029800
2021-11-02,705.463838728588,706.5295341304491,699.0699164806616,704.398193359375,32099000
2021-11-04,709.8902713182734,712.6773893942407,695.5449136415185,698.8238525390625,36604200
2021-11-05,696.7746388921682,699.0698865196368,686.7738634803633,692.921875,31352500
2021-11-08,694.8071768404207,702.1847898320219,693.9054885989476,699.2337646484375,21932500
2021-11-09,699.4796709588494,702.8406135437187,693.5775705937714,694.2333984375,15490400
2021-11-10,694.2333951818086,698.9058433343035,689.5608969966742,690.2166748046875,15582500
2021-11-11,691.9382792421304,698.9060265986866,688.6593393096333,696.3648681640625,16607100
2021-11-12,697.8402129161908,702.0208903419843,696.7745677015283,701.6110229492188,19902700
2021-11-15,704.9718098087365,716.0382277534085,703.9881182071279,713.4970703125,31576800
2021-11-16,713.4972296365651,716.9400759620336,709.3985554084888,711.283935546875,19831400
2021-11-17,709.8903647188625,714.2349493231999,705.7916905576682,710.546142578125,16546100
2021-11-18,711.0380250997193,712.185623863994,704.3161893591455,711.283935546875,13633200
2021-11-19,710.7920652110233,713.825094148851,706.9393514595432,712.0216674804688,15414100
2021-11-22,711.8577588655814,717.8418132229672,710.2182891768377,717.4319458007812,16620000
2021-11-24,719.7271126565659,722.8420947093718,713.5791020131442,714.0709228515625,16772900
2021-11-25,714.6448069547381,722.6781981941609,714.4808499840065,719.7271728515625,15111600
2021-11-26,717.2679903111346,718.4156391086901,708.250907004366,711.7757568359375,20636000
2021-11-29,702.512723906688,709.31651274313,700.0535195056145,703.578369140625,18177000
2021-11-30,708.2508716048482,712.9233700004363,698.9878783137668,701.6929931640625,39006600
2021-12-01,700.8731767448231,712.0215487829145,700.5452628479115,709.6443481445312,15926300
2021-12-02,706.0375933415888,711.7757371050125,705.1359050489651,707.6770629882812,14326900
2021-12-03,711.611770038583,717.5958741902319,708.7426981975731,716.3662719726562,12899700
2021-12-06,715.6285354528286,720.1370771996677,715.3006214945458,717.0220947265625,10861600
2021-12-07,718.333624637714,727.1047973632812,717.1040223873815,727.1047973632812,15784200
2021-12-08,728.0884652510829,732.7609636553752,724.5636155891226,724.8914794921875,14649200
2021-12-09,723.1700643718191,726.1210896950975,720.8748168945312,720.8748168945312,10810500
2021-12-10,727.9245286312159,729.5639982902952,721.3666499948987,722.350341796875,12986100
2021-12-13,726.8588746905824,732.5970184289249,725.0554480805747,725.6292724609375,13561200
2021-12-14,727.3506386144221,732.0231367277225,726.6948608164905,730.6295776367188,12863300
2021-12-15,730.6297352844523,741.860113865521,730.5477818042674,734.3185424804688,19835700
2021-12-16,733.6626754360185,737.7613496004656,731.6952918240265,733.74462890625,13630000
2021-12-17,733.8265789200117,736.4497402005825,728.088435508043,729.4819946289062,17000800
2021-12-20,725.3833548977409,727.268734958152,718.3336054974252,723.4979248046875,11451400
2021-12-21,726.367040293598,732.6790087296059,726.2850868205591,730.0558471679688,11852300
2021-12-22,730.3837935251379,732.269173782478,727.5147213844668,728.7443237304688,7662200
2021-12-23,729.5640262644441,732.7610122352903,728.3344239729872,730.0558471679688,6387700
2021-12-24,729.5640064241002,730.7936086821184,721.1207475922378,725.7112426757812,7962200
2021-12-27,725.383382914687,727.9245409160886,722.2683504837505,723.8258666992188,7997100
2021-12-28,728.0063873537114,730.8754588837008,725.5471831851489,729.0720825195312,9433000
2021-12-29,729.1541052307573,734.728291869051,728.9901482640871,732.4330444335938,9885600
2021-12-30,732.8429360823474,737.2695241657008,730.5476885709447,735.13818359375,9876800
2022-01-04,739.7286850809722,757.1890258789062,738.0072120243284,757.1890258789062,21970100
2022-01-05,766.6160331750485,782.3549521260123,765.9602553088926,781.5352172851562,36059500
2022-01-06,782.1089829782644,788.4209511894186,781.4532051193775,784.8141479492188,21026200
2022-01-07,787.8471385530778,799.6513403197016,787.1913606844086,793.1754150390625,19566900
2022-01-11,798.5035912510352,813.9965978700768,793.6671862983789,813.0949096679688,22078400
2022-01-12,811.5373936469043,815.3081534427135,805.3893830889732,813.0949096679688,19613500
2022-01-13,810.963658675818,816.45589205258,805.9632962174691,814.16064453125,15699700
2022-01-14,811.3735467449221,813.0950199542222,802.1105529210901,812.111328125,16572300
2022-01-17,811.5374397959077,814.7344254808874,800.4710201623271,801.4547119140625,12046000
2022-01-18,799.3234134506538,808.0945861462008,788.2569932355373,790.962158203125,17228800
2022-01-19,787.1094674260819,798.2578421442306,786.1257755315045,792.6836547851562,16693100
2022-01-20,795.0608944426194,801.5367700916499,788.9948362083225,791.9458618164062,13938300
2022-01-21,788.5849322226342,789.4866205520344,780.4695371274513,787.2733764648438,11630400
2022-01-24,787.9291200387222,803.2581711996432,787.7651630679755,800.635009765625,11952700
2022-01-25,795.9625379020366,797.9299215515155,785.0600744233985,791.5359497070312,12089400
2022-01-26,801.5367185793696,805.1435718975796,796.782266501834,798.3397827148438,12769400
2022-01-27,803.8319303662349,809.9799414082956,791.0440874118055,795.388671875,15806400
2022-01-28,800.71698287834,806.4551267667451,798.8316027501072,804.7337036132812,11607600
2022-01-31,799.159525961335,802.1925048828125,793.5033354784412,802.1925048828125,14117700
2022-02-01,796.782217845023,801.946537028231,795.1427482609797,799.8152465820312,8863800
2022-02-02,807.4387211598661,813.1768643559261,802.5203127061004,807.9305419921875,14347800
2022-02-03,809.4061602663835,817.0296838879248,808.6683789344814,815.2262573242188,15653300
2022-02-04,816.4558266341546,819.7347656969424,814.5704466795795,815.800048828125,13435000
2022-02-07,817.2756943121188,840.228271484375,816.5379128899516,840.228271484375,22643700
2022-02-08,840.2281579027914,843.9169644496817,834.0801469913076,836.94921875,15617100
2022-02-09,840.2282071265595,848.0156880706593,830.8012565100175,835.7196655273438,15388400
2022-02-10,831.2111119718121,834.4900512695312,825.8828356130184,834.4900512695312,11018800
2022-02-14,827.9322126389485,840.2282355989329,827.1124777749495,836.5394287109375,10483700
2022-02-15,832.850632724898,835.7197047864504,804.159912109375,804.159912109375,27453400
2022-02-16,808.9963097291533,817.8494357332984,805.799323934464,808.4224853515625,12934100
2022-02-17,805.7173625210476,810.6357713673675,800.6349967066551,805.3074951171875,13247300
2022-02-18,799.241467078893,804.9796109451005,797.2740834545643,800.4710693359375,10779300
2022-02-21,795.7986165356235,798.1758677157324,790.3063827983232,794.7329711914062,8928900
2022-02-22,783.2566406370747,787.5192718171386,778.7480990112202,781.7811279296875,14453700
2022-02-24,780.6334603316634,782.8467543557423,766.452057929444,771.534423828125,15214800
2022-02-25,763.9108276367188,773.501684111517,763.664867187508,763.9108276367188,13935000
2022-02-28,768.9111775646504,783.3384888150687,768.8292241046175,782.10888671875,16365800
2022-03-01,786.7815449262035,790.634308952512,777.6005040640305,779.6498413085938,13469100
2022-03-02,773.8295815216658,774.9772301513841,762.0253814515008,764.3206787109375,21110400
2022-03-03,773.5837833242706,773.8296937712707,763.1731407850139,764.0748291015625,16204700
2022-03-04,763.1731405876524,767.0259043651392,760.8778930285041,763.8289184570312,14251200
2022-03-07,760.713880535812,761.3696583573319,745.9586544047294,749.6474609375,16007800
2022-03-08,740.9582360009164,742.761612365086,727.2686561227248,729.0720825195312,26241300
2022-03-09,727.2686810013406,744.1551968567401,726.6129032071517,732.26904296875,15628900
2022-03-10,744.5651917698883,755.9595267721493,744.5651917698883,753.8281860351562,15117900
2022-03-11,752.6804044420378,761.2056152219877,752.5984009532305,759.9760131835938,12804400
2022-03-14,767.271761154746,773.665682491174,759.4842806729403,766.4520263671875,12016200
2022-03-15,769.0751836617409,772.518079757964,767.1078001688588,768.33740234375,9385200
2022-03-16,772.681989871633,776.9446207686772,770.1408320461126,772.3541259765625,14329000
2022-03-17,778.7481689453125,783.4206679655141,771.8623756489471,778.7481689453125,13215000
2022-03-18,776.370851018241,786.699540075938,775.1412487517993,786.0437622070312,18361600
2022-03-22,791.8638740555217,798.8316203593229,791.12609266912,798.4217529296875,15576000
2022-03-23,805.1435304595481,810.6357636253466,801.5366773269707,809.570068359375,15596600
2022-03-24,804.1599270592817,812.1113654985073,796.4543990805172,809.8980712890625,17060700
2022-03-25,808.5044490133929,810.0619651961124,799.7332763671875,799.7332763671875,19235600
2022-03-28,803.3400632030153,806.3730918155138,798.257697694591,800.3890380859375,17548500
2022-03-29,801.7006755543144,803.3401452384745,795.6346177098642,798.3397827148438,21241600
2022-03-30,793.5008441707332,796.6980159541911,783.9093815606939,791.2542114257812,23137700
2022-03-31,790.6492967845262,791.7726131062084,776.1324677850733,776.3052978515625,16544400
2022-04-01,770.7750053215171,792.8094925812691,767.3186151631247,792.1182250976562,15186000
2022-04-04,787.1928855599745,796.2659100367908,785.5510790823232,795.05615234375,8611600
2022-04-05,788.8346442425486,794.1056179992967,783.3043990384793,783.9956665039062,12277600
2022-04-06,785.291906004606,788.402689078812,778.5519551209925,779.50244140625,12915500
2022-04-07,774.2314200390807,775.6139550501614,768.2691257305942,775.354736328125,11835500
2022-04-08,770.0838492155033,771.6392144636675,754.7893100044944,760.4059448242188,24378400
2022-04-11,764.6400274381591,772.6761249915509,763.8623184612388,771.7255859375,10936100
2022-04-12,771.1206603776119,780.1072430863145,768.528367775814,772.676025390625,9860100
2022-04-13,769.3060566028124,771.639130591637,763.5165923313825,768.96044921875,12649900
2022-04-14,769.0468356819048,776.1324462890625,767.4050292062271,776.1324462890625,8794000
2022-04-15,771.0342134265761,774.4042148807719,766.5408957344245,768.0963134765625,7705000
2022-04-18,766.800149385533,770.1700980211756,761.4427342900321,766.6273193359375,5390800
2022-04-19,772.7625219791224,777.6878891585269,771.2935454182004,776.8237915039062,8652500
2022-04-20,779.9344390607182,785.3782958984375,776.3916601494901,785.3782958984375,10807700
2022-04-21,785.2919614682329,790.3901588791741,781.3171332341794,783.6502075195312,8850900
2022-04-22,777.7742574576513,785.0326986624971,776.5645524170664,782.5267944335938,6563500
2022-04-25,773.3673706054688,775.7004447296637,769.3925426459763,773.3673706054688,8306200
2022-04-26,774.6634442409103,779.415980708646,769.7380777171913,770.3429565429688,9376900
2022-04-27,765.7632609680211,768.3555536234711,759.541748046875,759.541748046875,16936500
2022-04-28,767.2322573077447,787.6249389648438,764.2943044590284,787.6249389648438,16002600
2022-05-02,776.737382491531,784.7734799209669,776.478111009667,782.5267944335938,7521800
2022-05-06,788.0569550387894,794.3648565211878,783.3908072351916,791.3405151367188,14518000
2022-05-09,794.1056371019685,798.1669060769974,785.2054430122209,786.2423706054688,9494400
2022-05-10,782.0946754917495,791.2541412137633,777.7741877191946,787.9705810546875,10616700
2022-05-11,780.3665248580769,781.4898939352286,771.63916015625,771.63916015625,9570000
2022-05-12,773.3673198169548,777.9470263583078,768.3555644935814,768.701171875,9893000
2022-05-13,767.4050683047383,776.9101420390132,765.1584356091337,775.9596557617188,9167100
2022-05-16,799.2902381549078,818.9052631960725,798.4261406001458,814.843994140625,26623600
2022-05-17,809.6594043704985,816.5721847706735,802.9194540283936,802.3145751953125,11265800
2022-05-18,808.7954047881809,813.9799907163103,806.375941903121,811.1284790039062,10017500
2022-05-19,799.2902121299288,817.6954788990173,793.5007481534627,817.0042114257812,13993500
2022-05-20,811.214814248958,819.6829601591477,807.8448652618102,815.4489135742188,10092100
2022-05-23,816.5722005902037,817.1770794350032,809.745808716651,810.95556640625,10783300
2022-05-24,814.930442833261,823.0529815425173,814.0663452148438,814.0663452148438,11409100
2022-05-25,816.5722479811908,823.6578589879302,815.103271484375,815.103271484375,9083500
2022-05-26,816.5721365599475,819.7693078543319,812.9429165160602,813.0293579101562,9105400
2022-05-27,816.5722312706512,823.0529632648627,812.0789132065981,821.3247680664062,10926900
2022-05-30,820.8927030539934,827.3734349202091,819.5965566807503,825.7316284179688,15861100
2022-05-31,827.2005135744973,832.8171472387579,822.9664675333267,829.1879272460938,20608900
2022-06-01,831.2619081323655,833.7678123195424,826.9414200443596,829.70654296875,11741900
2022-06-02,830.0521392605873,832.7308734834936,825.472432496671,831.7803344726562,6529400
2022-06-03,832.1259572512196,832.9900548184586,823.0529327952094,824.7811279296875,9226500
2022-06-06,826.9414024293329,831.2618904253065,821.5839867662594,828.237548828125,6924500
2022-06-07,829.5336535354188,837.1377014780943,828.5831673202078,835.5823364257812,9103100
2022-06-08,830.4841218394439,838.0017809605399,830.4841218394439,835.927978515625,8251700
2022-06-09,829.7928958862957,834.7182626425008,828.1511421277812,828.5831909179688,8370500
2022-06-10,825.04029861848,831.088981237003,823.0528848776021,826.7684936523438,8840900
2022-06-13,819.6829149607689,831.8667220618526,819.2508661857021,831.0026245117188,7631000
2022-06-14,829.533655919179,833.5084835909931,825.472386847342,826.595703125,11691100
2022-06-15,833.3357280610801,848.8894845162532,832.9900679326105,833.6813354492188,14759300
2022-06-16,833.7677615306239,839.8164444853772,831.0026387746707,831.953125,9021000
2022-06-17,824.349050199743,829.1015866526766,823.0529038943976,827.2005615234375,12765200
2022-06-20,821.4110525091778,824.9538838606965,818.0411039439676,822.7936401367188,8234800
2022-06-21,823.4850233557814,834.7182922997742,823.3986346908068,831.2619018554688,10045300
2022-06-22,833.6812639468928,834.1133127002588,828.1510715480043,829.6199951171875,10021200
2022-06-23,828.4103664526294,833.8541706977193,828.4103664526294,831.3482666015625,10402600
2022-06-24,827.8055363504843,829.2745128816366,812.165390214944,815.5353393554688,14411100
2022-06-27,829.5336274360947,830.0520648571111,818.1275295107828,822.8800659179688,15059600
2022-06-28,822.1888195714696,836.1007690429688,819.4236968608933,836.1007690429688,12559200
2022-06-29,834.2861833118516,840.5940848696134,830.6569630590631,832.03955078125,28123200
2022-06-30,827.7190612878868,839.0387180563674,822.7072533235054,837.3969116210938,11908700
2022-07-01,841.6310500862915,852.6050999937991,837.4833922150414,839.0387573242188,15510400
2022-07-04,842.4951543138403,849.4943237304688,840.1620802615203,849.4943237304688,9618800
2022-07-05,851.1361437169174,855.1109716168228,846.9884857473786,854.0740966796875,9458900
2022-07-06,842.4950647844685,843.4455509409154,833.0763809127989,838.8658447265625,12283000
2022-07-07,845.9515394195669,850.272027363487,833.9405618393363,838.0018310546875,10874300
2022-07-08,839.6435856824327,844.7417294970119,836.7056329659897,841.2853393554688,10220600
2022-07-11,845.9515114705051,852.8642919523887,842.4951212295633,848.1117553710938,10416500
2022-07-12,847.6797280780305,851.8273859242299,845.7787028492593,848.2846069335938,8801600
2022-07-13,850.2720159801138,852.4322599231527,848.3709907621734,848.8030395507812,6361500
2022-07-14,842.4951961671914,844.1370027738047,835.1503662518876,837.0513916015625,10921300
2022-07-15,838.1746006134455,838.6930380331578,826.5956726634793,831.86669921875,9064300
2022-07-19,835.4094633511012,838.9522947915183,831.607465945694,835.2366333007812,5714100
2022-07-20,839.2115964083719,842.3223266601562,836.6193036184409,842.3223266601562,8864700
2022-07-21,841.1125657705893,844.6553445852503,839.4707593499445,839.9891967773438,11539000
2022-07-22,833.940575675898,835.6687708821398,828.6696013929931,833.8541870117188,8665700
2022-07-25,832.1259523542578,834.9774637613,831.3482434521874,834.0269775390625,5200900
2022-07-26,835.5822957998804,837.483320878204,834.026930823189,834.9774169921875,8149200
2022-07-27,832.9900032586191,835.8415145059412,830.7433708189901,834.9774169921875,6788000
2022-07-28,831.9530806774529,833.1628383000854,830.2248856395935,832.6443481445312,8819400
2022-07-29,829.9657071197066,831.9531209614121,825.3860005956909,826.3364868164062,13002200
2022-08-01,826.3364184695997,829.5335897280751,824.9538835828497,828.9287109375,7869900
2022-08-02,820.8926875930679,821.3247363760116,814.2391257876686,817.0906372070312,13314000
2022-08-03,814.0662909054045,827.0277543169564,813.5478534650742,826.3364868164062,10344100
2022-08-04,820.7198916738995,822.7937470144341,812.5109644564762,814.1527709960938,12334600
2022-08-05,809.2274254770736,814.6712299642503,807.9312790401108,814.3256225585938,6927600
2022-08-08,813.2887013043069,818.3004570188689,811.9061134497261,817.868408203125,6343800
2022-08-09,817.4362497580944,817.8682985158947,811.5603972000762,812.9429321289062,8728800
2022-08-10,817.0906067014604,822.6208520128038,811.733244185236,822.3616333007812,8492600
2022-08-12,828.2374888747939,831.7802676789096,825.7315849223904,829.0151977539062,11235600
2022-08-15,825.6451989057296,829.0152004055577,822.1888087480918,826.9413452148438,5414300
2022-08-16,826.0773491381054,830.311448697395,824.8675913382128,827.5463256835938,5755400
2022-08-17,831.8667060719627,836.9648498755595,831.4346573052004,835.4094848632812,11661900
2022-08-18,834.5454622294924,834.7182922997742,830.5706343146742,831.2619018554688,6122100
2022-08-19,833.8541092668546,835.150255550689,829.6200103101977,833.162841796875,5823900
2022-08-22,831.261805845054,836.5327795676914,829.1879507218671,835.2366333007812,5751300
2022-08-23,832.7308731814537,832.9900919151036,825.8180923356852,826.6821899414062,8439500
2022-08-24,830.2248750284825,832.3851187981968,827.5461938501676,830.397705078125,5313500
2022-08-25,829.3607892130843,833.5948881575478,827.8054242250275,833.4220581054688,5401700
2022-08-26,830.3114281424077,831.6075745786335,827.2006450512656,828.1511840820312,8932700
2022-08-29,823.4849577044132,826.7685178166589,819.2508586515644,824.8674926757812,9584800
2022-08-30,827.6326671745023,832.6444226848938,825.7316419146072,830.3114013671875,6805800
2022-08-31,823.6577526891617,830.6569213867188,821.8431162836397,830.6569213867188,16196200
2022-09-01,826.9414760000907,833.7678687371874,824.8676204813853,830.2250366210938,9127700
2022-09-02,826.9413608681207,836.6192640407664,826.7685308089016,835.5823364257812,8575600
2022-09-05,837.3969671137633,839.9892599263003,834.2862368348517,834.6318969726562,6297900
2022-09-06,833.8540816739887,837.7425203968209,831.7802265923481,834.5453491210938,5033300
2022-09-07,833.162880271497,836.6192705213349,828.4103436779699,832.2123413085938,8845000
2022-09-08,835.7551589956335,839.6435979617356,832.3851574622133,838.1746215820312,11964300
2022-09-09,840.7669285003509,853.1235130987957,840.6805398402134,847.8525390625,16379100
2022-09-12,851.1361455148545,852.5186805941771,846.297219996893,851.2225341796875,6672700
2022-09-13,847.593396980509,850.6177387233935,844.396225161393,847.7661743164062,7315800
2022-09-14,843.7048816042092,848.9758556423453,839.9892198910679,846.0379028320312,9968300
2022-09-15,846.0379116276345,854.2468385614266,842.0630838926674,851.1361083984375,9490300
2022-09-16,849.9263759593102,856.9255981445312,849.7535986320444,856.9255981445312,16125900
2022-09-20,859.7770872086421,866.6898678093146,858.912989633558,862.8878173828125,12525100
2022-09-21,863.4063530094977,868.4181086606667,860.6412300756458,862.9743041992188,12125100
2022-09-22,857.5304960870675,859.6907401292655,852.1730803143497,857.357666015625,11688700
2022-09-26,854.4196905481683,854.7653506819613,835.2367134099559,835.6687622070312,11660300
2022-09-27,833.8541512487507,839.8164455507027,831.5210772723203,832.7308349609375,8675300
2022-09-28,831.9531147565207,835.2366749148918,821.2383367270821,827.891845703125,12538200
2022-09-29,822.7072556894224,838.3474529777942,820.8926719318099,837.1376953125,11951300
2022-09-30,845.1738860084487,846.642862553937,824.3491538470216,827.5463256835938,9267600
2022-10-03,827.8055419921875,828.8424697118521,819.337395638873,827.8055419921875,9751500
2022-10-04,827.8054813299548,849.062260693861,827.0277724121138,848.5438232421875,10453900
2022-10-05,851.1360787446115,856.5798827103439,848.198126006113,848.4573974609375,7067500
2022-10-06,847.6796861741578,853.9875876638814,846.297151207212,848.7166137695312,7774900
2022-10-07,842.4951577546394,846.1243782130334,838.7795486326085,843.1000366210938,8081500
2022-10-11,844.9145719085427,845.6922807978947,835.063891505281,838.1746215820312,9627400
2022-10-12,837.3105240340086,842.9271580961562,832.7308175775539,838.1746215820312,7860900
2022-10-13,835.5823735437489,839.9028615145025,832.4716433009389,835.6687622070312,6686500
2022-10-14,845.087467067674,856.9256149356047,845.0010784023483,850.7041015625,10600000
2022-10-17,852.8643111405693,856.2343127974394,848.5438232421875,848.5438232421875,6326900
2022-10-18,853.9012875303935,859.2587033782886,851.3089946433797,851.6546020507812,7824400
2022-10-19,852.7779658695372,856.0615262913144,851.049770622251,853.9876708984375,5729500
2022-10-20,852.0865999395178,858.3081130445829,852.0865999395178,855.7158203125,7731300
2022-10-21,849.4079839681731,856.6664252731907,849.4079839681731,855.1974487304688,6378400
2022-10-24,861.5917859615855,865.3938368953035,852.8644203850869,853.4692993164062,8332800
2022-10-25,856.5798750842586,865.8257292480469,853.9875824817195,864.0975341796875,9845500
2022-10-26,862.2829912725181,867.9860141719406,862.1101612094351,862.8878173828125,9237000
2022-10-27,862.8014575557502,865.3937503676352,854.6789189823774,855.3702392578125,11864300
2022-10-28,856.9256047804356,862.7150692776368,853.2963842941057,853.5556030273438,41739600
2022-10-31,860.6411619980307,865.8257473112718,859.0857969521242,863.7518920898438,8680100
2022-11-01,865.825801832259,869.282192258735,862.4558000703117,867.1219482421875,7446800
2022-11-02,866.689815629472,873.6025958139544,864.5295718218214,867.9859619140625,9807900
2022-11-04,864.097539873949,865.8257349536968,853.9875881093582,855.62939453125,15091200
2022-11-07,863.2334990239489,863.3198876874782,856.1478881835938,856.1478881835938,7508700
2022-11-08,858.0488864364729,863.3198605138176,854.9381562826842,860.1227416992188,7198900
2022-11-09,860.5548379814873,865.8258123497587,859.0858614843243,862.455810546875,5288500
2022-11-10,859.7770844877779,866.2578162803993,858.3945494681507,864.961669921875,6242100
2022-11-11,868.4181037739369,871.442445428871,860.3820064960357,863.4927368164062,10589500
2022-11-14,854.6789141096543,870.5783310280361,849.8399886511896,862.8014526367188,12041400
2022-11-15,865.3937266549485,885.2679710014926,862.8878225759911,883.1077270507812,13125700
2022-11-16,879.2192351017165,890.8845517345158,877.0589912808277,887.4281616210938,14761500
2022-11-17,892.6127933178548,907.7345008522813,892.6127933178548,906.4383544921875,14544000
2022-11-18,903.8460693359375,911.6229475615813,901.6858253843698,903.8460693359375,11479800
2022-11-21,900.8216979057441,914.6472587369115,900.8216979057441,914.2152099609375,8466800
2022-11-22,917.6716234646217,928.4728431381695,916.8075258907379,927.1766967773438,9690600
2022-11-24,928.0408477215963,934.0895310866346,925.4485548508655,929.76904296875,9134000
2022-11-25,928.4729451366559,942.7305566720257,925.0165544614148,940.5703125,7481100
2022-11-28,941.4343454655766,943.1625406844212,926.3126373006867,928.0408325195312,9611000
2022-11-29,927.176734910109,930.633125347798,918.5357588158861,928.0408325195312,8313700
2022-11-30,926.7445949632295,934.5214726832006,924.5843511521264,931.4971313476562,12196800
2022-12-01,922.8561267770922,923.2881755255834,903.8459818434817,906.0062255859375,12158800
2022-12-02,894.341018721244,894.7730675225587,883.1077498870642,889.1564331054688,11461400
2022-12-05,889.1564370268055,890.0205346332455,877.4911193398649,880.947509765625,7993900
2022-12-06,887.4282910250878,894.773121087126,885.700095716373,891.748779296875,6882700
2022-12-07,889.1563308899661,900.8216471844408,887.8601846350244,896.5011596679688,7225200
2022-12-08,896.0691416681356,899.9575805664062,891.316605236916,899.9575805664062,8546400
2022-12-09,901.685738101026,909.4626155738666,901.685738101026,906.0062255859375,8864200
2022-12-12,909.8947600586874,910.7588576465873,899.9576377978375,901.2537841796875,5276200
2022-12-13,911.19091796875,916.8075523611604,909.030673971669,911.19091796875,7992200
2022-12-14,914.6473841920264,921.9922143910177,912.9191888510873,919.8319702148438,6763100
2022-12-15,917.2395821829823,925.4485092020481,916.8075333925051,924.5844116210938,5456600
2022-12-16,922.4241174287548,923.288214962646,910.3267519542793,913.7831420898438,10739600
2022-12-19,910.758804436886,918.1036335049254,910.758804436886,912.4869995117188,5109200
2022-12-20,918.5357363339009,953.0996398648097,911.6229556277191,949.6432495117188,18379900
2022-12-21,956.5561193729903,965.6291448954984,940.1382636655949,940.5703125,16615200
2022-12-22,940.5700505388915,947.9148786781478,933.2252223996351,947.05078125,8092700
2022-12-23,943.5946415865927,958.2843017578125,943.1625927580274,958.2843017578125,6407200
2022-12-26,958.7162857297867,959.5803833284616,947.9150657463507,952.6676025390625,4777700
2022-12-27,953.9637867957152,963.4688607583537,953.5317379792317,960.4445190429688,4342700
2022-12-28,962.6048007132697,969.0855332135835,960.4445565464985,968.221435546875,7452100
2022-12-29,963.4687687376552,963.9008175128739,950.5073054810948,956.988037109375,4680900
2022-12-30,953.0995527132505,963.4687228243648,953.0995527132505,958.7161865234375,4293000
2023-01-04,959.148364882129,963.9009018252387,944.8907540528002,963.0368041992188,7102200
2023-01-05,954.3958436861086,956.98813660694,948.3471602041685,950.939453125,7429900
2023-01-06,952.667606364154,958.2842407780923,948.7791671545044,951.3714599609375,6116700
2023-01-10,943.1623642964438,946.6187540877271,934.5213898182354,939.27392578125,8309600
2023-01-11,939.7060392529994,944.0265267897947,936.249649223563,937.9778442382812,6779600
2023-01-12,934.0894140869475,952.6675106668451,933.6573653292754,949.2111206054688,6494400
2023-01-13,946.6188742374035,966.4931180598227,946.1868254586552,961.3085327148438,8897300
2023-01-16,960.012320989295,967.3571497277369,951.8033947522127,955.6918334960938,6491000
2023-01-17,948.7791518675526,952.2355422204399,939.2740783971127,942.73046875,8893400
2023-01-18,945.7547336154513,947.914977410827,920.2638568300189,941.002197265625,12739100
2023-01-19,938.4099806958575,943.5945662245639,925.0164680800326,928.9049072265625,9366600
2023-01-20,931.4971355967612,938.8419645880158,927.1766479548467,937.11376953125,5985500
2023-01-23,937.9779853610044,945.322815278617,935.3856924489057,938.4100341796875,4609300
2023-01-24,939.2740484049184,954.3957557159451,938.4099508442882,953.099609375,5341300
2023-01-25,954.8277973058622,964.3328704012147,950.9393583123089,962.6046752929688,6275100
2023-01-26,964.3330528544869,971.2458345953793,963.9010039956811,969.5176391601562,6212900
2023-01-27,973.4058694199792,986.3673323949456,973.4058694199792,985.5032348632812,7217400
2023-01-30,982.910942268288,986.3673323949456,978.1584058441335,985.5032348632812,6996300
2023-01-31,989.391715869569,995.8724476329068,984.2071304588987,985.0712280273438,9843900
2023-02-01,990.2558670644686,998.032745601624,984.6392325654118,987.66357421875,6028400
2023-02-02,987.6634276369784,987.6634276369784,973.8378678450348,974.7019653320312,6173100
2023-02-03,964.7649992061351,972.5418778383387,961.3086087029336,969.9495849609375,5451400
2023-02-06,973.4058991222188,982.478923481547,968.6533625530468,975.1340942382812,5424300
2023-02-07,976.4302144707872,985.935287355016,972.9738243310676,984.2070922851562,5338400
2023-02-08,984.2070584478416,990.2557409843955,982.9109121900086,988.9595947265625,6141600
2023-02-09,990.2558441162109,994.5763320922852,988.0956001281738,988.5276489257812,6725900
2023-02-10,991.9841185524155,1004.0814858518352,990.255923223927,1002.7853393554688,8914500
2023-02-13,1002.3532563046471,1006.6737444783739,998.8968657656654,1000.6250610351562,6027400
2023-02-14,1002.3532485633344,1007.1057855177295,1001.0571021212266,1003.2173461914062,5575000
2023-02-15,1003.2172968651399,1027.412029261543,1000.6250041083824,1026.97998046875,10876200
2023-02-16,1030.0042122395832,1041.237479654948,1030.0042122395832,1036.9169921875,10587100
2023-02-17,1036.9171219063282,1039.0773659103,1031.3004874960025,1034.3248291015625,6394800
2023-02-20,1036.9171855781058,1056.3593828076953,1035.188990268809,1053.76708984375,7621100
2023-02-21,1054.1991338830082,1069.7528915960363,1054.1991338830082,1068.8887939453125,8915100
2023-02-22,1071.4811197916667,1077.0977546938004,1042.101798765121,1044.694091796875,20851400
2023-02-24,1040.8054842258598,1049.878508372287,1032.5965576171875,1032.5965576171875,9486200
2023-02-27,1042.9657637203259,1065.8643492535393,1041.2375685857437,1062.407958984375,8437100
2023-02-28,1056.3593255665676,1066.29644805656,1042.9658126452737,1045.55810546875,14937300
2023-03-01,1045.9901955276546,1061.543953081969,1045.9901955276546,1058.95166015625,8761700
2023-03-02,1058.5195693845267,1073.209228714761,1051.1747397194094,1059.3836669921875,10643700
2023-03-03,1056.3591691217084,1061.9758027407604,1054.198925422073,1057.2232666015625,9842900
2023-03-06,1058.5195426518972,1061.5438842023311,1054.631103515625,1054.631103515625,5289300
2023-03-07,1054.1990547227058,1055.9272498943824,1049.8785667935144,1054.631103515625,7399800
2023-03-08,1058.0874073191744,1074.0732113497213,1057.2233098040097,1070.6168212890625,12084400
2023-03-09,1077.52965614355,1093.947509765625,1077.52965614355,1093.947509765625,11134100
2023-03-10,1092.6513268938888,1095.675668249467,1063.704059633355,1064.1361083984375,12876500
2023-03-13,1044.6939652207852,1049.878550656124,1014.4505501813084,1018.3389892578125,12543500
2023-03-14,976.4303171544404,988.5276839156459,962.6047551416342,969.9495849609375,22063400
2023-03-15,1019.6350802621581,1020.499177787804,989.8237156273747,995.00830078125,16621300
2023-03-16,953.9636502225101,963.4687228243648,944.8906263752851,958.7161865234375,16692300
2023-03-17,969.9496201290754,971.2457666147712,952.2356181578984,958.2843017578125,20165600
2023-03-20,948.3469793120689,961.3084414438968,935.8175659179688,935.8175659179688,10983000
2023-03-22,961.7406771693448,966.0611653866375,954.8278960216767,956.5560913085938,9838300
2023-03-23,950.0752638622446,950.0752638622446,939.2740444004182,947.4829711914062,9051800
2023-03-24,938.4099427949398,947.0509183271215,934.0894550288489,941.8663330078125,8864700
2023-03-27,945.3227577052346,948.7791480441934,938.4099770273169,944.026611328125,8007100
2023-03-28,953.0997241633403,955.2599683250886,943.1626010192982,948.7792358398438,9343200
2023-03-29,952.6675419161203,960.012371037469,949.211151741368,959.580322265625,18031100
2023-03-30,967.2715199883838,970.8908708583123,953.6989542261521,964.5570068359375,15481900
2023-03-31,971.795706005247,979.0344077259565,968.1763551448923,974.0578002929688,11021300
2023-04-03,983.1061394087766,988.5351654892668,979.4867886884497,986.2730712890625,8247700
2023-04-04,986.7253773537949,987.6302149304604,979.4866767404703,980.8439331054688,7240300
2023-04-05,979.0344068739149,987.1779463026259,975.4150560167101,977.2247314453125,9004300
2023-04-06,968.1763812777722,976.3199209333795,961.8425171011886,973.6054077148438,10796000
2023-04-07,973.6054216489148,986.7255690596112,972.700583896453,984.9158935546875,6433800
2023-04-10,988.0828276699029,991.7021786870088,976.3199368643088,978.58203125,6363100
2023-04-11,984.463476652797,985.8207332842118,971.7957480929265,978.58203125,6182100
2023-04-12,983.1062180497639,987.630406812073,977.224772658762,984.9158935546875,5963100
2023-04-13,984.9157548870957,987.6302677623013,979.9391479492188,979.9391479492188,5806500
2023-04-14,977.6770015871392,983.5584458354654,974.9624888571425,980.8439331054688,6224600
2023-04-17,986.7254886818454,993.5117712725046,984.4633944849589,992.60693359375,5297000
2023-04-18,1005.7270165023632,1010.7036234216282,998.9407343397291,1002.107666015625,6442800
2023-04-19,1010.7037175621473,1015.680324944951,1007.08436673829,1012.0609741210938,8329600
2023-04-20,1004.8222471311561,1012.5133674378782,995.7738702997184,1009.346435546875,8186300
2023-04-21,1012.0609222740255,1012.0609222740255,1004.8222209971437,1009.798828125,7977800
2023-04-24,1012.5133681811874,1014.7754623907075,1005.7270855526272,1006.1795043945312,4753500
2023-04-25,1008.8940328960435,1019.752085268019,1007.5367763495467,1014.3230590820312,7379600
2023-04-26,1011.6084172005679,1011.6084172005679,997.1310158810608,1000.7503662109375,7158200
2023-04-27,996.2262396364796,999.3931713701105,990.797213807398,997.58349609375,5606100
2023-04-28,1003.4650419777748,1022.0142154318276,999.3932721951779,1011.6085815429688,8153300
2023-05-01,1016.5850739013238,1021.1092620361761,1011.6084669529862,1018.84716796875,4673500
2023-05-02,1022.4665441926968,1024.276219492153,1012.0609112208242,1021.5617065429688,4944500
2023-05-08,1022.0140733579186,1025.1810049708029,1015.2277913303095,1019.299560546875,7407200
2023-05-09,1024.2761745352318,1032.8721318303596,1022.4664993152048,1029.7052001953125,7101700
2023-05-10,1028.3479097578072,1032.8720976581935,1020.2043715371119,1022.9188842773438,6538400
2023-05-11,1015.2279663085938,1018.3948984673104,1010.2513586306105,1015.2279663085938,9018700
2023-05-12,1013.4182570019007,1015.2279324608327,1003.4650419777748,1011.6085815429688,9474100
2023-05-15,1022.4666894874205,1031.515067270495,1021.1094328199592,1030.6102294921875,7019300
2023-05-16,1003.4650118628632,1003.4650118628632,956.4134513426928,959.5803833007812,30125200
2023-05-17,963.1997177919504,968.1763250703494,953.6989220786434,954.603759765625,11283600
2023-05-18,957.3182571440308,957.7706759801102,938.3166660286956,946.460205078125,13540600
2023-05-19,948.2698825484367,948.7223013855305,935.6021551098127,936.9594116210938,9654500
2023-05-22,941.9360452403192,955.5086107336956,931.5304116953973,936.5070190429688,11050000
2023-05-23,936.0545242204751,938.3166182857734,918.4101905111476,922.029541015625,12440500
2023-05-24,921.1248168945312,927.0062621890445,916.6006282064442,921.1248168945312,8912300
2023-05-25,915.695715358947,916.1481341906461,902.6660309152502,904.5662231445312,15591300
2023-05-26,900.3134582519532,910.7190911865234,898.9562017822266,904.837646484375,10020400
2023-05-29,906.1949631729922,907.5522197329118,900.7659369333138,903.8424072265625,9159800
2023-05-30,903.2993962328238,903.5708364768179,890.8126479669367,895.6082763671875,34374800
2023-05-31,892.1699396058833,897.5989656075418,889.9078454385256,890.8126831054688,28327500
2023-06-01,891.0841733407331,899.9515719287625,885.3837067646364,897.3275756835938,12426300
2023-06-02,899.4086024953359,912.5287481051773,899.0466453532675,909.36181640625,9314400
2023-06-05,926.5538280475719,926.5538280475719,911.1715867616258,912.9812622070312,9279900
2023-06-06,907.5522694112282,916.6006469726562,900.6755245553085,916.6006469726562,9887200
2023-06-07,921.5771524553587,923.386827767004,903.9328181668172,904.6566772460938,13128500
2023-06-08,909.3618347167969,913.8860229492188,902.5755523681642,904.837646484375,11626100
2023-06-09,906.6473636201661,915.243321658481,904.7472265656182,912.52880859375,13283900
2023-06-12,912.5288186698781,913.8860752172304,904.8376982348816,907.0997924804688,8187000
2023-06-13,906.6473821118273,912.5288272053671,904.8377066984305,908.004638671875,9426300
2023-06-14,909.36180731913,913.4335766056336,908.0045508902954,911.6239013671875,10593500
2023-06-15,907.5522694112282,924.29176789987,904.4757989495772,916.6006469726562,12703200
2023-06-16,913.4335857334422,921.5771243878265,909.36181640625,909.36181640625,21371800
2023-06-19,919.7675509417775,930.1731848186397,917.957875484932,923.3869018554688,11165300
2023-06-20,936.9594065498344,937.4118253844795,917.9578154947436,920.2199096679688,14676100
2023-06-21,911.6239846538136,927.0062255859375,907.5522149953102,927.0062255859375,13202700
2023-06-22,929.268354670827,932.8877056140434,922.0296527843941,927.4586791992188,10798200
2023-06-23,927.9109505460025,931.5303009138074,918.86257462649,921.5770874023438,12393700
2023-06-26,932.8877037698908,934.244960370914,921.1248132276904,933.7925415039062,14743100
2023-06-27,937.4118133825441,940.5787451845122,928.8158556343451,935.1497192382812,8378500
2023-06-28,934.2448201634729,938.3165893554688,930.1730509714772,938.3165893554688,9816200
2023-06-29,933.7925415039062,939.6739867750064,931.07802830186,933.7925415039062,8603300
2023-06-30,928.8158809884527,941.4836085421189,927.911043306048,937.8642578125,12520400
2023-07-03,939.22143507805,942.3883666992188,933.7924094417607,942.3883666992188,10422100
2023-07-04,942.840895788881,954.1513671875,942.3884769329362,954.1513671875,8608000
2023-07-05,954.1513218200425,964.1045361775773,952.7940653167424,962.2948608398438,10214400
2023-07-06,956.413488752101,959.12800196521,947.3651113750707,950.5320434570312,12528900
2023-07-07,943.2933086859757,950.9844291884513,932.4352562118926,943.7457275390625,12418700
2023-07-10,950.5319143080504,951.8891707301943,939.6738629309,940.1262817382812,10331000
2023-07-11,941.9360444422921,946.9126517856472,938.3166936471248,939.6739501953125,7288400
2023-07-12,944.1980423826243,944.1980423826243,932.4351534981258,939.221435546875,8911600
2023-07-13,936.9593074970718,938.7689826443379,930.1730256948235,932.4351196289062,7072300
2023-07-14,924.2917386889458,930.1731839179993,920.672387778759,926.5538330078125,10219900
2023-07-18,919.7674640053983,928.8158404343743,918.8626263625008,923.8392333984375,9319900
2023-07-19,927.4586520922543,933.7925160577623,925.6489766735377,931.0780029296875,7136200
2023-07-20,936.5070308677838,936.5070308677838,922.4820463475417,924.744140625,8081000
2023-07-21,930.1731497970281,931.0779874913833,921.5771917006549,922.9344482421875,8664100
2023-07-24,921.577223739846,935.602208489937,921.577223739846,932.8876953125,7456100
2023-07-25,935.6022433245349,936.5070810840365,931.5304734067782,933.3401489257812,5877600
2023-07-26,931.9827270507812,932.8875646498597,928.3633766544675,931.9827270507812,5598900
2023-07-27,935.1497617013534,941.0312067435003,933.3400863037698,939.6739501953125,7877200
2023-07-28,936.9594151014207,962.7472889115517,933.7924832300013,960.0327758789062,18297600
2023-07-31,961.389965685201,962.7472221073448,939.2214441235187,940.1262817382812,16361600
2023-08-01,941.0312160653957,941.936053773151,934.2449332572319,937.411865234375,9403300
2023-08-02,936.5070128708743,936.5070128708743,924.2917040073412,926.1013793945312,12723900
2023-08-03,927.4587000463698,929.2683755586554,916.1482280945849,916.6006469726562,12059600
2023-08-04,912.5287803661128,925.1965076096682,912.5287803661128,922.4819946289062,10068500
2023-08-07,918.4102154103563,930.173104868814,918.4102154103563,927.9110107421875,6749300
2023-08-08,930.1731643935382,936.5070283534163,929.2683266849841,934.2449340820312,7113900
2023-08-09,937.4117968370015,937.4117968370015,930.173095703125,930.173095703125,7969700
2023-08-10,932.8875808201809,941.0311193530438,931.0779055906559,940.1262817382812,8116400
2023-08-14,932.4352062651658,943.2932581576276,927.0061803189349,935.1497192382812,10005400
2023-08-15,966.3665318788197,981.2963518938014,966.3665318788197,980.8439331054688,29329800
2023-08-16,975.8673894293955,975.8673894293955,965.4617566260223,968.17626953125,14548600
2023-08-17,965.914165290101,976.772216796875,960.0327207239318,976.772216796875,11904400
2023-08-18,969.9860297309028,981.7489200168186,969.5336108737522,977.2247314453125,11601800
2023-08-21,976.7722607818391,980.3916114470799,974.9625854492188,974.9625854492188,8659100
2023-08-22,976.3199442657976,984.9159029965901,973.6054309823895,982.65380859375,9079500
2023-08-23,981.7488374255952,997.58349609375,976.7722304156038,997.58349609375,10018500
2023-08-24,993.5119007195443,1001.6554408893767,991.2498062279243,996.6788330078125,9109800
2023-08-25,994.8689300660774,1006.6318187344348,992.1544172964565,1004.8221435546875,9005200
2023-08-28,1010.7036664435569,1011.608504103757,1005.2746404823561,1006.6318969726562,9303100
2023-08-29,1009.798879856183,1017.4900003568797,1007.9892044442544,1012.0609741210938,8317300
2023-08-30,1013.4182036469933,1021.5617427834425,1012.5133659651657,1015.6802978515625,10210400
2023-08-31,1015.2279239610145,1015.2279239610145,1009.346478768727,1010.7037353515625,17964200
2023-09-01,1009.7988698101934,1019.7520844767813,1008.4416132647497,1017.489990234375,9959900
2023-09-04,1022.4664885536216,1047.8019413673396,1021.5616509531317,1044.635009765625,13186900
2023-09-05,1049.1592149944777,1051.8737278405176,1037.848744802644,1046.4447021484375,10267100
2023-09-06,1049.6117359662494,1058.2076941487317,1047.802060559411,1057.3028564453125,11726500
2023-09-07,1058.6601282593551,1070.8754374315783,1055.4931962517417,1065.4464111328125,13328500
2023-09-08,1064.9939753030624,1070.8754203663334,1061.8270433459165,1063.63671875,14483000
2023-09-11,1073.1374565431715,1091.6866284311436,1073.1374565431715,1089.876953125,13146200
2023-09-12,1094.8535498127317,1100.7349945018084,1086.7100110124716,1098.472900390625,16358300
2023-09-13,1094.8534013548663,1119.28401444295,1090.3292137459619,1111.5928955078125,16249200
2023-09-14,1120.1890094130324,1122.9035223599137,1112.0454705723885,1115.21240234375,19011800
2023-09-15,1118.379315814394,1135.1188120462436,1112.0454523753156,1119.736572265625,24140600
2023-09-19,1126.52289266368,1147.3341589538525,1124.7132173341,1146.4293212890625,18944300
2023-09-20,1149.1438091903015,1153.6679974154601,1136.4760821598572,1140.5478515625,15522000
2023-09-21,1135.5713246500911,1148.6914714289169,1127.8802041245726,1132.8568115234375,16345100
2023-09-22,1125.6179633398986,1133.3090828643271,1114.307493451033,1126.9752197265625,15064900
2023-09-25,1129.6897597798238,1129.6897597798238,1116.5696143919124,1120.18896484375,9343500
2023-09-26,1124.7131679601837,1136.4760570860747,1123.8083303351152,1134.6663818359375,12403800
2023-09-27,1137.3809118574593,1139.6430059542322,1121.5462531800483,1136.47607421875,12850300
2023-09-28,1136.4760332287187,1144.323349461411,1121.7046144377687,1127.243896484375,16154600
2023-09-29,1118.4733308732386,1121.242971808129,1098.624237506524,1105.54833984375,16108700
2023-10-02,1108.779662986774,1147.093031857674,1108.779662986774,1136.47607421875,15291800
2023-10-03,1134.1679783369366,1134.1679783369366,1113.3956710413881,1122.6278076171875,11322100
2023-10-04,1107.8564760220127,1116.1653995921777,1098.16273185682,1100.932373046875,13753000
2023-10-05,1105.0867307330948,1132.783140024651,1103.701910268517,1132.321533203125,10581400
2023-10-06,1130.9368479778489,1150.3243368003264,1126.782386087318,1149.401123046875,11219000
2023-10-10,1154.0170923517137,1169.2501179707563,1153.555485514773,1168.326904296875,13681300
2023-10-11,1158.6330691581688,1166.480384766013,1149.4009331489406,1161.4027099609375,12941000
2023-10-12,1165.0956662993192,1166.9420936627096,1155.4019226415198,1156.7867431640625,9935200
2023-10-13,1152.6323363623808,1163.7109010691076,1149.401088322919,1155.4019775390625,9729000
2023-10-16,1152.6322734293035,1156.3251281299179,1147.5545982159585,1154.9403076171875,7820100
2023-10-17,1161.4029857279943,1173.4047653897303,1159.0949511776603,1168.7886962890625,12603500
2023-10-18,1172.4814972613626,1187.7145245879865,1171.0966765953058,1184.4832763671875,15007300
2023-10-19,1175.7127135512408,1183.560030445772,1171.5582516659008,1177.0975341796875,8186700
2023-10-20,1183.5599833560445,1201.5626508095881,1180.3287353515625,1180.3287353515625,13199800
2023-10-23,1179.8671567331535,1196.9466108799168,1177.5591223889962,1186.791259765625,8531700
2023-10-24,1184.4832883274203,1190.4841779409264,1177.559184927221,1187.2529296875,10434000
2023-10-25,1195.561628162701,1211.717866381116,1191.8687737127775,1205.25537109375,11284400
2023-10-26,1208.4869467213732,1210.3333744474562,1188.1762417344594,1196.0235595703125,10133300
2023-10-27,1197.4081505437239,1213.102783203125,1195.5617231720296,1213.102783203125,11203900
2023-10-30,1198.331527494392,1218.6422313502292,1197.8699205885775,1208.948486328125,19109700
2023-10-31,1218.6421462120502,1238.0296349017874,1212.1796499821378,1231.567138671875,17509100
2023-11-01,1244.9536297077173,1248.646484375,1238.4911340399722,1248.646484375,13603900
2023-11-02,1250.492840169271,1258.3401558883102,1239.8758836082177,1246.33837890625,12258600
2023-11-06,1250.4930245731653,1250.9546314482384,1232.0287495702394,1232.4903564453125,13087300
2023-11-07,1232.4903118214218,1238.952807838463,1222.3349609375,1222.3349609375,10623800
2023-11-08,1220.4886541019446,1221.4118679098885,1161.8645772975017,1179.4056396484375,20318900
2023-11-09,1174.7895435671414,1191.4073917276196,1159.556516086703,1187.2529296875,10153500
2023-11-10,1188.1760698738744,1202.0242758164604,1187.7144630091216,1198.3314208984375,7235600
2023-11-13,1199.7161481250748,1209.8714983593002,1193.2536525214769,1204.7938232421875,6507900
2023-11-14,1221.4117186943872,1226.0277871701785,1207.101906419434,1215.8724365234375,8820000
2023-11-15,1211.2563884723297,1212.1796021830557,1185.8680114273686,1192.7921142578125,13809500
2023-11-16,1190.945784834273,1206.1788123147114,1184.944895220767,1187.2529296875,8415800
2023-11-17,1184.483112232105,1235.2598629513302,1183.5598985826646,1229.7205810546875,15294800
2023-11-20,1219.565279004055,1230.6438432342204,1213.102783203125,1213.102783203125,7702400
2023-11-21,1204.7939251239484,1214.02606248122,1198.7930358417218,1200.1778564453125,7847400
2023-11-22,1199.2545878366009,1213.5644000856134,1196.9465536028893,1201.5626220703125,5237400
2023-11-24,1200.6393781389509,1208.4866943359375,1196.0233097877822,1208.4866943359375,6454900
2023-11-27,1213.102889245885,1216.334137428808,1202.0243240472926,1209.4100341796875,5185200
2023-11-28,1210.3330709186166,1214.949139076201,1206.1786095767907,1210.794677734375,7017900
2023-11-29,1208.4867962796263,1221.4117887532052,1198.3314450503858,1203.8707275390625,7571500
2023-11-30,1195.561745213384,1204.332275390625,1183.098360224673,1204.332275390625,24553900
2023-12-01,1209.409950756396,1220.026908339372,1204.332275390625,1204.332275390625,6842100
2023-12-04,1199.254708914512,1206.1788123147114,1182.1752538606872,1187.2529296875,7725700
2023-12-05,1189.0993251173709,1197.4082489730047,1178.943973738263,1179.8671875,6313500
2023-12-06,1179.8671687418146,1193.2537680741748,1179.8671687418146,1189.5609130859375,5838900
2023-12-07,1181.713479061652,1193.7152565833717,1178.0206244395843,1190.4840087890625,7073500
2023-12-08,1180.790383836243,1217.257326886698,1178.9439563400176,1203.8707275390625,12168600
2023-12-11,1209.4098104682798,1227.4124755859375,1208.9482036703912,1227.4124755859375,8840400
2023-12-12,1222.33477167252,1224.642805606947,1207.5633544921875,1207.5633544921875,7327600
2023-12-13,1206.6402328531808,1220.9500443369025,1206.6402328531808,1214.487548828125,5569900
2023-12-14,1195.5618202738242,1199.7162821975558,1165.0957661664604,1165.557373046875,11198300
2023-12-15,1152.6323631084072,1160.4796799577634,1140.6305843976268,1147.5546875,14997500
2023-12-18,1140.1689387244269,1208.0251468185527,1131.8600152843298,1180.3287353515625,23214200
2023-12-19,1181.7136029411765,1200.1778779871324,1165.557362275965,1177.0975341796875,13140500
2023-12-20,1168.7885969520992,1184.0216236896265,1159.5564595354158,1160.01806640625,10100900
2023-12-21,1170.6350244354358,1174.327879402109,1153.0939633437376,1160.01806640625,10552700
2023-12-22,1160.4796002560543,1180.3286944529557,1160.4796002560543,1171.0965576171875,6614000
2023-12-25,1177.0974524752553,1177.559059319363,1158.6331787109375,1158.6331787109375,3211200
2023-12-26,1160.4796448852978,1160.9412517448384,1141.5537636441295,1153.5555419921875,5911800
2023-12-27,1159.0946759586304,1164.172350763706,1156.7866419563231,1161.4027099609375,4257400
2023-12-28,1158.6331827929066,1167.865319707591,1157.7099691014382,1159.556396484375,3955400
2023-12-29,1168.327002234192,1169.2502159854635,1154.940402840754,1162.7877197265625,4568600
2024-01-04,1178.9439669382743,1199.2546695793408,1173.8662912780076,1192.33056640625,8083500
2024-01-05,1200.177865942244,1221.4117820319912,1200.177865942244,1216.3341064453125,6954100
2024-01-09,1217.2572631133578,1227.4126138105491,1202.485843917443,1203.4090576171875,9248600
2024-01-10,1196.0234214318984,1202.0243108485772,1188.1761045023954,1192.33056640625,8445600
2024-01-11,1195.5618038060475,1215.8725062645287,1195.5618038060475,1203.8707275390625,8273800
2024-01-12,1214.025900412318,1214.025900412318,1202.024123450067,1205.25537109375,7478100
2024-01-15,1206.1787909986924,1226.9511008321947,1206.1787909986924,1224.64306640625,2869600
2024-01-16,1244.0303623360367,1246.3383964034506,1228.335730677623,1236.6446533203125,7301800
2024-01-17,1246.338618378269,1254.1859356050952,1231.1055908203125,1231.1055908203125,8330900
2024-01-18,1246.3385397902914,1255.1090702554825,1238.0296161916895,1241.2608642578125,8734900
2024-01-19,1252.3392849787265,1255.5705326731056,1233.875012439416,1236.6446533203125,7272700
2024-01-22,1248.646640044256,1286.0367982119396,1247.7234262623379,1284.6519775390625,12742700
2024-01-23,1292.4991181427881,1322.9651687847252,1290.6526908311555,1313.7330322265625,17146300
2024-01-24,1314.1947586192255,1338.1983158542798,1309.5786899201767,1327.1197509765625,11869500
2024-01-25,1326.658321714955,1334.5056395539093,1310.0404721736404,1311.42529296875,8523600
2024-01-26,1309.1170990077676,1309.5787058832993,1288.806396484375,1288.806396484375,8271800
2024-01-29,1288.8063474490586,1307.7322286257818,1288.3447405910897,1305.4241943359375,5489600
2024-01-30,1299.8849614971346,1301.7313889992613,1287.42157585778,1288.806396484375,7021000
2024-01-31,1289.2678419210142,1311.4249691720736,1288.8062351032838,1307.2705078125,7304100
2024-02-01,1304.9626735483623,1311.886776874583,1293.4225013379948,1297.1153564453125,6591000
2024-02-02,1291.5761008967731,1297.1153836740286,1283.7287836289943,1289.26806640625,7296800
2024-02-05,1299.423234205148,1308.1937640274919,1290.1910975500493,1303.1160888671875,7524500
2024-02-06,1303.1161892175846,1312.8099334519343,1284.1903076171875,1284.1903076171875,8501600
2024-02-07,1286.9598078323622,1307.2705078125,1285.574987379171,1307.2705078125,6977700
2024-02-08,1307.2707598730606,1319.2725394481663,1303.577904619182,1309.1171875,7989600
2024-02-09,1309.117032877604,1309.117032877604,1291.114365641276,1301.7313232421875,5411500
2024-02-13,1309.1170630862784,1334.5054405438755,1308.655456223413,1322.503662109375,9611300
2024-02-14,1320.195599371657,1329.4277364302,1304.5009663721337,1316.0411376953125,6616200
2024-02-15,1301.2697902346545,1315.117996586921,1281.4206944630723,1290.65283203125,11424300
2024-02-16,1309.1169528262296,1320.6571234258965,1295.7303549306157,1297.5767822265625,8281800
2024-02-19,1293.4225330393278,1309.1171676300978,1292.0377123401424,1304.5010986328125,7089700
2024-02-20,1306.8089822305215,1313.7330849269035,1291.5759562984808,1298.0384521484375,6127200
2024-02-21,1298.0384521484375,1307.7321959233725,1291.5759562984808,1298.0384521484375,5878700
2024-02-22,1307.2706074896967,1326.1964884597098,1304.5009663721337,1316.0411376953125,7849500
2024-02-26,1316.502664929792,1323.888374129959,1303.5776738294994,1311.8865966796875,9505600
2024-02-27,1305.4242241205839,1336.3518843101451,1305.4242241205839,1326.196533203125,9035500
2024-02-28,1332.1974305917622,1352.5081329292666,1324.8117206508516,1328.04296875,8934500
2024-02-29,1329.88942834806,1345.5840623514734,1328.0430008182466,1335.4287109375,9586900
2024-03-01,1340.9679732486234,1383.8974126675982,1340.5063663731505,1372.81884765625,11313500
2024-03-04,1366.3562413045804,1373.7419507170375,1344.6607199054874,1347.8919677734375,7098100
2024-03-05,1352.5082573766065,1357.1243265144108,1340.9680845320963,1342.3529052734375,6783400
2024-03-06,1339.5831154013088,1355.2777487313035,1335.4286536374866,1350.2000732421875,7250400
2024-03-07,1353.431340482836,1396.8223861872652,1353.431340482836,1382.5125732421875,10410400
2024-03-08,1386.667016472045,1404.2080772662985,1377.4348792119115,1392.206298828125,8709800
2024-03-11,1395.4375681552385,1403.7464918161033,1354.3545567209626,1369.1259765625,7979500
2024-03-12,1373.7420064242526,1382.9741435642006,1344.1991675764193,1374.20361328125,9045000
2024-03-13,1387.5902203211485,1400.9768192530557,1364.5098773351015,1376.050048828125,9484100
2024-03-14,1384.8206116272522,1394.514355908643,1378.3581154396584,1383.435791015625,6976200
2024-03-15,1376.973223925912,1392.6678567162173,1366.3562664501171,1381.127685546875,19728200
2024-03-18,1392.206302872867,1410.2089705824299,1390.359875415476,1393.1295166015625,8529700
2024-03-19,1382.0509415500226,1407.439318899806,1375.5884454973504,1404.669677734375,7741700
2024-03-21,1417.13310625,1447.59916,1417.13310625,1442.521484375,10248100
2024-03-22,1454.0617833490837,1468.3715977249,1446.676072703501,1457.754638671875,7454200
2024-03-25,1455.9079073728878,1456.3695141919661,1417.1329345703125,1417.1329345703125,9968300
2024-03-26,1430.0580404919888,1430.0580404919888,1403.2848428326809,1415.28662109375,6272500
2024-03-27,1422.2105961530447,1443.9061164448956,1421.7489893383245,1427.7498779296875,9482200
2024-03-28,1426.3423966030377,1444.1716765605759,1419.3045229355885,1428.6883544921875,9467000
2024-03-29,1440.4181983413146,1451.2096050389857,1424.9348756881343,1432.9111328125,3969100
2024-04-01,1435.726322089877,1436.6647053069291,1378.9541374582184,1381.769287109375,7675700
2024-04-02,1383.6459600077249,1402.882814656866,1375.6697032019836,1380.830810546875,6673000
2024-04-03,1384.1151810333508,1413.2050594143907,1383.64598944656,1395.844970703125,9299400
2024-04-04,1395.375954635661,1408.982512364119,1384.1153551362474,1400.06787109375,5874100
2024-04-05,1406.636474609375,1411.3283908022015,1384.1152768838078,1406.636474609375,8513700
2024-04-08,1416.489426568644,1424.4656836907595,1406.1672114694356,1416.9586181640625,6035100
2024-04-09,1416.9585821180842,1418.8353484520155,1396.3141524448406,1414.1434326171875,6977600
2024-04-10,1407.1056594538916,1408.5132343049625,1384.5844618367569,1386.930419921875,6310700
2024-04-11,1380.830871746991,1390.6838952966639,1364.8783574284735,1388.80712890625,6566600
2024-04-12,1385.0536319169337,1395.8450389406767,1375.2006081126465,1391.622314453125,6838900
2024-04-15,1373.793121409552,1398.6602783203125,1363.4709053333875,1398.6602783203125,4828900
2024-04-16,1383.176869478363,1383.176869478363,1331.565792259021,1337.665283203125,10697100
2024-04-17,1344.233860097033,1346.5798179680573,1319.8358982383781,1323.1202392578125,6090500
2024-04-18,1323.120371697032,1340.4804616802908,1316.0824973794945,1336.7269287109375,5463400
2024-04-19,1336.7268567681942,1346.1106886865389,1323.1203004865945,1331.0965576171875,7024600
2024-04-22,1352.6793149106893,1371.9161695452153,1349.8641654519781,1364.8782958984375,5286500
2024-04-23,1374.7312989769407,1389.7454292046752,1366.28585072384,1385.522705078125,5217800
2024-04-24,1388.8071292324232,1404.7596435546875,1380.830872071291,1404.7596435546875,6290400
2024-04-25,1404.759722777501,1413.2051720126362,1394.906698669843,1398.1910400390625,6163800
2024-04-26,1403.821303510634,1409.4516028562648,1392.0915132072362,1395.3758544921875,8094200
2024-04-30,1411.328290453342,1419.3045474140158,1399.5985008052924,1417.89697265625,8622800
2024-05-01,1415.081847920661,1415.5510395147992,1394.9066093727206,1407.1055908203125,5711800
2024-05-02,1405.6981193920171,1426.34255105198,1400.5370114770265,1421.650634765625,6661500
2024-05-07,1436.66467633471,1439.0106343300313,1410.3899467871124,1430.565185546875,6954800
2024-05-08,1414.1434573904003,1432.9111210584879,1403.35205078125,1403.35205078125,6961500
2024-05-09,1403.352175891162,1426.8117575677109,1403.352175891162,1413.2052001953125,6145100
2024-05-10,1415.0819125962093,1435.257152066248,1408.9824215936394,1424.9349365234375,6179300
2024-05-13,1416.9586790585383,1437.6031101441595,1414.612720980627,1424.9349365234375,5853700
2024-05-14,1388.8072075555788,1398.1910400390625,1378.0158001995726,1398.1910400390625,9746400
2024-05-15,1398.1910040023479,1422.1197762184954,1388.8071717607215,1411.328369140625,7878900
2024-05-16,1400.0677742950018,1449.8020853121834,1367.224361359127,1389.2763671875,26189000
2024-05-17,1384.1152087423354,1387.3995499156222,1356.9020961636725,1363.0015869140625,16279400
2024-05-20,1360.6556576451842,1384.5844295554962,1359.717274433015,1378.0157470703125,8039900
2024-05-21,1385.9919168387707,1387.8686831445782,1358.3096138281117,1364.8782958984375,9884400
2024-05-22,1361.594015583128,1369.101081141133,1350.802608843496,1356.902099609375,8180700
2024-05-23,1357.3713876400352,1369.5703700384595,1347.5183633951542,1367.693603515625,7001300
2024-05-24,1351.2717296885723,1372.8545420377648,1350.8025381157638,1367.2242431640625,6763600
2024-05-27,1367.2243689373008,1368.1627521692412,1349.8642791464015,1361.1248779296875,7761100
2024-05-28,1360.1863621333018,1371.4469598191242,1356.432829571361,1363.470703125,5928900
2024-05-29,1357.8405366178959,1372.8546683289437,1355.4945785380446,1361.1248779296875,8887400
2024-05-30,1357.8404482335923,1389.7454760428127,1348.4566165249978,1385.991943359375,33792900
2024-05-31,1385.9920709893254,1429.1577008237932,1384.1153044747834,1421.650634765625,18589000
2024-06-03,1421.6506126071233,1445.1101936732475,1421.6506126071233,1442.2950439453125,9768100
2024-06-04,1430.0959901595525,1435.2570977355876,1420.712158203125,1420.712158203125,7157700
2024-06-05,1395.8450640293026,1413.2051539012639,1393.029914320336,1396.783447265625,8818200
2024-06-06,1404.2903404605952,1414.143363230282,1400.0676164164436,1402.41357421875,5482900
2024-06-07,1402.4135484765886,1408.9822302024743,1397.25244140625,1397.25244140625,4547300
2024-06-10,1396.314148377464,1416.0201948263395,1395.375765213232,1404.2904052734375,7462300
2024-06-11,1407.574796913868,1433.380334857289,1406.6364137159255,1414.6126708984375,5919200
2024-06-12,1401.006106964635,1404.7596397361408,1385.9919758786107,1394.9066162109375,7232400
2024-06-13,1403.8212600295608,1413.2050919816302,1387.3995541134398,1388.80712890625,8999900
2024-06-14,1388.8071292324232,1408.043984738683,1388.3379376347095,1404.7596435546875,11588900
2024-06-17,1404.7596649894067,1408.5131978283898,1384.115234375,1384.115234375,6839200
2024-06-18,1405.698027072841,1426.811648974803,1404.2904522793767,1420.712158203125,7836900
2024-06-19,1420.2428955478356,1437.602983798668,1408.982297763512,1431.0343017578125,8340500
2024-06-20,1431.034345731495,1455.4323083472452,1430.5651541427308,1453.5555419921875,9181400
2024-06-21,1460.124285526184,1469.9773093038348,1453.0864113992902,1461.5318603515625,14290800
2024-06-24,1454.9633007352902,1457.778450623846,1437.6032097558625,1445.5794677734375,5549600
2024-06-25,1456.8400009470638,1480.2995822827652,1448.8637432929252,1475.607666015625,11277000
2024-06-26,1475.1384169577645,1490.1525484280726,1468.5697344395046,1477.484375,9198000
2024-06-27,1473.2615467981639,1481.7069951556057,1460.1241826865878,1478.891845703125,6704200
2024-06-28,1490.1525090615203,1514.5504720562303,1489.214125869416,1496.72119140625,9652600
2024-07-01,1520.1807861328125,1531.9105761492694,1510.7969541196471,1520.1807861328125,7663500
2024-07-02,1522.0576941754473,1561.0006006540423,1518.3041610208838,1547.39404296875,11946500
2024-07-03,1546.4556706460673,1552.085970417837,1535.1950711025281,1545.048095703125,8171800
2024-07-04,1539.8868269070795,1565.2231732364464,1537.0716773149277,1564.2847900390625,5943300
2024-07-05,1559.123729152269,1572.7302859218796,1542.2328310934422,1548.801513671875,5522800
2024-07-08,1545.0478440933575,1554.900867089398,1529.0953306711972,1541.2943115234375,7420000
2024-07-09,1538.9484076161202,1550.6781973083162,1520.1807441086066,1545.51708984375,8981600
2024-07-10,1550.2088747937294,1573.199260648721,1547.862917053424,1563.8154296875,10926900
2024-07-11,1571.7918736655304,1583.9908553715911,1565.6923828125,1565.6923828125,9629200
2024-07-12,1553.0241485963384,1558.6544476244824,1543.1711252970867,1557.716064453125,10609800
2024-07-16,1560.061991536748,1593.3745934612923,1557.246842078336,1580.7064208984375,8453400
2024-07-17,1571.7918664136425,1575.5453992289586,1557.2469267542924,1561.9388427734375,9331700
2024-07-18,1557.7160389987534,1566.1614874029635,1548.33220743852,1552.554931640625,6937800
2024-07-19,1540.8251684989275,1542.232743256996,1501.413075273011,1503.759033203125,9742300
2024-07-22,1503.7592390095235,1510.7971137630782,1488.74510620194,1491.091064453125,6298800
2024-07-23,1496.7212525760567,1501.8823603435603,1488.7449951171875,1488.7449951171875,4012800
2024-07-24,1474.20010279688,1479.8304023619858,1457.3092041015625,1457.3092041015625,8019600
2024-07-25,1435.7263471005865,1454.494011768568,1431.034430933591,1434.7879638671875,6799700
2024-07-26,1434.7878697494416,1437.6030192649735,1417.89697265625,1417.89697265625,10717100
2024-07-29,1437.603095356028,1465.7545920013808,1436.1955205237603,1465.285400390625,5731700
2024-07-30,1440.4181194678433,1456.3706328430574,1436.6645869089696,1439.479736328125,7256300
2024-07-31,1455.4321992260561,1511.2659941028776,1451.6786667973622,1505.16650390625,11081700
2024-08-01,1492.4984992074951,1499.5363732999542,1467.6313440808062,1473.7308349609375,9877400
2024-08-02,1419.7736665541943,1431.9726471656977,1394.9065137692069,1412.2666015625,12124700
2024-08-05,1290.2768426722748,1315.6131879465668,1111.9840425939242,1136.8511962890625,24810800
2024-08-06,1210.9834169747617,1322.6510083114501,1210.5142254145235,1288.4000244140625,19407500
2024-08-07,1248.5188843703243,1341.8880155201532,1241.0118185492327,1293.561279296875,16831700
2024-08-08,1276.2010528260066,1312.3288032185076,1269.163179372922,1270.1015625,10282200
2024-08-09,1298.25322488142,1304.8219076238631,1259.310320051222,1276.67041015625,12201600
2024-08-13,1279.9548051883014,1310.452262056791,1257.433606270032,1280.8931884765625,13684800
2024-08-14,1304.3526256593884,1335.7884623209636,1301.0682845156418,1317.489990234375,9973500
2024-08-15,1325.4663652463469,1345.6416054961144,1324.9971736126313,1339.5421142578125,6189100
2024-08-16,1370.0394064550242,1376.1388969632144,1353.148509663113,1358.77880859375,8116800
2024-08-19,1358.7789712401488,1370.0395704493214,1339.5421142578125,1339.5421142578125,5018600
2024-08-20,1346.1106200228253,1347.518194738778,1328.7505318594078,1335.3192138671875,6359500
2024-08-21,1324.9970845815885,1331.565767012234,1314.2056777312428,1316.5516357421875,4390800
2024-08-22,1312.7980416052742,1314.2056163460945,1303.414209999804,1308.5753173828125,4149100
2024-08-23,1313.736397262168,1325.4661865234375,1307.1677152758573,1325.4661865234375,4377900
2024-08-26,1325.9355004261745,1337.1960991559085,1301.537536511751,1309.5137939453125,5297300
2024-08-27,1315.6132776099907,1331.5657923884285,1313.7365111654685,1321.7127685546875,4371000
2024-08-28,1314.6749331961203,1336.7269395702165,1312.798166696197,1334.3809814453125,3618400
2024-08-29,1343.295568094136,1352.679400214947,1328.7506283068783,1330.158203125,5360400
2024-08-30,1328.7505710087178,1335.319253210032,1317.95916453513,1332.034912109375,17631200
2024-09-02,1333.91168974766,1353.148544928685,1333.91168974766,1345.6414794921875,4340800
2024-09-03,1346.1107462186396,1367.2243689373008,1345.6415546026694,1361.1248779296875,4753300
2024-09-04,1334.3808445262773,1358.7788065218351,1326.873779296875,1326.873779296875,8256600
2024-09-05,1313.736475724956,1357.8404859814366,1307.1677933463313,1334.85009765625,5537900
2024-09-06,1325.9354893348736,1360.1864768513087,1324.058722895617,1343.7647705078125,5983000
2024-09-09,1309.0445309722716,1324.527853381621,1292.622825386598,1319.8359375,6710900
2024-09-10,1319.836081432352,1338.1345553661813,1314.2057817604045,1315.1441650390625,5992600
2024-09-11,1303.4142703445705,1305.291036752554,1266.3481337868955,1268.694091796875,7757700
2024-09-12,1292.1538306589377,1304.3528138096758,1277.1396975503371,1287.4619140625,6201200
2024-09-13,1287.4617704503676,1296.8456025965072,1275.262788660386,1276.201171875,6310000
2024-09-17,1290.2769529444895,1302.4759350450554,1249.9264736887708,1269.163330078125,6068700
2024-09-18,1284.177515021578,1295.4381143494984,1279.954790273608,1289.338623046875,5481400
2024-09-19,1310.4521771727902,1325.4663088124357,1303.4143029667066,1309.5137939453125,5892300
2024-09-20,1331.5657743818304,1350.3334385732587,1325.935475124402,1336.2576904296875,20829700
2024-09-24,1337.196037096855,1340.011186648638,1305.291008843316,1317.489990234375,8144500
2024-09-25,1332.5040814414965,1336.7268056432476,1316.5515677904361,1320.7742919921875,4962400
2024-09-26,1341.887939453125,1341.887939453125,1325.466233900377,1341.887939453125,8713700
2024-09-27,1343.798102484809,1355.2590671115452,1330.4269770869503,1340.932861328125,8120000
2024-09-30,1314.1906970625917,1332.8147658073012,1296.999248990552,1304.639892578125,10440900
2024-10-01,1308.9377143178815,1328.516862908554,1306.5500132702384,1321.353759765625,5783500
2024-10-02,1297.95422026814,1316.5782874463805,1296.5215997159678,1299.3868408203125,6238800
2024-10-03,1318.0109034547017,1330.426948197391,1299.864376523079,1301.2969970703125,7062000
2024-10-04,1304.639861518553,1327.56179173557,1304.639861518553,1317.533447265625,7418800
2024-10-07,1337.1126336566472,1358.6019438404148,1330.90461071467,1352.3939208984375,7576400
2024-10-08,1350.0061227167205,1361.9446275161254,1335.2023767654582,1341.887939453125,6759100
2024-10-09,1349.0510732888577,1355.736636129935,1324.2189827362838,1328.994384765625,5886400
2024-10-10,1341.8879507882255,1347.140892944336,1335.679928240095,1337.112548828125,4684600
2024-10-11,1346.1858263056795,1358.6018715287896,1330.4269996763474,1331.382080078125,6227500
2024-10-15,1341.410448565826,1350.961252756398,1321.353759765625,1321.353759765625,6451100
2024-10-16,1313.235547959292,1344.753201110315,1306.0724449704232,1333.292236328125,6214800
2024-10-17,1337.1124975294274,1360.9895064138814,1336.1574171740492,1359.079345703125,8092700
2024-10-18,1370.5404260750406,1370.5404260750406,1354.7815988762684,1361.9447021484375,5676700
2024-10-21,1364.3324383384872,1364.8099785689174,1345.2308291212876,1347.6185302734375,3346000
2024-10-22,1342.8430345990123,1348.573516965722,1330.9045296683669,1335.679931640625,6013200
2024-10-23,1335.2023047228188,1337.1124653876582,1317.5333185730533,1320.3985595703125,5087000
2024-10-24,1308.4601958384508,1318.9660806225552,1297.9543110543464,1312.280517578125,3780100
2024-10-25,1304.6398856230599,1311.802988948223,1295.0890811895088,1307.505126953125,4023400
2024-10-28,1302.7297109375,1319.9211587357954,1296.9992283380682,1313.235595703125,4280300
2024-10-29,1316.5784359658496,1340.932988100147,1316.5784359658496,1339.0228271484375,4862700
2024-10-30,1342.843091145377,1365.765021577446,1342.843091145377,1362.8997802734375,18716300
2024-10-31,1354.3039561976411,1369.585242022156,1347.6183936494158,1353.826416015625,8630400
2024-11-01,1337.1125319160744,1353.8264385650255,1337.1125319160744,1344.275634765625,4095600
2024-11-05,1346.6634591759396,1354.304102915945,1336.1575740334322,1343.7982177734375,4431500
2024-11-06,1351.438791185462,1381.0462841372282,1347.1409293053669,1372.9281005859375,6848500
2024-11-07,1391.0745968840843,1441.2163176780523,1391.0745968840843,1437.39599609375,9465100
2024-11-08,1432.6206341911766,1435.4858754595589,1413.041485523897,1420.68212890625,4167600
2024-11-11,1413.519025735294,1420.68212890625,1408.2660834099265,1420.68212890625,2497200
2024-11-12,1432.6206994435142,1451.24476853628,1430.232998277775,1444.0816650390625,6713100
2024-11-13,1444.0815795245655,1448.3794413683886,1426.890132149273,1428.80029296875,5648200
2024-11-14,1435.0084287516277,1448.8570957845052,1430.7105665690106,1432.6207275390625,5705700
2024-11-15,1434.5306841274987,1439.7836260467404,1409.2210548802425,1415.4290771484375,8356100
2024-11-18,1413.5190291680685,1438.3511202210211,1409.2211672550575,1419.24951171875,4635400
2024-11-19,1419.2494934163738,1426.89013671875,1411.6088501139975,1426.89013671875,4455900
2024-11-20,1422.1146609554064,1423.0697413187074,1400.14781259948,1406.3558349609375,5923000
2024-11-21,1408.743660473475,1421.6372465184866,1403.968258234582,1405.40087890625,3576400
2024-11-22,1401.102910899758,1404.9232324018703,1391.5521071444766,1398.7152099609375,4268700
2024-11-25,1407.7885823540037,1415.4292259488693,1400.147938759138,1404.44580078125,6928900
2024-11-26,1405.8783218503936,1407.7884826137774,1386.299174025711,1394.8948974609375,4038400
2024-11-27,1407.3110667607555,1408.7436874598673,1389.6420781383774,1394.41748046875,4386200
2024-11-28,1402.0580777554899,1414.9516636204075,1394.4174342799831,1413.51904296875,3297300
2024-11-29,1414.4740789247458,1433.5756870128585,1413.0414583181373,1432.14306640625,4355500
2024-12-02,1437.3960265125659,1475.5992431640625,1435.4858656799909,1475.5992431640625,5141000
2024-12-03,1470.3462781899996,1487.5377254179436,1467.4810369853421,1485.1500244140625,5990200
2024-12-04,1482.2847216541231,1486.5825832826306,1459.36279296875,1459.36279296875,5475900
2024-12-05,1460.7954045786248,1469.8686679611008,1457.4526233324493,1463.18310546875,4506700
2024-12-06,1463.1833472205235,1467.958749789781,1456.020243366637,1464.138427734375,2796900
2024-12-09,1463.6607550892404,1474.6441800050814,1456.9751920969893,1468.4361572265625,3840500
2024-12-10,1472.2564870344459,1475.599268548958,1460.7955218418326,1465.0933837890625,3669300
2024-12-11,1465.57079744339,1473.6889804204307,1454.5873734156291,1467.00341796875,4541500
2024-12-12,1472.73399848827,1488.4928253203427,1471.778918074205,1477.0318603515625,5980400
2024-12-13,1459.3629092565748,1473.6891158265018,1458.4078288185797,1461.7506103515625,4991200
2024-12-16,1466.5260406082148,1470.8239026614463,1450.2896728515625,1450.2896728515625,3755600
2024-12-17,1451.7223348496836,1461.273139684221,1433.5758056640625,1433.5758056640625,4306700
2024-12-18,1419.727040465449,1435.4858673525528,1417.3393394219484,1424.02490234375,3600600
2024-12-19,1418.2944073280362,1431.1879928492003,1413.5190052831608,1429.27783203125,4042000
2024-12-20,1434.053232930705,1444.0815772169337,1424.5024288485824,1429.75537109375,8857300
2024-12-23,1435.4859478383605,1443.6041318414384,1425.457602893382,1441.2164306640625,6132400
2024-12-24,1441.6939897734194,1446.469392190688,1431.1881044554282,1433.5758056640625,2149100
2024-12-25,1432.142965350055,1435.9632866981046,1409.6985774302643,1423.0697021484375,2627300
2024-12-26,1424.0248966223426,1429.7553791037203,1416.384253313839,1426.41259765625,4542700
2024-12-27,1427.845196650969,1438.351081041043,1425.9350358527736,1435.48583984375,3470200
2024-12-30,1442.1714314355502,1449.8120747809041,1423.0698230721653,1423.54736328125,2812300
2025-01-06,1428.322844306233,1445.514292783339,1424.5025224224316,1441.2164306640625,5347300
2025-01-07,1451.7222226423846,1480.8521751361957,1441.6938783412365,1479.8970947265625,6254100
2025-01-08,1462.2280970196618,1485.6275668935887,1462.2280970196618,1484.1949462890625,5647300
2025-01-09,1484.194991274896,1487.0602325707935,1464.6158424195967,1465.5709228515625,4945100
2025-01-10,1464.615889137749,1467.958670756257,1431.6656131838838,1446.4693603515625,6892500
2025-01-14,1446.4693510264678,1458.4078567298886,1439.7837878325522,1450.2896728515625,5509900
2025-01-15,1464.6158149687171,1477.0318603515625,1460.795493312457,1477.0318603515625,4115400
2025-01-16,1478.464387787333,1495.655834156953,1464.61572265625,1464.61572265625,4981500
2025-01-17,1455.542479347737,1461.2729615498934,1438.3510327412675,1456.02001953125,5930800
2025-01-20,1469.86878942891,1474.1666513863045,1460.7955252966328,1463.6607666015625,2808400
2025-01-21,1471.778793137819,1480.3745161347304,1462.2279898079175,1478.46435546875,3693600
2025-01-22,1478.4645028744103,1484.1949854436912,1467.9586181640625,1467.9586181640625,4317300
2025-01-23,1471.3013767274488,1482.2848014806884,1467.4810550741481,1477.5093994140625,4085900
2025-01-24,1488.015233970433,1502.3414396890187,1486.105073207955,1498.5211181640625,4369000
2025-01-27,1513.3249270639449,1530.516374641825,1509.9821455904682,1523.353271484375,5549700
2025-01-28,1523.353264609326,1532.4265285678143,1522.8757244009846,1526.218505859375,3614600
2025-01-29,1531.9489418008573,1548.185308391016,1526.6959996687472,1545.797607421875,3786500
2025-01-30,1548.1852847497985,1555.825927734375,1542.9323426979022,1555.825927734375,3481200
2025-01-31,1545.7975905302264,1556.3034746796443,1537.6794073238584,1552.960693359375,3854800
2025-02-03,1534.814197625475,1545.320081990055,1524.308313260895,1539.589599609375,4561900
2025-02-04,1550.0954544771635,1559.1687180739182,1540.5446506911057,1552.005615234375,3477800
2025-02-05,1556.7811407416225,1574.927669376034,1547.7078764244168,1551.5281982421875,4597900
2025-02-06,1546.7527994566028,1558.6913051640481,1546.275259228305,1550.0955810546875,3638500
2025-02-07,1559.646252610167,1562.989033923171,1546.275127358151,1554.393310546875,3087700
2025-02-10,1547.2302043767265,1558.691168853591,1545.3200436305824,1555.825927734375,2800500
2025-02-12,1557.2585663839595,1563.9441290731272,1541.022199853124,1548.185302734375,4721600
2025-02-13,1552.0055806335245,1570.6296476011269,1549.6178797402422,1566.809326171875,4341900
2025-02-14,1566.3317770884007,1573.4948797275244,1562.0339155049264,1570.629638671875,3386900
2025-02-17,1543.4099719929245,1545.7976730634582,1497.5661114386792,1518.577880859375,7898900
2025-02-18,1535.769276889535,1549.6179426326307,1531.4714151071948,1540.067138671875,4402800
2025-02-19,1536.2468444767014,1540.5447063356664,1523.8307991063582,1528.606201171875,4577100
2025-02-20,1525.2634415449697,1529.561303465416,1512.8473959970145,1519.532958984375,3470600
2025-02-21,1519.532954386623,1529.0837586253824,1514.7575522672435,1521.443115234375,2828500
2025-02-25,1503.7741093060733,1531.4714412653468,1502.3414886874903,1529.083740234375,3749500
2025-02-26,1537.2020228437427,1538.6346435546875,1483.239976064823,1538.6346435546875,7947000
2025-02-27,1539.5897099784515,1551.0506755614176,1531.9490662564742,1544.3651123046875,5160400
2025-02-28,1530.9937910547976,1539.5895141486799,1521.4429876171507,1523.8306884765625,7530400
2025-03-03,1532.9039163852824,1542.932259763504,1524.7857336505317,1539.1119384765625,5405500
2025-03-04,1539.5897111453178,1560.6014813966806,1534.3367685824771,1543.8875732421875,7949900
2025-03-05,1533.8592754475121,1537.6795974287015,1518.577987522755,1524.7860107421875,7441600
2025-03-06,1529.0838540500106,1538.157118643062,1521.443210182178,1532.4266357421875,5104100
2025-03-07,1528.12867704738,1534.8142400094623,1513.802470700061,1521.920654296875,6685700
2025-03-10,1519.5329037928022,1524.308305753182,1482.762308697879,1491.3580322265625,8079400
2025-03-11,1470.8239568608642,1485.6277044786198,1456.0202092431089,1477.987060546875,7453800
2025-03-12,1475.121562229693,1492.7905482453934,1470.8237007664145,1483.71728515625,7273000
2025-03-13,1485.150090822168,1530.9939521465822,1485.150090822168,1508.072021484375,7442100
2025-03-14,1499.9537603213796,1506.1617828887713,1487.060174989104,1489.4478759765625,6682900
2025-03-17,1488.9704484442457,1506.6394370883884,1482.284885173489,1493.268310546875,6281800
2025-03-18,1502.3415135797466,1530.516386212043,1500.4313527233196,1518.577880859375,5365000
2025-03-19,1504.7291014316966,1524.7857889150769,1503.7740210753452,1515.2349853515625,4008200
2025-03-21,1507.5945618268356,1529.561413218674,1505.684400836241,1524.7860107421875,8091700
2025-03-24,1524.7859071149817,1527.1736081909526,1512.3698615199332,1517.145263671875,3346000
2025-03-25,1528.1286666927408,1544.3650337763513,1525.263425442692,1526.218505859375,5070900
2025-03-26,1535.7694080033805,1541.0223506302577,1524.308442272012,1536.2469482421875,5561700
2025-03-27,1542.4548238087084,1549.1403865125233,1536.724341491153,1546.752685546875,6194500
2025-03-28,1553.5431395329135,1561.303579817811,1526.3815985357724,1537.5372314453125,5445200
2025-03-31,1467.6932142478702,1489.0344242369338,1447.807086758061,1448.2921142578125,7707100
2025-04-01,1472.5436241774264,1480.3040648845538,1454.1125774979987,1457.9927978515625,4912100
2025-04-02,1458.4777272782721,1460.4178373245354,1429.8611040958917,1436.6514892578125,4639200
2025-04-03,1364.86747132851,1399.7894535373416,1363.8974162671534,1378.4482421875,6697200
2025-04-04,1337.705986970317,1347.8915655513092,1296.4786450948723,1320.2449951171875,8445500
2025-04-07,1164.0659504673379,1203.3531762956104,1155.3354558388328,1180.556884765625,9222900
2025-04-08,1234.3950525675534,1274.6523371895994,1229.0597497863184,1263.4967041015625,6682500
2025-04-09,1241.185495590732,1244.0956608793385,1188.8025203958125,1205.29345703125,9552700
2025-04-10,1324.1252094959939,1325.0952645945258,1295.023556540038,1309.08935546875,7345900
2025-04-11,1237.790302802879,1252.3411292464866,1224.209531455512,1244.5806884765625,10562900
2025-04-14,1256.2212956492301,1276.5924517948933,1252.3410754310087,1262.0416259765625,4736800
2025-04-15,1279.0175825740318,1287.263050493546,1265.4368118830675,1277.5625,6433400
2025-04-16,1275.622311546689,1276.1073390415736,1253.311046781994,1263.0115966796875,6026200
2025-04-17,1272.2271334666127,1285.3228759765625,1261.0715009581368,1285.3228759765625,4218100
2025-04-18,1292.5982868782662,1305.6940293719672,1292.5982868782662,1299.388671875,3142400
2025-04-21,1289.688253544049,1292.1133912904652,1269.8021240234375,1269.8021240234375,3270200
2025-04-22,1273.6823263538201,1279.9876844050766,1269.317078472181,1275.6224365234375,3280900
2025-04-23,1316.8497719083514,1317.3347994486492,1302.2989456994194,1303.7540283203125,5450000
2025-04-24,1322.1850560238486,1341.5861573594884,1319.2748908235028,1336.2508544921875,5343000
2025-04-25,1329.9454345703125,1347.4064249585442,1327.5202970163914,1329.9454345703125,4940700
2025-04-28,1341.1011767205391,1350.3167001772083,1328.975487961764,1334.310791015625,5596200
2025-04-30,1345.4663552184397,1348.376520370318,1330.9155294590478,1343.5262451171875,5898700
2025-05-01,1339.6460093959997,1344.0112570732497,1328.9754039627226,1335.28076171875,3616300
2025-05-02,1332.3705740625287,1342.556151803815,1313.9395286259157,1315.879638671875,5181500
2025-05-07,1335.2807661576705,1341.586123934659,1320.2449129971592,1333.82568359375,7787800
2025-05-08,1320.244843991082,1326.0651739425489,1310.059266576015,1316.3646240234375,4939200
2025-05-09,1338.6759522010918,1354.6818603252354,1327.0352917471694,1349.3465576171875,6215000
2025-05-12,1358.077070658186,1375.5380615666481,1349.3465752039547,1370.2027587890625,5757000
2025-05-13,1398.334272158008,1401.7294646328974,1377.478089812259,1383.783447265625,6837400
2025-05-14,1380.3883124292001,1393.484055379161,1363.8973768625829,1391.5439453125,6311200
2025-05-15,1386.6937510407415,1389.6039163105017,1360.5022636128997,1365.3525390625,6018900
2025-05-16,1336.250803129762,1336.250803129762,1297.933629464698,1312.969482421875,11846600
2025-05-19,1289.688217128433,1311.0294286943042,1272.2272258472658,1281.4427490234375,10000900
2025-05-20,1296.9636211107145,1303.754006561556,1274.6523546293784,1284.3529052734375,8033300
2025-05-21,1293.083416209838,1304.7240771209545,1288.2331408302064,1292.598388671875,5936500
2025-05-22,1275.622367815685,1289.2031382715174,1272.7122027180067,1284.837890625,4806000
2025-05-23,1285.3229336692082,1297.9336492448306,1283.382823580651,1293.0833740234375,4317200
2025-05-26,1289.2031582794018,1294.0534335174734,1284.3528830413304,1291.6282958984375,4212500
2025-05-27,1290.1732465066295,1297.9336870871205,1284.837943607542,1294.053466796875,3831600
2025-05-28,1303.2689675335737,1314.424600675841,1298.9037197822518,1301.328857421875,6654200
2025-05-29,1311.5144002308111,1340.6160511235066,1304.7240150225155,1339.64599609375,35393700
2025-05-30,1321.2149701753467,1373.1129150390625,1319.7598876090742,1373.1129150390625,25368700
2025-06-02,1360.9872336869753,1381.8434172395555,1348.86154557501,1357.592041015625,6655000
2025-06-03,1353.2267267193663,1359.5320842273777,1338.1908742002622,1352.74169921875,4302100
2025-06-04,1352.7418228935392,1368.7477318772203,1346.4364648090586,1365.3525390625,4663300
2025-06-05,1320.244892716541,1345.4663234370628,1293.0833519405946,1300.3587646484375,11406600
2025-06-06,1290.1732066761365,1324.1251331676137,1285.807958984375,1307.149169921875,9307500
2025-06-09,1306.6641247301557,1323.1550602315756,1304.724014671165,1312.969482421875,4878800
2025-06-10,1312.9694868460208,1319.2748445589866,1305.2090465839092,1311.514404296875,4461200
2025-06-11,1317.3348238062708,1320.7300166511325,1304.2390799760908,1309.08935546875,4468000
2025-06-12,1310.5443203074287,1320.7298979263985,1298.4186326657982,1307.6341552734375,3995000
2025-06-13,1300.3587444635828,1304.7239920205288,1286.29294678009,1293.568359375,4740500
2025-06-16,1311.5144490346859,1319.7599170944452,1295.5085404480938,1296.963623046875,4305400
2025-06-17,1295.023508453084,1300.8438388281543,1288.2331230155023,1298.418701171875,3664600
2025-06-18,1310.0592928017636,1311.9994028244246,1295.0234401261418,1307.6341552734375,5403100
2025-06-19,1311.0294595898,1312.9695697778723,1291.1433301620598,1297.9337158203125,3258800
2025-06-20,1290.1731597854223,1297.9335998442818,1281.4426647192051,1282.4127197265625,12076100
2025-06-23,1276.107373486768,1312.4844365850224,1270.2870433910473,1292.11328125,5606300
2025-06-24,1299.3887184670707,1309.0892688102365,1293.568388261171,1297.4486083984375,5117600
2025-06-25,1291.6282581442597,1293.0833406731492,1277.5624603649944,1290.658203125,4656800
2025-06-26,1282.4127093831653,1299.388671875,1279.5025443845652,1299.388671875,4996700
2025-06-27,1293.5684238866968,1304.7240570885692,1280.4726805627595,1285.8079833984375,10279500
2025-06-30,1296.478599991079,1305.2090956139145,1284.3529116260295,1295.508544921875,6786000
2025-07-01,1309.5743030861981,1310.0593306058595,1295.0234774963515,1308.604248046875,6571800
2025-07-02,1296.9635875749975,1313.4545232434905,1294.0534224570283,1308.604248046875,4381400
2025-07-03,1299.8737964216855,1320.72998046875,1297.9336862777727,1320.72998046875,5184600
2025-07-04,1321.7000111717741,1324.1251488069518,1307.6342128877443,1315.3946533203125,3234600
2025-07-07,1309.5743769487458,1313.4545973248903,1295.9936056322404,1297.9337158203125,3543700
2025-07-08,1283.3828036623304,1289.2031338376696,1278.5325285162141,1286.29296875,5416700
2025-07-09,1295.99361163857,1310.059410567282,1292.1133912444425,1309.08935546875,3926500
2025-07-10,1296.478599991079,1297.9336825948849,1285.3229666952334,1295.508544921875,6899200
2025-07-11,1296.4785974121094,1310.544395887587,1291.1432945421006,1309.5743408203125,4503700
2025-07-14,1303.7540193485524,1313.9395976247129,1295.0235236832718,1306.6641845703125,4194200
2025-07-15,1312.4844860721682,1317.3347613348149,1300.3587979155516,1302.783935546875,3550300
2025-07-16,1299.8738017413227,1303.754022045028,1290.173250982059,1292.598388671875,4614400
2025-07-17,1287.7480603429574,1313.9395463160345,1286.7780053069175,1310.059326171875,4358100
2025-07-18,1317.334781358507,1319.7599190266928,1308.6042857530383,1309.5743408203125,4378500
2025-07-22,1315.39459715973,1319.759844716676,1287.748029299072,1293.568359375,4210200
2025-07-23,1308.6043131687138,1353.7118747419868,1298.903762292741,1340.131103515625,7957300
2025-07-24,1357.1069555251752,1365.8374505928853,1345.9513229386566,1349.83154296875,5689800
2025-07-25,1343.5262029586568,1345.4663129990302,1333.8256527567892,1344.01123046875,3668800
2025-07-28,1344.4962890625,1344.4962890625,1327.0352982954546,1333.82568359375,4488300
2025-07-29,1327.0352871737637,1328.975397242731,1317.3347368289262,1324.1251220703125,3010600
2025-07-30,1324.1250869651246,1343.041159636055,1314.909564381851,1335.7657470703125,5086100
2025-07-31,1338.6759588068182,1363.8973899147727,1334.3107111150568,1360.502197265625,6355600
2025-08-01,1363.4124260109688,1384.7536379442604,1359.047178115523,1379.4183349609375,5015100
2025-08-04,1353.226850438499,1365.3525390625,1342.0712169044184,1365.3525390625,4351600
2025-08-05,1363.4124349388462,1384.2686194647695,1351.7717738080983,1376.5081787109375,4291000
2025-08-06,1382.328464396329,1398.3343729314445,1380.8733818022276,1391.0589599609375,5122800
2025-08-07,1391.0588914205923,1406.5797716595948,1383.78347880856,1400.2744140625,5355600
2025-08-08,1406.5798716738993,1418.2205326808557,1399.789486086508,1407.5499267578125,5707500
2025-08-12,1412.885233037764,1438.5916928218357,1394.9392139432232,1432.7713623046875,8551000
2025-08-13,1435.6813834098182,1459.9327581295786,1424.5257510387282,1440.046630859375,7140100
2025-08-14,1435.6814542380712,1446.8370871595157,1423.5557662799793,1443.44189453125,4955000
2025-08-15,1445.8670149247505,1477.3938032407884,1445.8670149247505,1475.938720703125,5947200
2025-08-18,1469.6333297920353,1475.9386873125952,1465.753109779383,1473.5135498046875,3038400
2025-08-19,1481.7591111589186,1482.2441386912128,1469.6334228515625,1469.6334228515625,3537300
2025-08-20,1469.6333138732,1477.8787813107724,1462.3579014282832,1465.26806640625,4614400
2025-08-21,1459.9327901915792,1463.8130102319556,1450.7172675956856,1456.53759765625,3539500
2025-08-22,1470.6034271911385,1499.705078125,1468.6633171288809,1499.705078125,5642200
2025-08-25,1502.1301974168016,1507.4655000230607,1478.363849443465,1478.848876953125,3721000
2025-08-26,1478.3639144743745,1478.3639144743745,1443.4419322426963,1444.4119873046875,7649800
2025-08-27,1438.5916928218357,1444.4120233389842,1425.0109216151563,1432.7713623046875,4822800
2025-08-28,1439.5616315899624,1487.0943269726497,1428.891026504053,1484.669189453125,8012800
2025-08-29,1482.7290474595825,1491.459542341582,1468.17822265625,1468.17822265625,7449600
2025-09-01,1469.148381947765,1482.729152728398,1463.328051613208,1473.9986572265625,3385500
2025-09-02,1475.9387908394976,1514.2559661521236,1474.4837082326892,1506.010498046875,5906900
2025-09-03,1507.4655951989478,1511.3458155212102,1470.6035021374548,1474.96875,7581600
2025-09-04,1474.9687054807066,1493.884778980788,1468.663347647346,1489.51953125,4701500
2025-09-05,1497.7649857954545,1508.9206187855114,1487.5794078480114,1493.884765625,3754800
2025-09-08,1492.9147260232937,1508.9206343919645,1487.0943957074135,1502.1302490234375,4010700
2025-09-09,1501.645228384992,1512.8008615415986,1486.609375,1486.609375,6035100
2025-09-10,1483.6992953749063,1498.2501220703125,1481.759185148852,1498.2501220703125,4239100
2025-09-11,1495.8249784047823,1501.1602815054478,1479.8190691027855,1487.094482421875,4611700
2025-09-12,1498.2499490979415,1509.8906091103565,1495.3397840948376,1501.6451416015625,4764900
2025-09-16,1499.2200817628623,1502.615274442364,1489.51953125,1489.51953125,3526200
2025-09-17,1477.393872377103,1480.7890651238658,1460.4179086432887,1466.7232666015625,5518400
2025-09-18,1477.393937780502,1479.8190755641208,1458.962890625,1458.962890625,5018800
2025-09-19,1457.9927446833415,1466.7232401604872,1443.9269464146066,1448.7772216796875,10286900
2025-09-22,1445.3819711968297,1462.3579339457858,1440.5316961256995,1441.0167236328125,4098800
2025-09-24,1441.0166873023622,1442.9567972819011,1409.0048726399739,1425.9808349609375,5770500
2025-09-25,1435.196397930464,1439.5616455078125,1423.5557377242014,1439.5616455078125,6119500
2025-09-26,1448.2921432056821,1465.7531335457372,1447.3220881867903,1452.17236328125,7587300
2025-09-29,1452.1724265335847,1455.6252821673263,1435.4014134554116,1439.3475341796875,4630800
2025-09-30,1430.9620026257573,1451.1858709841358,1429.4822073800224,1450.1993408203125,4620800
2025-10-01,1430.468787936216,1441.813885219848,1417.6438953547188,1428.4957275390625,6124100
2025-10-02,1419.616977843486,1423.563098699201,1400.379638671875,1400.379638671875,5320100
2025-10-03,1398.4065320423574,1409.2583640370424,1394.953676407685,1396.4334716796875,5127000
2025-10-06,1419.616892724064,1430.4687244266106,1401.3660848606899,1412.711181640625,8187400
2025-10-07,1412.7112406064311,1428.4957237416986,1407.7785896266603,1411.2314453125,6648500
2025-10-08,1414.6842672413793,1428.0024245689656,1406.298760775862,1416.1640625,8580600
2025-10-09,1430.4687333578306,1452.6656619789003,1426.0293476336167,1447.23974609375,8784500
2025-10-10,1441.3206335756959,1441.3206335756959,1408.2718716148568,1408.76513671875,7504000
2025-10-14,1381.142266456117,1403.3391957384476,1378.1826758851396,1391.007568359375,6989100
2025-10-15,1408.7651029854328,1419.616935011231,1407.2853077091875,1413.69775390625,5573200
2025-10-16,1413.6977582858392,1426.0293856260855,1397.9132752903238,1402.3526611328125,5202400
2025-10-17,1386.5681699961106,1394.953676538243,1373.2500125468416,1382.1287841796875,5885900
2025-10-20,1399.8862853961195,1412.7111773694455,1392.4873092576622,1409.7515869140625,5073400
2025-10-21,1409.7516832139756,1426.029431830512,1407.7786227756076,1420.603515625,5334300
2025-10-22,1417.150571814567,1430.4687289461344,1416.1640416566731,1429.9754638671875,3893800
2025-10-23,1425.0427920892373,1435.4013585945588,1414.1909605122337,1429.482177734375,5573300
2025-10-24,1425.0428340517242,1432.9350754310346,1424.0563038793105,1430.46875,3888700
2025-10-27,1445.7600396236464,1447.7331000666675,1431.9486165224994,1437.8677978515625,6212400
2025-10-28,1437.8677602589748,1440.33408574827,1422.083277127487,1425.5361328125,5069100
2025-10-29,1419.1236530172414,1422.0832435344828,1399.8863146551726,1401.859375,5737900
2025-10-30,1402.8458927109539,1422.0832309021378,1402.3526276291286,1421.5899658203125,20333600
2025-10-31,1430.4687246829633,1443.2936166973623,1417.6438326685643,1427.015869140625,7004500
2025-11-04,1413.6978000330278,1424.5496324129044,1398.406581679565,1417.6439208984375,7361700
2025-11-05,1428.9889289331184,1436.3879050925925,1385.0883370535714,1398.406494140625,7409700
2025-11-06,1398.4064778021796,1419.1236108066564,1397.9132127306445,1415.177490234375,5667300
2025-11-07,1414.6842968407948,1415.1775619373223,1394.9536929796957,1408.2718505859375,5461600
2025-11-10,1422.576576063368,1425.042901611328,1412.2180087619356,1420.603515625,5395900
2025-11-11,1429.4822705670495,1429.9755356707647,1416.6573778704505,1423.06982421875,5103600
2025-11-12,1427.509176147294,1447.7330449178673,1427.509176147294,1442.30712890625,5592700
2025-11-13,1451.1858709841358,1458.584847212811,1442.3070995097257,1450.1993408203125,4907600
2025-11-14,1444.7734332820385,1452.1724095535408,1431.455275993334,1441.8138427734375,5813700
2025-11-17,1430.9620526592548,1448.2263311298077,1418.6304251802885,1442.8004150390625,6849600
2025-11-18,1431.45529311708,1434.9081487517524,1396.4334716796875,1396.4334716796875,7797900
2025-11-19,1403.3391868051058,1440.334068706822,1402.35265662106,1428.00244140625,7832400
2025-11-20,1480.7818582953764,1482.754918732812,1430.4688171407702,1434.908203125,11286200
2025-11-21,1426.029364224138,1450.199353448276,1426.029364224138,1430.46875,14939400
2025-11-25,1450.1993911526215,1460.557958232283,1433.4283777855503,1457.1051025390625,8730300
2025-11-26,1477.822202448968,1494.5932154273607,1469.9299610473713,1490.6470947265625,8465600
2025-11-27,1484.2346651875025,1505.938329284628,1483.2481350012697,1502.4854736328125,5060400
2025-11-28,1499.0326344841078,1521.7228290172663,1493.1134533015447,1514.3238525390625,6489100
2025-12-01,1521.7228320034628,1560.197509765625,1518.7632414063735,1560.197509765625,7735900
2025-12-02,1567.5964655138782,1576.475237187651,1531.0948486328125,1531.0948486328125,6899200
2025-12-03,1537.0139915810735,1542.4399074691967,1510.8709423019345,1518.76318359375,6140600
2025-12-04,1514.3238270767833,1539.4803466796875,1507.418115813241,1539.4803466796875,5402500
2025-12-05,1520.2429830739718,1527.1486942235615,1503.471970282111,1521.7227783203125,3721900
2025-12-08,1527.148744392883,1542.9332275390625,1521.7228283113836,1542.9332275390625,3758500
2025-12-09,1543.9197406611966,1575.9819716972916,1542.4399453826074,1559.7042236328125,5204500
2025-12-10,1558.7176641185297,1585.8472437155294,1548.8523624468935,1581.901123046875,6020100
2025-12-11,1588.3136162260948,1594.726062502784,1556.2513848426488,1557.2379150390625,3857600
2025-12-12,1579.928121163828,1604.0981111535339,1572.0358795345364,1594.72607421875,6244900
2025-12-15,1594.726045030518,1603.1115516081607,1573.0223809472075,1574.0089111328125,7088500
2025-12-16,1588.3135860521743,1596.2058274735516,1579.434814453125,1579.434814453125,5602000
2025-12-17,1569.569475327835,1606.0710910331336,1565.1300896339476,1595.7125244140625,5758400
2025-12-18,1591.7664712149472,1601.1385080767643,1582.8876994511204,1585.8472900390625,6986300
2025-12-19,1590.2866125807518,1604.5912998527251,1584.367431640625,1584.367431640625,13103400
2025-12-22,1609.523984719493,1615.4431657849645,1600.1519480324962,1608.044189453125,7513500
2025-12-23,1614.9498671768433,1629.7478195333813,1613.4700719411896,1627.281494140625,6168700
2025-12-24,1627.774746379486,1632.2141320514302,1607.0576132437473,1618.4027099609375,4311100
2025-12-25,1622.842154744342,1622.842154744342,1592.2597190014396,1616.9229736328125,2216700
2025-12-26,1616.4296790504163,1617.9094743013015,1602.1249916251913,1610.510498046875,3030700
2025-12-29,1613.4700761526688,1633.693944426059,1604.5913047155707,1630.2410888671875,3636800
2025-12-30,1628.7613314975574,1642.572754054169,1620.8690900366366,1628.26806640625,4075900
2026-01-05,1644.5458623103323,1709.6568562590317,1641.0930065706286,1706.697265625,10331000
2026-01-06,1744.6786719658996,1804.8570146234738,1740.732551135895,1775.2611083984375,13646800
2026-01-07,1764.9025568048116,1813.7358025073484,1757.5035801832153,1801.4041748046875,12284500
2026-01-08,1790.5523312971895,1800.4176333980006,1758.490099469554,1763.916015625,6844800
2026-01-09,1768.3553933294534,1777.727430281548,1756.0237657609077,1757.996826171875,5957800
2026-01-13,1797.4579360974528,1797.4579360974528,1777.7273330667451,1790.0589599609375,5773300
2026-01-14,1790.059043730106,1809.789647684144,1784.6331276427454,1806.3367919921875,5876600
2026-01-15,1815.708851919842,1890.1918827918594,1813.2425263942785,1867.0084228515625,10218500
2026-01-16,1857.1430537985077,1867.9948857197737,1840.3720408292781,1848.2642822265625,5004500
2026-01-19,1833.9596495907335,1839.385565713783,1814.2290455069171,1829.520263671875,4802600
2026-01-20,1850.7306245511259,1864.0487820305716,1843.3316481736558,1845.7979736328125,5875000
2026-01-21,1833.9596379030975,1842.3451445852793,1777.234151523631,1792.0321044921875,6797200
2026-01-22,1797.4580080826418,1813.735756234872,1783.1533203125,1783.1533203125,5181800
2026-01-23,1801.4041200214251,1818.6683982801192,1787.0994323213647,1805.843505859375,4814900
2026-01-26,1779.2071531139384,1780.6869483618846,1747.1449227417716,1750.5977783203125,5916400
2026-01-27,1746.1583884859672,1761.94287109375,1734.8132916116233,1761.94287109375,4080000
2026-01-28,1749.611239841395,1771.3149033748095,1746.1583842792609,1758.9832763671875,4906300
2026-01-29,1746.1584376276205,1817.6818764570005,1743.6921121507453,1811.7626953125,5282900
2026-01-30,1812.2559850985356,1832.9731193865427,1805.3502736691999,1829.520263671875,5239200
2026-02-02,1844.8114181323515,1859.1161055991531,1808.309801837754,1813.7357177734375,4157600
2026-02-03,1856.6498255397285,1908.442660736772,1846.7845235974346,1903.510009765625,6803700
2026-02-04,1880.3264796195215,1923.2405414576376,1861.0891415541591,1910.4156494140625,4815100
2026-02-05,1926.693439453125,1941.4913921370967,1897.0975340851815,1911.4022216796875,4472800
2026-02-06,1927.6799444186552,1953.3297287353826,1917.3213776753614,1950.8634033203125,5835100
2026-02-09,2002.6562374952362,2037.1847933141196,1994.7639961652058,2022.3868408203125,8702900
2026-02-10,2042.1175239864053,2077.632611360082,2033.2387521429862,2050.009765625,6695300
2026-02-12,2054.449109198971,2095.390111855277,2052.9693139222372,2063.327880859375,8165800
2026-02-13,2063.3278340677457,2070.233545202565,2013.5080608808364,2016.4676513671875,7441400
2026-02-16,2022.386901134883,2030.7724077981252,1958.7557035138097,1963.6883544921875,6478100
2026-02-17,1963.1951279722327,1969.607574370132,1939.0251377032278,1947.41064453125,4058500
2026-02-18,1953.3297833136792,1984.8987495086478,1948.8903974425118,1960.728759765625,4198100
2026-02-19,1954.316296332304,1996.7370942839896,1947.4105850378437,1991.804443359375,4219500
2026-02-20,1973.0603197222913,1984.898681640625,1958.262367324374,1984.898681640625,4710100
2026-02-24,1998.7101418577963,2011.5350341796875,1977.006477928442,2011.5350341796875,6358200
2026-02-25,2007.5889354458427,2010.5485260140676,1935.5722316190386,1954.8095703125,6054500
2026-02-26,2002.1629891460534,2023.3733878977855,1986.8717714413162,1991.3111572265625,4875100
2026-02-27,2022.3868619248067,2023.8666571896297,2002.6562583938328,2008.575439453125,7968800
2026-03-02,1947.41064453125,1965.6614535098863,1917.814738079407,1947.41064453125,4990200
2026-03-03,1935.5722193654638,1955.7960881203016,1915.3483506106259,1931.6260986328125,5171200
2026-03-04,1852.7036939734883,1882.2995996280167,1785.6196411565568,1808.8031005859375,7384000
2026-03-05,1899.070577591056,1914.8550603138908,1841.3585626356914,1856.6497802734375,7163100
2026-03-06,1838.8923205073977,1858.6229248046875,1827.053957929024,1858.6229248046875,3957500
2026-03-09,1740.2392405473067,1791.045544905689,1739.2527103655905,1785.61962890625,5842400
2026-03-10,1819.1616462682935,1847.771021399411,1797.9512474641892,1836.919189453125,5428800
2026-03-11,1859.1161610085799,1876.8737046000654,1837.90576171875,1837.90576171875,4509000
2026-03-12,1831.4932694252434,1834.4528599494963,1752.0775903577874,1776.7408447265625,5144800
2026-03-13,1737.279629457469,1782.6600172797537,1736.2930992874192,1756.5169677734375,5548000
2026-03-16,1749.1179914636493,1767.8620646942243,1738.7594246783317,1742.2122802734375,3885600
2026-03-17,1760.4630548097412,1784.1397784384517,1748.1314279197877,1761.4495849609375,3764900
2026-03-18,1795.4849179465134,1826.5606184494338,1792.0320623350776,1819.6549072265625,4755100
2026-03-19,1780.1937717208884,1799.431110899917,1775.7543857564972,1784.139892578125,7699400
2026-03-23,1744.67867762667,1753.0641844176378,1715.5760364109578,1735.306640625,5671600
2026-03-24,1791.538822756477,1791.538822756477,1759.476591622344,1780.1937255859375,3849100
2026-03-25,1830.5067181036875,1848.2642610440628,1822.614476796854,1833.46630859375,4654700
2026-03-26,1838.3989762931035,1838.8922413793105,1796.9647090517242,1816.6953125,3956300
2026-03-27,1831.986530172414,1843.8248922413793,1815.7087823275863,1831.0,6069600
2026-03-30,1740.0,1804.0,1736.0,1789.5,4933500
2026-03-31,1789.0,1837.0,1775.5,1789.0,5194300
2026-04-01,1869.0,1883.5,1836.0,1875.5,4333300
2026-04-02,1890.0,1891.0,1829.0,1833.0,3725600
2026-04-03,1844.0,1845.0,1824.0,1827.0,2404600
2026-04-06,1829.0,1896.5,1811.0,1849.5,5282300
2026-04-07,1849.0,1874.0,1842.5,1858.0,3510600
2026-04-08,1924.0,1925.0,1893.0,1905.0,5097200
2026-04-09,1913.5,1918.0,1863.0,1871.0,4820700
2026-04-10,1891.5,1893.5,1852.0,1856.0,3822400
2026-04-13,1831.0,1867.5,1825.0,1857.0,2983400
2026-04-14,1881.5,1882.0,1836.0,1845.0,3070900
2026-04-15,1858.5,1878.0,1850.0,1867.5,3346500
2026-04-16,1900.0,1903.0,1880.0,1887.0,3591700
2026-04-17,1887.5,1889.5,1869.0,1872.5,4178500
2026-04-20,1880.5,1885.0,1858.5,1866.5,3288600
2026-04-21,1856.5,1861.0,1812.5,1821.0,4614300
2026-04-22,1820.5,1821.5,1788.5,1799.5,4093600
2026-04-23,1789.0,1789.0,1752.5,1774.0,6404700
2026-04-24,1784.5,1789.0,1761.5,1779.5,4120100
2026-04-27,1762.0,1773.0,1740.0,1757.5,6389000
2026-04-28,1775.0,1826.5,1766.5,1823.0,5140500
2026-04-30,1810.0,1829.0,1787.5,1823.0,6341300
2026-05-01,1812.5,1819.0,1789.0,1811.5,3642000
2026-05-07,1845.5,1871.5,1829.5,1861.0,5991100
2026-05-08,1857.0,1859.5,1824.0,1855.5,5490100
2026-05-11,1863.0,1871.5,1844.0,1865.0,3628400
2026-05-12,1876.5,1911.0,1869.5,1911.0,4918200
2026-05-13,1900.0,1944.5,1895.0,1941.5,4964600
2026-05-14,1951.5,1956.5,1929.0,1951.0,4668100
2026-05-15,1951.0,1981.5,1935.5,1957.0,5957200
2026-05-18,1997.0,2068.0,1986.5,2054.0,12590600
2026-05-19,2065.0,2115.5,2051.0,2093.0,7908500
2026-05-20,2126.5,2139.5,2068.0,2110.0,8577200
2026-05-21,2110.0,2154.5,2097.0,2134.0,8548200
2026-05-22,2115.5,2138.5,2088.5,2116.0,4791000
2026-05-25,2093.0,2128.0,2056.5,2091.5,6223700
2026-05-26,2084.5,2098.5,2049.5,2080.0,5742100
2026-05-27,2070.0,2093.0,2051.0,2059.5,6485500
2026-05-28,2024.5,2037.5,1995.0,2029.5,23062400
2026-05-29,2052.0,2075.0,2037.0,2068.0,12417400
2026-06-01,2070.0,2092.0,2035.0,2035.0,5647800
2026-06-02,2005.0,2074.0,1992.5,2074.0,5438700
2026-06-03,2090.0,2125.0,2062.5,2125.0,6170100
2026-06-04,2108.5,2145.5,2078.5,2145.5,5974500
2026-06-05,2155.0,2177.0,2106.0,2122.5,4225500
2026-06-08,2108.5,2147.5,2095.5,2128.0,5719500
2026-06-09,2168.0,2203.5,2138.5,2181.0,7670000
2026-06-10,2204.0,2246.5,2189.5,2205.0,7432300
2026-06-11,2230.5,2252.0,2182.5,2209.5,7369600
2026-06-12,2280.5,2361.0,2257.0,2318.0,11509700
2026-06-15,2325.0,2344.5,2280.0,2285.5,5298900
2026-06-16,2250.0,2264.5,2213.5,2264.5,4930800
2026-06-17,2272.0,2279.5,2196.5,2196.5,5707300
2026-06-18,2212.0,2249.0,2203.5,2234.0,5385900
2026-06-19,2212.5,2263.0,2201.0,2240.5,6401400
2026-06-22,2210.5,2241.0,2194.5,2227.5,3687900
2026-06-23,2238.0,2244.5,2207.0,2215.0,4550200
2026-06-24,2225.5,2252.5,2212.0,2225.5,7296900
2026-06-25,2231.0,2231.0,2170.0,2183.5,5306200
2026-06-26,2176.0,2199.5,2148.0,2161.0,5143200
2026-06-29,2173.0,2183.5,2129.5,2153.0,5144000
2026-06-30,2173.0,2182.5,2148.0,2169.0,5022600
2026-07-01,2184.5,2197.0,2157.0,2168.5,5231700
2026-07-02,2200.5,2245.0,2196.0,2237.5,4825100
2026-07-03,2287.5,2290.0,2250.5,2271.5,4037800
2026-07-06,2288.5,2326.0,2275.0,2326.0,4107100
2026-07-07,2344.5,2372.5,2331.0,2355.5,7757400
2026-07-08,2360.0,2395.0,2338.5,2370.0,6253300
2026-07-09,2360.0,2382.0,2338.5,2360.5,5833800
2026-07-10,2371.0,2383.0,2218.0,2319.5,5427300
2026-07-13,2340.0,2353.5,2324.0,2333.0,4787100
2026-07-14,2340.0,2362.0,2321.0,2353.0,4752500
2026-07-15,2389.0,2417.0,2367.5,2407.5,6605300
2026-07-16,2383.5,2405.5,2374.5,2388.0,4923600
2026-07-17,2379.0,2397.0,2313.5,2329.0,6553400
2026-07-21,2359.0,2418.5,2334.5,2418.5,5770500
2026-07-22,2418.5,2460.0,2400.5,2453.5,4927400
2026-07-23,2440.0,2466.5,2435.0,2460.5,5502900
2026-07-24,2430.5,2496.0,2426.0,2485.5,6080900
2026-07-27,2499.5,2539.5,2495.5,2521.5,5707000
2026-07-28,2498.5,2510.0,2448.0,2464.0,5153000
2026-07-29,2496.5,2499.0,2448.5,2482.0,6922100
2026-07-30,2436.5,2466.0,2401.5,2419.0,5753000
2026-07-31,2410.0,2420.0,2375.0,2382.0,6692700
2026-08-03,2353.5,2382.0,2267.5,2335.5,5983400
2026-08-04,2328.0,2359.5,2306.5,2327.5,5100300
2026-08-05,2340.0,2357.0,2316.5,2357.0,4097900
2026-08-06,2355.0,2383.0,2340.0,2374.0,709900
