Date,Open,High,Low,Close,Volume
2015-01-05,320.99789941020515,325.2523447304199,319.2961212821192,323.1251220703125,6217200
2015-01-06,317.3815409062983,317.3815409062983,308.44720798534354,309.7235412597656,10522400
2015-01-07,305.4691037582408,307.809048146361,302.2782705017132,306.53271484375,7837600
2015-01-08,308.6599600773282,317.594293863164,306.74545998036336,315.4670715332031,9309600
2015-01-09,318.8705845782352,320.14691780536623,303.98003026170653,305.4690856933594,11079200
2015-01-13,296.9602427334133,297.8111316810735,289.3022422044714,293.7694091796875,11894000
2015-01-14,288.6640651308257,289.30223181866097,282.06967602319446,283.7714538574219,10816400
2015-01-15,285.0478449057549,289.0895680797917,283.13334445489534,288.66412353515625,6545200
2015-01-16,282.92058068893374,284.62235861788974,276.75163569646827,283.98419189453125,11143600
2015-01-19,294.83300370132366,295.8966148257873,285.0477813562581,287.3877258300781,8304800
2015-01-20,289.0894944783349,293.34393884151865,287.8131611693798,289.7276611328125,5530000
2015-01-21,288.2386611622466,290.57860601301024,285.260549534002,287.6004943847656,5629600
2015-01-22,286.9622711854822,291.0039933148552,286.7495489681468,289.3022155761719,4951200
2015-01-23,292.91851697887074,294.6202948552912,289.9404056951349,292.4930725097656,5453600
2015-01-26,289.940353975268,291.42940935151665,287.3876876159847,290.153076171875,4032400
2015-01-27,294.4075600444407,295.0457267208376,291.85489333885306,293.5566711425781,6696400
2015-01-28,290.79131974999285,291.8549310146234,289.5149862324362,290.3658752441406,5146400
2015-01-29,287.60043553416483,297.8111018844902,286.74954667163775,294.19482421875,6111600
2015-01-30,313.3398200141059,323.12504182038487,307.5963202582465,321.635986328125,17329200
2015-02-02,317.16881636942713,319.50876068871867,308.2344835139503,308.8726501464844,8794800
2015-02-03,311.8507930120707,315.67979319912206,306.7454594293356,309.2981262207031,7018800
2015-02-04,311.42533109037583,320.5723865800522,309.5108311041645,320.1469421386719,10230800
2015-02-05,319.7215311150802,324.1886982164885,315.0416417707477,315.2543640136719,7710400
2015-02-06,319.08330406123326,322.06141489913813,315.46702661520595,321.4232482910156,5574000
2015-02-09,324.8267358302445,326.3157909388311,322.06134777144086,324.614013671875,5491200
2015-02-10,319.29605878068276,322.91233659498766,316.10522541511966,322.274169921875,5353200
2015-02-12,313.76527532273735,328.01766410010913,313.76527532273735,325.89044189453125,8475200
2015-02-13,322.48688415207783,326.9540507531291,322.0614397138825,325.03955078125,6105600
2015-02-16,322.9123963827289,328.65589750416086,321.210618272675,328.0177307128906,4672800
2015-02-17,329.50672301452397,333.1230008009971,326.52861189625196,327.1667785644531,5230400
2015-02-18,326.52859944143114,333.973876953125,326.52859944143114,333.973876953125,6941600
2015-02-19,333.7611232344897,338.4410115143869,320.99779156204266,322.4868469238281,9646400
2015-02-20,322.06143075448495,324.82681952582465,319.72148640950525,321.635986328125,5858800
2015-02-23,326.74139610389614,330.78311910257713,324.40145120992287,327.59228515625,5830000
2015-02-24,330.78303032139644,334.6120300292969,328.0176416434684,334.6120300292969,5858800
2015-02-25,334.1865856173079,338.65375194319176,330.99575252739095,334.6120300292969,6263200
2015-02-26,331.84663592644455,338.86646860950395,331.84663592644455,338.2283020019531,4665600
2015-02-27,339.71739953451345,339.93012176340164,333.1230104389781,336.7392883300781,4715200
2015-03-02,338.22839458983145,340.1428949365664,334.1866716356134,338.6538391113281,3823200
2015-03-03,340.1429154490696,340.1429154490696,333.54852496819336,334.3994140625,4876400
2015-03-04,329.719482421875,332.69759387600806,329.0813156817036,329.719482421875,4483200
2015-03-05,327.3795176907687,330.3576289628095,326.9540732233343,327.8049621582031,3582800
2015-03-06,330.99583772438854,339.07928363282474,330.78311546364023,338.6538391113281,6287600
2015-03-09,335.2502160007848,338.6537714931785,329.93216054391957,330.35760498046875,6373600
2015-03-10,332.91034173346185,337.37750925831983,326.31595157771915,327.59228515625,5781200
2015-03-11,323.97600770151263,330.99584240548495,323.7632854377559,328.0177307128906,3937200
2015-03-12,325.2522661922353,329.7194326997807,323.9759329043652,328.2303771972656,4947200
2015-03-13,336.1011238314479,338.0156239039055,329.9321791535289,337.5901794433594,16981200
2015-03-16,335.03749604859104,338.4410515640053,330.78305165432323,331.20849609375,8284800
2015-03-17,335.6756456291879,344.8227006114788,334.1865901669545,336.3138122558594,10246800
2015-03-18,329.9321369597706,333.1229700058032,326.5285817106692,332.9102478027344,7502400
2015-03-19,329.93216054391957,332.2721049449402,324.61410508705427,330.35760498046875,7093200
2015-03-20,329.9321694018508,334.61205832953664,326.74133604206503,333.76116943359375,4376000
2015-03-23,334.3993202329056,339.9300977940096,334.3993202329056,339.29193115234375,4161200
2015-03-24,337.59022040565935,344.1846103442702,334.82483107656446,341.84466552734375,6408800
2015-03-25,343.5463841527074,356.94788396795235,343.5463841527074,354.1824951171875,11049600
2015-03-26,347.16264270963217,349.5025869926015,337.1646989551268,341.2064208984375,9036800
2015-03-27,341.6345080101224,342.06262142868144,324.29591455848083,325.7943115234375,10449600
2015-03-30,321.08510368948026,325.794351876926,317.6601959167925,323.4397277832031,7995200
2015-03-31,330.2896459703778,330.9318163773196,324.2960555055881,325.15228271484375,9874800
2015-04-01,326.43652417632507,327.9349213364787,317.2320844782385,318.3023681640625,8768400
2015-04-02,320.0148545650014,321.7273086362522,314.8774923512488,317.23211669921875,7630000
2015-04-03,319.37264708032177,320.65698748413007,315.73368260286503,317.4461364746094,3348800
2015-04-06,315.7337535982546,317.44620785505873,311.88073152044547,315.0915832519531,3982400
2015-04-07,316.5899142667441,319.15859511272174,315.30557384375527,318.3023681640625,4387200
2015-04-08,320.87098597713197,322.5834395380506,318.302305635754,319.3725891113281,5007600
2015-04-09,321.72729847851167,321.72729847851167,319.15861745273514,319.58673095703125,4117600
2015-04-10,321.513294629688,322.5835785665378,318.08838603176855,320.8711242675781,8812400
2015-04-13,324.72404712136296,331.14574877834445,323.4397067899667,329.21923828125,6042400
2015-04-14,327.50674289367873,333.9284437347313,327.50674289367873,328.5770263671875,4702400
2015-04-15,327.72089813534575,328.7911819306931,321.72730888140086,324.2959899902344,5840400
2015-04-16,323.86782522404445,324.08188194924213,320.01480417048674,321.9413146972656,5853600
2015-04-17,320.0148494944853,320.0148494944853,304.17464958639704,309.31201171875,14863200
2015-04-20,306.10117777183126,311.02448342830127,305.88712100415864,309.7401428222656,6669600
2015-04-21,312.5228315933444,317.6601932085774,309.95415078572785,317.4461364746094,6913600
2015-04-22,318.0883548620975,325.36628491950756,318.0883548620975,324.93817138671875,8039600
2015-04-23,332.21608564149534,335.42693698467986,327.72089376103696,330.5036315917969,8408400
2015-04-24,327.72086249906283,330.5036000643717,323.01161431161717,323.4397277832031,5795200
2015-04-27,324.7240654295229,325.15217889745895,315.9477393368331,317.4461364746094,6580000
2015-04-28,317.01809210077033,319.586773468231,305.0309123859539,306.1011962890625,15980400
2015-04-30,305.2449311961064,308.2417257520289,302.46219339417837,303.31842041015625,10500800
2015-05-01,300.10750685675293,300.96373369514595,290.4749549248315,296.2544860839844,12330800
2015-05-07,296.2545038319541,297.32478744406376,291.3311992162497,292.61553955078125,10588000
2015-05-08,292.1874555811763,302.03406580588995,292.1874555811763,300.7497253417969,9259200
2015-05-11,305.2449562456355,306.74335364656076,301.82004790066344,306.529296875,7437600
2015-05-12,305.2449276235109,307.81360864138054,304.1746438660652,305.458984375,5896000
2015-05-13,303.9605565156844,310.3822584139031,300.53564883663444,309.5260314941406,6418000
2015-05-14,305.244911731129,307.3854791345731,302.2481173663072,303.9605712890625,6480400
2015-05-15,306.7432683453006,306.957325057335,301.6059072564749,302.2480773925781,4024000
2015-05-18,299.8935088362824,307.1714383869131,299.8935088362824,305.458984375,3996000
2015-05-19,304.8168270285088,306.5292811129386,300.96380533854165,305.0308837890625,5007600
2015-05-20,305.0308259889852,305.67299614896206,302.0340319090934,302.8902587890625,7276400
2015-05-21,301.8199671420153,305.45893128486233,299.465343284879,300.1075134277344,4969600
2015-05-22,298.8232065440069,303.1043413082477,296.4685824236745,302.0340576171875,4928000
2015-05-25,302.03407988618943,304.8168176881175,301.1778528702116,303.31842041015625,3635600
2015-05-26,305.0308434744067,308.2416944583478,303.960559813093,307.3854675292969,6140800
2015-05-27,305.0308930316507,307.385517469088,300.96381445789535,306.74334716796875,5565200
2015-05-28,311.0244445800781,314.4493524350549,309.3119906525897,311.0244445800781,5965600
2015-05-29,309.95422749631734,318.9446125480061,309.0980003485375,317.87432861328125,10941200
2015-06-01,316.3759232299972,316.3759232299972,311.024503689571,312.09478759765625,4346000
2015-06-02,309.09790690561357,311.0244174057178,303.9605455720023,304.8167724609375,6024000
2015-06-03,300.1075102722341,304.81675793699094,299.8934535601997,302.2480773925781,5481600
2015-06-04,303.9605669200463,303.9605669200463,297.9669782765524,299.0372619628906,6597600
2015-06-05,299.89350947466767,302.67624724995005,298.395112211054,301.39190673828125,5276400
2015-06-08,303.10435603215143,304.81681002103363,300.32161830021784,300.5356750488281,4565200
2015-06-09,297.3247545331122,297.5388112318401,288.7624865839945,289.61871337890625,10935600
2015-06-10,293.4717467711852,293.4717467711852,283.62513819972315,285.12353515625,8486800
2015-06-11,287.692266657489,293.2577420541368,286.8360396733893,291.5452880859375,8136800
2015-06-12,291.5453083095266,291.5453083095266,285.5517190050723,286.8360595703125,13177600
2015-06-15,284.2673211348684,286.83600174753286,282.98298082853614,284.6954345703125,4528000
2015-06-16,283.6252657137953,285.97989056123055,281.4846976706723,281.9128112792969,4546000
2015-06-17,281.27056767390326,281.91273791973407,277.6316029475285,278.2737731933594,5807600
2015-06-18,279.1299417827375,279.1299417827375,271.8520138528195,272.0660705566406,9050000
2015-06-19,276.7753573572212,280.4143218391026,268.8552581907732,270.7817687988281,10700800
2015-06-22,270.9958414041771,273.7785791121189,269.7115009235886,272.2801818847656,5346000
2015-06-23,272.2801836663073,286.19387229705416,272.2801836663073,282.3408508300781,11054800
2015-06-24,281.48467499932235,282.9830725088245,275.7051417483857,277.63165283203125,9153600
2015-06-25,278.70184647409536,287.264115182977,277.4175061677631,284.6954345703125,8121600
2015-06-26,282.55489986121745,283.62518357281294,277.41753804555896,279.55810546875,7008000
2015-06-29,270.78181792528204,271.20993147140894,266.92879601013965,267.1428527832031,11683200
2015-06-30,270.13957140097625,277.2034429193853,269.06928783758093,272.708251953125,10815600
2015-07-01,271.4240066914619,272.4942906295197,269.92560917818093,270.5677795410156,7117600
2015-07-02,275.27699308849515,276.13322012765065,269.2834038144066,269.7115173339844,5199200
2015-07-03,269.9255495743013,274.84885460222273,269.28337935326806,273.56451416015625,4095600
2015-07-06,268.4272351162039,272.4943144361464,263.9320421836359,267.7850646972656,10054000
2015-07-07,270.78184784435837,275.70515416880124,269.4975070640689,274.2067565917969,6048400
2015-07-08,272.92231010480396,275.27693395668854,263.5038146972656,263.5038146972656,8487600
2015-07-09,254.7274675641741,264.7881322494818,251.9447305235571,262.2194519042969,17779200
2015-07-10,260.7210774177656,265.2162684077271,256.01182971399646,263.5038146972656,9597200
2015-07-13,263.28975157304245,268.8552259965376,262.21946803006256,263.7178649902344,7205200
2015-07-14,267.1427663687549,276.13314792924183,266.0724828496493,272.0660705566406,7467200
2015-07-15,274.63481839744503,276.7753859609481,272.4942508339419,275.9191589355469,6676000
2015-07-16,273.7786643442604,275.4911188514958,269.4975280761719,269.4975280761719,11876800
2015-07-17,268.4271597873789,269.49744351858857,263.50385462381456,265.21630859375,8503600
2015-07-21,265.21627006071157,267.5708939272716,262.64758947900975,266.5006103515625,7171200
2015-07-22,262.0055474959357,263.0758315951838,259.008752018041,259.2228088378906,6518000
2015-07-23,259.8648358154297,261.1491760253906,255.3696450805664,256.8680419921875,9253200
2015-07-24,254.94152586915294,259.0086031080395,253.4431289916684,254.51341247558594,4863600
2015-07-27,248.30582897938612,251.08856671794823,243.5965804987426,246.3793182373047,13679600
2015-07-28,245.52302404244742,249.16198778152466,243.59651382764181,246.5933074951172,10392400
2015-07-29,234.82026413739737,237.17488848152806,227.32827758789062,227.32827758789062,29360000
2015-07-30,224.97363008363416,230.32504849666068,224.7595733471131,228.6125946044922,16917200
2015-07-31,229.4687736265121,232.67962400374876,229.04066024288056,232.2515106201172,10474800
2015-08-03,230.11101544913598,231.18129924192266,227.32827758789062,227.32827758789062,8081200
2015-08-04,225.82984291599018,227.328239977992,220.90653828369847,221.97682189941406,10210400
2015-08-05,223.04714696715965,230.53913366951147,222.619033441311,228.18450927734375,14044000
2015-08-06,226.47208797011265,230.96728064248728,226.25803117619003,230.11105346679688,8676400
2015-08-07,230.11098360882127,231.60938071139034,227.97041631943688,229.8969268798828,7506000
2015-08-10,227.5422853640656,230.11096591380104,226.68605851415379,229.4687957763672,6857200
2015-08-11,230.96722537753567,239.95760857110054,230.96722537753567,233.96401977539062,12404800
2015-08-12,230.11103280896606,232.46565733073223,225.18772699072773,226.2580108642578,9382400
2015-08-13,226.25797050276054,229.6828782870975,224.97363008363416,228.6125946044922,9294400
2015-08-14,230.11097235728602,233.32182313436442,227.5422917356233,229.25474548339844,10678000
2015-08-17,229.4688420901153,231.82346640260712,226.68610426626125,230.9672393798828,7242800
2015-08-18,226.9001326747447,235.67645856122067,226.9001326747447,229.8969268798828,9376000
2015-08-19,227.54232867527568,228.61261244138706,217.2676045206066,217.90977478027344,16255200
2015-08-20,219.62222527601048,220.9065657747006,212.9864660327782,214.48486328125,9292400
2015-08-21,210.2037288941299,213.84269365095292,209.7756153933272,210.41778564453125,10252800
2015-08-24,203.99605919426952,209.9896475021809,203.35388901842188,204.6382293701172,14194000
2015-08-25,196.93219941237876,209.98966046037344,193.72134833500303,198.6446533203125,21616000
2015-08-26,197.3603233274866,210.63184181588593,197.14626657767374,208.9193878173828,16892800
2015-08-27,209.7755880384134,217.9097434929641,209.34747459343703,216.41134643554688,14213200
2015-08-28,218.12378173290108,221.76274570685527,214.69887446329713,218.55189514160156,16016400
2015-08-31,216.41138075608475,217.6957212946965,204.21014563927284,208.70533752441406,50399600
2015-09-01,205.49449142900485,205.70854819091008,197.78844800041716,198.4306182861328,16093600
2015-09-02,193.7213436968915,200.7852158979936,193.0791734967913,197.78842163085938,18404400
2015-09-03,199.71493223115996,203.99606689849458,196.93219469739245,197.78842163085938,10960000
2015-09-04,198.43061254520228,200.5711801023242,193.50730716382185,194.5775909423828,13577600
2015-09-07,194.57759657183897,202.71175352423708,192.65108571469204,198.4306182861328,10027200
2015-09-08,201.42738510197043,206.35068994505792,198.85870431427261,200.3571014404297,12492000
2015-09-09,206.35071828350817,213.41459141976935,203.56798038134468,211.05996704101562,15833600
2015-09-10,202.71170356612066,207.2068944582944,198.0024559647958,200.57113647460938,17613200
2015-09-11,199.50089793871808,201.64146551316784,197.36033036426832,199.07278442382812,20567200
2015-09-14,199.71496492371335,200.78524876574826,195.21977278716676,196.71817016601562,7212800
2015-09-15,198.21651495228642,201.64142233807107,196.71811797100563,196.9321746826172,8962800
2015-09-16,197.36031417684697,203.56795963360244,197.36031417684697,201.64144897460938,9371200
2015-09-17,206.3506886936886,209.13342619681924,204.6382348456082,206.99285888671875,9367200
2015-09-18,203.78198711187633,204.85227065763198,199.28679621970258,200.57113647460938,9437200
2015-09-24,197.3603319245069,198.85872923846736,190.5105156321162,190.93862915039062,12646400
2015-09-25,192.8651433096058,194.36354064941406,189.65429186715954,194.36354064941406,10965200
2015-09-28,193.4977509690633,196.96079796627248,188.95250178522625,190.2511444091797,10442000
2015-09-29,187.87034419797502,188.73610615280438,183.10865344641343,183.54153442382812,12189600
2015-09-30,183.32506145940764,186.7881086652524,183.10862100904234,185.2730255126953,12369200
2015-10-01,186.35526598314837,189.81831389921152,183.757980046101,186.78814697265625,13866000
2015-10-02,183.10861411361086,191.76623180219767,182.02641190253752,189.81826782226562,10967600
2015-10-05,193.06488237337828,193.49776327556074,190.68403741137473,191.33335876464844,7576000
2015-10-06,195.01284163607986,201.28961456332325,193.71419896147776,197.17724609375,13733600
2015-10-07,197.3936766275347,204.3197705442903,194.79639140875133,202.8046875,9636800
2015-10-08,202.37185750688826,210.38015561143894,201.50609554963955,206.0513458251953,10721600
2015-10-09,204.3197773836097,212.11163330078125,204.10333694146604,212.11163330078125,16389200
2015-10-13,206.7006103515625,212.7609423828125,206.7006103515625,211.0294189453125,9635200
2015-10-14,211.4623048959445,211.89518576574173,201.0731640208111,202.8046875,10969200
2015-10-15,204.5362048678928,211.8951794345683,202.5882410120081,210.38009643554688,9818800
2015-10-16,212.32806637656725,214.05958985364424,209.73078116095175,213.626708984375,8708400
2015-10-19,215.35825520075133,216.0075765732159,207.9992796461528,209.08148193359375,7481200
2015-10-20,208.86504280967364,213.62673290481644,208.6486023508035,212.76097106933594,5879200
2015-10-21,209.51434190538194,215.35823367340396,209.29790146952925,214.27603149414062,9733600
2015-10-22,211.67877750454352,219.2541938774055,211.67877750454352,214.92538452148438,9189600
2015-10-23,217.9555479208,221.6350358201581,217.9555479208,219.03775024414062,14376400
2015-10-26,222.71721987570484,225.31450523868682,214.05960199909825,214.70892333984375,18098000
2015-10-27,208.21572665185045,211.24589315198133,202.1553936515887,209.94725036621094,37065600
2015-10-28,214.925344177813,216.44042716798893,207.3499292269334,209.73077392578125,13914800
2015-10-29,210.38012904250277,212.97741458623736,205.6184388789893,208.6486053466797,10243200
2015-10-30,207.78283603404995,211.67876420968838,206.05131240043286,210.16368103027344,10767200
2015-11-02,207.78280568677326,209.29788864490598,203.67043765755588,204.7526397705078,8571600
2015-11-04,209.51434636734976,211.67875077197112,208.2157037245769,208.43214416503906,8715600
2015-11-05,209.7307836989726,211.46230719700333,207.78281976368802,209.51434326171875,4086800
2015-11-06,208.64855573564301,208.86499614615715,205.4019495779307,206.70059204101562,8426400
2015-11-09,208.432154864429,217.7390942820515,207.9992739612838,217.30621337890625,11786400
2015-11-10,216.224007538255,225.74738724964962,215.35824574631002,223.79942321777344,12503200
2015-11-11,222.50078251115528,224.0158656605503,220.98569936176025,222.06790161132812,6543200
2015-11-12,219.90348860361044,223.3665356682342,218.8212863959155,222.93365478515625,5374000
2015-11-13,219.2541632552843,220.7692463182527,216.0075566917806,217.9555206298828,10969200
2015-11-16,214.49247072291348,216.87331550389436,213.19382811510573,213.626708984375,5448000
2015-11-17,215.7911463926686,218.17199153842523,214.05962265030016,214.92538452148438,9368400
2015-11-18,224.6652241005564,229.8597957560606,222.93370021538834,228.99403381347656,18649200
2015-11-19,233.1064108771247,241.11470911524316,230.72556545498134,240.2489471435547,22357600
2015-11-20,238.0845020332441,240.0324661407888,234.83789518733622,237.4351806640625,10586000
2015-11-24,238.08450783548304,244.36128122387305,236.13654368046545,243.7119598388672,9012400
2015-11-25,242.62977055140902,247.824341910226,241.11468723842074,245.44349670410156,9568800
2015-11-26,245.87636996034826,246.95857229292022,242.19688202960361,243.92840576171875,6326400
2015-11-27,246.09275817871094,248.90648364601373,243.49547313196993,246.09275817871094,7423200
2015-11-30,244.5776929497079,248.47362080200415,239.81600335245696,241.98040771484375,11038400
2015-12-01,241.98039920078534,248.25717163085938,241.76395877216208,248.25717163085938,9290400
2015-12-02,248.25714010321138,249.9886633123009,244.14477248162373,245.2269744873047,5356800
2015-12-03,246.52569907052177,247.60790143694197,244.5777348109654,245.44349670410156,4264400
2015-12-04,241.5475429131733,243.71194741956373,238.95025750550474,239.59957885742188,6115600
2015-12-07,245.8762748367795,247.60779789901034,244.14475177454867,245.01051330566406,4581200
2015-12-08,242.19690290971235,243.7119863059304,237.65165272105824,238.08453369140625,6630000
2015-12-09,236.5694329988225,241.76400426320652,235.9201115907745,239.8160400390625,8736400
2015-12-10,235.9201412501995,237.43522472611818,232.02421231212278,233.10641479492188,6398400
2015-12-11,233.53924820182323,238.9502595132649,233.10636729690788,237.86805725097656,15038800
2015-12-14,231.80772284175575,232.45704419425365,227.6953542759356,231.1584014892578,6207600
2015-12-15,229.64336543755243,231.5913298946099,225.09811503775168,225.7474365234375,7718400
2015-12-16,228.9940207345145,232.67350878034318,227.69537789481026,230.29266357421875,7195200
2015-12-17,235.48724497295393,238.9502926931444,229.21047098010862,230.07623291015625,8882800
2015-12-18,231.5913298946099,241.11471168466863,225.7474365234375,225.7474365234375,12700000
2015-12-21,222.93366341098243,223.36654431080956,217.7390926130566,222.06790161132812,7624000
2015-12-22,222.06791798227383,224.23232264097044,219.9035133235772,222.7172393798828,5980000
2015-12-24,224.8816550825901,225.53097651208748,219.68708364661111,220.11996459960938,6295200
2015-12-25,220.11996459960938,220.11996459960938,220.11996459960938,220.11996459960938,0
2015-12-28,216.4404518712012,223.36654633107963,216.4404518712012,220.3363800048828,4744400
2015-12-29,220.76926434748128,224.23231163136333,217.08977660835657,222.2843475341797,4908400
2015-12-30,222.93367860816684,225.74740464885244,217.9555479208,219.03775024414062,5657600
2016-01-04,212.7610009938729,214.059643929746,205.1855838679466,206.0513458251953,13522800
2016-01-05,209.08146594075853,212.3280725547455,206.26774020863652,211.46231079101562,14048800
2016-01-06,212.97740783691407,214.05961011250812,206.70063463846842,207.7828369140625,10023200
2016-01-07,206.05128284801137,208.2156870796081,202.15535523113718,202.37179565429688,11180000
2016-01-08,199.1252165020637,215.14181000331664,199.1252165020637,206.48419189453125,20423200
2016-01-12,204.75266167891652,207.56638747365852,202.5882572214227,205.61842346191406,15787200
2016-01-13,209.94722277708726,214.4924719299933,209.0814610336766,214.27603149414062,9023200
2016-01-14,206.70060794542943,210.38009520728522,203.2375611107416,209.73077392578125,11005200
2016-01-15,214.92536627139987,216.87333031615574,206.70062919354166,207.56639099121094,9027200
2016-01-18,202.15539450670676,206.4842038109189,198.25946613291583,204.53623962402344,6211600
2016-01-19,205.40201337693415,211.89522770918705,202.80472764403297,211.6787872314453,6981600
2016-01-20,210.1636712011928,211.0294329775108,201.28961299393336,201.93893432617188,8356000
2016-01-21,207.13353405801223,213.41030781734594,200.64031982421875,200.64031982421875,11470800
2016-01-22,207.1335019723664,212.11163211381302,205.8348593267716,211.46231079101562,10295200
2016-01-25,212.5445306104658,213.4102924459463,208.43216189193336,212.76097106933594,9428000
2016-01-26,208.86500652875526,208.86500652875526,203.0211151543756,204.1033172607422,10726400
2016-01-27,206.2677624731949,211.24589315198133,206.05132200889983,209.94725036621094,7011200
2016-01-28,227.26250943270597,241.98046242453836,222.28437827370385,238.08453369140625,37405600
2016-01-29,235.92003524573138,240.68172403050764,227.695300072027,239.16664123535156,24699600
2016-02-01,241.54750934691418,247.39140070208146,240.68174766466717,246.09275817871094,12438000
2016-02-02,240.4653876364768,243.2791140444644,237.86810172141134,240.2489471435547,8355200
2016-02-03,233.75572449768873,235.92012935414883,228.12827187089255,228.99403381347656,10900400
2016-02-04,229.21042044543864,234.40499088046275,228.7775395758533,232.88990783691406,10694800
2016-02-05,228.77751583442867,232.02412201940163,225.31446923712417,228.34463500976562,6182400
2016-02-08,226.39667614048867,241.11462449379005,223.15006988608394,238.73377990722656,11937600
2016-02-09,229.42688935480572,230.29265120142762,221.85147319686402,223.15011596679688,11298400
2016-02-10,227.04603401289006,228.56111717598847,213.84316644874679,220.3363800048828,16008800
2016-02-12,211.678740234375,214.4924658203125,206.48416992187498,211.0294189453125,16832800
2016-02-15,216.8733468014019,225.7474059020581,216.4404658696626,222.7172393798828,12370400
2016-02-16,222.93363054631428,229.85972392251045,220.76922636625298,226.18023681640625,9429200
2016-02-17,224.4487607141198,227.91180813111683,214.92538031737797,218.388427734375,9978000
2016-02-18,223.3665349339202,228.3446650729514,221.63501140730068,225.3144989013672,9474000
2016-02-19,221.85144291720383,222.2843237814325,214.4924682253161,217.73907470703125,8006400
2016-02-22,217.30622129858992,222.2843518661871,216.44045946074695,221.85147094726562,6271600
2016-02-23,223.36651138232654,228.34464099646755,222.93363054631428,226.18023681640625,5422000
2016-02-24,224.66515687795786,227.04600150768576,221.63499098557693,225.09803771972656,6680400
2016-02-25,227.04599126663499,230.2925974334601,225.74734879990496,227.6953125,5340800
2016-02-26,229.85979029313503,235.70368326668932,228.56114741012297,228.777587890625,7433200
2016-02-29,229.42687929138657,233.5392478824586,223.15010617869768,223.36654663085938,7803600
2016-03-01,224.01586092435397,224.2323013696915,217.08976667355267,219.47061157226562,10110800
2016-03-02,223.15013008406666,231.59130862264922,222.2843681826736,228.56114196777344,9718800
2016-03-03,227.91178970266338,237.21872888330395,227.91178970266338,233.9721221923828,6866800
2016-03-04,231.59132567239465,237.65165942830777,230.7255637072642,235.92013549804688,6650000
2016-03-07,238.08449222307604,241.9804202776355,236.35296864327185,237.651611328125,6940000
2016-03-08,233.9721221923828,235.7036457608741,228.12823014872478,233.9721221923828,8905600
2016-03-09,230.72547954541247,230.72547954541247,223.79938635080345,228.34463500976562,10062400
2016-03-10,231.59131735395536,232.88996025500558,229.85979348588842,230.72555541992188,4847200
2016-03-11,225.96378179532346,232.2405535118602,225.74734139130496,231.5912322998047,15846800
2016-03-14,235.05438062116758,241.33115505764442,234.6214996255485,240.46539306640625,7344400
2016-03-15,241.33110449029925,241.98042584767225,237.21873589360357,237.86805725097656,5109600
2016-03-16,237.00227716694707,240.0324432677117,234.62143237348914,238.9502410888672,6481600
2016-03-17,241.5474671812024,253.88456899959715,241.33102679842352,245.01051330566406,14791600
2016-03-18,244.57773036474785,247.3914564662892,239.1667186310145,239.8160400390625,6809200
2016-03-22,245.2270111464435,246.95853461437954,240.03244074263534,243.06260681152344,4944000
2016-03-23,242.62971676177844,245.87632314128484,239.59955080757246,240.898193359375,4475600
2016-03-24,239.1666804459015,240.24888261986487,232.6734674021214,232.88990783691406,7826000
2016-03-25,231.59125360452904,231.80769402845849,226.82956427808077,229.42684936523438,7130800
2016-03-28,232.2405654616583,232.2405654616583,224.88159134637743,227.26243591308594,5079600
2016-03-29,226.1699018807247,229.01068325700433,225.07729365907866,228.1365966796875,4106400
2016-03-30,231.63297510421665,232.94410515197637,227.04401993705764,227.6995849609375,5586400
2016-03-31,230.32178382250578,233.59960807045417,227.4810028076172,227.4810028076172,5873600
2016-04-01,227.9180129398264,228.13653452462012,213.2770667586487,214.3696746826172,9525200
2016-04-04,213.93263717037237,217.64750421010305,210.4362917212141,211.74742126464844,6956800
2016-04-05,209.56219288815734,210.21775762086273,201.47689451812417,203.22506713867188,8069200
2016-04-06,203.22509039015998,207.15847923642113,201.91396077473956,206.50291442871094,6418400
2016-04-07,206.28438898749016,211.0918641545715,203.2250866084384,208.25108337402344,6360000
2016-04-08,208.90666724033042,216.11788064925398,204.9732781081903,213.277099609375,9096400
2016-04-11,212.62153525328026,213.2771001101763,206.72145154121594,213.05857849121094,6101200
2016-04-12,213.7141401871391,222.23648320073667,213.05857533993927,221.1438751220703,8827600
2016-04-13,221.36239179156559,230.97734266898797,221.36239179156559,230.10325622558594,7505600
2016-04-14,231.63293250521323,234.0366704840409,230.10328106414104,232.50701904296875,9278000
2016-04-15,225.7328585920663,230.75885641163794,223.98468543743266,228.1365966796875,9852400
2016-04-18,220.48830139648925,222.01795264502783,216.77343407860985,218.30308532714844,8181200
2016-04-19,225.95130422491775,229.44764935799193,225.29573951246635,228.35504150390625,7600000
2016-04-20,232.06993775695335,233.81811054608295,228.79211377733537,229.01063537597656,5385200
2016-04-21,235.56627612527646,239.9367079643354,233.59958179769995,239.28114318847656,8958000
2016-04-22,236.00331422002148,242.34044025000352,234.25514152209539,241.68487548828125,9059600
2016-04-25,242.12197875976565,245.1812817404847,239.71824070348637,242.12197875976562,6591600
2016-04-26,242.77752483008686,248.2405654428251,241.02935183401064,243.651611328125,10510400
2016-04-27,241.4664388534126,241.90348218165406,232.50705062446244,238.18861389160156,13302800
2016-04-28,235.78479906478017,250.2072242161013,230.9773240143398,231.6328887939453,23982800
2016-05-02,225.0772409401979,226.60689209221866,220.05124429784397,224.64019775390625,11754800
2016-05-06,226.3884235250539,230.32181312297953,224.42172872609106,228.1365966796875,11903600
2016-05-09,229.44768652642324,233.16255383208915,228.5736001015607,232.28846740722656,6462000
2016-05-10,233.3810877572498,235.34778231700187,230.10326349099628,233.599609375,8640000
2016-05-11,236.00337960706642,239.0626826760469,232.06998994694865,232.94407653808594,6965200
2016-05-12,232.06992679884453,234.25514268207283,229.22914615064778,234.03662109375,4928400
2016-05-13,239.06265430635617,239.28117592820843,224.42170564225574,225.0772705078125,11827200
2016-05-16,226.60693794928335,234.91076016921852,226.1698946745499,231.19589233398438,5775200
2016-05-17,237.3144856733227,239.28118030597454,234.25518291141984,236.44039916992188,6796000
2016-05-18,240.3737699697868,246.49237502356317,239.9367267516599,244.5256805419922,11191200
2016-05-19,247.58498798838832,250.42576896265933,247.1479447615774,249.11463928222656,7288000
2016-05-20,248.02203743363086,253.48507790573726,247.14795095809382,253.04803466796875,7809200
2016-05-23,253.48512707726428,257.8555603027344,248.8961721905207,257.8555603027344,9967200
2016-05-24,255.67027573732986,258.29253497566145,253.92210291177548,254.35914611816406,8444400
2016-05-25,260.04063627991496,263.5369809693928,258.07394239208367,258.9480285644531,8906800
2016-05-26,263.974118410886,263.974118410886,256.32586166884875,258.5110778808594,5405200
2016-05-27,261.3518509280194,262.444459000461,259.8221996266013,262.0074157714844,6393600
2016-05-30,264.4111079224525,269.43710418874707,263.9740647688617,269.00006103515625,7831200
2016-05-31,267.2518572408981,270.52968051041034,265.5036848304916,269.43707275390625,7897600
2016-06-01,265.72224287325673,269.65563133684117,262.4444191536031,266.3778076171875,6998000
2016-06-02,264.8481897654267,265.28523298286143,256.98141185160216,258.29254150390625,9329200
2016-06-03,258.7295588470563,259.16660202078447,252.39243282799836,256.1072998046875,7465200
2016-06-06,253.26655033470217,255.88880969968616,251.2998558109642,255.6702880859375,5811600
2016-06-07,255.88884447483733,260.25927734375,255.6703228313917,260.25927734375,6120000
2016-06-08,260.2592534955764,264.8482075874379,259.8222102487324,263.97412109375,4486000
2016-06-09,262.00740885210115,263.10001689568793,256.7628902428848,258.29254150390625,7410400
2016-06-10,260.2592605514143,263.1000417329159,258.72960914599037,260.9148254394531,11500800
2016-06-13,258.073949968857,258.2924715183649,246.92935094395293,247.36639404296875,8725600
2016-06-14,249.1146163668921,249.55165955350068,242.99601175437195,245.61827087402344,6098000
2016-06-15,243.87010656802642,249.98871139231383,243.4330633662916,248.67758178710938,6546400
2016-06-16,246.71087585338043,249.1146133506233,239.28114177099343,239.93670654296875,8184400
2016-06-17,244.96272033908227,246.71089318717563,241.24785303688387,246.05532836914062,9022400
2016-06-20,250.86281258346688,257.4184609959268,249.5516829009749,255.6702880859375,9541200
2016-06-21,253.26651917545462,256.5443429784156,251.73686806740614,256.1072998046875,4392000
2016-06-22,255.23324436412523,256.5443740440779,252.82950661754526,255.88880920410156,4329600
2016-06-23,255.233238014015,259.60367017178925,252.61097871935047,258.7295837402344,3620000
2016-06-24,259.16660398066534,262.44442780841405,238.18853148307352,241.02931213378906,12611600
2016-06-27,245.83678220579137,250.86277864199866,242.5589584430475,250.4257354736328,9920400
2016-06-28,246.92933992056072,249.1145553180878,242.77743066525926,245.18116760253906,10623200
2016-06-29,245.18128015499303,247.1479749155946,241.24789063378995,242.7775421142578,13044000
2016-06-30,246.71090399788338,252.39246600314908,246.71090399788338,248.02203369140625,9390800
2016-07-01,250.20725490993922,252.17394949001735,244.74421440972222,245.83682250976562,5361200
2016-07-04,242.7775031535758,244.30715438856683,238.62559265860014,239.71820068359375,8532000
2016-07-05,237.53296650691527,238.62557444852942,233.59957791710434,234.03662109375,6685200
2016-07-06,230.54030797656438,230.54030797656438,223.11057293276988,226.38839721679688,11619200
2016-07-07,226.82542712189428,229.01064318279887,224.6402110609897,225.51429748535156,5761600
2016-07-08,227.26248723540755,233.16257103863447,224.42170614496496,224.85874938964844,11755200
2016-07-11,224.85874938964844,224.85874938964844,224.85874938964844,224.85874938964844,0
2016-07-12,240.37369372797946,246.4922968410553,239.93665064847406,245.18116760253906,10598000
2016-07-13,249.98873349144344,254.35916589514,249.33316863088896,252.39247131347656,10511200
2016-07-14,254.5776886992402,258.9481211232615,250.8628211388221,258.5110778808594,8797600
2016-07-15,257.41846653672513,258.07403139208185,252.17394769387167,253.2665557861328,8037600
2016-07-19,256.54441350049314,265.28527937785236,255.23328361888923,264.8482360839844,10405200
2016-07-20,262.4444608206072,269.00010930072233,262.2259392046034,267.9075012207031,8704000
2016-07-21,272.2778800822956,274.24457424019346,270.3111859243978,271.1852722167969,7894000
2016-07-22,267.2519383656803,270.3112410125483,265.28524380697945,267.0334167480469,4917200
2016-07-25,267.68903346420024,268.34459844411253,263.7556435847263,264.6297302246094,5208000
2016-07-26,263.75555438118045,263.75555438118045,255.8887772828188,256.5443420410156,7534000
2016-07-27,260.04072693572647,267.2519403717592,258.51107560081044,266.1593322753906,12577200
2016-07-28,295.0041431103626,305.27465772235297,290.4151897730903,291.2892761230469,35332000
2016-07-29,286.26327670350366,300.03013657550423,283.8595392655353,299.8116149902344,19748000
2016-08-01,295.878261437325,298.937563992807,292.60043727073725,297.6264343261719,11043200
2016-08-02,298.06341864272554,305.4931519520017,296.97081080312614,303.9635009765625,13676000
2016-08-03,298.71907404731303,304.40063653833727,296.31533607034123,297.1894226074219,13058800
2016-08-04,299.59307880890674,307.45985549535504,294.56708259256476,306.8042907714844,13080000
2016-08-05,308.11548964090923,309.64514100792087,301.55984092514524,303.3080139160156,10614000
2016-08-08,308.333959270456,315.5451716417707,308.1154376834465,312.92291259765625,9417200
2016-08-09,314.45262251191724,314.88966576766694,305.2747141411733,307.4599304199219,11427200
2016-08-10,307.8969411653969,312.04885165662654,305.93024672218286,308.333984375,8039600
2016-08-12,314.8896575091342,315.54522237556546,309.86366019982813,310.9562683105469,10204800
2016-08-15,308.98957875461673,310.08218688316913,306.1487976203805,308.77105712890625,5626400
2016-08-16,308.77102641258847,309.2080696205327,301.5598134815089,301.9968566894531,8036800
2016-08-17,298.28198774145284,310.08215428946636,297.84494453597085,309.6451110839844,8344400
2016-08-18,306.58585550828906,312.70446132028627,305.05620405528975,308.9895935058594,7887600
2016-08-19,311.1747387845092,320.7896885784126,310.519174025834,320.5711669921875,12048800
2016-08-22,323.4119457294145,323.4119457294145,317.94890610560685,321.44525146484375,7049600
2016-08-23,317.0748218020302,317.5118649747415,311.3932605567837,313.3599548339844,7799600
2016-08-24,311.3932901135433,328.0009322529323,311.3932901135433,327.3453674316406,12212800
2016-08-25,327.3453792128452,330.40468182231103,325.59720629315046,328.8750305175781,13393600
2016-08-26,327.1268547264305,327.78241956556167,316.85633891337625,323.4119873046875,13118400
2016-08-29,331.93428364506474,336.7417584575673,329.53054623881343,330.4046325683594,9588800
2016-08-30,326.0342475582702,332.3713743539738,325.8157259446252,329.7491149902344,7273200
2016-08-31,333.9010362027921,340.01964157823596,333.6825145822405,338.489990234375,10242400
2016-09-01,337.83446105552827,338.05298269916057,327.3454221611781,329.9676818847656,10879200
2016-09-02,330.6231626130172,330.6231626130172,321.44525591787726,326.47125244140625,9860400
2016-09-05,328.6564673765458,330.4046400753572,324.7230788042201,326.9082946777344,4878400
2016-09-06,326.2527308534267,328.0009035572629,325.1601229135291,326.47125244140625,6992400
2016-09-07,320.13417472916313,325.3786936325761,317.29339365648116,324.941650390625,7000400
2016-09-08,322.10086965036913,327.1268669379936,316.2007858779404,318.16748046875,8517600
2016-09-09,317.73048240645915,320.3527422337476,317.074917449637,318.38604736328125,10468800
2016-09-12,316.2007692267581,317.94894210430755,310.95625059410975,312.0488586425781,6719600
2016-09-13,318.6045069333886,319.697114981857,311.3932938134971,312.0488586425781,5971600
2016-09-14,310.51921907750574,317.73043246917194,309.8636542237179,313.5785217285156,5886400
2016-09-15,310.9562795722085,313.36001750284396,305.4932388207642,306.1488037109375,8436400
2016-09-16,308.1155056668084,308.55254893725777,301.7783782452925,303.0895080566406,8001200
2016-09-20,300.24871780792574,303.74506386682447,293.0375040614472,293.9115905761719,14415600
2016-09-21,292.81888858730224,298.28192755348323,290.852194559477,295.2226257324219,14683600
2016-09-23,296.09674804064696,301.99683084293287,293.03744584686905,299.8116149902344,8004400
2016-09-26,298.0634292533909,299.3745587075847,290.19665252822807,291.5077819824219,7857600
2016-09-27,289.3226488353588,295.6597763400608,285.3892593496817,295.00421142578125,8564800
2016-09-28,293.69310698018404,294.56719360810126,289.1041521836187,290.8523254394531,6814000
2016-09-29,298.2820165672632,309.20809776020326,297.1894084479692,303.3080139160156,12846000
2016-09-30,298.71907404731303,300.68576875574445,296.09681443607104,297.1894226074219,7673200
2016-10-03,301.5598272330494,305.93025951178925,300.03017593549043,302.6524353027344,8720400
2016-10-04,303.74501145053915,311.1747455435739,303.0894466776243,310.3006591796875,10150800
2016-10-05,311.39329676889673,315.98225061601727,309.4266022629879,310.73773193359375,9124000
2016-10-06,314.67116783405174,315.98229770002695,309.6451700144801,310.5192565917969,5434000
2016-10-07,311.39325962757334,314.6710834131267,309.42656535624127,313.7969970703125,4758000
2016-10-11,315.9822692871094,318.604528783268,314.6711395390301,315.9822692871094,6024400
2016-10-12,313.57849569881665,313.79701729860676,303.08945890889106,304.6191101074219,8094400
2016-10-13,306.5858542202356,308.55254893725777,299.8116835282703,303.0895080566406,5061600
2016-10-14,301.559805434031,305.7117157987024,295.6597222842347,298.7190246582031,10510800
2016-10-17,299.37458278647716,303.5264930586984,298.2819748201032,301.7783203125,4452000
2016-10-18,299.59313270761646,304.1820866002933,299.59313270761646,302.6524353027344,4153600
2016-10-19,304.40059433314633,304.40059433314633,298.5005110258994,301.9968566894531,5195600
2016-10-20,303.3080317675852,304.400639951186,300.2487288535029,302.2154235839844,5277600
2016-10-21,304.1820727291742,305.49320235300684,300.90424866959256,301.9968566894531,4596800
2016-10-24,305.05617910497654,305.7117439597867,296.752357610715,300.0301818847656,5535600
2016-10-25,291.0707908494938,296.97087444779436,283.4225343331783,295.44122314453125,14319600
2016-10-26,295.44127245240855,300.9043137329635,292.8190126377422,300.2487487792969,6944000
2016-10-27,312.4858725302012,318.38595543811414,300.2486635360115,304.40057373046875,20273200
2016-10-28,309.4265642924669,321.6637730497961,307.8969131978007,321.44525146484375,17614400
2016-10-31,321.2267451181621,329.53056574026425,319.4785723556143,328.4379577636719,13208400
2016-11-01,325.597159590582,330.4046344301745,322.9749005871679,329.5305480957031,7893200
2016-11-02,326.90829299271473,327.56385775138995,318.38595112993676,320.5711669921875,8563200
2016-11-04,314.015522167668,319.6970834594977,312.26734946248956,319.2600402832031,9372800
2016-11-07,321.44533985631244,323.19351301664585,317.9489935356455,322.7564697265625,8086400
2016-11-08,324.2860727657673,325.3786808276466,321.00824858012953,323.8490295410156,5345200
2016-11-09,324.28604441980445,327.78238991220127,298.06345322682836,301.7783203125,16477600
2016-11-10,321.445335681029,326.6898550939078,318.60455433238633,324.504638671875,11474400
2016-11-11,329.9676173654842,329.9676173654842,315.9822349076094,317.73040771484375,13228400
2016-11-14,323.6305098081757,330.84172305845914,321.4452936717262,329.7491149902344,9836400
2016-11-15,329.5306013839323,330.40468785975173,322.75643119633156,326.2527770996094,6893600
2016-11-16,329.5305904583789,332.5898930223162,322.9749421070849,324.28607177734375,8254800
2016-11-17,324.94171628914034,329.96771459085534,319.6971963221334,329.0936279296875,7821200
2016-11-18,332.15287770917337,339.5826131316154,331.9343560791016,338.7085266113281,14601200
2016-11-21,340.4566521874874,341.54926018552175,334.99361219731594,339.3640441894531,7857600
2016-11-22,337.61586331887116,338.7084712907769,334.9936041862974,336.0862121582031,5562400
2016-11-24,340.8936694003666,341.3307125662645,335.6491514095917,337.1788024902344,6316000
2016-11-25,337.39737616862186,344.17154628599707,337.39737616862186,341.11224365234375,7780800
2016-11-28,339.3640915015436,340.0196563917591,335.43070216025075,338.7085266113281,5245200
2016-11-29,336.96030659377766,340.23813058788056,334.1195257988885,339.3640441894531,6623200
2016-11-30,340.8936656605114,341.5492304021662,335.86766930782437,338.9269714355469,8084000
2016-12-01,343.07893124534974,351.38275251116073,342.86040963309154,344.1715393066406,9148000
2016-12-02,336.9603691502621,338.70854227166427,329.7491550244783,332.15289306640625,10137600
2016-12-05,331.2787079016367,336.08618255456287,329.0934921503067,335.6491394042969,5795600
2016-12-06,339.3640699062895,341.11224283562007,333.46398626979897,334.7751159667969,5971600
2016-12-07,334.9936462994918,340.0196436020934,333.0269517028216,337.61590576171875,6885200
2016-12-08,340.4566502604794,342.8603878425495,337.6158694816692,340.2381286621094,5998400
2016-12-09,340.89368962784545,344.6085567584053,339.58256005235376,341.9862976074219,13616800
2016-12-12,346.1382318343295,346.1382318343295,339.8011051151404,345.0456237792969,6998800
2016-12-13,345.482666015625,346.57527406754036,339.14553931451616,345.482666015625,4518800
2016-12-14,342.2048846289309,346.7938390205066,340.4567115273783,346.5753173828125,6191200
2016-12-15,349.63463404859397,355.53471849816395,348.10498252463134,353.5680236816406,10065200
2016-12-16,357.0642937965763,363.61994178549753,356.84577219694563,360.12359619140625,9500000
2016-12-19,359.0310226254347,359.2495442460223,353.56798211074454,358.3754577636719,4584000
2016-12-20,358.37549669989227,368.20897069470635,357.71993176690466,367.55340576171875,10354800
2016-12-21,385.03505362897505,398.5833926329458,381.7572296764015,397.0537414550781,30228000
2016-12-22,395.52414595417457,413.66144104489086,395.52414595417457,412.3503112792969,26297600
2016-12-26,412.350269072097,421.52817649182566,411.6947042564021,417.59478759765625,15135200
2016-12-27,417.59475772437304,426.11709971874797,415.4095418283794,424.3689270019531,11635200
2016-12-28,426.11712004009047,437.6987648411801,425.6800768400493,435.9505920410156,12233600
2016-12-29,429.39499146456546,434.4209888201304,421.30969137083065,421.7467346191406,14265600
2016-12-30,420.43555624116726,432.2357225805763,414.09842987370683,430.0505065917969,10334400
2017-01-04,430.26910522705566,436.169189453125,420.21710987893755,436.169189453125,17012000
2017-01-05,436.1691152767259,436.1691152767259,426.1171216380839,428.3023376464844,9077200
2017-01-06,423.93197754402723,430.05058340548743,421.3097178891157,429.8320617675781,8188800
2017-01-10,430.0505065917969,441.1951081345721,426.11711781199386,430.0505065917969,12482400
2017-01-11,431.14308679796505,433.7653458154894,426.5541335172974,428.7393493652344,5773200
2017-01-12,429.83197211150423,435.9505766967214,427.20971300355404,428.9578857421875,9082800
2017-01-13,428.9578985974071,432.8912873772102,425.24303141648204,430.0505065917969,9563600
2017-01-16,430.26904985276633,432.235744341682,424.80600960577846,427.2097473144531,6407600
2017-01-17,427.6467425312226,430.4875231407811,421.0910949707031,421.0910949707031,7415600
2017-01-18,419.5614698456555,431.3616361850645,415.6280810658525,430.0505065917969,9704400
2017-01-19,433.7653937096763,443.16182289331164,430.26904796692827,441.6321716308594,13774800
2017-01-20,438.1358121904084,441.63215782384805,433.1098153423389,440.9765930175781,8526800
2017-01-23,440.3211041350863,457.80283531662815,437.04327953854715,453.86944580078125,17018800
2017-01-24,449.49894861446035,454.9619888261091,447.9692973551987,448.8433837890625,10289600
2017-01-25,458.23983664328625,458.8954015025756,452.77679614920794,458.6768798828125,12182400
2017-01-26,459.7693794777866,474.1918029785156,455.1804265457364,474.1918029785156,17411600
2017-01-27,480.7475794643906,483.8068822428003,455.3990707289954,465.2325439453125,29330000
2017-01-30,464.35850878121636,470.91415831695116,463.70294382764286,469.1659851074219,12756400
2017-01-31,456.71011891764863,467.19915514159464,456.71011891764863,461.299072265625,10825600
2017-02-01,451.46563844151467,465.4510212393157,451.46563844151467,464.5769348144531,10372400
2017-02-02,470.0400717121865,473.9734614336274,466.7622469443191,469.1659851074219,16958000
2017-02-03,470.04001448990465,472.0067091112013,452.3397628982346,454.30645751953125,14228000
2017-02-06,456.2731416336516,458.02131459010235,440.3210634060383,445.5655822753906,13417600
2017-02-07,444.6914880172066,447.96931225320566,439.88401247107464,442.2877502441406,10606400
2017-02-08,442.0691732630341,444.9099539117832,434.6394392586133,439.6654357910156,8520000
2017-02-09,438.79138378516404,442.2877294726953,437.26173254686915,437.91729736328125,6707600
2017-02-10,444.035932631368,451.68418934499886,441.19515156630507,451.4656677246094,12920400
2017-02-13,456.273142065418,461.95470417925947,455.39905558636553,458.6768798828125,10452400
2017-02-14,461.0806491342688,465.01403855816307,451.46569720919405,451.9027404785156,8146400
2017-02-15,451.9026609142878,454.74344166471616,438.35432195070666,439.4469299316406,9494000
2017-02-16,438.5728612045942,440.7580772544427,433.3283426849578,438.3543395996094,8276000
2017-02-17,435.07650564093336,437.261721641139,431.3616384405839,435.9505920410156,6538400
2017-02-20,433.1097893413414,434.8579620531127,431.1430950405987,432.0171813964844,4660800
2017-02-21,432.23569365889654,439.2283843550971,431.58012890612775,436.3876037597656,5039600
2017-02-22,436.38764322005693,439.8839888843138,433.3283407638322,439.2284240722656,7922400
2017-02-23,441.41359550654744,444.69141923555645,437.0431638678687,438.57281494140625,6654000
2017-02-24,435.950613689849,443.16182684862844,431.5801814724069,439.8840026855469,6676400
2017-02-27,434.85805943949185,435.2951027153104,428.52093194012235,429.8320617675781,6601600
2017-02-28,433.983892469783,436.8246732362015,431.14311170336447,431.36163330078125,5084400
2017-03-01,431.3616308727293,440.7580595087614,428.520850122301,439.4469299316406,7432000
2017-03-02,447.96927876405374,451.02858115561315,442.9432819779205,450.3730163574219,7701600
2017-03-03,447.7508028717041,448.6248893585205,435.7321136779785,437.0432434082031,8390400
2017-03-06,434.8579462280891,437.4802052003188,430.9245577697445,432.2356872558594,5048800
2017-03-07,432.2357393919967,432.2357393919967,426.5541776001909,429.39495849609375,6392400
2017-03-08,425.0245641072591,425.89865061442055,417.157785542806,419.5615234375,9917600
2017-03-09,420.8725650428641,432.45420883687854,420.43552188082583,432.2356872558594,9718800
2017-03-10,432.6727449633255,440.75804373284217,430.92457225640294,439.6654357910156,13338800
2017-03-13,437.0431808092339,439.44691830368464,430.05048991628615,430.7060546875,6183600
2017-03-14,430.4875091092671,436.38759172142454,427.86525017053043,434.8579406738281,4604800
2017-03-15,427.8652667667385,431.58013374070913,426.11709407310525,426.9911804199219,5235600
2017-03-16,425.8985803015344,439.4469189258008,422.62075644082483,437.480224609375,9321600
2017-03-17,434.85800066631344,437.0432167500637,428.5208740234375,428.5208740234375,6370800
2017-03-21,423.93185151934256,426.3355888217718,419.56142006038027,425.24298095703125,5673200
2017-03-22,414.0984725140511,417.1577752133633,409.5095184650827,410.8206481933594,7876400
2017-03-23,415.1910132635976,418.0317938806643,412.56875423245907,413.4428405761719,6669200
2017-03-24,414.31696947906045,430.70609010718783,413.8799262623104,428.5208740234375,10218400
2017-03-27,423.7134161951108,429.6134998656977,421.7467216382485,427.42828369140625,7619600
2017-03-28,431.58016318141824,441.6321568555171,428.7393823604773,441.41363525390625,11374800
2017-03-29,446.4697212952047,450.86627197265625,443.3921358209886,450.86627197265625,10576400
2017-03-30,450.6464248861455,465.37486901657076,450.6464248861455,459.8791809082031,11331600
2017-03-31,462.7368985689603,463.8360360952524,454.82310837965747,457.2412109375,9401600
2017-04-03,457.02144062519073,458.78006088733673,446.689546585083,450.206787109375,10417200
2017-04-04,449.5473450217158,453.0645858629615,442.73269089180224,447.1292419433594,7410400
2017-04-05,448.2283758650938,453.94389218313813,440.0947564894153,442.9525146484375,6810400
2017-04-06,446.03003621499136,458.78003232167913,445.37055365774887,448.00848388671875,15904400
2017-04-07,450.42657481195414,453.50415999856585,438.995544118825,447.5688171386719,14737200
2017-04-10,448.88780315120044,453.2843536228087,444.2714251560118,450.64642333984375,6919600
2017-04-11,447.56877006816677,450.86618242132124,442.5127377933299,445.8101501464844,7634000
2017-04-12,440.09469899423004,441.4136641260809,429.7628054613985,432.180908203125,11442800
2017-04-13,421.18954955351296,425.80592770623934,409.97834546832024,419.6507568359375,16121600
2017-04-14,428.0041238864054,428.4437788672851,415.69378442177333,417.8920593261719,12729600
2017-04-17,415.47405782678356,419.87060870325746,411.95681712560446,414.8145751953125,7461200
2017-04-18,423.16797138137895,427.5645217333933,414.1550431597496,418.1119384765625,9394800
2017-04-19,415.69385393089226,424.48695501880115,415.0343713492991,423.3878173828125,9432000
2017-04-20,436.35764654986724,442.9524724423086,434.1593712523868,442.5128173828125,19138000
2017-04-21,446.68945618558644,456.1420381816397,441.63342395513934,455.9222106933594,17473200
2017-04-24,463.6161331837657,469.7713023298755,457.24113656815206,461.8575134277344,16490800
2017-04-25,461.6378068370261,475.2671135150716,461.6378068370261,473.2886657714844,16248800
2017-04-26,477.6851945369552,484.9395025994124,477.465367019911,481.64208984375,14009600
2017-04-27,478.344674379771,490.87484278034407,473.28864151638186,489.5558776855469,16978400
2017-04-28,457.2412625578147,462.7369508097116,440.7541978021243,457.4610900878906,36295600
2017-05-01,460.0989708212835,472.6291386840705,457.2412132385426,466.4739685058594,21629200
2017-05-02,465.37488960961,469.5516127567912,458.99989112180714,465.8145446777344,12244400
2017-05-08,473.2887406376224,473.72839576129877,459.8792593654928,465.1551208496094,14458400
2017-05-09,462.7368793413333,465.3748092948231,451.5256770390017,451.96533203125,15213600
2017-05-10,449.32744421177796,451.3058918624169,442.5127911929105,449.5472717285156,13778400
2017-05-11,451.9653792301736,453.0645168255777,444.71107110050644,448.00848388671875,8890000
2017-05-12,449.10764787739134,451.08609566539747,443.831787109375,443.831787109375,13422000
2017-05-15,439.65502697405486,440.97399205497703,435.9179592447754,438.99554443359375,10128800
2017-05-16,444.9309510575964,455.2628456720762,444.2714684226296,454.6033630371094,14549200
2017-05-17,447.7886448646659,451.08605756617305,440.75416443478406,441.8533020019531,12784000
2017-05-18,428.663672394975,436.1378082213489,427.3447072491443,433.4998779296875,9149200
2017-05-19,437.2368914600817,437.45671895704504,430.4222390542182,435.478271484375,9776000
2017-05-22,439.65504181690704,439.65504181690704,427.5645281669421,428.6636657714844,8032000
2017-05-23,428.6636136838903,428.6636136838903,419.21103143342503,419.8705139160156,10412000
2017-05-24,426.0257471428543,429.76281510024774,423.6076443468938,429.10333251953125,10324000
2017-05-25,430.20241830863205,431.52138331111126,423.8274207966492,426.02569580078125,7492800
2017-05-26,424.04729968066556,426.9050575323238,420.74988677490614,426.2455749511719,5573600
2017-05-29,426.2455043505682,428.22395176632637,422.5084370096916,423.6075744628906,4654800
2017-05-30,422.2886376014123,422.7282926119291,414.15501990685095,420.0903625488281,8374400
2017-05-31,422.06881237367355,437.01708281190787,418.11191725767037,435.03863525390625,14910000
2017-06-01,437.6765375302488,448.22825716935074,437.2368825452862,444.2713623046875,13968400
2017-06-02,448.22835180410755,451.7455924264056,444.9309387207031,444.9309387207031,10683200
2017-06-05,440.09474773796234,454.38353824893517,439.65509264531704,452.40509033203125,14103200
2017-06-06,456.80155592698316,467.353276179387,454.60328087439905,462.95672607421875,20652400
2017-06-07,465.3749484114476,471.7499477047551,456.8016734997582,465.1551208496094,15495600
2017-06-08,466.9137123780671,472.1895735348814,464.2757817996599,468.6723327636719,12588800
2017-06-09,472.6291573450708,478.7843277663089,469.99122716454013,474.60760498046875,18844400
2017-06-12,463.61623468476733,464.0558897200303,457.0214091558233,458.780029296875,16078800
2017-06-13,456.80161955460255,459.43954998513925,453.0645514446756,455.0429992675781,12179600
2017-06-14,464.05591463890653,466.0343624038284,444.2714369896874,448.22833251953125,14782400
2017-06-15,443.8317401872708,446.46967029239573,438.99553499454174,442.0731201171875,15998000
2017-06-16,445.15076625959676,449.10766195968205,439.65507778725606,444.9309387207031,15011200
2017-06-19,447.1292075872765,458.99989451437233,444.71110469471995,457.9007568359375,15113600
2017-06-20,463.83604316457354,465.59466323344395,459.6593205010063,462.0774230957031,12388400
2017-06-21,453.7239708533654,457.68086594801684,450.86621328500604,451.52569580078125,9935200
2017-06-22,452.62485962215914,454.6033072844221,444.27141393704886,444.4912414550781,9786800
2017-06-23,444.9309079634189,448.4481483425764,441.4136675842615,447.7886657714844,9736800
2017-06-26,447.78862821138824,454.60328087439905,446.0300081693209,448.6679382324219,7025600
2017-06-27,449.10760505563525,450.4265701218779,442.29295221338134,446.2498474121094,9830800
2017-06-28,439.8748886609714,442.95247408888423,427.34471941875483,428.2240295410156,17188800
2017-06-29,437.0171327299596,440.0947181717199,428.663686530896,431.74127197265625,15658000
2017-06-30,422.5085144042969,424.04730712064963,416.79299860070074,422.5085144042969,18846400
2017-07-03,420.7499120547749,420.7499120547749,411.9568104444347,412.83612060546875,12512400
2017-07-04,417.6723005171449,420.31023083620056,408.2197168738621,411.29730224609375,13230800
2017-07-05,407.7800451493288,419.43090358216676,407.12056259652667,418.1119384765625,10912800
2017-07-06,425.58605728149416,430.20243496894835,419.87054204940796,422.0688171386719,12983200
2017-07-07,417.67226461301817,425.14639987451426,416.7929545822539,424.26708984375,8138400
2017-07-10,429.7628054613985,435.69814855472725,429.54297793942334,432.180908203125,10318400
2017-07-11,433.06022288107727,435.47832564843355,431.3016026866364,433.4998779296875,7708800
2017-07-12,432.4007522917596,435.4783377173237,427.564546623016,431.081787109375,6490400
2017-07-13,435.25850726712133,437.89643761419484,431.3016117465112,436.1378173828125,7762400
2017-07-14,436.1377657043147,437.01707571581534,431.74121564681155,433.0601806640625,7915600
2017-07-17,433.0601806640625,433.0601806640625,433.0601806640625,433.0601806640625,0
2017-07-18,430.4223153798529,437.89645160197495,428.2240400204052,437.2369689941406,9627600
2017-07-19,437.8963741650318,442.07309660937693,435.478271697253,441.19378662109375,7065600
2017-07-20,444.49121795475133,451.08604314695833,443.39208042271684,449.3274230957031,10942400
2017-07-21,453.06453242679294,460.75849585956234,452.84470490014235,458.34039306640625,14048800
2017-07-24,455.4825463573042,457.0213387436464,451.7454791333302,456.14202880859375,7081600
2017-07-25,455.9223788561345,467.5732400323038,455.9223788561345,466.91375732421875,13923600
2017-07-26,469.1119198181468,471.96967753025365,464.2757144591969,466.6938171386719,16090000
2017-07-27,450.6463614635967,480.7627280589688,449.54722399661233,478.564453125,42446000
2017-07-28,470.43084182849884,475.9265292330374,454.1636071110648,454.8230895996094,23061200
2017-07-31,450.2068019240256,455.4826628840728,444.7111134239765,445.5904235839844,14449200
2017-08-01,440.973956376481,442.9524038377912,427.1248241473093,431.9610290527344,15850800
2017-08-02,436.35767767281766,442.0731938539226,434.1594022185465,436.7973327636719,9426400
2017-08-03,431.9610526129372,432.4007076283193,420.09036719761986,424.26708984375,15606400
2017-08-04,420.0903531637152,421.62914566614637,415.6938031567689,420.3101806640625,11504000
2017-08-07,424.2671490612449,424.92663167636596,417.2326678332864,420.7499084472656,8316800
2017-08-08,425.8058707042995,429.9825932357304,425.5860432026452,429.5429382324219,12096800
2017-08-09,429.7627872501119,431.3015798387312,411.5171036993399,418.3317565917969,15953600
2017-08-10,420.9697061360677,423.1679813639323,409.97832999674483,412.1766052246094,14284800
2017-08-11,412.1766052246094,412.1766052246094,412.1766052246094,412.1766052246094,0
2017-08-14,407.78005476888023,415.69384558919273,402.7240217447917,412.1766052246094,9587600
2017-08-15,418.5515417974915,421.6291266636495,416.57309438353275,417.8920593261719,7834800
2017-08-16,418.77145651462524,422.0688695580475,415.474043471203,416.57318115234375,7018800
2017-08-17,416.13345088155967,418.9912083361081,411.73690095148504,412.6162109375,8106800
2017-08-18,405.8016006138014,410.41797851894216,402.0645327858303,404.4826354980469,10377600
2017-08-21,405.5817070548121,407.7799818897975,399.6463650003514,403.1636047363281,6222400
2017-08-22,398.98693134690996,402.9438265338215,397.8877937949901,402.7239990234375,7358000
2017-08-23,405.36200007840233,407.7801031157464,398.76717361291855,402.5042419433594,8536400
2017-08-24,399.20678684240875,403.3835098325,398.7671317908202,402.0645446777344,6310400
2017-08-25,402.7239989572747,407.3403766745797,401.1852063848397,405.5817565917969,5810000
2017-08-28,406.021425983362,407.56021861026164,399.20677292137816,400.96539306640625,6368400
2017-08-29,397.0085215510327,398.98696933284845,392.8317984560883,396.12921142578125,8188000
2017-08-30,400.3058468810225,400.3058468810225,393.2713674190825,397.4480895996094,10477200
2017-08-31,398.1076421742874,403.38350270006475,397.66798713047257,402.94384765625,6794000
2017-09-01,405.58177501011045,411.9567730997003,403.3834998068036,410.8576354980469,10822800
2017-09-04,409.97828560079483,412.8360430875564,407.9998381099599,411.0774230957031,10444800
2017-09-05,415.25422309379235,419.43094635413223,414.1550853937029,415.6938781738281,14298800
2017-09-06,410.85758859803354,414.3748285218262,407.1205211790038,411.95672607421875,11276400
2017-09-07,419.87058436701966,424.9266175819105,418.11196411836204,419.6507568359375,14399600
2017-09-08,422.7283373774964,424.04730254872106,418.5516143352851,421.1895446777344,18017200
2017-09-11,422.7283063748988,432.62054443359375,421.40934130040614,432.62054443359375,10504400
2017-09-12,439.6550081833219,446.6894883142551,438.7756981669553,442.2929382324219,14132800
2017-09-13,444.0516267449732,444.9309368969435,440.5343861370922,441.4136962890625,6633200
2017-09-14,441.6335256372987,447.34904164853305,440.9740430206178,444.9309387207031,8612800
2017-09-15,444.05160946025165,450.86626287276044,444.05160946025165,448.22833251953125,10217600
2017-09-18,448.22833251953125,448.22833251953125,448.22833251953125,448.22833251953125,0
2017-09-19,457.24125937352386,467.57315321513715,456.581776787889,465.3748779296875,18901200
2017-09-20,464.0558918777444,465.8145120269732,458.9998589487117,462.2972717285156,10842800
2017-09-21,461.85764264355515,462.2972977055671,457.68091955444163,460.97833251953125,10784800
2017-09-22,462.5170997797057,462.7369272986124,450.8662412776503,453.7239990234375,12126000
2017-09-25,458.1205396757121,471.7498455585788,457.6808846472325,459.6593322753906,10843200
2017-09-26,450.4265606277376,453.94380073024803,446.03001049959965,449.3274230957031,14004800
2017-09-27,457.4970048570518,465.0041950911926,455.9514068676699,460.3674011230469,11159200
2017-09-28,465.6666716221401,470.74506585984005,463.4586741274879,463.6794738769531,9958400
2017-09-29,464.3418173022055,466.7706142543331,461.0298214583952,464.7834167480469,9082800
2017-10-02,466.77074174213953,469.6411389240921,464.3419441266412,467.21234130859375,6915600
2017-10-03,485.31772366830427,501.2153015136718,477.810534130214,501.2153015136719,33099600
2017-10-04,511.15147939664496,514.9050755736397,502.76108794218595,504.9690856933594,18084000
2017-10-05,502.31941699348437,503.64421545588476,497.682622375083,498.78662109375,9258000
2017-10-06,500.99458828333553,505.4105828913861,499.89058963132294,501.4361877441406,7716800
2017-10-09,501.4361877441406,501.4361877441406,501.4361877441406,501.4361877441406,0
2017-10-10,501.65693911510033,512.4761248618609,499.6697417330423,511.5929260253906,11076400
2017-10-11,511.8137714250807,512.0345711539095,504.7481801025602,510.9305725097656,5614000
2017-10-12,512.0345760191681,514.904972521216,505.63138382229187,509.3849792480469,8734000
2017-10-13,506.73535321209886,515.7881416572823,503.20255772129553,514.6841430664062,14080000
2017-10-16,521.9704518695357,534.3352341473251,519.3208556671524,530.36083984375,15674000
2017-10-17,529.2569117713813,531.0233094744148,525.9449160781937,527.2697143554688,7512400
2017-10-18,529.9193976454038,529.9193976454038,519.5418094415147,524.8410034179688,7616400
2017-10-19,527.0489662505421,538.5305524445212,525.2825683745452,533.0105590820312,9129600
2017-10-20,528.5945338759311,536.3225241372752,526.8281361019096,531.6857299804688,9287200
2017-10-23,542.0633535081564,542.2841532448197,533.6729635149549,534.1145629882812,10811200
2017-10-24,536.3223634563509,539.4135586347736,531.9063703443184,538.7511596679688,8748000
2017-10-25,540.9593139698735,546.4793069695661,532.348124890353,535.8809204101562,14353200
2017-10-26,518.8794504909881,523.2954458143157,509.1642607796675,517.7754516601562,26700000
2017-10-27,523.7369725858812,552.8825376707616,523.0745733794066,551.5577392578125,28652400
2017-10-30,553.544896399033,555.0904944344511,543.6089090284879,553.3240966796875,19349200
2017-10-31,551.99931595009,567.8968962494527,551.99931595009,567.2344970703125,16399200
2017-11-01,576.0665098019766,593.288889167463,573.1961132410622,590.1976928710938,19213200
2017-11-02,590.19758926132,591.7431871381734,576.9496074597191,584.0151977539062,15041600
2017-11-03,584.0151977539062,584.0151977539062,584.0151977539062,584.0151977539062,0
2017-11-06,592.4055658947436,595.7175612314641,583.7943780192702,584.8983764648438,11008800
2017-11-07,566.3514297373973,578.937017064895,553.3242428545489,574.7418212890625,28660800
2017-11-08,572.9753722078725,576.5081683370926,567.4553782559663,569.0009765625,15996800
2017-11-09,574.52078374974,577.6119793579245,551.1160170020564,563.7015991210938,30494000
2017-11-10,551.999394691856,558.844187186035,547.3625997764444,550.4537963867188,21465600
2017-11-13,553.3241146253231,555.9737113434013,539.1929321289062,539.1929321289062,15183600
2017-11-14,536.543335410828,550.4537181807384,534.5561378722695,539.1929321289062,17261600
2017-11-15,535.2185603302272,542.7257513579615,520.4249780108687,523.5161743164062,20184800
2017-11-16,521.0873734190529,534.5561572235284,519.9833747465549,533.0105590820312,16334800
2017-11-17,545.8169171048521,546.7001159998438,527.7113397575229,530.14013671875,16040400
2017-11-20,523.957834796783,525.2826333676977,511.3722483730929,515.5674438476562,16145600
2017-11-21,522.6329998315872,523.7369985638044,509.8266145378685,511.8138122558594,12756800
2017-11-22,517.1128773307883,520.8664720851108,510.4888865878661,510.7096862792969,12902400
2017-11-23,510.7096862792969,510.7096862792969,510.7096862792969,510.7096862792969,0
2017-11-24,506.07298849033236,510.7097828874951,499.2281967611874,510.4889831542969,11484000
2017-11-27,513.8008852871982,514.2424846729199,501.43610248699053,505.189697265625,11087200
2017-11-28,503.20262108153213,504.08582006544003,490.39623581486745,498.5658264160156,13883200
2017-11-29,502.09863207018054,504.0858298224372,486.8634493028796,490.1754455566406,17734800
2017-11-30,479.1353249091163,499.00729690995524,473.1737333088646,493.4873046875,24932400
2017-12-01,497.46172283653334,499.0073207326078,484.65534026905937,487.0841369628906,17200000
2017-12-04,482.447377031699,485.3177733252514,476.2649850148168,480.2393798828125,13400400
2017-12-05,474.9401643687897,475.1609640732847,464.5625782575237,471.8489685058594,13357600
2017-12-06,469.4201645057163,472.2905606198152,459.70497765799684,464.1209716796875,17575600
2017-12-07,471.8489584617383,481.12254585312485,465.2249674678908,472.2905578613281,18691200
2017-12-08,477.1481853182354,490.17536853608635,471.6281924293155,486.8633728027344,26960400
2017-12-11,487.9674835413058,489.73388167177205,475.60269662804194,485.98028564453125,12275600
2017-12-12,487.9674314022729,491.9418267711602,473.83624786845144,474.94024658203125,13393200
2017-12-13,472.2906233445653,473.61542172701854,464.3418330498461,468.0954284667969,9574000
2017-12-14,465.0042623270169,474.27785160419387,463.90026360354346,465.44586181640625,9211600
2017-12-15,467.87462390349066,474.4986157473343,464.783427709697,469.6410217285156,11362000
2017-12-18,480.4602157704151,485.09701013217006,473.8362238250509,483.9930114746094,11836000
2017-12-19,488.40903127836486,490.8378284501831,476.92744464795123,478.9146423339844,11205200
2017-12-20,477.5897557371905,479.5769530564853,470.52416526858667,472.06976318359375,9858800
2017-12-21,472.0698189536451,473.1738175947902,464.3418284656294,470.9658203125,8118000
2017-12-22,468.757811511341,468.97861123414424,459.9258225992102,463.4586181640625,11626000
2017-12-25,463.9002585558035,466.54985546330926,461.0298619060055,465.6666564941406,4594000
2017-12-26,464.7834877649026,466.32908606150795,455.2890982286124,459.0426940917969,6149600
2017-12-27,455.28897793814076,465.224964362591,454.84737854149853,461.6921691894531,6538000
2017-12-28,460.8091023665349,464.34189855142444,456.1723073738673,459.9259033203125,5648400
2017-12-29,459.04257280959973,466.9913619491599,458.8217731112786,461.6921691894531,5894000
2018-01-01,461.6921691894531,461.6921691894531,461.6921691894531,461.6921691894531,0
2018-01-02,461.6921691894531,461.6921691894531,461.6921691894531,461.6921691894531,0
2018-01-03,461.6921691894531,461.6921691894531,461.6921691894531,461.6921691894531,0
2018-01-04,476.70654877693426,489.0713318855532,472.73215420630675,479.1353454589844,17719600
2018-01-05,485.7594339751133,486.2010334605452,465.225057902529,474.94024658203125,13488400
2018-01-08,474.94024658203125,474.94024658203125,474.94024658203125,474.94024658203125,0
2018-01-09,482.0057793474478,490.3961685436013,480.6809810533183,488.18817138671875,15580400
2018-01-10,499.22814910279675,512.0345324057433,495.6953537088804,497.9033508300781,22703200
2018-01-11,489.29216879036636,491.7209656571055,479.3561816082515,482.88897705078125,16728800
2018-01-12,486.8633978260356,492.60419072557164,482.2266035610258,484.4346008300781,14399600
2018-01-15,486.42180344442005,489.512999653327,482.4474083186826,484.21380615234375,9212800
2018-01-16,485.75938932469063,487.08418765921255,476.2650012606171,486.20098876953125,10136000
2018-01-17,486.2009370498422,503.8649129644595,484.65533915731316,500.55291748046875,22335200
2018-01-18,517.5545958167371,529.698581640082,513.8010001986123,516.2297973632812,36668800
2018-01-19,521.30817008101,523.2953676797939,507.61858662271993,510.4889831542969,14842800
2018-01-22,510.48893692076234,511.3721357735664,502.3193475323245,508.5017395019531,8253600
2018-01-23,512.2554022606383,521.308191697141,511.15140354886967,518.87939453125,14208000
2018-01-24,516.6714273390598,517.3338266048792,512.697031744144,514.905029296875,9016800
2018-01-25,503.4233701197642,504.7481684621846,493.70818227534767,502.09857177734375,16791600
2018-01-26,495.69528247014574,496.7992808720837,477.8105083587507,483.5513000488281,25543600
2018-01-29,494.37062560843475,497.0202225299628,485.3178361265474,492.1626281738281,13478800
2018-01-30,486.6425522885433,490.83774670482387,480.0185611049424,485.0969543457031,11193600
2018-01-31,507.17702771301003,520.6458125151405,503.2026321976273,512.697021484375,43943200
2018-02-01,517.7753178806823,522.4121117721512,504.0857359153935,511.5929260253906,17780000
2018-02-02,505.6313515635779,508.06014844881776,494.37056600473835,500.1113586425781,17066800
2018-02-05,482.0057581140265,486.2009525272956,476.48576546498816,483.77215576171875,15643200
2018-02-06,463.2378296128001,471.4074195535406,455.9514385845721,469.6410217285156,26836000
2018-02-07,482.44739534267546,487.5257889778615,467.2122144371173,468.7578125,18344000
2018-02-08,469.1994884682055,479.797876913605,467.21229063469315,476.0442810058594,12788800
2018-02-09,456.61376620683154,462.57535793196905,451.75617294931203,462.1337585449219,20758400
2018-02-12,462.1337585449218,462.1337585449218,462.1337585449218,462.1337585449219,0
2018-02-13,471.18654597938996,473.8361423016733,460.14656130320935,462.1337585449219,13077600
2018-02-14,459.92588797323725,463.0170845318668,447.3403019845313,457.9386901855469,14903200
2018-02-15,462.79618753956606,486.86335568928587,461.4713892927925,479.57696533203125,19772400
2018-02-16,478.69381849194,497.9033951565151,476.0442217106193,487.9674072265625,16255200
2018-02-19,485.9802906255928,492.604283682734,483.99309270845043,491.0586853027344,9417200
2018-02-20,487.52582743755727,490.17542432580484,476.9274398845669,481.7850341796875,9057200
2018-02-21,485.75938558343597,500.77376659237854,483.7721880969583,493.0457763671875,15222400
2018-02-22,489.5130361836843,490.8378346577944,481.56424533902367,490.6170349121094,11995600
2018-02-23,489.0713652046852,490.83776291197074,483.5513723694179,488.4089660644531,6561200
2018-02-26,498.12415498160124,503.42334811970335,494.14976012802464,495.032958984375,10500400
2018-02-27,501.21537288239676,510.26816155560306,499.22817536876613,502.09857177734375,14564000
2018-02-28,491.72092952316007,505.63131055592123,491.0585304263619,500.55291748046875,9820800
2018-03-01,497.46193417359746,504.74832735057424,493.26673810200475,499.22833251953125,10534000
2018-03-02,486.20108541083954,490.61708073700515,482.00588985098216,485.98028564453125,13586800
2018-03-05,483.5514262439039,485.75942362401304,472.0698398673363,475.3818359375,10992000
2018-03-06,484.21386259900294,501.8778429947714,483.3306635792145,496.35784912109375,15337600
2018-03-07,496.35771660626256,503.2025071822386,493.4873205582726,495.4745178222656,13572000
2018-03-08,501.2152843392773,519.9832575414088,501.2152843392773,510.0472717285156,17024400
2018-03-09,513.35926699948,524.178451551297,502.760882132394,510.0472717285156,20461600
2018-03-12,522.1913028793759,528.8152940364082,512.6969155542963,516.0089111328125,12737200
2018-03-13,510.0474400550314,529.6986184813941,510.0474400550314,526.607421875,14044400
2018-03-14,516.892227094333,523.0746202419798,509.38503541504747,514.905029296875,11536000
2018-03-15,515.788168008542,520.6457620565676,507.83937774813637,520.2041625976562,10056800
2018-03-16,519.3209622052588,522.4121584088615,508.94337495030675,510.9305725097656,9225200
2018-03-19,508.72246862829945,513.5800616447154,502.3192778339328,510.26806640625,8324000
2018-03-20,500.7737750908254,511.3721618652344,499.2281770195574,511.3721618652344,8121200
2018-03-21,511.3721618652344,511.3721618652344,511.3721618652344,511.3721618652344,0
2018-03-22,511.81381236091124,516.0090075441974,508.0602166706026,513.1386108398438,8663600
2018-03-23,491.0586345131564,498.1242263766551,489.29223654728173,491.94183349609375,17569600
2018-03-26,485.7593155760626,493.48730468749994,476.706528331236,493.4873046875,10141200
2018-03-27,507.8393908707377,518.2169784233137,504.74819457848105,506.2937927246094,15626400
2018-03-28,496.4801247937585,497.1492354740735,483.76702186777277,494.249755859375,15048000
2018-03-29,497.3722082324886,497.8182819618451,483.32088575775913,489.56591796875,9580000
2018-03-30,499.3796918346187,503.6173935518397,493.8037685224859,497.1493225097656,9619600
2018-04-02,500.2716445128123,516.9994079271953,498.7103865941366,513.8768920898438,14926000
2018-04-03,503.8403946725946,503.8403946725946,492.46551192434214,500.04876708984375,13039600
2018-04-04,504.06347289539,506.5168791793941,486.8896289073612,490.01214599609375,12256400
2018-04-05,496.03412678117945,497.1493114187271,485.10531733321284,494.02679443359375,9451200
2018-04-06,486.22041570337547,492.019374789746,476.40679263413307,486.8895263671875,13104800
2018-04-09,482.2057473438034,493.80366541127694,480.64448914241274,489.78900146484375,7668800
2018-04-10,489.3430367574306,494.91896014801205,479.7524485256304,490.4582214355469,9856000
2018-04-11,495.1418845685608,502.72513865654776,494.02670014385683,497.37225341796875,9646400
2018-04-12,495.1418845685608,504.06335996619254,493.13455260409364,497.37225341796875,7206000
2018-04-13,501.60999217645144,515.6613169906428,500.7178445692012,507.6319885253906,10834800
2018-04-16,506.2937394774419,509.8623297116441,499.6026327883127,504.2864074707031,6907600
2018-04-17,502.05608977464146,506.96290184707243,499.602683738426,505.84771728515625,7584000
2018-04-18,510.3084933557243,525.9210783797193,508.0781240665822,525.0289306640625,17270400
2018-04-19,522.3524699533609,527.9283929887298,512.092771568282,524.3598022460938,14985600
2018-04-20,506.2937103576793,515.88429606049,499.15653029977364,512.7617797851562,20375600
2018-04-23,511.20060334284204,520.122079840972,508.74719730585633,514.3231201171875,9365600
2018-04-24,515.6613065927756,516.107380387406,496.257096526352,500.71783447265625,16868800
2018-04-25,488.0047642159536,505.4016433790452,475.73773403685055,501.6100158691406,22809600
2018-04-26,512.7617865051084,526.8131099282584,507.8549751509926,514.5460815429688,20273600
2018-04-27,566.5137962748986,589.9326736799633,564.5064639258931,584.3567504882812,55915200
2018-04-30,584.3567504882812,584.3567504882812,584.3567504882812,584.3567504882812,0
2018-05-01,577.6656896575304,614.9128596084214,576.5505049284618,589.2636108398438,29380800
2018-05-02,596.4005655472367,614.2435144042969,596.1775286865235,602.1995239257812,16570400
2018-05-03,602.1995239257812,602.1995239257812,602.1995239257812,602.1995239257812,0
2018-05-04,602.1995239257812,602.1995239257812,602.1995239257812,602.1995239257812,0
2018-05-07,613.3514590179651,623.388119256441,613.3514590179651,622.4959716796875,17570800
2018-05-08,614.0204852446886,620.4885542864961,598.4079047989464,600.1921997070312,17987600
2018-05-09,599.9692469460423,610.005907210939,599.3001362617159,606.4373168945312,11088000
2018-05-10,604.8759994091744,615.3587324372832,600.1922250774661,614.9126586914062,9697600
2018-05-11,621.1578658635437,624.9494937700716,618.2583856997283,620.7117919921875,10471600
2018-05-14,617.8123334396718,617.8123334396718,607.3295970961105,613.7976684570312,8516400
2018-05-15,620.0426393732466,626.7337469923824,615.1358271192137,626.0646362304688,9528400
2018-05-16,623.6111540536158,624.5033016273692,615.3587889963969,617.8121948242188,7515600
2018-05-17,623.8342127310447,630.3022828666186,617.8122163979241,627.848876953125,8356400
2018-05-18,623.8341120605469,624.7262595214844,611.7901213378906,613.3513793945312,10864000
2018-05-21,597.9619865504244,598.6310973149344,584.5797712602247,588.3713989257812,18300000
2018-05-22,591.270749423531,591.4937862961917,579.4497951725136,586.5869750976562,13092000
2018-05-23,589.2635825941038,595.2855798424159,579.0038835784608,581.2342529296875,10245600
2018-05-24,581.680226941689,584.1336328068572,575.435193830352,579.0037841796875,7947200
2018-05-25,580.1189739368473,587.7022284981132,576.7734204539357,584.5797119140625,9419600
2018-05-28,587.0331144992477,589.7095572705209,578.7807492878221,583.6875610351562,5457200
2018-05-29,583.464515461988,584.1336261448572,574.3200027961083,577.219482421875,6728800
2018-05-30,568.7441471644811,573.4279224940709,559.3765965053013,562.0530395507812,12090400
2018-05-31,567.6289160605003,576.1043183435254,566.0676577452061,570.3053588867188,9734400
2018-06-01,569.1901276598735,570.3053120792698,550.9011031817741,557.8152465820312,11814800
2018-06-04,568.298050829926,573.8739736206435,558.7074636298919,572.7587890625,9658000
2018-06-05,575.6581734055738,582.7953533935547,573.6508415339543,579.8958740234375,7626800
2018-06-06,582.7954969680487,587.4792724890319,579.4499430244894,581.457275390625,9063200
2018-06-07,583.9105913331107,584.5797020183663,576.7734106903836,581.9032592773438,7858800
2018-06-08,579.4498585022045,579.6728953992415,561.3838698422051,566.7367553710938,15225200
2018-06-11,567.182843081004,570.5283966186425,557.8152931756157,558.038330078125,8256800
2018-06-12,558.4843751993799,558.930448981488,544.6560879540278,546.2173461914062,10552400
2018-06-13,546.8865050140645,548.2247264782097,536.8498440329744,542.6488037109375,7825600
2018-06-14,542.2026766786481,556.7000744508044,540.1953446794264,540.6414184570312,11068000
2018-06-15,529.4895809676296,532.1660236683927,517.4455888141957,517.8916625976562,20138400
2018-06-18,516.553464597893,520.5681288305192,502.5021397837017,507.6319885253906,10604400
2018-06-19,504.95563831948937,513.431042142873,502.50223194956254,508.0781555175781,11536400
2018-06-20,507.63196557806447,518.3377363811168,503.1712277434593,517.8916625976562,12079200
2018-06-21,529.0435547715776,534.6194775663878,511.86971256356276,518.11474609375,11430000
2018-06-22,512.9848455313656,516.999509539872,506.0707019611603,512.3157348632812,5752000
2018-06-25,509.1931440671856,509.63921778077923,494.02663780500046,496.9261169433594,11857200
2018-06-26,488.67385318480854,504.7325101584763,485.10526274621566,503.8403625488281,9882400
2018-06-27,504.95552383757985,507.40892965127836,495.3649374749403,497.5953063964844,8317200
2018-06-28,496.48008868445646,519.0068132833469,490.68112987682133,508.97015380859375,10059600
2018-06-29,524.1366526902858,524.5827264372563,508.5240715463199,514.7691040039062,11270800
2018-07-02,513.8770477698238,525.0288934245509,504.9555712460421,506.2937927246094,8947600
2018-07-03,504.28636846638267,510.9774746379844,500.4947416358084,510.0853271484375,6642400
2018-07-04,502.5020194299802,502.94809312676665,478.41403980350975,488.2276611328125,12459600
2018-07-05,485.7744361414006,500.0487997378421,484.882288416623,492.01947021484375,7633200
2018-07-06,500.4947999115324,512.0927186260599,499.60265231810723,509.6393127441406,9296800
2018-07-09,524.8058842008284,530.3818073223841,521.6833672527571,522.3524780273438,11376000
2018-07-10,525.9211167078938,532.3891881177873,520.3451930786753,527.2593383789062,7232800
2018-07-11,518.5607929668768,528.5974534759131,510.0853907592461,523.2445678710938,7711600
2018-07-12,519.2300022300111,527.259332161403,508.7472659306939,525.4750366210938,8540000
2018-07-13,534.8425165349787,542.8718453903829,532.1660735831773,539.7493286132812,12517200
2018-07-16,539.7493286132812,539.7493286132812,539.7493286132812,539.7493286132812,0
2018-07-17,539.7492865533108,546.4403934114097,534.8424748573716,536.6267700195312,9635600
2018-07-18,546.4403007188652,553.5774801568258,541.0874161403947,544.656005859375,8938400
2018-07-19,554.2466302983546,566.9597320798459,553.8005565516355,562.945068359375,12430800
2018-07-20,548.8938615365037,564.0603721356431,539.9723847134804,545.1022338867188,14355200
2018-07-23,533.9502096977186,541.087388774714,525.2517726976305,533.7271728515625,11261600
2018-07-24,539.7491772891362,550.2319092447517,536.4036245373441,543.9868774414062,9641200
2018-07-25,541.533540992046,558.4843437578596,540.4183565995583,554.2466430664062,14540400
2018-07-26,602.199518910776,604.4298874993344,574.9890221303632,589.0403442382812,44401200
2018-07-27,597.7389929386458,604.2070641308923,593.5012911230359,596.177734375,15995600
2018-07-30,591.0477082926894,600.4152568769509,587.7021552268817,589.4864501953125,11160400
2018-07-31,580.5650813438889,592.3860376678327,578.111675314391,589.7095947265625,10276800
2018-08-01,593.0550570801331,597.2927577512586,590.6016514284289,593.9472045898438,8603200
2018-08-02,594.1703187968808,609.1137915293849,593.7242449839703,598.4080200195312,11889200
2018-08-03,604.2068158795483,611.790068644371,600.415189497137,603.7607421875,10246800
2018-08-06,603.9839702405428,607.1064870733965,597.9619734914679,601.7536010742188,5840400
2018-08-07,602.1996216864425,604.6530275525724,595.0624409849735,599.7462158203125,5312000
2018-08-08,601.5305109956797,603.5378430679679,597.0697730572616,599.7462158203125,7118400
2018-08-09,597.7389365748355,599.5232319078948,591.7169398257607,593.2781982421875,7012000
2018-08-10,583.6875975356272,584.8027820933949,561.3839063802727,564.2833862304688,18540000
2018-08-13,554.2467460679555,555.3619306676899,534.1734232727379,540.41845703125,15490800
2018-08-14,551.3472805116235,554.4697974724498,541.0875819260511,548.6708374023438,12306000
2018-08-15,541.7565089402115,545.1020616920036,537.9648824881804,543.9868774414062,6512400
2018-08-16,535.2885450053419,555.8079392305467,527.7052906177662,548.0016479492188,11236800
2018-08-17,557.5922457273399,558.4843933205037,541.3105521521016,546.886474609375,7801200
2018-08-20,545.7711907518525,548.6706699017396,538.1879375906088,540.8643798828125,5829200
2018-08-21,539.9721991277647,552.0161886993877,536.8496833128994,551.7931518554688,6940800
2018-08-22,554.0236152157294,564.9524224401943,551.5702095122781,560.7147216796875,7094400
2018-08-23,564.9524425028627,567.8519220735446,561.160815371971,566.067626953125,6019200
2018-08-24,567.6288123130798,572.5356232643128,565.8445174217225,570.974365234375,5784000
2018-08-27,574.0969219558809,582.7953601673337,571.4204794292801,581.68017578125,6270000
2018-08-28,591.2707599565676,593.9472024761749,572.312625442683,573.2047729492188,8814000
2018-08-29,578.5577903689319,587.9253413309577,576.1043841645918,584.3567504882812,9222400
2018-08-30,592.6090955414082,596.8467970149825,588.8174679071576,591.2708740234375,9451600
2018-08-31,585.4718491837785,594.839398770719,579.6728899156725,594.1702880859375,6719600
2018-09-03,598.8541308420147,606.6604230503837,592.3860601550805,595.9546508789062,9783600
2018-09-04,598.6309124372982,607.3293496895541,598.6309124372982,604.4298706054688,10488400
2018-09-05,607.9984602474199,613.3513447103466,603.9837969002249,604.4298706054688,6895200
2018-09-06,599.5231647296015,601.0844229710848,583.2414716398467,587.7022094726562,8406000
2018-09-07,557.8153087899808,559.5996040600007,537.5189500935041,545.5482788085938,21171600
2018-09-10,543.0948706995657,544.4330921468747,528.5974716870517,532.3890991210938,15638800
2018-09-11,538.1880465726927,548.0016702980132,535.2885668356661,545.7713012695312,11000800
2018-09-12,539.0802126768336,541.7566556028254,520.5681491053908,525.697998046875,13659600
2018-09-13,509.63928208971237,522.3523845313375,493.13455260409364,497.37225341796875,21822800
2018-09-14,512.3157707126362,523.2445790560924,504.2864421337703,522.12939453125,21024400
2018-09-17,522.12939453125,522.12939453125,522.12939453125,522.12939453125,0
2018-09-18,521.9063944429964,533.9503881609118,511.8697330114004,528.1514282226562,12930400
2018-09-19,544.6560982492499,548.6707623641092,535.5115855431815,536.6267700195312,15351600
2018-09-20,539.7494073083558,539.7494073083558,522.1294886400252,527.2593383789062,12599200
2018-09-21,533.5042211695801,534.1733318148597,522.7984508451069,523.9136352539062,15560800
2018-09-24,523.9136352539062,523.9136352539062,523.9136352539062,523.9136352539062,0
2018-09-25,529.2665717984423,545.1021919407472,527.4822765711403,541.9796752929688,13936400
2018-09-26,553.1380588926118,563.6132959074574,543.8014345967711,554.7321166992188,9661200
2018-09-27,552.2271283387437,554.9597986645437,539.7023893454938,541.7518920898438,11788400
2018-09-28,551.5438938929952,556.7815113824828,540.3854914153912,544.93994140625,13418800
2018-10-01,546.5340988712801,570.6726882380949,544.7123185417091,558.6033935546875,16374400
2018-10-02,553.8212363848547,556.7816295069778,546.0786697577639,548.8113403320312,14252400
2018-10-03,551.0885063060356,553.8211765852391,545.1677207010947,547.6726684570312,8978800
2018-10-04,550.8608005421805,552.6825807837421,533.0984431869553,537.1974487304688,14563200
2018-10-05,525.8113577012936,526.4945253379778,512.3757275131704,515.3361206054688,18181200
2018-10-08,515.3361206054688,515.3361206054688,515.3361206054688,515.3361206054688,0
2018-10-09,491.88067516903607,497.3460160042476,482.54405124221637,492.5638427734375,18239600
2018-10-10,500.98966266037127,507.1381721566576,488.46492109386196,496.4352111816406,11199600
2018-10-11,466.14808795500215,479.5837192150633,456.35601771461864,474.1183776855469,19877600
2018-10-12,467.05894421763094,496.4351528007974,467.05894421763094,494.8410949707031,18190800
2018-10-15,491.880678479718,495.97968413371564,484.3658347807223,490.51434326171875,11548400
2018-10-16,494.3856263793832,495.75196159738243,480.72227419939105,490.51434326171875,13602000
2018-10-17,504.4054204829605,511.9202642192755,502.5836401832478,507.8212585449219,15025200
2018-10-18,509.1875989893283,511.23710184751434,502.8113678749718,504.6331481933594,9518400
2018-10-19,489.6036557226921,496.66305727032164,482.9996994362,495.7521667480469,12153600
2018-10-22,489.3757445705924,501.44503934129574,485.7321838850971,500.5341491699219,8284800
2018-10-23,494.84111796715626,497.57378866002597,478.67281636767717,481.4054870605469,13567200
2018-10-24,491.6529779507004,493.9302034159653,470.93022621678944,477.30645751953125,17406800
2018-10-25,445.42531814454156,446.33620836569605,429.4847392743381,430.62335205078125,28430800
2018-10-26,437.22729214604766,442.009465653895,411.49464422286877,420.6035461425781,19286400
2018-10-29,424.2472187873726,431.0788970287152,409.9006944805532,410.5838623046875,18741200
2018-10-30,410.8114780668195,431.9896751068496,407.1679172857391,419.6926574707031,31152800
2018-10-31,501.6728729292041,501.6728729292041,449.5243990750109,473.8907165527344,80016800
2018-11-01,489.8313863895716,517.6135477747542,479.35614521155196,506.682861328125,46123200
2018-11-02,511.6924533724934,555.6428955179723,508.95978339453615,547.2171630859375,48340400
2018-11-05,539.7024384178067,562.7024157512237,537.6529354871061,548.8113403320312,24432000
2018-11-06,550.4054433892697,574.7717580117985,550.1777208227041,557.9202880859375,27402400
2018-11-07,552.9103223327292,574.7716859834466,551.316264566531,563.3855590820312,17895600
2018-11-08,579.553904906596,582.2865755780614,569.7618350005122,573.1776733398438,15903600
2018-11-09,573.1775092799262,576.365624150772,558.3755473795705,559.7418823242188,15160000
2018-11-12,541.5242522300418,551.3163223923176,524.4450600865375,529.2272338867188,32698400
2018-11-13,500.9896651115774,514.4252970395697,495.52432331036016,512.1480712890625,26145200
2018-11-14,523.5341123801645,534.0093490785063,517.3856038833118,527.4053955078125,16251600
2018-11-15,516.9302090494514,538.3361296003977,512.6034804274515,533.0985107421875,13005200
2018-11-16,527.405324883029,527.405324883029,490.5142788419882,492.79150390625,25063200
2018-11-19,496.662830676998,515.5638003909781,496.662830676998,503.72222900390625,15990400
2018-11-20,490.74212765605034,501.90053334289325,488.2371794406366,490.0589599609375,14402000
2018-11-21,484.5936978703292,515.1085265896074,481.8610266417371,511.92041015625,22996400
2018-11-22,516.7024319043404,520.5737149992606,505.5440276895706,511.2370910644531,14673200
2018-11-23,511.2370910644531,511.2370910644531,511.2370910644531,511.2370910644531,0
2018-11-26,515.1083861506843,527.6331258669918,511.2371029656437,522.6232299804688,14768400
2018-11-27,527.6331081935803,537.1974545656693,521.0291547461854,533.5538940429688,15337600
2018-11-28,531.7322755029439,545.6233542205798,527.6332686682318,544.4847412109375,14184000
2018-11-29,557.464663572417,565.2072283442561,554.0488261730761,555.4151611328125,14778800
2018-11-30,549.9499432793979,559.0588450314376,545.167769859577,554.7321166992188,13112000
2018-12-03,568.3953929924243,573.633010796441,563.1577751884075,563.6132202148438,12586000
2018-12-04,568.8508609121442,573.1775888374167,546.5340537186333,549.0390014648438,19007200
2018-12-05,531.732253630265,537.4253184442935,519.6629562245245,523.761962890625,24166800
2018-12-06,512.3756030374323,513.7419379788654,485.5043491892469,495.9795837402344,27562000
2018-12-07,505.0885913165834,505.99948147224904,482.77178250277586,487.0985107421875,19456000
2018-12-10,470.2470071554069,480.722243150152,467.5143368959081,471.61334228515625,19483200
2018-12-11,477.98964022431034,487.09854237246293,462.5045065724508,468.42529296875,21153600
2018-12-12,477.5341144849362,488.92024024757177,469.5638264510913,480.26678466796875,21956800
2018-12-13,489.83112190343155,491.6529019941928,480.266776426935,485.73211669921875,14166000
2018-12-14,479.12824556501386,484.821309319351,463.8708347033903,472.75201416015625,24139200
2018-12-17,474.573718371173,490.9697393513671,474.3459958575592,482.54400634765625,12475600
2018-12-18,472.5242682515377,492.1084065983484,471.1579330180393,487.0985107421875,20334400
2018-12-19,486.87079659931436,503.7222647697303,475.9401145428284,500.5341491699219,21949600
2018-12-20,482.7718231894753,493.2470608624545,471.84114040027964,480.9500427246094,23464000
2018-12-21,472.9797672000642,490.51440469375945,472.75204463521106,490.28668212890625,18630800
2018-12-24,490.28668212890625,490.28668212890625,490.28668212890625,490.28668212890625,0
2018-12-25,470.9302280887584,487.09852895640915,470.9302280887584,476.1678466796875,22004800
2018-12-26,483.45496819750196,488.9203093358628,464.326274213239,476.1678466796875,16483200
2018-12-27,500.7618705891631,506.22721160514305,490.7420787265332,501.2173156738281,17982800
2018-12-28,496.66281952067493,516.4746788963278,496.66281952067493,511.00933837890625,15734400
2018-12-31,511.0093383789063,511.0093383789063,511.0093383789063,511.00933837890625,0
2019-01-04,488.4649020056743,490.0589599609375,455.21740751018314,490.0589599609375,29302400
2019-01-07,506.9103308919271,520.8014046495226,505.9994408094618,512.3756713867188,12742000
2019-01-08,513.2866575403797,515.5638831727682,497.57380067689866,509.8708190917969,19905600
2019-01-09,505.08854337140315,505.54398840600317,483.454904227903,497.3459777832031,22097200
2019-01-10,500.9895809655117,511.2370951216244,496.4351302294616,508.7321472167969,18721600
2019-01-11,515.5637039494093,531.7320003188474,511.6924217201072,527.6329956054688,23071600
2019-01-15,521.940032227794,543.5736723070438,520.801419592044,541.7518920898438,15088800
2019-01-16,546.3063136356917,549.4944288465712,519.6627793733425,520.5736694335938,18093200
2019-01-17,521.0292685816546,521.9401589113428,492.7916683613202,503.0391845703125,21533600
2019-01-18,511.0093362630208,514.8806191134983,499.8509327528212,512.3756713867188,19087600
2019-01-21,512.3757179581746,516.9301687844695,495.0688048182541,502.5836486816406,19901600
2019-01-22,499.3955114472093,511.23708308207244,496.20739600705383,497.1182861328125,12585200
2019-01-23,491.8806450461812,501.9004359637886,483.2271892537021,492.3360900878906,14066400
2019-01-24,495.75197022548167,524.2172877625443,493.9301899031097,522.6232299804688,27032000
2019-01-25,534.0094352947215,551.9995186159509,533.781712721035,548.1282348632812,24875200
2019-01-28,544.7122136389581,554.5042810246083,542.8904336602325,548.58349609375,17242000
2019-01-29,525.8113444222897,527.1776796611523,505.99948345878204,523.306396484375,27629200
2019-01-30,527.633188697056,531.5044723430854,513.5143895174197,521.9401245117188,23502000
2019-01-31,547.6727636748367,566.3460138292386,535.8311904061916,563.1578979492188,46028800
2019-02-01,561.1082711968031,577.276569595737,560.8805486841421,564.5241088867188,22582400
2019-02-04,560.4250948542368,573.4052778719904,558.6033147815697,570.4448852539062,14178000
2019-02-05,572.9499389073538,582.7420086104604,572.0390487024137,580.237060546875,14222800
2019-02-06,585.4747310418919,594.1281887546853,580.6925570427167,585.7024536132812,14768400
2019-02-07,587.7519757171897,597.7717691815664,572.9500080993604,575.2272338867188,17169600
2019-02-08,557.9202961234889,565.4351409284176,549.4945610391751,553.3658447265625,22136800
2019-02-12,569.3063769607813,584.336065312546,564.2964808435264,580.9202270507812,15998000
2019-02-13,592.0786509119479,613.4845713679952,590.7123155636895,605.7420043945312,28249200
2019-02-14,606.4251559220095,620.3162315927727,606.1974333700297,615.3063354492188,18116400
2019-02-15,624.6429651727815,626.0093004957988,607.1083285273917,612.345947265625,19627600
2019-02-18,624.415172299702,627.3755651661849,613.9399360029163,617.3557739257812,9863200
2019-02-19,611.6627746175432,621.4548443526713,610.2964393056648,615.3063354492188,8937200
2019-02-20,617.8113439887233,622.5935180483485,611.8905570577588,615.7618408203125,10566000
2019-02-21,614.6231278475381,615.9894630706152,602.0983883026641,602.3261108398438,18591200
2019-02-22,590.9399979462969,598.9102869359388,586.8409921801955,593.6726684570312,19504800
2019-02-25,603.6923979074677,607.7914032497289,593.6726070708293,593.9003295898438,9962000
2019-02-26,595.9498938826432,599.3657320210611,587.5241598078791,593.6726684570312,10945600
2019-02-27,594.3559027987008,603.0093603873408,590.0291740043807,590.484619140625,9339600
2019-02-28,590.4846651317413,603.2371299398313,584.336155313555,598.6826782226562,15693200
2019-03-01,608.0191411334405,626.4646656397359,607.7914186086714,623.2765502929688,20654000
2019-03-04,626.4647509153765,654.7023478305007,626.4647509153765,645.1380004882812,21513600
2019-03-05,629.6528354196313,639.4449048312205,621.6825463636866,627.6033325195312,18430000
2019-03-06,622.1379933220306,632.3855078533232,621.2271031414713,626.4647216796875,11284000
2019-03-07,615.9894489255629,616.2171714575131,602.0983744765946,610.9795532226562,17717200
2019-03-08,600.731969718074,601.642859740391,575.4547715987768,576.3656616210938,28294800
2019-03-11,575.910354651026,577.2766900120012,559.7420528794867,567.0291748046875,14684800
2019-03-12,590.4845875924572,592.0786454841453,572.9499507838883,573.1776733398438,11031600
2019-03-13,571.5836420798788,573.63314517897,554.9598947205836,557.9202880859375,11738400
2019-03-14,559.9698178977087,561.79159851714,542.435179435682,543.1183471679688,14046800
2019-03-15,548.5835027363371,550.1775602370238,540.8409377330015,544.029052734375,17968800
2019-03-18,554.0489483176929,557.6925090135758,549.0390523608538,555.1875610351562,12526000
2019-03-19,551.7718471713833,557.692634635872,550.1777890078671,553.5936279296875,13939200
2019-03-20,554.9597809994241,556.553838638733,551.9993882407074,552.9102783203125,10010400
2019-03-22,575.6824785444143,589.3458285098671,573.8606985490206,587.068603515625,23887200
2019-03-25,569.3062740724023,574.9993368131263,566.1181589375968,569.5339965820312,12006000
2019-03-26,570.6727126416973,581.3756725356158,562.2469782571231,580.6925048828125,8181600
2019-03-27,585.7863194651021,589.9539691688063,572.125689880738,577.6825561523438,7470000
2019-03-28,567.2633538113172,584.8600945826071,559.1595916140127,581.155517578125,12068400
2019-03-29,586.9439990224887,596.6685149826246,581.3871327595539,595.7423706054688,13961200
2019-04-01,604.3091604122637,615.4228920980065,602.4568717979732,609.4029541015625,13227200
2019-04-02,630.2411247909888,642.7440714253435,629.7780526934201,640.4287109375,17226800
2019-04-03,641.3549000113505,655.7101360404854,638.3449311665319,653.394775390625,15412000
2019-04-04,659.87787276352,679.3269048028659,659.6463366678136,670.2969970703125,22603600
2019-04-05,658.4886763918488,687.1991531402979,655.941779260938,685.8099365234375,17843600
2019-04-08,690.6721144046086,699.2389492128453,677.9376302302024,689.2828979492188,11768000
2019-04-09,689.7459859112995,713.1311301130589,688.5883055052718,711.9734497070312,11699600
2019-04-10,693.4506633474604,721.2349971042868,687.6622604814548,715.4465942382812,11582400
2019-04-11,715.4465098661534,716.60419030283,695.7659424426508,708.5004272460938,9862400
2019-04-12,710.8157322095788,722.3925356657609,701.5542894446331,718.9194946289062,14477200
2019-04-15,729.3387611166945,730.4964416898956,710.8158719454768,715.4465942382812,11110000
2019-04-16,711.9735599640877,722.3926852318548,699.2390735257056,717.761962890625,9799600
2019-04-17,731.6539579152333,761.7536460573156,730.4962776020762,757.1229248046875,17739200
2019-04-18,755.9653817530361,766.3845064632618,737.4424933793017,743.2308959960938,11733200
2019-04-19,758.2806447040604,773.3304895607822,755.9652839568724,768.6997680664062,10586000
2019-04-22,772.1728818485335,773.330562331065,755.9653550930921,762.9114379882812,8881200
2019-04-23,758.2806631945265,765.2267456054688,742.0731375689946,765.2267456054688,9828800
2019-04-24,779.1188110168548,783.7495320332997,762.9112874592977,772.1727294921875,12826000
2019-04-25,775.6458573694326,803.4301865886362,769.8574554487652,797.6417846679688,17323600
2019-04-26,749.0191179992287,753.64983897604,711.9733501847383,727.023193359375,33776000
2019-05-07,701.5542318238497,715.4463948302626,696.9235108217122,710.815673828125,11962000
2019-05-08,694.6083716267159,710.8159002980059,689.5145769014533,695.7660522460938,12598000
2019-05-09,690.6721021118165,705.0273385620118,688.8198135375977,694.6082153320312,11558400
2019-05-10,696.92374496972,713.1312739225042,686.9676914701525,689.9776611328125,15562800
2019-05-13,680.4844940601841,686.2728956768921,661.9616088867188,661.9616088867188,13813200
2019-05-14,650.3848047836051,682.5683177294652,639.0395376300285,670.5284423828125,25196000
2019-05-15,669.6023468464177,711.9734497070312,664.0454808974847,711.9734497070312,20493600
2019-05-16,708.5004414191307,708.5004414191307,650.6164184273716,667.0554809570312,25328400
2019-05-17,677.7061435529467,690.4406286555816,648.9956680488247,649.458740234375,20635600
2019-05-20,645.9857651533464,654.7841375819582,627.9259480630378,632.3251342773438,18755200
2019-05-21,621.4428095278532,649.9217460300612,614.0336553158967,639.03955078125,22113600
2019-05-22,659.6462118003263,665.2030770453975,631.1672774193364,634.17724609375,16887200
2019-05-23,614.2652710464038,621.6744262192212,604.3092187829302,617.9698486328125,16334400
2019-05-24,606.6245152025441,624.221256864908,601.7622576379435,616.58056640625,17237600
2019-05-27,612.6444685513136,615.4229015152652,600.3730562938609,603.1514892578125,10266400
2019-05-28,614.7283833138895,623.7582917693477,595.5108858317603,620.9798583984375,73579600
2019-05-29,606.1616205248787,607.5508373786408,589.9540905643204,596.20556640625,18465600
2019-05-30,595.0477435010293,604.54072306661,589.0278052399294,599.2153930664062,15034400
2019-05-31,596.2053640642993,599.215332892585,587.4069936431562,590.6484985351562,14027600
2019-06-03,578.8402254619295,585.0916998969184,575.367184109158,583.470947265625,12778000
2019-06-04,582.7762637023689,596.8999633789062,579.5347588585735,596.8999633789062,13125600
2019-06-05,624.4527897312929,626.0735422444998,608.9398728191695,615.6544189453125,20655600
2019-06-06,614.4968920311157,618.2014701292687,606.1615913102717,606.3931274414062,9835600
2019-06-07,627.6944574977076,639.0397280316021,617.2753314971924,637.1874389648438,17952800
2019-06-10,650.3848857437316,659.8778655641278,647.3749165323865,658.9517211914062,17293600
2019-06-11,659.8777954229029,667.0554135485555,654.5524658458058,665.203125,12170800
2019-06-12,667.5184375641771,667.5184375641771,634.17724609375,634.17724609375,16966400
2019-06-13,619.5907054669485,620.2853138811491,600.8362782835319,602.45703125,17878000
2019-06-14,595.0477264462871,604.5407057397882,587.4070357954205,603.1514892578125,23559600
2019-06-17,587.4070371821634,588.1016454247912,572.1256558443539,585.5547485351562,17075600
2019-06-18,586.943898966423,594.5845887754533,577.2193846640207,584.1654663085938,15467200
2019-06-19,611.949872881667,621.4428523701833,609.171439860638,615.885986328125,17158400
2019-06-20,614.2652548946301,631.8619979673749,601.2992336831339,631.39892578125,16032800
2019-06-21,631.399049305313,640.1974225629594,625.610645846335,631.8621215820312,14611200
2019-06-24,624.9158104117845,637.1872212868584,620.9796974895909,636.029541015625,7244000
2019-06-25,636.2612769890328,638.3451021320101,619.1276035912205,622.1375732421875,12433600
2019-06-26,625.1474628681592,656.6363721089257,625.1474628681592,644.1334228515625,18302400
2019-06-27,655.9417409122883,670.9915867150764,650.6164108589941,664.7401123046875,15064000
2019-06-28,669.6025603887806,686.5046997070312,667.9818073034688,686.5046997070312,21362000
2019-07-01,729.3386840820312,732.8117254348028,714.2888382200211,729.3386840820312,18948000
2019-07-02,721.2348501130351,738.6000551719366,715.4464484267347,735.1270141601562,10030000
2019-07-03,718.9195545543324,721.2349154385654,695.7659457120028,700.3966674804688,12515600
2019-07-04,707.3427280829205,716.604171331142,693.9136353729992,711.9734497070312,7332800
2019-07-05,715.4465033680486,729.3386684819914,707.3427403849154,724.7079467773438,7257200
2019-07-08,722.3925812905187,723.5502617092535,710.8157771031706,714.288818359375,7220800
2019-07-09,714.2888327858665,717.7618741122159,698.0813065962358,700.3966674804688,8496000
2019-07-10,707.3426965151037,718.9195000587224,702.7119750976562,702.7119750976562,8351600
2019-07-11,707.3427622411158,713.1311645507812,705.0274013172497,713.1311645507812,5529600
2019-07-12,722.3926776774879,723.550358250689,702.7121079330691,715.4465942382812,7613600
2019-07-16,714.2887946845271,723.5502377274385,706.1850320219799,707.3427124023438,8361200
2019-07-17,694.1451898313036,709.6581076827704,684.4206741632199,708.5004272460938,8620000
2019-07-18,698.0813065962358,710.8157914595171,696.9236261541193,700.3966674804688,8398400
2019-07-19,724.708088627568,754.80778559932,723.5504079748083,750.1770629882812,15379200
2019-07-22,753.649907614968,768.6997521602746,752.492227265329,764.0690307617188,10916800
2019-07-23,782.591940573386,786.0649817297767,768.6997759478229,771.01513671875,9812800
2019-07-24,790.6957441561484,813.8493530626242,786.0650223748532,801.1148681640625,17863200
2019-07-25,872.8909397125244,963.1900024414062,868.2602185469407,963.1900024414062,46480400
2019-07-26,946.9825645107081,973.6092136350923,941.1941625271463,962.0324096679688,33652400
2019-07-29,944.667245110162,974.766936743574,935.4058015306505,965.5054931640625,19863200
2019-07-30,949.2979213169643,1003.7088997339123,948.1402409251143,996.7628173828125,24105200
2019-07-31,988.658935546875,1003.7087788280335,984.0282145372878,988.658935546875,13278800
2019-08-01,971.2938125416757,1017.6010264888355,967.8207714956387,1003.7088623046875,14838800
2019-08-02,980.5553180783294,995.6051635742188,974.7669159645258,995.6051635742188,18178400
2019-08-05,987.5016355714597,995.605400458916,968.9787444001311,993.2900390625,15960800
2019-08-06,956.2440292003542,1008.3396482245867,952.7709879320721,995.6051635742188,23257600
2019-08-07,989.8167536808895,990.9744340945514,938.8788154797677,948.1402587890625,28223200
2019-08-08,959.7168892232162,990.9742547347082,957.4015288149576,977.0820922851562,20359600
2019-08-09,988.65902057315,989.8167009251092,962.0323724780885,968.9784545898438,11282000
2019-08-13,953.9286683548328,996.7628439969794,951.6133075093114,995.6051635742188,13036800
2019-08-14,1018.7585796338121,1028.020021266847,974.7667318768976,977.0820922851562,16021200
2019-08-15,960.8748822310716,970.1363268790819,943.5096735160522,952.7711181640625,21746400
2019-08-16,953.9287567883002,963.1902010289633,944.6673125476372,949.2980346679688,11146000
2019-08-19,962.0325562281639,964.3479173743207,930.7751807550467,931.932861328125,11704400
2019-08-20,926.1443602612516,951.613330168436,923.8289993605985,938.8788452148438,12458800
2019-08-21,945.8248792959246,955.0863224224452,942.3518381234793,951.61328125,9342400
2019-08-22,955.0863428172952,977.0822707124813,953.9286624017591,966.6631469726562,10112400
2019-08-23,953.9286732868976,963.1901167168676,938.8788277131966,960.874755859375,8758400
2019-08-26,940.0365081419428,965.50547757436,938.8788277131966,960.874755859375,9712000
2019-08-27,971.2939258787881,972.451606362553,953.9287186223139,956.2440795898438,7978800
2019-08-28,958.5595135148637,968.9786386617644,945.8250272242074,950.4557495117188,7560400
2019-08-29,950.4557149056612,971.2939644407427,949.2980343759344,967.8209228515625,7341600
2019-08-30,978.2400358883922,1019.9165344587852,977.082355372548,1010.6550903320312,13282400
2019-09-02,1010.6552965318834,1032.6512308206645,1008.3399350278013,1028.0205078125,12130400
2019-09-03,1039.5970428825829,1041.9124037798713,981.7130204503677,984.0283813476562,16851200
2019-09-04,984.028434753418,1007.1820449829102,975.9246711730957,1000.2359619140625,12566800
2019-09-05,1018.7588537425353,1080.1159210702108,1012.9704511644527,1066.2237548828125,22162800
2019-09-06,1069.69683083226,1082.4313169135964,1047.7009003281335,1067.3814697265625,17922800
2019-09-09,1068.5388917891569,1088.2194564266604,1053.4890482428307,1054.646728515625,13466000
2019-09-10,1044.2275170566274,1058.1196791460725,1021.0739135742188,1021.0739135742188,12489200
2019-09-11,1004.8665867928189,1026.862514383906,995.6051435965717,1025.704833984375,11406000
2019-09-12,1056.9623447509236,1076.6429141493527,1051.17394198668,1067.3814697265625,13071600
2019-09-13,1083.5887451171875,1091.6925070999016,1056.962098602556,1083.5887451171875,16532800
2019-09-17,1087.0618021214261,1110.2154081304022,1082.4310809196309,1088.219482421875,9965200
2019-09-18,1097.4810001767914,1104.4270824563914,1072.0120318182583,1074.327392578125,9317200
2019-09-19,1088.2196731729366,1120.6347272674495,1085.9043121661857,1090.5350341796875,13912400
2019-09-20,1094.008075689814,1106.742561226944,1078.9582291459328,1090.5350341796875,9584800
2019-09-24,1102.1119340214416,1127.580907286643,1098.6388922125504,1110.2156982421875,9426400
2019-09-25,1103.2694373012575,1120.6346435546875,1091.692633132304,1120.6346435546875,9293200
2019-09-26,1133.3690473983056,1134.5267277327268,1091.6925553591443,1097.48095703125,13715600
2019-09-27,1095.3790148976432,1125.7413330078125,1073.1911670479042,1125.7413330078125,10031600
2019-09-30,1111.7279787712696,1136.2513900676947,1108.2246343003517,1115.2313232421875,10504400
2019-10-01,1117.5668561734342,1144.4258297282818,1102.385697207651,1140.9224853515625,10853600
2019-10-02,1135.0834261266198,1154.9357082708095,1128.0767383110233,1149.0968017578125,9294800
2019-10-03,1133.9156448240203,1153.76792696821,1129.2445196136227,1149.0968017578125,8374800
2019-10-04,1160.7749194941243,1161.9427011032735,1114.0636551281636,1130.41259765625,15226800
2019-10-07,1133.915763044013,1143.2580144388141,1117.5668231031104,1131.5802001953125,7805200
2019-10-08,1137.419105740875,1188.8014883410788,1131.5801986272156,1181.7947998046875,14113200
2019-10-09,1167.7813201780743,1167.7813201780743,1129.2445366121979,1153.7679443359375,20449200
2019-10-10,1164.2779496296798,1184.1302316193533,1157.2712618686185,1179.4591064453125,12085200
2019-10-11,1186.4660064636353,1191.1371324733345,1157.2714689030142,1170.1170654296875,14159200
2019-10-15,1184.1302834228993,1202.8147849364757,1181.7947207337024,1193.4725341796875,9533200
2019-10-16,1221.4995279947916,1251.8618489583332,1205.1505859375,1226.170654296875,14355600
2019-10-17,1214.4927423650568,1249.5261868563566,1207.4860534667969,1233.17724609375,9108400
2019-10-18,1235.512939453125,1256.5330083663162,1223.835123390241,1235.512939453125,10646400
2019-10-21,1233.1772626768868,1254.1973296543338,1228.5061366818986,1237.848388671875,6555200
2019-10-23,1247.19070650122,1258.8685221051637,1209.821696568599,1256.532958984375,11086800
2019-10-24,1258.8683032813224,1272.8816795701682,1237.8482388480534,1263.5394287109375,9881200
2019-10-25,1275.2169822982596,1303.2437291619576,1272.881420059618,1291.56591796875,10265200
2019-10-28,1305.579714253389,1342.948722174774,1291.5663362828698,1340.6131591796875,10609600
2019-10-29,1345.2843251329787,1345.2843251329787,1303.2441899725732,1317.257568359375,11474000
2019-10-30,1291.5663145846547,1300.908566408052,1261.203996158614,1265.8751220703125,19896400
2019-10-31,1242.5193949854652,1247.1905205305234,1136.2512888353924,1154.935791015625,38214000
2019-11-01,1170.1168048702486,1209.821367111355,1163.1101174159357,1198.1435546875,14462000
2019-11-05,1237.8482606758191,1258.8683254797481,1200.4792565799453,1202.8148193359375,20024800
2019-11-06,1207.4860534667969,1233.17724609375,1202.8149275346236,1233.17724609375,11709200
2019-11-07,1223.8348290924698,1254.1971435546875,1216.8281411396504,1254.1971435546875,10761600
2019-11-08,1275.21748046875,1279.8886067708333,1251.8618489583332,1261.2041015625,12354800
2019-11-11,1270.5461340354514,1270.5461340354514,1233.177130093232,1268.2105712890625,9045600
2019-11-12,1272.8818541828848,1317.2575518516458,1270.5462911476868,1312.58642578125,12800000
2019-11-13,1312.5864593978592,1359.2977212981389,1303.2442070178033,1356.962158203125,16882000
2019-11-14,1352.2907748941602,1363.9685881488595,1251.8615809037476,1254.1971435546875,20362000
2019-11-15,1244.854960534332,1284.5595277558773,1195.808142201835,1272.8817138671875,19897600
2019-11-18,1272.8819958172012,1324.264388308905,1272.8819958172012,1319.59326171875,11785200
2019-11-19,1314.9216914554295,1326.5995039905574,1293.9016288921987,1298.57275390625,9241200
2019-11-20,1286.895055859014,1310.2506830070906,1247.190489707284,1263.5394287109375,11267600
2019-11-21,1244.8549926757812,1254.1972440279449,1202.8148615910457,1214.49267578125,15612400
2019-11-22,1200.4793887380827,1249.5262120133739,1188.801573672537,1240.1839599609375,10361600
2019-11-25,1249.52602823272,1256.5327162415017,1223.8348388671875,1223.8348388671875,7158400
2019-11-26,1247.1905065715644,1272.88169678184,1240.1838183323982,1268.2105712890625,10628000
2019-11-27,1263.5394627562357,1282.2239649781393,1261.2038999784977,1272.8817138671875,7315200
2019-11-28,1277.5530020170122,1289.2308173919394,1240.183992817246,1249.5262451171875,7530800
2019-11-29,1263.5396235670999,1279.8885650919976,1249.5262451171875,1249.5262451171875,7842400
2019-12-02,1247.1906573073309,1265.875161536654,1235.5128421640038,1242.51953125,6625200
2019-12-03,1219.16396484375,1237.8484700520833,1214.4928385416667,1226.170654296875,6078400
2019-12-04,1202.8150715199552,1216.828450993974,1186.4661288002665,1205.150634765625,8622000
2019-12-05,1221.4992761975936,1228.5059642063752,1205.1503375104364,1223.8348388671875,6582400
2019-12-06,1230.8416777325733,1268.2106850261619,1221.4994259091761,1265.8751220703125,8125600
2019-12-09,1282.2237961917776,1282.2237961917776,1223.8347344344106,1228.505859375,9028000
2019-12-10,1228.5059288682116,1254.1971174947332,1212.1569906513344,1247.1904296875,7020800
2019-12-11,1254.1973958635863,1282.2241533130518,1247.19070650122,1256.532958984375,8929600
2019-12-12,1270.5458578209766,1307.9148536392406,1265.8747333436936,1291.56591796875,14365600
2019-12-13,1328.9353442042548,1342.948722174774,1319.5930922239083,1340.6131591796875,20251200
2019-12-16,1349.9553306988073,1368.6398335458496,1340.613079275286,1352.2908935546875,10343600
2019-12-17,1359.2973720753378,1380.317434530111,1347.6195596004638,1361.6329345703125,10435600
2019-12-18,1356.961809580363,1368.639622055237,1338.2773096205644,1361.6329345703125,7126800
2019-12-19,1382.6532484584031,1396.6666259765625,1370.9754338599369,1396.6666259765625,9044000
2019-12-20,1403.6733344845654,1450.3845935356326,1401.337771532012,1436.3712158203125,14195200
2019-12-23,1459.726712602746,1462.0622753429102,1427.0288342404442,1434.0355224609375,8107600
2019-12-24,1427.028781510626,1459.7266586647156,1420.0220935490354,1452.719970703125,6592400
2019-12-25,1455.0555333569885,1487.753410511078,1445.7132827415344,1452.719970703125,7306000
2019-12-26,1452.7197175202548,1469.0686532479747,1434.0352195457176,1450.3841552734375,8900000
2019-12-27,1457.391147492038,1476.0756493829617,1436.371082864749,1466.7333984375,7742400
2019-12-30,1464.3981039864675,1464.3981039864675,1427.0290933584238,1438.7069091796875,8824400
2020-01-06,1403.6733315022786,1424.693398030599,1399.0022056070964,1401.3377685546875,9991600
2020-01-07,1408.3445398549566,1429.3646076139858,1391.9955982646004,1424.6934814453125,10262400
2020-01-08,1401.3375763845916,1429.3643279122834,1370.975262229592,1415.3509521484375,13302000
2020-01-09,1445.713333810211,1469.0689611738653,1436.371082864749,1466.7333984375,10904800
2020-01-10,1478.4115151713213,1501.767147322527,1464.398135880598,1483.0826416015625,14108000
2020-01-14,1499.4314439240225,1518.1159478981535,1471.4046879628258,1478.411376953125,9768400
2020-01-15,1471.4042154947917,1473.7397777416088,1443.377468532986,1450.3841552734375,8856400
2020-01-16,1450.384576645022,1459.726828346439,1420.022258615416,1431.7000732421875,10248000
2020-01-17,1459.726811235743,1464.3979370316974,1415.3511161741765,1427.0289306640625,11115600
2020-01-20,1427.029101404224,1450.3847331784339,1415.351285517119,1441.04248046875,5349600
2020-01-21,1436.3710157942064,1443.3777036761294,1410.679826893822,1415.3509521484375,7413200
2020-01-22,1422.357958984375,1473.7403483072917,1420.0223958333333,1471.40478515625,11826400
2020-01-23,1494.7605456656345,1550.8140661280959,1483.0827289026217,1508.77392578125,23942800
2020-01-24,1522.7869394036788,1546.1425673086433,1459.726744060275,1476.07568359375,17186400
2020-01-27,1429.3643279122834,1448.0488289307448,1413.01538952113,1415.3509521484375,11930000
2020-01-28,1391.9956458946326,1443.3780355081929,1382.6533932376217,1438.7069091796875,13466800
2020-01-29,1434.0354531668988,1438.706578421514,1396.6664511299764,1415.3509521484375,12456400
2020-01-30,1408.3442944723463,1410.6798571497466,1312.5862246989363,1324.2640380859375,22859200
2020-01-31,1347.6198341590582,1384.988841692065,1328.9353303925548,1370.9754638671875,18544800
2020-02-03,1307.9153725645797,1342.9488200439882,1277.5530514157592,1333.6065673828125,16818000
2020-02-04,1324.264131011435,1349.955322265625,1312.5863168049848,1349.955322265625,12073600
2020-02-05,1377.9820328690828,1387.3242839393815,1331.2707775175884,1338.2774658203125,14261600
2020-02-06,1342.948633741755,1361.633136472075,1324.264131011435,1349.955322265625,14120400
2020-02-07,1345.2844579646016,1370.9756542104535,1305.5798819482854,1319.59326171875,12936800
2020-02-10,1296.2371913992245,1328.9350664975832,1291.5660663851731,1298.57275390625,11071200
2020-02-12,1328.935273269127,1354.62646484375,1317.2574589170258,1354.62646484375,11961600
2020-02-13,1354.626456410568,1363.968707834089,1333.6063907076452,1352.2908935546875,10520400
2020-02-14,1349.9552936651105,1387.3242983340408,1345.284168081494,1375.646484375,11702800
2020-02-17,1354.6265371502068,1366.3043521256398,1326.5997812091682,1340.6131591796875,9105200
2020-02-18,1317.2573711515136,1319.5929338663211,1247.190489707284,1263.5394287109375,14483200
2020-02-19,1284.5597966737898,1317.2576824073046,1270.5464170737123,1314.922119140625,13430000
2020-02-20,1342.94873677898,1363.9688039633468,1298.5730393897616,1310.2508544921875,11976400
2020-02-21,1307.9150039343524,1335.94175401866,1296.2371913992245,1298.57275390625,8650000
2020-02-25,1221.4994476894162,1265.8751446418044,1219.1638846919222,1237.848388671875,18996000
2020-02-26,1214.492758696934,1240.1839516693692,1198.1438177144753,1237.848388671875,16458000
2020-02-27,1235.5129569593325,1235.5129569593325,1188.8016920459363,1205.150634765625,15921600
2020-02-28,1149.0967363142167,1174.7879235082337,1137.4189239532998,1147.928955078125,22312000
2020-03-02,1140.922645509705,1223.8351407309835,1135.0837373955305,1205.150634765625,21451600
2020-03-03,1230.8419438975607,1235.513070819373,1159.607258339922,1165.4461669921875,18726000
2020-03-04,1151.4323723245654,1198.1436247515255,1149.0968097032176,1184.1302490234375,16801200
2020-03-05,1207.4858574895575,1212.1569826635985,1167.7812935102104,1179.4591064453125,12678000
2020-03-06,1164.2781145296906,1179.459273495474,1135.0835780570305,1140.9224853515625,15746800
2020-03-09,1091.875682429916,1109.392404607936,1066.1844899021532,1077.8623046875,20658400
2020-03-10,1053.3388585228015,1122.237963459437,1020.6409782138896,1118.734619140625,27076800
2020-03-11,1107.0565666266248,1128.0766280182695,1052.1708507706635,1055.6741943359375,23554400
2020-03-12,1035.8221395663925,1056.8422055327906,987.9431004207081,1000.7886962890625,27520800
2020-03-13,906.1984017486948,978.6008513729462,889.8494615109606,950.5740966796875,29859600
2020-03-16,957.5808622873374,990.2787453898319,915.5407268698445,920.2118530273438,20845200
2020-03-17,887.5138549044598,976.2652403949058,879.3393851882346,937.7284545898438,34056000
2020-03-18,943.5674175977077,952.909669257091,880.5072188968709,885.1783447265625,23838800
2020-03-19,901.5272491984284,909.70171907458,778.9102010561552,808.104736328125,27224400
2020-03-23,840.8026171875,920.2117532552084,818.6147703450521,875.8360595703125,27100800
2020-03-24,910.8694226647112,971.5940508423586,886.3460151314305,970.42626953125,24728800
2020-03-25,1033.486867691808,1067.3525390625,992.6145056926969,1067.3525390625,23698800
2020-03-26,1034.6540613827942,1068.5197135048045,996.117284830162,1005.4595336914062,18404800
2020-03-27,1048.6679288846954,1091.875850230724,996.1177542746605,1036.9901123046875,24484000
2020-03-30,1010.1162409932289,1036.0468796184928,991.2575947203098,1012.4735717773438,16046000
2020-03-31,1028.9751153761342,1049.012431483115,1005.4018023090979,1023.081787109375,16127200
2020-04-01,999.508478226817,1007.7591378348214,932.3245357044956,940.5751953125,14247600
2020-04-02,935.8604628756585,955.8977775719887,899.3218301941151,922.8951416015625,17058000
2020-04-03,999.5083901316849,1007.759049012489,892.2498246812329,914.6444702148438,11827600
2020-04-06,902.8578538616885,978.2924526177565,894.6071946227435,971.220458984375,14202400
2020-04-07,1037.2258476856834,1099.6951316940258,1037.2258476856834,1094.98046875,25654800
2020-04-08,1083.1936148038476,1111.4815873340895,1053.7269767515122,1096.158935546875,19870800
2020-04-09,1107.945547362751,1111.4815437905045,1074.942914037052,1085.5509033203125,11261200
2020-04-10,1099.69518722434,1099.69518722434,1057.2632185854588,1077.300537109375,11480400
2020-04-13,1069.0495823156214,1078.4789060846676,1043.118941950744,1044.297607421875,8820000
2020-04-14,1060.7989508425571,1116.1962293865572,1059.620285341621,1111.4815673828125,14051200
2020-04-15,1119.732254398133,1143.3055650170409,1109.1242646196242,1118.5535888671875,15396000
2020-04-16,1102.0521839535909,1111.4815074526591,1083.1935369554546,1106.766845703125,11164400
2020-04-17,1143.3057983398437,1185.7377661132812,1139.7698010253905,1178.665771484375,16793600
2020-04-20,1162.1642377182218,1197.5242043830765,1162.1642377182218,1185.737548828125,10831600
2020-04-21,1170.4150434000237,1190.4523603565196,1158.628386366791,1160.9857177734375,11270800
2020-04-22,1190.4521149280026,1204.5961004518995,1153.913485657935,1202.23876953125,15277600
2020-04-23,1214.0256046459692,1223.454929730598,1166.8789792228247,1175.129638671875,13225600
2020-04-24,1144.4844293953486,1165.7004126385166,1126.804443359375,1126.804443359375,12852400
2020-04-27,1166.879151097596,1225.8124415570705,1160.9858220516485,1221.0977783203125,17177600
2020-04-28,1221.0977783203125,1235.2417680305864,1209.3111202284176,1221.0977783203125,10954000
2020-04-30,1265.8867873132117,1268.244118388283,1235.2414833372866,1242.3134765625,13277200
2020-05-01,1204.5964372644473,1214.0257635835428,1170.4151293577263,1172.7724609375,17560800
2020-05-07,1185.7375702023044,1216.3828751975925,1181.0229078953369,1211.668212890625,10417200
2020-05-08,1258.8147259078212,1272.9587115921788,1225.8120926443203,1265.88671875,14853600
2020-05-11,1275.3162650630159,1289.460253215286,1249.3856201171875,1249.3856201171875,9368400
2020-05-12,1261.1721441402647,1284.7454552456902,1256.4574819191796,1277.6734619140625,8112000
2020-05-13,1244.6709260240114,1263.5295764183145,1232.8842695275719,1251.742919921875,9794400
2020-05-14,1242.313827869504,1242.313827869504,1214.0258469692496,1216.3831787109375,10455600
2020-05-15,1256.4576416015625,1268.2442986522337,1232.8843275002198,1256.4576416015625,10606800
2020-05-18,1235.2414024203433,1249.3853879442402,1202.23876953125,1202.23876953125,9807600
2020-05-19,1237.598826787243,1242.3134889845278,1199.8815292089653,1204.59619140625,10460000
2020-05-20,1216.382745663023,1249.385378297291,1211.6680838581274,1239.9560546875,7505200
2020-05-21,1256.4573120117186,1258.8146428034854,1218.7400193434494,1225.81201171875,7606000
2020-05-22,1225.8120692728137,1242.3133855899478,1216.382745663023,1239.9560546875,8121600
2020-05-25,1256.4574286668822,1258.814759677514,1230.5267875499294,1254.10009765625,5538000
2020-05-26,1265.8868580693784,1305.9614885855412,1258.814864448879,1301.246826171875,9851200
2020-05-27,1289.4600282239292,1301.2466829608938,1265.88671875,1265.88671875,11159200
2020-05-28,1280.030767651139,1287.1027608425818,1244.6708016939251,1261.172119140625,9659600
2020-05-29,1230.5267875499294,1254.10009765625,1211.668139464873,1254.10009765625,17933600
2020-06-01,1277.6734165984403,1341.3213543256688,1265.8867614637684,1327.1773681640625,15965200
2020-06-02,1310.6759285094247,1341.3212289961557,1308.3185977027529,1336.6065673828125,8956400
2020-06-03,1369.6094694038577,1386.1107883123377,1348.3934879500973,1362.5374755859375,12356000
2020-06-04,1386.1107844716494,1400.254772068299,1357.8228092783504,1371.966796875,11639200
2020-06-05,1369.6092766426705,1400.2545788739178,1360.1799528792098,1395.5399169921875,8572000
2020-06-08,1414.3986995045732,1449.7586669921875,1407.3267060070505,1449.7586669921875,12692400
2020-06-09,1435.6147008595733,1437.972032059671,1367.2520960567365,1393.1827392578125,15584800
2020-06-10,1393.1826067300763,1437.971895271314,1386.1106138025125,1430.89990234375,10879600
2020-06-11,1414.398716517857,1442.6866908482143,1402.612060546875,1402.612060546875,10710000
2020-06-12,1360.1800443846828,1393.182679777032,1338.964064489601,1388.468017578125,18888800
2020-06-15,1379.0387597745353,1379.0387597745353,1291.8175048828125,1291.8175048828125,13351200
2020-06-16,1350.7507742745536,1402.612060546875,1336.606787109375,1402.612060546875,15047600
2020-06-17,1390.8253173828125,1404.9693036612819,1369.6093379651086,1390.8253173828125,8596000
2020-06-18,1388.4680768576168,1400.2547328581059,1374.3240896570298,1393.1827392578125,6577200
2020-06-19,1423.827818817038,1447.4011270755982,1421.470487991182,1428.54248046875,13146000
2020-06-22,1407.3264761337255,1428.5424531608671,1404.969145352932,1412.0411376953125,8576800
2020-06-23,1428.5426619680304,1445.0439798455488,1402.6120195890728,1433.25732421875,9723600
2020-06-24,1419.113219002225,1437.971866430826,1404.969233430774,1423.827880859375,7936000
2020-06-25,1407.3266289242135,1419.1132841078334,1393.1826427038698,1409.6839599609375,8616400
2020-06-26,1421.4705145432938,1447.401154112077,1421.4705145432938,1445.0438232421875,8995600
2020-06-29,1433.257142120462,1466.2597736824464,1423.827818817038,1428.54248046875,11370000
2020-06-30,1463.902873319738,1470.9748678768383,1433.257563572304,1442.6868896484375,10384400
2020-07-01,1445.0439672225561,1492.1905893179087,1442.6866361177886,1470.974609375,10755600
2020-07-02,1492.1907171433973,1494.5480484501009,1440.3294283959174,1461.54541015625,11556800
2020-07-03,1473.3319033943646,1496.9052138486745,1454.4732550309168,1492.1905517578125,7464800
2020-07-06,1503.9771649639424,1532.26513671875,1499.2625030048077,1532.26513671875,8718800
2020-07-07,1551.1236764064793,1605.34228515625,1548.766345591272,1605.34228515625,16392000
2020-07-08,1600.6278357184178,1624.201146995567,1584.1265178244137,1607.6998291015625,11996800
2020-07-09,1626.5584716796875,1635.987796153193,1581.7691804305366,1626.5584716796875,10409200
2020-07-10,1621.8438650547773,1657.2038330428902,1614.7718714571547,1640.7025146484375,13410000
2020-07-13,1652.4891986110179,1657.2038610892234,1607.6999050680658,1647.7745361328125,11964000
2020-07-14,1600.6278357184178,1638.3451337618562,1588.8411800798433,1607.6998291015625,11260000
2020-07-15,1610.057254751933,1619.486579816366,1577.0546170264174,1600.6279296875,13302400
2020-07-16,1577.0545724473452,1579.4119036468182,1534.6226108568337,1558.1959228515625,11059600
2020-07-17,1579.4117431640625,1607.6997146834187,1567.6250883643306,1579.4117431640625,8772800
2020-07-20,1586.4837360439014,1593.5557289237406,1558.1957645245452,1579.4117431640625,5390800
2020-07-21,1602.9850816655833,1614.7717366778302,1565.267785626393,1586.4837646484375,9700400
2020-07-22,1572.3398685625116,1588.8411865234375,1558.1958817388609,1588.8411865234375,7392000
2020-07-27,1544.051811963992,1569.9824530809447,1539.3371499427278,1567.6251220703125,9099600
2020-07-28,1588.8412213746028,1602.9852085085015,1577.0545654296875,1577.0545654296875,7441600
2020-07-29,1584.1264930555556,1605.342472873264,1567.6251754195603,1591.198486328125,9808000
2020-07-30,1591.1983979637942,1595.9130598836869,1565.2677574043842,1579.4117431640625,7013200
2020-07-31,1343.6788330078125,1346.036164293791,1343.6788330078125,1343.6788330078125,6474800
2020-08-03,1367.2519339767157,1376.6812576593138,1301.2466681985295,1322.462646484375,25250400
2020-08-04,1327.1774025100106,1334.2493957738295,1303.6040916306142,1315.3907470703125,10540800
2020-08-05,1320.1053155637255,1331.8919701669731,1303.603999119179,1322.462646484375,8711200
2020-08-06,1310.6758771143923,1313.0332078286267,1275.3159164008746,1284.7452392578125,10182000
2020-08-07,1261.1720055376175,1261.1720055376175,1216.382719359646,1223.4547119140625,11840800
2020-08-11,1223.4547945180334,1268.2440837200422,1195.1668223904487,1254.10009765625,11276800
2020-08-12,1247.0281327577395,1275.3161055235105,1230.5268153110396,1261.172119140625,9694000
2020-08-13,1303.6040916306142,1329.5347335979502,1296.5320983667955,1315.3907470703125,13024400
2020-08-14,1317.747984643076,1329.5346392463236,1305.9613300398285,1322.462646484375,7819200
2020-08-17,1315.390964157517,1327.1776215424409,1296.5323123416385,1308.3189697265625,5232400
2020-08-18,1315.3905385428613,1315.3905385428613,1270.6012549724055,1284.7452392578125,10136000
2020-08-19,1263.5295165554112,1265.8868477430144,1230.5268799289638,1247.0281982421875,10549200
2020-08-20,1225.8120787377452,1239.9560642616423,1197.524107689951,1202.23876953125,10854400
2020-08-21,1178.6655215766486,1221.097480353408,1172.7721939687654,1197.524169921875,9588800
2020-08-24,1183.3800611495972,1206.953369140625,1176.3080687522888,1206.953369140625,6204800
2020-08-25,1218.7400566868528,1221.0973875508505,1192.8094171828773,1195.166748046875,7227600
2020-08-26,1190.4523880214729,1204.5963767900448,1181.0230621757582,1199.8817138671875,5161200
2020-08-27,1190.4522425434977,1197.5242360635582,1173.9509243300236,1183.3802490234375,7712800
2020-08-28,1173.9510405099936,1185.7376975432264,1150.377726443528,1160.9857177734375,10822000
2020-08-31,1195.166748046875,1216.382725822855,1192.8094171828773,1195.166748046875,8812800
2020-09-01,1190.4521173168077,1211.668095645226,1171.5934699137692,1192.8094482421875,8754400
2020-09-02,1204.5960383415222,1218.740023136139,1202.2387075424194,1206.953369140625,6904800
2020-09-03,1230.526704468479,1237.5986970228957,1221.0973810625903,1223.4547119140625,8789600
2020-09-04,1181.022976829892,1202.2389584495907,1177.4869798932757,1188.094970703125,9182800
2020-09-07,1178.6655866767305,1188.0949113701445,1165.7002652232866,1183.3802490234375,7587200
2020-09-08,1195.1668670116806,1209.3108536035347,1181.0228804198264,1204.59619140625,6862400
2020-09-09,1176.3080142836973,1185.7373370434866,1170.4146875588292,1173.95068359375,12376000
2020-09-10,1183.3800243792919,1190.4520165568572,1155.0920556690298,1158.6280517578125,9750800
2020-09-11,1151.5561758047108,1181.0228128519145,1136.2335245401653,1177.48681640625,10934800
2020-09-14,1171.5934699137692,1192.8094482421875,1158.6281498241801,1192.8094482421875,6214400
2020-09-15,1190.4520863188795,1206.9534023668639,1185.7374245908838,1195.166748046875,5456000
2020-09-16,1195.1667114257812,1230.5266733022836,1192.8093806340144,1225.81201171875,6268400
2020-09-17,1202.2388882766902,1228.169530965011,1197.5242259697227,1211.668212890625,8127600
2020-09-18,1214.0254529689023,1225.8121078520956,1204.5961290623477,1209.310791015625,6094800
2020-09-23,1211.6683265422953,1235.2416402882543,1211.6683265422953,1230.5269775390625,7307600
2020-09-24,1223.4547119140625,1235.2413661714236,1216.382719359646,1223.4547119140625,6633600
2020-09-25,1225.8121078520956,1225.8121078520956,1197.5241361324317,1209.310791015625,8265600
2020-09-28,1209.3109523228236,1211.6682836139014,1172.7723173111203,1188.094970703125,7568400
2020-09-29,1197.1207726623297,1232.7493670868039,1194.7455330340315,1220.8731689453125,6003600
2020-09-30,1220.8733927009148,1232.749593019017,1206.6219523191921,1208.9971923828125,8188800
2020-10-02,1208.9969436765655,1227.9988602765902,1199.4959853765533,1206.6217041015625,7325600
2020-10-05,1216.1229125736738,1216.1229125736738,1197.1209920647102,1208.9971923828125,4286800
2020-10-06,1225.623634532473,1232.7493533378945,1199.4959989125948,1213.7474365234375,6063200
2020-10-07,1201.8712825958194,1239.875117618612,1201.8712825958194,1237.4998779296875,7014800
2020-10-08,1242.2503597627788,1313.5075505713512,1242.2503597627788,1304.006591796875,16914000
2020-10-09,1315.8827902649703,1320.6332696522086,1292.1303933287795,1304.006591796875,10632800
2020-10-12,1315.8825240108945,1327.758720075975,1289.754892667718,1294.50537109375,6173200
2020-10-13,1296.8810353833576,1332.5096352565267,1289.7553154087238,1327.7591552734375,9254400
2020-10-14,1334.8848752480715,1342.0105952227052,1315.8829553157145,1327.7591552734375,7165200
2020-10-15,1306.3818270272582,1315.8827857692745,1275.5037111157048,1301.63134765625,8673200
2020-10-16,1294.505624160906,1315.8827812571412,1289.755144806187,1299.256103515625,5805200
2020-10-19,1299.256259017807,1323.0086586342202,1296.8810190561655,1318.2581787109375,4690800
2020-10-20,1318.2579619871742,1337.2598785563587,1318.2579619871742,1332.5093994140625,5931200
2020-10-21,1323.0086544326066,1325.3838943867047,1304.0067347998224,1315.8829345703125,6184000
2020-10-22,1301.6311277972422,1318.257802787353,1299.2558885129408,1313.50732421875,4292800
2020-10-23,1311.1323019024223,1311.1323019024223,1292.1303844835465,1299.256103515625,5532000
2020-10-26,1306.381831490494,1318.2580299585895,1292.1303933287795,1304.006591796875,4475200
2020-10-27,1296.8807605667253,1308.7569580078125,1275.5036051727682,1308.7569580078125,4472400
2020-10-28,1289.755144806187,1311.1323019024223,1287.3799051288277,1299.256103515625,5295600
2020-10-29,1287.3798071819804,1315.8826811417289,1280.2540886920433,1311.1322021484375,6414000
2020-10-30,1406.1420145366915,1477.399211219294,1403.7667746472714,1432.2696533203125,35914400
2020-11-02,1425.1438641263842,1427.5191038999283,1382.3895482025928,1394.2657470703125,10878800
2020-11-04,1415.6427510747014,1453.6465833183177,1401.3913139833455,1441.7703857421875,10562000
2020-11-05,1475.023869928324,1513.027705546445,1475.023869928324,1510.6524658203125,12288400
2020-11-06,1520.1534291601256,1529.6543880923764,1503.5267510286867,1513.0277099609375,8210400
2020-11-09,1560.5326097635566,1591.4107283737944,1553.406890084271,1570.0335693359375,9746000
2020-11-10,1539.155517578125,1570.033637529538,1527.2793175968125,1539.155517578125,10526000
2020-11-11,1515.402942502121,1586.6601341558257,1513.0277027803309,1574.783935546875,9191600
2020-11-12,1591.4104516565712,1622.2885648976687,1586.6599726964023,1617.5380859375,12415200
2020-11-13,1617.5381182293559,1636.5400344493776,1593.7857229543285,1634.164794921875,9724400
2020-11-16,1648.4162698959412,1719.6734573554202,1638.9153115680108,1717.2982177734375,14334800
2020-11-17,1741.0504993938578,1755.30193595097,1698.2961897225216,1722.048583984375,8995600
2020-11-18,1698.2964261724144,1729.1745430119129,1693.5459466586456,1719.673583984375,6697600
2020-11-19,1688.7953785983,1691.1706182306464,1641.2905859513717,1672.168701171875,10829200
2020-11-20,1662.6676025390625,1672.1685602678572,1634.1647293526787,1662.6676025390625,7460000
2020-11-24,1698.2961897225216,1726.7990628367456,1693.545710870151,1722.048583984375,7866400
2020-11-25,1748.1764386300417,1783.8050345260344,1705.4221235548505,1707.79736328125,9153200
2020-11-26,1717.2981331090757,1741.0505277578873,1712.5476541793134,1736.300048828125,5064400
2020-11-27,1741.0509033203125,1745.8013832748018,1717.2985035478664,1741.0509033203125,5855600
2020-11-30,1774.3039818125324,1783.8049402158122,1724.4239501953125,1724.4239501953125,7042000
2020-12-01,1757.677490234375,1774.3041691960514,1731.549851866026,1757.677490234375,6022000
2020-12-02,1764.8031529710781,1795.6812700486341,1745.8012347695053,1793.3060302734375,7526000
2020-12-03,1781.429714626736,1800.4316315827546,1769.5535165292245,1795.68115234375,4574400
2020-12-04,1786.1802757906628,1788.5555155191078,1738.675481221762,1774.3040771484375,6289200
2020-12-07,1805.182335011651,1819.4337744985853,1774.3042161232938,1783.80517578125,6372800
2020-12-08,1776.6793097610769,1836.060302734375,1767.1783508853493,1836.060302734375,6639200
2020-12-09,1871.6888201678241,1895.4412163628472,1850.3116635923031,1859.8126220703125,6514400
2020-12-10,1821.8087789601293,1824.1840185676392,1781.4297056324601,1790.9306640625,7246400
2020-12-11,1783.8050227011404,1802.8069403863722,1762.4278653052545,1767.1783447265625,7494400
2020-12-14,1769.5535755414526,1776.6792946375926,1757.6773770478858,1762.4278564453125,4649200
2020-12-15,1774.3040549388793,1774.3040549388793,1729.1745006633255,1762.4278564453125,4908000
2020-12-16,1757.677477315129,1764.803196817758,1736.3003188072423,1750.5517578125,3872800
2020-12-17,1750.5515090278957,1755.3019880211873,1733.9248325513759,1748.17626953125,3934800
2020-12-18,1736.300101850286,1736.300101850286,1684.0448320271582,1700.6715087890625,8646400
2020-12-21,1691.1709229195683,1712.548083462091,1679.2947226181668,1705.42236328125,5862400
2020-12-22,1707.7973764689013,1741.0507328952779,1700.671657234678,1714.923095703125,6113200
2020-12-23,1726.79937216269,1762.4279699377112,1719.6736526076857,1757.677490234375,5802000
2020-12-24,1743.4260297087585,1752.9269889987245,1729.1745907738095,1745.80126953125,3111200
2020-12-25,1760.0525989067264,1769.5535576052782,1748.1764005335365,1752.9268798828125,1928000
2020-12-28,1752.926821444897,1793.3058945676114,1752.926821444897,1786.18017578125,4628000
2020-12-29,1786.1802686368046,1836.060302734375,1767.1783508853493,1836.060302734375,6665200
2020-12-30,1828.9345835775791,1847.9365013290346,1817.0583849829195,1836.060302734375,5444000
2021-01-04,1852.6869807668984,1857.4374602047621,1812.3079055450557,1836.060302734375,4600800
2021-01-05,1845.5611843532986,1933.4450502748844,1840.810705114294,1923.944091796875,8966400
2021-01-06,1897.8163692122312,1907.317327255847,1864.5630160595765,1878.814453125,5946800
2021-01-07,1893.066075219575,1919.1937123932455,1881.1898765042704,1912.0679931640625,5408000
2021-01-08,1976.1995106761567,2002.3271484375,1954.8223525077847,2002.3271484375,9994400
2021-01-12,1978.574922206038,2004.7025622351694,1961.9482421875,1961.9482421875,7631600
2021-01-13,1997.576550559253,2073.5842195460496,1988.0755919359033,2068.833740234375,8324000
2021-01-14,2066.4580078125,2142.465658674569,2037.9551387392241,2066.4580078125,15434800
2021-01-15,2149.5917458075537,2189.9708172757623,2097.3364768486963,2123.464111328125,13092400
2021-01-18,2080.7097215293616,2111.5878338351627,2064.0830456723916,2083.0849609375,6305600
2021-01-19,2116.338483347152,2178.0947129397737,2113.9632437474356,2170.968994140625,7875200
2021-01-20,2206.5981167278164,2239.8514790896998,2168.594274028522,2189.971435546875,9626000
2021-01-21,2216.0985372442947,2218.473776834053,2151.9670683208265,2166.218505859375,7527200
2021-01-22,2178.0947038081654,2199.4718601159884,2166.218505859375,2166.218505859375,5849200
2021-01-25,2168.593768104212,2185.2204454062157,2156.717570031352,2178.0947265625,3717200
2021-01-26,2168.5937363173935,2185.220413375687,2149.591819679344,2161.468017578125,5058400
2021-01-27,2125.8392990648003,2135.340256825984,2083.0849891394746,2097.33642578125,5967200
2021-01-28,2002.326913542437,2052.2069434171594,1992.8259554710612,2007.077392578125,10955600
2021-01-29,2104.4621337596127,2109.2126126168578,1957.197289185012,1969.073486328125,14740400
2021-02-01,1942.9459255963386,2023.7040692030325,1935.820207042807,2007.077392578125,6979600
2021-02-02,2037.955668385535,2094.9614213473683,2021.3289904383337,2092.586181640625,7086400
2021-02-03,2113.96326135706,2116.3385009765625,2014.203197337963,2052.20703125,7892400
2021-02-04,1985.7004129800453,1992.8261321653804,1938.1956184111448,1971.448974609375,8432800
2021-02-05,2007.077392578125,2014.2031111316567,1964.323081256934,2007.077392578125,6335600
2021-02-08,2007.0775649126838,2102.08715378429,1978.574688251202,2099.7119140625,10000000
2021-02-09,2132.965357957688,2156.717756153208,2121.089158859928,2147.216796875,8458000
2021-02-10,2130.590016948514,2140.090975775486,2078.3347434001666,2092.586181640625,7320400
2021-02-12,2130.5901647348874,2185.2206817793717,2116.3387255058915,2173.344482421875,9948000
2021-02-15,2199.472184769825,2216.0988643523183,2178.0950253066194,2208.97314453125,5959600
2021-02-16,2223.224185855263,2284.9804132401314,2213.7232277960525,2256.4775390625,10336400
2021-02-17,2249.351834308188,2270.7289900724686,2216.0984808970848,2263.603271484375,5913600
2021-02-18,2218.4735562193628,2254.1021465226713,2178.0944872089462,2180.4697265625,6817200
2021-02-19,2163.84342370657,2251.727294921875,2156.7177044188425,2251.727294921875,7069200
2021-02-22,2301.6076579365144,2346.7372198568382,2287.356217330096,2296.857177734375,8413200
2021-02-24,2256.477716619318,2280.2301136363635,2218.4738813920453,2220.84912109375,8340000
2021-02-25,2256.4777656539045,2263.603484913864,2223.2244091074263,2246.976806640625,6652400
2021-02-26,2170.968809151786,2180.4697667410715,2078.33447265625,2078.33447265625,13519200
2021-03-01,2149.5918287310683,2208.9728184750206,2140.090870372036,2166.218505859375,7935200
2021-03-02,2216.0987516420078,2225.599710920216,2137.715837596792,2147.216796875,5849200
2021-03-03,2111.5879045837128,2130.5898204854784,2075.959312267902,2118.713623046875,6247600
2021-03-04,2049.8320523451002,2097.3368507771997,2037.9558527370752,2061.708251953125,7443200
2021-03-05,2014.2032868108226,2040.330923785963,1971.4489717605927,2035.5804443359375,9394800
2021-03-08,2071.2091624679197,2073.584402333135,1952.4471692071445,1966.6986083984375,8969200
2021-03-09,1895.4412252491918,1954.8222160151438,1862.1878704202586,1928.694580078125,9639200
2021-03-10,1999.9516084489696,2030.8297211684906,1945.3211013298173,1973.823974609375,8187200
2021-03-11,1945.3213506105567,1988.075666008591,1935.8203916332159,1978.57470703125,5622800
2021-03-12,2004.7022695267651,2078.3346988577246,1999.9517902150903,2068.833740234375,12022400
2021-03-15,2054.5822526798693,2059.332731876817,2016.5784191042878,2042.7060546875,5308000
2021-03-16,2073.584298819337,2128.214812992126,2071.209059072694,2111.588134765625,7019200
2021-03-17,2142.4663129196083,2187.5958694001765,2132.965353660541,2144.841552734375,7830800
2021-03-18,2208.9731570915396,2251.727476261053,2197.09695732223,2216.098876953125,8163600
2021-03-19,2144.841872341462,2194.721915884287,2130.5904313292267,2189.971435546875,8906400
2021-03-22,2197.096348334568,2204.2220662210584,2149.5915624246313,2154.342041015625,6457200
2021-03-23,2187.5953911525808,2208.972544812052,2154.342041015625,2154.342041015625,6510400
2021-03-24,2175.7196526957036,2206.5977700374547,2128.214856785317,2135.340576171875,10307600
2021-03-25,2099.7116605105584,2111.587857685392,2061.7078295510914,2094.961181640625,8964800
2021-03-26,2125.8397181088335,2199.4721552723795,2113.963518566326,2192.346435546875,7594400
2021-03-29,2256.4775251410706,2277.854680642407,2232.7251301395854,2249.351806640625,9736800
2021-03-30,2275.702106903203,2314.029721335257,2258.9337755891793,2309.23876953125,6476000
2021-03-31,2311.6343726796554,2328.40270491671,2287.679612341006,2318.82080078125,6054000
2021-04-01,2376.312515500992,2424.2220420231897,2373.917039174882,2414.64013671875,10666400
2021-04-02,2464.9449999999997,2515.25,2460.1540476190476,2515.25,8890800
2021-04-05,2563.159423828125,2589.509660895517,2555.972995537018,2563.159423828125,8878400
2021-04-06,2575.1367302660674,2589.509586434994,2534.413637787441,2539.20458984375,8034400
2021-04-07,2536.809389889895,2632.62844144381,2505.668198134873,2615.860107421875,9876800
2021-04-08,2565.554611795697,2577.5319909357327,2505.6677160955173,2541.599853515625,11245200
2021-04-09,2570.3456821017794,2611.0687730577256,2548.786398654514,2587.114013671875,8664000
2021-04-12,2584.718548039539,2601.4868796764968,2539.204505024941,2551.181884765625,5128000
2021-04-13,2512.8539657808087,2572.7408572436498,2486.503733537159,2546.390625,5558000
2021-04-14,2563.1591592857762,2594.300345333174,2551.1817800367776,2579.927490234375,4025600
2021-04-15,2527.227594686532,2543.9959294380064,2496.0864015766506,2512.854736328125,6460400
2021-04-16,2560.7636482260505,2565.554599859776,2515.2496077056626,2522.43603515625,5251600
2021-04-19,2522.4361418530457,2570.345660216826,2503.2723345075333,2548.786376953125,5598400
2021-04-20,2498.4815206879553,2508.0634248900183,2460.1539038797027,2467.34033203125,7437600
2021-04-21,2412.2444386668017,2450.572056361607,2393.0806298193993,2397.87158203125,7506400
2021-04-22,2457.758834004974,2500.877410040149,2436.199545987386,2498.48193359375,7351200
2021-04-23,2443.3855715260925,2467.34033203125,2419.4308110209345,2467.34033203125,4652000
2021-04-26,2486.503992254084,2548.786365855824,2472.1311368075285,2529.62255859375,5842000
2021-04-27,2555.972782280609,2560.7637340749493,2500.876836645694,2510.458740234375,5922400
2021-04-28,2479.3174389741266,2560.7636157133734,2469.735535828333,2520.04052734375,7748800
2021-04-30,2520.0405677986514,2529.622471098266,2472.131051300578,2486.50390625,5812400
2021-05-06,2467.3398298946613,2467.3398298946613,2400.2665141305347,2448.176025390625,7998400
2021-05-07,2433.803217446654,2498.481058855177,2421.825839408038,2469.7353515625,5954400
2021-05-10,2476.9216667624078,2496.08547076057,2440.9895342658547,2443.385009765625,4888800
2021-05-11,2383.4985224933544,2388.2894742973613,2306.8432936292465,2309.23876953125,9903600
2021-05-12,2349.961913540274,2378.707625020889,2208.628832093917,2239.77001953125,10876400
2021-05-13,2167.9057402980875,2175.092168166479,2108.018841394826,2129.578125,10986800
2021-05-14,2184.6741991334607,2194.256103515625,2141.5556294137214,2194.256103515625,10122000
2021-05-17,2230.1882351106483,2237.3746633655696,2143.95109605159,2175.09228515625,5939200
2021-05-18,2177.487363217974,2227.792351807168,2153.532606746929,2218.21044921875,5883600
2021-05-19,2163.114851603101,2208.6288960997335,2146.3465194201312,2189.465087890625,5664400
2021-05-20,2199.047031394523,2275.702265604354,2189.4651271182943,2266.120361328125,5558400
2021-05-21,2318.8205522486774,2328.4024553571426,2239.769851603836,2263.724609375,7308000
2021-05-24,2215.815322859692,2270.911271428095,2213.4198468349787,2244.56103515625,5554000
2021-05-25,2285.2840946583356,2323.611710501662,2268.5157627268804,2297.261474609375,5262000
2021-05-26,2287.679805334434,2318.8209964018138,2273.3069479187207,2278.097900390625,4721200
2021-05-27,2280.4932250351844,2340.380126953125,2278.0977489584666,2340.380126953125,8813200
2021-05-28,2361.9394017269738,2369.1258299269543,2299.6570239938083,2321.21630859375,8736800
2021-05-31,2328.4024010206017,2371.5209640024646,2323.6114495781726,2369.12548828125,4839200
2021-06-01,2369.1259996837607,2385.8943333518964,2321.2164749176586,2352.357666015625,5285600
2021-06-02,2328.4025467878423,2361.939208984375,2316.4251674319376,2361.939208984375,4782800
2021-06-03,2390.6850058194377,2472.1311883824246,2381.103101988498,2460.15380859375,7494000
2021-06-04,2433.8034895076307,2510.4587175236193,2431.4080136321313,2472.131103515625,6650000
2021-06-07,2539.204096784797,2539.204096784797,2443.385074264616,2448.176025390625,4966800
2021-06-08,2479.3176488164645,2481.7131248056594,2400.2669411730412,2407.453369140625,4816000
2021-06-09,2383.498674098069,2393.080578315549,2333.193676956301,2357.1484375,5298400
2021-06-10,2364.3348439175234,2393.0805563055783,2354.7529397881717,2373.916748046875,4128800
2021-06-11,2400.2671760398384,2436.1993193937283,2385.8943186982824,2388.289794921875,6222800
2021-06-14,2414.639564566881,2426.616943359375,2378.7074281893974,2426.616943359375,3606400
2021-06-15,2455.3629517786712,2476.9222362333135,2443.3855715260925,2467.34033203125,5163600
2021-06-16,2445.780984485196,2476.922172338582,2426.6171765754193,2462.54931640625,4056000
2021-06-17,2419.430695938427,2424.2216478115724,2366.730225333828,2421.826171875,5800400
2021-06-18,2462.5491886138916,2496.085850715637,2443.3853816986084,2452.96728515625,6132000
2021-06-21,2383.498728621469,2390.6851569489713,2321.2163497831193,2342.775634765625,8803200
2021-06-22,2378.707741699219,2412.244406738281,2369.1258374023437,2395.47607421875,6566800
2021-06-23,2419.430706709243,2440.989990234375,2395.4759472368746,2440.989990234375,4787600
2021-06-24,2436.199167480469,2440.990119628906,2381.1032177734373,2395.47607421875,4259200
2021-06-25,2431.408447265625,2450.5722576874227,2421.826542054726,2431.408447265625,4664000
2021-06-28,2414.639946669162,2417.0354228067304,2388.289709155907,2400.26708984375,3849200
2021-06-29,2431.4082475142045,2438.5946758319806,2385.8942015016232,2397.87158203125,4084800
2021-06-30,2397.87158203125,2414.639914772727,2385.8942015016232,2397.87158203125,5254000
2021-07-01,2378.7076899081258,2381.1031659301884,2342.775549577187,2354.7529296875,5459200
2021-07-02,2306.8432413317496,2349.961806590287,2299.6568137886597,2323.611572265625,7272400
2021-07-05,2321.216286831215,2359.543903538438,2311.634382654409,2337.984619140625,3539600
2021-07-06,2342.775689019097,2349.962117513021,2323.6118797019676,2328.40283203125,2832000
2021-07-07,2275.702106903203,2316.4251972372604,2266.120203295189,2309.23876953125,6296800
2021-07-08,2280.493582885483,2292.4709651485373,2244.561436096321,2256.538818359375,6060400
2021-07-09,2220.606170557824,2282.8885442735773,2218.2106946456797,2273.306640625,9420400
2021-07-12,2304.4479445780607,2333.1936569844397,2299.656992510331,2318.82080078125,4673600
2021-07-13,2297.2611396619286,2306.8430422256906,2254.142578125,2254.142578125,7660000
2021-07-14,2251.747409986413,2282.8885975713315,2225.397174337636,2258.933837890625,4818000
2021-07-15,2258.934059159128,2292.4707259971215,2249.352154348273,2275.702392578125,5893200
2021-07-16,2218.211275460004,2249.3524704718616,2194.2565100662673,2225.397705078125,7119600
2021-07-19,2189.465151324543,2213.4199122799537,2179.8832469423787,2194.256103515625,5341200
2021-07-20,2194.256252994934,2225.3974443583998,2182.2788717012936,2187.06982421875,5499200
2021-07-21,2213.419698234733,2225.3970775541848,2175.0920844124867,2196.6513671875,5615600
2021-07-26,2244.560960623567,2249.3519125139055,2218.2107252267056,2220.606201171875,4364800
2021-07-27,2220.6065860736207,2268.51611328125,2215.8156333528577,2268.51611328125,4874400
2021-07-28,2232.5836563611188,2239.7700844395345,2179.8831837860707,2189.465087890625,6970400
2021-07-29,2297.2616816684986,2361.939539233722,2261.3295385767074,2349.962158203125,14522000
2021-07-30,2359.5441658266127,2361.9396421370966,2287.6798765120966,2302.052734375,7427200
2021-08-02,2314.0299214556176,2359.543967529796,2309.2389692372826,2342.775634765625,5166000
2021-08-03,2345.170711900336,2390.6847502313944,2340.3797604970664,2385.893798828125,5646000
2021-08-04,2378.707371723221,2397.8711773362984,2364.334517513413,2385.893798828125,4990000
2021-08-05,2412.24405691275,2438.5942899078245,2405.057629732275,2424.221435546875,4561600
2021-08-06,2412.2442788675326,2445.780942128849,2400.266899131348,2440.989990234375,5444000
2021-08-10,2440.990032507752,2484.1086003047485,2424.2217005866974,2462.54931640625,6740800
2021-08-11,2438.594730979114,2445.7811594594064,2361.9394938559985,2383.498779296875,7670000
2021-08-12,2352.3573792193924,2373.91666273566,2323.6116678643693,2330.798095703125,5923600
2021-08-13,2306.843335197967,2309.2388111431364,2220.606201171875,2220.606201171875,13454400
2021-08-16,2215.8148768663664,2230.187730121716,2187.0691703556677,2211.02392578125,5990000
2021-08-17,2232.5836785935776,2244.5610588435434,2172.69677734375,2172.69677734375,6216400
2021-08-18,2155.9286717478985,2213.4201029945093,2153.5331954459566,2208.629150390625,5464800
2021-08-19,2172.6969090367224,2179.88333762229,2127.182861328125,2127.182861328125,7462400
2021-08-20,2143.9510666514952,2163.114875068492,2105.623449817502,2117.600830078125,7328400
2021-08-23,2103.2278894825645,2136.7645528683915,2098.4369375703036,2129.578125,5226800
2021-08-24,2187.0693232583735,2191.860274678436,2160.7190904480317,2167.905517578125,5467600
2021-08-25,2167.9055371528743,2179.8829158111776,2141.5553041046073,2151.13720703125,4144000
2021-08-26,2175.0924821634358,2215.8155792964512,2175.0924821634358,2208.629150390625,6722000
2021-08-27,2208.6293693025095,2230.1886581568724,2199.0474631450147,2225.397705078125,4803200
2021-08-30,2261.3290241903105,2270.910926835185,2225.3968892720322,2237.374267578125,4792800
2021-08-31,2237.3745958344275,2280.4931640625,2230.1881677964157,2280.4931640625,9164000
2021-09-01,2316.4251972372604,2323.6116249432703,2263.724727393186,2309.23876953125,11689200
2021-09-02,2323.611772738821,2366.7303417174794,2321.216296684451,2357.1484375,7435600
2021-09-03,2369.1257945404955,2436.1991234051407,2364.3348424787355,2429.0126953125,9026400
2021-09-06,2486.504213773287,2503.2725466214692,2460.1539764404297,2491.295166015625,8878000
2021-09-07,2508.06351205221,2520.0408927210365,2438.5947041730183,2455.363037109375,7604000
2021-09-08,2440.9900726894166,2539.20458984375,2438.5945966612617,2539.20458984375,9098400
2021-09-09,2515.249994994321,2582.3233281941693,2512.854518808612,2570.345947265625,7682400
2021-09-10,2611.068992820946,2658.978515625,2599.0916121199325,2658.978515625,12772400
2021-09-13,2728.44704218888,2764.379180584695,2668.560144862522,2711.6787109375,8631200
2021-09-14,2711.678891558352,2716.4698436635786,2670.9557986639243,2706.887939453125,6178000
2021-09-15,2694.91054751467,2752.401972528316,2685.328643345729,2742.820068359375,6940400
2021-09-16,2745.215086127877,2766.774366908986,2608.6729745141865,2654.18701171875,9884000
2021-09-17,2682.9330947136564,2730.8426142621147,2678.1421427588107,2718.865234375,7629200
2021-09-21,2635.023754222973,2690.119705447635,2635.023754222973,2658.978515625,7259200
2021-09-22,2661.373671875,2682.932954545455,2627.837009943182,2635.0234375,5518400
2021-09-24,2721.2607430649145,2723.656219071134,2651.7919388845603,2666.164794921875,4645600
2021-09-27,2682.932925300802,2709.2831593885776,2673.3510219961563,2687.723876953125,6694400
2021-09-28,2666.1647852194287,2675.7466892094358,2560.7638413293525,2591.905029296875,10573200
2021-09-29,2447.509353383631,2512.4874778097455,2445.102756182664,2457.1357421875,13685600
2021-09-30,2430.663074253801,2437.8828655634657,2380.1245350861477,2413.81689453125,15682000
2021-10-01,2421.036938675051,2452.322704284172,2363.2786021659044,2368.091796875,9108800
2021-10-04,2399.3772410658007,2409.00362919445,2257.388016168226,2267.014404296875,11164400
2021-10-05,2194.8164693898166,2242.9484095080143,2144.2779322657093,2233.322021484375,12940000
2021-10-06,2269.420965021307,2286.2671439769265,2149.091115338311,2170.75048828125,12432400
2021-10-07,2197.2228225019767,2238.1349670611594,2177.9700485917733,2187.596435546875,7536400
2021-10-08,2190.0030322856505,2218.8821931509556,2182.783242069324,2187.596435546875,10498000
2021-10-11,2182.7837567624792,2214.069521743639,2127.4320187188882,2175.56396484375,7921200
2021-10-12,2182.783674925361,2206.8496470855084,2088.9263835007864,2103.365966796875,10522800
2021-10-13,2052.8271997013667,2100.9591387330515,2033.5744240886927,2074.486572265625,8896800
2021-10-14,2105.772357280028,2165.937281773743,2084.1129844622906,2153.904296875,9818000
2021-10-15,2204.442755194025,2209.255948982658,2161.1240110963254,2190.003173828125,11402400
2021-10-18,2204.4427939967104,2209.255987870066,2173.1570338199012,2194.81640625,7311600
2021-10-19,2218.8824394489156,2252.574797531654,2214.069245437096,2233.322021484375,9010400
2021-10-20,2250.167772117821,2271.8271410472976,2221.288613545186,2226.101806640625,10118800
2021-10-21,2177.970266672486,2209.256027409218,2149.0911029155027,2153.904296875,7776000
2021-10-22,2180.3769268617934,2221.289076703571,2163.530747515179,2192.409912109375,8351600
2021-10-25,2149.0911911044427,2182.7835502035045,2144.2779969474336,2180.376953125,5161600
2021-10-26,2214.06982421875,2228.5094100288725,2202.0368360436482,2214.06982421875,7111600
2021-10-27,2209.2565170054363,2226.102699596981,2177.9707493354244,2199.630126953125,4895200
2021-10-28,2230.915310668945,2310.3330078125,2223.695520019531,2310.3330078125,14444400
2021-10-29,2298.300113984626,2358.4650384344855,2214.0692197548233,2245.35498046875,17586000
2021-11-01,2315.146628045216,2404.190729123878,2293.487252107163,2380.124755859375,14524800
2021-11-02,2358.465304766815,2404.1906525122936,2346.432318518004,2370.498291015625,7030400
2021-11-04,2430.6630092491923,2445.102591482356,2409.003635899447,2421.03662109375,8397600
2021-11-05,2466.7621361281344,2473.9819277460706,2409.0038031846466,2411.410400390625,6842800
2021-11-08,2425.8494677879844,2440.289047953389,2409.0032909283455,2423.44287109375,3968800
2021-11-09,2452.3222913873738,2500.4542303743683,2430.662918843226,2440.289306640625,7250800
2021-11-10,2401.784131797428,2413.8171184296793,2358.465379921322,2380.124755859375,6420400
2021-11-11,2339.2126845703124,2425.85019140625,2339.2126845703124,2406.597412109375,5696000
2021-11-12,2418.629959756721,2447.509123455309,2406.5969748823095,2428.25634765625,5826400
2021-11-15,2454.728706880564,2461.9484971949187,2421.0363520802425,2433.0693359375,4953600
2021-11-16,2433.069909739634,2473.982064502813,2409.003936349529,2459.54248046875,4575200
2021-11-17,2493.234615669431,2548.586349414988,2486.014824311315,2538.9599609375,8555200
2021-11-18,2529.3335250958494,2531.7401221701557,2445.1026274951314,2471.5751953125,8429200
2021-11-19,2500.4544220117,2546.179767553781,2486.0148392089372,2510.080810546875,7592400
2021-11-22,2507.6744021916547,2550.993153860992,2507.6744021916547,2534.14697265625,4776400
2021-11-24,2449.915862855817,2473.9818340037127,2411.4103090191834,2430.6630859375,8177600
2021-11-25,2464.3554455445546,2471.5752368889234,2418.630100363552,2430.6630859375,4205600
2021-11-26,2423.443352655533,2430.663144172878,2344.025645964736,2360.871826171875,8325200
2021-11-29,2341.6188193873354,2425.8497121710525,2341.6188193873354,2377.7177734375,9082400
2021-11-30,2449.91577319507,2473.9817434622123,2404.1904296875,2404.1904296875,11236800
2021-12-01,2440.289254897388,2454.7288362873132,2380.1243324393654,2418.6298828125,7835600
2021-12-02,2401.783923968056,2442.696074977532,2365.6849671949894,2384.937744140625,7396800
2021-12-03,2404.1903014225745,2418.6298828125,2339.2121851679103,2418.6298828125,6968400
2021-12-06,2413.816986544048,2423.443375323885,2363.2784454499056,2394.564208984375,5160000
2021-12-07,2401.7836923664886,2461.9486145199576,2384.937514163517,2447.509033203125,7516400
2021-12-08,2519.707018573468,2534.146600341797,2486.0146611140326,2502.86083984375,7377200
2021-12-09,2478.795306911524,2502.861280765034,2473.982112140822,2481.201904296875,4539200
2021-12-10,2440.289409550839,2469.168574160908,2425.8498272458046,2437.8828125,7169600
2021-12-13,2476.388579351118,2519.707330010321,2471.575384833429,2495.641357421875,4682000
2021-12-14,2459.54248046875,2483.6084538588552,2440.2897017566656,2459.54248046875,4662000
2021-12-15,2435.4760611007464,2447.5090455923505,2401.7837045242536,2418.6298828125,5890000
2021-12-16,2505.267436343617,2553.3993755625147,2490.827854577948,2548.586181640625,8694400
2021-12-17,2476.3885416666667,2519.7072916666666,2461.9489583333334,2490.828125,7538800
2021-12-20,2500.454099408318,2519.706873994715,2447.5089692957263,2454.728759765625,7222400
2021-12-21,2526.9269605384548,2572.652305538674,2507.674183696257,2567.839111328125,7578400
2021-12-22,2599.1247942178834,2615.970973439666,2579.872017964418,2603.93798828125,6415200
2021-12-23,2606.344970703125,2615.971360253275,2594.3119837654376,2606.344970703125,4195200
2021-12-24,2620.783652101182,2637.6298280100045,2608.750669309165,2615.970458984375,3318800
2021-12-27,2637.630615234375,2654.476796171091,2618.377837020985,2637.630615234375,3565200
2021-12-28,2671.3226770880424,2692.982050145513,2654.476498043343,2661.6962890625,4420000
2021-12-29,2637.630216710708,2642.4434105368223,2591.9048753626207,2618.37744140625,4549600
2021-12-30,2608.7515777307913,2642.4439412808197,2575.0592141807624,2623.191162109375,5207200
2022-01-04,2661.6961238513063,2738.707223275576,2659.289526994298,2717.0478515625,7765200
2022-01-05,2673.729449765902,2726.6745873850286,2671.3228526013963,2714.6416015625,7103600
2022-01-06,2671.322626174049,2685.762207937152,2594.3115234375,2594.3115234375,9300400
2022-01-07,2652.0695862329308,2666.509166557248,2565.4321042870274,2577.465087890625,6580000
2022-01-11,2565.4326223174844,2567.8392195241613,2514.894080977271,2519.707275390625,5273600
2022-01-12,2589.4990234375,2603.938609070051,2555.8066569615476,2589.4990234375,5708000
2022-01-13,2591.9050907229243,2640.0370329833313,2587.0918964968837,2630.41064453125,5442400
2022-01-14,2558.2124544969247,2606.34439155237,2536.553082821974,2579.871826171875,7770000
2022-01-17,2630.41037369128,2644.8499548826317,2594.3114207128997,2596.718017578125,4904000
2022-01-18,2615.9708960821545,2654.476447450429,2577.46534471388,2594.3115234375,4727600
2022-01-19,2507.674283407811,2519.707269412647,2440.28956178073,2457.1357421875,8642000
2022-01-20,2430.6628673041046,2452.3222393889923,2384.937526236007,2418.6298828125,8877200
2022-01-21,2327.1794051570596,2358.465167584197,2281.4540600712435,2322.3662109375,9830800
2022-01-24,2286.2673138259747,2375.3114092065653,2267.0145364463874,2360.871826171875,7026000
2022-01-25,2360.8718750000003,2387.3444444444444,2245.3552083333334,2274.234375,9150400
2022-01-26,2262.201184249604,2298.300139317417,2221.2890351727497,2279.04736328125,7208800
2022-01-27,2247.7620701351448,2269.421447684627,2103.366219805264,2120.21240234375,18033200
2022-01-28,2182.7833961478495,2209.2559621430273,2081.706325984443,2206.849365234375,18682400
2022-01-31,2206.84963718203,2344.0256778792777,2206.84963718203,2303.113525390625,11476400
2022-02-01,2375.3115407151445,2406.5973056891025,2322.366399989984,2346.432373046875,10694800
2022-02-02,2348.8386997767857,2382.5310581752233,2329.585923549107,2358.465087890625,7490800
2022-02-03,2310.333294671262,2317.55308621711,2257.388156668379,2269.421142578125,7294800
2022-02-04,2238.1353527986553,2281.4541015625,2228.5089641844675,2281.4541015625,6507600
2022-02-07,2245.3553840157265,2250.1685788367677,2190.0036435737525,2218.8828125,6454800
2022-02-08,2218.882221589755,2235.728398977096,2204.442640972034,2221.288818359375,4788400
2022-02-09,2257.3881072671306,2279.0474814306745,2245.3551216207175,2247.76171875,7787200
2022-02-10,2310.3330078125,2351.2451548258464,2291.0802327473957,2310.3330078125,8712000
2022-02-14,2223.6952100929057,2247.7611755701014,2211.6622273543076,2226.101806640625,7804800
2022-02-15,2245.3549939879376,2250.1681879729063,2197.2230541382496,2216.475830078125,5525600
2022-02-16,2298.300239839702,2334.399196486399,2288.673851400583,2322.3662109375,7576400
2022-02-17,2319.9597007876537,2375.311436387359,2312.7399091876923,2348.8388671875,6274800
2022-02-18,2307.9263333755557,2315.1461237823614,2245.354816516573,2300.70654296875,7019600
2022-02-21,2228.5087760486076,2269.4209242050074,2187.5966278922074,2257.387939453125,5347200
2022-02-22,2185.1900185032896,2197.2230031866775,2120.2119012129933,2149.091064453125,8688000
2022-02-24,2120.21229795652,2149.0914666006497,2048.014376346196,2060.04736328125,13320000
2022-02-25,2153.9046824159436,2218.8828125,2137.058500542299,2218.8828125,12734400
2022-02-28,2182.78369140625,2211.662858216476,2129.838552254169,2182.78369140625,9710000
2022-03-01,2233.321827342048,2250.1680049189813,2197.222875391476,2209.255859375,6335200
2022-03-02,2151.497878858401,2182.783642197505,2141.8714901386766,2161.124267578125,6396800
2022-03-03,2197.223081658915,2202.03627570417,2149.0911412063647,2158.717529296875,4949200
2022-03-04,2137.0583053234013,2139.4649025140807,2040.794417696221,2069.673583984375,11038000
2022-03-07,1997.4753589348254,2004.6951493888066,1927.6840512130061,1954.1566162109375,9896400
2022-03-08,1889.1787565824877,1992.6624336946493,1869.9259794453412,1956.5634765625,12690800
2022-03-09,1956.5635255688298,2023.9482472366371,1946.9371367591432,1978.222900390625,8646800
2022-03-10,2057.63999492279,2067.266380863949,2028.7608370993119,2055.2333984375,9339200
2022-03-11,2043.2008862454466,2050.4206773629217,1922.8710342875288,1961.3765869140625,11548400
2022-03-14,1997.4756430892671,2048.0141834565857,1987.849254447873,2004.6954345703125,6319200
2022-03-15,1973.4098102377475,2035.9813408062614,1968.596615578631,2007.1021728515625,5701200
2022-03-16,2048.014404296875,2055.234196556441,2002.289053319624,2048.014404296875,8270800
2022-03-17,2146.684596735837,2175.563761714346,2125.025223001955,2134.651611328125,8589200
2022-03-18,2144.27783203125,2151.49762271149,2117.805266203704,2144.27783203125,6698400
2022-03-22,2156.310817307692,2194.8163676167583,2139.464639047476,2190.003173828125,6840800
2022-03-23,2247.761880309866,2293.487229052786,2240.5420884030887,2283.86083984375,8629200
2022-03-24,2235.7287036999282,2307.9266166288817,2216.475926918874,2305.52001953125,5630800
2022-03-25,2348.838740427051,2353.6519345672705,2298.3002019547475,2317.552978515625,6063200
2022-03-28,2298.3000101447733,2324.77257570665,2279.0472351906806,2293.48681640625,4211200
2022-03-29,2324.7729385264597,2341.61911924042,2283.860785363986,2307.9267578125,5728400
2022-03-30,2346.7152780001284,2375.8067897108735,2339.4424000724416,2366.109619140625,7533200
2022-03-31,2320.0480888863754,2351.5638936465875,2307.9266255170633,2344.291015625,6641600
2022-04-01,2307.9267105263157,2317.6238815789475,2269.1380263157894,2303.078125,7126000
2022-04-04,2276.4106205856874,2293.380667810501,2249.7434035181236,2273.986328125,5184400
2022-04-05,2310.350686223353,2310.350686223353,2264.2891300447136,2295.804931640625,5875600
2022-04-06,2223.075976084314,2230.3488527781556,2189.1358848463856,2227.924560546875,7364800
2022-04-07,2155.19605559776,2164.893225701687,2089.740157396253,2106.710205078125,11555200
2022-04-08,2140.65069140625,2147.9235703125,2094.589125,2121.25634765625,6760000
2022-04-11,2084.891577688446,2109.1345030104044,2053.3757747698996,2082.46728515625,6021600
2022-04-12,2046.103013780382,2063.0730624728735,2007.3143310546875,2007.3143310546875,6975200
2022-04-13,2024.2843398689663,2072.7701923209174,1995.1928283977954,2065.497314453125,7407600
2022-04-14,2101.86181640625,2123.680451178633,2087.3160598913278,2101.86181640625,6684800
2022-04-15,2017.011474609375,2053.37586417565,2000.0414261451135,2017.011474609375,7844000
2022-04-18,1980.6471584090268,2012.1629638671875,1968.5256947712726,2012.1629638671875,5328000
2022-04-19,2055.7999725877194,2077.6186043722587,2041.2542180646929,2072.77001953125,5633200
2022-04-20,2099.4373411928873,2104.2859262764737,2036.4057351062647,2046.1029052734375,6545200
2022-04-21,2065.497090681127,2094.5885990005795,2063.0727983211723,2092.164306640625,6798000
2022-04-22,2036.4058029819541,2072.7701923209174,2031.557217736759,2065.497314453125,6045200
2022-04-25,2012.1629130167692,2046.1030103447629,2002.465742351628,2019.435791015625,6696000
2022-04-26,2060.6487292079296,2070.34589969832,2031.557217736759,2065.497314453125,7072000
2022-04-27,2029.1329189928945,2089.740234375,2024.284333762326,2089.740234375,10358400
2022-04-28,2092.1646689138106,2218.2278934601813,2043.6788133190523,2179.439208984375,18110400
2022-05-02,2150.3479078061114,2164.8936659197943,2058.22477308612,2075.19482421875,11128400
2022-05-06,2087.315673828125,2087.315673828125,2026.7083662256823,2087.315673828125,7779200
2022-05-09,2050.95138774671,2094.5886513157893,2050.95138774671,2072.77001953125,5388400
2022-05-10,2060.6485152870487,2065.4971000289006,1975.798282304641,2031.5570068359375,7407600
2022-05-11,2050.9515823060156,2077.618801461295,2033.981533752656,2067.921630859375,6106800
2022-05-12,2012.1628958523418,2036.4058223083941,1980.6470914594738,1992.7685546875,8592400
2022-05-13,2038.830428934543,2087.316289313486,2014.5874987450716,2075.19482421875,7811200
2022-05-16,2143.074825402462,2147.9234109802956,2070.3460417349575,2080.043212890625,5726000
2022-05-17,2084.891453495732,2106.710084985804,2055.7999448423034,2094.588623046875,4156000
2022-05-18,2130.953369140625,2160.0448827125106,2106.7104411640535,2130.953369140625,5754000
2022-05-19,2048.5269969625615,2097.0128430445156,2046.1027046584638,2087.315673828125,4912000
2022-05-20,2087.3156707448334,2116.407178351033,2075.19420924225,2111.55859375,4600000
2022-05-23,2140.6506202067803,2143.074913094897,2094.589055332569,2113.9833984375,4309200
2022-05-24,2121.2555932216956,2121.2555932216956,2070.345458984375,2070.345458984375,4765600
2022-05-25,2070.345923509855,2082.4673867622546,2046.1029970050558,2067.921630859375,5208800
2022-05-26,2038.8301149539993,2058.2244561188413,1992.7685546875,1992.7685546875,8862000
2022-05-27,2058.224096910009,2080.0427269125885,2046.1026357974645,2055.7998046875,6030000
2022-05-30,2089.7403915804534,2133.377661938282,2080.043220389825,2130.953369140625,8328800
2022-05-31,2157.62060546875,2157.62060546875,2111.5590419812147,2157.62060546875,10488800
2022-06-01,2133.3772421524664,2174.590211603139,2133.3772421524664,2162.46875,4417200
2022-06-02,2155.1959448105795,2189.1360384296436,2147.9230676064944,2169.74169921875,3891600
2022-06-03,2206.10675924579,2215.8039318139035,2184.2881209675347,2213.379638671875,5321200
2022-06-06,2177.014638863358,2232.773365693934,2172.1660539215686,2225.50048828125,4904400
2022-06-07,2201.2575004364526,2208.5303776405376,2155.1959448105795,2169.74169921875,7434000
2022-06-08,2181.863517891425,2189.136396284396,2126.1047835453105,2130.953369140625,7080800
2022-06-09,2106.7099145023517,2106.7099145023517,2058.224070670307,2077.618408203125,9670000
2022-06-10,2072.77018724783,2072.77018724783,1990.34423828125,1990.34423828125,12498000
2022-06-13,1922.4640462239583,1932.1612166967147,1883.6753643329328,1890.9482421875,12386800
2022-06-14,1844.8866099481997,1900.6453379755435,1827.9165622877038,1895.7967529296875,10046800
2022-06-15,1900.6453675816622,1910.3425378244258,1854.5838089285353,1873.9781494140625,7134000
2022-06-16,1920.039461885719,1927.312338635286,1837.613525390625,1837.613525390625,7922800
2022-06-17,1757.6119864987213,1781.8549104504277,1735.7933549421853,1762.4605712890625,13940400
2022-06-20,1781.8549661075367,1781.8549661075367,1672.7618049172795,1730.94482421875,11402800
2022-06-21,1764.8849593343878,1801.249347232761,1730.9448639625725,1772.1578369140625,8276000
2022-06-22,1798.825013403799,1801.2493058746936,1713.9747769224878,1730.94482421875,7586000
2022-06-23,1735.7934091605393,1760.0363338694854,1709.1261919806986,1730.94482421875,7412800
2022-06-24,1718.8233503824317,1803.6735862969383,1713.9747654730315,1791.5521240234375,8417200
2022-06-27,1827.9166901152012,1869.1296658870294,1806.098055883057,1859.4324951171875,8904800
2022-06-28,1830.3407681566391,1857.0079846463386,1808.5221364832487,1849.735107421875,6880800
2022-06-29,1806.0979925099987,1835.1895037987504,1786.703651650831,1827.9166259765625,9502800
2022-06-30,1791.552179846225,1801.249349967179,1740.6420367112173,1760.036376953125,10396800
2022-07-01,1767.3093917025385,1789.128026168002,1692.1563174326088,1711.5506591796875,8784400
2022-07-04,1687.3075149730373,1740.6419479175875,1667.9131757204736,1713.9747314453125,5870800
2022-07-05,1730.9448506959727,1743.0663132358604,1704.2776331082198,1721.2476806640625,6458800
2022-07-06,1699.4292699640448,1750.3394192782316,1699.4292699640448,1706.7021484375,7891200
2022-07-07,1716.398972219187,1755.1876495574738,1711.5503875519012,1733.3690185546875,5993200
2022-07-08,1769.7334725516184,1806.0978589739118,1755.1877179827009,1764.8848876953125,9455600
2022-07-11,1801.249349967179,1803.6736424974172,1747.9149143019326,1760.036376953125,4944400
2022-07-12,1745.4904575105782,1750.3390421147742,1697.0046114686177,1718.8232421875,6376000
2022-07-13,1733.3691432039504,1740.642020727883,1709.1262181241748,1721.2476806640625,5183200
2022-07-14,1706.7019671918283,1767.3092813676744,1699.4290894907267,1750.3392333984375,8122400
2022-07-15,1784.2793598790322,1784.2793598790322,1723.6720446657498,1728.5206298828125,6218800
2022-07-19,1743.066355697336,1762.4606962336068,1728.520600295133,1750.3392333984375,5075600
2022-07-20,1818.2193816654267,1861.8566468253969,1806.0979191209904,1832.76513671875,8834000
2022-07-21,1837.6138991085602,1844.8867773372222,1793.976629736589,1813.3709716796875,8037200
2022-07-22,1825.4923333691665,1835.1895037987504,1808.5222851173946,1827.9166259765625,5548800
2022-07-25,1793.9765325120995,1827.9166290731391,1791.5522399005965,1815.795166015625,3876400
2022-07-26,1801.2494371657403,1830.3409489369233,1801.2494371657403,1806.0980224609375,4118000
2022-07-27,1796.4008885180856,1854.5839132474164,1791.5523031239748,1847.31103515625,6171600
2022-07-28,1888.5239411614618,1890.9482337688578,1803.6736999026027,1827.9166259765625,12169200
2022-07-29,1912.7668726052448,1939.4340913614649,1893.3725316916302,1903.0697021484375,23551200
2022-08-01,1903.069661208394,1975.7984380698615,1903.069661208394,1973.3741455078125,11428400
2022-08-02,1949.1313949092741,1968.5257371471773,1929.737052671371,1953.97998046875,8640000
2022-08-03,1966.1012176551026,1987.9198501568237,1951.5554626539551,1980.64697265625,6956000
2022-08-04,2017.0113947719194,2060.6486605241967,2014.5871022301262,2046.1029052734375,9860000
2022-08-05,2058.224139614763,2118.8314464349855,2050.9512627963363,2109.13427734375,14588400
2022-08-08,2082.467279818308,2121.255960234015,2080.042987292326,2106.710205078125,7341200
2022-08-09,2060.6488588020525,2084.8917865526646,2019.4358816260112,2041.2545166015625,9821600
2022-08-10,1968.525390625,1990.3440218018782,1951.5553441540949,1968.525390625,10650800
2022-08-12,2041.2543201898511,2053.375782898817,2000.0413469793673,2046.1029052734375,12433200
2022-08-15,2070.345731439534,2075.1943162906805,2043.6785147582286,2048.527099609375,4903200
2022-08-16,2041.2543201898511,2063.0729530659896,2017.0113947719194,2046.1029052734375,5262000
2022-08-17,2046.1025379189841,2070.345458984375,2041.253953705906,2070.345458984375,5900000
2022-08-18,2029.1329345703125,2046.102983007579,2012.1628861330457,2029.1329345703125,7298000
2022-08-19,2072.7703988211497,2072.7703988211497,2029.1331272670202,2036.406005859375,5396800
2022-08-22,2000.0414261451135,2021.8600598848784,1995.19284086961,2017.011474609375,4254000
2022-08-23,1987.9199896918403,2029.1329650878906,1985.4956970214844,2007.3143310546875,4860800
2022-08-24,2012.1630429236598,2024.2845070376577,1978.2229434044655,1995.1929931640625,4849200
2022-08-25,1995.1927966678504,2002.465674419981,1975.7984559955019,2000.0413818359375,3560800
2022-08-26,2024.284325558603,2048.527251613197,2021.8600329531437,2026.7086181640625,4541600
2022-08-29,1939.4339838873282,1958.8283237262015,1932.1611064477509,1941.8582763671875,7238000
2022-08-30,1949.131296831436,1958.828467462438,1927.312662911681,1956.4041748046875,5840000
2022-08-31,1927.3126190185546,1946.706959838867,1922.4640338134764,1939.43408203125,6534400
2022-09-01,1903.0696630477905,1910.3425407409668,1852.1595191955566,1861.856689453125,9897200
2022-09-02,1861.8565694626475,1876.4023239115745,1840.037937789257,1849.735107421875,5732400
2022-09-05,1840.0381570650836,1854.5839132474164,1825.492400882751,1847.31103515625,4987600
2022-09-06,1852.1596135747247,1886.0997112056752,1844.8867355109496,1871.553955078125,6571600
2022-09-07,1852.1593777090902,1861.8565472258917,1813.3706996418841,1835.1893310546875,7084000
2022-09-08,1859.43247137244,1864.281056695445,1837.6138374189172,1857.0081787109375,8837600
2022-09-09,1871.553758882429,1881.2509286175712,1849.7351269783592,1876.40234375,8549600
2022-09-12,1912.76686949911,1929.7369177709652,1907.91828427858,1915.191162109375,5590800
2022-09-13,1915.1909624133027,1944.282470703125,1912.7666700558175,1944.282470703125,4541200
2022-09-14,1842.462493142474,1883.675469962766,1840.0382003883392,1864.2811279296875,9626000
2022-09-15,1861.856890604468,1873.9783547360073,1840.0382551676967,1844.8868408203125,6084800
2022-09-16,1818.2195165882938,1823.0681019658628,1784.2794189453125,1784.2794189453125,7821600
2022-09-20,1815.7950969907115,1830.340852106792,1793.9764643165909,1796.4007568359375,6698800
2022-09-21,1791.5523958997662,1803.673860012755,1772.1580533189838,1781.855224609375,6918000
2022-09-22,1757.612296383397,1789.1281030771684,1750.3394179156037,1781.855224609375,7015600
2022-09-26,1730.9450009267662,1743.0664645186903,1706.7020737429177,1711.5506591796875,7810800
2022-09-27,1743.0663132358604,1743.0663132358604,1711.5505106321523,1721.2476806640625,7082800
2022-09-28,1721.2476858956472,1745.4906110491072,1665.4889580426898,1697.0047607421875,9425600
2022-09-29,1727.5924354509123,1732.4864650130962,1688.4401989534413,1693.334228515625,8497200
2022-09-30,1668.864054847831,1673.7580843341884,1619.9237599842584,1639.4998779296875,15151600
2022-10-03,1615.0295890090813,1717.80419921875,1615.0295890090813,1717.80419921875,12335600
2022-10-04,1761.850674715909,1764.2976895419033,1730.0394819779829,1749.6156005859375,10797200
2022-10-05,1764.2978515625,1774.085911765343,1747.1687462075242,1764.2978515625,7888000
2022-10-06,1778.9797154346888,1825.4729954804372,1774.085685956189,1815.6849365234375,8352000
2022-10-07,1776.532768062415,1805.8969460469177,1756.9566494060798,1796.10888671875,7892000
2022-10-11,1708.016357421875,1739.8275503251477,1698.2282980670218,1708.016357421875,11630000
2022-10-12,1693.3342573227783,1703.1223166136615,1646.8409756910837,1659.0760498046875,10925200
2022-10-13,1668.8639124515282,1698.228086864165,1661.522868848369,1676.2049560546875,7451600
2022-10-14,1725.1454946157094,1734.9335541596283,1693.334301097973,1720.25146484375,10721600
2022-10-17,1676.2051645186023,1708.016357421875,1673.758149679889,1708.016357421875,5219600
2022-10-18,1732.4864501953125,1742.274509235964,1705.569287833521,1732.4864501953125,7745600
2022-10-19,1730.039354511336,1756.9565156140582,1722.6983105742297,1747.16845703125,6657200
2022-10-20,1732.4863957868304,1742.2744545200892,1700.6752049037389,1712.9102783203125,7202400
2022-10-21,1720.2515299022616,1764.2977995156907,1715.357499945214,1744.7216796875,7999600
2022-10-24,1781.4269252232143,1827.9202103595344,1781.4269252232143,1798.5560302734375,11130800
2022-10-25,1796.1088252728591,1825.473002252797,1791.214795776203,1818.1319580078125,7676800
2022-10-26,1825.4728657957996,1832.8139094920293,1805.8967492725203,1813.23779296875,7770000
2022-10-27,1815.6850030777302,1862.178284827699,1810.7909734198388,1840.1551513671875,8842000
2022-10-28,1864.6252974076704,1925.8006680575284,1825.4730601917613,1884.201416015625,20442400
2022-10-31,1942.9297561451376,1960.0588597887345,1913.5655784704,1923.3536376953125,9962400
2022-11-01,1898.8833758537166,1940.482625067007,1889.0953172152954,1925.800537109375,6310000
2022-11-02,1913.5655111725798,1923.353570053258,1889.0953639708844,1898.8834228515625,6059600
2022-11-04,1835.2610404384482,1864.6252170854634,1830.367010997279,1854.837158203125,9057200
2022-11-07,1889.0954919763512,1908.6716110641892,1864.625343116554,1901.33056640625,5711200
2022-11-08,1916.0124458312987,1962.5057235717773,1908.671401977539,1957.6116943359375,6992800
2022-11-09,1994.3169151250192,2018.7870613228722,1982.0818420260928,2001.657958984375,9794400
2022-11-10,1972.2938972015568,2016.3401628958843,1967.3998676799647,1999.2110595703125,8000000
2022-11-11,2182.737053696689,2207.20720003858,2155.819892720609,2180.2900390625,20820400
2022-11-14,2216.995244612978,2243.912405419537,2172.948981474972,2175.39599609375,8316000
2022-11-15,2182.736955609238,2243.912318714878,2163.160839415433,2231.67724609375,8320800
2022-11-16,2243.9123947788294,2287.9586577079663,2202.313146456866,2258.594482421875,12107200
2022-11-17,2187.63134765625,2209.6544820286285,2168.055228214136,2187.63134765625,8866000
2022-11-18,2209.654760171892,2231.677897316463,2190.0786382656074,2199.86669921875,7822400
2022-11-21,2251.253362287555,2253.7003768117806,2209.6541153757194,2231.67724609375,6844800
2022-11-22,2212.101775410178,2224.3368516016058,2197.4196839804645,2199.86669921875,6347600
2022-11-24,2273.276685609209,2302.640862387799,2268.3826561461105,2300.19384765625,9716400
2022-11-25,2283.0649282945087,2302.6410477225427,2273.2768685804913,2278.1708984375,6270800
2022-11-28,2248.8064444688175,2273.276590763364,2241.4654005804537,2265.935546875,5278800
2022-11-29,2234.1244983191546,2241.465542672887,2216.995394827113,2229.23046875,4627200
2022-11-30,2214.548393324719,2234.12451171875,2197.4192897299426,2234.12451171875,10542800
2022-12-01,2336.8989119474686,2346.686970217406,2297.74667886772,2332.0048828125,10864000
2022-12-02,2305.087977032886,2336.899169921875,2295.299917682428,2336.899169921875,7385200
2022-12-05,2305.0879040734244,2339.3461107157045,2305.0879040734244,2309.98193359375,5149200
2022-12-06,2280.617576895331,2349.13398478489,2278.1705623278463,2332.0048828125,5705600
2022-12-07,2305.087870344948,2314.875929242379,2287.958767274444,2297.746826171875,6220400
2022-12-08,2307.53509743668,2307.53509743668,2256.1477834958846,2285.511962890625,5666800
2022-12-09,2336.8989099664727,2417.650390625,2327.110851704833,2417.650390625,15185200
2022-12-12,2368.7102924311926,2405.4155139048166,2361.369248136468,2400.521484375,8018400
2022-12-13,2402.968499139908,2412.7565581995414,2373.604321961009,2400.521484375,8186000
2022-12-14,2422.544447375882,2439.673549529045,2415.203403595955,2427.4384765625,6498000
2022-12-15,2400.5215044719416,2442.120755823647,2390.733445330364,2407.862548828125,4830400
2022-12-16,2339.3459265149527,2344.2399556499213,2314.87578084011,2332.0048828125,11399200
2022-12-19,2302.64085562059,2319.769958691094,2295.299811447517,2297.746826171875,5741200
2022-12-20,2300.193897502744,2327.111060133095,2197.419276550494,2229.23046875,9370800
2022-12-21,2216.995306953821,2241.465453829691,2197.419189453125,2197.419189453125,6724000
2022-12-22,2216.995500131671,2231.6775895365167,2177.84326171875,2177.84326171875,5224800
2022-12-23,2119.1146357996327,2126.4556795726103,2060.386285615809,2079.96240234375,10341600
2022-12-26,2067.7273971202762,2119.1147052143892,2065.280382449128,2104.4326171875,4574400
2022-12-27,2111.7735920266546,2119.1146357996327,2062.8333002068016,2079.96240234375,4542400
2022-12-28,2045.7044186282467,2077.515611740887,2023.6812849348805,2072.62158203125,8279200
2022-12-29,2045.7041571015995,2077.515346147438,2043.2571425596118,2065.2802734375,5220800
2022-12-30,2089.750446823408,2109.3265634212853,2072.6213448002654,2075.068359375,6999600
2023-01-04,2006.5520494823156,2040.8102552051844,2004.105034787825,2023.68115234375,6143600
2023-01-05,2048.151171643587,2089.7504188573753,2043.2571425596118,2065.2802734375,7623600
2023-01-06,2026.1283255912163,2082.40966796875,2021.2342958192567,2082.40966796875,5922400
2023-01-10,2124.008782304282,2146.031914839695,2101.985649768869,2121.561767578125,8118800
2023-01-11,2148.478703641343,2170.5018338609016,2128.902587890625,2128.902587890625,6956800
2023-01-12,2150.926470555297,2163.161547179616,2126.4563173066585,2133.79736328125,6926400
2023-01-13,2138.690823691232,2226.7833518981934,2133.796794346401,2192.525146484375,9544000
2023-01-16,2180.2903028654573,2207.2074670983643,2168.055228214136,2187.63134765625,7655600
2023-01-17,2197.4190903623166,2263.4884839478204,2194.9720757850755,2248.806396484375,7694800
2023-01-18,2265.935667910818,2324.6640221547273,2256.147608870167,2309.98193359375,8701600
2023-01-19,2319.7697263549417,2332.0047987513285,2302.640625,2302.640625,8635200
2023-01-20,2273.276712191307,2322.2170073945645,2265.935667910818,2309.98193359375,6457200
2023-01-23,2346.687295326668,2361.369384765625,2327.111176074725,2361.369384765625,5713600
2023-01-24,2417.650923563128,2473.9322709740104,2412.7568933534862,2434.780029296875,12542400
2023-01-25,2398.074489686547,2422.5446375404917,2380.9453861887864,2407.862548828125,6831200
2023-01-26,2388.2862810226093,2398.0743395513905,2319.7698713211407,2354.028076171875,9828800
2023-01-27,2354.0282061218586,2373.6043242600863,2312.428955078125,2312.428955078125,8007200
2023-01-30,2287.959272056628,2322.2174857558716,2275.7241957354695,2305.08837890625,6554000
2023-01-31,2285.512117866848,2297.7471934442933,2251.25390625,2251.25390625,7286400
2023-02-01,2324.6638665752353,2378.498187695925,2302.6407352076803,2341.79296875,11697200
2023-02-02,2415.203403595955,2449.461607902281,2390.7332576628655,2427.4384765625,11432800
2023-02-03,2447.0148327131687,2451.9088623785947,2424.99169921875,2424.99169921875,5685200
2023-02-06,2432.3326075325053,2442.120666315332,2376.05126953125,2376.05126953125,5692400
2023-02-07,2376.0513698121354,2424.9916657917884,2373.604355013153,2412.756591796875,4912400
2023-02-08,2442.1207133336416,2481.27294921875,2424.9916101339068,2481.27294921875,9158800
2023-02-09,2449.46192064114,2469.038039887023,2429.8858013952563,2451.908935546875,6402800
2023-02-10,2493.508043197287,2510.637146536228,2459.2498365194047,2488.614013671875,11398000
2023-02-13,2469.0380332558066,2476.379077953297,2422.5447501717035,2449.4619140625,7236800
2023-02-14,2491.0609329238846,2493.5079475927687,2451.908698221741,2454.355712890625,4382000
2023-02-15,2505.743089832182,2517.978163513003,2466.590854053554,2478.825927734375,6125200
2023-02-16,2498.4023566371884,2525.319522085777,2488.614296474065,2503.29638671875,5531200
2023-02-17,2473.931843954058,2488.6139320487405,2449.4616971295864,2459.249755859375,7396800
2023-02-20,2447.01469595643,2469.037828220038,2432.3326077806914,2464.143798828125,4093600
2023-02-21,2481.272915343936,2488.613959472172,2456.802768249814,2469.037841796875,4682800
2023-02-22,2422.544808265006,2478.8261522954053,2415.2037633914756,2471.485107421875,7931600
2023-02-24,2532.660531954054,2689.269492384063,2530.2135169473354,2674.58740234375,15440400
2023-02-27,2625.64723585618,2655.011417431459,2603.624099674721,2632.98828125,7791200
2023-02-28,2652.563944517519,2677.0340916071636,2632.987826845803,2645.222900390625,9085200
2023-03-01,2642.7758126836575,2713.739237283496,2640.3287980422833,2706.398193359375,7472800
2023-03-02,2718.6331901933504,2723.527219338613,2674.5869278859877,2679.48095703125,7106400
2023-03-03,2711.292460583993,2725.9745497207296,2674.587237742152,2703.951416015625,6749200
2023-03-06,2740.6562708704364,2779.8085033114426,2735.7622418153105,2747.997314453125,5728400
2023-03-07,2733.3154296875,2745.5505032313117,2716.1863267261638,2733.3154296875,4731600
2023-03-08,2723.5269696461196,2787.1493427016444,2716.185926601251,2762.67919921875,6288800
2023-03-09,2801.8318143069378,2840.9840492666854,2792.043755567001,2811.619873046875,5570400
2023-03-10,2779.808864446272,2816.514087128221,2765.1267753734924,2789.596923828125,8974800
2023-03-13,2755.338683060297,2789.596890487335,2740.6565941629956,2777.36181640625,5563600
2023-03-14,2728.421311309372,2745.550413712211,2689.26907724574,2701.504150390625,7928000
2023-03-15,2762.679957498414,2794.4911527574745,2733.3157772592813,2772.468017578125,8145600
2023-03-16,2730.86859344269,2838.5372476644447,2723.5275488366615,2799.385009765625,9390400
2023-03-17,2853.219103198366,2892.371337890625,2826.3019418474382,2892.371337890625,10611600
2023-03-20,2907.053745573367,2916.8418053227724,2828.749267578125,2828.749267578125,7276000
2023-03-22,2863.0072021484375,2909.500481499566,2853.219143337674,2907.053466796875,7367200
2023-03-23,2909.5008743500334,2968.229235144315,2892.371769118368,2963.335205078125,6760000
2023-03-24,3000.0403911922976,3048.980691211748,2946.2060611709026,2948.653076171875,10743600
2023-03-27,2943.7587554371216,2955.9938292336183,2899.712489769733,2931.523681640625,6720400
2023-03-28,2894.8186429395105,2926.629836817967,2880.136553457146,2909.500732421875,5903600
2023-03-29,2885.0303479106487,2924.1825833360685,2865.4542301979386,2911.947509765625,7534000
2023-03-30,2978.407999674479,2998.0999533913355,2892.2557021632338,2924.255126953125,8196000
2023-03-31,2975.946299502724,3007.9457220780223,2936.5623947946647,2993.1767578125,13177600
2023-04-03,2993.1768954037802,2998.099883718589,2865.17919921875,2865.17919921875,10942000
2023-04-04,2865.1789905661667,2879.9479544350647,2803.641641112426,2811.026123046875,11352400
2023-04-05,2747.0276056070243,2813.4879509039683,2737.1816285259956,2781.488525390625,9045200
2023-04-06,2739.6431648998055,2742.1046592078915,2705.1822445866,2727.335693359375,8931600
2023-04-07,2751.950546700614,2783.949971662249,2719.951121738979,2756.87353515625,5393200
2023-04-10,2756.8735558498647,2766.719532835043,2719.951142155447,2729.797119140625,4644000
2023-04-11,2793.79641801883,2811.026880508814,2774.10446088742,2783.950439453125,7412000
2023-04-12,2759.335132070074,2833.179961652681,2756.873637750654,2823.333984375,6157200
2023-04-13,2783.950188343088,2847.949043247527,2783.950188343088,2845.487548828125,7134000
2023-04-14,2902.101631740229,2902.101631740229,2798.7188764110606,2838.102783203125,9496800
2023-04-17,2838.102920227316,2852.871885987389,2820.8724601738977,2833.179931640625,3998800
2023-04-18,2808.564944250182,2811.0264385045643,2719.95115109242,2747.027587890625,10129600
2023-04-19,2798.71923828125,2823.3341832089654,2774.1042933535346,2798.71923828125,8189600
2023-04-20,2771.6425537529585,2867.6408304815245,2764.258070927684,2860.25634765625,8005600
2023-04-21,2916.8709407822225,3007.946235979642,2904.563468458247,2966.100830078125,12009600
2023-04-24,2926.716148460732,2956.254074265213,2877.486272119929,2897.17822265625,6622800
2023-04-25,2916.8708194254627,2951.3317404988434,2909.4863363383097,2926.716796875,7899600
2023-04-26,2911.9477274331703,2956.254624384816,2860.25634765625,2860.25634765625,12684400
2023-04-27,2614.106924800059,2628.8758904768956,2515.6471536211493,2596.87646484375,31367600
2023-04-28,2628.8757125014827,2631.3372066143115,2530.4159479883183,2594.414794921875,11151600
2023-05-01,2611.6456972710707,2675.644555074132,2587.030751962201,2648.568115234375,8599600
2023-05-02,2680.5671382335613,2764.2579396109177,2665.798173284616,2742.1044921875,9493200
2023-05-08,2712.56640625,2766.7192746143373,2702.720430183757,2712.56640625,8711600
2023-05-09,2732.2587317425273,2838.1029889181386,2717.489765625,2830.718505859375,9230400
2023-05-10,2803.6416804551036,2865.17903077238,2801.180186442413,2818.41064453125,6502800
2023-05-11,2909.486388848222,2956.254782577593,2872.563972746087,2889.79443359375,9600800
2023-05-12,2963.63903255101,3000.5614457472434,2904.5631714370365,2985.79248046875,13099200
2023-05-15,3012.8688478171334,3032.56080107084,2956.2544822127265,2988.25390625,6534000
2023-05-16,3037.4840799729213,3160.5587995828455,3037.4840799729213,3153.17431640625,11913200
2023-05-17,3187.6348453481455,3278.7101266438067,3180.2503630809297,3263.941162109375,11083600
2023-05-18,3411.630888358175,3559.320537204849,3411.630888358175,3524.859619140625,22416400
2023-05-19,3635.626980505257,3643.0114632009345,3409.169511171145,3423.9384765625,24121600
2023-05-22,3443.6302455308464,3537.1670213208195,3419.015304533485,3527.321044921875,12618800
2023-05-23,3556.85915338477,3598.7045551892966,3428.861453747394,3468.245361328125,18432000
2023-05-24,3384.55475851957,3502.706488271526,3382.0932641497375,3460.861083984375,13118800
2023-05-25,3739.009708549285,4152.540736222938,3721.7792490628826,4022.08154296875,42594800
2023-05-26,4061.465464885159,4246.077531470848,3975.3131671451706,4179.6171875,30902400
2023-05-29,4455.304704632676,4467.612176192434,4258.385159676535,4349.46044921875,27683600
2023-05-30,4278.076225318719,4514.379630169465,4275.61473151819,4452.84228515625,27964000
2023-05-31,4364.228753631439,4418.381620286764,4251.000032443031,4408.53564453125,42138400
2023-06-01,4258.384929018725,4440.535498236868,4236.231481411114,4428.22802734375,24901600
2023-06-02,4410.99739142696,4447.919802627521,4285.461193345054,4364.22900390625,22524000
2023-06-05,4330.998649834416,4546.379372687789,4280.53802333734,4511.91845703125,26612400
2023-06-06,4413.45947265625,4500.842524122673,4371.614067728667,4413.45947265625,25498800
2023-06-07,4434.38245923913,4460.228152173913,4199.30972826087,4246.078125,32626400
2023-06-08,4196.847557749459,4314.999277850324,4189.463075243156,4270.6923828125,22510800
2023-06-09,4332.230217086835,4393.767578125,4268.231361607143,4393.767578125,28456800
2023-06-12,4377.767040656693,4538.994896244555,4349.459859904625,4520.53369140625,17691200
2023-06-13,4627.609017764355,4785.144643901013,4620.224535289199,4737.1455078125,25945200
2023-06-14,4873.757562125456,4883.6035369984365,4578.378315936035,4723.6064453125,26996800
2023-06-15,4759.299548683264,4952.526864210358,4698.992934283088,4812.2216796875,29419200
2023-06-16,4738.376201771777,4921.7575145156725,4690.377066221362,4888.52734375,23175600
2023-06-19,4799.913673400879,4831.913097890218,4691.607928975423,4726.06884765625,19662000
2023-06-20,4723.607685025048,4836.83642578125,4707.607971657324,4836.83642578125,21746400
2023-06-21,4775.2986185285245,4988.217861055698,4772.837124395262,4897.142578125,24290000
2023-06-22,4753.145989506038,4762.991967733911,4561.1494140625,4561.1494140625,28401200
2023-06-23,4602.994250600636,4716.222986176908,4460.227584004467,4546.3798828125,27763600
2023-06-26,4447.919675664821,4582.0710991976,4419.6124945524,4500.841796875,18020000
2023-06-27,4402.382456627042,4412.2284336058,4312.537916695878,4388.84423828125,20476400
2023-06-28,4408.5367482132,4552.5341796875,4390.075539049828,4552.5341796875,21914800
2023-06-29,4588.225628285151,4723.607822252792,4573.4566616705,4682.9931640625,23139600
2023-06-30,4627.608936439295,4748.222148080532,4605.45548940315,4713.76123046875,20661600
2023-07-03,4799.9138136053425,4993.14111328125,4788.8370894201,4993.14111328125,24867200
2023-07-04,4922.988199889733,5087.908304586039,4905.757741190118,5022.6787109375,22739200
2023-07-05,5052.216747869747,5164.214731805471,4977.141176220526,5089.13916015625,25104800
2023-07-06,4927.9114477472895,5032.52495250716,4913.142482369426,4995.6025390625,28262400
2023-07-07,4904.526792630351,5005.4480465815905,4903.2960456309465,4915.603515625,23889200
2023-07-10,4910.680520361854,5043.601196100973,4765.452374646892,4792.52880859375,25863600
2023-07-11,4922.9886661022165,5016.5254507581585,4873.758779441195,4996.83349609375,26090800
2023-07-12,5021.44830363912,5026.3712921721,4839.297727918878,4870.06640625,21868800
2023-07-13,4968.5256541399785,5079.292884477506,4854.0661827912,5055.90869140625,23977600
2023-07-14,5169.137185449758,5375.902672867748,5155.598969011676,5346.36474609375,31506000
2023-07-18,5490.362232059854,5507.59268963637,5298.3657047786755,5378.3642578125,24578400
2023-07-19,5464.516908061801,5470.670643318627,5341.442202925274,5391.90283203125,19080000
2023-07-20,5299.59695488365,5345.134597087713,5132.215351106554,5166.67626953125,22666000
2023-07-21,4920.527107942873,5017.756132837192,4854.066761812579,4867.60498046875,25910000
2023-07-24,4947.603473813515,5026.371290312039,4877.450887244518,5001.75634765625,19558800
2023-07-25,5016.525752579401,5047.29443359375,4953.75764331013,5047.29443359375,13581600
2023-07-26,5046.063365633526,5142.061644296798,4961.1418114314,4962.37255859375,16710000
2023-07-27,4728.5301542904745,4908.2192231417,4698.992225164246,4882.37353515625,38924800
2023-07-28,4834.374879655934,4947.603619199811,4697.76194390191,4873.7587890625,36170000
2023-07-31,4946.372550966309,4946.372550966309,4777.760199763925,4806.0673828125,21185600
2023-08-01,4855.297505366045,5000.525669024649,4808.529113679376,4999.294921875,18721200
2023-08-02,4930.3729653269975,4952.526413498711,4735.914920264176,4775.298828125,22406800
2023-08-03,4652.223979534849,4730.991792944963,4615.301566998858,4648.53173828125,19706400
2023-08-04,4660.839496799761,4702.684900256638,4611.6096103799055,4664.53173828125,11186000
2023-08-07,4595.60958010956,4612.840039167281,4462.68889594999,4588.22509765625,13498000
2023-08-08,4570.994380458467,4580.840356506844,4394.99755859375,4394.99755859375,19391200
2023-08-09,4426.997059021992,4575.917449386647,4412.2280946883075,4524.22607421875,14713200
2023-08-10,4428.22746140557,4530.379456763174,4362.997874008544,4519.302734375,14679200
2023-08-14,4420.843516020458,4433.150986833432,4316.230014110175,4376.53662109375,15833200
2023-08-15,4566.072290685793,4598.071719138038,4452.84354385477,4460.22802734375,14304800
2023-08-16,4407.305506943615,4535.303209463062,4386.382805570244,4509.45751953125,15439200
2023-08-17,4438.074032290951,4548.841271033653,4433.151043902387,4479.91943359375,13676800
2023-08-18,4488.534218528054,4625.147132774452,4462.6885320490055,4548.8408203125,17714000
2023-08-21,4554.994555188464,4614.070409997717,4489.764965503247,4548.8408203125,15501600
2023-08-22,4745.760401173694,4803.605509797959,4701.453509461491,4758.06787109375,19216400
2023-08-23,4701.454338763728,4766.683940846051,4625.1480117995,4762.99169921875,16273600
2023-08-24,4989.448502223344,5010.371201911996,4812.220928390053,4839.29736328125,29632400
2023-08-25,4543.918575824739,4563.610530649547,4332.230061458039,4355.6142578125,35329200
2023-08-28,4366.690682209475,4471.304185024527,4349.46022292229,4445.45849609375,18561200
2023-08-29,4458.99690714348,4474.996620031381,4406.074779898884,4412.228515625,10803200
2023-08-30,4484.842472082756,4531.610862296572,4422.0743694273715,4442.9970703125,15348800
2023-08-31,4467.612184683916,4543.918508499453,4441.766494359298,4506.99609375,14514400
2023-09-01,4479.92006635274,4535.303693546661,4472.535582726883,4492.2275390625,10077600
2023-09-04,4516.842196414455,4526.688173954323,4447.920353635379,4476.2275390625,7977200
2023-09-05,4476.226946324426,4484.842175530989,4372.844195845665,4418.3818359375,10452400
2023-09-06,4452.84296727116,4564.840952351778,4442.996990560776,4551.302734375,12420000
2023-09-07,4452.842792951781,4474.996239682885,4246.07729012815,4249.76953125,24222400
2023-09-08,4206.693624493738,4335.922071120959,4189.463164943441,4311.30712890625,22890400
2023-09-11,4216.539591495417,4255.9234989466295,4148.848500563646,4162.38671875,15882000
2023-09-12,4167.309624991746,4174.694107493208,4019.6199749625057,4077.465087890625,16910400
2023-09-13,4007.312645916258,4125.464370120178,4001.1589102806374,4019.6201171875,12959600
2023-09-14,4094.695873466574,4120.541564281963,4049.1582277442226,4100.849609375,11299600
2023-09-15,4139.002027064732,4139.002027064732,4015.927331047345,4092.233642578125,13280800
2023-09-19,3964.236377549896,3969.1593659107157,3876.8533341453503,3927.31396484375,13131200
2023-09-20,3977.774910466728,4004.851348594905,3912.5453095215744,3995.00537109375,12558000
2023-09-21,3896.5456159760683,3944.5447565392606,3862.084694546084,3889.1611328125,13069600
2023-09-22,3847.3156348670623,3943.313913664129,3807.9317256169834,3910.083740234375,14189600
2023-09-25,3928.5451207386363,4086.0807646780304,3926.0836263020833,4061.4658203125,11285200
2023-09-26,4034.388985791712,4084.8496167915473,3953.1596773529527,3970.39013671875,8467600
2023-09-27,3876.8533933315243,4045.4657472637205,3843.6232213886824,4039.31201171875,10118400
2023-09-28,4038.0763549804688,4116.168896484375,3959.9838134765623,4013.363525390625,9435800
2023-09-29,4136.927685558554,4187.341858070737,4062.789196570049,4132.9736328125,13920100
2023-10-02,4180.422265420651,4307.94046647037,4172.514159929196,4251.59521484375,12398700
2023-10-03,4245.664197622578,4322.768227288367,4178.445299965225,4197.22705078125,11882600
2023-10-04,4058.83530578462,4075.6400306259106,3950.098850929211,3987.662353515625,11751000
2023-10-05,4122.0999755859375,4193.272924804687,4054.881079101562,4191.2958984375,9716700
2023-10-06,4132.974232567071,4177.457332415318,4063.778299469799,4122.1005859375,7478400
2023-10-10,4138.904260222701,4262.468395051417,4133.961694829552,4253.57177734375,8137700
2023-10-11,4309.917625226654,4437.435830193223,4286.193308023572,4361.3203125,12890000
2023-10-12,4497.734864345043,4589.666587945942,4480.9301406760615,4537.275390625,15979200
2023-10-13,4536.287612400848,4612.4031378213895,4489.8274864948025,4517.505859375,13157100
2023-10-16,4369.228407891146,4370.216921105601,4276.308165732375,4301.02099609375,9957900
2023-10-17,4420.630746259652,4458.194245445222,4324.744972022804,4352.42333984375,9467000
2023-10-18,4252.583691939163,4367.251220592102,4214.031677995503,4347.48095703125,10455300
2023-10-19,4230.837508092043,4243.688182766155,4149.779406301494,4199.205078125,10101400
2023-10-20,4109.249292284537,4223.916821248936,4069.708765055434,4210.07763671875,8589400
2023-10-23,4162.628667781568,4194.261087009544,4075.639514904631,4084.5361328125,7278900
2023-10-24,4218.974242518188,4225.8938347622425,4028.1911992178107,4110.23779296875,8658800
2023-10-25,4178.445685387996,4249.618642413767,4139.893666999035,4228.85986328125,7382600
2023-10-26,4021.271930005177,4031.157062576478,3916.4895247493882,3938.23681640625,14169800
2023-10-27,3980.7426025572777,4017.3175904625714,3940.213561905465,3974.8115234375,9585600
2023-10-30,3995.570312744019,4039.064893090564,3930.3284422242004,3956.02978515625,12943900
2023-10-31,3886.834026611648,3887.822539843238,3771.177978515625,3771.177978515625,10615200
2023-11-01,3459.7967376283946,3632.7865745098143,3459.7967376283946,3548.762939453125,23008700
2023-11-02,3756.3502033742716,3915.500830411971,3697.039410689415,3903.638671875,15912600
2023-11-06,4062.7893137859255,4221.93994140625,4038.0764834100987,4221.93994140625,16769200
2023-11-07,4180.422413471858,4270.377116622943,4144.8359375,4144.8359375,10954100
2023-11-08,4283.228045280146,4317.826010104703,4212.055089069629,4224.90576171875,8595200
2023-11-09,4266.4234073390935,4289.159213263282,4159.663970825511,4212.05517578125,9646900
2023-11-10,4243.6868623905775,4244.675375519482,4072.6740910899553,4192.2841796875,10287500
2023-11-13,4360.331477766307,4380.101740644413,4247.640979361102,4256.53759765625,8216800
2023-11-14,4287.182187329326,4412.723376582456,4268.400434606417,4411.73486328125,9087700
2023-11-15,4566.931108065588,4751.7830814872905,4564.95408161188,4741.89794921875,19018500
2023-11-16,4657.874487460191,4670.725159857683,4538.26438283738,4655.8974609375,14136800
2023-11-17,4665.781945622218,4746.840021796163,4620.310341914882,4662.81640625,11027100
2023-11-20,4654.909126170024,4738.932756606307,4577.805088828495,4590.65576171875,9265000
2023-11-21,4708.287770093024,4757.713423778653,4669.735760218233,4722.126953125,12024000
2023-11-22,4583.736251624043,4631.1848908472375,4514.5403194235505,4517.505859375,13436300
2023-11-24,4572.8621368273525,4597.574967225252,4479.94189453125,4479.94189453125,8574000
2023-11-27,4448.309860431864,4584.724696151774,4448.309860431864,4472.0341796875,7213100
2023-11-28,4517.505372171633,4540.241176014073,4450.286473854857,4477.96484375,7138200
2023-11-29,4431.504931346807,4490.815726769696,4388.998861293738,4435.458984375,8512600
2023-11-30,4485.872602300189,4661.827940160356,4461.159773949043,4627.22998046875,17426300
2023-12-01,4578.793824879652,4630.19651894134,4531.345184207324,4568.90869140625,9176300
2023-12-04,4578.793411481038,4592.632597094323,4478.9535724137695,4535.298828125,7752700
2023-12-05,4466.102089249143,4490.814916214887,4250.606238107861,4253.57177734375,13443400
2023-12-06,4300.03225278338,4384.055871515929,4277.296450067513,4381.09033203125,8428700
2023-12-07,4237.756315404718,4253.572527451948,4157.686741915616,4175.47998046875,10426600
2023-12-08,4193.273588364306,4276.308708925976,4153.733054763512,4165.59521484375,12358300
2023-12-11,4263.457882116337,4306.952467512376,4243.687616027228,4293.11328125,6757900
2023-12-12,4426.561836632499,4457.205743942817,4311.894312503564,4333.6416015625,6939700
2023-12-13,4462.148617876093,4674.678957451494,4461.1601046687665,4575.82763671875,16456000
2023-12-14,4714.219934121282,4763.645599188605,4598.563877863746,4611.41455078125,13074400
2023-12-15,4774.518494219234,4941.577215859617,4756.725257594814,4789.34619140625,17424600
2023-12-18,4790.33538479845,4808.128623949579,4629.207719152114,4705.3232421875,10133000
2023-12-19,4702.35739014411,4898.0830078125,4656.885781998928,4898.0830078125,9945800
2023-12-20,4914.887378409547,4936.634667694545,4848.6569974052345,4928.7265625,9952600
2023-12-21,4790.33573797645,4826.9107322614545,4733.990476510364,4814.06005859375,8804700
2023-12-22,4902.037103598323,4905.991156515119,4761.668225052051,4762.65673828125,8070400
2023-12-25,4784.403634310472,4787.369173753226,4674.678674928558,4691.4833984375,4911100
2023-12-26,4765.622094711377,4767.59912109375,4765.622094711377,4767.59912109375,3808600
2023-12-27,4801.2083635233,4855.576586705055,4788.357692589431,4849.6455078125,7796100
2023-12-28,4819.990494140217,4828.887113181904,4726.081737589086,4741.89794921875,5430100
2023-12-29,4697.414854010319,4764.633753436392,4678.633102700092,4741.89794921875,6622900
2024-01-04,4449.297779828006,4579.78151831663,4421.619411057693,4561.98828125,10804000
2024-01-05,4558.03432576349,4659.8511844825625,4528.3789300200715,4609.43701171875,7490100
2024-01-09,4859.53135664181,5000.888757780903,4835.807037569514,4888.1982421875,16875000
2024-01-10,4949.4857067831845,4999.899881148262,4871.393162178457,4918.841796875,11731500
2024-01-11,4987.048974696275,5039.440173042935,4952.4510135239525,4998.9111328125,10839700
2024-01-12,5196.613768082917,5198.590794435621,4983.094921990867,4998.9111328125,14158200
2024-01-15,4982.106469524793,5029.555102567887,4961.34769256844,5023.6240234375,1740600
2024-01-16,5056.245300651296,5079.969618777519,4979.141266741071,5051.302734375,8408700
2024-01-17,5243.073950866912,5354.775941147447,5095.785485806737,5102.705078125,15513200
2024-01-18,5112.590315332414,5346.867945791382,5110.613288915039,5289.5341796875,14585500
2024-01-19,5684.9396825918875,5789.722086757205,5573.237685698672,5723.49169921875,25061200
2024-01-22,5921.1943844886555,5974.574100141808,5828.274138722056,5925.1484375,19083800
2024-01-23,5931.079399294969,6033.884775549416,5815.423351008718,5836.18212890625,21100400
2024-01-24,5923.171448887402,5998.29845658357,5837.170795340472,5908.34375,13773400
2024-01-25,5940.9645851199575,6009.171998825994,5790.710572318255,5979.5166015625,15712600
2024-01-26,5798.618785946248,5851.009988751422,5635.514097967875,5650.341796875,19562300
2024-01-29,5551.4901939748825,5716.571900241586,5545.559114707816,5686.91650390625,11463800
2024-01-30,5741.284206730769,5805.537559595353,5660.226130809295,5782.8017578125,9857100
2024-01-31,5545.558995242465,5763.031897016679,5536.66237653352,5756.1123046875,12918900
2024-02-01,5786.757174768372,5909.332830673955,5714.595699920731,5874.73486328125,19276800
2024-02-02,5931.079065758921,6133.724267172351,5931.079065758921,6066.50537109375,18597700
2024-02-05,6178.207779567509,6184.138859035894,5874.734213435153,5921.1943359375,15150000
2024-02-06,6017.080073849471,6134.713149056977,5942.941581071632,6096.1611328125,14628200
2024-02-07,6020.045470442815,6123.839357864243,5978.527915474244,6044.75830078125,10847700
2024-02-08,6123.839137869184,6504.416711409077,6092.206716172362,6501.451171875,27583900
2024-02-09,6425.336262971113,6581.521359824872,6425.336262971113,6471.79638671875,18090000
2024-02-13,6669.499012983664,6686.303738524011,6510.348376983906,6648.740234375,15929500
2024-02-14,6585.4751352707335,6855.339246938237,6577.567029434324,6826.67236328125,16745900
2024-02-15,6980.87991899175,7073.800155806423,6897.844813753105,6964.0751953125,19069100
2024-02-16,7018.44335659277,7370.354037571225,6845.453555549991,6939.3623046875,31541700
2024-02-19,6787.131469223624,6841.499693926115,6637.8659795858775,6717.935546875,17444500
2024-02-20,6662.579676873513,6776.258706968536,6578.556045933714,6649.72900390625,13886800
2024-02-21,6452.025476818414,6529.12950427235,6420.393055298851,6518.255859375,17720100
2024-02-22,6919.592863819132,7010.53608431504,6677.407113585462,7006.58203125,33638500
2024-02-26,7071.823685991646,7127.180427173576,6944.305478626127,6988.78857421875,18980500
2024-02-27,7025.363195800781,7077.75439453125,6771.3153076171875,6840.51123046875,18564500
2024-02-28,6820.74122236671,6887.960121369744,6782.189206762028,6841.5,10062700
2024-02-29,6731.775141184651,6872.144020780572,6633.912330762143,6830.62646484375,12650800
2024-03-01,6953.201962562772,7051.064770963926,6885.98306386299,7037.2255859375,16193500
2024-03-04,7245.802363201855,7340.699638354294,7177.594946686039,7295.22802734375,18148600
2024-03-05,7164.744108820459,7205.273152482385,6899.82255512787,7102.4677734375,23228900
2024-03-06,6954.189787852799,7229.984947882782,6953.2012747344115,7217.13427734375,13018600
2024-03-07,7314.009226723253,7322.905845596143,6892.902600073151,6893.89111328125,20433300
2024-03-08,7043.15655861066,7112.352482695256,6850.396484375,6850.396484375,19636900
2024-03-11,6454.9913183756535,6540.00345518734,6363.059589032784,6523.19873046875,20366600
2024-03-12,6425.336158066151,6638.855021164965,6392.715220648277,6582.509765625,13828000
2024-03-13,6741.660198626646,6781.200727650849,6464.876495457223,6606.23388671875,15536200
2024-03-14,6485.635562093573,6500.463261138139,6309.680200098045,6451.03759765625,13265600
2024-03-15,6311.657113216915,6418.41654441933,6265.196990378826,6362.0712890625,11269800
2024-03-18,6390.737802754823,6655.659338893771,6371.9560520584055,6609.19921875,11201000
2024-03-19,6481.681780482226,6543.958119077678,6398.646662354956,6533.08447265625,12640100
2024-03-21,6594.371532240602,6669.49853515625,6499.474265399784,6669.49853515625,13661900
2024-03-22,6682.349448852353,6686.303501780668,6460.922484866713,6470.8076171875,14542000
2024-03-25,6569.658991803317,6771.315692725357,6560.762372644992,6653.6826171875,17138700
2024-03-26,6578.555164647802,6731.774706423971,6541.98017725607,6676.41796875,9594800
2024-03-27,6648.739974484524,6741.660217957843,6585.475127864392,6726.83251953125,9554100
2024-03-28,6690.160859316655,6699.081073795744,6581.136015683346,6635.6484375,9285400
2024-03-29,6678.266878013212,6733.770431763396,6626.727863816613,6732.779296875,5196500
2024-04-01,6800.176679383125,6813.06143333036,6419.5808704801775,6423.54541015625,10827100
2024-04-02,6501.844723225381,6502.835858091726,6320.467042684185,6380.92626953125,12319300
2024-04-03,6319.476155133929,6368.041765485491,6178.73499860491,6244.14990234375,12910500
2024-04-04,6343.263287401574,6353.1746362881395,6220.362561208169,6293.70654296875,9648800
2024-04-05,6065.746522390144,6122.241220392797,5984.473448070537,5988.43798828125,12725500
2024-04-08,6063.763000651915,6071.692079436683,5890.314402235098,5915.0927734375,10170300
2024-04-09,5952.7562951119735,6004.295310654068,5922.03111276957,5977.53466796875,6851800
2024-04-10,5996.366403010607,5996.366403010607,5914.102202770958,5916.08447265625,5953800
2024-04-11,5836.793859198187,5943.836436340895,5807.05980999188,5912.1201171875,8104100
2024-04-12,5986.455284246717,6097.462402100299,5919.058105549901,5963.6591796875,11337200
2024-04-15,5847.69576147535,5885.35888671875,5786.245399236117,5885.35888671875,7357700
2024-04-16,5738.670560100886,5742.635099347934,5617.752113065945,5664.33544921875,11269500
2024-04-17,5718.848425478568,5718.848425478568,5402.676389477239,5410.60546875,14744600
2024-04-18,5312.483101296862,5694.070040475834,5267.8820304837345,5684.15869140625,18197000
2024-04-19,5451.241457749247,5548.372669178234,5335.278684920763,5435.38330078125,15882200
2024-04-22,5254.005866139952,5374.924318445002,5128.131739560104,5222.28955078125,13136800
2024-04-23,5351.137715420937,5364.022470060772,5170.751150463238,5198.5029296875,8565200
2024-04-24,5375.915875114995,5446.286455338662,5324.3768586131555,5386.818359375,10832700
2024-04-25,5327.350520766303,5401.6856443118795,5246.077452356473,5294.64306640625,9865100
2024-04-26,5492.869214560331,5494.851484215532,5300.589058005891,5341.2255859375,9628500
2024-04-30,5043.885009276953,5193.5463644352985,4908.099541351831,4951.70947265625,31992000
2024-05-01,4945.763026340978,5136.060922344479,4930.896003215705,5096.41552734375,18996100
2024-05-02,5028.027486687237,5105.336011024237,5023.07181205025,5061.72607421875,9113300
2024-05-07,5204.449455597262,5226.254423798203,5112.273908202376,5175.70654296875,9463700
2024-05-08,5140.026074597998,5185.618284283981,5087.4959199598,5104.34521484375,8199900
2024-05-09,5104.345291920657,5140.026152213694,5050.824001481101,5060.7353515625,6352000
2024-05-10,5118.220546630716,5137.052109447522,5047.849969788969,5071.63720703125,7803300
2024-05-13,5114.25628108543,5142.0080593548855,5062.717264299297,5081.548828125,5516900
2024-05-14,5126.149756787667,5333.296953069303,5102.362518937143,5213.36962890625,10560200
2024-05-15,5342.217294451638,5507.736828435575,5306.536436826358,5310.5009765625,11371500
2024-05-16,5497.824865012405,5583.062459818799,5348.163506689551,5468.0908203125,12395900
2024-05-17,5539.452815902104,5565.2223226499045,5435.383654035988,5490.88720703125,9793800
2024-05-20,5452.2328906957655,5569.1868047299595,5441.330407184103,5471.064453125,8043900
2024-05-21,5549.3643338448655,5619.734912109375,5508.727802734375,5550.35546875,10174000
2024-05-22,5501.789854913225,5566.21362370612,5436.374951215825,5505.75439453125,7961000
2024-05-23,5738.670808840018,5808.050248670554,5621.71689598283,5801.1123046875,18577700
2024-05-24,5701.999409975295,5709.928489634569,5512.692633110132,5541.435546875,12801500
2024-05-27,5587.027336084268,5637.575215122817,5560.266694240331,5618.74365234375,6037900
2024-05-28,5609.82388146475,5620.726366040035,5499.807900750512,5567.205078125,6690900
2024-05-29,5624.691135174178,5754.529820409036,5610.815245149079,5614.77978515625,9562300
2024-05-30,5379.880386791455,5383.844926501692,5210.396314178828,5271.8466796875,16643000
2024-05-31,5243.103312702922,5302.571403206169,5160.839120840097,5265.8994140625,15982200
2024-06-03,5221.298458516252,5319.420809957617,5199.493491529282,5305.544921875,7017800
2024-06-04,5270.85548047388,5331.3147103176,5257.970726572758,5283.740234375,5629600
2024-06-05,5253.015013415404,5317.438782447857,5164.804006586353,5200.48486328125,6950700
2024-06-06,5461.152811253325,5515.66522588471,5395.737913695662,5403.6669921875,10779800
2024-06-07,5406.640424317514,5463.135108861253,5213.369135088931,5245.08544921875,10655300
2024-06-10,5250.041476424452,5310.5007043009655,5212.378350862034,5300.58935546875,5502700
2024-06-11,5350.146140276946,5410.6053686127925,5325.367768008157,5383.8447265625,5957100
2024-06-12,5356.092778993278,5453.2239951926385,5339.243486387268,5400.69384765625,5820000
2024-06-13,5538.4616364314115,5634.601718524083,5477.011274681457,5483.94921875,10182500
2024-06-14,5572.1608393678935,5628.6555330434485,5431.419672667388,5491.87890625,13110500
2024-06-17,5392.76504230124,5411.596605580733,5243.1036709747395,5289.68701171875,8516100
2024-06-18,5342.217523967871,5379.880653079333,5313.474609645966,5358.07568359375,6947600
2024-06-19,5433.401097270208,5578.106781363869,5422.498614222055,5576.12451171875,10706100
2024-06-20,5545.399676526222,5812.014960348484,5515.665630003294,5784.26318359375,12335700
2024-06-21,5626.672764034815,5740.6532762532415,5563.240131148039,5733.71533203125,12209800
2024-06-24,5675.238535661369,5811.024019312365,5663.344916655442,5748.58251953125,9719000
2024-06-25,5676.229276013448,5846.704469915022,5673.255871468653,5762.4580078125,10773500
2024-06-26,6017.180416076522,6214.416275539416,5939.871888246846,6166.841796875,23670400
2024-06-27,6095.479832998107,6219.371699522459,6095.479832998107,6182.69970703125,12504300
2024-06-28,6244.149645853599,6394.802145245622,6234.238297209387,6368.04150390625,13515700
2024-07-01,6378.944095599689,6426.518569898754,6318.484867844626,6363.0859375,9139000
2024-07-02,6323.441189236111,6442.377387152777,6276.857845052084,6422.5546875,8619900
2024-07-03,6442.376409052796,6605.913656359521,6360.112217983353,6575.1884765625,10766500
2024-07-04,6639.612787420099,6738.726278798217,6624.745763713382,6715.93017578125,10107000
2024-07-05,6719.8949271178935,6738.726491072944,6502.836374162315,6572.2158203125,10639300
2024-07-08,6562.304015182783,6618.7987031249995,6485.986629716981,6566.2685546875,7456200
2024-07-09,6678.267120914263,6848.7423279189015,6671.329176443144,6837.83984375,12909300
2024-07-10,6796.21164107915,6878.475833322051,6769.45100022905,6862.61767578125,8426700
2024-07-11,6957.7666539522725,6969.6602721641575,6740.708121585386,6780.353515625,12103300
2024-07-12,6612.8520438274,6629.701337104538,6388.855556731328,6402.7314453125,16995100
2024-07-16,6491.933874990426,6516.712248559092,6407.6874048569625,6470.12890625,6590900
2024-07-17,6478.0579900958965,6571.224674775978,6297.671430396164,6304.609375,9650200
2024-07-18,5908.155054001581,6068.7189054943265,5894.279165600973,5994.3837890625,12974600
2024-07-19,5946.8092175545335,6164.8588888648665,5935.906733989017,6088.54150390625,8531100
2024-07-22,6045.922802124641,6060.789825408554,5854.63376920496,5873.46533203125,7187100
2024-07-23,5995.374670153841,6066.736378907532,5930.950905306759,6041.9580078125,8622800
2024-07-24,6006.2775077160495,6132.151640303498,5981.499135159465,6021.14453125,7550200
2024-07-25,5649.46935769972,5689.114756701121,5520.621810945165,5657.3984375,14158300
2024-07-26,5573.1516748800805,5619.735016284912,5429.437110971559,5456.19775390625,10917500
2024-07-29,5619.734621568825,5732.723994912537,5590.000575952059,5680.19384765625,8172100
2024-07-30,5679.203385890398,5721.822189658859,5591.983508410754,5720.8310546875,6872500
2024-07-31,5548.373562287486,6024.118347906991,5522.604053066429,5975.552734375,13869600
2024-08-01,6669.34661729166,6937.944170165198,6600.958310471459,6802.15869140625,37513800
2024-08-02,6442.376895580053,6476.075482418472,6195.584303733986,6257.03466796875,20548900
2024-08-05,5877.429611404221,6043.940264813312,5265.8994140625,5265.8994140625,24857400
2024-08-06,5676.229954455722,6192.611272121416,5600.903696984335,6083.58642578125,26046300
2024-08-07,5885.35903798767,6222.344904090028,5731.733128441006,6008.259765625,22014800
2024-08-08,5810.033126054473,5931.942725935862,5629.646563628353,5764.44091796875,15487000
2024-08-09,6026.100170493784,6116.293446071899,5680.194091628269,5740.6533203125,18326500
2024-08-13,5847.696028050846,6181.70849609375,5817.961980450587,6181.70849609375,13757100
2024-08-14,6432.465880785567,6436.430420619641,6136.116528188512,6242.16796875,13582000
2024-08-15,6226.30990627506,6294.698219476744,6115.302789194066,6179.7265625,10501100
2024-08-16,6377.953214944617,6629.701484811895,6372.997540340931,6601.94970703125,15449300
2024-08-19,6521.667616684549,6615.825431819052,6413.633913003909,6466.1640625,9467200
2024-08-20,6601.949631003074,6679.258153930297,6502.8361400707345,6600.95849609375,11075500
2024-08-21,6485.98672832121,6519.685314623612,6374.979620501531,6472.11083984375,8899700
2024-08-22,6551.40162732826,6714.938884288799,6484.004454762705,6548.42822265625,10344300
2024-08-23,6449.3152103358325,6476.075854362122,6297.671560853523,6325.42333984375,8918900
2024-08-26,6244.150324704677,6260.999619231658,6114.311643349706,6166.841796875,7499000
2024-08-27,6046.914420998087,6084.577549665179,5983.481783242985,6070.70166015625,6663000
2024-08-28,6154.947576912906,6341.280933508659,6113.319912141514,6324.431640625,9236200
2024-08-29,6115.302633666992,6350.201616516113,6096.471069641113,6343.263671875,12581800
2024-08-30,6377.953161174428,6596.00284189834,6260.99924151342,6582.126953125,13874200
2024-09-02,6729.805632305539,6828.919117317402,6683.222294349963,6735.75244140625,13736700
2024-09-03,6833.8753786880925,6960.740650402679,6577.171430453109,6584.109375,14465100
2024-09-04,6187.654900833257,6243.15845272284,5917.0750853715435,6074.66552734375,22203600
2024-09-05,5980.507769990809,6123.231190421481,5855.624777113971,5897.25244140625,13508000
2024-09-06,5971.588170130235,5979.517249858209,5751.556207678963,5815.97998046875,11152900
2024-09-09,5451.241892688679,5812.014992495711,5423.490115780446,5778.31640625,15841600
2024-09-10,5812.015354827089,5885.359341228386,5601.894745136888,5846.705078125,14512100
2024-09-11,5869.500096080329,5938.879529840144,5621.71640408099,5711.90966796875,14970400
2024-09-12,6095.479623626947,6254.061207331062,6027.091315654547,6237.2119140625,17205400
2024-09-13,6336.325780790441,6362.095289675245,6225.318665594363,6318.4853515625,15269000
2024-09-17,6232.256169745262,6280.821779210516,5905.181657020082,5962.66748046875,14639500
2024-09-18,6095.480034279337,6140.081107700893,6013.215832190689,6070.70166015625,9787400
2024-09-19,6268.927738381169,6273.883412482655,6096.4702796494175,6160.89404296875,11123300
2024-09-20,6359.122159203734,6450.306579192315,6219.372124221232,6239.19482421875,15066800
2024-09-24,6333.351715595309,6509.773719566508,6256.043197001188,6259.0166015625,11858800
2024-09-25,6457.244131153224,6586.091673294424,6412.6430588735775,6488.96044921875,12723600
2024-09-26,6684.214004755435,6861.627158203125,6675.293790336277,6838.8310546875,13737500
2024-09-27,7034.623613251448,7164.82080078125,6878.585762547792,7164.82080078125,18782900
2024-09-30,6794.106278857921,6956.1073501648025,6678.817172897196,6699.6884765625,16116400
2024-10-01,6778.204861268596,6884.5491310861535,6777.2109895880585,6847.77587890625,9417100
2024-10-02,6649.001061170111,6657.945905647021,6498.926448279724,6515.822265625,10273800
2024-10-03,6758.3270552622,6823.922582563274,6728.510906488984,6822.9287109375,10152700
2024-10-04,6825.91034949007,6936.230100333605,6781.186126175124,6931.2607421875,9232600
2024-10-07,7134.010820681885,7225.447013981235,7113.139515689642,7146.93115234375,11124300
2024-10-08,7181.716468262382,7365.58272160151,7176.747110064027,7324.833984375,13721000
2024-10-09,7469.939333723328,7622.001696424189,7467.951590420049,7592.185546875,15028500
2024-10-10,7698.5294941826005,7724.370156053082,7454.037078023432,7491.80419921875,12065200
2024-10-11,7640.8850586688895,7750.2109375,7552.4304839782635,7750.2109375,14108200
2024-10-15,7911.218569733904,8050.3606048799775,7892.3350078212225,8011.599609375,13659500
2024-10-16,7779.03339519887,8092.10296457253,7707.47463648489,8001.66064453125,20215100
2024-10-17,7972.838370485504,8012.5932364565115,7713.437870024682,7952.9609375,19443500
2024-10-18,7969.856888552746,8053.34210848521,7808.849678682994,7919.16943359375,15649500
2024-10-21,8001.6604581953425,8156.704431798432,7936.064930901727,8130.86376953125,15087700
2024-10-22,8175.588118203321,8221.306213685615,7866.4940378773745,7911.21826171875,17919600
2024-10-23,7960.9118297190635,8010.60541167736,7784.002677947529,7822.763671875,12575700
2024-10-24,7752.198908791755,8043.403303698932,7745.241807206941,8003.6484375,15065300
2024-10-25,7881.402546680187,7911.218697550352,7744.248252677429,7772.07666015625,13306800
2024-10-28,7835.683896709984,8173.600249434666,7817.794207448089,8130.86376953125,16040900
2024-10-29,8020.543102718862,8294.85164006092,8002.653415500902,8259.072265625,13155900
2024-10-30,8408.15447071335,8542.3271484375,8403.185112279123,8542.3271484375,18513600
2024-10-31,8895.15092096633,9252.944701027547,8728.180490271097,9091.9375,36627100
2024-11-01,8725.198861291274,8900.12026459316,8612.891369398585,8691.4072265625,18772600
2024-11-05,8723.212488323828,8939.876533265677,8691.408591818603,8844.46484375,12896300
2024-11-06,9074.048180803571,9575.953364955356,9004.47716517857,9566.0146484375,23194600
2024-11-07,9715.094527190571,9793.610380658403,9332.453975480252,9707.1435546875,22227900
2024-11-08,9937.72222126527,9943.685450920995,9491.473868695204,9578.9345703125,16933400
2024-11-11,9640.55483939205,9786.653969432322,9508.369912212758,9763.794921875,12021600
2024-11-12,9592.849606500946,9690.24903267553,9322.51650528169,9455.6953125,14936500
2024-11-13,9441.780217217485,9528.24704657516,9302.638192963754,9322.515625,12323900
2024-11-14,9341.400015230005,9379.167139453724,9060.134326932304,9062.1220703125,11422500
2024-11-15,9153.558223477177,9297.669617875026,9080.01171875,9080.01171875,9381800
2024-11-18,8781.849346239698,9205.238642470811,8755.01481337998,9044.2314453125,13343300
2024-11-19,9029.324162766074,9456.688982797928,9028.33029109158,9379.1669921875,15526900
2024-11-20,9416.933768775874,9482.529296875,9206.232981548383,9482.529296875,13196500
2024-11-21,9480.541584289258,9639.561046862513,9014.415784621404,9327.4853515625,21651900
2024-11-22,9342.392529539802,9580.921700506775,9168.46500904305,9389.1044921875,19303600
2024-11-25,9462.651751486846,9514.333076040708,9148.588317659533,9175.4228515625,22101900
2024-11-26,9060.134114730728,9116.784799739466,8648.671244667266,8779.8623046875,16720500
2024-11-27,8630.781220149747,8757.996788572038,8436.976252631415,8453.8720703125,16214000
2024-11-28,8283.920483903967,8535.370019888094,8159.6865234375,8159.6865234375,19484600
2024-11-29,8151.7353184968515,8256.091842325452,8051.354281290295,8189.50244140625,13350200
2024-12-02,8258.079924699969,8408.154550843872,8147.760166408755,8369.3935546875,13349600
2024-12-03,8518.473927455358,8770.917327008929,8494.6210078125,8696.376953125,17282500
2024-12-04,8797.751766342883,8878.255369265811,8700.352345522548,8760.978515625,11726000
2024-12-05,8944.845280601745,9112.809597537489,8914.035257968562,9055.1650390625,12101900
2024-12-06,8982.611891573313,9019.385142291194,8711.28493357381,8760.978515625,10083000
2024-12-09,8752.034379882813,8778.868916364398,8333.614385114397,8348.5224609375,13595900
2024-12-10,8199.441206514288,8426.0439453125,8198.447334852892,8426.0439453125,10791300
2024-12-11,8284.913355809129,8433.000218814834,8201.428144450208,8383.306640625,8588300
2024-12-12,8681.468564932318,8843.469638324872,8616.866909898477,8810.671875,12443000
2024-12-13,8943.850544709489,9341.399185434435,8852.41435734275,9322.515625,19879500
2024-12-16,9407.989584150711,9572.97228761247,9239.031393858548,9499.42578125,13709200
2024-12-17,9634.59213456905,9730.003816528884,8610.904296875,8610.904296875,32605200
2024-12-18,8481.700442574558,8745.076423038849,8254.103840588436,8706.3154296875,26216900
2024-12-19,8259.07386925525,8654.634807879027,8240.190306858638,8636.7451171875,17752600
2024-12-20,8596.98896821277,8634.756087379486,8350.508822072105,8556.240234375,17509000
2024-12-23,8705.321662217882,8944.8447265625,8636.744519314236,8944.8447265625,16710000
2024-12-24,9061.127803778156,9105.852027883673,8766.94179632852,8880.2431640625,15042500
2024-12-25,8905.089732888146,8943.850726145138,8799.73934095889,8929.9365234375,9447400
2024-12-26,8873.286129054426,9066.09722997698,8833.531262884828,9039.2626953125,10408600
2024-12-27,9036.280093465519,9415.939023921284,8977.64167226947,9389.1044921875,15017900
2024-12-30,9337.423562060027,9374.196810787671,8865.334558124048,9141.630859375,18306300
2025-01-06,9290.712236783756,9385.130044068144,9138.64987347311,9244.994140625,13798400
2025-01-07,9599.806235904456,9932.75323756384,9550.112653567236,9681.3037109375,22566000
2025-01-08,9588.873642990075,10028.164910631203,9521.290371045285,10013.2568359375,17188400
2025-01-09,9958.593536370772,10177.245290662346,9743.917268520863,9813.48828125,12828500
2025-01-10,9911.881935004967,10366.081277659863,9826.408973367505,10316.3876953125,16633600
2025-01-14,9918.83871133542,9922.81419779287,9360.282864063827,9366.24609375,19636200
2025-01-15,9335.436067708333,9360.282858051429,8900.120300897277,9034.29296875,20411400
2025-01-16,9183.374617659054,9280.774045422104,9002.489966099103,9138.650390625,17813500
2025-01-17,9142.625692487101,9279.779985949785,8833.531596350185,9101.876953125,15078100
2025-01-20,9282.760999616463,9389.10526374483,9150.576073176528,9312.5771484375,11609700
2025-01-21,9392.08715406515,9502.406907938295,9129.705036745234,9382.1484375,14754100
2025-01-22,9640.554475458932,9808.518775082906,9618.689300359953,9758.8251953125,14510800
2025-01-23,10033.134380830224,10132.521546564056,9769.758391635572,9988.41015625,13372800
2025-01-24,10008.287589396767,10122.582829990672,9849.268124222637,9988.41015625,9441600
2025-01-27,9546.136001611832,9589.866348730096,9074.04702703967,9128.7099609375,19018100
2025-01-28,8383.30743125536,8423.062297556511,8050.360425983215,8111.98046875,31500300
2025-01-29,8497.60272135111,8566.179866119908,8050.360472858946,8465.798828125,29585300
2025-01-30,8447.909576443784,9050.195835658482,8204.411006299228,8738.1201171875,54055500
2025-01-31,8845.457636653338,8944.844801110117,8605.9345703125,8605.9345703125,24345300
2025-02-03,8249.134765625,8461.823300545933,8180.557621187876,8249.134765625,19752100
2025-02-04,8447.909364658984,8695.383415458995,8393.24642171119,8484.6826171875,18591500
2025-02-05,8610.90421841771,8636.744882046387,8382.313732471717,8412.1298828125,12622500
2025-02-06,8536.36353310033,8654.634258497807,8424.056037554825,8497.6025390625,12253200
2025-02-07,8431.012585128654,8720.229213947754,8415.110639901486,8553.2587890625,12635200
2025-02-10,8500.58431501681,8633.763117567054,8356.472924197513,8592.0205078125,9939200
2025-02-12,8689.420168091094,8885.212890625,8633.763353563689,8885.212890625,14363800
2025-02-13,8954.78401339649,9277.792315766506,8949.81465489849,9163.4970703125,13736000
2025-02-14,9266.85910031157,9345.374959269595,8984.599556715637,9031.3115234375,11117900
2025-02-17,9042.243730021242,9327.484876483773,9003.482737993234,9152.5634765625,10632600
2025-02-18,9214.184462616246,9503.40112517922,9214.184462616246,9444.7626953125,11382000
2025-02-19,9561.04540201823,9653.475466715496,9407.989165852865,9541.16796875,11404000
2025-02-20,9640.554632453679,9791.62311741584,9404.013188894507,9521.2900390625,13178800
2025-02-21,9403.020059384735,9570.984375,9255.927049260124,9570.984375,9796100
2025-02-25,9153.557770182291,9283.75495453559,8925.96116547309,8944.8447265625,14458800
2025-02-26,8945.838870632924,9014.416015625,8787.813275651184,9014.416015625,10503200
2025-02-27,9054.17023579753,9071.06605292251,8747.063912761148,8842.4755859375,15416900
2025-02-28,8149.746931216116,8234.22601525921,7955.941973705489,8066.26171875,18095400
2025-03-03,8277.95667092631,8295.846359973817,7979.795186801219,8078.1884765625,10393300
2025-03-04,7454.037136501736,7753.192493580006,7349.680616590712,7728.345703125,20113800
2025-03-05,7737.29070885111,7906.248887464429,7692.566485100526,7705.48681640625,13707400
2025-03-06,7854.567156963368,7929.107526034892,7590.197314656363,7640.884765625,13725900
2025-03-07,7435.153746940763,7577.27739161561,7394.405009656367,7461.98828125,11322000
2025-03-10,7503.730794103663,7751.204829564831,7424.221063835016,7741.26611328125,10835200
2025-03-11,7443.104956920784,7872.45751953125,7359.619736413193,7872.45751953125,19805400
2025-03-12,7757.168052468287,7785.990329665158,7494.785942814011,7506.71240234375,18726100
2025-03-13,7752.198986769637,7999.673031347283,7724.370580150463,7782.01513671875,20686900
2025-03-14,7728.345880078836,8248.140748299158,7726.358136796923,8194.4716796875,23861900
2025-03-17,8343.552400591241,8459.835382231404,8202.422628002323,8418.0927734375,13620000
2025-03-18,8522.449731826782,8730.168914794922,8495.615196228027,8650.6591796875,13928300
2025-03-19,8419.086137929344,8446.914542115628,8232.23828125,8232.23828125,13288900
2025-03-21,8281.932394512438,8371.380842311084,8048.37255859375,8048.37255859375,13256400
2025-03-24,8147.760107086391,8214.34951025482,7955.94287109375,7955.94287109375,9950800
2025-03-25,8080.176132367919,8099.059692824868,7668.713288727044,7684.615234375,17006900
2025-03-26,7757.168349660833,7797.917087948609,7575.289834864172,7733.3154296875,17396500
2025-03-27,7435.153965546137,7435.153965546137,7157.86376953125,7157.86376953125,19991500
2025-03-28,7056.206272072988,7153.87692386157,6901.727179958396,6984.4482421875,17664900
2025-03-31,6635.624420430074,6682.466467254978,6429.320086541665,6450.24951171875,19657400
2025-04-01,6463.2054016511565,6487.124743153027,6205.075841276808,6261.88427734375,20716100
2025-04-02,6355.568972549545,6464.202658923687,6265.871433341538,6421.34716796875,17008200
2025-04-03,6022.691028054266,6243.944943034912,6004.751521434213,6131.32470703125,20513700
2025-04-04,5969.869335972045,6003.755071768881,5424.707645358237,5634.99853515625,31765700
2025-04-07,4728.056646056813,5223.386357922378,4687.194436426053,5017.08203125,27712500
2025-04-08,5615.065715942274,5716.722922727172,5433.677366580987,5610.08251953125,21274500
2025-04-09,5217.406875169346,5281.19179207686,5025.055485120123,5172.55810546875,22513300
2025-04-10,5969.8692377353145,6116.375210681406,5784.49433319128,5883.16162109375,22846500
2025-04-11,5384.842345411127,5649.948409427297,5351.953247243708,5613.07275390625,19041400
2025-04-14,5812.400375750974,5967.876105966535,5743.632264309475,5889.1416015625,23045100
2025-04-15,5930.004028762062,5938.973782755148,5780.508128877304,5783.498046875,12475200
2025-04-16,5502.445553354203,5569.220386187881,5332.020233733923,5404.77490234375,18371900
2025-04-17,5461.583740060361,5611.079645353985,5440.6543133192545,5593.14013671875,17129600
2025-04-18,5494.4723058625805,5575.200086884686,5423.710917559253,5466.56640625,12459700
2025-04-21,5413.744887957598,5511.415543152709,5364.909560360042,5417.7314453125,10151900
2025-04-22,5416.734944525599,5456.600519094324,5326.040762381747,5372.8828125,12077600
2025-04-23,5581.18014011335,5644.96505600036,5453.610308339331,5539.3212890625,13845100
2025-04-24,5729.679570581591,5762.568668829842,5660.911456062521,5714.72998046875,14331800
2025-04-25,5972.859462239583,6005.748559895834,5863.22913671875,5979.8359375,18504400
2025-04-28,6079.499362070381,6082.489279789432,5634.998261171464,5690.81005859375,28118100
2025-04-30,5670.877308904891,5843.2958984375,5622.041985858083,5843.2958984375,21614500
2025-05-01,6037.640863414014,6257.898148130835,5942.960130164703,6245.9384765625,23772100
2025-05-02,6315.703125,6326.666157093262,6115.378629477671,6315.703125,23846500
2025-05-07,6316.699508796752,6355.568439191683,6219.028863188976,6328.6591796875,13948300
2025-05-08,6518.021232636253,6601.738936541673,6401.41443076799,6564.86328125,14710700
2025-05-09,6764.190814040328,6765.187453323376,6622.668035847648,6672.5,15832000
2025-05-12,6717.348796018835,7275.466796875,6706.385763859161,7275.466796875,23875100
2025-05-13,7534.592920441033,7553.529066669655,7123.9775390625,7123.9775390625,25092800
2025-05-14,7339.2517194066,7542.566134229923,7329.285326523104,7470.80810546875,24588100
2025-05-15,7397.0566674992415,7469.81133426392,7305.365854590332,7388.0869140625,14761900
2025-05-16,7330.282039655446,7361.1778579055235,7160.853358929216,7248.5576171875,13966300
2025-05-19,7108.031612928548,7233.608166942709,7026.307188887587,7042.25341796875,13426400
2025-05-20,7102.051528135738,7333.271841709622,7069.162431808419,7250.55078125,16467100
2025-05-21,7125.97140455042,7173.810093699849,6986.44189453125,6986.44189453125,12262400
2025-05-22,6777.146911621094,6835.948627471924,6731.3015060424805,6761.20068359375,11923800
2025-05-23,6833.955529364224,6938.602653556035,6788.110122575431,6792.0966796875,9850500
2025-05-26,6811.033046346905,7104.045003564638,6808.043128416112,7077.1357421875,13078100
2025-05-27,7076.139252260275,7117.998104175054,6986.441712442891,7117.00146484375,11295400
2025-05-28,7265.500539767832,7409.0165998126295,7190.752591827834,7230.6181640625,16046800
2025-05-29,7594.391261560823,7625.287079029115,7342.241525448633,7617.31396484375,24122000
2025-05-30,7387.090467572876,7387.090467572876,7268.490391258632,7342.24169921875,16869600
2025-06-02,7192.745549478249,7209.688416921941,7059.195888451494,7066.17236328125,9779400
2025-06-03,7151.883860858698,7345.231891656718,7138.927549516563,7252.54443359375,13397900
2025-06-04,7475.79143214859,7559.50913382843,7318.322421846034,7392.07373046875,16762600
2025-06-05,7524.626870275835,7820.628748484037,7489.7444940560135,7729.9345703125,24746600
2025-06-06,7644.222975735828,7902.3525390625,7640.236418773254,7902.3525390625,15634400
2025-06-09,8120.617437924736,8336.88817725091,8082.7451425588615,8286.0595703125,20219100
2025-06-10,8421.602111698805,8647.839233516039,8272.106216224862,8276.0927734375,32926100
2025-06-11,8521.265371405181,8634.882243023918,8278.085400572098,8312.9677734375,26387700
2025-06-12,8234.23349382377,8375.756267501205,8219.283905055025,8275.095703125,14063000
2025-06-13,8370.773768341553,8480.404095108735,8200.348442185295,8475.4208984375,26761800
2025-06-16,8506.316219380162,9371.399110818003,8499.339744449211,9291.66796875,55824400
2025-06-17,9258.779056569045,9694.31042876718,9244.826106429973,9517.9052734375,42568500
2025-06-18,9506.942119545884,9705.273336842207,9418.241223368132,9630.525390625,27136200
2025-06-19,9666.40400424796,9706.269573911834,9399.3046875,9399.3046875,21935400
2025-06-20,9453.123740432053,9943.4702749911,9438.174150963789,9797.9609375,44503300
2025-06-23,9517.905866817391,9742.149722318325,9449.137751130438,9677.3681640625,20278800
2025-06-24,9848.78966251711,9915.564496294548,9628.532374982575,9829.853515625,24010400
2025-06-25,9966.393408059372,10235.486030076974,9923.537916404717,10155.7548828125,16542400
2025-06-26,10394.94743994597,10713.872001861857,10300.266710627191,10664.0400390625,18215700
2025-06-27,10539.460365032328,10698.922649515087,10434.813240840518,10549.4267578125,19375500
2025-06-30,10698.922547732873,10928.149579496128,10534.477068424449,10619.19140625,18527500
2025-07-01,10399.931290459534,10843.435787273573,10384.981700679285,10728.822265625,13846700
2025-07-02,10135.820866119604,10584.30851506295,10105.921689523382,10389.9638671875,16593000
2025-07-03,10544.444271946226,10594.27623920495,10404.914763621795,10494.6123046875,12321700
2025-07-04,10664.040004757026,10828.485481465896,10604.241649590165,10639.1240234375,11862900
2025-07-07,10609.225248687559,10733.8051600155,10474.67894445338,10649.0908203125,7632800
2025-07-08,10713.87253608512,10958.049165977294,10639.124588158946,10918.18359375,12371200
2025-07-09,11052.728946984575,11057.712143083305,10664.039651283583,10943.0986328125,13897400
2025-07-10,11042.762536821921,11207.2080078125,10933.132222828202,11207.2080078125,14583100
2025-07-11,11411.519358788632,11600.880815397351,11082.628407836644,11286.939453125,17165400
2025-07-14,11361.687269322621,11521.149546786799,11267.006542078267,11476.30078125,8609200
2025-07-15,11411.520654463524,11690.579674834684,11296.907128239654,11680.61328125,13936800
2025-07-16,11800.209119330224,11999.536976075668,11610.847655422054,11755.3603515625,16476700
2025-07-17,11486.267049171027,11700.54448219244,11267.006420032838,11665.662109375,14058600
2025-07-18,11511.184495662439,11580.949250181606,11132.461542558392,11147.4111328125,14188900
2025-07-22,11122.49381266527,11461.351151043962,11117.510616512644,11306.8720703125,9714400
2025-07-23,11286.939957240085,11406.536672018789,11032.796938335343,11371.654296875,13405500
2025-07-24,11565.998855866785,11625.79721272607,11271.990267975298,11296.90625,11975700
2025-07-25,11276.97309929249,11511.183322742225,11232.124333099988,11456.3681640625,8551000
2025-07-28,10394.947703281772,10659.057112809067,10270.367793127389,10429.830078125,14206100
2025-07-29,10365.048964872043,10479.662487079762,10240.46904942887,10320.2001953125,10670000
2025-07-30,10469.695546512781,10614.208240872073,10066.056641578209,10210.5693359375,26356000
2025-07-31,10066.056970863527,10394.947941198672,9904.601403608092,10315.216796875,19355400
2025-08-01,9895.631096847466,10265.384257984582,9817.893235476322,10180.669921875,16459400
2025-08-04,9856.762327036691,10056.090179959578,9847.792573655162,10016.224609375,12432100
2025-08-05,10115.888331609322,10205.585863613738,9949.449577778902,10011.2412109375,7521500
2025-08-06,9866.728951590403,10046.1240234375,9747.13223702567,10046.1240234375,12778000
2025-08-07,9774.041726168398,10076.0234375,9711.253449554897,10076.0234375,8388500
2025-08-08,10230.502056974994,10534.477032851992,10095.955756176978,10449.7626953125,13606600
2025-08-12,10908.216302900784,11257.040031179933,10808.552380535313,11112.52734375,17332800
2025-08-13,11590.915203138293,11750.37749312128,11222.158657552638,11715.4951171875,17495800
2025-08-14,11665.662608545663,11785.259320465822,11147.410190224968,11172.326171875,13373500
2025-08-15,11301.889784611552,11306.872981165614,11022.830777584108,11257.041015625,8885600
2025-08-18,11187.276093647743,11446.402310516198,11127.477735908868,11421.486328125,7636900
2025-08-19,11620.814119330631,11735.427637660221,11276.97356434186,11371.654296875,7816000
2025-08-20,10948.082915735311,10972.998898702392,10604.242350789596,10728.822265625,9239500
2025-08-21,10908.216796875,11252.057344606555,10783.636888276611,10908.216796875,10480500
2025-08-22,10938.11652254848,11022.830864636555,10624.175137163262,10728.822265625,7562400
2025-08-25,11167.343318266026,11212.192086612476,10813.536367977367,10843.435546875,6811600
2025-08-26,10808.553204522008,10933.133116976158,10629.158130588034,10868.3515625,6437800
2025-08-27,11012.864511915863,11491.25138664162,10893.267793234423,11356.705078125,13947800
2025-08-28,10992.93155783683,11546.066373303687,10948.082789015192,11521.150390625,13701000
2025-08-29,11610.847689708244,11650.713261175053,11426.46942167425,11635.763671875,8904400
2025-09-01,11142.426953125,11172.32613099564,10554.409788335755,10713.8720703125,15997300
2025-09-02,10713.872544171942,10833.469260944094,10529.494272481541,10629.158203125,8990200
2025-09-03,10449.762400837131,10788.619741446062,10414.880027539153,10659.056640625,8308400
2025-09-04,10703.906265694754,11202.225924246652,10688.956675938198,11162.3603515625,10084600
2025-09-05,11456.368873009316,11536.100017841047,11281.956993689904,11401.5537109375,9155400
2025-09-08,11700.545190143426,11919.805832548158,11556.032494013034,11899.873046875,10760200
2025-09-09,12154.015930800058,12901.495385338807,12144.049538072875,12667.28515625,21297300
2025-09-10,12702.16769642857,13095.840214285714,12697.1845,13080.890625,14965100
2025-09-11,13549.31088439496,13758.60513123004,13255.302299555202,13653.9580078125,15427400
2025-09-12,13952.950128808245,14042.647665350583,13658.941536808356,13903.1181640625,14632000
2025-09-16,14047.63129547616,14232.009570727178,13683.857941602531,14082.513671875,12837400
2025-09-17,13957.933974288439,14192.144219483567,13723.72372909331,13798.4716796875,12216700
2025-09-18,14097.46281702996,14535.98410649572,13947.966922893906,14481.1689453125,14226000
2025-09-19,15029.31983917277,15143.933352535161,14311.739581599533,14969.521484375,20548100
2025-09-22,15114.035013545867,15557.539502898186,15049.25345892137,15447.9091796875,12388300
2025-09-24,15049.253527162447,15497.741215058017,14864.875255472047,15353.228515625,13950800
2025-09-25,14954.573274349737,15238.615485825225,14914.707700809318,14979.4892578125,11797800
2025-09-26,14745.277877248727,14984.471300063171,14421.3701171875,14421.3701171875,12831100
2025-09-29,14580.154857213602,15124.4140625,14565.17524605893,15124.4140625,10482500
2025-09-30,15523.870380826045,15523.870380826045,14630.0869140625,14630.0869140625,11175700
2025-10-01,14729.95078923552,14824.821658725512,14510.24982831133,14655.052734375,10353800
2025-10-02,15179.33911806248,15269.216783893113,14839.801269368976,15024.5498046875,10639300
2025-10-03,15079.474828463592,15708.618480247173,14899.719499382569,15668.6728515625,14384900
2025-10-06,16467.584698373743,18000.498131484943,16098.087649350196,17865.681640625,31393100
2025-10-07,18524.784559627533,18804.403949206815,17860.688509376734,17980.525390625,21928100
2025-10-08,17626.008259332382,18175.260641351237,17561.0966141847,17940.580078125,14490500
2025-10-09,17975.532187239656,18215.205949736184,17645.98076380693,17980.525390625,15155400
2025-10-10,18230.186928353658,18235.180132113823,17451.247141768294,17810.7578125,15298900
2025-10-14,17576.077022058824,18185.247873391545,16892.008115234377,16976.892578125,20669800
2025-10-15,16852.062520807838,17516.158614220414,16782.157668869673,17341.396484375,13208900
2025-10-16,17386.335303208976,17655.968303316182,17116.70230310177,17466.2265625,12083200
2025-10-17,17141.66736150989,17436.266363644783,16732.22468057665,16847.068359375,10795100
2025-10-20,17146.661369842233,17486.19921875,16837.082742896917,17486.19921875,11155500
2025-10-21,17855.695177801725,18170.266988820043,17091.735065328663,17376.34765625,18193900
2025-10-22,17296.456811951753,17346.388846628288,16657.326768092105,17076.755859375,12519200
2025-10-23,16557.46282123064,16727.231740386804,16302.809442496393,16442.619140625,8978700
2025-10-24,16926.95991176632,17196.59290151127,16797.13662040764,17056.783203125,11335300
2025-10-27,17660.960819958265,18170.267578125,17621.015191866754,18170.267578125,11458600
2025-10-28,18005.491479330507,18170.267191703748,17740.85169885227,18095.369140625,10269800
2025-10-29,19628.284122294586,22089.93359375,19573.358880537973,22089.93359375,36430400
2025-10-30,22359.56540030731,23642.818707113693,21640.544092213462,22239.728515625,37582800
2025-10-31,21985.07514360344,23398.15174265858,21980.08194007321,23103.552734375,21774700
2025-11-04,22878.85852667298,22918.804154829544,21750.39453125,21750.39453125,17861900
2025-11-05,19753.112618608127,20741.766890216928,19543.398076145655,20457.154296875,23888500
2025-11-06,20776.72104928937,21360.925894943506,20581.98610073799,21101.279296875,11074100
2025-11-07,19887.93030739213,20087.65845509378,19423.562363985784,19932.869140625,13892000
2025-11-10,20092.651499155407,20831.645639780407,19937.862185916387,20691.8359375,10636600
2025-11-11,20971.455188679247,21171.183333333334,19498.460121855347,19847.984375,13038200
2025-11-12,19563.37115580087,19828.010939174386,18914.254706016767,19803.044921875,11447600
2025-11-13,20032.733439541,20766.734390590984,19982.801402054607,20641.904296875,9099200
2025-11-14,19813.031746031746,20087.657942108297,19398.59585013441,19503.453125,13322600
2025-11-17,19533.41253515625,19972.814453125,19243.80672558594,19972.814453125,8746800
2025-11-18,19533.41252920561,20047.7125012169,19004.132946359034,19233.8203125,14325200
2025-11-19,18974.17265013055,19443.53376305483,18245.16496409922,19123.96875,14068800
2025-11-20,21320.97966537677,21420.8437387509,20407.22339400348,20806.6796875,15175700
2025-11-21,18734.500605719353,19143.9433161855,18265.139449819137,18290.10546875,15705900
2025-11-25,19089.016877436286,19423.561510130043,18794.41787252686,19054.064453125,10489100
2025-11-26,19413.576013296504,19658.24299494556,19218.841068718684,19433.548828125,8653900
2025-11-27,20072.679178405193,20527.060721995957,20002.774325545077,20382.2578125,7829100
2025-11-28,20576.992425292374,20651.890480710812,20232.461370367557,20547.033203125,5947500
2025-12-01,20851.618734137057,21006.40804945273,19493.467322335026,19673.22265625,10567900
2025-12-02,19773.085858625695,19972.81399861181,19523.425683643047,19783.072265625,6080500
2025-12-03,20322.337785759228,21171.18236157718,20307.358175597736,20831.64453125,9214300
2025-12-04,20646.897262794384,21016.3943359375,20237.45456012228,20671.86328125,8574400
2025-12-05,20172.54296875,20412.216746596536,20047.712876121597,20172.54296875,5585000
2025-12-08,20147.576555266205,20302.36586709105,19708.17463782793,20222.474609375,5977500
2025-12-09,20422.201727775548,20517.07259154761,20082.663899538693,20227.466796875,5351200
2025-12-10,20287.38705364066,20542.040447619416,19663.23657820254,20122.611328125,7115400
2025-12-11,20222.474235273585,21116.25766443753,20192.51501418429,21011.400390625,13023300
2025-12-12,20951.482993670317,21206.13638563342,20402.230579632247,20756.748046875,10642000
2025-12-15,19758.10714974293,19942.855687660667,19388.610073907454,19423.5625,7745900
2025-12-16,19503.45299767764,19733.14036016949,19103.996715083118,19148.935546875,6932200
2025-12-17,19253.793573264782,19558.379000642675,19118.977072622107,19423.5625,7168700
2025-12-18,18454.881206793405,18934.228770606223,18434.90839163454,18779.439453125,7119700
2025-12-19,19069.044133298874,19383.615953251174,18879.302400629233,19168.908203125,7288200
2025-12-22,19673.22184772444,20142.582978101622,19543.398556343516,20022.74609375,6101800
2025-12-23,20032.73253057497,20042.718937619124,19563.371399499683,19648.255859375,4711800
2025-12-24,19828.012225438677,20237.454935709637,19803.046206519717,20132.59765625,6591400
2025-12-25,20012.7607350341,20172.543255872693,19678.21608202829,19768.09375,3618500
2025-12-26,19803.04458855582,20437.181417286676,19768.092164924983,20217.48046875,5254000
2025-12-29,20097.6443268532,20147.576362447864,19703.181245655334,19753.11328125,4960200
2025-12-30,19558.37851085036,19818.025098178477,19513.43967842819,19608.310546875,4282200
2026-01-05,20377.263458806818,21241.087663260034,20252.433371458086,21146.216796875,10127200
2026-01-06,21315.986616268703,21570.640005219208,21151.21089400661,21525.701171875,8064300
2026-01-07,21570.639711235137,21620.571747603735,20422.20287475734,20576.9921875,9403700
2026-01-08,20571.999036309375,20746.761164045012,20042.71944945287,20077.671875,7104600
2026-01-09,20152.568746528636,20407.222117706275,19713.166851163292,20227.466796875,8367200
2026-01-13,21465.781303747583,22359.564707648682,21281.032778918867,21955.115234375,15295200
2026-01-14,22129.87767644189,23253.34845198328,22129.87767644189,23028.654296875,12797700
2026-01-15,22569.28016618497,22714.083069906068,21860.24525830925,22459.4296875,12103900
2026-01-16,22958.74954427083,23048.627206688598,22284.667076137608,22769.0078125,8833300
2026-01-19,22169.824536044674,22659.158501029444,22025.02162803898,22129.87890625,7067200
2026-01-20,22025.020107142336,22054.979327419565,21286.026006970707,21455.794921875,6078500
2026-01-21,20921.522822942985,21870.231495105076,20901.5500087922,21740.408203125,7874200
2026-01-22,22369.551148796498,23168.463689824945,22119.89097972511,22818.939453125,11305900
2026-01-23,22808.953543348915,23862.519479786442,22729.062287505312,23498.015625,11087800
2026-01-26,22998.69588331787,23717.71720489793,22769.008516702015,23542.955078125,8870600
2026-01-27,23762.654938263873,24921.078125,23468.05593818874,24921.078125,13556500
2026-01-28,24946.044417152018,25505.283203125,24536.601734564654,25505.283203125,14247200
2026-01-29,28955.58821093459,29210.24159923562,26823.490234375,26823.490234375,22178100
2026-01-30,25734.97182690894,26444.006751127232,25120.807772832533,25470.33203125,14792800
2026-02-02,25310.549247598876,26379.094826408535,24271.962890625,24271.962890625,14087700
2026-02-03,25505.283248895506,26034.562815141184,24926.07164809835,25994.6171875,11567300
2026-02-04,25390.441009491537,25789.897308559248,24980.99830294713,25440.373046875,9267800
2026-02-05,24666.425426868554,25035.922487918815,23782.62840246456,24217.037109375,11216000
2026-02-06,23368.19226457399,24626.479540358745,23293.294212443947,24496.65625,9085600
2026-02-09,27492.578529119448,28086.769746875572,26983.27177104277,27317.81640625,17910900
2026-02-10,27542.509994636406,28281.50409891599,27267.88380723521,27637.380859375,10753800
2026-02-12,27862.074982224447,27961.939050261095,26723.624606606674,26773.556640625,9748600
2026-02-13,26274.237647006314,27402.701673654625,25999.611445830837,27093.123046875,12024300
2026-02-16,27402.701914206642,27432.661136416053,26943.32717366236,27063.1640625,5492200
2026-02-17,27103.109173819743,27187.99363512316,26444.00629781676,26758.578125,5650300
2026-02-18,26653.720524185133,27187.99330351968,26289.216665386797,26923.353515625,6073300
2026-02-19,27417.6814948638,27817.137790545657,25620.12816429542,25959.666015625,13630600
2026-02-20,25505.284695473503,26204.333218842,25305.556545939646,25440.373046875,8138800
2026-02-24,25465.338781343915,26723.62610936326,25435.379559248217,26583.81640625,7971000
2026-02-25,26728.61822805183,28576.103515625,26573.828920174077,28576.103515625,11925400
2026-02-26,29000.52576666667,29305.111178472223,27237.92494097222,28086.76953125,11553900
2026-02-27,26978.27962857891,27038.19807306215,26324.169942970206,26813.50390625,10083200
2026-03-02,26314.182064559107,26424.03253997093,25680.045229227228,25764.9296875,8517800
2026-03-03,25964.65940840622,26538.87783763059,25405.42059037901,25690.033203125,9494000
2026-03-04,24876.13995455995,25555.21563376913,23787.621586415815,24466.697265625,13140600
2026-03-05,25764.93080881633,26374.101653520902,24921.079392791144,25500.291015625,10917700
2026-03-06,25000.97025301743,25739.96438072795,24836.194535352246,25675.052734375,8110400
2026-03-09,23108.546038251367,23398.151844262295,22089.932513661202,22843.90625,13435300
2026-03-10,24037.28218701324,24416.76566150701,23587.893861954828,24042.275390625,8735600
2026-03-11,24541.595211017557,25390.439806312163,24251.989407917044,24851.173828125,8431200
2026-03-12,24466.697265625,24631.4729819037,23882.492453364157,24466.697265625,8233500
2026-03-13,23468.057404532243,23902.46612670124,23423.118571204413,23617.853515625,8421000
2026-03-16,23672.778777444077,24107.1875,23278.315684548466,24107.1875,6268800
2026-03-17,24451.718384177904,24461.704791522883,23353.21357623036,23512.99609375,6461000
2026-03-18,24291.93600115338,25095.841796875,24217.037945651362,25095.841796875,7535700
2026-03-19,24007.32273965284,24162.112050162246,23717.716932893298,23947.404296875,8793000
2026-03-23,22449.44333617466,22908.81806636329,22114.898695711203,22699.103515625,8209900
2026-03-24,23198.42399288851,23283.308454334725,21980.082310954633,22314.626953125,9506400
2026-03-25,22968.73590915155,23532.967899963314,22798.966991562167,23393.158203125,10638400
2026-03-26,23253.34822054281,23353.212288485876,22684.123033267337,22933.783203125,7478300
2026-03-27,22089.932034435886,22394.51744449479,21715.441776166743,22040.0,8761700
2026-03-30,20465.0,20960.0,20260.0,20925.0,12880400
2026-03-31,20110.0,20870.0,19720.0,20330.0,22371500
2026-04-01,21495.0,22550.0,21335.0,22500.0,11328200
2026-04-02,22365.0,22445.0,21005.0,21125.0,13378000
2026-04-03,21600.0,21735.0,21370.0,21555.0,5670900
2026-04-06,21690.0,22385.0,21625.0,21930.0,6851400
2026-04-07,21900.0,22435.0,21725.0,22200.0,6973500
2026-04-08,24200.0,25220.0,23950.0,25220.0,13848700
2026-04-09,25000.0,25010.0,24540.0,24800.0,8706000
2026-04-10,25300.0,25800.0,24990.0,24990.0,10849800
2026-04-13,24650.0,25245.0,24545.0,24880.0,6508500
2026-04-14,25900.0,27130.0,25860.0,27000.0,11460300
2026-04-15,28000.0,28610.0,27440.0,27585.0,12810000
2026-04-16,28085.0,28800.0,27710.0,28625.0,10852600
2026-04-17,28900.0,29050.0,27870.0,27870.0,9985300
2026-04-20,27885.0,28055.0,27100.0,27100.0,7633600
2026-04-21,27430.0,27895.0,27120.0,27200.0,6400300
2026-04-22,27255.0,28360.0,27050.0,27900.0,9077500
2026-04-23,28500.0,29070.0,27615.0,27900.0,10679900
2026-04-24,28315.0,29460.0,27920.0,29440.0,15405700
2026-04-27,30500.0,32400.0,29390.0,31500.0,18594000
2026-04-28,30120.0,30710.0,29335.0,29750.0,19894900
2026-04-30,28880.0,29700.0,28190.0,28260.0,13127400
2026-05-01,28990.0,29160.0,27800.0,27815.0,7144100
2026-05-07,30100.0,30260.0,29715.0,29715.0,11005100
2026-05-08,29800.0,30070.0,29310.0,29885.0,8963400
2026-05-11,30410.0,30580.0,28780.0,28780.0,8727700
2026-05-12,29280.0,29405.0,28335.0,28705.0,7971200
2026-05-13,28080.0,28340.0,27665.0,28290.0,5799400
2026-05-14,28510.0,29940.0,28360.0,28615.0,9547900
2026-05-15,29015.0,29020.0,26140.0,26360.0,9938400
2026-05-18,26485.0,26580.0,25475.0,26150.0,8750700
2026-05-19,26150.0,26420.0,24860.0,25290.0,9174200
2026-05-20,25790.0,26145.0,25020.0,25625.0,8881700
2026-05-21,26625.0,27020.0,25995.0,26745.0,9851300
2026-05-22,26975.0,27120.0,26460.0,26845.0,7253600
2026-05-25,27245.0,28515.0,27150.0,27755.0,7936500
2026-05-26,28085.0,28090.0,25925.0,26075.0,9168700
2026-05-27,27200.0,27780.0,27015.0,27130.0,9423800
2026-05-28,26760.0,27195.0,25915.0,26340.0,7244100
2026-05-29,26380.0,26605.0,25670.0,26170.0,9408700
2026-06-01,25800.0,26170.0,25410.0,25675.0,7366500
2026-06-02,25810.0,26350.0,25275.0,26320.0,8218300
2026-06-03,27320.0,27970.0,26620.0,27660.0,8806800
2026-06-04,27380.0,28435.0,27160.0,28170.0,7606900
2026-06-05,27560.0,27590.0,26415.0,26765.0,7157600
2026-06-08,25100.0,25780.0,24860.0,25235.0,10067400
2026-06-09,25735.0,26595.0,25325.0,26330.0,8788900
2026-06-10,25490.0,26035.0,24910.0,25235.0,8322300
2026-06-11,24450.0,25475.0,24150.0,25175.0,7237400
2026-06-12,27205.0,27800.0,26940.0,27325.0,10241000
2026-06-15,28800.0,29620.0,28450.0,29420.0,9988500
2026-06-16,29600.0,31280.0,29510.0,30340.0,12037500
2026-06-17,29640.0,31170.0,29585.0,30060.0,7837500
2026-06-18,29855.0,30670.0,29720.0,30300.0,7501800
2026-06-19,31210.0,32000.0,31070.0,31740.0,9887400
2026-06-22,31460.0,32600.0,31120.0,32170.0,5949900
2026-06-23,32430.0,33260.0,31430.0,31430.0,10134300
2026-06-24,31100.0,31780.0,30420.0,31200.0,7695200
2026-06-25,33100.0,35940.0,32820.0,35900.0,12921900
2026-06-26,34500.0,35350.0,31720.0,32440.0,11040100
2026-06-29,32920.0,32930.0,30450.0,31950.0,7261600
2026-06-30,32700.0,33010.0,31510.0,32340.0,7822200
2026-07-01,33930.0,34200.0,32000.0,32000.0,6204600
2026-07-02,30400.0,30650.0,28815.0,28815.0,9115500
2026-07-03,28110.0,29385.0,27665.0,29345.0,7931300
2026-07-06,29845.0,30230.0,28735.0,29565.0,6649300
2026-07-07,29200.0,30120.0,28625.0,28900.0,7803900
2026-07-08,28010.0,29375.0,27545.0,27545.0,10152200
2026-07-09,28900.0,29820.0,28785.0,29160.0,8863600
2026-07-10,30160.0,30580.0,29640.0,29830.0,7330900
2026-07-13,29500.0,30020.0,28415.0,28820.0,6766700
2026-07-14,28320.0,29780.0,28230.0,29775.0,8956100
2026-07-15,30180.0,31550.0,29730.0,31510.0,7789700
2026-07-16,30670.0,30770.0,29050.0,29640.0,8916700
2026-07-17,28140.0,28150.0,26000.0,27505.0,13442000
2026-07-21,28005.0,29825.0,27530.0,29630.0,10348200
2026-07-22,30880.0,31580.0,29535.0,29585.0,9245200
2026-07-23,30630.0,31540.0,30320.0,30800.0,7493200
2026-07-24,30100.0,30270.0,28445.0,28945.0,8849300
2026-07-27,29400.0,29590.0,27800.0,28380.0,7722800
2026-07-28,26480.0,26485.0,25250.0,25510.0,10348000
2026-07-29,26000.0,27520.0,24135.0,25200.0,14777000
2026-07-30,28480.0,29425.0,27380.0,27935.0,16409100
2026-07-31,32540.0,32940.0,31570.0,32500.0,18131300
2026-08-03,31800.0,32780.0,31100.0,31430.0,9793800
2026-08-04,31820.0,32420.0,30080.0,31000.0,10006300
2026-08-05,32500.0,33840.0,32390.0,33720.0,9461000
2026-08-06,32500.0,32780.0,31910.0,32330.0,1839200
