Date,Open,High,Low,Close,Volume
2015-01-05,1176.6009498355263,1197.3742716899671,1169.9534868421053,1184.079345703125,1436000
2015-01-06,1148.3493757001224,1148.3493757001224,1120.0976544455607,1124.2523193359375,1886900
2015-01-07,1107.6336597744307,1133.3925820947663,1106.8027267963553,1124.2523193359375,1564400
2015-01-08,1199.0363573039801,1245.5686067904826,1178.2630316403631,1238.921142578125,4852100
2015-01-09,1245.5686151334658,1265.5110079041149,1213.1622268811607,1222.302490234375,3686800
2015-01-13,1205.6834726934203,1207.3453382657062,1173.2770940338453,1200.6978759765625,2471400
2015-01-14,1179.093876234758,1206.5146640541711,1165.798948807164,1169.1226806640625,1541300
2015-01-15,1171.6155821158764,1214.8241000378803,1170.7846490789148,1208.1766357421875,1942700
2015-01-16,1179.9248012729458,1191.5578626939466,1150.8421477204436,1188.234130859375,2309700
2015-01-19,1203.1909100076425,1226.4570325768511,1198.2053123142407,1223.13330078125,1659100
2015-01-20,1236.4282200451205,1243.07568359375,1225.6260917785971,1243.07568359375,1576600
2015-01-21,1245.5684883830027,1251.3850190158787,1220.6404999563915,1228.118896484375,1215200
2015-01-22,1233.9355464642654,1241.413943715564,1223.1334171012786,1234.7664794921875,988400
2015-01-23,1246.399541468771,1263.018202021688,1233.9355460540833,1235.597412109375,1257800
2015-01-26,1227.2878422934323,1227.2878422934323,1209.007319253178,1225.6259765625,1028900
2015-01-27,1243.906491228411,1258.032349846235,1239.7518269290508,1253.877685546875,1401400
2015-01-28,1233.1043723516948,1242.244633871822,1211.5001178495763,1225.6259765625,2183200
2015-01-29,1211.5003666298473,1233.1046255683768,1209.0075675215555,1210.66943359375,1204400
2015-01-30,1235.5974154108033,1239.7520805601334,1218.9787548134825,1228.949951171875,1025700
2015-02-02,1220.6403793697034,1233.1043723516948,1208.1763863877118,1225.6259765625,910800
2015-02-03,1237.259044877209,1240.5827763610966,1194.8814684576403,1199.0361328125,1297700
2015-02-04,1223.9643600609984,1228.9499582689862,1206.5147663330413,1214.8240966796875,1169600
2015-02-05,1197.3743793653405,1233.1044961680536,1196.5434464164402,1223.13330078125,1307100
2015-02-06,1112.6192761858151,1134.223533975831,1074.3963585573256,1082.7056884765625,5605100
2015-02-09,1086.860485525867,1092.6770171762348,1040.3282323229248,1066.087158203125,3870700
2015-02-10,1066.087028638089,1086.0294204442573,1058.6086317107756,1082.7056884765625,1743100
2015-02-12,1117.6051058210128,1130.0691032837005,1102.6483088657872,1112.6195068359375,2584400
2015-02-13,1108.4645992436213,1120.92859398774,1101.8171353800913,1109.2955322265625,1355000
2015-02-16,1113.4500705295138,1124.2521980794272,1105.9716745334201,1121.7593994140625,1225700
2015-02-17,1121.7596264173867,1162.4753461910548,1116.7740280777539,1154.166015625,1603500
2015-02-18,1150.0111097262509,1156.6585727882523,1131.730586305747,1145.8564453125,1236100
2015-02-19,1154.9969540044026,1158.320686246142,1140.0401589165758,1144.19482421875,1218700
2015-02-20,1140.870846436428,1153.3348396604242,1136.7161820284296,1150.842041015625,1206000
2015-02-23,1164.1370839176016,1170.784547637331,1155.8277542679398,1166.6298828125,860500
2015-02-24,1167.4606962491314,1170.7844277687018,1148.349240011601,1158.3204345703125,1023800
2015-02-25,1170.784421503796,1185.741213261829,1159.1513612475483,1178.2628173828125,1156800
2015-02-26,1183.2486572265625,1194.0507868220297,1177.4321259059263,1183.2486572265625,1088800
2015-02-27,1192.3889097016433,1205.683838311557,1185.7414453966865,1204.8529052734375,1039500
2015-03-02,1226.457044501892,1232.273575200749,1190.726927351769,1194.0506591796875,1331400
2015-03-03,1201.529435204149,1210.6697006171821,1175.7705054037835,1179.09423828125,1027000
2015-03-04,1172.4464046451596,1194.0506615698755,1165.7989409760162,1188.234130859375,1128700
2015-03-05,1196.5436626233552,1264.680176744963,1196.5436626233552,1263.018310546875,3791300
2015-03-06,1267.1724774510728,1336.9708303073942,1265.5106119068746,1309.550048828125,3830400
2015-03-09,1289.6080244612756,1332.8165407447718,1284.6224264285645,1306.2266845703125,2073100
2015-03-10,1317.0285705605556,1335.3090933065066,1286.2840550332744,1295.42431640625,1819900
2015-03-11,1282.9603257308468,1294.5933856791835,1276.3128629032258,1287.9459228515625,1012500
2015-03-12,1287.9459154440087,1318.6904308449302,1278.8056541085996,1314.5357666015625,1270300
2015-03-13,1319.5218505859375,1328.6621152940263,1300.4103880144787,1319.5218505859375,2589400
2015-03-16,1322.0141513941478,1366.8845248544144,1315.3666886592935,1354.4205322265625,2395600
2015-03-17,1371.0393031151286,1409.2622170201564,1371.0393031151286,1381.010498046875,2096600
2015-03-18,1372.7013622033617,1482.3845218951558,1372.7013622033617,1481.5535888671875,3686900
2015-03-19,1452.4707076356813,1474.0749630124135,1409.262196882217,1439.17578125,3102400
2015-03-20,1448.316149086714,1482.3844004421674,1433.35935580871,1479.8916015625,1837100
2015-03-23,1478.2297401255612,1489.0318686368778,1463.2729468021996,1469.0894775390625,1431300
2015-03-24,1464.1040059905467,1485.7082648757648,1453.3018765479378,1459.9493408203125,1429400
2015-03-25,1463.2728171003805,1497.3410655394014,1454.9634882128146,1494.017333984375,2396200
2015-03-26,1479.891737033327,1536.3951834781706,1442.499750415416,1453.3018798828125,3488700
2015-03-27,1446.635249054829,1469.9680756524876,1407.469432980188,1425.8023681640625,2316400
2015-03-30,1437.4687190436987,1454.1350230326113,1414.1358934592213,1449.1351318359375,1923800
2015-03-31,1458.3018751449235,1489.1345433622735,1458.3018751449235,1459.968505859375,2085800
2015-04-01,1453.301693011496,1465.8014208757004,1416.6358246098298,1431.635498046875,1903200
2015-04-02,1443.301913775924,1506.6338684219807,1435.8020770415226,1476.634521484375,2003600
2015-04-03,1476.6344453190873,1501.6338998109454,1459.9681423245152,1482.4676513671875,1142000
2015-04-06,1462.4681689942222,1509.1338199706759,1451.6350714461169,1497.4674072265625,1401200
2015-04-07,1505.8006905691964,1532.4667791680974,1496.634222613324,1516.6337890625,1102900
2015-04-08,1520.800246212617,1533.2999742636796,1483.3010620594291,1492.467529296875,1694400
2015-04-09,1491.634322049325,1526.6335631253426,1491.634322049325,1519.967041015625,1324400
2015-04-10,1524.9666833616425,1530.7998892542828,1496.6339690259617,1521.6334228515625,1603200
2015-04-13,1533.2997795100796,1549.966081461276,1512.4669020710837,1519.1334228515625,1118400
2015-04-14,1504.1337469231592,1534.1330903520975,1488.3007601134416,1520.800048828125,880400
2015-04-15,1554.1329300588761,1560.7994520108714,1521.6336355428996,1555.799560546875,2411500
2015-04-16,1565.799161365178,1593.2985612188504,1542.4663372469101,1554.966064453125,1426700
2015-04-17,1562.4662120617406,1562.4662120617406,1447.4686988539963,1465.8016357421875,3664700
2015-04-20,1449.9686385801176,1498.300926532788,1435.802278318128,1489.9677734375,1730800
2015-04-21,1499.1341774558182,1515.800482930591,1485.8011330759998,1513.300537109375,928000
2015-04-22,1525.8002384813005,1567.4660014108829,1522.466977446934,1545.7998046875,1308000
2015-04-23,1549.9660270130294,1574.1321639933399,1549.9660270130294,1564.9656982421875,1297200
2015-04-24,1555.7991663154044,1559.965741479613,1514.9667297061624,1517.4666748046875,1240800
2015-04-27,1501.6340153983945,1526.6334718145717,1499.9673849706492,1508.300537109375,881800
2015-04-28,1516.6339442526646,1527.4670438544695,1500.80095252695,1504.967529296875,913100
2015-04-30,1497.4672731831754,1522.4667268256323,1476.6343951477945,1478.301025390625,1731400
2015-05-01,1474.9678796150017,1509.1338022501516,1469.9679884976626,1504.1339111328125,1262900
2015-05-07,1475.8011362176192,1482.4676574427695,1429.9688027947118,1456.6348876953125,1990300
2015-05-08,1464.1347761861396,1484.1343405734287,1453.301678809691,1483.301025390625,1115500
2015-05-11,1508.3006448067858,1539.9666251949948,1499.9674920730467,1535.800048828125,1926000
2015-05-12,1369.1370360474984,1449.9686200381298,1362.4705136565185,1430.8023681640625,6070200
2015-05-13,1441.635316160675,1442.4686313723287,1408.3027076945323,1418.302490234375,2897600
2015-05-14,1399.9696270072186,1423.3024541240054,1389.969843957167,1414.135986328125,2401800
2015-05-15,1423.30247245504,1425.8024182497502,1403.302906097358,1407.469482421875,1278900
2015-05-18,1404.96958262339,1415.8026814217908,1389.1365920718806,1390.80322265625,1689200
2015-05-19,1415.8024141729786,1435.801977410266,1399.969426610126,1421.6356201171875,3037700
2015-05-20,1444.968740728837,1458.301785625989,1439.968848892405,1448.302001953125,1629700
2015-05-21,1446.6350352559455,1453.3015561557424,1435.8019387937754,1436.63525390625,1258900
2015-05-22,1444.9687346634921,1481.6346079767527,1442.4687887557698,1472.4681396484375,1864900
2015-05-25,1479.967796857571,1498.300731278104,1474.1345904510379,1494.1341552734375,1212300
2015-05-26,1499.9673352016966,1512.4670629950442,1488.3009225945723,1504.1339111328125,1599300
2015-05-27,1499.9674610637117,1569.1326273238717,1496.6342000391257,1547.4664306640625,2466300
2015-05-28,1570.798832209137,1607.4646935445226,1563.2989969359896,1569.1322021484375,2888800
2015-05-29,1547.4661737463516,1566.6324214556494,1541.6329679217827,1552.466064453125,1301100
2015-06-01,1544.9664758582835,1557.4662046273634,1517.4670725663075,1550.7996826171875,1251300
2015-06-02,1523.3001648727814,1523.3001648727814,1500.8006547789273,1502.46728515625,2747300
2015-06-03,1499.967337943412,1501.6339683189049,1473.3012519355293,1479.9677734375,2020900
2015-06-04,1494.1342230599687,1513.3004735509778,1485.8010706725734,1491.63427734375,1127700
2015-06-05,1485.801120122628,1504.1340559850496,1484.9678048561543,1495.8009033203125,819200
2015-06-08,1509.9671067774095,1517.466943400476,1481.6343906458246,1484.9676513671875,1134400
2015-06-09,1471.6345445271786,1495.8006837068435,1439.13525390625,1439.13525390625,1418000
2015-06-10,1449.1353094251092,1453.3018859329445,1421.6359044733965,1429.1357421875,1975700
2015-06-11,1441.6353759765625,1448.3018979463964,1412.4693423585397,1441.6353759765625,1967600
2015-06-12,1454.1351501078323,1474.9680319145348,1431.6356377565937,1447.4686279296875,2710400
2015-06-15,1441.6353621909743,1441.6353621909743,1412.4693288518506,1424.1357421875,1584600
2015-06-16,1416.6358687150323,1430.8022274021826,1407.4694013292292,1414.96923828125,964300
2015-06-17,1415.8025445994144,1424.13569671595,1398.3029251546893,1418.302490234375,1450400
2015-06-18,1424.135792332566,1427.469053402976,1402.4695953749028,1405.8028564453125,1221800
2015-06-19,1409.9693015181476,1427.468920508621,1403.3027799979673,1409.135986328125,1550900
2015-06-22,1410.80272503324,1463.3015860356581,1410.80272503324,1459.135009765625,2069700
2015-06-23,1480.8009732939506,1526.6333050503756,1480.8009732939506,1524.9666748046875,2785500
2015-06-24,1527.466637352819,1557.4659821126124,1513.3002801051387,1518.3001708984375,1681100
2015-06-25,1513.3004738236104,1527.4668328847345,1501.6340604791553,1514.1337890625,872000
2015-06-26,1512.4672789317015,1512.4672789317015,1468.3015677562853,1470.801513671875,1368700
2015-06-29,1441.6353621909743,1445.8019383822777,1414.9692745666325,1424.1357421875,1592600
2015-06-30,1424.9689765192993,1432.4688132378221,1404.9694119365724,1431.635498046875,1104800
2015-07-01,1439.13540740272,1440.8020378687336,1424.135733208598,1427.468994140625,714600
2015-07-02,1445.8018562929733,1449.1351170567611,1426.6356069011933,1431.635498046875,724500
2015-07-03,1424.969052928432,1431.6355748134772,1403.3028568020347,1425.8023681640625,1117900
2015-07-06,1392.4697992535464,1401.6362671121874,1352.470666779477,1365.8037109375,1935700
2015-07-07,1378.3033122191118,1390.803039959914,1363.3036389301492,1367.47021484375,1155900
2015-07-08,1353.3038330078125,1356.6370936802455,1299.9716622488838,1306.63818359375,2139500
2015-07-09,1273.3059068341122,1337.47119140625,1254.9729683849298,1337.47119140625,2702100
2015-07-10,1330.804507623287,1332.471138190129,1296.6385810030274,1307.4716796875,2429900
2015-07-13,1308.3049185426253,1345.804104105949,1308.3049185426253,1335.8043212890625,1267300
2015-07-14,1350.803991429946,1380.8033397898955,1347.4707305010627,1359.970458984375,1076900
2015-07-15,1359.970129530669,1367.469964803816,1338.3039387415774,1344.970458984375,1154500
2015-07-16,1349.9705898171603,1360.8036871428535,1339.9708076703666,1346.6373291015625,858000
2015-07-17,1354.1372839098956,1365.8036974328115,1343.3041856386164,1348.3040771484375,590700
2015-07-21,1364.9702692955896,1369.9701603919104,1355.803802285668,1367.47021484375,604800
2015-07-22,1336.6375450484777,1348.303957536432,1320.8045566719684,1324.1378173828125,1341900
2015-07-23,1323.304777280746,1323.304777280746,1276.6391176285283,1291.6387939453125,2032700
2015-07-24,1295.8050950774755,1308.3048226827245,1289.1385736880095,1303.304931640625,1168400
2015-07-27,1278.3054831468119,1281.6387438590589,1264.139125119761,1277.47216796875,1680100
2015-07-28,1261.6392690489656,1293.3052480607628,1256.6393776260504,1289.138671875,1386700
2015-07-29,1297.4720631625512,1299.138693943749,1242.473247383021,1249.1397705078125,1400700
2015-07-30,1261.6393049524186,1283.3055017349568,1246.639630256815,1253.30615234375,1401100
2015-07-31,1259.9726210811898,1314.9714259696543,1253.3060992765274,1295.80517578125,1528900
2015-08-03,1279.9721502590673,1323.3045407626294,1279.9721502590673,1286.638671875,1631300
2015-08-04,1258.3060165825427,1270.8057452240912,1225.8067221145168,1240.806396484375,2467600
2015-08-05,1224.1398006963602,1246.6393069038495,1194.1404590863744,1236.6395263671875,2151500
2015-08-06,1344.9707147066238,1369.9701703703156,1313.304737532614,1317.4713134765625,4465000
2015-08-07,1314.1381251858088,1350.803995514392,1304.1383423689226,1335.8043212890625,2111300
2015-08-10,1329.1377017174239,1355.8037872691214,1324.971125849971,1349.9705810546875,1727800
2015-08-11,1374.9699836229756,1404.1360135786147,1358.303680791182,1369.9700927734375,1924400
2015-08-12,1349.970285893963,1382.4695705543731,1335.8039310419892,1345.8037109375,1250500
2015-08-13,1358.303700514178,1399.969458198662,1339.1374519793155,1385.8031005859375,1726000
2015-08-14,1373.3036940901993,1406.6363080244273,1364.1372252582864,1400.8031005859375,1919400
2015-08-17,1408.3026623571166,1424.1356508688239,1396.636249769543,1412.46923828125,1510000
2015-08-18,1404.9693603515625,1419.969033237878,1393.3029481066503,1404.9693603515625,1653000
2015-08-19,1408.302629571706,1418.3024115568303,1344.9706769992504,1354.970458984375,2300100
2015-08-20,1356.636885969606,1359.1368310911719,1334.1373798755155,1338.303955078125,1008100
2015-08-21,1308.3050367895207,1322.47139706049,1282.4722621777532,1292.4720458984375,1700100
2015-08-24,1249.97267463716,1271.6388676642043,1185.8074106724525,1194.973876953125,3478300
2015-08-25,1174.974564479575,1251.6395715236324,1141.6419527212893,1169.141357421875,2902700
2015-08-26,1184.1406943882062,1241.6394332430873,1170.8076534943207,1229.9730224609375,2274000
2015-08-27,1254.9726431710378,1257.4725886753627,1208.3069937569753,1213.306884765625,2071100
2015-08-28,1253.3060801855534,1282.4721126366799,1234.973145501988,1257.47265625,2925700
2015-08-31,1249.9726947985198,1264.9723671361019,1220.806665253221,1234.9730224609375,1743000
2015-09-01,1204.9735250371496,1215.8066203521448,1171.6409240679338,1174.140869140625,2437000
2015-09-02,1150.8081722733987,1195.8071884231188,1146.6415967039802,1172.474365234375,1931400
2015-09-03,1216.6403092131,1239.1398217807393,1194.9741119257433,1198.307373046875,1895500
2015-09-04,1202.4737807173296,1204.9737262073863,1129.1420463423296,1145.808349609375,1838000
2015-09-07,1129.142033537603,1169.141160924913,1107.4758395361434,1150.8082275390625,1785600
2015-09-08,1169.9745180418165,1187.4741369014164,1151.6415839984263,1158.30810546875,1592700
2015-09-09,1192.474003462358,1239.1396527942184,1179.1409607961123,1237.4730224609375,2373400
2015-09-10,1204.140664878541,1219.1403409808343,1184.9744120811663,1211.6405029296875,1476400
2015-09-11,1207.4736699352525,1234.1397551236087,1201.6404638002996,1216.64013671875,2522100
2015-09-14,1227.473183040029,1231.6397586783185,1201.6404140826353,1212.4735107421875,1056000
2015-09-15,1230.8065032958984,1254.1393280029297,1213.306884765625,1213.306884765625,1383600
2015-09-16,1222.4733111901198,1261.6391227960746,1218.3067354873585,1252.47265625,1648300
2015-09-17,1271.639149493718,1313.3049145492132,1271.639149493718,1297.471923828125,2188300
2015-09-18,1283.3055774878103,1298.3052530688367,1274.9724243872402,1292.4720458984375,1566000
2015-09-24,1244.1395416864475,1277.4721482955954,1223.3066625557299,1261.63916015625,2302800
2015-09-25,1249.9727915568524,1255.8059979174511,1205.807086255177,1244.972900390625,2504600
2015-09-28,1255.0064815740827,1273.4009803046822,1240.7925507368013,1249.1536865234375,1606900
2015-09-29,1229.0868572856104,1239.1202193859012,1193.970089934593,1222.39794921875,2261000
2015-09-30,1264.2035472972973,1316.8786951013512,1249.9896185247749,1299.3203125,3356600
2015-10-01,1312.698409440676,1344.4707276309598,1304.3372730748117,1332.76513671875,1865800
2015-10-02,1314.3700922782537,1382.9313820790278,1304.3367327952135,1360.3563232421875,1683700
2015-10-05,1361.1927490234375,1385.4400400072702,1346.9788198260183,1361.1927490234375,1701900
2015-10-06,1382.931705739055,1389.6206136265473,1367.0455495062606,1376.2427978515625,1993300
2015-10-07,1385.4402936768315,1395.473657300321,1354.5040891710726,1383.76806640625,1618600
2015-10-08,1345.306677849948,1364.5372891554475,1316.0427041241878,1335.2733154296875,2391700
2015-10-09,1328.5842877643865,1373.7344145984184,1308.517564727039,1371.22607421875,2820000
2015-10-13,1378.7513845945052,1408.8514754649736,1370.3902482415974,1383.76806640625,2570100
2015-10-14,1379.5870764129406,1382.0954165518733,1318.5507996989136,1327.748046875,2335300
2015-10-15,1311.8618806085092,1323.5674678159783,1291.7951596814191,1305.1729736328125,3203400
2015-10-16,1345.3069213326028,1349.4874897643385,1314.3707149377574,1320.2235107421875,1640300
2015-10-19,1337.781627628688,1355.3400114913145,1326.912151904205,1331.9288330078125,2422400
2015-10-20,1347.8150261940038,1374.5706594683265,1341.1261178754232,1357.848388671875,2114100
2015-10-21,1343.6341860692914,1383.7676278436074,1342.798072698993,1375.406494140625,1631000
2015-10-22,1354.5038442081552,1391.292837507636,1354.5038442081552,1368.7177734375,1032800
2015-10-23,1407.1790206607202,1453.1652631659724,1404.6706801604337,1436.4429931640625,3255500
2015-10-26,1454.8373013493083,1468.2151156145894,1440.6233736924473,1443.1317138671875,1370200
2015-10-27,1431.4264816013313,1432.2625952003975,1401.3263920349482,1413.031982421875,1669600
2015-10-28,1426.4094052475111,1440.623332497926,1408.8510245264104,1417.212158203125,1355900
2015-10-29,1431.42625202087,1434.7707058807318,1397.145599957286,1422.22900390625,2128300
2015-10-30,1427.245662695882,1441.4595913811954,1408.015053298105,1433.9345703125,1668600
2015-11-02,1444.804091401734,1474.0680631604498,1433.0985026982478,1446.476318359375,1925600
2015-11-04,1463.1984826821422,1483.2652047303543,1453.165121658036,1455.6734619140625,2356400
2015-11-05,1447.3124718617585,1491.6264874646893,1444.8041313559322,1479.9208984375,1942900
2015-11-06,1527.579385456286,1587.7795582821495,1511.6932287383497,1525.071044921875,5824900
2015-11-09,1543.4656766235285,1566.0407433997123,1540.1212222863162,1562.6962890625,2244000
2015-11-10,1542.6293595163447,1591.1239410079154,1542.6293595163447,1588.6156005859375,2602300
2015-11-11,1580.2544297733066,1612.0267410597542,1556.0071395810178,1598.64892578125,3008000
2015-11-12,1594.4683980487166,1603.6656462807753,1561.0238590230488,1596.140625,2863400
2015-11-13,1570.2210994571833,1618.7156808035713,1569.384985985694,1609.5184326171875,2526400
2015-11-16,1576.0737554671916,1586.9432296428274,1566.0403946896815,1571.8931884765625,1902100
2015-11-17,1601.1574893133277,1630.4214643138323,1597.8130350275555,1617.8797607421875,1887100
2015-11-18,1629.5852392679428,1633.7658068391793,1611.1907419545028,1612.02685546875,1608500
2015-11-19,1622.8961503982543,1624.5683772404989,1593.6321806589763,1605.3377685546875,2362400
2015-11-20,1603.6657476265823,1652.996445806962,1597.812952927215,1651.32421875,2896800
2015-11-24,1654.668580248613,1699.818708259439,1650.488012840203,1690.6214599609375,2935200
2015-11-25,1687.2770570182422,1689.785397539082,1664.7019923306839,1682.2603759765625,1743500
2015-11-26,1678.9155677872475,1684.768361101247,1646.3071478949653,1655.50439453125,2001700
2015-11-27,1660.521074514678,1669.7183211509628,1648.8154878866794,1655.50439453125,1171200
2015-11-30,1659.684868105731,1693.1293994529499,1657.1765282546899,1679.7515869140625,1513200
2015-12-01,1697.3105834371227,1734.0995813047252,1693.1300154976223,1730.755126953125,2217900
2015-12-02,1704.8355018331447,1717.3772048873363,1652.1603490055388,1660.521484375,3565600
2015-12-03,1672.2269704374683,1675.5714243783432,1619.5518208686879,1641.290771484375,2378900
2015-12-04,1608.6824296591938,1627.9130408245583,1598.649067312047,1615.371337890625,2334600
2015-12-07,1635.437834165165,1675.5712779483592,1635.437834165165,1652.9962158203125,1739100
2015-12-08,1665.538108648256,1672.2270167151164,1637.9463628724563,1653.83251953125,1377000
2015-12-09,1625.4046430369672,1637.1102320300317,1598.6490110528196,1608.682373046875,2231700
2015-12-10,1580.2546177418894,1615.3713870250424,1570.22125508956,1599.4852294921875,1595600
2015-12-11,1602.8297995639325,1633.7660033113843,1602.8297995639325,1627.9132080078125,2443000
2015-12-14,1594.4684061009104,1596.976746540503,1542.6293703493338,1582.7628173828125,2059200
2015-12-15,1580.2544578564691,1582.7627982657652,1529.2515362007841,1537.6126708984375,2200500
2015-12-16,1504.1681539624358,1543.4654876123716,1470.7236146858947,1525.9071044921875,4723200
2015-12-17,1513.365639448852,1515.8739802877176,1443.9682095735734,1452.329345703125,6432900
2015-12-18,1454.8376212483386,1472.3960063323702,1397.1457845436632,1415.540283203125,7160200
2015-12-21,1402.1622996097242,1409.687320895644,1378.7511222757514,1402.9984130859375,2529700
2015-12-22,1402.1623220443726,1428.0818402216985,1381.2594848045937,1391.2928466796875,2405300
2015-12-24,1424.7375209771312,1426.4097481144283,1371.226252583624,1377.9151611328125,1528100
2015-12-25,1377.9151611328125,1377.9151611328125,1377.9151611328125,1377.9151611328125,0
2015-12-28,1392.1289205293708,1411.3595302423892,1377.0788781452695,1393.8011474609375,1174700
2015-12-29,1388.7845794079349,1409.687417749415,1377.0789899367062,1407.1790771484375,1204100
2015-12-30,1413.0318319698529,1444.8041453514236,1400.490129319233,1409.6873779296875,1555700
2016-01-04,1384.603751717033,1408.0149262629732,1359.5203504178114,1369.5537109375,2883700
2016-01-05,1362.8646876926632,1379.5869537993217,1336.1090619220097,1356.17578125,2547500
2016-01-06,1338.6173732524014,1346.1423928397041,1295.9755955910196,1311.025634765625,3436200
2016-01-07,1305.1732240517936,1313.5343593756359,1284.2703857421875,1284.2703857421875,2458700
2016-01-08,1267.5478578265313,1336.1091535664889,1265.8756311011666,1303.500732421875,3132700
2016-01-12,1264.203668495615,1275.0731444813575,1223.2341051647384,1227.4146728515625,2849300
2016-01-13,1257.5149794434544,1294.3039815016405,1257.5149794434544,1290.1234130859375,2399600
2016-01-14,1267.5480815126527,1273.4008760842812,1225.742406001022,1265.8758544921875,3433100
2016-01-15,1307.681355278519,1309.3535820755503,1249.1534173824216,1253.333984375,2049100
2016-01-18,1213.2006642976964,1241.6285227305852,1204.8395294644938,1232.4312744140625,2609100
2016-01-19,1230.7592329545455,1271.7287998124075,1224.9064376891367,1269.220458984375,1850200
2016-01-20,1267.5482799765236,1270.8927345411055,1176.4118930916682,1179.75634765625,3895400
2016-01-21,1178.0839960422054,1254.1703293564997,1172.231201171875,1172.231201171875,2717600
2016-01-22,1209.020127563887,1248.317462277236,1197.3145385003363,1243.30078125,2301500
2016-01-25,1262.5313918544048,1266.7119593771015,1229.9229651773705,1243.30078125,2045200
2016-01-26,1218.2171103563328,1218.2171103563328,1191.461484047889,1198.150390625,1841100
2016-01-27,1216.5452007469273,1227.4146767673467,1189.7895674658953,1198.98681640625,1873600
2016-01-28,1145.4754409848413,1147.147667905987,1084.4391583630213,1092.80029296875,5130400
2016-01-29,1099.4893015551029,1161.3617033156181,1095.3087338685816,1147.98388671875,5788600
2016-02-01,1223.234065470324,1282.59812469684,1202.3312277145085,1265.8758544921875,4864900
2016-02-02,1232.431481633772,1261.6954584703947,1187.2813459429824,1191.4619140625,3624000
2016-02-03,1158.8534029995437,1166.3784250969434,1120.3921789461679,1145.4755859375,2736300
2016-02-04,1134.606090766059,1179.7562226019966,1105.3421164279514,1128.7532958984375,4741800
2016-02-05,1111.1948136503115,1118.719834961713,1027.5834657458486,1052.6668701171875,4068400
2016-02-08,1038.4529470086752,1072.733599848736,1009.1889750720378,1067.7169189453125,2505700
2016-02-09,1007.5165635896556,1015.8776968974535,971.5636903661242,989.1220703125,2958200
2016-02-10,997.4833158605239,1011.6972440831802,939.7914895450368,966.547119140625,2862400
2016-02-12,907.1831697560173,925.5776672072914,873.7386289355189,878.7553100585938,5648900
2016-02-15,930.5941511356863,933.9386045090401,890.4607106554411,920.560791015625,3261100
2016-02-16,925.5777050199963,972.4000640815318,913.8721152546125,948.1527709960938,2567200
2016-02-17,949.8249340277778,981.5972469618056,928.0859830729167,940.627685546875,2505700
2016-02-18,969.8917897542317,976.5806986490885,947.3167222340901,963.202880859375,2281000
2016-02-19,950.6610341960223,950.6610341960223,907.1831328959404,924.7415161132812,2283900
2016-02-22,918.8886965417734,938.9554196691643,905.5108811235127,928.9220581054688,1416200
2016-02-23,938.1192555083004,967.3832251542813,933.9386884160174,937.2831420898438,2025400
2016-02-24,919.7248186383929,919.7248186383929,882.0997124213677,901.330322265625,2625000
2016-02-25,936.4470610452104,938.9554013872958,913.0358845190801,933.938720703125,2369400
2016-02-26,953.1692936283131,1004.1722119715824,951.4970667973862,958.1859741210938,3602900
2016-02-29,984.1055704576761,1010.0250884561366,967.38330078125,967.38330078125,2453600
2016-03-01,960.6943502550431,967.3832578286205,915.5442241333961,962.3665771484375,3191200
2016-03-02,1010.8612564750339,1047.6502517479053,1006.6806888303895,1038.4530029296875,3259300
2016-03-03,1019.2221887322921,1059.3556301261806,1017.5499620075468,1056.8472900390625,3340400
2016-03-04,1056.011361055596,1102.8337175236193,1056.011361055596,1078.58642578125,2872700
2016-03-07,1077.7504343478247,1077.7504343478247,1021.7308229426236,1027.5836181640625,3444000
2016-03-08,1015.877661541416,1030.0915876699792,988.2859225859702,999.1553955078125,3206800
2016-03-09,979.0887772822441,983.2693442219634,954.0053756439287,975.7443237304688,2995800
2016-03-10,995.8112273001165,997.4834543820646,964.8750262840758,982.4334106445312,1968700
2016-03-11,957.3499026628208,995.8111214597551,951.4971084980699,991.6305541992188,2997500
2016-03-14,1014.2054534589829,1042.6333062352446,1013.3693401420339,1029.2554931640625,2253400
2016-03-15,1028.4199487802935,1041.7977692522322,1013.3699007493623,1024.2393798828125,2096600
2016-03-16,1018.3864633322148,1048.486555844497,1008.3530991614541,1031.7642822265625,2675600
2016-03-17,1031.764067878692,1064.3724946592988,1013.3695707204008,1020.8945922851562,2059200
2016-03-18,1013.369652862028,1020.8946750367461,968.2195198137199,979.9251098632812,2449700
2016-03-22,994.9749828644059,1012.5333649149542,972.3999202279866,981.59716796875,2418200
2016-03-23,990.7946300506592,993.3029708862305,958.1861991882324,963.202880859375,1932000
2016-03-24,954.0055073682196,975.7444584563648,941.4638048173665,955.677734375,2180700
2016-03-25,954.8414505917801,984.941531345987,948.152543757512,978.2526245117188,2033100
2016-03-28,980.7611738868026,992.466763344957,965.7111302977468,974.072265625,2068200
2016-03-29,971.5421957453826,974.0722535468029,947.9283229321268,958.8919067382812,2685100
2016-03-30,956.3617703419812,958.8918279354785,936.9646621251685,938.6513671875,1745800
2016-03-31,945.398144942598,961.4218423145065,926.0010375976562,926.0010375976562,2387100
2016-04-01,920.9408752441407,920.9408752441407,872.8697856022761,877.0865478515625,2909000
2016-04-04,877.9300124854373,898.1704738683868,857.6895511024877,865.2797241210938,2307000
2016-04-05,863.5930625,865.2797677001953,835.7624266967773,843.3526000976562,2681100
2016-04-06,831.5455845424107,859.376217696467,826.4854694234914,856.0028076171875,2279100
2016-04-07,847.5691632746243,872.0263829114045,829.8587628479904,857.6893920898438,2899400
2016-04-08,836.6057371619152,879.616717600683,822.268743682326,865.2797241210938,3012300
2016-04-11,868.6529733063314,874.5564401152094,832.3888200517953,857.6893920898438,1900600
2016-04-12,856.0030723723355,902.3874753087674,850.942955688361,891.4238891601562,2267200
2016-04-13,906.6039422684127,942.0247474547134,892.2669496930052,939.4946899414062,3439900
2016-04-14,963.951750800405,976.6020362439799,954.6748748084501,963.1083984375,2585600
2016-04-15,943.7113780824097,969.0119512213483,938.651263454622,957.2050170898438,1644300
2016-04-18,904.0739924620134,905.7606976718305,865.279772636218,888.05029296875,3345100
2016-04-19,920.097635075666,941.1814488949983,917.5675774173461,931.0612182617188,1855000
2016-04-20,951.3016551549866,961.4218855289758,931.9045469381739,938.6513671875,1544600
2016-04-21,968.1688206812719,969.0121733125274,950.4584154249072,964.79541015625,1828000
2016-04-22,959.7351960681734,991.7825927734375,953.8317282540457,991.7825927734375,2229200
2016-04-25,1007.8063545162286,1024.6734064746593,983.3491291765042,993.4693603515625,2135700
2016-04-26,987.5657321626106,989.252437085177,947.0848140210177,952.98828125,2089100
2016-04-27,927.6877900939452,951.3016611145183,904.073919073372,945.398193359375,2548500
2016-04-28,971.5420353982302,1000.2160190818585,939.4946418694691,952.98828125,3741500
2016-05-02,902.3872117489432,905.7606218863224,868.653110375151,872.869873046875,2611200
2016-05-06,881.3034822049673,884.6768926631681,850.0994354666096,861.9063720703125,1860600
2016-05-09,866.123106540587,870.3398694740854,857.68958067359,864.4364013671875,986100
2016-05-10,863.5929702495201,884.6767829997525,852.6293876193993,878.7733154296875,1819200
2016-05-11,892.2669692705261,916.7241924357863,884.6767965640661,893.9536743164062,2203300
2016-05-12,828.172151684761,864.4363090395927,802.8715767860413,863.5929565429688,5073700
2016-05-13,875.3999989013672,875.3999989013672,839.9791896972656,843.3526000976562,1966800
2016-05-16,850.9427841667116,866.9664837694544,843.3526106706755,856.8462524414062,1429000
2016-05-17,873.7134807662459,893.9539475021435,867.810011301609,891.4238891601562,2711000
2016-05-18,896.4838309265764,924.3144672582574,889.7370099976839,903.2306518554688,2575400
2016-05-19,916.7242045349348,931.061197614138,904.0739165238731,907.4473266601562,1963200
2016-05-20,902.3870270685129,936.9644739001101,888.0500369188262,933.591064453125,2044000
2016-05-23,925.1577854929048,940.3381320187683,913.3508493061221,936.9647216796875,1602500
2016-05-24,932.7478144567319,933.5911669110328,907.4472408277067,913.3507080078125,1869300
2016-05-25,927.6879247957772,938.6515093615455,920.9411035245352,924.3145141601562,1927700
2016-05-26,931.0611210617024,945.398112962109,918.4108340907553,925.1576538085938,1317300
2016-05-27,937.8079110166575,960.5784268417021,931.9044439509051,957.2050170898438,1664200
2016-05-30,978.2890291896318,1015.3965440899283,976.6023239668912,1013.7098388671875,3518000
2016-05-31,1012.0230459041011,1030.5768017456762,1005.2762255980738,1017.926513671875,2160200
2016-06-01,995.9995716667661,1014.5533316808802,976.6024589247376,994.3128662109375,2535200
2016-06-02,981.6621504214098,983.3488551472199,952.1448177197351,963.1083984375,2561100
2016-06-03,954.6750771562223,969.0120703643988,941.1814364897033,952.14501953125,1149900
2016-06-06,916.7242013771901,941.1814247809974,900.7005032850404,938.6513671875,2318800
2016-06-07,957.205204207264,975.7589614694313,951.3017359874835,962.2653198242188,1720900
2016-06-08,959.7350859612978,969.011962890625,939.4946272064022,969.011962890625,1550200
2016-06-09,961.4218915519068,969.0120643799482,935.2779629219865,945.398193359375,1276100
2016-06-10,942.0244811305167,952.9880605886159,928.5308448743948,947.0845947265625,2135600
2016-06-13,920.0976071241425,922.6276647056021,893.9536787823932,899.0137939453125,1741400
2016-06-14,885.5201446127846,896.4837273556096,876.2432669073174,888.8935546875,1803600
2016-06-15,874.5564951099738,920.9408800965201,872.8697902013721,913.3507080078125,1736400
2016-06-16,915.0375811635155,915.0375811635155,851.7861354609684,855.1595458984375,2135800
2016-06-17,871.1831514409358,877.0866190692868,845.0392233725244,854.3161010742188,2605400
2016-06-20,876.2432890587548,882.1467568387465,852.6294179387884,879.61669921875,2804800
2016-06-21,867.809741720529,896.4837273556096,863.5929791271348,888.8935546875,1728700
2016-06-22,877.086635718599,878.7733407872886,866.1230527721165,872.869873046875,1206400
2016-06-23,871.1832329331396,887.2069322804094,863.5930595581171,877.9300537109375,1497800
2016-06-24,888.0501799830528,892.2669424711015,760.7039528439825,764.9207153320312,4759400
2016-06-27,773.3542143554688,774.1975668247768,716.8495989118304,737.9334106445312,3195000
2016-06-28,728.6565849507532,732.8733475951441,699.1392464400167,727.813232421875,2568700
2016-06-29,725.2830977006392,750.583670876243,719.3796306263317,742.150146484375,2122300
2016-06-30,757.3305557734286,758.1739082854258,743.8369155814745,745.5236206054688,1712600
2016-07-01,756.4871682437206,762.3906355544298,737.0900613656765,741.3068237304688,1995400
2016-07-04,728.656570365526,749.7403831654544,720.2230452455547,745.5236206054688,1653200
2016-07-05,742.9935824588473,742.9935824588473,727.8132368467483,732.8733520507812,982700
2016-07-06,696.6092350769043,698.2959402465821,662.0317790985108,674.6820678710938,3871200
2016-07-07,675.5253181893762,689.8623099611857,660.3449739604014,663.7183837890625,2058900
2016-07-08,663.7184403696683,676.3687283055579,654.4415625500161,658.6583251953125,2353600
2016-07-11,658.6583251953125,658.6583251953125,658.6583251953125,658.6583251953125,0
2016-07-12,729.4999562661479,765.7641159418062,728.6566037155512,749.7404174804688,3512900
2016-07-13,787.6911253697664,805.4015254048468,767.4506681868174,781.7876586914062,3499800
2016-07-14,759.0172293905064,779.2576888409199,751.4270570966013,777.5709838867188,2681000
2016-07-15,759.8605803116509,786.0045070482337,747.2102931810463,775.88427734375,2776700
2016-07-19,787.6912884651346,800.3415768237824,770.8242373202709,792.7514038085938,1618100
2016-07-20,792.7513649799852,797.8114800756022,771.6675520815813,783.4744873046875,1648500
2016-07-21,807.9316471960727,830.7021633487805,806.2449422958722,814.678466796875,2534800
2016-07-22,792.7514596046808,806.2451014702924,780.10117035567,786.004638671875,1694400
2016-07-25,792.7513649799852,808.7750627827721,779.2577247250067,783.4744873046875,2236700
2016-07-26,768.2940720991655,769.9807769775391,733.7166220925071,742.150146484375,2893600
2016-07-27,733.716653575068,789.3779169497283,733.716653575068,775.88427734375,3118900
2016-07-28,778.4144651224685,798.6549279208858,764.0774706402561,786.004638671875,1928200
2016-07-29,773.3543187191611,804.5583642945254,766.6074980542176,785.1612548828125,2817400
2016-08-01,778.414334769871,781.7877446713655,770.8241624915082,775.88427734375,2130500
2016-08-02,776.7278961485803,782.6313655004153,759.0174880930753,761.5475463867188,1433800
2016-08-03,736.2469160408809,754.8006756661952,728.6567416487069,733.7168579101562,1809400
2016-08-04,716.8496357685812,782.6311317567568,714.3195782305744,780.10107421875,4142700
2016-08-05,788.5345644743546,795.2813842773438,773.354219917629,775.88427734375,2469800
2016-08-08,805.4016909662494,829.8589150898318,802.028280742307,827.328857421875,2452800
2016-08-09,822.2687019789514,827.3288170680527,803.7149466522469,816.365234375,1958200
2016-08-10,814.6785059043548,834.0756131877919,810.4617434514337,823.9553833007812,1888600
2016-08-12,818.0518847606221,825.6420568872671,784.3177864199779,823.1119995117188,2172500
2016-08-15,819.7387958427785,824.7989118664993,807.0885057834764,813.8353271484375,1042000
2016-08-16,805.4015831631506,812.1484027079728,774.1975427683478,776.7276000976562,2265800
2016-08-17,777.5710619549418,801.184933684593,769.9808888989826,797.8115234375,1801600
2016-08-18,780.1011054613678,794.438098750928,764.0774070789181,780.9444580078125,1772100
2016-08-19,784.3177932368665,813.8351295414797,784.3177932368665,798.65478515625,1205900
2016-08-22,802.0282876702804,807.9317556131741,794.4381146008456,799.4982299804688,1002000
2016-08-23,791.0647755397185,791.9081281788866,768.2942542821786,773.3543701171875,1647100
2016-08-24,773.3541348651776,791.064534900258,773.3541348651776,781.7876586914062,1555000
2016-08-25,781.7877262543867,788.5345458984375,773.3542016993232,788.5345458984375,1708400
2016-08-26,787.6913042369424,787.6913042369424,769.9809001802231,775.041015625,1570400
2016-08-29,798.6547559089466,832.3888533074238,795.2813461690989,830.7021484375,2472100
2016-08-30,828.1722636786033,861.0630154947596,823.1121480145792,856.8462524414062,2266800
2016-08-31,865.279784130449,910.8208254004727,865.279784130449,903.2306518554688,3248500
2016-09-01,895.6403882610265,917.5675540753265,895.6403882610265,904.0739135742188,2212500
2016-09-02,898.1705492392354,899.013901867629,871.1832651306386,880.4601440429688,2666200
2016-09-05,905.7607307434082,924.3144887288412,889.7370306650798,890.5803833007812,2058100
2016-09-06,893.110437360491,897.3272005208333,880.4601478794642,885.520263671875,1607400
2016-09-07,856.0028755001906,868.6531643006861,836.6057660060976,864.4364013671875,2090100
2016-09-08,867.8097832230743,877.0866613722034,855.1594948378983,866.9664306640625,1350000
2016-09-09,860.2196171931449,877.9300210765332,853.4727966661399,875.3999633789062,2051900
2016-09-12,861.0628784424317,861.906230918869,831.545541767128,841.665771484375,2210400
2016-09-13,853.472805352765,856.0028630761427,838.2924590124984,849.2560424804688,1201900
2016-09-14,832.3889646266289,867.8097716320174,831.5456120788815,853.4727783203125,2008700
2016-09-15,848.4126586914062,862.7496519297302,840.8224858005289,848.4126586914062,1682600
2016-09-16,860.2195526832758,876.2432502332583,856.8461426727531,870.3397827148438,1630500
2016-09-20,860.2196116030794,881.3034256129588,855.1594962407083,868.6531372070312,1219000
2016-09-21,861.0628851347564,881.3033447265625,840.8224255429501,881.3033447265625,2072400
2016-09-23,884.676860633723,884.676860633723,858.5329305291992,861.06298828125,1355300
2016-09-26,850.9427074532155,850.9427074532155,833.2323042257451,838.2924194335938,2312700
2016-09-27,825.6421954956054,843.3526000976562,807.9317908935546,843.3526000976562,1849600
2016-09-28,841.6489332094637,848.4639043285687,830.5746051409182,839.9451904296875,1151600
2016-09-29,854.4268163966852,874.0198540608167,849.3155891799553,869.760498046875,1422600
2016-09-30,851.8711352637904,854.4267486695818,835.6855836937784,841.648681640625,1428300
2016-10-03,851.8713898881211,852.7232612780093,833.1302193105824,839.9451904296875,1472900
2016-10-04,845.056175224327,860.3898558231556,844.2043040799477,854.4267578125,1237300
2016-10-05,864.6493422352729,874.0199262397931,855.2787582307527,867.2049560546875,1306000
2016-10-06,887.6498842722139,917.4653794253112,885.0942704019483,891.9092407226562,2185500
2016-10-07,889.3535982394105,900.4279246542692,886.7979844513663,898.7241821289062,1192900
2016-10-11,908.9464928773525,923.4283020422214,901.2796527312455,903.8352661132812,1226100
2016-10-12,893.6131168526251,897.0206025222252,881.6869170090248,889.353759765625,1403800
2016-10-13,898.7240739962127,911.5021413990025,891.0572335545389,895.3165893554688,1405100
2016-10-14,891.0572335545389,902.1315586369567,881.6866507924931,895.3165893554688,1304500
2016-10-17,899.5759863826815,922.5765087617842,897.8722439842295,914.90966796875,1456200
2016-10-18,914.909498325241,918.3169824903257,898.7239485410887,911.5020141601562,946200
2016-10-19,904.6871739076764,912.3540143645212,902.9834315839331,909.7984008789062,631700
2016-10-20,911.5023400009395,921.7247961504828,905.5392405803726,920.8729248046875,1060900
2016-10-21,924.2802769847461,932.7989892150204,920.0209208696091,923.4284057617188,1188100
2016-10-24,930.2435470281863,931.0954184082487,907.2430197665004,912.354248046875,965700
2016-10-25,925.1319179847592,938.7618541613302,924.2800469737235,935.3543701171875,1366100
2016-10-26,928.5396550148045,933.6508824736015,924.2802987991402,932.7990112304688,686100
2016-10-27,928.5396836323813,937.0583963262563,913.2060007834062,925.9840698242188,1048900
2016-10-28,937.0582358351032,968.5774674041021,933.6507513411574,965.1699829101562,2529200
2016-10-31,970.2811861905184,973.6886706020742,949.8362797211836,955.7993774414062,1669000
2016-11-01,942.1694646398915,951.5400470187693,923.428299882136,934.5026245117188,2753100
2016-11-02,917.4651883912318,920.0208017293688,868.0566638539137,877.42724609375,2964500
2016-11-04,867.2049204310554,887.6498301465223,863.7974354784776,875.7236328125,2113700
2016-11-07,902.9835027417107,912.3540862607284,892.7610479936912,907.2428588867188,1745200
2016-11-08,892.7610728561046,943.0214767668969,885.9461028343023,915.7615966796875,2547000
2016-11-09,926.83596227537,937.9102890304985,798.2033976581082,805.8702392578125,4674000
2016-11-10,882.5385786281339,902.9834877855424,877.4273513387817,896.1685180664062,2495100
2016-11-11,916.6134536644173,939.6139771299742,909.7984837486968,919.1690673828125,2549500
2016-11-14,939.6140271526833,982.2075913935122,938.7621558678668,979.6519775390625,2956300
2016-11-15,997.5412633651341,1017.9861739721053,977.096352758163,996.6893920898438,3322400
2016-11-16,1014.5788562271443,1026.5050560484542,998.3932993267953,1000.9489135742188,1930100
2016-11-17,994.9855815379693,1001.8005512745308,971.9850586770744,998.39306640625,2163700
2016-11-18,1020.5418760546553,1035.0236889869834,1014.578776611932,1033.3199462890625,2463600
2016-11-21,1034.1713159039261,1040.9862833892898,1030.7638321612444,1036.7269287109375,1511700
2016-11-22,1036.7272233806673,1041.8384504474577,1019.6897998246991,1039.2828369140625,1701800
2016-11-24,1069.0984175476847,1087.8395850266083,1066.5428038005589,1076.7652587890625,2579100
2016-11-25,1083.5801789906104,1124.4699970657277,1075.9133381015258,1088.69140625,2800000
2016-11-28,1067.3943581054689,1082.7280360351563,1045.2457122070314,1064.8387451171875,2291600
2016-11-29,1040.9867641878243,1068.2466467197476,1030.764308238353,1067.394775390625,1919500
2016-11-30,1079.320755286772,1081.0244975997741,1058.023976374247,1060.57958984375,1365100
2016-12-01,1092.9506191360615,1115.9511387905227,1088.6912636444947,1093.802490234375,2457600
2016-12-02,1068.246439034598,1076.7651506696427,1058.0239850725445,1073.357666015625,2541000
2016-12-05,1066.542781496511,1067.3946527277383,1048.6534856407388,1052.912841796875,1715400
2016-12-06,1074.2095652814871,1085.2838906967602,1061.4314974946335,1066.542724609375,1616200
2016-12-07,1056.3202634382476,1075.0614294024745,1048.6534228165183,1068.2464599609375,2169800
2016-12-08,1089.5433856225297,1097.2102272727273,1071.6540884387352,1077.6171875,1677600
2016-12-09,1088.6912369454742,1094.654334487429,1061.4313624679662,1069.9500732421875,3165800
2016-12-12,1089.543182997816,1114.2474459430364,1070.8020180048904,1081.8763427734375,2146100
2016-12-13,1067.394443060828,1069.950056252514,1047.801408591236,1058.875732421875,2046500
2016-12-14,1066.5426897874158,1078.468885999096,1055.4683647337126,1075.0614013671875,1844600
2016-12-15,1096.3582159246055,1148.3223582489263,1096.3582159246055,1140.655517578125,5181700
2016-12-16,1191.7681626374879,1228.3986351131218,1186.6569339199575,1211.3612060546875,5637900
2016-12-19,1200.2863125415558,1217.3237335854387,1194.3232151761968,1201.13818359375,2087200
2016-12-20,1202.8421209099588,1214.768317576205,1189.2121818628204,1213.0645751953125,2062000
2016-12-21,1226.6942849686848,1264.1766103427278,1210.508735375348,1224.138671875,3157800
2016-12-22,1240.3243105347271,1246.2874081815287,1210.5088223007192,1232.657470703125,1731300
2016-12-26,1235.2133137791106,1239.4726700335214,1193.4716224858855,1207.1015625,1911600
2016-12-27,1192.6199358061883,1219.027948670468,1190.0643216580322,1206.2498779296875,1173800
2016-12-28,1219.0276226819526,1224.9907207663507,1205.3976842033285,1210.5089111328125,945800
2016-12-29,1199.4346208362863,1205.3977190932849,1189.2121666814317,1201.990234375,1595500
2016-12-30,1190.0641873197224,1199.434771471846,1176.434246734815,1195.1754150390625,1223000
2017-01-04,1196.8791219575808,1250.5470114119066,1193.4716369128619,1247.1395263671875,2693000
2017-01-05,1239.4724231114203,1242.8799074361252,1184.9526739161413,1190.915771484375,3484400
2017-01-06,1151.7298945973603,1174.7304176403547,1136.3962125686971,1157.6929931640625,3635600
2017-01-10,1169.619146394941,1178.9897295051699,1138.9517834887372,1153.43359375,2762700
2017-01-11,1163.6562705666756,1182.3974403708241,1159.3969137930055,1173.02685546875,1724300
2017-01-12,1150.0263111011402,1158.5450245167042,1122.7664281713353,1134.692626953125,2377500
2017-01-13,1134.6926196325664,1149.1744323455948,1119.358935583478,1136.3963623046875,2254500
2017-01-16,1130.4332130483717,1150.0262529128124,1126.1738565561022,1133.8406982421875,1712400
2017-01-17,1149.1741315356853,1150.0260026487585,1111.6918025604666,1119.358642578125,2414100
2017-01-18,1099.7657974441029,1117.6550939168574,1086.9877285349924,1116.80322265625,2563000
2017-01-19,1150.0262529128124,1159.3968371958056,1104.8770740947539,1133.8406982421875,3081900
2017-01-20,1136.3959624880836,1145.7665438879103,1119.3585417611257,1144.9146728515625,2068200
2017-01-23,1126.173842573383,1143.2112683309228,1122.766357421875,1122.766357421875,2068500
2017-01-24,1132.136905440365,1151.729944435947,1127.0256778763,1131.2850341796875,1834200
2017-01-25,1167.9155636688613,1178.13801936837,1156.8412366610603,1159.3968505859375,1791400
2017-01-26,1184.1011307456276,1206.2497849897904,1183.2492594285445,1199.434814453125,3207800
2017-01-27,1207.101398913822,1226.6944350288663,1196.8789452885815,1217.3238525390625,2706600
2017-01-30,1220.731553284551,1221.5834245708627,1199.4347711267606,1209.6572265625,1557100
2017-01-31,1183.2489285921376,1191.767639381138,1173.0264756453373,1176.4339599609375,2289100
2017-02-01,1142.3593393095682,1161.1005066957057,1127.8775281475528,1150.8780517578125,2527900
2017-02-02,1155.9890582284597,1162.8040268841912,1125.321699277668,1129.5810546875,2445800
2017-02-03,1146.6185649940353,1156.841018768128,1121.0624305588042,1138.099853515625,1621800
2017-02-06,1159.3968860113132,1168.7674706888477,1144.915073327851,1165.3599853515625,1910000
2017-02-07,1218.1759843202394,1222.4353409087719,1173.026804481797,1184.9530029296875,4220500
2017-02-08,1163.6558572972074,1205.3975388547208,1161.952115192819,1201.13818359375,1836400
2017-02-09,1206.2497417642996,1206.2497417642996,1187.508573460052,1195.1754150390625,1314400
2017-02-10,1227.546587004796,1250.5471129236923,1224.1391016834782,1237.76904296875,2737000
2017-02-13,1253.9543200985304,1286.3254234706392,1253.1024489571591,1275.2510986328125,2707100
2017-02-14,1294.8444114168326,1306.7706099430404,1282.0663415673246,1282.918212890625,1883000
2017-02-15,1304.2147945268255,1329.7709302784942,1299.1035673764918,1316.1409912109375,1945400
2017-02-16,1314.4373350677,1346.8084424770148,1313.5854638200865,1324.6597900390625,1853300
2017-02-17,1312.733584708942,1315.289198436474,1292.288674888686,1297.39990234375,1928300
2017-02-20,1285.4736201267617,1305.0666574116626,1279.5105218226613,1303.3629150390625,959400
2017-02-21,1305.0668364926516,1327.2154903756864,1303.3630938862646,1318.69677734375,1378300
2017-02-22,1320.400347169549,1329.7709302784942,1309.3260216771591,1316.1409912109375,956900
2017-02-23,1303.3629725261267,1311.0298135409862,1289.733032944154,1304.21484375,1375400
2017-02-24,1291.4369034601864,1310.1780722439094,1284.621932993378,1302.51123046875,1014800
2017-02-27,1283.7697353041501,1288.0290907630226,1255.6579892755922,1263.3248291015625,1909900
2017-02-28,1285.4738562549544,1293.140698339974,1276.103271484375,1276.103271484375,1804200
2017-03-01,1281.214419323357,1313.5855283222186,1281.214419323357,1309.326171875,1872900
2017-03-02,1328.91893316938,1339.141386501452,1299.9553153951754,1301.6590576171875,2399500
2017-03-03,1293.1405296194953,1293.1405296194953,1236.0651571000578,1242.880126953125,3785400
2017-03-06,1234.3614288015463,1252.250724871134,1214.7683902491408,1239.47265625,2415300
2017-03-07,1234.3612865158175,1245.4356113775882,1222.4350905108338,1244.583740234375,1613900
2017-03-08,1240.3246729333973,1251.3990003703027,1207.9535619639819,1219.8797607421875,2005800
2017-03-09,1224.1388216225562,1224.1388216225562,1209.6570123201323,1217.3238525390625,1723800
2017-03-10,1229.2499987619644,1267.5841983075559,1228.3981276609513,1259.9173583984375,3114400
2017-03-13,1261.621337890625,1274.399406809166,1250.547011494556,1261.621337890625,1415200
2017-03-14,1265.0288444294047,1285.4737550464456,1262.4732306022745,1270.991943359375,1199000
2017-03-15,1268.436069408569,1278.6585226207267,1253.9542606913456,1259.9173583984375,1186700
2017-03-16,1251.3987769110297,1278.6586549649119,1242.0281938300077,1272.695556640625,1310200
2017-03-17,1253.9544464648172,1263.3250299642148,1247.9913478742917,1259.065673828125,1195100
2017-03-21,1244.583740234375,1258.213678525785,1230.9538019429651,1244.583740234375,1089300
2017-03-22,1201.9903708473537,1207.9534697813942,1187.5085591503976,1198.5828857421875,1980000
2017-03-23,1198.5824816894533,1210.5086755371094,1190.9156427873884,1192.619384765625,1125500
2017-03-24,1190.9158473405244,1218.1757236744993,1184.9527493924675,1217.3238525390625,2072500
2017-03-27,1191.7678364415324,1198.582806199597,1178.9897681451614,1188.3603515625,2077500
2017-03-28,1205.3975559001394,1220.7312350564664,1201.990071643178,1212.2125244140625,1648600
2017-03-29,1229.3711409194202,1237.092243688628,1200.2025304579686,1212.213134765625,1685200
2017-03-30,1207.065236553592,1231.0864352909769,1207.065236553592,1211.354736328125,1518000
2017-03-31,1218.2181207214617,1231.9445220817036,1205.349619446235,1206.20751953125,1607600
2017-04-03,1205.34962067132,1212.2128213584165,1181.3284182664825,1195.9127197265625,1602500
2017-04-04,1189.0497685119183,1190.7655690436816,1161.5969600037067,1175.3233642578125,2070400
2017-04-05,1169.3177598580808,1176.180960209412,1147.0123587162539,1159.880859375,2097300
2017-04-06,1137.5755033139828,1138.433403391897,1098.112099729938,1111.8385009765625,3309600
2017-04-07,1127.2809998543787,1131.5705013758948,1098.970289812374,1116.1282958984375,2481000
2017-04-10,1117.8439319397858,1133.2861351438657,1116.128131583777,1122.9913330078125,1164400
2017-04-11,1113.554311218497,1122.9912121610266,1104.975310361652,1112.6964111328125,1265000
2017-04-12,1098.1119477911645,1098.1119477911645,1060.3643495858432,1068.08544921875,3587000
2017-04-13,1052.6435883419447,1079.2384956268677,1036.3434838769922,1076.664794921875,2873300
2017-04-14,1102.4015943929494,1103.259494466407,1062.9381910139023,1069.8013916015625,2268400
2017-04-17,1062.0801286984033,1068.94332823765,1040.6326301382578,1056.0748291015625,1686500
2017-04-18,1072.3746620196666,1086.958957423134,1056.0745671569675,1064.653564453125,1639000
2017-04-19,1055.2171314599727,1068.9435331700213,1047.4960304980705,1062.938232421875,2029600
2017-04-20,1064.6540948105167,1078.3804973221752,1052.6434926128154,1057.7908935546875,2171100
2017-04-21,1074.0907394457315,1092.1066384300448,1065.5117399293918,1087.817138671875,2633000
2017-04-24,1113.5541476587125,1118.7015474167652,1086.959248908774,1088.675048828125,2117400
2017-04-25,1095.5385057335102,1135.8598133055345,1092.9648052501896,1131.5703125,2876700
2017-04-26,1150.4437685646742,1180.470265134222,1150.4437685646742,1174.4649658203125,2929400
2017-04-27,1162.4543874616784,1178.7544858836502,1155.5911881261113,1176.1807861328125,1822600
2017-04-28,1180.4705321008096,1185.6179326768304,1159.8809297967257,1165.88623046875,1193700
2017-05-01,1169.3175121744334,1226.7968029416286,1156.4490142414793,1220.79150390625,3400900
2017-05-02,1222.507496745911,1251.6760966682696,1217.3600967596124,1247.3865966796875,2892300
2017-05-08,1282.560383124155,1282.560383124155,1257.6812853913116,1268.833984375,3112100
2017-05-09,1284.2762448705807,1288.5657446864477,1259.3971459385523,1273.9814453125,2698000
2017-05-10,1277.4132381981242,1293.7133399615657,1268.8342372699972,1279.9869384765625,2870200
2017-05-11,1355.4821488743012,1386.3665522663737,1336.6083468013678,1342.6136474609375,6018600
2017-05-12,1342.6137213497507,1352.9085230470012,1325.4557185209999,1328.0294189453125,3141000
2017-05-15,1321.1658941839157,1346.0449921912752,1306.5815953520155,1331.460693359375,1869600
2017-05-16,1345.1870219885277,1361.4871198315009,1337.4659230102773,1346.044921875,2126200
2017-05-17,1328.029349886568,1335.7504507580015,1293.71334601353,1311.729248046875,3439900
2017-05-18,1270.5501188872963,1282.5607209564537,1257.6816166703418,1276.555419921875,3132500
2017-05-19,1285.1341158598855,1316.8764137816584,1283.4183159722222,1312.5869140625,2580300
2017-05-22,1322.8818561771373,1333.1766566143135,1310.013355630667,1324.59765625,1442400
2017-05-23,1329.7448934967983,1341.755492534834,1324.5974939090688,1331.460693359375,2162200
2017-05-24,1342.6134845721608,1361.487284355284,1337.466084631309,1359.771484375,3306600
2017-05-25,1358.9136962890625,1365.776896775371,1345.1872953164457,1358.9136962890625,2136700
2017-05-26,1357.1978961674854,1367.492696896948,1351.1925957419655,1358.9136962890625,1358900
2017-05-29,1359.7715768996318,1366.6347772877689,1343.4714759778067,1346.903076171875,1081800
2017-05-30,1340.0398750160498,1358.9136760726137,1328.0292743436908,1357.1978759765625,1785600
2017-05-31,1352.9084069118028,1355.482107115186,1341.7557060304753,1349.476806640625,1036500
2017-06-01,1352.0502210803058,1357.1976203991396,1337.4659230102773,1346.044921875,1814100
2017-06-02,1361.4873040105851,1411.2455041571598,1360.629404008058,1392.3717041015625,3385300
2017-06-05,1386.3662708268148,1408.6716687485334,1369.2082724254929,1370.924072265625,1694000
2017-06-06,1415.5351589526638,1458.4301637694111,1392.3718563516202,1394.945556640625,4409900
2017-06-07,1389.7982301997567,1447.277539720364,1385.5087294892637,1432.6932373046875,2611500
2017-06-08,1445.5614725748699,1454.1404724121094,1419.8244730631511,1420.682373046875,2090400
2017-06-09,1429.2614030934344,1455.8563031509952,1418.1087030692959,1443.845703125,2661900
2017-06-12,1404.382508184923,1412.103609329495,1383.792905132731,1399.235107421875,2022200
2017-06-13,1433.5508829874504,1442.9877828754588,1417.2507831808905,1431.8350830078125,2045100
2017-06-14,1434.4088978486902,1434.4088978486902,1397.5191953322467,1400.0928955078125,1714300
2017-06-15,1432.6929624793156,1433.550862456848,1398.3769633780146,1409.5296630859375,2206400
2017-06-16,1423.2562658111517,1429.261566510777,1407.8140640121158,1426.6878662109375,2280300
2017-06-19,1412.9613829584898,1443.8457847717902,1409.529782757012,1440.4141845703125,2367200
2017-06-20,1467.0089721679688,1523.63037109375,1467.0089721679688,1513.3355712890625,4107600
2017-06-21,1515.9093305631834,1584.5413319469153,1515.9093305631834,1559.6622314453125,5126300
2017-06-22,1559.6624776136834,1585.3994821947674,1546.7939753231415,1549.36767578125,3043300
2017-06-23,1556.2307657990948,1560.5202662560932,1531.351663148503,1539.9306640625,2551700
2017-06-26,1538.2146608119344,1572.5306599376886,1528.777761052352,1563.95166015625,2089200
2017-06-27,1577.677988198445,1581.9674878944713,1557.9462895967245,1568.2410888671875,1646200
2017-06-28,1549.367525509196,1561.3781264821353,1520.1989231463428,1526.2042236328125,2404100
2017-06-29,1553.6569716352008,1569.0991723472018,1535.6410708045332,1563.0938720703125,3253400
2017-06-30,1516.7672732956157,1528.7778738760107,1495.3197722591958,1511.619873046875,3213200
2017-07-03,1502.183002694538,1524.488404219414,1499.6093025185908,1514.193603515625,1525000
2017-07-04,1527.062044592009,1528.7778446421123,1468.7248428884939,1478.1617431640625,2414000
2017-07-05,1464.4354216531303,1498.7514245038187,1462.719621510596,1495.31982421875,1575600
2017-07-06,1494.4618628334495,1509.9040634827045,1485.8828624727523,1500.4671630859375,1466500
2017-07-07,1479.0196019186253,1509.0461019575766,1475.588001914174,1505.614501953125,2206200
2017-07-10,1535.6411203635998,1571.6729231877737,1525.346319556693,1567.3834228515625,2892200
2017-07-11,1571.6728616850792,1583.6834621564717,1564.809661415712,1572.53076171875,1850900
2017-07-12,1569.0991531066215,1569.9570531356574,1538.2147520613298,1540.7884521484375,1572300
2017-07-13,1561.378196911499,1571.6729982098163,1532.2095932329323,1542.50439453125,1791600
2017-07-14,1541.6462707519531,1555.3726704915366,1522.7724711100261,1544.219970703125,1772800
2017-07-17,1544.219970703125,1544.219970703125,1544.219970703125,1544.219970703125,0
2017-07-18,1587.1150913033434,1601.699392142347,1563.951789970808,1595.694091796875,2799800
2017-07-19,1594.836243235737,1603.4152440062358,1579.394041848839,1589.6888427734375,1455100
2017-07-20,1589.6889629456057,1614.5680670607824,1582.8257618103844,1599.9837646484375,1712800
2017-07-21,1587.1150404486225,1609.4204410170896,1587.1150404486225,1601.6993408203125,1234900
2017-07-24,1581.967792096256,1593.9783935546875,1574.246691158693,1593.9783935546875,1127800
2017-07-25,1591.4045105639595,1601.699310632298,1587.9729105411802,1588.830810546875,916700
2017-07-26,1620.5729873104137,1645.4520855803987,1605.9886883245604,1609.4202880859375,2515300
2017-07-27,1610.2784912367179,1637.7312944970136,1604.2731905235282,1624.86279296875,1673400
2017-07-28,1617.9994635033074,1626.5784638400164,1568.2412615503956,1572.53076171875,1906500
2017-07-31,1573.3887910545193,1600.841594388077,1573.3887910545193,1593.9783935546875,1526800
2017-08-01,1576.8204262093323,1576.8204262093323,1490.1725137788956,1503.041015625,4811100
2017-08-02,1527.9200394068864,1576.820343868533,1527.062139328612,1569.0992431640625,2337700
2017-08-03,1559.66231036212,1593.9783127903295,1537.3569087837839,1587.1151123046875,2083000
2017-08-04,1568.241180572425,1581.1096804130084,1539.9304809231417,1545.077880859375,1718800
2017-08-07,1544.2199001616675,1564.80949883049,1525.346101381914,1558.80419921875,2759800
2017-08-08,1497.8933096962107,1513.3355087652437,1468.7247114547038,1477.3037109375,5500800
2017-08-09,1468.7248564713227,1473.0143566362506,1397.519153733519,1417.2508544921875,4919000
2017-08-10,1426.6879300288515,1431.8353308587812,1402.6667261558462,1411.2457275390625,2183400
2017-08-11,1411.2457275390625,1411.2457275390625,1411.2457275390625,1411.2457275390625,0
2017-08-14,1391.5137434360242,1420.6823422503428,1376.929444028865,1407.8138427734375,2381500
2017-08-15,1429.2612190961984,1444.7034171416553,1411.2453213764984,1418.1085205078125,1889400
2017-08-16,1407.8138134590615,1448.1351109804361,1407.8138134590615,1436.12451171875,1631100
2017-08-17,1436.124775961646,1450.7090777485923,1425.8299747002723,1437.840576171875,1807500
2017-08-18,1413.8194480020493,1419.8247490554559,1395.8035448418289,1412.9615478515625,1621100
2017-08-21,1412.9613752283801,1416.392975411084,1398.377074451888,1408.671875,1598600
2017-08-22,1402.6668103914863,1443.846019503897,1400.9510100118025,1439.5565185546875,1948800
2017-08-23,1455.8563862911012,1462.7195866978948,1424.1140844096806,1430.119384765625,1753200
2017-08-24,1415.5349731445312,1424.9718729654949,1411.2454732259116,1420.682373046875,1138800
2017-08-25,1424.1142498078893,1429.2616507108094,1406.0983466476691,1412.9615478515625,1728700
2017-08-28,1415.5350965612074,1421.5403969708611,1394.9454951566809,1400.0928955078125,1659000
2017-08-29,1390.6557206511866,1400.9505193234963,1381.2188218682359,1387.22412109375,1385300
2017-08-30,1401.8084819082092,1407.813781402308,1376.0714840763571,1402.6663818359375,2016400
2017-08-31,1414.6772648116873,1442.1300680099735,1411.2456644119015,1426.6878662109375,1818800
2017-09-01,1433.5509438403685,1451.5668443913246,1426.6877436304803,1436.9825439453125,1724600
2017-09-04,1422.398254690101,1427.5456548880147,1405.2402540303895,1417.2508544921875,1129300
2017-09-05,1422.398410855591,1422.398410855591,1384.6508052599058,1399.235107421875,1119000
2017-09-06,1377.7874529748506,1418.1087545251733,1370.0663526779804,1417.2508544921875,1937800
2017-09-07,1422.398254101093,1439.5562547536997,1407.8139535463774,1427.545654296875,1813100
2017-09-08,1394.9453028059618,1421.540200952939,1394.0874028657367,1404.3822021484375,2852300
2017-09-11,1424.114051340904,1479.0196533203125,1421.5403512481194,1479.0196533203125,2387700
2017-09-12,1494.461895566998,1503.8987961704636,1456.714293153136,1472.156494140625,1867000
2017-09-13,1487.5986130868523,1487.5986130868523,1450.7089127623224,1465.293212890625,1634400
2017-09-14,1467.867056659029,1478.161857757748,1450.7090548278304,1456.71435546875,1350300
2017-09-15,1455.8563930982752,1472.156494140625,1446.4194924948097,1472.156494140625,1217500
2017-09-18,1472.156494140625,1472.156494140625,1472.156494140625,1472.156494140625,0
2017-09-19,1492.7461139315442,1503.040914717279,1479.8776129493758,1494.4619140625,1830100
2017-09-20,1493.6040729175916,1515.0515754006126,1477.3039710304954,1509.9041748046875,1829800
2017-09-21,1514.193512738164,1515.909312752598,1458.4300122690531,1485.8828125,3740200
2017-09-22,1487.598602347812,1491.8881023545819,1456.7142022990686,1485.02490234375,2255900
2017-09-25,1493.6040872678896,1497.0356876981432,1473.8723847939311,1479.877685546875,1434600
2017-09-26,1461.8616997213926,1464.4353998969584,1396.6612952737248,1400.0928955078125,3993900
2017-09-27,1434.620380520167,1439.7995154678931,1407.8615166235813,1416.493408203125,1654800
2017-09-28,1416.493444410421,1432.8940388307733,1406.1351742501986,1425.988525390625,2414000
2017-09-29,1425.1255547050957,1443.2525302646397,1418.220040206222,1437.210205078125,1926900
2017-10-02,1440.662999821389,1454.474029178574,1438.0734318169166,1453.61083984375,1437000
2017-10-03,1461.3795226015077,1477.7801197246197,1451.884440056548,1475.1905517578125,1840000
2017-10-04,1488.138238132767,1491.5909950657895,1462.2425611350968,1476.0535888671875,1287900
2017-10-05,1480.3695029743108,1481.2326921888732,1455.3370157520046,1473.4639892578125,1061500
2017-10-06,1476.9167239726835,1488.13818359375,1469.1480211580988,1488.13818359375,1765100
2017-10-09,1488.13818359375,1488.13818359375,1488.13818359375,1488.13818359375,0
2017-10-10,1496.770065592909,1529.571255034968,1489.001362830316,1523.5289306640625,2203200
2017-10-11,1524.3919426716548,1542.5189136773768,1517.4864299075703,1532.16064453125,1739900
2017-10-12,1536.4765001603805,1545.1083906107197,1531.297365890177,1534.7501220703125,1290200
2017-10-13,1535.6136793143019,1541.6560040783265,1506.2652447461815,1538.2032470703125,2596600
2017-10-16,1536.4766477905066,1539.9294043023954,1517.4864869751184,1526.9815673828125,1858700
2017-10-17,1540.7926603835108,1551.1509303692822,1520.9393095774487,1535.613525390625,2204600
2017-10-18,1532.1610347674025,1535.6137920288502,1501.9494087297353,1517.48681640625,1982100
2017-10-19,1523.5288385577212,1543.3821888618727,1513.1705688338159,1522.6656494140625,1708000
2017-10-20,1501.949109966252,1530.4343517069913,1495.043596816982,1522.6656494140625,2080700
2017-10-23,1548.5611971069134,1569.277734860852,1544.2452517415095,1561.509033203125,3618900
2017-10-24,1550.2880017325242,1570.1413558749784,1535.6137834533188,1566.6885986328125,1141900
2017-10-25,1574.4570247826987,1589.994429632528,1559.7828090911933,1564.0987548828125,2211400
2017-10-26,1559.7829085944975,1585.678584996177,1557.1933409543296,1578.7730712890625,1502700
2017-10-27,1615.0268417197778,1646.1016500051398,1615.0268417197778,1640.059326171875,4428700
2017-10-30,1661.6391559535161,1684.9452635954617,1653.0072642342773,1654.733642578125,3145500
2017-10-31,1646.101742114183,1693.5771463177907,1646.101742114183,1690.1243896484375,2493500
2017-11-01,1655.597126989771,1703.9357292376474,1648.6916123829315,1702.2093505859375,3223500
2017-11-02,1706.5250642275762,1723.7888483876932,1697.0299829395117,1722.9256591796875,2648000
2017-11-03,1722.9256591796875,1722.9256591796875,1722.9256591796875,1722.9256591796875,0
2017-11-06,1734.1473023807753,1748.821520469612,1718.609894992595,1721.199462890625,2234000
2017-11-07,1717.7465335906497,1751.410912892175,1713.4305875263517,1740.189453125,2562800
2017-11-08,1743.6425203971673,1758.3167396282327,1733.2842479987685,1752.2744140625,3013400
2017-11-09,1769.5380812655253,1853.2674441351623,1709.1148297101172,1759.1798095703125,6245800
2017-11-10,1722.062322526204,1738.4629160740726,1693.5770811009586,1730.6942138671875,3811600
2017-11-13,1739.3262958819448,1740.1894851106704,1686.6717529296875,1686.6717529296875,1921600
2017-11-14,1691.8509468846253,1699.6196502121568,1681.49267578125,1681.49267578125,1849000
2017-11-15,1663.3655603436803,1670.2710738272037,1622.7956686279808,1646.9649658203125,3481300
2017-11-16,1629.7014001623377,1667.6817294034092,1625.3854536576705,1661.639404296875,2356800
2017-11-17,1694.4404656883307,1708.2514934270027,1641.7859224346435,1647.8282470703125,3444700
2017-11-20,1640.922750464906,1653.8705891061336,1618.479830153445,1622.7957763671875,2964000
2017-11-21,1650.4179594395525,1659.0498525328555,1626.248658778304,1629.701416015625,2558700
2017-11-22,1648.691594684942,1669.4081382830773,1637.4701335692853,1660.7762451171875,2963100
2017-11-23,1660.7762451171875,1660.7762451171875,1660.7762451171875,1660.7762451171875,0
2017-11-24,1661.6393372252749,1665.9552835557301,1634.017280710361,1649.5546875,2035800
2017-11-27,1664.228581419927,1671.1340942059019,1620.2059374093376,1627.1114501953125,2015200
2017-11-28,1614.1637520738827,1614.1637520738827,1590.857644423618,1605.5318603515625,1847200
2017-11-29,1639.1965287395049,1654.7339365948555,1621.0695529082623,1628.8382568359375,2830500
2017-11-30,1625.3852197447818,1631.4275439817513,1587.4048959695454,1619.3428955078125,2651100
2017-12-01,1640.059718064802,1660.7762618719364,1618.4799849323704,1628.8382568359375,2433200
2017-12-04,1630.5642295250525,1641.785687960111,1608.9845017653245,1615.8900146484375,1376900
2017-12-05,1596.8999559323513,1600.3527125938265,1549.424551837065,1584.8153076171875,3220300
2017-12-06,1563.235697255677,1568.4148326413942,1511.4443433985039,1525.25537109375,3898200
2017-12-07,1537.339984172569,1544.2454978577912,1500.2228481145003,1515.76025390625,4328500
2017-12-08,1532.1609436416409,1537.3400792257817,1485.548723384374,1520.0762939453125,4702800
2017-12-11,1536.4765001603805,1537.3396892054143,1522.6654754398376,1534.7501220703125,2104400
2017-12-12,1533.887261523216,1540.792775362375,1516.6234769253183,1521.8026123046875,2070500
2017-12-13,1521.8024637561498,1525.2552203386936,1461.3792235616345,1480.369384765625,3568200
2017-12-14,1474.3272029151601,1489.864609034875,1457.9266075665723,1462.2425537109375,1922800
2017-12-15,1463.105588582477,1475.190236511772,1448.4313732397618,1459.65283203125,3272400
2017-12-18,1493.3173527709325,1505.4020018685007,1481.2327036733643,1494.1805419921875,2762900
2017-12-19,1500.2228344104908,1505.4019696270977,1489.8645639772767,1491.5909423828125,2065300
2017-12-20,1489.0013211903972,1505.4019154527841,1483.8221861601698,1503.675537109375,1421500
2017-12-21,1503.6755991244536,1507.1283559536714,1491.5909502221905,1505.4019775390625,1784000
2017-12-22,1512.3072808841378,1520.939171756764,1502.8122009242486,1511.444091796875,1810100
2017-12-25,1514.8969963415345,1516.6233746849437,1491.590888705511,1503.675537109375,1559400
2017-12-26,1499.3596471914243,1509.7179176383427,1489.001376744506,1495.043701171875,1251200
2017-12-27,1483.8222117393746,1502.8123738442414,1482.0958333662047,1495.9068603515625,1125800
2017-12-28,1505.4019154527841,1525.2552664019895,1497.633212907443,1503.675537109375,2431700
2017-12-29,1507.1283617997224,1533.0240381193053,1504.538794167764,1515.76025390625,2043000
2018-01-01,1515.76025390625,1515.76025390625,1515.76025390625,1515.76025390625,0
2018-01-02,1515.76025390625,1515.76025390625,1515.76025390625,1515.76025390625,0
2018-01-03,1515.76025390625,1515.76025390625,1515.76025390625,1515.76025390625,0
2018-01-04,1549.424577116901,1579.636198397732,1543.3822528607348,1577.046630859375,3674300
2018-01-05,1629.7011698016188,1640.059439948663,1589.1312783923624,1626.2484130859375,4608900
2018-01-08,1626.2484130859375,1626.2484130859375,1626.2484130859375,1626.2484130859375,0
2018-01-09,1652.1445335364367,1673.7242688229628,1645.2390182447484,1659.050048828125,3917100
2018-01-10,1651.2807847193667,1666.8181888620477,1636.6065696957237,1640.059326171875,2116800
2018-01-11,1607.2584279323974,1621.069456314201,1586.5418853596918,1617.61669921875,3809700
2018-01-12,1618.4796893932814,1627.974770237722,1576.183420177137,1591.7208251953125,2775000
2018-01-15,1605.531851878135,1613.300554387223,1577.9097985124897,1591.7208251953125,2142400
2018-01-16,1591.7210193328042,1615.0271297026445,1586.5418836950619,1614.1639404296875,1832700
2018-01-17,1602.0791752457494,1629.7012299913656,1596.9000399809463,1624.5220947265625,2582200
2018-01-18,1662.502421988915,1689.261287555715,1619.3429613973026,1627.974853515625,4358300
2018-01-19,1649.55469771984,1673.7239973201308,1636.6068586482559,1670.271240234375,3519400
2018-01-22,1667.6816690046055,1668.5448582742765,1638.3332338357875,1663.36572265625,2083800
2018-01-23,1674.5872233072917,1690.1246305338543,1665.9553304036458,1683.2191162109375,2420300
2018-01-24,1684.945484894211,1697.8933241736233,1658.1866170500916,1662.5025634765625,2758400
2018-01-25,1640.0592866690151,1640.0592866690151,1614.1636137216096,1627.1114501953125,2987500
2018-01-26,1594.3101320371522,1608.9843454884958,1557.1930038955186,1571.0040283203125,5510400
2018-01-29,1583.9523848436424,1583.9523848436424,1542.5192979376507,1566.6885986328125,2706600
2018-01-30,1536.4767766199643,1545.108668623447,1520.9393710136949,1537.3399658203125,3337300
2018-01-31,1552.0141800806753,1615.0269916189898,1547.6982340849004,1586.541748046875,5577500
2018-02-01,1599.489806370501,1617.616782049821,1562.3726656937974,1597.763427734375,2970900
2018-02-02,1577.9097435548981,1609.8477416465455,1573.5937978668378,1600.3526611328125,2382300
2018-02-05,1560.6459683535577,1573.5938054803848,1552.014076935673,1564.9619140625,2706100
2018-02-06,1489.0015315296598,1506.2653174024674,1443.2524989667195,1501.086181640625,7494300
2018-02-07,1577.0466167042641,1577.0466167042641,1495.0436453923292,1503.675537109375,4666300
2018-02-08,1572.7303845023682,1579.6358966187343,1526.1181777168974,1543.3819580078125,6318000
2018-02-09,1508.8545389524647,1533.0238336267605,1482.9588660871477,1532.16064453125,4438800
2018-02-12,1532.16064453125,1532.16064453125,1532.16064453125,1532.16064453125,0
2018-02-13,1564.0988087892797,1605.5318898168102,1546.8350250278086,1552.01416015625,4989500
2018-02-14,1560.6461639920378,1581.362705991932,1499.3597272423503,1531.2977294921875,4018900
2018-02-15,1541.6558303493923,1580.4993423122828,1530.4343713378905,1553.740478515625,2738000
2018-02-16,1569.277734860852,1583.0887600301444,1542.518873595348,1561.509033203125,1966100
2018-02-19,1571.004451182666,1579.6363437715816,1542.5192056392439,1562.37255859375,2184900
2018-02-20,1561.5091325017002,1562.3723216296723,1516.6232978471462,1526.9815673828125,2855900
2018-02-21,1532.160834562452,1563.2356458549862,1527.8448885496,1544.2454833984375,2669700
2018-02-22,1538.2030562318828,1541.6558128115278,1501.0859230006981,1526.118408203125,2146100
2018-02-23,1533.0239683938994,1558.9196435356882,1526.9816441941487,1552.8773193359375,2418600
2018-02-26,1579.636083108177,1607.2581348346587,1573.593759293009,1587.40478515625,2794200
2018-02-27,1613.3006704000966,1654.7337534280284,1612.4374811703478,1634.0172119140625,4061000
2018-02-28,1629.7012657653195,1671.997538023,1628.838076535571,1634.0172119140625,2979200
2018-03-01,1629.7010887414608,1646.101682325194,1617.6164408376576,1642.64892578125,3183500
2018-03-02,1596.9002384163123,1617.616782049821,1583.0892093273062,1597.763427734375,3034700
2018-03-05,1582.2257554308117,1587.4048904731383,1557.193269392899,1559.7828369140625,3021500
2018-03-06,1589.1314149100826,1627.9749312984334,1586.5418471508592,1601.216064453125,2403300
2018-03-07,1586.541570886389,1612.4372439694096,1571.0041670365767,1595.1734619140625,2282500
2018-03-08,1608.9844247274511,1633.1537186611254,1586.5415089318967,1593.447021484375,2739500
2018-03-09,1608.9848648496052,1643.5124370566782,1602.9425397133673,1612.4376220703125,3158000
2018-03-12,1640.0595365223026,1658.1865103470227,1626.2485088463252,1634.0172119140625,2235500
2018-03-13,1626.2485180549202,1653.870573563284,1614.163868770011,1651.281005859375,1732800
2018-03-14,1628.838101066427,1637.469993493912,1610.7111269687084,1622.7957763671875,1735000
2018-03-15,1617.6167309557306,1625.385434572914,1599.4897558489695,1620.206298828125,1410000
2018-03-16,1640.0596877275889,1677.1768280287922,1627.1118480876341,1629.701416015625,2945200
2018-03-19,1611.5743300903123,1620.206222592135,1583.089084834297,1590.8577880859375,2310600
2018-03-20,1579.6360737794844,1579.6360737794844,1558.0563459956115,1573.59375,1699200
2018-03-21,1573.59375,1573.59375,1573.59375,1573.59375,0
2018-03-22,1579.6360737794844,1584.815208447614,1564.961858886451,1573.59375,2395500
2018-03-23,1533.0240569486568,1533.8872461699116,1487.2750282221484,1494.1805419921875,4434400
2018-03-26,1474.3272756177325,1485.548736146439,1432.894190588663,1484.685546875,3008500
2018-03-27,1511.4442181698364,1528.7080013585266,1504.5387048943603,1518.3497314453125,2622900
2018-03-28,1483.624835957087,1516.6135684125402,1482.7567114187857,1514.8773193359375,1835800
2018-03-29,1541.7891623757102,1547.866034074263,1508.8004302978516,1527.899169921875,2576900
2018-03-30,1556.5472703913617,1571.3053872885469,1554.811021344634,1565.228515625,1609500
2018-04-02,1565.2284883646346,1608.6347137768541,1562.6241148399015,1586.0634765625,2197500
2018-04-03,1554.810994265702,1590.4040991037218,1550.47037172448,1586.0634765625,2292900
2018-04-04,1602.5577343749999,1606.0302321742959,1534.8440272887324,1540.9208984375,2366200
2018-04-05,1589.5357269120345,1599.9532193877005,1571.305115079619,1588.6676025390625,2884700
2018-04-06,1588.6679221836682,1598.217292207723,1578.2504276119719,1593.008544921875,2115600
2018-04-09,1579.9867904140922,1601.6899056670331,1571.3055443129158,1598.2174072265625,1360100
2018-04-10,1587.8001382233836,1614.7120049729324,1574.7782672155374,1608.6351318359375,1153000
2018-04-11,1621.6563839167986,1678.952594483452,1620.7882595142735,1645.9638671875,3775100
2018-04-12,1638.1510727371578,1661.5904362580393,1629.4698269886833,1645.0960693359375,1511000
2018-04-13,1658.1177549481893,1686.7658627561946,1653.7771325530368,1659.85400390625,2220600
2018-04-16,1671.1395954696552,1675.4802177955503,1645.963985979463,1648.568359375,1213700
2018-04-17,1657.249573949407,1680.6889340838406,1634.6783382643966,1639.8870849609375,1586500
2018-04-18,1653.7771719709715,1679.8209069626405,1649.43654947236,1660.72216796875,1795500
2018-04-19,1675.4802180518789,1700.6558275459226,1672.0077201906315,1680.68896484375,2939800
2018-04-20,1670.271649506536,1681.5572687599586,1639.019165420135,1668.535400390625,2390000
2018-04-23,1662.4583409467332,1667.6670877068798,1644.227727286221,1656.3814697265625,2325100
2018-04-24,1663.3265860981683,1693.7109444037194,1659.8540880061055,1688.502197265625,2400000
2018-04-25,1678.0846112741544,1678.952735749723,1654.6452504338015,1665.062744140625,2046900
2018-04-26,1678.0848206945022,1697.1835615404823,1678.0848206945022,1691.106689453125,2253400
2018-04-27,1704.1284750267566,1712.8097204420737,1670.2716179070196,1691.9747314453125,2046400
2018-04-30,1691.9747314453125,1691.9747314453125,1691.9747314453125,1691.9747314453125,0
2018-05-01,1672.8758446559434,1687.633960566245,1665.9308489334485,1680.68896484375,1315400
2018-05-02,1695.4470151284936,1711.073254899263,1691.974517401656,1700.65576171875,1987900
2018-05-03,1700.65576171875,1700.65576171875,1700.65576171875,1700.65576171875,0
2018-05-04,1700.65576171875,1700.65576171875,1700.65576171875,1700.65576171875,0
2018-05-07,1718.8865555711761,1733.6446724624439,1671.13970680531,1688.502197265625,2217500
2018-05-08,1684.1614985912208,1718.0183534598073,1676.3483782369317,1716.2821044921875,2234200
2018-05-09,1717.150299525884,1718.8865485648384,1679.820945188365,1693.7109375,2251100
2018-05-10,1710.2052746994596,1757.083997965333,1709.337150194536,1746.66650390625,3827500
2018-05-11,1963.6976831609552,2038.3563926003194,1920.2914567427201,1986.2689208984375,8475200
2018-05-14,1986.2685599662163,2099.9928525167297,1980.191689371914,2087.839111328125,5835700
2018-05-15,2087.83980514871,2156.4216532180444,2085.235431171394,2113.883544921875,4584900
2018-05-16,2100.8614537811595,2123.432692540792,2080.894588724562,2098.257080078125,3118900
2018-05-17,2109.542699457941,2120.8283188377573,2087.839585265987,2098.257080078125,2121400
2018-05-18,2138.190852495996,2190.2783275872503,2133.850229571725,2185.069580078125,3484600
2018-05-21,2201.563818378471,2232.8163016046637,2185.069452231314,2219.79443359375,2088100
2018-05-22,2132.982289000707,2205.904760419535,2128.641665701967,2167.707275390625,2856800
2018-05-23,2149.476127691597,2188.541727750612,2143.3992565713056,2172.04736328125,2850100
2018-05-24,2139.0586050724637,2145.1354761096013,2080.8942680027176,2096.5205078125,2623600
2018-05-25,2101.7298466435186,2132.9823350694446,2086.9717271090535,2109.54296875,1497600
2018-05-28,2109.542150085474,2153.816491507021,2109.542150085474,2150.343994140625,1357500
2018-05-29,2126.9050031496845,2133.8499990783366,2101.729392908321,2115.619384765625,1234500
2018-05-30,2079.1581827883792,2119.9600343921597,2073.0813112729224,2094.784423828125,2403900
2018-05-31,2115.6192467644396,2138.190482060244,2087.839264861911,2128.64111328125,2050600
2018-06-01,2158.1575025475545,2221.5305909168105,2154.6850045547185,2196.35498046875,3154800
2018-06-04,2238.8933574021466,2246.70647885101,2199.827750157828,2234.552734375,2097900
2018-06-05,2256.2557266328963,2264.06884765625,2238.893235469888,2264.06884765625,2051000
2018-06-06,2275.354162388393,2298.7935223214286,2254.51917578125,2278.82666015625,1639200
2018-06-07,2300.5296048620694,2306.606475516422,2241.4971470769297,2280.562744140625,2076000
2018-06-08,2281.4311127533783,2303.134224556588,2175.5199271537163,2216.32177734375,3634900
2018-06-11,2198.091811804807,2222.3993041944336,2178.124943056185,2214.586181640625,1971800
2018-06-12,2244.97035517655,2244.97035517655,2200.6959978238806,2205.03662109375,1222400
2018-06-13,2217.189740806628,2242.3653486701332,2176.387893579568,2180.728515625,1722300
2018-06-14,2180.728493611543,2271.881555645465,2171.1791252079893,2233.68408203125,2419000
2018-06-15,2448.1109987223167,2580.934042270017,2343.9360626064736,2547.9453125,9103400
2018-06-18,2634.7580927945614,2656.4612072327373,2562.703752859817,2608.71435546875,4844700
2018-06-19,2578.330272918052,2652.1208699544272,2424.6722061481883,2448.111572265625,5029500
2018-06-20,2465.4736675656136,2468.9461656889457,2352.6174785573285,2439.429931640625,5401300
2018-06-21,2475.8911036222075,2556.626683088149,2443.770496737908,2545.341064453125,3649700
2018-06-22,2500.1986033818494,2544.4729536500695,2463.7373737491976,2534.923583984375,2612100
2018-06-25,2545.3407975622613,2589.615142949599,2482.835839368372,2496.725830078125,2950200
2018-06-26,2474.1547827429986,2647.779679777595,2458.528542009885,2634.7578125,4922300
2018-06-27,2604.373984761757,2725.9114373839725,2580.066494237314,2630.417724609375,3371300
2018-06-28,2613.0547003706756,2652.1203022034597,2524.506002883031,2634.7578125,2948500
2018-06-29,2626.0767410105764,2686.845458984375,2587.011136598849,2686.845458984375,2178100
2018-07-02,2686.8450150240383,2934.2604687499997,2686.8450150240383,2821.404296875,4813900
2018-07-03,2804.042179987981,2895.1952539504387,2773.657822000495,2877.832763671875,2810300
2018-07-04,2834.426535728193,2843.107780860592,2669.482878212617,2786.6796875,2711600
2018-07-05,2665.141754546723,2743.2729460480923,2630.416780546114,2673.822998046875,2977900
2018-07-06,2639.0984968354433,2760.6359276107596,2639.0984968354433,2743.2734375,2718900
2018-07-09,2864.810808810131,2982.0076146250913,2864.810808810131,2977.6669921875,4332000
2018-07-10,2990.6888261916324,3060.1387844195947,2951.6232246884033,3003.710693359375,3117800
2018-07-11,2942.9415751881843,2990.688414903627,2890.854113680429,2973.325927734375,2119100
2018-07-12,3029.7544614385934,3029.7544614385934,2903.8764107484512,2977.6669921875,1868100
2018-07-13,3038.4356257891413,3099.2043383049245,2947.2825570154673,3008.05126953125,2238400
2018-07-16,3008.05126953125,3008.05126953125,3008.05126953125,3008.05126953125,0
2018-07-17,3012.392232684235,3042.7765923798975,2795.361092000933,2908.21728515625,3258000
2018-07-18,2995.0292509440574,3073.160448794772,2964.6448962243353,2999.369873046875,3397400
2018-07-19,2968.9858637653097,3086.1826741770983,2964.645241157466,3012.39208984375,1980600
2018-07-20,3103.5445815037638,3177.335151973084,2960.304062357436,2973.325927734375,4426200
2018-07-23,2929.920560535335,2951.62367579856,2856.129968640371,2938.601806640625,2835900
2018-07-24,2995.0292037705244,3099.204132597325,2942.941739357124,3073.160400390625,2804100
2018-07-25,3155.632568359375,3207.720038538622,3081.8419856054416,3155.632568359375,1939400
2018-07-26,3138.2703103358726,3172.9952930228533,3090.523459141274,3133.9296875,1566100
2018-07-27,3151.29233007273,3181.676691381971,3129.5892148518433,3142.611083984375,1081400
2018-07-30,3120.90777686479,3142.610890751193,2925.5797518871605,2955.964111328125,2876100
2018-07-31,2955.963874897204,2982.007609477796,2838.7670692845395,2886.513916015625,3475500
2018-08-01,2908.217133847539,3008.0514533676787,2851.7890402057214,2899.535888671875,2277100
2018-08-02,2899.5358765200795,2982.007705343255,2851.78902825403,2877.832763671875,2998700
2018-08-03,2921.238694891872,2960.3042940806195,2869.151229306876,2882.173095703125,1673000
2018-08-06,2830.0859131619936,2903.876496787383,2738.9328392718066,2786.6796875,2497900
2018-08-07,2647.7796774917506,2799.7014622658676,2617.3953205369276,2795.36083984375,5282900
2018-08-08,2786.6798849387633,2877.8329652872276,2756.2955248226085,2791.0205078125,2119900
2018-08-09,2791.0202510439117,2825.7452308391703,2747.6140262998383,2769.317138671875,1907800
2018-08-10,2773.6580061609125,2773.6580061609125,2586.1430987021463,2592.219970703125,3481700
2018-08-13,2518.429052786486,2519.2971772445303,2436.8253537303226,2440.2978515625,5045700
2018-08-14,2501.0664728721395,2543.6045697727764,2460.2646248245896,2513.22021484375,3454400
2018-08-15,2501.066218378456,2542.73618661246,2488.0443533053294,2523.637451171875,1736700
2018-08-16,2480.231922396956,2567.9125048828128,2452.4519358667835,2517.561279296875,2467700
2018-08-17,2553.1541334054496,2589.6153621042013,2478.495427022291,2490.649169921875,1940700
2018-08-20,2495.858568758578,2572.2535440805796,2465.474203573691,2569.649169921875,2565300
2018-08-21,2536.6600336841384,2577.4618891198515,2505.407548669549,2566.17626953125,2928200
2018-08-22,2577.4617897435237,2678.1642375745273,2552.286177785773,2639.0986328125,2871200
2018-08-23,2669.482652007556,2686.8451408011015,2617.395185626921,2647.779541015625,1661900
2018-08-24,2678.1642135595466,2708.548572546446,2634.7579864354047,2686.845458984375,1766100
2018-08-27,2708.5483530405404,2890.8544921875,2660.8015070734796,2890.8544921875,4107300
2018-08-28,2934.26051647968,2973.3261150718654,2799.7012324399316,2817.063720703125,3188800
2018-08-29,2799.7013377558233,2873.491915650163,2786.679471068587,2830.085693359375,1447200
2018-08-30,2864.8105782325115,2882.1730665854357,2812.7231131737385,2838.766845703125,2120900
2018-08-31,2786.6800535245707,2847.448777433206,2704.2082139342797,2843.108154296875,1836000
2018-09-03,2847.4482344980315,2864.8107237327754,2747.613921398253,2756.295166015625,1992300
2018-09-04,2773.6578660509704,2825.745337713899,2756.2953754966607,2782.339111328125,1423500
2018-09-05,2799.7012324399316,2847.4480751637134,2769.316877979343,2817.063720703125,1947500
2018-09-06,2795.3611306862363,2821.4048679286548,2764.9767705700815,2791.0205078125,1826300
2018-09-07,2708.5484324758845,2721.570299939711,2621.7359827170417,2699.8671875,2389600
2018-09-10,2678.163969229118,2682.5045915455344,2587.87902504765,2590.4833984375,2584200
2018-09-11,2608.714439315025,2613.055062342172,2435.957642834596,2492.3857421875,5806400
2018-09-12,2464.6046698686346,2486.3077754504293,2316.155427689157,2324.836669921875,5991300
2018-09-13,2284.903396647574,2338.727108878634,2246.705923451338,2254.51904296875,4631500
2018-09-14,2295.3214134309246,2378.6613739790973,2280.5632954171856,2351.74951171875,4964200
2018-09-17,2351.74951171875,2351.74951171875,2351.74951171875,2351.74951171875,0
2018-09-18,2343.9364150900074,2389.9470187936263,2292.7170637973,2363.03515625,2828500
2018-09-19,2417.7266156533483,2468.9459586779617,2391.6828819120196,2440.2978515625,2840600
2018-09-20,2453.319455030488,2480.231310340447,2337.8589145071137,2349.14453125,2940800
2018-09-21,2392.5509255027423,2409.0452896480806,2338.7272109232176,2374.3203125,2748800
2018-09-24,2374.3203125,2374.3203125,2374.3203125,2374.3203125,0
2018-09-25,2374.3204116267634,2422.067257198782,2347.4085532134436,2392.551025390625,2967200
2018-09-26,2424.7889408188594,2474.452242876594,2410.8483648026536,2459.640380859375,2852800
2018-09-27,2443.95675849554,2443.95675849554,2302.8084537268132,2304.551025390625,3778700
2018-09-28,2342.888012198237,2345.5018701516005,2192.155536887603,2225.264404296875,8784800
2018-10-01,2240.076212909405,2313.264233867939,2239.204926945613,2265.343505859375,4081100
2018-10-02,2281.8981151886164,2298.4525497776135,2221.7793790496266,2231.363525390625,2913200
2018-10-03,2281.898523482443,2320.2351157058974,2225.264921334158,2233.977783203125,4728000
2018-10-04,2265.3434332163056,2294.0958690994357,2227.878137974651,2272.313720703125,3394700
2018-10-05,2239.204833113481,2265.3434109319264,2194.769250822124,2198.25439453125,3216600
2018-10-08,2198.25439453125,2198.25439453125,2198.25439453125,2198.25439453125,0
2018-10-09,2111.1256484099686,2152.9473698807396,2091.957359402532,2101.54150390625,4247400
2018-10-10,2128.551146065848,2158.174862384407,2075.4027138472575,2134.650146484375,3677800
2018-10-11,1960.3929299008876,2037.9373613503005,1935.9969289954543,2033.5809326171875,5514200
2018-10-12,2033.581954435023,2149.4630169628113,2006.5720827180196,2143.364013671875,5114000
2018-10-15,2122.45247608679,2206.9672093299832,2082.3733242395024,2132.03662109375,4489200
2018-10-16,2138.1351895419034,2140.7490467418324,2030.0957586115057,2108.511474609375,3518000
2018-10-17,2213.06627104554,2253.145423985735,2190.412836774995,2202.61083984375,4306200
2018-10-18,2174.729640347251,2182.5712135696567,2098.9277658639935,2107.640625,2648600
2018-10-19,2038.8090577184907,2105.8980737203387,2015.284337821739,2099.799072265625,2852600
2018-10-22,2047.5220173342823,2150.333761183408,2044.0368734749898,2142.4921875,2541000
2018-10-23,2125.0666482597217,2179.086382655828,2095.4429229457282,2096.314208984375,3336300
2018-10-24,2108.5126358019083,2113.740353080756,2020.5127282746384,2023.1265869140625,3646800
2018-10-25,1916.8291924055234,1924.670766374455,1854.9678866506179,1873.264892578125,5008700
2018-10-26,1901.1458738474591,1908.1161611942875,1757.3836973191223,1813.14599609375,5001100
2018-10-29,1812.274849420672,1842.7698589061158,1770.4531221263487,1776.5521240234375,3244400
2018-10-30,1742.571862010095,1856.7103189717561,1731.2451449070293,1834.056884765625,3779200
2018-10-31,1921.1852491712716,1989.1455436997792,1874.1358144976894,1985.660400390625,4545900
2018-11-01,2247.0465539082384,2287.1257091931466,2180.8288190896938,2225.264404296875,8028900
2018-11-02,2181.70007357198,2269.699956731233,2107.6407659627075,2257.501953125,5285600
2018-11-05,2237.4623036160365,2287.9968883550277,2215.6801550216437,2223.521728515625,2840600
2018-11-06,2184.313998927696,2247.9178768382353,2147.7199869791666,2221.779296875,2652300
2018-11-07,2203.4819958917024,2324.590733506944,2191.283993541966,2274.05615234375,4240500
2018-11-08,2357.6998061477802,2405.6205339150115,2319.3632239339954,2330.68994140625,4588500
2018-11-09,2339.402412624534,2342.8875558835653,2238.333258112636,2279.28369140625,3688700
2018-11-12,2148.591189201109,2176.472340074765,1996.987431325605,2025.7398681640625,9293500
2018-11-13,1923.7994242086038,1932.5122839196936,1833.185683213271,1878.4925537109375,6990400
2018-11-14,1908.9874088381873,1943.8388448735718,1853.2251111815722,1863.6805419921875,4385900
2018-11-15,1808.7895467042454,1831.4429803334895,1766.0965371722089,1773.9381103515625,4600700
2018-11-16,1794.8489891324862,1818.3737088929604,1712.9481129293533,1731.2451171875,4758300
2018-11-19,1727.7599263167688,1795.7202259903481,1726.8886404235177,1765.2252197265625,3250600
2018-11-20,1709.4628410699054,1778.2944233555947,1686.8094089252481,1755.6409912109375,3011200
2018-11-21,1712.0768214316263,1801.819270595727,1709.4629636889827,1790.4925537109375,3764300
2018-11-22,1805.3044744318183,1811.4034760346285,1744.3144584037163,1773.06689453125,2710900
2018-11-23,1773.06689453125,1773.06689453125,1773.06689453125,1773.06689453125,0
2018-11-26,1759.1264253362647,1786.1362912032405,1740.8294194263776,1768.7105712890625,2850200
2018-11-27,1784.3935570798628,1791.363844412206,1753.0272640843184,1778.2945556640625,3968200
2018-11-28,1804.4332636954505,1881.9777158774373,1800.9481197771588,1876.75,4009200
2018-11-29,1948.1955540917215,1954.2945562735829,1888.948104325068,1919.443115234375,4027600
2018-11-30,1924.6708008606267,1927.2846588971056,1841.8986297054616,1875.8787841796875,3559300
2018-12-03,1931.6409236333425,1990.017081451761,1913.3439189439875,1926.4132080078125,3997200
2018-12-04,1953.4231274801587,1984.7894221230158,1919.4429749503968,1921.185546875,4074000
2018-12-05,1851.4824302468285,1906.3734387670875,1833.1854274067423,1880.23486328125,2938900
2018-12-06,1880.2353157164557,1890.6907484266492,1733.8592577737475,1756.5126953125,4775700
2018-12-07,1778.2946678335188,1795.7203872635384,1731.2452253724653,1761.740234375,3446400
2018-12-10,1678.0965216918312,1714.690526837759,1639.7599448722879,1681.5816650390625,3889700
2018-12-11,1685.0668859394036,1697.2648882161106,1578.7700089566697,1609.2650146484375,5088300
2018-12-12,1611.8788713179295,1678.0965979234227,1588.3541526554516,1662.4134521484375,4710900
2018-12-13,1674.6113801778633,1696.3935261219042,1648.4728050450144,1675.482666015625,2616300
2018-12-14,1644.9876843733007,1662.4134013687806,1590.0966758375391,1602.294677734375,4211700
2018-12-17,1577.8987429414403,1628.4333244381844,1562.2155969596922,1601.4234619140625,4793800
2018-12-18,1556.9879877063297,1625.819577537779,1547.4038422867607,1590.9681396484375,4062800
2018-12-19,1580.5127417646254,1614.4928944265992,1564.829594382176,1593.58203125,2662100
2018-12-20,1558.7303769606954,1568.3145212572674,1447.2057887824008,1461.1463623046875,6370700
2018-12-21,1464.6316185735889,1526.4929183467743,1442.8494707661291,1485.54248046875,5602700
2018-12-24,1485.54248046875,1485.54248046875,1485.54248046875,1485.54248046875,0
2018-12-25,1380.988260266772,1417.5822709489198,1357.4635391139625,1388.829833984375,3276700
2018-12-26,1407.126852109156,1424.5525716399197,1359.2061233995564,1399.2852783203125,3071000
2018-12-27,1503.8394244300757,1518.6512843462467,1441.9781271331258,1455.918701171875,3057800
2018-12-28,1426.2952362284393,1457.6615334210012,1406.2556574665248,1425.4239501953125,3295800
2018-12-31,1425.4239501953125,1425.4239501953125,1425.4239501953125,1425.4239501953125,0
2019-01-04,1339.1663824148618,1339.1663824148618,1225.8992192958428,1286.0179443359375,6397500
2019-01-07,1337.4236525845636,1369.6612259693381,1315.641508405662,1342.6513671875,3628300
2019-01-08,1365.3049129982437,1439.3642094914476,1360.0771979516646,1426.294921875,4389000
2019-01-09,1371.404021202146,1377.5030225670857,1317.3842948269662,1362.691162109375,7343100
2019-01-10,1344.3939806797239,1368.7899829214816,1304.3148341396932,1314.770263671875,4917100
2019-01-11,1323.4833620488448,1365.3050877752073,1310.4140727593567,1326.968505859375,3819900
2019-01-15,1319.9980545043945,1414.9682115611463,1297.3446225459033,1407.9979248046875,5075500
2019-01-16,1382.7307800056092,1398.413926848773,1325.225908247342,1347.008056640625,5119600
2019-01-17,1367.0475437467217,1386.215833079053,1344.394110899421,1349.621826171875,2943900
2019-01-18,1357.463604736328,1362.691320800781,1332.1963104248046,1359.2061767578125,3832200
2019-01-21,1394.0573457544288,1445.4632103791232,1389.7009165489462,1426.294921875,3607900
2019-01-22,1410.6119170119534,1422.8099200003212,1367.047620624926,1377.5030517578125,3657700
2019-01-23,1357.4633886163886,1402.7702539617367,1336.5525276877663,1380.1168212890625,2636700
2019-01-24,1380.1170703125,1437.6219482421875,1374.889354137074,1437.6219482421875,3029200
2019-01-25,1498.6117333688774,1597.0670391076465,1495.1265898029033,1583.12646484375,8556100
2019-01-28,1583.1265349535165,1608.393826925807,1539.562238449567,1582.2552490234375,6276900
2019-01-29,1535.2053561587365,1544.7894985638138,1468.9876449963847,1543.918212890625,6168600
2019-01-30,1613.621444032976,1646.7303073554667,1565.7007208030548,1609.2650146484375,8980200
2019-01-31,1644.1164845057895,1681.5817780053915,1629.3046242850166,1658.9283447265625,5666700
2019-02-01,1719.9184519924754,1804.4331884885596,1716.4333082194412,1773.06689453125,10286100
2019-02-04,1771.3242256038993,1812.2746626936107,1745.185648738126,1800.07666015625,5744700
2019-02-05,1796.5915647788065,1800.07670845442,1756.5124125092502,1766.0965576171875,3258800
2019-02-06,1777.4232335918398,1791.3638079729524,1749.5420848296149,1781.7796630859375,2333000
2019-02-07,1786.1359163355908,1838.4130651063886,1773.0666291428913,1787.0072021484375,2929300
2019-02-08,1742.571836529356,1764.3539844859731,1704.2352561257103,1725.1461181640625,3754700
2019-02-12,1960.393235663406,2073.660400390625,1954.2942344857863,2073.660400390625,10682200
2019-02-13,2073.6606220815374,2260.987106849407,2072.7893361058727,2122.45263671875,15393900
2019-02-14,2091.0860377431704,2124.1949000074374,2068.4326056676196,2105.026611328125,5637400
2019-02-15,2125.0661897556074,2149.4621935740397,2087.6008981773,2092.82861328125,3973100
2019-02-18,2151.2048065390363,2161.6602369474886,2062.333648067193,2077.1455078125,3939800
2019-02-19,2085.858362396724,2112.86822423227,2069.3039309491305,2089.343505859375,3122900
2019-02-20,2107.6403046041246,2108.5115903852757,2035.3235847685967,2061.462158203125,4260800
2019-02-21,2051.0078361876417,2056.235553697041,1983.0475085654512,2020.5128173828125,6914800
2019-02-22,1981.3042024894326,2025.739784867164,1967.3636276258305,2016.1556396484375,4219700
2019-02-25,2038.8091802678002,2069.30418937437,2030.0963205230662,2052.749755859375,3149700
2019-02-26,2051.879031947725,2052.750318160866,1990.0177108146936,2023.1265869140625,2885100
2019-02-27,2012.6708119732664,2026.611389025895,1959.5223619601195,1980.4332275390625,4133000
2019-02-28,1964.749527255984,1970.848528005781,1881.9773742230268,1909.8585205078125,5719200
2019-03-01,1926.4130804907932,2018.769383761722,1925.5417946108787,1991.759521484375,4412400
2019-03-04,2066.689824138704,2152.075828677318,2065.8185383781056,2125.937255859375,7470000
2019-03-05,2073.6605378110967,2081.5021112734075,2010.9279501126098,2037.0665283203125,5981000
2019-03-06,2023.125784035497,2078.888079547242,2014.4129253617868,2077.1455078125,4140300
2019-03-07,2051.8779670470976,2057.976967373777,1932.5118177963745,1958.650390625,8548500
2019-03-08,1901.14572366992,1916.8288689614226,1849.7398585477727,1880.23486328125,7961400
2019-03-11,1879.364015344071,1895.0471642899186,1811.403703245398,1844.5125732421875,5063200
2019-03-12,1908.1161091842548,1928.1556847601623,1897.6606784489986,1900.2745361328125,3581200
2019-03-13,1871.5221129320776,1885.4626873300817,1792.235096043428,1822.7301025390625,4229600
2019-03-14,1860.1953705441078,1861.0666564319506,1776.551925311211,1795.72021484375,3512900
2019-03-15,1811.4031476104162,1835.7991495984352,1783.5220024812515,1804.432861328125,3097800
2019-03-18,1819.2449975222248,1826.2152848690532,1788.7499903798505,1813.14599609375,1978700
2019-03-19,1814.0172748656414,1861.9380001862996,1791.363841077694,1831.4429931640625,2445900
2019-03-20,1800.0766712276106,1863.6805419921875,1787.0073827143415,1863.6805419921875,3812900
2019-03-22,1905.5021853288602,1956.9080513253864,1880.234895262771,1888.94775390625,4505300
2019-03-25,1789.6210741051411,1837.541794200459,1780.9082159059924,1797.462646484375,3602200
2019-03-26,1839.284363219788,1879.3635108787696,1824.4725043023382,1868.9080810546875,3320700
2019-03-27,1901.3122680776676,1938.0949098368853,1885.5482787522883,1898.6849365234375,2604500
2019-03-28,1873.2869213238255,1880.2931370183512,1831.2496271566708,1869.7838134765625,2662700
2019-03-29,1876.7904708224476,1913.5731118744975,1854.896041624799,1906.56689453125,3826300
2019-04-01,1946.8524060074747,2004.6536920157937,1943.3492977645462,1985.3865966796875,3521400
2019-04-02,2020.4176073470837,2069.461121006137,1983.6349721027934,2001.1505126953125,4078600
2019-04-03,2037.0572515386275,2102.740524911541,2028.2994817555723,2092.231201171875,4626200
2019-04-04,2120.2564095934035,2211.3372301624718,2117.6290782308342,2133.39306640625,8792600
2019-04-05,2105.3685042311167,2181.5611248085324,2101.865395239052,2179.8095703125,4327300
2019-04-08,2202.579409530739,2227.976945465686,2129.889910130719,2143.90234375,3773000
2019-04-09,2152.6605548145326,2167.548768578506,2121.132572726118,2154.412109375,2338000
2019-04-10,2101.864891021055,2149.1568510690286,2086.100904338397,2142.150634765625,2469600
2019-04-11,2149.1571575166345,2169.3000322610856,2111.4987395161393,2155.28759765625,3358500
2019-04-12,2185.064263698738,2185.064263698738,2140.399623438764,2164.92138671875,4172200
2019-04-15,2208.7101055856674,2284.0269450306982,2205.206996774271,2282.275390625,6793100
2019-04-16,2256.8772649980237,2277.0201354267997,2220.9704090162936,2250.746826171875,3773500
2019-04-17,2284.9026852699667,2346.20708847767,2284.9026852699667,2316.4306640625,5634500
2019-04-18,2329.567058529859,2349.7099315923356,2298.914860391308,2302.41796875,3478400
2019-04-19,2354.9644841204013,2373.3558021443982,2330.442726755072,2371.604248046875,3726700
2019-04-22,2383.8650918298545,2387.3681999736164,2321.684922278084,2333.94580078125,4207100
2019-04-23,2321.685286334796,2330.4430580674807,2272.64176463176,2307.6728515625,3094800
2019-04-24,2328.691293013422,2383.8652499370196,2303.2937572866867,2335.697509765625,4106800
2019-04-25,2335.697588853433,2371.6044509242956,2320.8093777508802,2362.8466796875,2463100
2019-04-26,2322.5606944315223,2353.212890625,2261.2563020445664,2353.212890625,3455600
2019-05-07,2118.504666719362,2136.895984619778,1977.5045628161718,2012.53564453125,10605600
2019-05-08,1990.6411670842333,2005.529376428902,1920.5790054622628,1951.231201171875,6669100
2019-05-09,1939.846353239785,1970.4985529523774,1896.05749650751,1922.330810546875,4646700
2019-05-10,1929.3368903005107,1988.8897312176396,1900.436246914257,1934.591552734375,5063800
2019-05-13,1882.9207970426696,1922.33076721333,1860.1505920551767,1887.2996826171875,4394800
2019-05-14,2062.4550584258227,2072.088606469425,1953.8586986615753,1986.262451171875,15633600
2019-05-15,2014.2869414755219,2025.672041579514,1907.4421558842116,2024.7962646484375,7965400
2019-05-16,2014.2874458435,2014.2874458435,1814.6102555598836,1861.9022216796875,10071100
2019-05-17,1882.0449106237224,1900.4362289685796,1754.1814592737628,1767.318115234375,9325300
2019-05-20,1775.200413402296,1785.7097399739916,1699.0077957575006,1711.2686767578125,6664900
2019-05-21,1661.3491415120986,1756.8088444244966,1607.050961873854,1701.6348876953125,11679800
2019-05-22,1771.6968471156094,1797.0943797732232,1724.404889753156,1755.932861328125,10307300
2019-05-23,1693.7530720305358,1754.181697661408,1684.9953001999745,1724.4052734375,8163600
2019-05-24,1704.2621489838286,1769.069651052073,1673.609952059659,1753.3056640625,8873500
2019-05-27,1736.6659797760378,1775.2001719647144,1734.0386484904461,1744.5479736328125,4683000
2019-05-28,1753.305568419781,1783.957763671875,1743.6720213405515,1783.957763671875,5113400
2019-05-29,1741.0447593564265,1771.6969558239691,1699.8832383857264,1768.19384765625,7747300
2019-05-30,1776.951746288296,1825.9952641750108,1743.6722162937392,1784.833740234375,8861700
2019-05-31,1764.6907896603755,1791.8398787320737,1745.4236941901381,1748.051025390625,6603200
2019-06-03,1690.2496943249537,1738.4174317279965,1686.7465861501869,1713.0198974609375,5064300
2019-06-04,1706.8895733932634,1754.1815369454625,1703.3864649819893,1732.287109375,4274300
2019-06-05,1797.0945382567265,1812.858525434417,1757.6845703125,1757.6845703125,6529100
2019-06-06,1744.5478816970124,1765.5665308740847,1674.4857177734375,1674.4857177734375,6009200
2019-06-07,1676.2372295969292,1706.013648513489,1660.4732431116915,1665.7279052734375,4903900
2019-06-10,1706.8895111877887,1724.4050526058265,1677.9888678480263,1683.2435302734375,4813000
2019-06-11,1680.6163306411431,1723.5294104751276,1653.467239317602,1716.523193359375,4673900
2019-06-12,1694.6286501404356,1699.883312621491,1658.7217898532222,1661.34912109375,6191200
2019-06-13,1646.4609568805126,1647.3367339852364,1581.6534511309605,1588.65966796875,8225600
2019-06-14,1572.8956448162178,1576.3987531565656,1545.7465551785212,1560.634765625,8113400
2019-06-17,1536.9888133949555,1585.1565539856808,1495.827289617427,1572.0198974609375,7528000
2019-06-18,1582.5293080223453,1603.5479595954146,1543.9951134717182,1553.628662109375,5417600
2019-06-19,1620.187768763132,1649.9641926214815,1598.293339455522,1641.2064208984375,8612800
2019-06-20,1628.9453253630465,1675.361509365327,1582.5291413607663,1662.224853515625,9096700
2019-06-21,1642.0822877150315,1681.4922626201924,1626.3182977529673,1639.4549560546875,5699100
2019-06-24,1625.4423227886157,1655.218744650045,1611.4298889714723,1638.5789794921875,2965500
2019-06-25,1645.5851788214918,1662.224943801592,1620.1876427992336,1624.5665283203125,3864600
2019-06-26,1613.1814535229914,1702.5107196789877,1605.2994594504034,1671.8585205078125,6619000
2019-06-27,1706.0137962904448,1735.790217786274,1680.6162603087082,1732.287109375,6348400
2019-06-28,1737.5415445760598,1755.932861328125,1686.7464792608323,1755.932861328125,7726600
2019-07-01,1926.7098760190217,2015.1633748726222,1902.1881139605978,2014.28759765625,19508800
2019-07-02,1970.4983474310234,2004.6536521198277,1943.3492590886403,1966.9952392578125,9833500
2019-07-03,1923.206589892714,1935.4674697918479,1863.6537446683494,1886.4239501953125,9251600
2019-07-04,1888.1752411259793,1896.0572342475627,1833.8770662884049,1872.4112548828125,6328300
2019-07-05,1869.7839380713071,1909.1939039791332,1847.8895125669592,1905.6907958984375,4829400
2019-07-08,1909.1946505227509,1921.4555335995024,1887.300216457123,1903.064208984375,3939300
2019-07-09,1865.4051172670474,1884.67221237497,1811.9827171950803,1827.7467041015625,6512100
2019-07-10,1838.256160209856,1868.0325820522262,1827.7468348537254,1834.7530517578125,4185000
2019-07-11,1855.7716838332842,1875.038780126032,1830.374147811026,1856.6474609375,4278400
2019-07-12,1880.2933945074312,1886.4238340796494,1840.0076487471417,1867.15673828125,4050700
2019-07-16,1873.2872075434332,1916.2002852290939,1870.6598762565561,1878.5418701171875,4442400
2019-07-17,1847.8897985612384,1859.2749015855493,1825.9953696683326,1833.0015869140625,4086700
2019-07-18,1800.5977103424827,1810.2312584036536,1762.0635180977993,1770.8212890625,5126600
2019-07-19,1786.5850276793128,1868.9080632684577,1784.8334737306077,1845.2620849609375,6275300
2019-07-22,1841.759073425742,1922.330559281742,1831.2497491836548,1905.6907958984375,5683400
2019-07-23,1938.970521087441,1967.8711657106958,1927.5854186600984,1952.107177734375,7242600
2019-07-24,1970.4986105159837,2079.9707555446494,1969.6228333557542,2059.827880859375,11071900
2019-07-25,2100.989240836185,2105.3681262902,1933.7158164928292,2015.1630859375,13284500
2019-07-26,1994.1444545669044,1999.3991171612836,1947.728268316555,1957.36181640625,5971400
2019-07-29,1952.1071667029182,1952.1071667029182,1905.690980146052,1918.82763671875,3891400
2019-07-30,1921.4552404054064,1963.4925473969556,1918.8279087184344,1930.2130126953125,4383800
2019-07-31,1913.573063292314,1939.84637766246,1907.442623272613,1917.076171875,4969600
2019-08-01,1939.8459382749138,2017.7900865848314,1931.963945749192,1997.647216796875,7737700
2019-08-02,1900.4362703759177,1932.840022451452,1877.6660662147317,1893.4300537109375,9341200
2019-08-05,1860.1508343760634,1933.716121611275,1829.4986313613917,1930.2130126953125,8586100
2019-08-06,1842.6350445122307,1982.7593824979517,1822.4921709267833,1870.659912109375,14479300
2019-08-07,1877.6660223632332,1882.0449076765804,1757.6845647775228,1776.95166015625,9988100
2019-08-08,1790.0884222517543,1856.6474829617023,1769.9455486158492,1825.1195068359375,7981600
2019-08-09,1842.6350381651698,1862.777911681234,1777.827532070007,1791.8399658203125,6578200
2019-08-13,1753.3057353153933,1790.088373119213,1734.9144164134837,1773.4486083984375,4871600
2019-08-14,1868.032718984611,1912.6973550222176,1840.8836264911636,1884.6724853515625,7813600
2019-08-15,1797.9702266907261,1849.641071003806,1790.9640105126814,1840.88330078125,6504000
2019-08-16,1828.62261865729,1837.380389819442,1810.2312992167715,1815.4859619140625,4637600
2019-08-19,1839.1317277946728,1863.6534841652683,1824.2435185696684,1826.870849609375,3617500
2019-08-20,1847.889612836059,1880.2933643407673,1837.3802880237215,1855.7716064453125,3792200
2019-08-21,1833.8770612973642,1856.6472635866344,1825.9950681972323,1846.137939453125,2395100
2019-08-22,1867.1570990124312,1874.1633170199827,1825.995568218067,1833.8775634765625,3134600
2019-08-23,1797.0944328213823,1813.7341960882468,1762.9391292736075,1771.6968994140625,4550300
2019-08-26,1692.8769955365258,1713.8956442136478,1655.218583323349,1656.0943603515625,7937100
2019-08-27,1694.6287256063997,1718.2747078241634,1670.982743388636,1671.8585205078125,5317000
2019-08-28,1663.9765264352245,1690.2498400105176,1654.3429781242837,1671.8585205078125,3502100
2019-08-29,1683.2434576997762,1695.5043361637704,1655.218592639218,1663.1005859375,3849400
2019-08-30,1714.7717243631582,1755.9332519653383,1710.3928384480325,1750.6785888671875,5519300
2019-09-02,1715.6473177572839,1763.8150576636906,1715.6473177572839,1747.17529296875,3121400
2019-09-03,1748.9266833837676,1802.3490808231315,1737.5415822901325,1783.957763671875,4045800
2019-09-04,1749.8026266033398,1816.3616854731365,1745.4237411513795,1809.35546875,3612800
2019-09-05,1848.7650079870289,1960.8644494945324,1848.7650079870289,1925.8333740234375,8578700
2019-09-06,1952.982487124165,1998.5228859270603,1940.7216105233854,1966.119140625,6153300
2019-09-09,1969.6226982335645,1988.8897944368275,1956.4860417313396,1983.6351318359375,3263400
2019-09-10,1990.6412049960245,2003.7778605503318,1964.3678938874102,1979.256103515625,4917800
2019-09-11,1994.1445375476947,2041.4365028650313,1984.5109890571262,2037.0576171875,5536000
2019-09-12,2093.10677839883,2122.8831928195664,2060.7030332939107,2091.355224609375,6694000
2019-09-13,2104.4925415343478,2118.504976267827,2056.3247971380147,2107.119873046875,4404300
2019-09-17,2095.7346170691285,2219.219189157197,2083.4737375710224,2167.54833984375,6499800
2019-09-18,2163.169362353359,2182.4364578884897,2150.9084833764573,2178.933349609375,2877600
2019-09-19,2189.4427850417756,2241.9894118827783,2159.6663631652073,2181.560791015625,4594300
2019-09-20,2202.579651620224,2234.9834079263665,2153.5361285622785,2163.169677734375,5784100
2019-09-24,2180.685347560516,2201.704001512907,2155.2878073680445,2179.8095703125,3484000
2019-09-25,2166.67247433232,2248.1197419608184,2158.7904806908523,2241.113525390625,4911600
2019-09-26,2270.013848475375,2281.3989487956605,2237.610101409947,2276.144287109375,3635400
2019-09-27,2271.746718300144,2319.239681052063,2265.5902231285986,2291.095703125,4124600
2019-09-30,2263.8321088846756,2312.20458984375,2242.7241171934434,2312.20458984375,3605400
2019-10-01,2327.155625640369,2414.22607421875,2320.999129276241,2414.22607421875,6146200
2019-10-02,2364.974177385705,2411.5876513170706,2351.7816847636204,2399.274658203125,4368500
2019-10-03,2351.781865816049,2387.841348425794,2327.1558776923207,2377.287353515625,3854500
2019-10-04,2369.3717136298787,2403.672195007594,2356.179220792296,2388.720703125,4379100
2019-10-07,2445.008507903173,2466.1164950217617,2334.191575530583,2349.14306640625,5477000
2019-10-08,2382.5640929175206,2424.7800679858265,2317.481131353882,2414.22607421875,5124600
2019-10-09,2386.961594739793,2422.141574028515,2363.2151087199054,2401.9130859375,3166800
2019-10-10,2394.877347951827,2425.6598331440096,2349.143369952012,2371.130859375,4843200
2019-10-11,2384.3231523754794,2450.285615093355,2369.3716608260943,2436.213623046875,5359000
2019-10-15,2467.8754766427164,2489.8629630703954,2398.39501953125,2398.39501953125,5605800
2019-10-16,2436.213623046875,2456.44211161369,2415.1056349771548,2436.213623046875,4257500
2019-10-17,2445.0083253336356,2547.030255455471,2440.6108283456256,2483.706298828125,6923200
2019-10-18,2525.0427082118704,2647.293121462114,2520.645211332365,2592.76416015625,8178200
2019-10-21,2605.9569926880395,2638.4984738657167,2505.694050681142,2522.404541015625,6677300
2019-10-23,2497.7786253817626,2531.1996069889838,2438.8521578111367,2519.76611328125,5445000
2019-10-24,2540.8740506014983,2575.174531035371,2523.28406063541,2561.1025390625,2868000
2019-10-25,2565.4997575373172,2598.920734838112,2547.030270081615,2559.34326171875,2942800
2019-10-28,2593.6444033590624,2664.8838732376935,2576.9339104245687,2637.619384765625,3711300
2019-10-29,2673.678441652824,2695.6659288374685,2633.221465233077,2647.29345703125,1891000
2019-10-30,2638.498522678876,2638.498522678876,2578.6925561648213,2581.3310546875,2544200
2019-10-31,2619.1494381315174,2624.4264349847035,2516.2479994943824,2551.427978515625,3960000
2019-11-01,2546.1510296061256,2579.5720103056187,2490.7425616043342,2516.248046875,5142800
2019-11-05,2604.197623134558,2604.197623134558,2533.8376738435195,2566.379150390625,4150800
2019-11-06,2550.548798532197,2615.631767874053,2542.63330226089,2612.11376953125,3581800
2019-11-07,2603.31848266196,2651.690954468179,2591.005489838559,2647.29345703125,2278600
2019-11-08,2669.2806870503114,2682.473178090099,2559.34326171875,2559.34326171875,4836500
2019-11-11,2581.3308791621034,2630.582848236406,2561.9818913114846,2584.848876953125,3695000
2019-11-12,2638.4981172578828,2651.6906078441725,2530.3196944503097,2635.859619140625,6214700
2019-11-13,2627.0642830066176,2642.8952696467645,2565.4993349616016,2587.48681640625,3634600
2019-11-14,2567.258900050834,2606.836375385636,2531.19942252357,2547.909912109375,3196700
2019-11-15,2531.199738893531,2630.583189378232,2525.0432419608505,2614.752197265625,3981900
2019-11-18,2600.6798173602992,2647.2932872013866,2599.800317929335,2632.341796875,2354200
2019-11-19,2607.71596319269,2608.595462674374,2496.899028500522,2502.176025390625,6905200
2019-11-20,2466.99658203125,2523.2845610865083,2452.9245872674355,2466.99658203125,4512500
2019-11-21,2441.490478515625,2447.646974679029,2375.528019622011,2441.490478515625,5399100
2019-11-22,2437.092764584907,2497.778221371756,2426.5387721002376,2474.03173828125,3058700
2019-11-25,2518.006920531228,2519.7659194278613,2471.393449770433,2472.27294921875,2208600
2019-11-26,2524.163834277947,2572.5363119383255,2508.3328415890956,2562.86181640625,5509100
2019-11-27,2576.0541068754046,2591.0055987896694,2531.19963113261,2546.151123046875,3369200
2019-11-28,2560.222552626802,2598.0410238610693,2547.909561992389,2554.945556640625,2525000
2019-11-29,2561.9817351975476,2579.5717230808127,2518.8862648835484,2520.645263671875,2281800
2019-12-02,2537.3562688747375,2631.4627232142857,2537.3562688747375,2616.51123046875,4971200
2019-12-03,2550.548822092699,2570.7773127506757,2507.4533419952704,2562.86181640625,6551700
2019-12-04,2509.2119140625,2518.0069085036585,2442.369956309696,2509.2119140625,6591600
2019-12-05,2560.2232326931426,2598.921213537697,2532.0792466243756,2596.28271484375,5537000
2019-12-06,2594.523107950444,2664.883056640625,2590.125611157307,2664.883056640625,5429900
2019-12-09,2682.473672179349,2704.461161295573,2588.3672187619095,2596.28271484375,4730700
2019-12-10,2632.34212228928,2713.256079940671,2591.8851434635844,2686.87109375,5688600
2019-12-11,2664.883156698258,2704.4606293224897,2656.088162781762,2682.47314453125,1982000
2019-12-12,2708.8582630250817,2735.243246106495,2673.6782855831975,2695.665771484375,2973600
2019-12-13,2788.013464374753,2831.9884401535346,2766.025976485362,2783.615966796875,4628000
2019-12-16,2788.0135140625002,2810.00100234375,2748.43603515625,2748.43603515625,1711600
2019-12-17,2779.2185794890875,2783.6160772414437,2730.84610421317,2770.423583984375,2084100
2019-12-18,2766.0259038970225,2792.410888671875,2761.6284064345473,2792.410888671875,1695400
2019-12-19,2774.8209222618507,2779.2184197614733,2708.858459767512,2730.845947265625,2056300
2019-12-20,2744.03828372231,2779.21826171875,2700.06331122676,2779.21826171875,2482900
2019-12-23,2792.4103646908166,2810.00035124005,2757.2303915923494,2796.807861328125,1683000
2019-12-24,2783.6162390211607,2871.566199179807,2779.2187410132283,2867.168701171875,2618600
2019-12-25,2871.565772301893,2889.15576171875,2831.988296113965,2889.15576171875,1588700
2019-12-26,2889.1555368907416,2959.515489082906,2884.7580398787313,2946.322998046875,2848300
2019-12-27,2955.1181640625,2985.9006449381513,2924.335683186849,2955.1181640625,2155000
2019-12-30,2955.1186894560356,2968.311183605393,2911.143708958178,2950.72119140625,1864700
2020-01-06,2893.5534054896452,2981.503357024285,2884.758410336181,2959.515869140625,2471300
2020-01-07,2985.9007693651483,3051.863231133156,2963.913282109146,2999.09326171875,2886400
2020-01-08,2946.323436635785,3016.6833993017144,2897.950962302959,2981.50341796875,3971200
2020-01-09,3047.4659307065217,3060.6584239130434,3025.4784420289857,3034.2734375,2138800
2020-01-10,3069.4534884522864,3117.8259646313336,3047.465999279992,3113.428466796875,3533000
2020-01-14,3166.197925683864,3210.172896873918,3153.005434326848,3174.992919921875,3715000
2020-01-15,3166.1981577932097,3240.9556142966608,3131.0181782621744,3205.775634765625,3428500
2020-01-16,3210.1727753767727,3223.3652662344857,3073.8503698470745,3100.2353515625,4508800
2020-01-17,3157.4033495808208,3174.9933403862847,2994.695934630277,3007.888427734375,4704700
2020-01-20,3034.2735778981496,3126.621034616789,3007.888590264253,3104.633544921875,3081100
2020-01-21,3100.2355059972756,3113.4279975121576,3021.0805569079835,3051.863037109375,2596500
2020-01-22,3056.2612510169624,3095.8387348430815,3038.671258205354,3082.646240234375,2123400
2020-01-23,3051.8636581442793,3135.4161214075953,3038.671163944808,3065.05615234375,3575100
2020-01-24,3109.030626817183,3122.223118868741,3073.850648013028,3095.838134765625,2431300
2020-01-27,3007.8884510869566,3060.6584239130434,2977.105966938406,3034.2734375,2541500
2020-01-28,2972.7084461234467,3025.4784185398394,2950.7209576166165,3007.888427734375,3056100
2020-01-29,3038.6709116439374,3056.260902449402,2963.9134507207145,3007.888427734375,2714600
2020-01-30,3003.490655127992,3034.27313622008,2836.385757770944,2893.55322265625,4368300
2020-01-31,2924.3357515775238,2946.32323843149,2849.578296274038,2858.373291015625,4234800
2020-02-03,2695.6655014442767,2836.3853971151034,2691.2680047045633,2818.79541015625,4241500
2020-02-04,2919.9387050577498,2977.1061797049647,2871.566226510106,2950.72119140625,4482800
2020-02-05,3012.285765697338,3069.453232783565,2955.118298611111,2968.310791015625,4689600
2020-02-06,3025.4786697453374,3073.8511484767305,2994.696183279905,3065.05615234375,3033000
2020-02-07,3078.247802734375,3109.0302807617186,3043.0678278459823,3078.247802734375,3313700
2020-02-10,2990.2982049713814,3003.4906970521374,2902.348257766341,2977.105712890625,5325100
2020-02-12,3047.4653247070314,3109.0302807617186,3025.4778404017857,3078.247802734375,3960300
2020-02-13,3078.248742031473,3144.2112150750045,3069.453745625669,3082.646240234375,3214900
2020-02-14,3069.452695862676,3144.210139744718,3056.260205765845,3122.22265625,2860500
2020-02-17,3078.2480372060645,3117.8255119701425,3065.055545618038,3109.030517578125,2444300
2020-02-18,3034.2735553609914,3043.068551173632,2902.348618171383,2933.131103515625,5059200
2020-02-19,2990.297773607583,3034.2727408665182,2928.7328194450743,3029.875244140625,4310100
2020-02-20,3073.8511484767305,3179.391102072498,3034.273665878318,3065.05615234375,5555100
2020-02-21,3043.0680596379952,3144.2104951461943,3025.4780708539606,3109.030517578125,3531400
2020-02-25,2955.1181797445256,3069.4531093179744,2946.3231851619526,3012.28564453125,4633400
2020-02-26,2990.2982271634614,3012.2857141278987,2849.578310591063,2915.540771484375,5023700
2020-02-27,2915.5408297982185,2915.5408297982185,2704.4609507178047,2761.62841796875,5883900
2020-02-28,2638.4983896419703,2717.6533413312295,2624.4263982305465,2656.08837890625,5477900
2020-03-02,2627.944552539988,2831.9884401535346,2619.1495573842317,2783.615966796875,5726600
2020-03-03,2893.5535353757023,2897.9510331498295,2722.051122184741,2739.64111328125,4661900
2020-03-04,2678.0761444434693,2766.026099926013,2669.2811488952148,2739.64111328125,3609700
2020-03-05,2801.20529683431,2818.795282999675,2722.0503590901694,2744.037841796875,2940300
2020-03-06,2722.0505149513974,2766.025482882761,2638.498075881807,2664.883056640625,3488300
2020-03-09,2515.3686157013526,2547.0305982766145,2456.4421481307268,2519.76611328125,5738300
2020-03-10,2482.826883140702,2686.870750263849,2438.851911777955,2669.28076171875,8001100
2020-03-11,2647.2932234303125,2717.6531762125132,2481.94733439214,2485.46533203125,6650900
2020-03-12,2410.7077921299847,2464.357254121933,2271.7468905770706,2293.734375,8013000
2020-03-13,2080.895835210307,2221.615756441773,2003.4998785330006,2135.4248046875,8607900
2020-03-16,2172.3635123465106,2223.3744774137567,2066.823584621174,2090.570068359375,6366100
2020-03-17,2037.800175937813,2244.4825416457916,2015.8126902241984,2194.35107421875,8421000
2020-03-18,2204.9052638067064,2308.6862056213017,2198.748767258383,2229.53125,5992600
2020-03-19,2269.9877992017196,2277.02379392997,2182.037865098592,2239.205322265625,6407900
2020-03-23,2198.7489894259156,2272.6269554706264,2090.5705391461606,2196.989990234375,4616800
2020-03-24,2286.6986732826576,2452.044577350788,2276.1446794059684,2440.611083984375,4903300
2020-03-25,2592.7642041485774,2598.920699884344,2472.272787605716,2557.584228515625,4919400
2020-03-26,2496.0197207010315,2539.115198613065,2411.5877639754153,2461.71923828125,3881500
2020-03-27,2549.669157942934,2615.6316232225886,2486.345191274465,2541.753662109375,4516400
2020-03-30,2440.9672867030754,2517.882952745512,2417.0969075864573,2511.6943359375,4022900
2020-03-31,2594.798994867671,2629.2784363667643,2509.0424352417203,2529.37646484375,3355100
2020-04-01,2485.1719633582443,2540.869520701385,2333.992879141147,2381.733642578125,4725300
2020-04-02,2368.4721130371095,2398.5311096191404,2266.8019775390626,2298.629150390625,4004000
2020-04-03,2299.513288763505,2315.426875536955,2150.1023907238923,2234.974853515625,5005200
2020-04-06,2211.1045978589327,2352.5587104768574,2174.85698150059,2342.833740234375,3909300
2020-04-07,2460.417327446136,2534.680732227119,2401.1834212517806,2482.51953125,3788700
2020-04-08,2459.5331429519224,2531.1442804713706,2419.7491776633397,2503.737548828125,2738900
2020-04-09,2516.115069329425,2545.289980533877,2485.171981688339,2518.767333984375,2480100
2020-04-10,2553.246816120028,2555.014992585485,2473.6788751744593,2533.796875,2080300
2020-04-13,2501.0853146654667,2516.9989009729884,2451.576379486511,2463.95361328125,1998600
2020-04-14,2479.8677177973045,2626.62637774538,2478.099541171424,2604.524169921875,3668400
2020-04-15,2608.060244207513,2636.3510671955264,2581.53759765625,2581.53759765625,3051800
2020-04-16,2546.173908503342,2572.6965533835846,2484.2877371161076,2513.462646484375,3267700
2020-04-17,2585.9578367394984,2674.366651670763,2568.2760737532453,2596.56689453125,4234600
2020-04-20,2552.3625777373163,2633.698690363514,2552.3625777373163,2583.3056640625,2613700
2020-04-21,2560.319370330843,2573.580693036286,2463.0696704909283,2485.171875,3162300
2020-04-22,2448.924254931992,2463.9537539694807,2402.067581462174,2457.76513671875,2773200
2020-04-23,2501.9692798556066,2518.7669534659444,2466.605756465421,2481.63525390625,1740500
2020-04-24,2437.4311369043835,2452.4606361163437,2375.5449636786648,2390.574462890625,2850900
2020-04-27,2457.7652869853455,2557.6672572836706,2435.663081167132,2533.796875,3908500
2020-04-28,2603.6394346068505,2665.525601134008,2562.0872942243304,2599.218994140625,5035600
2020-04-30,2669.9467144956684,2692.0489223971226,2612.4809739518873,2678.78759765625,3289600
2020-05-01,2635.46676052242,2692.0484018083757,2579.769207381557,2612.48046875,4083600
2020-05-07,2600.98744137386,2709.73028817501,2591.2624713347327,2665.52587890625,2476400
2020-05-08,2696.46923828125,2722.9918865266395,2633.698970767162,2696.46923828125,3215400
2020-05-11,2722.9918142914016,2793.7188744028663,2705.3100492635353,2776.037109375,2483700
2020-05-12,2802.5595680308115,2886.5479462525554,2789.2982451536946,2837.923095703125,3765300
2020-05-13,2714.1502781816835,2842.3430437635548,2696.4685174117703,2802.55908203125,3688100
2020-05-14,2829.082349348534,2829.082349348534,2700.8895553936786,2714.15087890625,2568200
2020-05-15,2749.5143144752838,2784.8778426357376,2651.3805238300242,2727.412109375,2097200
2020-05-18,2634.5821574976235,2642.538949248455,2527.6075128475522,2557.66650390625,5378600
2020-05-19,2639.003182932817,2661.1053871449844,2560.3193359375,2560.3193359375,3193500
2020-05-20,2562.971812272617,2652.2647246698352,2559.435459306391,2627.51025390625,2359200
2020-05-21,2656.6849000122434,2669.946222308478,2635.466784338269,2651.38037109375,1979600
2020-05-22,2622.2059200064464,2643.424039386134,2574.465151402148,2593.031005859375,2500400
2020-05-25,2625.742125574129,2632.8148316362817,2537.3332997972225,2544.406005859375,2374500
2020-05-26,2591.2625036991003,2626.6260315557925,2565.6239460029988,2625.741943359375,2283500
2020-05-27,2622.2056523503484,2656.6850928229255,2603.6397997881913,2616.901123046875,2427300
2020-05-28,2638.1190063558433,2643.4235351889984,2585.9578061631505,2636.350830078125,3002100
2020-05-29,2608.060477701823,2656.6853340657553,2602.7559479166666,2652.264892578125,3014300
2020-06-01,2650.496139343952,2736.252685546875,2634.582553450626,2736.252685546875,2820300
2020-06-02,2731.8325782189004,2758.355224609375,2700.889490763346,2758.355224609375,2351400
2020-06-03,2824.6611572265624,2873.2859971788193,2749.5136773003474,2784.877197265625,4017600
2020-06-04,2829.0820015220697,2917.490814069635,2820.2411202673134,2904.2294921875,4569700
2020-06-05,2895.3883975889626,2908.6497184939503,2842.343113969012,2899.808837890625,2269400
2020-06-08,2961.695068359375,3001.4790319642025,2926.331545155084,2961.695068359375,2754100
2020-06-09,2979.3772255873714,3036.8429584251103,2952.8545796622616,3010.3203125,2716000
2020-06-10,2988.217804893393,3041.263091370791,2979.376923813827,3019.160888671875,2114400
2020-06-11,2983.797270362057,3028.001674367421,2961.695068359375,2961.695068359375,2390600
2020-06-12,2842.3434721975614,2939.5931710907907,2824.661708762429,2917.490966796875,3306400
2020-06-15,2890.968359842255,2908.650123511015,2771.616455078125,2771.616455078125,2275100
2020-06-16,2899.8095644295936,2935.173095703125,2864.4460331560617,2935.173095703125,2403800
2020-06-17,2944.01355017348,2966.115754003611,2899.8091425132175,2926.331787109375,1630200
2020-06-18,2926.3318793567432,2926.3318793567432,2877.7070293976435,2913.070556640625,1354200
2020-06-19,2939.5931094074535,2948.433990939506,2851.1842940869287,2926.331787109375,2313100
2020-06-22,2890.968474922471,2921.9115625745467,2868.8662694567033,2895.388916015625,800500
2020-06-23,2926.331573255484,2935.1724541414524,2860.0249666107225,2921.9111328125,1372200
2020-06-24,2921.911375858324,2992.638428829176,2917.490935047646,2957.27490234375,1942000
2020-06-25,2930.75198555562,3005.899472364739,2917.490664354011,2961.695068359375,1983300
2020-06-26,2997.058958887005,3023.5816045408724,2966.1158722908262,3014.74072265625,1659200
2020-06-29,3010.319882070254,3072.2060470467354,2961.695038160162,2966.115478515625,2311100
2020-06-30,3028.001955314602,3045.683718557315,2926.3318166690024,2957.27490234375,1607900
2020-07-01,2970.5363175675675,3019.1611680039414,2921.9114671311936,2944.013671875,1640700
2020-07-02,2935.1728858540077,2939.593326947161,2846.764063990935,2895.388916015625,2036600
2020-07-03,2908.6500850793086,2921.911407655658,2877.706999067827,2917.490966796875,1170200
2020-07-06,2930.752377196903,2979.3772281006222,2930.752377196903,2974.956787109375,1347200
2020-07-07,2974.9566964703404,2992.638459896613,2926.3318470480913,2952.8544921875,1681100
2020-07-08,2939.5933170908506,3028.0021386574927,2913.070670620858,3001.4794921875,1637400
2020-07-09,2974.956238787616,3014.7402003761576,2952.854037905093,2983.797119140625,1493000
2020-07-10,3014.7406024299,3036.842806260031,2926.331787109375,2926.331787109375,2279300
2020-07-13,2979.37659922663,3085.4671606234238,2974.95615916843,3067.785400390625,3170000
2020-07-14,3050.104126332453,3103.1494154860607,3019.161040992848,3032.42236328125,1977800
2020-07-15,3089.8880931976587,3111.990297011662,3019.161040992848,3032.42236328125,1609600
2020-07-16,3028.001955314602,3028.001955314602,2904.229612615611,2957.27490234375,2161600
2020-07-17,2988.2185688867767,3032.422985586285,2961.6959188670717,2979.377685546875,1406100
2020-07-20,2992.63815116313,2992.63815116313,2957.2746279588387,2961.695068359375,970000
2020-07-21,2992.638671875,3001.4795542143647,2961.695583687223,2992.638671875,1546300
2020-07-22,2979.37725902739,3010.3203462873184,2944.0137307303294,2970.536376953125,1310400
2020-07-27,2882.127533946456,2899.8092979583976,2842.3435649195876,2868.8662109375,2129700
2020-07-28,2890.968049711611,2983.7972990142775,2873.286287939675,2921.9111328125,2245300
2020-07-29,2890.968474922471,2935.1728858540077,2882.127592736164,2895.388916015625,1465700
2020-07-30,2961.6953431544284,3010.320192071889,2930.7522574796803,2957.27490234375,2213300
2020-07-31,2974.9570683858483,3028.0023652961454,2935.173095703125,2935.173095703125,2362200
2020-08-03,2988.2181100831167,3045.6838429693307,2970.5363461181278,2974.956787109375,1802700
2020-08-04,3023.581481755649,3050.104126332453,3010.320159467247,3032.42236328125,1306200
2020-08-05,3028.0018312318575,3054.524475009071,3010.3200687137155,3045.68359375,1301100
2020-08-06,3050.104306977371,3081.047394149605,3036.842983903556,3076.626953125,1421200
2020-08-07,3076.6268009334417,3085.4676825453193,3010.3201888443587,3063.365478515625,1567000
2020-08-11,2908.6504472479764,2961.695744158274,2802.5598534273813,2935.173095703125,4242500
2020-08-12,2948.43405746364,2952.8544983294028,2793.71862716195,2811.400390625,3324600
2020-08-13,2873.28671737456,2882.127599581866,2815.8209830270685,2824.661865234375,2308800
2020-08-14,2824.6619273235137,2829.0823685243327,2753.934868110405,2815.821044921875,2124200
2020-08-17,2758.3548290937997,2798.1387929749603,2758.3548290937997,2780.45703125,1397800
2020-08-18,2745.0937511948155,2745.0937511948155,2674.3666980239345,2709.730224609375,2465200
2020-08-19,2652.2644950929753,2696.4689033445247,2622.2054974819216,2674.36669921875,3986600
2020-08-20,2621.321522501752,2628.394228127389,2575.3489359351106,2601.87158203125,3661900
2020-08-21,2615.1327331852794,2641.655377538071,2606.2918517343487,2612.48046875,2552000
2020-08-24,2612.480322890152,2631.0461729005387,2573.5804466779127,2626.625732421875,1690200
2020-08-25,2649.612546934924,2665.526135805404,2622.205810546875,2622.205810546875,2309900
2020-08-26,2628.3947202250233,2629.27880859375,2592.147097107221,2629.27880859375,1769700
2020-08-27,2630.16217030723,2678.7870171532463,2617.784936564608,2621.3212890625,1570000
2020-08-28,2587.726288919139,2594.798994867671,2507.2742587545877,2529.37646484375,3323700
2020-08-31,2552.362790575214,2554.130967084099,2524.9560546875,2524.9560546875,1626400
2020-09-01,2532.9123123464824,2562.0872185619914,2507.2737583995195,2553.246337890625,1374400
2020-09-02,2608.059882411488,2665.525608634114,2606.2917062200227,2626.625732421875,2986700
2020-09-03,2718.571138697744,2722.9915795736756,2656.684966434706,2669.9462890625,2042100
2020-09-04,2599.2195936789535,2636.351302160081,2578.00147454688,2624.858154296875,1985600
2020-09-07,2608.059901015049,2661.105187137389,2586.841786566113,2638.118896484375,1346100
2020-09-08,2669.9467144956684,2683.2080392365406,2639.003623433632,2678.78759765625,1021000
2020-09-09,2665.526154274164,2669.9465956577037,2635.4671528660974,2661.105712890625,1234100
2020-09-10,2683.2075796702943,2753.9346328411752,2669.946257200754,2709.730224609375,2057500
2020-09-11,2749.514342479217,2780.4574299347705,2709.7303728935044,2758.355224609375,2430700
2020-09-14,2767.1963145179207,2806.980287090862,2767.1963145179207,2798.139404296875,1816900
2020-09-15,2776.0363172743055,2798.1385172526043,2758.354557291667,2784.877197265625,951100
2020-09-16,2784.87747168124,2793.7183525437204,2767.1957099562796,2780.45703125,903500
2020-09-17,2753.934117296007,2784.877197265625,2731.8319173177083,2784.877197265625,1304000
2020-09-18,2802.559537659166,2842.343505859375,2789.298214925763,2842.343505859375,2595200
2020-09-23,2846.764125011964,2890.968536891032,2820.241477884523,2886.548095703125,1825900
2020-09-24,2882.1272581129806,2899.8090204326923,2846.7637334735577,2873.286376953125,1379300
2020-09-25,2899.809262387387,2970.5363175675675,2864.445734797297,2944.013671875,2866600
2020-09-28,2961.6954641356338,2988.2181100831167,2930.752377196903,2974.956787109375,1994400
2020-09-29,2992.7175775445767,3019.358980312036,2974.9566423662704,2988.27734375,1510700
2020-09-30,2983.83710106383,2983.83710106383,2899.472659218275,2921.673828125,2287100
2020-10-02,2957.1956119791666,3028.239350405093,2943.8749110243057,2997.15771484375,2660600
2020-10-05,3014.9188463560927,3023.799314239321,2957.1958051151073,3001.59814453125,1436000
2020-10-06,3037.120164719303,3085.962740467713,2992.7178231298394,3010.478759765625,1909600
2020-10-07,3001.5981488019315,3054.8809561771136,2983.8372130102043,3046.00048828125,1257500
2020-10-08,3081.5226079094596,3148.1261224896352,3077.0823736041148,3112.604248046875,2879000
2020-10-09,3152.5663088680653,3179.2077142951193,3121.484669203169,3161.44677734375,2153600
2020-10-12,3183.6476540585554,3196.968355539972,3152.5660172685834,3165.88671875,1623100
2020-10-13,3179.2075294154856,3294.6536128858806,3170.327061456225,3290.21337890625,3085000
2020-10-14,3263.571828550512,3303.533932573579,3232.4901920881257,3281.332763671875,1736600
2020-10-15,3281.3329109469887,3339.055952682186,3272.452442987728,3290.21337890625,1875900
2020-10-16,3285.7728491774083,3303.5337834972865,3236.9302797977443,3272.4521484375,1328200
2020-10-19,3316.855173110962,3432.3012701670327,3299.0942351023355,3410.10009765625,2740200
2020-10-20,3401.2189498664184,3498.9040894187174,3396.7787162504046,3427.8603515625,2189100
2020-10-21,3450.06128460428,3494.4636177394705,3441.180817977242,3472.262451171875,1631000
2020-10-22,3454.502101786425,3525.5458468103106,3454.502101786425,3485.583740234375,1720400
2020-10-23,3476.703318041424,3476.703318041424,3387.898635588259,3436.7412109375,1261100
2020-10-26,3512.2249528322773,3534.42612193994,3485.583549903082,3525.545654296875,1801000
2020-10-27,3476.7029839478314,3516.6650872115993,3427.8604132921146,3512.224853515625,1305300
2020-10-28,3512.2251461753362,3529.9860824391812,3467.822805515724,3507.784912109375,1109200
2020-10-29,3445.621729825192,3494.4643058923016,3405.65962213392,3476.703369140625,1679600
2020-10-30,3418.980566660563,3454.5024426778155,3356.817283630371,3410.10009765625,2245100
2020-11-02,3387.8987781841697,3387.8987781841697,3272.4526861359545,3312.414794921875,2334000
2020-11-04,3374.5777281082887,3396.778897372159,3281.3328172000333,3321.294921875,2430300
2020-11-05,3343.4959598051437,3445.6213344074254,3339.0557261267836,3423.420166015625,2146900
2020-11-06,3423.4206062228523,3481.143651463964,3379.0182637296894,3450.06201171875,1682500
2020-11-09,3507.784395229655,3605.469530286683,3476.702761347873,3601.029296875,2287200
2020-11-10,3640.9919845136246,3685.394325788181,3472.2630876703106,3503.3447265625,2749400
2020-11-11,3507.7845317607803,3636.551305711492,3454.501728746692,3565.507568359375,2220000
2020-11-12,3640.99169921875,3680.9538032345654,3605.4698289824696,3640.99169921875,1981500
2020-11-13,3601.0298306274412,3614.350532836914,3538.8665536499025,3552.187255859375,2083200
2020-11-16,3627.671146711098,3672.073486328125,3583.2688070940712,3672.073486328125,1609300
2020-11-17,3703.15517294378,3747.557513146943,3645.4321306796687,3667.63330078125,1441900
2020-11-18,3703.155029296875,3765.3183031699637,3663.192924664175,3703.155029296875,2026600
2020-11-19,3685.393997995477,3725.356101588199,3649.8721281352796,3712.035400390625,1360400
2020-11-20,3707.5953720340594,3827.4816894531245,3698.7149040770914,3827.481689453125,1907400
2020-11-24,3889.6446827664918,3951.807953952258,3858.563047173609,3920.726318359375,2083800
2020-11-25,3982.888908625718,4000.6498402137927,3951.8072783465877,3960.687744140625,1705500
2020-11-26,3974.0095774606434,4133.858007392021,3969.569343295883,4124.9775390625,2152800
2020-11-27,4156.059667032748,4178.260840467751,4080.575677353734,4169.38037109375,1702200
2020-11-30,4240.4227448315405,4275.944610756831,4191.580179184266,4204.90087890625,1945800
2020-12-01,4222.662890625,4289.26640625,4173.8203125,4218.22265625,1410300
2020-12-02,4227.102439245258,4244.8633738639355,4164.939168079886,4213.78173828125,1230200
2020-12-03,4200.4613289491035,4222.662498763845,4151.618755356672,4209.341796875,985700
2020-12-04,4173.8203125,4204.901953125,4062.814453125,4173.8203125,1673300
2020-12-07,4200.461619626811,4227.103025248122,4116.097168492657,4138.29833984375,997900
2020-12-08,4133.857532497201,4235.982906554597,4102.775896914515,4213.78173828125,1236600
2020-12-09,4182.700011440899,4275.94491615455,4169.379310767521,4244.86328125,1272700
2020-12-10,4160.498554719659,4160.498554719659,4036.172023735507,4045.052490234375,1947700
2020-12-11,4049.4928573914253,4102.775658146576,3929.606555692337,3987.32958984375,1911400
2020-12-14,4005.090833022641,4098.335741551993,3960.6884956277117,4093.8955078125,1367700
2020-12-15,4124.977538005614,4138.298240496482,4036.1728547331572,4102.7763671875,957900
2020-12-16,4182.700582132711,4227.102923768939,4098.336133023877,4102.7763671875,1443500
2020-12-17,4142.737811413792,4240.422947374246,4129.417111055548,4231.54248046875,1678600
2020-12-18,4200.46073069853,4209.341197359626,4151.6181640625,4151.6181640625,1443700
2020-12-21,4138.298535577182,4164.93994245858,4067.2547838934534,4120.53759765625,967000
2020-12-22,4058.3739721814572,4098.3360791285395,4005.091162918681,4018.411865234375,965700
2020-12-23,4089.455185295938,4147.17822265625,4053.933316151131,4147.17822265625,1279700
2020-12-24,4160.4990234375,4204.9013609341655,4138.297854689168,4160.4990234375,1056400
2020-12-25,4156.058397393048,4156.058397393048,4107.215830757019,4151.6181640625,530000
2020-12-28,4173.819739962318,4271.5048828125,4160.499038664566,4271.5048828125,1321400
2020-12-29,4262.624710350155,4315.907519229531,4227.102837763903,4311.46728515625,1510500
2020-12-30,4311.466989763767,4342.548626147233,4249.303716996833,4293.7060546875,1119000
2021-01-04,4355.869327454434,4364.749794992567,4235.983015689632,4293.7060546875,1227500
2021-01-05,4298.14621591758,4466.87509629451,4280.385281141061,4457.99462890625,1893200
2021-01-06,4431.353411524429,4466.875282558693,4351.429201697335,4373.63037109375,1725600
2021-01-07,4413.592771452617,4413.592771452617,4329.228322098895,4369.1904296875,1558800
2021-01-08,4440.234469081166,4635.604785720737,4413.593062266678,4608.96337890625,2615900
2021-01-12,4520.158403301604,4671.126365690853,4466.875593046576,4635.6044921875,1664600
2021-01-13,4600.08188431766,4839.8544921875,4591.201417359518,4839.8544921875,1803400
2021-01-14,4902.017977150538,5168.43199764785,4857.615640400986,4955.30078125,3882400
2021-01-15,5106.268914191278,5106.268914191278,4759.930674793956,4848.7353515625,2572200
2021-01-18,4768.810756522362,4893.137293936353,4733.288888689794,4839.8544921875,1738000
2021-01-19,5044.106533485946,5230.59638771694,4981.943248742281,5212.83544921875,3207900
2021-01-20,5390.443559490266,5523.650566726435,5310.519355148565,5417.0849609375,3688700
2021-01-21,5550.29248046875,5568.05341640625,5372.68312109375,5550.29248046875,2764700
2021-01-22,5461.487588646777,5514.770394389672,5292.758703794275,5390.44384765625,2775100
2021-01-25,5337.161330065191,5381.56367058154,5239.476180929221,5363.802734375,1841400
2021-01-26,5390.443757646819,5497.009367353181,5381.563290171289,5443.7265625,1620800
2021-01-27,5452.607036306634,5523.650776193365,5434.8461013349515,5488.12890625,1523200
2021-01-28,5310.519544099507,5532.53123072574,5301.6390766344575,5399.32421875,2538200
2021-01-29,5505.890230557818,5656.858188492468,5425.966017533591,5452.607421875,3088300
2021-02-01,5274.997565930196,5408.204575170857,5239.475696799353,5319.39990234375,2683800
2021-02-02,5408.204018197409,5470.36728277439,5337.160287252286,5461.48681640625,1495900
2021-02-03,5470.368351614238,5488.129287820778,5310.51992575538,5363.802734375,2071400
2021-02-04,5301.639447819397,5337.161320166596,5150.671490343802,5230.595703125,2250900
2021-02-05,5283.878706574849,5283.878706574849,5044.106059385739,5168.4326171875,2276800
2021-02-08,5061.867471984136,5230.59638771694,4964.18231024409,5212.83544921875,2160200
2021-02-09,4946.42042808266,5079.62744140625,4822.093882313975,5079.62744140625,4533700
2021-02-10,4884.258404900046,4919.78028420841,4777.692766974955,4830.9755859375,3757400
2021-02-12,4857.61572265625,4875.376657656821,4768.811047653394,4857.61572265625,2056000
2021-02-15,4884.25704928952,4999.703125,4866.496114564831,4999.703125,1890300
2021-02-16,5088.508399791486,5195.074020729528,5044.106057733969,5124.0302734375,2552300
2021-02-17,5132.910142495599,5150.671077244719,4946.420327629841,5044.10546875,1844900
2021-02-18,4981.942576727415,5035.22538503466,4902.018364266547,4964.181640625,1691600
2021-02-19,4902.018470209775,5150.671581017517,4884.257533723508,5132.91064453125,2578400
2021-02-22,5203.9542955372435,5310.519912510702,5141.791018969392,5186.193359375,2484600
2021-02-24,5106.268410241323,5132.909810642582,4893.13720703125,4893.13720703125,2221800
2021-02-25,5035.22538503466,5070.74725723949,4893.137896215339,4964.181640625,1653600
2021-02-26,4768.811120559054,4857.615796919557,4671.1259765625,4671.1259765625,2868000
2021-03-01,4786.572164318049,4857.615907016647,4724.408889456776,4751.05029296875,1743100
2021-03-02,4875.376847330729,4937.540122251157,4768.811233181424,4795.45263671875,2035300
2021-03-03,4795.45282818363,4813.21376458431,4671.126273378869,4733.28955078125,1243800
2021-03-04,4617.843847844412,4706.648537226036,4520.158689524626,4608.96337890625,2044000
2021-03-05,4582.321497542134,4768.811325930477,4537.919157449672,4742.169921875,2417700
2021-03-08,4830.975602551985,4839.856072409617,4671.127145114603,4697.7685546875,1552100
2021-03-09,4617.84267784309,4724.408278101008,4493.516144208854,4626.72314453125,2083800
2021-03-10,4759.930652923003,4830.974394011407,4635.604106018298,4671.1259765625,1971500
2021-03-11,4626.723638382248,4706.647847106701,4591.201767838046,4671.1259765625,1850000
2021-03-12,4759.930963446624,4884.257518462021,4724.409090585083,4866.49658203125,3234500
2021-03-15,4830.974508101852,4866.496379484954,4724.408893952546,4795.45263671875,1546800
2021-03-16,4848.735841600157,4973.062401641187,4839.855373025798,4937.54052734375,1764500
2021-03-17,4928.658882127317,5008.583080215868,4866.495616947333,4910.89794921875,1420800
2021-03-18,4999.704197151951,5097.389359085648,4946.421381551752,5035.22607421875,1937200
2021-03-19,4884.2581044072695,4937.540920091712,4839.855758003567,4902.01904296875,2142600
2021-03-22,4884.25732421875,4902.018259943182,4804.333113458807,4884.25732421875,1251500
2021-03-23,4902.018551083948,4964.181829811462,4813.2138671875,4813.2138671875,1236000
2021-03-24,4804.33232889474,4902.0174594267955,4786.57139607073,4822.09326171875,1337900
2021-03-25,4848.7356401748375,4884.257512996631,4768.811426325801,4777.69189453125,1444000
2021-03-26,4813.214646283318,4866.497465245864,4777.692766974955,4830.9755859375,1235500
2021-03-29,4902.0174594267955,4937.539325074816,4795.451862482735,4822.09326171875,1517900
2021-03-30,4835.451398284742,4835.451398284742,4746.400727966422,4782.02099609375,1432000
2021-03-31,4764.210266113281,4773.11533203125,4630.63427734375,4630.63427734375,1627300
2021-04-01,4710.780609646165,4773.116080851313,4666.25527307106,4746.40087890625,2076700
2021-04-02,4817.641953966562,4986.838251795332,4808.736885659784,4960.123046875,2366300
2021-04-05,5013.552199126588,5022.457265199637,4906.69140625,4906.69140625,1351100
2021-04-06,4933.407456446738,4942.312524057653,4879.97705078125,4879.97705078125,1118100
2021-04-07,4853.262274799822,5031.363642682384,4835.452138011566,5004.6484375,1664300
2021-04-08,4942.312198184947,5031.362868422513,4888.881796042407,5013.552734375,1020800
2021-04-09,5049.173572234291,5066.983708291556,4986.838096033868,4995.7431640625,1434300
2021-04-12,5022.458344006148,5040.268479977801,4879.9772562329235,4888.88232421875,1053700
2021-04-13,4871.072085350475,4879.977153148191,4782.021407373319,4799.83154296875,1078500
2021-04-14,4817.641417426419,4835.451552056461,4728.590744276208,4746.40087890625,1108000
2021-04-15,4737.496614583333,4755.306752232143,4639.54085751488,4675.1611328125,1244900
2021-04-16,4719.68585368774,4728.5909213362065,4639.540244851532,4648.4453125,1085300
2021-04-19,4639.540244851532,4719.68585368774,4612.8250419061305,4648.4453125,1384500
2021-04-20,4595.014878216912,4612.825013403799,4505.9642022824755,4541.58447265625,1751900
2021-04-21,4461.438938886973,4497.059209856131,4430.271201788961,4439.17626953125,1517500
2021-04-22,4505.963942754836,4550.489278157552,4403.55567132859,4488.15380859375,1903700
2021-04-23,4408.008915544992,4443.629189610003,4372.388641479983,4434.72412109375,1218700
2021-04-26,4452.533588275775,4497.058924158533,4421.365853157845,4448.0810546875,1039600
2021-04-27,4505.964406112403,4603.9201540713675,4505.964406112403,4550.48974609375,1959800
2021-04-28,4541.5840412621355,4603.919508495145,4532.6789745145625,4586.109375,1065700
2021-04-30,4568.299489541832,4568.299489541832,4452.533615537849,4470.34375,1421800
2021-05-06,4497.059028320313,4505.964095703125,4434.723556640625,4452.53369140625,1291900
2021-05-07,4448.081414628965,4479.249152269008,4399.103541194612,4421.3662109375,1163700
2021-05-10,4434.723556640625,4488.1539609375,4425.818489257813,4452.53369140625,951400
2021-05-11,4381.2938856907895,4385.746420127467,4225.4551804070725,4229.90771484375,1989700
2021-05-12,4252.1693365736965,4332.314936634772,4042.9002697475566,4100.783203125,2777800
2021-05-13,4038.447964315101,4051.8055650790984,3922.682091027127,3931.587158203125,2170000
2021-05-14,4096.331605411426,4261.075376498624,4096.331605411426,4247.7177734375,2740400
2021-05-17,4327.863135241739,4327.863135241739,4056.2585557666916,4109.68896484375,1881000
2021-05-18,4131.952473958334,4229.9082438151045,4082.974589029948,4167.57275390625,1367200
2021-05-19,4105.235529022715,4167.5709925870515,4056.257664793594,4091.8779296875,1084800
2021-05-20,4243.264802924825,4318.957879157482,4212.097065652554,4292.24267578125,1835700
2021-05-21,4363.482806913943,4434.723342537028,4327.862539102401,4359.0302734375,1992800
2021-05-24,4318.957553917254,4461.438627860915,4310.052486795775,4425.818359375,1564100
2021-05-25,4505.963735167123,4541.584001848285,4461.438401815669,4479.24853515625,1332600
2021-05-26,4479.248574029126,4586.109375,4479.248574029126,4586.109375,1183800
2021-05-27,4559.393909626719,4603.919240775417,4523.7736447077605,4532.6787109375,1312800
2021-05-28,4586.110444568452,4684.066201636904,4586.110444568452,4675.1611328125,1975300
2021-05-31,4648.444880737073,4701.875281665086,4630.634747094402,4692.97021484375,1254800
2021-06-01,4719.68631852552,4782.021798204159,4648.445770321361,4710.78125,967500
2021-06-02,4684.064672851562,4701.8748046875,4630.63427734375,4630.63427734375,998100
2021-06-03,4657.350280646775,4755.306022687147,4648.445213188559,4728.5908203125,1398300
2021-06-04,4710.781454525354,4782.022005822524,4684.0662477889155,4719.6865234375,987800
2021-06-07,4844.357501153137,4871.072707960966,4808.737225409363,4826.54736328125,1634500
2021-06-08,4835.452099427857,4897.787577689359,4773.116621166357,4790.9267578125,1068700
2021-06-09,4737.495856665462,4746.400924065209,4603.919845669256,4621.72998046875,1259900
2021-06-10,4559.39375,4675.159606933594,4541.5836181640625,4630.63427734375,871200
2021-06-11,4666.254899812621,4692.970099620708,4595.014366991054,4603.91943359375,1077900
2021-06-14,4684.065610735604,4764.211220044768,4657.350407632549,4755.30615234375,772600
2021-06-15,4799.831693683721,4951.2178509984205,4790.926625606386,4933.40771484375,1880300
2021-06-16,4862.167219295058,4995.743241803164,4853.262151127851,4977.93310546875,1124900
2021-06-17,4933.406604469147,4951.216736615245,4853.261009811706,4906.69140625,1330400
2021-06-18,5022.458446304786,5031.363514471993,4951.217900967129,4977.93310546875,1656900
2021-06-21,4853.261686686503,4871.0718213165455,4719.685676961187,4746.40087890625,1521300
2021-06-22,4835.451761652915,4862.166964755969,4728.590949240695,4755.30615234375,1524500
2021-06-23,4790.9268361561335,4799.831904624825,4764.211630750058,4773.11669921875,731200
2021-06-24,4808.737225409363,4826.54736328125,4737.496673921817,4826.54736328125,658000
2021-06-25,4871.071646297679,4888.881780287798,4782.020976347082,4844.3564453125,983900
2021-06-28,4817.641038645258,4862.166371719613,4790.925838800645,4835.451171875,645600
2021-06-29,4853.261305104742,4871.071438334485,4790.925838800645,4835.451171875,737700
2021-06-30,4826.546848317965,4960.122868105362,4826.546848317965,4888.88232421875,1367300
2021-07-01,4915.597684919725,4924.502753189507,4826.547002221904,4853.26220703125,859200
2021-07-02,4773.115909352022,4879.976713292739,4755.305775361902,4844.3564453125,892000
2021-07-05,4888.882374457074,4977.933055230426,4835.451965993062,4933.40771484375,1041700
2021-07-06,4906.692483776181,5022.4583681483955,4897.787415747549,4995.7431640625,1055100
2021-07-07,4951.217950049867,5040.268632604721,4924.502745283411,5022.45849609375,1059100
2021-07-08,4977.932639301686,5013.552908634793,4888.88196596892,4915.59716796875,1307700
2021-07-09,4871.072452374359,4906.692726249125,4657.350809125758,4773.11669921875,2550100
2021-07-12,4879.9774609375,4906.692666015625,4844.3571875,4897.78759765625,1097100
2021-07-13,4906.69140625,4942.311670542196,4879.976208030853,4906.69140625,799000
2021-07-14,4871.0724115880785,5022.458574288256,4817.642001223309,5004.6484375,1589200
2021-07-15,4960.123125175957,5031.3636727547855,4933.407919833896,4942.31298828125,1074800
2021-07-16,4915.596472323049,4942.311670542196,4808.735679446461,4906.69140625,1076400
2021-07-19,4817.641494894657,4844.356697269303,4648.445213188559,4728.5908203125,1691400
2021-07-20,4684.064672851562,4737.495068359375,4612.824145507812,4630.63427734375,1226700
2021-07-21,4692.969948678923,4719.68514762776,4586.109152883578,4639.53955078125,1091600
2021-07-26,4773.116621166357,4835.452099427857,4755.306484520213,4790.9267578125,1523500
2021-07-27,4790.926652479433,4897.787470006855,4773.116516224863,4871.072265625,1040300
2021-07-28,4826.546924988574,4933.407742515996,4782.021584352148,4871.072265625,1717600
2021-07-29,4924.501916956018,5049.1728515625,4915.5968501984125,5049.1728515625,1753600
2021-07-30,5093.698991642442,5147.129400645685,4960.122969134336,4977.93310546875,1795500
2021-08-02,5013.552864640846,5156.033940723001,5004.647797385711,5040.26806640625,1362900
2021-08-03,5031.362718047288,5093.698185350529,5013.552584532076,5049.1728515625,711600
2021-08-04,4995.742730130577,5049.173133661385,4969.027528365173,5040.26806640625,718500
2021-08-05,5022.457856514085,5084.793326364436,5013.5527893926055,5058.078125,1055700
2021-08-06,5147.12896789348,5369.755653356001,5147.12896789348,5360.8505859375,3283500
2021-08-10,5396.470757467267,5503.331564545827,5334.135286671441,5440.99609375,2067200
2021-08-11,5396.4704394531245,5458.805906575521,5289.609638671875,5343.0400390625,1217200
2021-08-12,5307.420073638091,5432.09101496516,5253.989670212204,5271.7998046875,1645000
2021-08-13,5325.230018929259,5325.230018929259,5164.938814346104,5200.55908203125,1302500
2021-08-16,5209.464508424322,5218.3695759600905,5111.5087655308735,5173.84423828125,970400
2021-08-17,5191.653601367859,5245.08399863751,5173.843468944641,5182.74853515625,622600
2021-08-18,5129.318929173693,5298.515213295742,5120.413861588322,5280.705078125,987200
2021-08-19,5191.653919684193,5316.324854290674,5049.1728515625,5049.1728515625,1789000
2021-08-20,5075.889225143323,5138.22470685561,4906.692917638546,4951.21826171875,1596300
2021-08-23,4977.932648827441,5093.698524381568,4977.932648827441,5084.79345703125,913100
2021-08-24,5102.603494578394,5209.464300747575,5102.603494578394,5164.93896484375,1144700
2021-08-25,5191.654274529926,5280.704948192531,5102.60360086732,5253.98974609375,1383600
2021-08-26,5325.230493535851,5369.755832110565,5245.084884101364,5262.89501953125,1000100
2021-08-27,5218.36965666806,5334.135536423495,5191.654453647575,5325.23046875,778200
2021-08-30,5387.565743582589,5503.331619064529,5378.660676237824,5485.521484375,1462000
2021-08-31,5467.711050180288,5565.666785606971,5405.37558218149,5556.76171875,1703300
2021-09-01,5574.572446580685,5823.914345149789,5574.572446580685,5815.00927734375,2316400
2021-09-02,5895.155118008634,6028.731140320008,5895.155118008634,5930.775390625,1654200
2021-09-03,5912.964948071216,6028.730828078635,5895.15481268546,6002.015625,1614400
2021-09-06,6108.876065467194,6286.97740848373,6082.160864014713,6260.26220703125,2007300
2021-09-07,6393.839052278554,6429.4593255503005,6180.117412648073,6295.88330078125,2051600
2021-09-08,6224.642524708538,6349.3134765625,6197.927320739832,6349.3134765625,1488300
2021-09-09,6215.7373046875,6295.882914633327,6171.2119658287065,6215.7373046875,1751600
2021-09-10,6260.262346443965,6456.173828125,6224.642077047413,6456.173828125,2124600
2021-09-13,6411.6489497950815,6545.224969582479,6376.028677851776,6518.509765625,1214200
2021-09-14,6571.939944631357,6741.13623046875,6545.224741604401,6741.13623046875,1744800
2021-09-15,6634.275066174959,6776.756141421669,6571.939595754523,6767.85107421875,1627500
2021-09-16,6839.09142287234,6865.806623742936,6634.274882864444,6696.6103515625,1743200
2021-09-17,6705.515860216425,6865.807075998491,6687.705725129529,6821.28173828125,1445600
2021-09-21,6500.699603296262,6652.085758441517,6500.699603296262,6580.84521484375,1758700
2021-09-22,6545.223948160807,6545.223948160807,6367.1226162380635,6411.64794921875,1834900
2021-09-24,6625.370581454918,6625.370581454918,6438.364153752561,6518.509765625,1449800
2021-09-27,6491.794666591027,6509.6048028505365,6384.933849033973,6438.3642578125,1374600
2021-09-28,6349.313425527454,6349.313425527454,6206.832338839601,6304.7880859375,1747800
2021-09-29,6107.7634835172485,6197.320132835683,5973.428509539596,6036.1181640625,2856000
2021-09-30,6045.073641085949,6071.940635046331,5812.226360095972,5919.6943359375,2729800
2021-10-01,5865.960952640504,5991.3402707122095,5740.581634568799,5776.404296875,2312200
2021-10-04,5865.9609926285275,5874.916658266128,5445.04470766129,5552.5126953125,2424300
2021-10-05,5373.398627123786,5534.6005859375,5212.196668310073,5534.6005859375,3273300
2021-10-06,5525.644626306416,5695.802240406613,5310.708692706166,5382.35400390625,2897300
2021-10-07,5516.6890625,5642.068359375,5462.955078125,5507.7333984375,2170500
2021-10-08,5579.3790116286555,5651.024327989858,5427.1327143611,5436.08837890625,1898700
2021-10-11,5382.354391635347,5489.822366177152,5239.063758912943,5436.08837890625,1724700
2021-10-12,5489.822664980858,5498.778330013452,5391.31034962231,5409.2216796875,1218600
2021-10-13,5239.063275049603,5274.885929921737,5077.861328125,5077.861328125,3450800
2021-10-14,5149.506639600633,5203.2406219269005,5042.038674948099,5122.6396484375,2456700
2021-10-15,5230.108101509713,5301.75341796875,5167.418449608055,5301.75341796875,1995700
2021-10-18,5319.664749587415,5400.26573064177,5230.108103971465,5256.97509765625,2196300
2021-10-19,5077.861523437499,5167.418164062499,5024.1275390625,5149.5068359375,3206700
2021-10-20,5149.507438646019,5194.285764199463,4979.349801542934,5006.216796875,2339500
2021-10-21,4934.571867961712,5068.906855292793,4916.660536317568,4970.39453125,1947700
2021-10-22,4979.349415122062,5015.172072784811,4907.704099796564,4952.482421875,1487700
2021-10-25,4898.748820721457,4970.394141682649,4862.9261602408615,4961.4384765625,1381600
2021-10-26,5024.1278315099535,5068.906154428937,4997.260837758563,5033.08349609375,1307500
2021-10-27,5059.95108844565,5086.81808537545,4961.438766369717,4979.35009765625,1098000
2021-10-28,4997.2612184336485,5095.77353635976,4979.349887901629,5086.81787109375,2488100
2021-10-29,5194.28515625,5194.28515625,5068.905859375,5149.5068359375,2434300
2021-11-01,5158.4625,5167.418164062499,5042.0388671875,5104.728515625,1978300
2021-11-02,5104.728909010601,5149.507232773852,5050.9949204947,5068.90625,1458200
2021-11-04,5158.4625,5283.841796875,5140.551171874999,5283.841796875,1969300
2021-11-05,5400.2654296875,5418.1767578125,5131.5955078125,5194.28515625,2708100
2021-11-08,5364.443069870407,5364.443069870407,5068.90613947688,5301.75341796875,3257700
2021-11-09,5283.842829104744,5633.1137957743795,5265.93149748066,5498.77880859375,4242500
2021-11-10,5445.04433497537,5552.512315270936,5427.133004926108,5454.0,1953400
2021-11-11,5418.177530126634,5489.822852839053,5346.532207414216,5480.8671875,1594100
2021-11-12,5534.600582827428,5668.935548430036,5445.043939092357,5624.1572265625,2699600
2021-11-15,5686.847354776196,5794.3153362837775,5686.847354776196,5758.49267578125,2526900
2021-11-16,5758.491602169061,5803.269919448758,5677.890631065606,5767.447265625,1740600
2021-11-17,5794.314070538777,5910.7376917397105,5776.402744200172,5874.9150390625,2039900
2021-11-18,5919.694648042622,5946.561643419518,5677.891689650564,5758.49267578125,2847900
2021-11-19,5776.404053800491,6152.5419921875,5776.404053800491,6152.5419921875,3783800
2021-11-22,6098.8074198878085,6206.275392044422,6054.0290981558865,6161.4970703125,2045400
2021-11-24,6045.073438080423,6098.807424196694,5928.649801495171,6027.162109375,2227300
2021-11-25,6080.896095491271,6116.718752902118,6027.162109375,6027.162109375,1253700
2021-11-26,6000.2945186103625,6000.2945186103625,5722.668951331375,5812.2255859375,2432900
2021-11-29,5659.98046875,5821.182444125791,5624.15780755538,5659.98046875,2139500
2021-11-30,5821.182046226038,5839.093375599042,5597.290429063499,5606.24609375,2311300
2021-12-01,5713.714360868385,5776.404016865373,5561.468053447126,5668.93603515625,2037800
2021-12-02,5642.068560103997,5812.2261833452285,5427.132614957178,5489.822265625,2995300
2021-12-03,5480.8666968446105,5534.600684068578,5319.664735172711,5525.64501953125,2067500
2021-12-06,5489.8224622161415,5507.733791619783,5427.132809303396,5471.9111328125,1058700
2021-12-07,5543.555763599769,5606.245408745485,5427.132136900582,5579.37841796875,1504700
2021-12-08,5713.713671875,5883.871289062499,5686.8466796875,5865.9599609375,2223900
2021-12-09,5803.271642736487,6018.207629504504,5794.315976621153,5964.4736328125,1919900
2021-12-10,5919.694632022939,6000.295617935505,5874.916306515957,5892.82763671875,1718800
2021-12-13,5991.339556132278,6027.162214165954,5848.048923997574,5883.87158203125,1124500
2021-12-14,5812.225780646252,5865.959763210008,5749.53613432187,5794.314453125,1336900
2021-12-15,5731.625480769231,5830.137793719952,5686.847156700722,5821.18212890625,1342900
2021-12-16,6018.207629504504,6027.163295619839,5901.783970005162,5964.4736328125,1164200
2021-12-17,5821.181542364067,5892.826853654702,5758.491894984762,5785.35888671875,1658800
2021-12-20,5695.803329613095,5767.448654513889,5615.202339099702,5642.0693359375,1106600
2021-12-21,5767.447268634438,5812.2255859375,5677.890634028313,5812.2255859375,944400
2021-12-22,5767.448042674731,5839.093359975039,5740.581048687116,5830.1376953125,850900
2021-12-23,5919.694237838699,5937.605566848801,5865.9602508083935,5928.64990234375,659500
2021-12-24,5955.5166015625,6000.294921875,5919.6939453125,5955.5166015625,787200
2021-12-27,5973.428126178356,5982.383790535445,5892.827146964555,5937.60546875,593400
2021-12-28,6000.29541015625,6009.251074947528,5955.51708619986,6000.29541015625,983100
2021-12-29,5955.5166015625,5982.38359375,5839.092968749999,5910.73828125,907900
2021-12-30,5883.871579818495,5955.516895858903,5830.137592788189,5928.64990234375,956900
2022-01-04,6018.206249999999,6161.496875,5964.472265625,6089.8515625,1670000
2022-01-05,6027.1625684843975,6313.74384960104,6027.1625684843975,6295.83251953125,2303700
2022-01-06,6161.496875,6161.496875,5928.649609374999,5955.5166015625,2526300
2022-01-07,6027.162404530084,6107.763387651586,5937.605756617304,6000.29541015625,1543100
2022-01-11,6000.2956397555845,6009.251304889548,5686.847360066859,5713.71435546875,1877600
2022-01-12,5803.271475401991,5883.872468115907,5749.53748025938,5848.0498046875,1435600
2022-01-13,5848.0490246375775,5964.472665250576,5794.315036662347,5830.1376953125,1551500
2022-01-14,5651.024417182508,5659.98008186901,5525.645111571485,5606.24609375,2018200
2022-01-17,5642.0693282480315,5749.537315452756,5570.424003444882,5686.84765625,1084100
2022-01-18,5722.669627537237,5892.827253395152,5704.758298499562,5749.53662109375,1393300
2022-01-19,5507.7333984375,5525.644726562499,5355.487109375,5373.3984375,2622200
2022-01-20,5283.842190166382,5337.576178540955,5149.5072192299485,5248.01953125,2611900
2022-01-21,5068.906348520464,5095.773343300608,4979.349699253318,5059.95068359375,2770600
2022-01-24,4988.305173174766,5068.906154428937,4871.88153358541,5033.08349609375,2122400
2022-01-25,5024.127737200497,5077.86172369462,4898.748435380877,4952.482421875,1943300
2022-01-26,4934.570799886962,4934.570799886962,4746.501858330472,4889.79248046875,1762700
2022-01-27,4952.483168491098,4961.438834256905,4576.345206327217,4621.12353515625,2310800
2022-01-28,4710.6794914476795,4746.50214917732,4585.300189393939,4728.5908203125,2202100
2022-01-31,4755.458752708713,4970.394741531706,4710.6804217039235,4907.705078125,2118200
2022-02-01,5149.5068359375,5221.1521484375,5050.994531249999,5104.728515625,2212300
2022-02-02,5176.373828125,5310.7087890625,5077.861523437499,5283.841796875,2793500
2022-02-03,5158.463386602452,5265.931373823337,5068.9067305850485,5113.68505859375,1772600
2022-02-04,5024.127350797358,5212.1962890625,5006.216023343535,5212.1962890625,1700700
2022-02-07,4728.591209829868,4764.413870510397,4594.256232277883,4737.546875,3895300
2022-02-08,4683.81220665637,4782.32450928203,4630.07822340601,4665.90087890625,2472200
2022-02-09,4737.546577666724,4827.103223747381,4683.81259001833,4809.19189453125,2239700
2022-02-10,4871.8818469101125,4898.748842389396,4755.458199833216,4782.3251953125,1733900
2022-02-14,4603.21123178083,4692.76787053143,4576.34424015565,4665.90087890625,2184700
2022-02-15,4692.7684754022275,4710.679805461015,4495.74384475557,4522.61083984375,1891300
2022-02-16,4665.901657542125,4701.724319020375,4603.211999955187,4683.81298828125,1772300
2022-02-17,4728.591125606796,4782.325115670509,4603.211815458131,4612.16748046875,1776100
2022-02-18,4531.56611083514,4656.945410344412,4531.56611083514,4647.98974609375,1352200
2022-02-21,4495.743835330703,4612.16748046875,4415.142850235134,4612.16748046875,1241200
2022-02-22,4450.965519608601,4549.477834931931,4424.098524520421,4522.61083984375,1367200
2022-02-24,4464.398931748027,4486.788093893203,4343.497456164078,4397.2314453125,2167200
2022-02-25,4504.6994079470405,4576.3447265625,4464.398916225844,4576.3447265625,1558600
2022-02-28,4576.344825176164,4621.123150275735,4486.788174977022,4567.38916015625,1347600
2022-03-01,4647.989846034357,4665.901174920809,4567.388866045322,4594.255859375,1288600
2022-03-02,4522.610449412513,4567.388770693825,4468.876463874938,4513.65478515625,1033900
2022-03-03,4585.300098231827,4621.122755249263,4540.521776960032,4558.43310546875,921800
2022-03-04,4513.655386346349,4522.6110517954485,4352.4534082625505,4415.14306640625,1888600
2022-03-07,4227.073728925185,4271.852052324816,4119.60575276607,4249.462890625,1859200
2022-03-08,4124.084453876202,4303.19778520633,4070.3504544771636,4191.251953125,1718500
2022-03-09,4280.808618790064,4294.242118639824,4177.81845327524,4191.251953125,1307000
2022-03-10,4442.009375,4442.009375,4325.5857421875,4343.4970703125,1624600
2022-03-11,4321.1071003751,4334.540593951396,4074.8263848096803,4168.86083984375,2110300
2022-03-14,4227.073728925185,4325.586040404373,4213.640231905295,4249.462890625,1583800
2022-03-15,4236.029774486213,4392.753920476717,4222.596276258455,4303.197265625,1518000
2022-03-16,4428.576750760093,4531.5669077545135,4397.2319203704865,4464.3994140625,2010300
2022-03-17,4692.76845610119,4782.325106026786,4665.901461123512,4701.72412109375,2135600
2022-03-18,4710.680552088229,4773.370217230087,4701.724885639392,4764.41455078125,1486000
2022-03-22,4764.413672610641,4862.925985390184,4710.679683821799,4755.4580078125,1429500
2022-03-23,4898.748906354074,5059.9508813346465,4889.793241077376,5042.03955078125,1669000
2022-03-24,4907.703717482364,5077.861328125,4907.703717482364,5077.861328125,1444200
2022-03-25,5131.59619140625,5176.374517683791,5059.950869362184,5131.59619140625,1379700
2022-03-28,5131.595903268551,5131.595903268551,5068.90625,5068.90625,999200
2022-03-29,5149.5074178270725,5212.197073348446,5122.6404226036275,5185.330078125,1374000
2022-03-30,5257.4733671046815,5275.50929632288,5023.006287268109,5104.16796875,2018200
2022-03-31,5013.988179194819,5095.149858354448,4968.898357439471,5004.97021484375,1502500
2022-04-01,4896.755968771346,4977.917669911202,4860.684101598076,4950.86376953125,1300700
2022-04-04,4914.791317682197,4950.863180564268,4878.719454800125,4941.84521484375,730000
2022-04-05,5013.988940607893,5050.060803489963,4914.791317682197,4941.84521484375,1203500
2022-04-06,4824.611083517567,4842.6470128017445,4698.359578528322,4716.3955078125,2350500
2022-04-07,4599.162294286242,4599.162294286242,4536.036537305843,4572.1083984375,1753600
2022-04-08,4617.198094282849,4635.234024338641,4472.9106538365095,4495.45556640625,1758500
2022-04-11,4481.928828396807,4635.234241038146,4441.3479838741,4536.03662109375,1360600
2022-04-12,4518.000149321483,4527.018113691386,4373.712719403033,4423.3115234375,1507100
2022-04-13,4472.910862947317,4563.090517442221,4463.892897497825,4536.03662109375,1519500
2022-04-14,4626.2159219585965,4671.305745759362,4581.126098157831,4635.23388671875,1431400
2022-04-15,4490.946209303412,4572.107887784799,4472.910280751992,4527.01806640625,1128600
2022-04-18,4504.473224843908,4518.000171465061,4423.311545116991,4468.4013671875,881300
2022-04-19,4545.0547028487235,4608.180462610511,4499.964874447446,4590.14453125,1078300
2022-04-20,4671.305621770423,4689.341550812008,4563.0900475209155,4581.1259765625,1011700
2022-04-21,4581.125939146313,4752.467263641942,4581.125939146313,4707.37744140625,1340000
2022-04-22,4617.197957198443,4671.305745759362,4590.144062917984,4635.23388671875,1009000
2022-04-25,4572.108214613971,4644.251933976716,4536.036354932598,4599.162109375,1074900
2022-04-26,4653.269816239056,4662.28778099921,4563.090168637525,4635.23388671875,987200
2022-04-27,4499.964759295788,4563.090517442221,4418.803070250373,4536.03662109375,1608400
2022-04-28,4554.0721242308155,4689.341593267374,4518.000265821066,4671.3056640625,1450400
2022-05-02,4680.32445742479,4878.719713808885,4662.288525026236,4833.6298828125,2101100
2022-05-06,4815.593664686919,4860.683493007958,4752.467905037465,4851.66552734375,1353400
2022-05-09,4797.5573318995785,4896.754945905021,4779.521402080407,4815.59326171875,1440200
2022-05-10,4743.449401738767,4779.521260307122,4590.1440028232555,4716.3955078125,2176300
2022-05-11,4490.946278222755,4626.215744434284,4459.383402773398,4468.4013671875,3149100
2022-05-12,4373.712312516059,4450.365002529226,4292.55064073741,4387.2392578125,2005900
2022-05-13,4423.311846183081,4536.036409031783,4400.76693361334,4495.45556640625,1648700
2022-05-16,4581.125540142786,4653.269249436373,4486.436921694953,4499.9638671875,1267200
2022-05-17,4499.964835882427,4518.000767088369,4436.839076661631,4477.419921875,846100
2022-05-18,4545.054618969298,4644.252239621405,4527.018687941642,4626.21630859375,1229400
2022-05-19,4454.874473271408,4599.1619056040845,4427.82057970903,4581.1259765625,1824800
2022-05-20,4626.2159219585965,4662.28778099921,4563.090168637525,4635.23388671875,1258300
2022-05-23,4698.359455278349,4707.377419683873,4626.215740034151,4662.28759765625,1008200
2022-05-24,4689.341675279669,4698.359640039822,4590.144062917984,4635.23388671875,1078600
2022-05-25,4635.233969056373,4671.305828737745,4572.108214613971,4599.162109375,1178400
2022-05-26,4590.144085385101,4617.19797979798,4436.838683712122,4463.892578125,1640800
2022-05-27,4572.108195389852,4626.215984684406,4527.018370977723,4554.072265625,1119000
2022-05-30,4644.2517906757885,4752.467366380855,4626.215861391611,4716.3955078125,1609500
2022-05-31,4725.413312146892,4824.610919844633,4689.34145480226,4788.5390625,1709500
2022-06-01,4788.539449439859,4797.557414504717,4734.431659050708,4779.521484375,864500
2022-06-02,4941.844208741103,5113.18552254782,4923.808280971974,5068.095703125,3010600
2022-06-03,5086.132160320149,5230.419597492351,5050.060301027098,5158.27587890625,2346900
2022-06-06,5068.095703125,5095.149594778692,4977.9160642793595,5068.095703125,1318500
2022-06-07,5104.168307763925,5257.473716301004,5041.042551307481,5221.40185546875,2038900
2022-06-08,5221.40175409548,5257.4736142274005,5185.32989396356,5212.3837890625,1359300
2022-06-09,5185.330043556416,5185.330043556416,5004.970737693584,5095.150390625,1803200
2022-06-10,5032.024872048928,5059.078769210481,4914.791317682197,4941.84521484375,1586200
2022-06-13,4770.503602698729,4788.539533143715,4725.413776586264,4743.44970703125,1438000
2022-06-14,4662.287858255793,4833.6291915379215,4635.233963527036,4815.59326171875,1711500
2022-06-15,4833.629322613857,4851.665252922117,4626.216124068859,4653.27001953125,1235100
2022-06-16,4779.5212392917465,4842.646991508807,4671.3056640625,4671.3056640625,1096400
2022-06-17,4477.419728330923,4518.000571790116,4396.258041412538,4481.9287109375,2481400
2022-06-20,4536.036754169366,4536.036754169366,4301.569645603951,4351.16845703125,1820900
2022-06-21,4436.839361887007,4508.983091348585,4346.659700060036,4459.38427734375,1275100
2022-06-22,4508.982532429245,4518.000497494104,4301.5693359375,4301.5693359375,1647400
2022-06-23,4260.988877240349,4369.2044677734375,4238.443962545956,4292.5517578125,1333300
2022-06-24,4306.079029169064,4432.3305609143345,4247.4622465730445,4409.78564453125,1336100
2022-06-27,4472.910939073515,4508.982801485397,4427.821111058661,4477.419921875,875300
2022-06-28,4477.419525331439,4477.419525331439,4364.694965277778,4463.892578125,979500
2022-06-29,4337.640637118666,4364.694528826267,4283.532853703464,4360.185546875,2136100
2022-06-30,4328.623068058569,4333.132050421129,4152.772755918689,4157.28173828125,2396400
2022-07-01,4143.755411226455,4175.318292487157,3927.324225438784,3949.869140625,2647000
2022-07-04,3886.7428882480626,3940.8506778756455,3810.0901862756527,3927.32373046875,2659400
2022-07-05,3936.342041015625,3976.9228867992915,3904.7791609616625,3936.342041015625,1468600
2022-07-06,3886.743096368963,4008.4856295498935,3886.743096368963,3967.90478515625,1424600
2022-07-07,3990.4500699941973,4089.6476988528098,3904.7793905253952,4067.102783203125,1715000
2022-07-08,4125.719137202218,4206.880825147179,4107.683206547782,4116.701171875,1940400
2022-07-11,4166.300177323191,4175.318143074973,4089.6474684330456,4112.1923828125,989800
2022-07-12,4003.9765625,4022.0124929617114,3936.341823268581,4003.9765625,1333600
2022-07-13,4040.04843225084,4062.5933453772395,3999.4675886233204,4026.521484375,924700
2022-07-14,4026.5214105399764,4130.228009019729,4008.485480369585,4085.13818359375,1013700
2022-07-15,4125.719077584499,4152.772973175217,4049.066373410798,4089.647216796875,1004500
2022-07-19,4058.084116429253,4152.772745812602,4044.5571693744887,4134.73681640625,1073500
2022-07-20,4260.988877240349,4319.605655445773,4224.91701372932,4292.5517578125,1678700
2022-07-21,4283.533614842939,4355.6773388823985,4279.024632090473,4342.150390625,1167000
2022-07-22,4310.587611318006,4391.749302744495,4301.569645603951,4351.16845703125,796800
2022-07-25,4306.079201055544,4369.204969447982,4288.043267229134,4315.09716796875,801300
2022-07-26,4256.479207871836,4288.042083353936,4220.407350178007,4274.51513671875,1013800
2022-07-27,4265.497103846904,4337.640818076873,4202.371353895682,4333.1318359375,1158100
2022-07-28,4396.258758060516,4427.82164145172,4251.971291129299,4260.9892578125,1703000
2022-07-29,4247.461712086887,4283.533573760661,4175.317988739339,4229.42578125,1671700
2022-08-01,4242.952159792878,4279.024016624274,4202.371320857558,4265.4970703125,1030100
2022-08-02,4270.006110355772,4279.0240746859845,4139.245627567686,4184.33544921875,1891900
2022-08-03,4242.952830472906,4260.988761739528,4188.8450366730385,4238.44384765625,1424400
2022-08-04,3972.414026016064,4058.0847030811096,3927.3241959818292,4012.994873046875,3878100
2022-08-05,3981.4310092082064,4094.155556467782,3958.8860997562915,4076.11962890625,1705500
2022-08-08,4031.0305921617446,4103.17431640625,4022.0126266311813,4103.17431640625,1245300
2022-08-09,4080.6290799339345,4094.1560271602348,4031.0302734375,4031.0302734375,930400
2022-08-10,3967.9050727739723,3985.941004922945,3931.8332084760273,3949.869140625,1255800
2022-08-12,4040.0477737831857,4094.155556467782,4008.484900550505,4076.11962890625,1867300
2022-08-15,4098.6650581899485,4170.808777586031,4098.6650581899485,4143.7548828125,1021800
2022-08-16,4134.737042781405,4157.28195577367,4076.120269001516,4089.647216796875,1174000
2022-08-17,4089.647275893346,4116.701171875,4053.5754145844744,4116.701171875,1102500
2022-08-18,3994.9579548793554,4080.628610796633,3949.8681359755255,4076.11962890625,1176500
2022-08-19,4139.245375371612,4143.754357261995,4062.5926832351006,4076.11962890625,932000
2022-08-22,4022.0121667044505,4049.0660602024627,3990.44929095677,4040.048095703125,882600
2022-08-23,4008.4854852585563,4012.994467806654,3972.4136248737777,3976.922607421875,1035700
2022-08-24,3990.4496987082744,4017.503594970703,3954.3778370250357,3967.90478515625,994500
2022-08-25,3990.44901368296,3994.9579956193247,3958.8861401284053,3972.4130859375,769900
2022-08-26,4008.485536257786,4026.5214666796433,3954.377744992214,3981.431640625,879400
2022-08-29,3841.6529944131544,3891.2518006790515,3823.6170648619186,3877.724853515625,1781900
2022-08-30,3913.796671549479,3918.3056538899737,3877.7248128255205,3895.7607421875,1188200
2022-08-31,3873.215408640894,3931.8321726831896,3855.179481243265,3922.814208984375,1423000
2022-09-01,3886.743003398529,3891.2519860010793,3814.5992817577207,3850.671142578125,1489400
2022-09-02,3841.65282107807,3841.65282107807,3792.0540170500667,3819.10791015625,1045800
2022-09-05,3796.5633246657108,3810.0902723782965,3742.455533815368,3783.036376953125,1294100
2022-09-06,3796.5630392524836,3828.125914875723,3755.982199165462,3801.072021484375,790500
2022-09-07,3755.982166824709,3774.0180955969768,3674.8204873495056,3733.437255859375,1366100
2022-09-08,3778.527385318308,3792.054332998445,3733.4375597178505,3760.491455078125,2164400
2022-09-09,3755.982199165462,3819.1079504119402,3733.4372880060055,3801.072021484375,1932700
2022-09-12,3864.1979063521985,3922.8146773937137,3864.1979063521985,3877.724853515625,1212000
2022-09-13,3913.7962452855604,3940.850136382004,3895.760317887931,3922.814208984375,945300
2022-09-14,3792.0541684857535,3868.706868681066,3783.0362037568934,3832.635009765625,1371500
2022-09-15,3837.1442787404885,3873.21614035027,3810.0903825331525,3814.599365234375,805500
2022-09-16,3765.000284977625,3778.527232109281,3742.4553730915313,3746.96435546875,1055000
2022-09-20,3810.09025398871,3864.198044577899,3728.928568104927,3737.946533203125,1101300
2022-09-21,3697.366154551213,3719.911070127745,3656.785306513456,3670.312255859375,1281100
2022-09-22,3629.7310409641623,3643.2579889429107,3566.605283730003,3593.6591796875,1522600
2022-09-26,3535.042498978758,3544.0604645373774,3431.3358950546362,3449.371826171875,1690600
2022-09-27,3498.9704404985314,3539.551283236272,3444.862650181544,3453.880615234375,1237300
2022-09-28,3426.826997502477,3489.9527579827854,3345.665305456366,3413.300048828125,1947800
2022-09-29,3495.4380220005396,3513.6909620632055,3404.1733216872094,3436.115966796875,1406900
2022-09-30,3408.736577508914,3426.989517682991,3372.230697160759,3399.610107421875,2007000
2022-10-03,3376.79387901844,3513.690928167836,3372.2306440467933,3495.43798828125,1443700
2022-10-04,3554.7597788900794,3573.0127174209656,3500.0009632974206,3527.38037109375,1295400
2022-10-05,3591.265871625517,3614.082046159351,3545.633522557848,3586.70263671875,1424600
2022-10-06,3586.702861463588,3646.0249189687106,3586.702861463588,3618.6455078125,1041000
2022-10-07,3554.7604917948743,3595.8296117257523,3518.254607411872,3563.886962890625,1049400
2022-10-11,3449.8056718438747,3477.1850819378737,3413.2997917185426,3436.115966796875,1293000
2022-10-12,3404.1736168686225,3417.8633231026784,3322.0353794642856,3353.97802734375,1452400
2022-10-13,3363.104498166454,3390.483910634566,3326.598614875638,3353.97802734375,917500
2022-10-14,3454.369140625,3472.6220819228865,3395.0470814068694,3454.369140625,1380100
2022-10-17,3408.736556702876,3440.6792018125416,3399.6100866715433,3436.115966796875,688200
2022-10-18,3500.00146484375,3504.5647001303782,3426.989700257701,3500.00146484375,1283000
2022-10-19,3481.748293578781,3518.254173459031,3468.0585886236877,3477.18505859375,730400
2022-10-20,3440.679188912022,3477.185068900478,3404.1733089235654,3458.93212890625,1301100
2022-10-21,3463.495114938836,3509.127461644223,3449.8054109272202,3468.058349609375,918600
2022-10-24,3504.564437984496,3582.1394320544655,3495.4379680939114,3531.94384765625,1470400
2022-10-25,3568.449682370581,3618.645266137942,3554.7599777067553,3614.08203125,1114100
2022-10-26,3623.208491186401,3655.151135315248,3609.518786559752,3632.3349609375,1647800
2022-10-27,3632.3349609375,3700.7834840707446,3618.6452563108514,3632.3349609375,1235200
2022-10-28,3577.576418821839,3614.0823006465516,3545.6337722252156,3573.01318359375,1425400
2022-10-31,3673.404038284622,3728.1628562466285,3659.71433379412,3700.783447265625,2071100
2022-11-01,3659.7143579071085,3668.840827627575,3614.0820093047755,3655.151123046875,1290400
2022-11-02,3650.588148584906,3687.094030070755,3627.77197265625,3627.77197265625,1194100
2022-11-04,3504.564197930142,3550.196544257358,3486.311259399256,3527.38037109375,1512900
2022-11-07,3559.3234340777535,3646.02490234375,3545.63372856207,3646.02490234375,1483400
2022-11-08,3518.2540292113363,3819.427525875342,3513.690794413397,3750.97900390625,4347000
2022-11-09,3728.1629640083092,4006.5202966943643,3723.599729046243,3947.1982421875,4470000
2022-11-10,3883.312765017258,3915.255408207764,3819.4274786362453,3842.24365234375,2170700
2022-11-11,4161.670675069061,4184.4868520157115,4079.5324380611187,4129.72802734375,4159100
2022-11-14,4193.6128220395185,4234.681935639471,4138.85400390625,4138.85400390625,2286100
2022-11-15,4152.544151628521,4271.188270246479,4129.727974971222,4211.8662109375,1746500
2022-11-16,4198.176013513514,4248.371596283784,4175.359839527027,4220.9921875,2175700
2022-11-17,4157.107175057395,4207.302761144805,4138.854234661972,4161.67041015625,1855700
2022-11-18,4198.176076717186,4207.30254644918,4093.221674799256,4102.34814453125,1308500
2022-11-21,4102.348693917093,4116.038400348408,3983.7045715123722,4011.083984375,1511700
2022-11-22,3988.2673042245697,4079.532002261745,3965.451129715276,4043.026123046875,1283000
2022-11-24,4116.038059167694,4161.67041015625,4102.348353871128,4161.67041015625,1600500
2022-11-25,4161.670426324504,4161.670426324504,4097.785134692329,4134.291015625,1090600
2022-11-28,4074.9689886849687,4106.911634732891,4052.152812936453,4084.095458984375,1039000
2022-11-29,3992.8305764970223,3997.39381144159,3951.76146199591,3974.57763671875,1265800
2022-11-30,3947.198463955559,4001.957286576908,3938.0719935186676,3983.704345703125,970400
2022-12-01,4125.164617365057,4125.164617365057,4001.9572670676494,4015.64697265625,1537800
2022-12-02,3997.393322332974,3997.393322332974,3910.691868994702,3970.013916015625,1459900
2022-12-05,3970.0148650810584,4029.336926283419,3956.325158649744,4011.083984375,971900
2022-12-06,4006.5204912418694,4047.5896078946903,3983.7043153236355,4033.89990234375,812800
2022-12-07,3970.0144169978325,3997.3938267702315,3933.5085373013007,3947.1982421875,999200
2022-12-08,3910.691914708161,3919.8183835872933,3860.4963358729337,3865.0595703125,1350200
2022-12-09,3906.129102678571,3997.393801339286,3906.129102678571,3992.83056640625,1314500
2022-12-12,3942.634992106774,3988.267341552454,3924.3820523285017,3974.57763671875,666000
2022-12-13,3992.8303494237944,3997.39358410885,3933.5082985180693,3938.071533203125,766600
2022-12-14,3974.57763671875,4011.083516275294,3970.0144017741823,3974.57763671875,977300
2022-12-15,3933.508539835612,3956.3247146606445,3919.8188349405923,3942.635009765625,563800
2022-12-16,3874.186790801966,3897.002967426241,3828.554437553415,3837.680908203125,1953500
2022-12-19,3801.1748206289676,3814.8645258653264,3728.163059368387,3773.79541015625,1013300
2022-12-20,3755.5425436401365,3787.4851898193356,3591.2660775756835,3650.588134765625,1766800
2022-12-21,3604.955359850016,3614.081829115459,3500.0009632974206,3527.38037109375,1735200
2022-12-22,3559.323486328125,3582.139662522536,3536.507310133714,3559.323486328125,776800
2022-12-23,3486.311736391129,3568.4499710181453,3449.8058543346774,3536.50732421875,1025800
2022-12-26,3568.4501984385,3582.139905082126,3536.507549603373,3563.886962890625,581000
2022-12-27,3591.2661330003007,3600.392603478065,3550.197015850361,3559.323486328125,657800
2022-12-28,3495.4384670381583,3518.2546450214363,3463.4958178615693,3509.128173828125,1024300
2022-12-29,3463.4953384399414,3504.564453125,3436.1159286499023,3504.564453125,911200
2022-12-30,3568.4497478275944,3577.5762177708875,3477.1850483946637,3495.43798828125,918400
2023-01-04,3458.9323586480173,3495.4382410611893,3408.7367703299064,3481.74853515625,892800
2023-01-05,3504.5641848523746,3577.575938703466,3481.7480117739087,3554.759765625,1125600
2023-01-06,3527.3807512684502,3750.979272370849,3518.2542810193727,3709.91015625,2245700
2023-01-10,3805.737779017857,3842.2436569940473,3746.4157273065475,3833.1171875,2040600
2023-01-11,3892.439723299578,3915.2558998722598,3842.244134839677,3851.37060546875,1286200
2023-01-12,3897.0024505974266,3924.381858915441,3851.3701034007354,3878.74951171875,1089800
2023-01-13,3833.117418639053,3915.255649038462,3814.864478550296,3855.93359375,1295800
2023-01-16,3810.3012907865404,3842.243936338044,3746.4159996835324,3773.79541015625,1135200
2023-01-17,3901.5663875353875,3970.014920650043,3878.750209830502,3928.94580078125,2043100
2023-01-18,3965.451331922743,4134.291031901042,3942.63515625,4106.91162109375,2853600
2023-01-19,4043.0259057226117,4084.095017631758,3988.26708984375,3988.26708984375,1520300
2023-01-20,3951.760964892745,4024.7727148214794,3933.5080274105617,4001.95654296875,1130400
2023-01-23,4065.8425102658684,4134.291037374722,4061.2792751252787,4097.78515625,1576700
2023-01-24,4179.922877488938,4220.991988730641,4125.1640625,4125.1640625,1035300
2023-01-25,4084.0952002115705,4134.290783677858,4052.1525561875696,4111.474609375,1112900
2023-01-26,4093.221714525234,4111.474654166372,4006.5202512298274,4029.33642578125,1440900
2023-01-27,4088.6587134009005,4125.164594770552,4029.3366561752177,4052.15283203125,1298100
2023-01-30,4043.026130512104,4079.53200979438,4011.083486140112,4029.33642578125,1091100
2023-01-31,4029.3364458705355,4038.462915736607,3965.4511568080356,3992.83056640625,1257600
2023-02-01,4038.463653146404,4056.7165962114723,3979.141588184931,3997.39453125,1066200
2023-02-02,4061.279319019274,4070.405789399093,4011.0837319302723,4024.7734375,1164700
2023-02-03,4079.5319702012657,4198.176076717186,4043.02609127329,4102.34814453125,2114100
2023-02-06,4152.543728057217,4166.233432655207,4102.34814453125,4102.34814453125,1198600
2023-02-07,4097.785118772273,4193.613055848238,4079.53217837685,4161.67041015625,1282100
2023-02-08,4097.784464750213,4189.049152161132,3979.1403711160206,4001.95654296875,3391500
2023-02-09,4015.6467512198624,4038.4629259427024,3933.508522217638,3974.57763671875,1529700
2023-02-10,4015.6467210503965,4033.899660691535,3965.4511370372666,4029.33642578125,2066000
2023-02-13,3974.5779353038806,4029.336758752384,3878.7499942689997,3887.87646484375,1792900
2023-02-14,3874.1862769990807,3915.2553894761027,3842.243633961397,3878.74951171875,1275000
2023-02-15,3869.6230916390227,3883.312795972651,3760.105456969994,3782.921630859375,1890400
2023-02-16,3773.7951312212367,3860.4965913097535,3769.2318964797355,3842.24365234375,1624000
2023-02-17,3778.358613770113,3842.2439043411055,3750.979203525402,3828.55419921875,1573500
2023-02-20,3801.174794186828,3837.680674563172,3792.048324092742,3819.427734375,1628800
2023-02-21,3801.175057652485,3814.86476374247,3746.4162332925453,3787.4853515625,1292500
2023-02-22,3723.5998752707305,3732.7263455532566,3655.151348151783,3687.093994140625,1409300
2023-02-24,3737.2892854110055,3842.2436853676027,3723.5995810688405,3778.3583984375,1559500
2023-02-27,3746.4160102853507,3764.668950652149,3719.0365997351532,3755.54248046875,635400
2023-02-28,3764.6689453125,3810.301296164773,3764.6689453125,3764.6689453125,854300
2023-03-01,3764.6686617382347,3846.8068870852508,3764.6686617382347,3842.24365234375,1130600
2023-03-02,3851.370126488095,3869.6230654761903,3814.864248511905,3833.1171875,1333900
2023-03-03,3883.313463998538,3901.56640625,3837.681108369883,3901.56640625,1524500
2023-03-06,3919.8191118553773,3924.382347142752,3869.623523694249,3887.87646484375,1736300
2023-03-07,3865.0598307291666,3865.0598307291666,3796.6113095238093,3833.1171875,1634400
2023-03-08,3810.3012106301903,3919.818850217166,3805.7379756473997,3915.255615234375,1155000
2023-03-09,3974.57715040185,3997.393322332974,3956.3242128569505,3970.013916015625,1468100
2023-03-10,3938.072290752924,3947.1987618786548,3874.186992872807,3901.56640625,1891200
2023-03-13,3874.1865390764015,3874.1865390764015,3782.9218385092304,3846.80712890625,1189900
2023-03-14,3764.668713081174,3796.611356707317,3687.093721417683,3741.8525390625,1316400
2023-03-15,3782.921657123892,3796.6113615525674,3714.4731349805165,3732.72607421875,754400
2023-03-16,3668.8412726907172,3764.6692163804,3641.4618602079504,3723.60009765625,880200
2023-03-17,3755.542459315772,3823.990985305731,3737.2895190517825,3792.04833984375,1275600
2023-03-20,3792.048355823864,3810.301296164773,3750.9792400568185,3764.6689453125,744500
2023-03-22,3842.243620400117,3910.6921409535635,3823.990681585865,3906.12890625,1325800
2023-03-23,3887.8762053376313,3942.635025131119,3878.74973537205,3915.255615234375,864500
2023-03-24,3933.5085681052165,3938.0718031030187,3855.933573142585,3892.439453125,852800
2023-03-27,3892.4394634772525,3901.5659334971288,3860.4968184076856,3874.1865234375,668300
2023-03-28,3855.933835004802,3878.7500115432917,3810.301481927822,3860.4970703125,869300
2023-03-29,3865.0600431381886,3906.1291581184055,3833.1173981535753,3892.439453125,967900
2023-03-30,3947.781991232538,3975.4533603299624,3938.5582015333966,3961.61767578125,949000
2023-03-31,4049.244083988774,4118.422513669676,4040.0202933646538,4095.363037109375,2298200
2023-04-03,4118.421915505149,4127.645704789595,4058.46728515625,4058.46728515625,1089400
2023-04-04,4058.46702034468,4058.46702034468,4012.348076931672,4030.795654296875,1356500
2023-04-05,3980.065825206694,4007.7371982672275,3933.9468701058054,3957.00634765625,893000
2023-04-06,3878.6035586739504,3883.2154535118507,3781.7537670780493,3818.64892578125,1652500
2023-04-07,3827.8729058677654,3883.2156466754923,3827.8729058677654,3864.76806640625,829000
2023-04-10,3887.8274711554523,3929.3345260076458,3860.15610125399,3883.215576171875,642500
2023-04-11,3980.065858961107,4058.468083297537,3980.065858961107,4026.184814453125,1562000
2023-04-12,4090.7505571272472,4104.5862410859645,4040.019715945286,4072.302978515625,1143600
2023-04-13,4030.7960552250574,4053.855529225201,3998.5127916248566,4021.572265625,1201700
2023-04-14,4086.13881985581,4099.974504347421,4012.3485025672176,4063.079345703125,1628100
2023-04-17,4058.46728515625,4072.302969082919,4035.4078119451347,4058.46728515625,712000
2023-04-18,4072.3036757789996,4072.3036757789996,3998.5133486980667,4003.125244140625,1360100
2023-04-19,3920.110508181014,3966.229455336085,3897.051034603479,3910.88671875,1351000
2023-04-20,3846.320587807513,3901.663330078125,3841.7086926182956,3901.663330078125,1048500
2023-04-21,3864.7682809898984,3887.8277576067835,3804.813641785998,3809.425537109375,1458900
2023-04-24,3823.261381871492,3832.485172901339,3786.366217752105,3800.201904296875,718600
2023-04-25,3814.03717968038,3837.0966547691373,3790.9777045916235,3795.589599609375,689900
2023-04-26,3731.0230107105285,3744.8586955462906,3680.292166312734,3698.73974609375,1504900
2023-04-27,3717.1870993434795,3726.410888671875,3657.232468708907,3726.410888671875,1114800
2023-04-28,3772.529977402249,3841.70839997075,3763.306187726449,3818.64892578125,1135900
2023-05-01,3837.096584038694,3841.7084789714327,3758.694370182134,3814.037109375,1558900
2023-05-02,3841.7084350585938,3901.663068498884,3800.2013811383927,3873.99169921875,1285700
2023-05-08,3878.6037516081815,3901.6632269447346,3846.3204861370077,3864.76806640625,996900
2023-05-09,3924.7222460937496,3943.16982421875,3897.0508789062496,3920.1103515625,1479300
2023-05-10,3883.2156521267357,3897.05133734809,3735.635009765625,3735.635009765625,2884900
2023-05-11,3694.1282737175525,3777.142392228059,3684.9044827719404,3731.0234375,1713300
2023-05-12,3731.0228617879684,3758.694230354999,3694.1277036985944,3721.799072265625,1347600
2023-05-15,3744.858678156407,3767.918152775597,3648.0088847558104,3671.068359375,1548600
2023-05-16,3694.127772805106,3740.2467212795764,3680.2920882627645,3703.3515625,1340500
2023-05-17,3712.5754136895416,3749.4705730802452,3648.0088847558104,3671.068359375,1129500
2023-05-18,3712.575300716386,3772.529932901868,3694.1277215823916,3749.470458984375,1175500
2023-05-19,3837.0964264173704,3864.767794877111,3804.8131632143395,3823.2607421875,1593000
2023-05-22,3814.0369527009198,3837.0964264173704,3786.365584241179,3823.2607421875,853600
2023-05-23,3855.5443066048533,3873.991887019231,3772.530194740156,3777.14208984375,1170200
2023-05-24,3809.425118328011,3818.6489079607663,3744.858590898723,3790.9775390625,1026100
2023-05-25,3786.365661915949,3837.09650513285,3744.8586083748487,3818.64892578125,1127300
2023-05-26,3883.2165377869896,4109.19944794324,3869.3808494100763,4067.6923828125,3235300
2023-05-29,4196.824394553294,4256.779028761199,4086.138916015625,4086.138916015625,2074800
2023-05-30,4072.303388086379,4095.3628636701073,3989.289275984958,4076.915283203125,1082400
2023-05-31,4058.467909414557,4058.467909414557,3970.8418977340157,4007.737060546875,1651900
2023-06-01,3989.28955781295,4016.9609304683,3952.394394272483,4003.125244140625,949200
2023-06-02,4030.7958889073266,4058.4672565657293,3998.51262663919,4016.960205078125,992200
2023-06-05,4053.8559693517595,4177.454763411632,4006.8146372841966,4167.30859375,1769600
2023-06-06,4134.102966198223,4134.102966198223,4060.312641054122,4080.60498046875,1142400
2023-06-07,4128.569411670918,4128.569411670918,4018.8062838807396,4067.6923828125,1657300
2023-06-08,4009.5816934075156,4028.0292742375477,3903.5081036348297,3929.334716796875,1758600
2023-06-09,3993.9011372250134,3993.9011372250134,3883.2156553619643,3907.197509765625,1800700
2023-06-12,3904.4304826763314,3981.9103221624673,3893.3619341783124,3929.334716796875,1086300
2023-06-13,3965.3076024326906,3973.609014021873,3918.266270093992,3937.63623046875,1375600
2023-06-14,3992.978917476286,4010.5041194702912,3933.0242790757407,3983.755126953125,1492000
2023-06-15,3990.211329169452,4018.805076558322,3956.083308092413,3967.15185546875,1195100
2023-06-16,3983.754607370346,3995.745533486534,3898.895745625018,3985.599365234375,2127300
2023-06-19,4020.6494026991945,4064.001208601205,3929.3338966502797,3963.4619140625,1616500
2023-06-20,3938.558514939693,3988.366983278509,3912.731901726974,3943.17041015625,1179400
2023-06-21,3903.508306031586,3963.462946837837,3877.681691530432,3945.937744140625,1338300
2023-06-22,3919.1887238518216,3945.937717260083,3861.078841620081,3862.001220703125,1480500
2023-06-23,3911.809491772041,3969.9193710414675,3810.34779780955,3859.23388671875,1749400
2023-06-26,3825.105727722984,3864.7680248756456,3792.822462598724,3795.589599609375,965900
2023-06-27,3809.4250527147624,3814.036947451705,3719.0319158706834,3766.0732421875,1065800
2023-06-28,3830.640152477345,3836.1744267164167,3777.1421681663205,3829.7177734375,1570900
2023-06-29,3830.6402003921426,3879.526290115423,3795.5897964396017,3798.35693359375,1320000
2023-06-30,3772.530320748333,3782.676490315138,3704.274270935283,3769.76318359375,1845400
2023-07-03,3812.192509902526,3964.3850490106597,3811.270130877628,3947.7822265625,1958300
2023-07-04,3956.0835835445837,4066.7690650147047,3925.6450761403003,3993.901123046875,2010800
2023-07-05,3992.97871259441,4035.4081468238724,3958.8506894098423,3995.745849609375,1094800
2023-07-06,3966.229306720765,3986.521642708639,3921.955119110859,3933.946044921875,1130800
2023-07-07,3904.4307384956173,3950.5496935924234,3857.389404296875,3857.389404296875,1320100
2023-07-10,3873.991616129616,3885.9825425604936,3821.416015625,3821.416015625,1161600
2023-07-11,3839.8637067237746,3905.352614525213,3826.9504009601105,3843.55322265625,914000
2023-07-12,3847.243119295469,3852.77739374183,3733.790493145063,3792.82275390625,1318100
2023-07-13,3823.26083511956,3928.4120378224866,3795.589465987211,3918.265869140625,1188000
2023-07-14,3957.0060961522886,4036.330693884013,3898.8962164185837,3914.57666015625,1659600
2023-07-18,3905.3521232525854,4006.8137986323172,3892.438819113347,4002.201904296875,1017000
2023-07-19,4058.4674665431994,4068.6136352095573,4002.202349393396,4062.156982421875,1260400
2023-07-20,4047.3988306319284,4051.0883464301346,3937.6357356353014,3952.393798828125,1081000
2023-07-21,3929.334409903406,3959.772915895616,3897.0511459722748,3933.02392578125,842000
2023-07-24,3975.453487535824,4016.0381635106673,3942.247843556406,3982.83251953125,920000
2023-07-25,3986.5217006538824,4099.051929131387,3966.2293643710536,4016.960205078125,1753600
2023-07-26,4035.4083875931806,4045.5545572534147,3902.5858029501137,3924.722900390625,1343700
2023-07-27,3884.137735829209,3922.8776515035916,3876.7587042721834,3896.128662109375,1140700
2023-07-28,3848.1647411164613,3916.4207791899553,3814.959100972599,3909.041748046875,1880700
2023-07-31,3916.42108664605,3951.471487327291,3869.379759415963,3905.3525390625,2186400
2023-08-01,4010.5037581912443,4080.604559852361,3994.823315714416,4033.563232421875,3021800
2023-08-02,3999.4354918253553,4051.088717734539,3953.316540120727,3959.773193359375,1641100
2023-08-03,3885.060324545209,3892.4393565006603,3789.1329091243397,3840.7861328125,2388000
2023-08-04,3744.8585444588803,3881.3706293307805,3691.360565252325,3793.74462890625,3238900
2023-08-07,3729.1782553921985,3769.76293093938,3683.059305906764,3755.92724609375,1777600
2023-08-08,3814.95996994463,3856.4670295789406,3767.918635692411,3800.201904296875,1373400
2023-08-09,3809.425695326722,3826.950898283431,3790.978113267028,3800.201904296875,778000
2023-08-10,3766.073714686888,3776.219884381121,3726.4114149730653,3766.99609375,1072200
2023-08-14,3744.858658276746,3846.320346062569,3735.634868478035,3743.936279296875,972900
2023-08-15,3781.754153132409,3797.434597181982,3694.128142267146,3695.972900390625,997800
2023-08-16,3654.465501153092,3655.3878801286482,3582.5199410597197,3587.1318359375,1554100
2023-08-17,3549.3145630891654,3582.520208689792,3492.1270623325313,3571.45166015625,1441700
2023-08-18,3549.314406837648,3600.9676310535806,3528.0996897489613,3580.67529296875,869400
2023-08-21,3591.744037080179,3672.913393850353,3585.2873837007337,3640.630126953125,1137000
2023-08-22,3674.7579309008643,3700.584542865027,3659.999866921343,3682.136962890625,732100
2023-08-23,3689.5158311037826,3707.963410259302,3656.3101886238487,3706.11865234375,762400
2023-08-24,3719.031993317803,3766.99569958083,3708.885824685239,3761.46142578125,955400
2023-08-25,3690.4381262228603,3691.360505159682,3635.09539001357,3653.54296875,1241300
2023-08-28,3656.3101205055877,3758.694182911269,3656.3101205055877,3724.566162109375,984600
2023-08-29,3735.635033192955,3737.4797912340377,3709.8084206177937,3719.95458984375,666800
2023-08-30,3751.3153511452065,3789.1328897232625,3743.0139402378286,3755.92724609375,1145500
2023-08-31,3735.6353872598675,3755.9277276351063,3714.4206677766633,3742.092041015625,1214500
2023-09-01,3744.8591239184175,3763.3067058096412,3730.101058405439,3731.0234375,720700
2023-09-04,3743.9363843811957,3885.060372262527,3743.9363843811957,3838.01904296875,2146200
2023-09-05,3892.439431699264,3997.590639095879,3867.5351983684864,3993.901123046875,1961700
2023-09-06,3989.2892602038546,4066.769097858681,3976.3759539280504,4049.243896484375,1917200
2023-09-07,4025.2619016822377,4030.796175607557,3890.594569499468,3899.818359375,1950300
2023-09-08,3890.5949865082925,3946.8601107797494,3851.8550648787646,3889.672607421875,1942500
2023-09-11,3919.1885476282628,3951.4718140831906,3885.982902131765,3900.740966796875,1114200
2023-09-12,3904.430598640309,3982.83281949654,3904.430598640309,3965.3076171875,1317500
2023-09-13,3964.3845291516013,3982.8321072304825,3894.2837324518523,3906.274658203125,1067400
2023-09-14,3917.34399237149,3968.0748422844717,3893.36213604899,3945.937744140625,1191000
2023-09-15,3969.9195382336507,3978.2209499074665,3912.732035591809,3921.033447265625,1261000
2023-09-19,3921.0329054678355,3966.2294738912474,3901.6629475720874,3938.55810546875,1242200
2023-09-20,3979.143068068201,4101.819476981755,3961.617866794836,4064.92431640625,2070200
2023-09-21,4055.7002615767715,4072.3030827522052,3880.4482602805274,3908.11962890625,1585000
2023-09-22,3864.767909458705,3902.5854474748885,3846.320329938616,3873.99169921875,1129700
2023-09-25,3883.2155824469282,3883.2155824469282,3826.950463556367,3839.86376953125,1165600
2023-09-26,3846.320230817263,3846.320230817263,3720.8766933133907,3721.799072265625,1686100
2023-09-27,3615.7260612728237,3687.671630859375,3611.1141657865064,3687.671630859375,2121800
2023-09-28,3698.865567294034,3737.1136097301137,3650.3558549360796,3694.201171875,1270000
2023-09-29,3759.5030788611,3786.5565749620855,3738.046857815491,3777.227783203125,2094600
2023-10-02,3803.3484001282145,3873.3143383204188,3776.294904027229,3777.227783203125,1141400
2023-10-03,3755.771609391523,3763.2346428925493,3709.127650010108,3749.241455078125,1420800
2023-10-04,3689.537210592019,3738.979807851533,3659.685076397596,3697.000244140625,1492000
2023-10-05,3465.64599609375,3516.0214695228383,3426.4650723155705,3465.64599609375,4523600
2023-10-06,3451.6525739090034,3451.6525739090034,3321.049503544879,3388.216796875,3533800
2023-10-10,3405.008804617896,3477.7733763330184,3379.8210682549693,3455.38427734375,2127400
2023-10-11,3500.1626142393866,3501.095493400964,3415.2706105358197,3460.981689453125,1430400
2023-10-12,3458.1826795026773,3656.885919517263,3456.3169213804745,3647.55712890625,3771100
2023-10-13,3627.0343789541157,3628.9001373795036,3495.4984099642675,3502.028564453125,2385300
2023-10-16,3471.2431606126866,3486.169226339589,3400.3443484099016,3432.9951171875,1871000
2023-10-17,3525.3503516019837,3550.5380889645803,3438.592589575261,3460.981689453125,1182200
2023-10-18,3459.1159852963247,3506.692823281792,3423.6665766012707,3496.43115234375,1136700
2023-10-19,3404.0758482843094,3439.5252542132775,3374.223716975705,3382.61962890625,1868800
2023-10-20,3321.0501618978615,3321.9830411568214,3196.0443411972115,3238.956787109375,2569700
2023-10-23,3234.2919181623542,3246.4193467565597,3193.2452367665815,3199.775390625,1095200
2023-10-24,3217.5003393081975,3287.466278840849,3181.118050751219,3276.271728515625,1999400
2023-10-25,3287.4657929531163,3307.989132182676,3237.090323935106,3263.2109375,1002500
2023-10-26,3181.11768023847,3244.5534580262165,3129.8093305572042,3168.057373046875,1878400
2023-10-27,3150.3326966794593,3210.9698377171153,3150.3326966794593,3192.312255859375,1919000
2023-10-30,3143.802763166202,3156.863071381136,3081.2998595661616,3116.749267578125,1832100
2023-10-31,3101.8232899032337,3128.8767862662994,3060.7766057661684,3112.0849609375,1385400
2023-11-01,3275.338648309942,3354.633374913857,3271.6071317638757,3299.593505859375,3518200
2023-11-02,3364.8948200242635,3412.471652799766,3323.8481407669674,3388.216796875,1892300
2023-11-06,3474.974949034749,3505.7599620060632,3454.4516070538725,3495.498291015625,1781700
2023-11-07,3476.8404125084576,3525.3501258034507,3417.136149991543,3446.98828125,2238700
2023-11-08,3596.249309618138,3617.7055311800623,3432.9954499078463,3543.0751953125,4020100
2023-11-09,3498.2965686780944,3561.7323464567903,3456.317009853957,3527.2158203125,1739100
2023-11-10,3515.0884760471636,3548.672123907487,3490.8336192591523,3535.61181640625,1408600
2023-11-13,3617.705261198795,3657.819063734006,3578.52433779231,3595.316162109375,2299700
2023-11-14,3595.3161985094684,3611.1751438583683,3491.7666141725326,3503.89404296875,1552700
2023-11-15,3578.5245456240377,3644.758967610301,3552.4039285026943,3635.43017578125,1546600
2023-11-16,3617.7053347518713,3645.691709182649,3586.9203228780157,3629.832763671875,1231000
2023-11-17,3629.832918515685,3644.7589855154924,3603.7123012660218,3634.497314453125,845800
2023-11-20,3608.3765757876113,3644.758862875439,3535.612001611956,3551.470947265625,1304800
2023-11-21,3551.471108097601,3592.51779282476,3526.283369742299,3543.0751953125,1434100
2023-11-22,3525.3503708333333,3553.3367458333337,3488.035204166667,3498.296875,1341400
2023-11-24,3517.8873922567695,3608.3766728319238,3511.3572379884595,3571.994384765625,1510200
2023-11-27,3577.5914843440305,3590.651792239941,3516.0214614061674,3530.0146484375,866500
2023-11-28,3525.350242787208,3546.8064628412185,3452.585670430129,3466.578857421875,1247900
2023-11-29,3443.257039301169,3524.417527629319,3437.659764244055,3496.43115234375,1343700
2023-11-30,3516.0215461424505,3581.323087195773,3512.290029510832,3576.65869140625,1321600
2023-12-01,3493.6322363413396,3505.759664665088,3443.256764842693,3446.98828125,2314300
2023-12-04,3491.7665991883614,3552.4037429092386,3450.7199172849982,3453.5185546875,1764900
2023-12-05,3478.706328566675,3478.706328566675,3362.096435546875,3362.096435546875,1282500
2023-12-06,3344.371809411187,3393.8144051988556,3340.6402927479667,3383.552734375,1522000
2023-12-07,3372.3578879616475,3381.686678799716,3315.452263849432,3335.042724609375,1008200
2023-12-08,3300.5263387712475,3300.5263387712475,3199.7753934384905,3238.0234375,2112400
2023-12-11,3293.0631116187283,3334.109790630406,3235.224609375,3235.224609375,1169500
2023-12-12,3278.1374154812374,3297.7278781235555,3249.218161104482,3280.003173828125,1360400
2023-12-13,3266.009876604216,3341.5730871169103,3266.009876604216,3336.90869140625,1824800
2023-12-14,3271.6072244981533,3300.5264785498907,3211.90295806876,3243.620849609375,2096300
2023-12-15,3306.1237219556842,3403.1431539769574,3293.0634137989746,3360.230712890625,2458300
2023-12-18,3339.707239812343,3364.8949759785255,3317.3181409979584,3341.572998046875,845500
2023-12-19,3348.103319430881,3384.485606825087,3318.251186184353,3358.364990234375,728500
2023-12-20,3381.6868413803295,3442.323984743011,3380.753962251673,3416.203369140625,1079200
2023-12-21,3400.3447454676443,3401.277624684508,3346.2377508895584,3361.163818359375,751800
2023-12-22,3381.6869389120416,3384.4855763787277,3331.311464511697,3347.17041015625,819900
2023-12-25,3384.4855763787277,3384.4855763787277,3314.519639711582,3347.17041015625,599200
2023-12-26,3351.8347668976126,3400.344482421875,3351.8347668976126,3400.344482421875,833400
2023-12-27,3443.256790796745,3505.759691090265,3436.726637034735,3471.2431640625,1118800
2023-12-28,3453.5185469185067,3517.88720703125,3448.854151258163,3517.88720703125,652400
2023-12-29,3493.6323471273877,3519.752962806845,3463.780214922294,3479.63916015625,786700
2024-01-04,3358.364497776948,3441.3907311942116,3341.5726752880632,3435.79345703125,1479000
2024-01-05,3474.041497144821,3493.6319567151863,3435.79345703125,3435.79345703125,1520600
2024-01-09,3484.303874985364,3484.303874985364,3339.7075963715133,3361.163818359375,1736400
2024-01-10,3363.0296448798517,3453.518930747631,3345.304939400596,3433.928466796875,1373000
2024-01-11,3456.3173886993914,3472.1763348823574,3409.6734293377262,3443.257080078125,1264100
2024-01-12,3508.5584833732614,3510.4242416733805,3372.358127464595,3437.65966796875,1971300
2024-01-15,3420.867907694799,3420.867907694799,3391.9486534983066,3408.740478515625,118400
2024-01-16,3389.149928724368,3405.941753309294,3319.1839929538396,3323.848388671875,1531700
2024-01-17,3344.3714655617696,3366.7605632391706,3273.47265625,3273.47265625,1373000
2024-01-18,3256.681259527439,3320.1170445884145,3252.016863567073,3289.33203125,984600
2024-01-19,3334.1101441139203,3406.8747191673297,3316.3854399342435,3370.492431640625,1810500
2024-01-22,3421.800636506215,3503.893999650312,3391.948504453816,3480.572021484375,2013700
2024-01-23,3544.940730328868,3567.3298296783137,3458.182970349767,3490.833740234375,2278100
2024-01-24,3495.4981284961727,3502.9611615967783,3411.539006114359,3465.64599609375,981400
2024-01-25,3479.639049813938,3493.6322363413396,3442.323885740866,3446.98828125,794900
2024-01-26,3400.3445660069656,3421.800786862428,3380.754103486761,3408.740478515625,1001700
2024-01-29,3405.008949587811,3412.471982901976,3388.2171246309395,3396.613037109375,748700
2024-01-30,3428.3308129777693,3478.706286148055,3425.53217557942,3466.578857421875,1170600
2024-01-31,3406.8745983798703,3413.4047523198096,3347.1703337861377,3363.962158203125,1615500
2024-02-01,3337.8416186006307,3360.2307183341172,3285.6003858891618,3347.17041015625,1171800
2024-02-02,3361.163538596567,3429.2637157593617,3359.2977803181343,3363.029296875,1406800
2024-02-05,3419.9350275102493,3444.189885861386,3363.0293983018137,3370.492431640625,1512400
2024-02-06,3349.036377847413,3362.096686841804,3309.8554508642396,3310.788330078125,1291600
2024-02-07,3303.3252068399793,3325.7143073664292,3200.70849609375,3200.70849609375,2382900
2024-02-08,3309.855291291852,3422.7336707299337,3180.1850868133943,3357.43212890625,4717200
2024-02-09,3386.3515230953385,3394.747435962517,3210.9702320920537,3248.285400390625,2745000
2024-02-13,3265.0769577048186,3292.1304524972297,3213.768605512314,3262.2783203125,1630500
2024-02-14,3212.835762528961,3220.298795659109,3127.9437606735205,3170.856201171875,1939600
2024-02-15,3189.5138803329846,3206.3057053829975,3142.869921860727,3191.379638671875,1448500
2024-02-16,3182.0506259920453,3198.842449875908,3138.20530807307,3177.38623046875,1361000
2024-02-19,3160.594648785754,3167.1248030187826,3110.2191732738206,3139.138427734375,1329800
2024-02-20,3138.2053657052224,3179.2520470640306,3137.2724865834316,3161.52734375,1277800
2024-02-21,3136.339617405999,3153.13144165148,3111.151881037777,3135.40673828125,1260800
2024-02-22,3179.2519886780683,3188.580779724659,3119.5477259798886,3177.38623046875,1485800
2024-02-26,3182.98355558215,3197.909621493438,3124.212171056454,3136.339599609375,1509900
2024-02-27,3117.682153552275,3151.2658033212406,3076.6354705013177,3141.93701171875,1536600
2024-02-28,3143.8029192681092,3172.722174608558,3121.413818359375,3121.413818359375,993700
2024-02-29,3114.8833061568234,3116.749064351586,3043.051615658448,3050.5146484375,1898800
2024-03-01,3078.5011539357833,3160.5945180407375,3067.306604285108,3158.728759765625,2323400
2024-03-04,3182.0507687483905,3207.2385057041824,3164.326064964685,3169.92333984375,1000900
2024-03-05,3160.594678554032,3160.594678554032,3095.2931356087006,3112.0849609375,1090400
2024-03-06,3093.4271727430555,3149.399920138889,3075.7024694010415,3148.467041015625,1051400
2024-03-07,3149.4001585179167,3172.7221383647616,3071.038306232518,3085.031494140625,1521400
2024-03-08,3088.762969789267,3156.8631500353004,3069.1725069787644,3138.20556640625,1675000
2024-03-11,3122.346631674412,3153.1316447742793,3043.0519009626328,3073.8369140625,1684000
2024-03-12,3087.830263719425,3087.830263719425,3003.871132681737,3065.441162109375,1536600
2024-03-13,3085.963977971506,3126.0777781688384,3064.507759261305,3067.306396484375,1221700
2024-03-14,3085.9641877612084,3093.427220863412,3041.185989147986,3069.17236328125,991300
2024-03-15,3059.843732786795,3178.319389513601,3052.380699292193,3175.520751953125,1789100
2024-03-18,3168.990350678758,3285.600239944241,3160.5944386516435,3278.13720703125,2051100
2024-03-19,3264.1441392104957,3284.66748046875,3221.231698397783,3284.66748046875,1238700
2024-03-21,3314.5195991947962,3376.0896227092508,3313.586720050638,3362.096435546875,1675100
2024-03-22,3354.633473578559,3372.358177693685,3335.975890299479,3358.364990234375,959300
2024-03-25,3376.0894268593092,3384.4853386696805,3311.7207696464625,3321.049560546875,962100
2024-03-26,3283.734560538592,3334.110033910491,3271.6071317638757,3299.593505859375,914300
2024-03-27,3320.1170031850706,3358.3650495831007,3290.264869410999,3342.506103515625,1231800
2024-03-28,3352.897995503601,3414.306383699638,3333.0583623941125,3373.682373046875,1259100
2024-03-29,3410.527538928357,3459.654251400455,3375.571993515518,3438.869873046875,698000
2024-04-01,3474.7699776938475,3519.172965445781,3451.1513671875,3451.1513671875,1926900
2024-04-02,3415.2511313422606,3462.488353075902,3390.6877760407674,3419.974853515625,1750900
2024-04-03,3401.079896115346,3408.6378514400467,3315.108154296875,3315.108154296875,1596900
2024-04-04,3385.964231301939,3452.096345194555,3369.903575070875,3410.527587890625,1700100
2024-04-05,3391.6325539103746,3431.311820557794,3378.406131694568,3400.13525390625,1447300
2024-04-08,3386.908814402637,3416.195892016718,3354.7875034710637,3362.345458984375,747700
2024-04-09,3345.3402673135256,3395.4117257059615,3335.8928223338207,3382.185302734375,838400
2024-04-10,3412.4172211578293,3424.6988999715204,3392.577586151098,3420.919921875,825200
2024-04-11,3391.632496829866,3455.8751179397354,3377.4613304085715,3434.14599609375,983100
2024-04-12,3500.2781704073827,3594.752614952791,3474.7700703801224,3492.72021484375,2111200
2024-04-15,3449.261926165082,3458.7093704985937,3396.3562378974175,3422.80908203125,1298700
2024-04-16,3382.1851238792656,3417.1406684556714,3362.345490471035,3391.632568359375,1049500
2024-04-17,3435.0908543503633,3437.9250877285403,3366.124508814726,3415.251220703125,947200
2024-04-18,3401.080271823347,3456.820198500452,3399.1907827834452,3429.422607421875,968300
2024-04-19,3401.080207889693,3419.0303534313334,3305.6610131683437,3327.39013671875,1615100
2024-04-22,3328.334886012056,3370.848388671875,3314.163718458783,3370.848388671875,807300
2024-04-23,3376.5165558035715,3385.0192555803574,3306.60546875,3306.60546875,924300
2024-04-24,3344.3953910143273,3426.5881590985773,3343.4506465535887,3412.4169921875,1656200
2024-04-25,3421.8647071344176,3437.9253642358212,3394.4671156084933,3398.24609375,989800
2024-04-26,3422.8091639210543,3491.7755092056905,3410.527485993653,3470.04638671875,1585800
2024-04-30,3497.4442849113243,3551.294723657933,3470.046693268313,3525.78662109375,1528700
2024-05-01,3464.3777045802285,3515.3939020297325,3445.4828166359675,3502.16748046875,752300
2024-05-02,3489.885884444801,3503.1123063132977,3398.2456757845016,3404.85888671875,1222100
2024-05-07,3467.2122775622515,3491.775634297025,3433.2014759294884,3445.483154296875,1338600
2024-05-08,3447.37256837814,3485.1623471490702,3423.7539566463083,3441.7041015625,1280900
2024-05-09,3300.9371287533404,3345.340118178471,3091.2038595537865,3137.496337890625,6653200
2024-05-10,3173.396577674279,3228.1917552584137,3041.132355919471,3070.41943359375,5042500
2024-05-13,3096.8722214471727,3109.153898957488,3024.1269008091517,3055.303466796875,1439100
2024-05-14,3043.9668262949585,3105.375219749078,3043.0220817802797,3073.25390625,1120400
2024-05-15,3096.8723367858393,3140.330581902419,3036.40869140625,3036.40869140625,1593900
2024-05-16,3027.9061004762766,3047.7457348319713,2944.768585080984,3020.34814453125,2258700
2024-05-17,2977.8346867606465,3011.845489020603,2962.7187746451104,2994.840087890625,1200700
2024-05-20,2995.7845868158606,3069.474652338294,2995.7845868158606,3043.966552734375,1201900
2024-05-21,3043.966905215216,3115.767490192359,3043.022160676043,3074.19873046875,2049300
2024-05-22,3088.3695120352286,3095.9274674027056,3043.0217798303674,3060.971923828125,1253900
2024-05-23,3087.4248747614506,3105.3750193821566,3062.861518964695,3094.0380859375,1005400
2024-05-24,3043.966639442012,3096.872329016423,3036.4086837885247,3088.36962890625,810600
2024-05-27,3117.656522259198,3117.656522259198,3065.695580221545,3100.651123046875,1065600
2024-05-28,3131.82801043326,3178.120490828804,3118.6015874631044,3150.722900390625,1612600
2024-05-29,3134.6619935269923,3144.109437751004,3044.9112733988836,3058.1376953125,1795600
2024-05-30,3023.182545496607,3079.8672182246682,2975.000573677755,3062.86181640625,1417300
2024-05-31,3035.4640377241926,3131.8279754297228,3035.4640377241926,3124.27001953125,1499400
2024-06-03,3172.451720923943,3284.876305435542,3159.225299216696,3233.860107421875,2631500
2024-06-04,3233.8604455910413,3334.948107781588,3205.51811039743,3318.887451171875,2150700
2024-06-05,3320.7766734168226,3328.3346288612993,3275.428940749964,3283.931640625,1619800
2024-06-06,3325.5005720308445,3362.345606777777,3254.644735979051,3277.318603515625,1594100
2024-06-07,3277.318525768255,3334.947937723246,3266.926336727191,3322.666259765625,1174100
2024-06-10,3306.605944330293,3329.2798136628435,3256.534482887577,3268.816162109375,989900
2024-06-11,3292.434502586689,3390.6879282019017,3284.876546770134,3378.40625,2591300
2024-06-12,3401.0803407255294,3487.0520937827578,3379.3512163264495,3436.035888671875,2710500
2024-06-13,3502.167883393769,3596.642333984375,3498.3889053701446,3596.642333984375,3449300
2024-06-14,3604.200154106024,3733.630146533947,3578.6920534085502,3722.293212890625,4221200
2024-06-17,3693.951165375817,3919.745111290093,3663.7193399814364,3832.82861328125,8228400
2024-06-18,3833.7730549155954,4018.942970825762,3812.988676599148,3866.839111328125,6913000
2024-06-19,3866.8392156482632,3977.3743214950373,3806.3755680055833,3807.3203125,4372900
2024-06-20,3769.530415114961,3882.899750907892,3719.458958473083,3829.04931640625,4687200
2024-06-21,3913.1316024542934,4000.992838337502,3732.6854083285643,3765.75146484375,7021300
2024-06-24,3726.072118099122,3785.5910185657153,3676.000662151035,3764.806640625,2966200
2024-06-25,3711.900901067275,3767.640822971823,3692.061267847012,3746.8564453125,2358000
2024-06-26,3797.8729621359867,3842.2759544793676,3754.41471431055,3799.762451171875,2454500
2024-06-27,3811.099178034086,3873.452312825918,3772.3646549058267,3872.507568359375,1764700
2024-06-28,3909.352541572022,3988.7110755237013,3860.225830078125,3860.225830078125,3737300
2024-07-01,3887.6231148066126,3912.186468630421,3766.6958344432473,3795.98291015625,2694200
2024-07-02,3797.8729850220766,3878.17626953125,3773.309627407506,3878.17626953125,2001200
2024-07-03,3988.7112954396885,4223.007932405355,3983.0428284163254,4154.986328125,7263700
2024-07-04,4251.34957856728,4373.2215998195425,4183.327985310204,4372.27685546875,7179700
2024-07-05,4416.680256423764,4447.856822939697,4243.792023926321,4273.0791015625,5454700
2024-07-08,4307.090250651042,4419.51484811265,4270.245214508162,4398.73046875,4038700
2024-07-09,4422.348426985725,4486.5910445962845,4400.61930632333,4448.80126953125,3243700
2024-07-10,4435.575326299787,4510.210140096951,4370.387957287075,4500.7626953125,2943300
2024-07-11,4566.894718002988,4579.176395978586,4455.414871762948,4505.486328125,3223100
2024-07-12,4373.222287547832,4424.238490513393,4298.587472098215,4351.4931640625,4288100
2024-07-16,4506.430969420042,4765.290945441235,4500.76250279184,4758.677734375,7485400
2024-07-17,4752.064880788734,4878.660645008553,4710.496122388196,4832.3681640625,5227200
2024-07-18,4676.484987173508,4827.644097870025,4634.916231731965,4747.3408203125,4376300
2024-07-19,4756.788694438036,4844.649935467379,4700.104022806203,4735.0595703125,3207600
2024-07-22,4628.303302375638,4646.253447863521,4431.7964465082905,4536.6630859375,5444400
2024-07-23,4627.35825193272,4667.03751828249,4512.099430631007,4521.546875,2758700
2024-07-24,4472.42084367308,4549.889899266909,4366.609450666872,4413.8466796875,3989400
2024-07-25,4281.581323960248,4312.757886998794,4111.52734375,4111.52734375,5690600
2024-07-26,4156.875817132787,4286.30581416624,4114.362314457566,4154.986328125,3832300
2024-07-29,4272.13452747031,4376.056420000547,4251.350148964262,4315.5927734375,3119600
2024-07-30,4257.963517590946,4332.598334074125,4210.726291968682,4317.482421875,2582300
2024-07-31,4185.217753459428,4332.597882023689,4167.267609595833,4294.80810546875,4098900
2024-08-01,4228.6762135658355,4228.6762135658355,4012.3297316832222,4071.8486328125,4556800
2024-08-02,3873.4526131813363,3940.5294755071595,3795.0388163779094,3841.331298828125,4455900
2024-08-05,3576.8025253568617,3689.2271160904766,3180.0098521793966,3224.412841796875,6557600
2024-08-06,3603.255388918032,3617.426555890704,3420.9197072029874,3545.6259765625,4885600
2024-08-07,3479.493829615879,3858.3363562724,3460.5989405058276,3756.303955078125,5464100
2024-08-08,3401.0800518350393,3508.7809201431487,3159.225470371214,3368.958740234375,10321500
2024-08-09,3401.0800175406202,3424.6986287735413,3116.711938296252,3197.9599609375,6232600
2024-08-13,3264.092072528619,3395.4115509892495,3231.0260168011223,3388.79833984375,3742900
2024-08-14,3454.9304227545913,3511.6150892476935,3379.350867430455,3501.222900390625,3320500
2024-08-15,3448.31728358244,3545.6259630917525,3446.427794659929,3458.70947265625,2263500
2024-08-16,3590.9740085882954,3693.9511637938003,3571.13437318173,3653.3271484375,3455100
2024-08-19,3590.0287238245337,3628.763244265798,3473.825162500739,3493.664794921875,2996200
2024-08-20,3559.7970217332972,3577.747165951167,3473.825278374027,3521.0625,2453900
2024-08-21,3407.693086947737,3475.714684469289,3407.693086947737,3424.698486328125,2540800
2024-08-22,3438.8700882342755,3454.930745239765,3373.6827156825816,3409.5830078125,2060200
2024-08-23,3429.422212703499,3480.4384109090056,3388.7982030213366,3470.990966796875,2098400
2024-08-26,3404.8590476217014,3405.8037920855254,3280.152778396933,3311.329345703125,3047800
2024-08-27,3306.605702367931,3330.224314527702,3234.805121402227,3265.981689453125,2456800
2024-08-28,3157.336039171861,3239.52880859375,3102.540859557269,3239.52880859375,4119700
2024-08-29,3176.2307342869058,3334.9477965594224,3160.1700791759963,3309.439697265625,4035600
2024-08-30,3350.0640438703595,3462.4886409432793,3349.1192993571417,3397.30126953125,3770200
2024-09-02,3463.433279004718,3463.433279004718,3387.853720270299,3410.527587890625,1804200
2024-09-03,3382.1852328334908,3397.3011444886124,3344.3954536956862,3375.572021484375,1759700
2024-09-04,3183.7887304158517,3230.081207504984,3119.5461091493003,3139.3857421875,3897000
2024-09-05,3089.314336967998,3125.2146258991247,3043.966603581312,3061.916748046875,3034000
2024-09-06,3070.4195976257324,3109.1541217803956,2992.0058048248293,3023.182373046875,3122900
2024-09-09,2872.0230785065874,2956.1053331076027,2858.7966564345174,2940.044677734375,3418600
2024-09-10,2956.1054183594406,2969.3318408129503,2810.614771370833,2819.58984375,4752000
2024-09-11,2820.062002924735,2823.3686082882987,2657.093595720542,2701.49658203125,6222000
2024-09-12,2816.28334251554,2843.6809328989516,2727.9497321414365,2783.21728515625,4345700
2024-09-13,2758.653907615822,2767.1566080160073,2685.908581969788,2701.96923828125,3442800
2024-09-17,2667.486058646963,2685.9085761407177,2589.544638481079,2635.36474609375,5058100
2024-09-18,2678.8229878201823,2702.441599950496,2644.339814109924,2661.34521484375,2953100
2024-09-19,2708.582228622034,2737.8693053877414,2674.0990575914434,2687.7978515625,2695900
2024-09-20,2779.4379095964905,2822.8961501952117,2736.9244133586108,2752.5126953125,4696800
2024-09-24,2799.750501543832,2834.2336779589996,2743.0658279846516,2747.78955078125,2594900
2024-09-25,2786.0512644923956,2839.9016958508446,2778.020937009118,2838.01220703125,2465200
2024-09-26,2872.9680713425123,2934.37646484375,2831.3993126647515,2934.37646484375,2859900
2024-09-27,3002.4392487782216,3061.874508492222,2948.7557883913823,3046.536376953125,3885900
2024-09-30,2842.3476099424147,2869.189341166154,2775.7225985120613,2794.895263671875,5235900
2024-10-01,2831.80264831959,2964.0940381192186,2823.1749489848316,2953.549072265625,3172300
2024-10-02,2819.340079577003,2870.6269528369044,2818.8607630044808,2843.305908203125,3356000
2024-10-03,2932.459224160292,3002.439454092852,2891.237992830154,2901.782958984375,3445200
2024-10-04,2875.899626215131,2884.527325093776,2823.17479973452,2835.15771484375,3172600
2024-10-07,2914.2452262014017,2915.2038594994942,2830.364812618302,2872.544677734375,3878500
2024-10-08,2833.2406446106042,2840.9097108115466,2768.532898540154,2772.367431640625,3338700
2024-10-09,2801.60553243705,2846.1819763235594,2799.6882660333295,2813.109130859375,2530700
2024-10-10,2837.5546607219367,2843.306460709887,2790.5816274870126,2796.812744140625,1674800
2024-10-11,2813.588503103223,2816.4644027656796,2751.27734375,2751.27734375,1991100
2024-10-15,2759.425720658848,2862.9581083021194,2756.549821002091,2833.240478515625,3265200
2024-10-16,2751.277388146849,2803.52289952455,2737.3772062206713,2783.3916015625,2029200
2024-10-17,2788.6640426202193,2795.374475173792,2750.7980303536333,2766.615478515625,1865800
2024-10-18,2776.6811705863724,2781.953653389143,2703.8250445844515,2713.411376953125,1946900
2024-10-21,2741.6912610044837,2780.9952266342684,2729.7083446539395,2739.294677734375,1569400
2024-10-22,2717.725369876947,2730.666919257313,2683.214571529303,2700.469970703125,1627100
2024-10-23,2684.173013714629,2736.418524160146,2674.586681522791,2693.280029296875,1643000
2024-10-24,2645.3485119551715,2676.5040932700995,2618.506780360772,2653.017578125,2002200
2024-10-25,2632.406975363695,2656.852123896752,2575.8476120911323,2586.392578125,2876800
2024-10-28,2588.3098402680666,2677.9420514032754,2573.930341155466,2656.372802734375,2019900
2024-10-29,2631.448142191862,2669.7934703112332,2626.1756595754487,2661.165771484375,1284900
2024-10-30,2670.752491629972,2695.197641858459,2623.779457857586,2632.886474609375,3875800
2024-10-31,2600.2928194217006,2634.324301482335,2587.830586554426,2625.21728515625,2137900
2024-11-01,2554.7578174078144,2564.823467345069,2513.5365843314407,2527.436767578125,2614000
2024-11-05,2519.288047275935,2615.1513671875,2517.8500974772614,2615.1513671875,2225400
2024-11-06,2609.3994568394664,2677.941727656521,2589.747477094717,2626.175537109375,2885300
2024-11-07,2683.2144513513476,2719.1631980200423,2640.0759553489142,2665.479736328125,3616300
2024-11-08,2188.0802435847386,2327.5613719271614,2186.6422938080127,2239.846435546875,11502800
2024-11-11,2219.2357457844914,2264.29150390625,2190.9560678144517,2264.29150390625,4155400
2024-11-12,2247.515936089222,2252.7884196245136,2197.6670008464666,2216.3603515625,4279100
2024-11-13,2214.4430733024474,2214.4430733024474,2137.752404097168,2151.652587890625,4073100
2024-11-14,2172.2630856279015,2189.0391685928125,2109.4726036735206,2116.662353515625,4282300
2024-11-15,2078.3168291514075,2117.6207913263192,2075.4409294800726,2094.13427734375,3105400
2024-11-18,2029.4264811347514,2102.761920816758,2022.716048745548,2085.98583984375,2850100
2024-11-19,2070.6478382977166,2083.110070657842,2038.5336241389325,2046.6820068359375,2491600
2024-11-20,2059.1442650590607,2090.7791629859457,2056.7476818827818,2064.416748046875,2250400
2024-11-21,2069.2100419862204,2147.338658350305,2068.2514086566,2118.100341796875,3686600
2024-11-22,2111.3896603093917,2127.2071083888945,2051.954400859139,2060.102783203125,2895100
2024-11-25,2097.010234730877,2153.090279865394,2094.134334980389,2117.620849609375,3472900
2024-11-26,2137.7520737752297,2140.6279734260484,2039.0128524304546,2060.102783203125,3017400
2024-11-27,2064.896201954486,2087.424085309143,2052.4339686093567,2063.458251953125,1920800
2024-11-28,2051.9545397520506,2083.1101214114487,2029.426657629101,2074.482421875,1982000
2024-11-29,2062.9787791891576,2072.5651118062074,2022.236865566695,2042.3681640625,1546400
2024-12-02,2070.647730217692,2110.431008367708,2063.937297758653,2080.71337890625,2912600
2024-12-03,2117.141549396171,2144.9419138663943,2097.0102509866983,2124.331298828125,2648600
2024-12-04,2107.076049024329,2117.1416989400504,2070.6479826626714,2099.406982421875,1597600
2024-12-05,2120.0174132798206,2121.4553631418685,2084.068666728614,2095.572265625,1362200
2024-12-06,2095.5720857970587,2101.323884751671,2062.0199252284874,2079.754638671875,1542400
2024-12-09,2099.885969332762,2123.3724821146166,2063.4579086915182,2093.175537109375,2282200
2024-12-10,2137.75212041669,2170.3456505037607,2127.207154800285,2134.876220703125,2035900
2024-12-11,2130.0832729777326,2133.9178063224267,2093.6552062031355,2109.47265625,1357100
2024-12-12,2143.503859186747,2145.421125608202,2068.73046875,2068.73046875,1875300
2024-12-13,2054.8304513554085,2086.4653498367375,2047.1613850569045,2050.5166015625,2387800
2024-12-16,2054.3509772313782,2069.689108652611,2016.0056486782962,2029.426513671875,1850000
2024-12-17,2029.9058945814197,2039.0129104012656,1996.8330476567166,2005.9400634765625,2095600
2024-12-18,2024.6334720315717,2108.034566760145,2022.7162054860871,2095.093017578125,3195800
2024-12-19,2052.912884767434,2122.8931045143513,2052.433568193825,2069.68896484375,2877700
2024-12-20,2075.920414044724,2131.521145522255,2075.4410973940558,2106.5966796875,3411200
2024-12-23,2104.6794070144583,2122.8934396873233,2085.5067410430215,2118.57958984375,1350600
2024-12-24,2111.868896484375,2149.7349071113076,2102.2825646800884,2111.868896484375,1175000
2024-12-25,2156.4452092643287,2177.5351379612903,2121.934416851119,2143.503662109375,1524400
2024-12-26,2133.9173308834834,2164.114274245042,2133.9173308834834,2143.503662109375,1184600
2024-12-27,2147.3384858346094,2191.4356154544275,2144.4625860767956,2190.956298828125,1773400
2024-12-30,2157.8832747424526,2204.3769836829274,2157.4039581554375,2175.138671875,1704300
2025-01-06,2164.1146287163506,2170.3457450338065,2121.9347644135732,2144.462646484375,1969700
2025-01-07,2173.2215038478107,2247.5155781963795,2152.6108896736914,2242.722412109375,2846700
2025-01-08,2225.9464457711597,2255.1847604119953,2200.063347564518,2204.377197265625,2300700
2025-01-09,2186.6424932205223,2187.121809856476,2157.8834950633036,2180.411376953125,2046100
2025-01-10,2183.2871612683266,2210.608208072343,2176.097412109375,2176.097412109375,1814500
2025-01-14,2176.0974696180556,2188.080385199653,2130.562390407986,2156.9248046875,2506700
2025-01-15,2185.683827314136,2208.211708867593,2118.5794992825618,2124.331298828125,1645900
2025-01-16,2156.925006390593,2163.1561230757216,2101.8035895606113,2109.47265625,2072400
2025-01-17,2089.3409786185375,2122.89313932129,2085.0271293853266,2110.430908203125,1607500
2025-01-20,2133.4383410415016,2199.104719995149,2129.603807963916,2192.394287109375,1482200
2025-01-21,2213.0048915875655,2218.277374543481,2171.783661204951,2173.700927734375,1303900
2025-01-22,2194.311257963166,2211.566654487123,2186.6421928414075,2199.583740234375,1358700
2025-01-23,2200.0632814864557,2212.525513582022,2176.5767671525045,2177.535400390625,1358000
2025-01-24,2176.097515891702,2235.0534618068295,2160.7593836211,2204.377197265625,2071600
2025-01-27,2199.104803058109,2240.326035199129,2170.8251205427587,2183.287353515625,2109300
2025-01-28,2144.4625240113673,2204.8564171775347,2138.2314080497786,2179.45263671875,1307200
2025-01-29,2193.352870904126,2203.4185200057404,2162.1972903515107,2172.262939453125,1337100
2025-01-30,2156.445438130012,2157.8833879665067,2125.7691749514565,2136.79345703125,1612100
2025-01-31,2136.3143654461865,2143.0247987233342,2090.779282494114,2099.406982421875,2084900
2025-02-03,2073.523719989129,2079.2755194897923,2022.236841108214,2032.302490234375,2185700
2025-02-04,2111.3898260693336,2179.452789815496,2109.9518761310346,2127.207275390625,2999200
2025-02-05,2129.1242199712683,2144.462350326757,2067.2923819757048,2069.68896484375,2613600
2025-02-06,2061.061312981043,2118.0999865263325,2055.309513968073,2101.80322265625,1834000
2025-02-07,2099.8863359077895,2192.3944534221023,2097.4897525524966,2174.180419921875,2793200
2025-02-10,2509.7018392044683,2653.496826171875,2444.514778445911,2653.496826171875,11512600
2025-02-12,2619.4652904419167,2662.124469005381,2517.370851857447,2602.689208984375,6995000
2025-02-13,2643.4314145421135,2650.621164536335,2581.120247925527,2592.14453125,2547400
2025-02-14,2587.350999653633,2593.1027988377464,2525.998475023091,2529.8330078125,2492600
2025-02-17,2534.6262688488696,2536.543535315472,2462.2494597346144,2469.439208984375,2118400
2025-02-18,2469.439135525299,2514.4948961501786,2464.645969501376,2481.9013671875,1824200
2025-02-19,2510.1811281828022,2568.657755572205,2509.701811564856,2542.774658203125,1903300
2025-02-20,2512.098533964866,2590.2271470227315,2502.9915177188573,2514.4951171875,2479300
2025-02-21,2471.356506187218,2556.1955483895335,2452.18384128274,2552.84033203125,2315700
2025-02-25,2492.4465592727006,2524.081457909623,2459.85302734375,2459.85302734375,1914500
2025-02-26,2457.9356818962287,2475.6703972297237,2392.2693034992353,2398.979736328125,1614800
2025-02-27,2419.5904290785757,2463.6875605118616,2417.1938458485056,2459.85302734375,1594300
2025-02-28,2416.234998421717,2426.3006470959594,2361.113589015152,2372.6171875,2410700
2025-03-03,2392.748491423583,2398.02097407696,2316.0578346471857,2333.313232421875,2824600
2025-03-04,2301.678361635733,2307.909477566858,2239.367202324478,2273.398681640625,2282100
2025-03-05,2263.333130280112,2389.8727207913257,2251.350214512005,2356.320556640625,2564000
2025-03-06,2452.1839064791056,2543.254067196664,2442.597573771994,2451.70458984375,3525000
2025-03-07,2412.8798910457685,2433.0111893024077,2394.6658592897616,2416.235107421875,1596200
2025-03-10,2425.342161207201,2460.332275390625,2407.607445799164,2460.332275390625,1493600
2025-03-11,2432.5317768371488,2506.825850809515,2386.038066028636,2503.949951171875,2479400
2025-03-12,2473.7532871078542,2484.777570309459,2439.7218041811625,2462.72900390625,2388300
2025-03-13,2557.1539178436633,2575.8472641971593,2327.561279296875,2327.561279296875,4659100
2025-03-14,2324.685564817093,2381.244924950787,2322.2889817605806,2374.05517578125,2815300
2025-03-17,2399.4591335994273,2411.9213664147655,2374.53466796875,2374.53466796875,1909100
2025-03-18,2410.962605570171,2446.9113521741,2385.079508015342,2436.845703125,2007200
2025-03-19,2445.9526724040247,2600.7719381666157,2445.9526724040247,2544.69189453125,4324600
2025-03-21,2492.4463729203258,2535.1055512260778,2456.018310546875,2456.018310546875,2603500
2025-03-24,2463.2081099752468,2530.791753389629,2413.3591814993906,2518.808837890625,2726000
2025-03-25,2550.92279996005,2586.392226340554,2505.867042125355,2530.79150390625,2271400
2025-03-26,2535.584716568578,2571.0541436056433,2517.3706864684636,2562.90576171875,1475700
2025-03-27,2531.750524245847,2534.626424121931,2451.225327715498,2459.85302734375,2338400
2025-03-28,2440.3380947234523,2470.0983153908114,2433.0200076741016,2451.0712890625,1568600
2025-03-31,2380.8174861294083,2451.071116867653,2355.935991909613,2407.16259765625,2656900
2025-04-01,2430.0926705625193,2477.4162981562886,2377.8903184745473,2382.76904296875,1651100
2025-04-02,2400.3322976905397,2486.1978432989818,2373.011442269672,2467.65869140625,1962300
2025-04-03,2285.1944843154006,2328.6151310071323,2254.4585209268716,2302.27001953125,2682800
2025-04-04,2171.520261226393,2180.301965270894,1988.5680936326169,2045.649169921875,4911000
2025-04-07,1795.3705929487178,1829.5216640102424,1738.2895170315983,1750.486328125,4898500
2025-04-08,1901.2388709775228,1988.08016403218,1862.6969487791073,1885.626953125,4211100
2025-04-09,1793.9069452820688,1795.8584350240128,1697.3082030558382,1722.189697265625,3735000
2025-04-10,1956.3685275473015,1974.9076806761786,1916.8508590357476,1966.1259765625,4801800
2025-04-11,1839.2791096719807,1957.3442408498638,1838.303364786213,1947.5867919921875,2916400
2025-04-14,2015.8890230867498,2080.776060857935,1996.8619969733948,2064.67626953125,4043300
2025-04-15,2071.506461164746,2100.778808708289,2058.8217772292105,2079.80029296875,1462100
2025-04-16,2074.9214266961917,2076.3850439734283,2002.2284352600918,2033.4522705078125,2167000
2025-04-17,2011.010189946644,2046.6248779296875,2003.6921033747858,2046.6248779296875,1903900
2025-04-18,2046.6248746526321,2070.5306240824248,2023.2069976601827,2035.40380859375,992600
2025-04-21,2015.4010137409105,2037.3552731498528,1975.8833468048142,1987.59228515625,1173600
2025-04-22,1980.7620737062277,1981.2499461381751,1919.7780197128095,1926.120361328125,2504300
2025-04-23,2049.0642451207127,2076.3851017223224,1991.4952972816072,2027.1099853515625,2961900
2025-04-24,2080.2879716564635,2112.4875509550857,2060.285202698228,2071.994140625,2375400
2025-04-25,2140.7842437853524,2193.9623391756445,2131.0267950898856,2177.862548828125,2340200
2025-04-28,2175.423353833639,2175.423353833639,2092.4850335484366,2094.4365234375,2414700
2025-04-30,2094.436319704016,2111.9997269971313,2074.9214227116654,2104.681640625,1367800
2025-05-01,2087.606057579447,2150.541598927367,2077.360736894902,2133.466064453125,3909100
2025-05-02,2132.490313818471,2135.905420704019,2081.2637105352546,2132.00244140625,1977600
2025-05-07,2089.0697216693984,2117.3663222898617,2083.703125,2083.703125,1365700
2025-05-08,2079.800033771745,2109.5602500654527,2058.3336482484146,2096.3876953125,1321100
2025-05-09,2145.1752247823356,2170.0567204529975,2121.757346504066,2148.59033203125,3265000
2025-05-12,2279.340216936384,2310.5640555245536,2135.4178359440393,2185.668701171875,4917900
2025-05-13,2380.8173951221115,2411.065484978171,2305.6850428989956,2322.272705078125,5145800
2025-05-14,2367.1568659249574,2370.5719726977263,2255.9219596119133,2297.39111328125,1740500
2025-05-15,2339.3481901740874,2496.4431051346833,2313.4909526184615,2453.0224609375,6353000
2025-05-16,2419.8473892211914,2508.640176486969,2416.920154476166,2497.906982421875,2705300
2025-05-19,2453.998484457693,2473.513382942446,2402.2840034730975,2419.847412109375,1700900
2025-05-20,2457.9012968844527,2525.227692075015,2407.162564277072,2419.359375,1915400
2025-05-21,2402.2840215005167,2407.162746158316,2342.7635806753615,2361.302734375,2861700
2025-05-22,2289.0973864292464,2333.493776490001,2270.0703621174944,2323.736328125,1970100
2025-05-23,2324.2243995471545,2332.518231367537,2281.779495525198,2291.049072265625,826800
2025-05-26,2273.4855162434965,2294.951903092148,2262.2644503907927,2273.973388671875,973200
2025-05-27,2295.927560047679,2326.663521858772,2275.4369188402834,2313.490966796875,999800
2025-05-28,2351.5452906821056,2378.8661488311095,2318.369962929744,2362.766357421875,1098300
2025-05-29,2378.865933570636,2429.60466554179,2377.890188725037,2391.062744140625,1392400
2025-05-30,2349.1056298345475,2398.3807427345037,2347.1541402147473,2369.1083984375,994800
2025-06-02,2317.8819829413233,2319.3456002742687,2289.097508726729,2293.00048828125,963900
2025-06-03,2299.830697335674,2332.030278588146,2284.2187791526567,2312.515380859375,831200
2025-06-04,2361.302728721961,2375.9389026603203,2343.251447531318,2359.839111328125,718100
2025-06-05,2335.933051842486,2397.4049742593934,2334.469434642083,2363.25390625,1113700
2025-06-06,2381.793377937758,2396.917424376937,2341.7878357438017,2361.302734375,1223300
2025-06-09,2389.1113497903925,2404.2353955007256,2344.7149575439303,2353.0087890625,874600
2025-06-10,2386.6719198902115,2437.410652447158,2369.596384895085,2377.40234375,1326000
2025-06-11,2395.453732627884,2418.383737807825,2381.30543155941,2405.211181640625,1002900
2025-06-12,2390.574898097826,2403.25958123059,2343.739144992236,2356.423828125,988400
2025-06-13,2339.8362541550505,2345.690723514904,2233.4800607843663,2274.94921875,2555900
2025-06-16,2289.0975254416926,2301.2943366386326,2248.1162398199745,2276.412841796875,1336100
2025-06-17,2300.3185183021033,2310.0759669481354,2276.9006415516255,2299.3427734375,1127400
2025-06-18,2245.18909972407,2304.221668404342,2221.2833487709017,2301.29443359375,2213500
2025-06-19,2291.5367983177716,2293.0004156043274,2209.574230270638,2212.50146484375,2692600
2025-06-20,2207.1349264607074,2302.270052601255,2202.2562020432433,2269.0947265625,2419700
2025-06-23,2243.237480808055,2260.8008886612715,2216.404496587863,2246.652587890625,900100
2025-06-24,2270.0703415270023,2306.1729001500407,2262.2643829058047,2277.388427734375,1383000
2025-06-25,2297.8791413122253,2440.337890625,2293.488289449845,2440.337890625,3366700
2025-06-26,2502.7858110017655,2565.7213606351434,2451.0713283572845,2461.316650390625,3931600
2025-06-27,2473.5133707714044,2603.2874450564527,2469.6103910936586,2500.834228515625,3546200
2025-06-30,2526.203405256102,2534.4972364436944,2465.2193524061577,2473.51318359375,2157600
2025-07-01,2463.755956697349,2491.5646872976954,2418.383817296784,2425.701904296875,1142700
2025-07-02,2391.5506975194608,2432.531982421875,2381.7932487331714,2432.531982421875,1664400
2025-07-03,2451.071144191968,2555.9637190329854,2445.7045473396365,2538.88818359375,2660400
2025-07-04,2556.451561665007,2560.3545411484647,2494.979634800543,2510.591552734375,1303300
2025-07-07,2497.906953376206,2500.3463156353623,2426.189702957006,2427.6533203125,973200
2025-07-08,2434.483458370254,2512.05517578125,2431.068351314424,2512.05517578125,1291800
2025-07-09,2548.645729281586,2575.966587022736,2529.13083089505,2542.791259765625,1205500
2025-07-10,2532.058111631523,2555.9638625891234,2494.4919315552943,2512.543212890625,1048100
2025-07-11,2561.33042440467,2618.899374896051,2531.0823317736053,2566.697021484375,1512200
2025-07-14,2532.058054447174,2547.6699730873106,2484.246553611755,2497.906982421875,1132600
2025-07-15,2507.6644488239776,2516.934025580331,2473.513376563729,2481.3193359375,965800
2025-07-16,2478.39197681037,2533.521562121309,2470.0981453919103,2491.07666015625,1222400
2025-07-17,2464.7314464347705,2552.5484813433727,2460.8284671054994,2547.181884765625,1282700
2025-07-18,2595.969196809388,2614.508349126388,2561.3302543223617,2564.745361328125,1834300
2025-07-22,2566.209103099611,2577.4301695200083,2488.149510609889,2492.052490234375,1177400
2025-07-23,2619.8749333342944,2653.538130801718,2566.2089663572415,2644.2685546875,2809700
2025-07-24,2712.5708118323373,2734.5250720000454,2679.39548535669,2694.51953125,2038100
2025-07-25,2683.2984526761875,2695.983136270657,2645.24440189278,2649.63525390625,1303600
2025-07-28,2677.931846845911,2751.6005859375,2666.222908182347,2751.6005859375,1702200
2025-07-29,2729.646267017362,2745.7460573322096,2661.344126287705,2695.00732421875,1719100
2025-07-30,2682.8106885215857,2715.0102712534326,2669.1502594838325,2698.422607421875,1457000
2025-07-31,2774.042696666083,2825.2693029182706,2761.3580132131606,2787.703125,2362400
2025-08-01,2761.357838543948,2797.9482692667034,2753.5518799897604,2784.287841796875,1567200
2025-08-04,2686.7135611335148,2735.012933305699,2681.3469642254945,2712.57080078125,1467300
2025-08-05,2732.5734771314883,2777.4577406373082,2724.767518260911,2771.603271484375,1927300
2025-08-06,2752.08843988637,2773.0669548509354,2646.2201201814696,2705.252685546875,3490400
2025-08-07,2701.349883084065,2756.47947253476,2643.2930587952796,2666.7109375,1735700
2025-08-08,2672.5652214113165,2723.303955078125,2641.341385308665,2723.303955078125,1468900
2025-08-12,2732.0856359403056,2752.5762782098577,2706.7162693208597,2717.449462890625,1124600
2025-08-13,2732.085644291477,2839.905452753694,2731.1098994185154,2781.8486328125,1757300
2025-08-14,2775.0185998227416,2805.266692858784,2754.5279561531643,2786.7275390625,1111100
2025-08-15,2749.6491471747754,2783.3123464570785,2735.500846027141,2743.794677734375,1211400
2025-08-18,2799.8999226750557,2888.204833984375,2785.2637495298645,2888.204833984375,1821900
2025-08-19,2901.865364945572,2905.7683445890766,2852.1023744908903,2893.571533203125,1298000
2025-08-20,2885.7656485739276,2886.7413935100476,2820.3907378539097,2849.6630859375,1287000
2025-08-21,2818.4390396055196,2849.175002820882,2793.069673142046,2837.466064453125,660400
2025-08-22,2839.4175221270075,2888.204764775238,2835.026670288667,2870.641357421875,882300
2025-08-25,2954.5555227726063,3018.9546854222076,2941.870839220412,2980.900634765625,1668300
2025-08-26,2975.0462333855457,2988.706662138382,2952.6041004344575,2956.507080078125,880600
2025-08-27,2976.0218067244778,2976.0218067244778,2929.1860537006173,2954.555419921875,819100
2025-08-28,2936.9922873757105,3005.29443359375,2921.3803682401585,3005.29443359375,1467500
2025-08-29,3024.809247043293,3035.5424411457047,2962.361572265625,2962.361572265625,782500
2025-09-01,2937.9677838802736,2939.919273607195,2876.007985050517,2919.91650390625,861400
2025-09-02,2917.477176929995,2953.5797373134096,2914.5499423043125,2949.6767578125,711300
2025-09-03,2935.0405946195106,2985.7793283030924,2909.1833553384545,2910.64697265625,886200
2025-09-04,2907.7195209877063,2941.8705891872264,2893.571221305048,2896.986328125,839100
2025-09-05,2967.240078314931,3018.9545551813208,2951.6281607703604,3010.1728515625,1164600
2025-09-08,3037.493753720839,3052.1299266427186,2982.8520414791533,3021.8818359375,906900
2025-09-09,3020.9059749760736,3028.711933567743,2931.137451171875,2931.137451171875,1039700
2025-09-10,2932.1134910068845,2987.7309515684124,2914.550082408507,2965.288818359375,840700
2025-09-11,2917.965105811415,2969.191712751759,2911.6227639997533,2964.31298828125,885200
2025-09-12,3013.1000817733498,3035.542213211428,2967.2400740520584,3029.687744140625,1413800
2025-09-16,3048.2271018658735,3093.111367770429,3027.7364587355332,3040.421142578125,1082500
2025-09-17,3039.4452684212097,3081.4022978087255,3005.2941979895104,3069.693359375,791100
2025-09-18,3121.407881418864,3204.3461964925127,3081.402341206868,3184.831298828125,1671000
2025-09-19,3285.3328843060663,3293.138843045136,3056.0328463458864,3068.717529296875,3316900
2025-09-22,3122.3836735063805,3385.834795958481,3113.601969424644,3364.368408203125,3941100
2025-09-24,3384.8589401739073,3391.6891542359476,3249.23040379911,3315.5810546875,2264500
2025-09-25,3239.4730034592544,3298.0176962928554,3229.715554653654,3265.818115234375,1658000
2025-09-26,3244.351682191131,3266.7938141280924,3194.5886939830866,3254.109130859375,1784500
2025-09-29,3288.7272501938214,3300.5963410215886,3226.414523348044,3239.272705078125,1206000
2025-09-30,3239.2726877448786,3319.3890504036067,3239.2726877448786,3273.890869140625,1303100
2025-10-01,3367.854685126716,3397.527413630035,3245.207407312997,3296.64013671875,2625300
2025-10-02,3335.2145596170903,3384.669105281638,3310.4872867848167,3345.10546875,2108300
2025-10-03,3351.0399423422527,3405.43994140625,3332.2472153928716,3405.43994140625,1316700
2025-10-06,3578.531018817714,3591.38920103016,3460.8291970268606,3503.360107421875,2147600
2025-10-07,3509.2947040804856,3516.218340757082,3437.091064453125,3437.091064453125,1390100
2025-10-08,3432.145389474187,3588.421750147652,3432.145389474187,3558.7490234375,1924800
2025-10-09,3611.1710687916107,3625.0183421312663,3561.7165211499837,3593.367431640625,1488700
2025-10-10,3583.476351600168,3593.3672606578557,3409.3963521848686,3436.101806640625,2120900
2025-10-14,3403.4617716471357,3470.719952545713,3306.5308638815386,3311.476318359375,2205000
2025-10-15,3370.821757880199,3445.003574734957,3360.9308489662317,3424.232666015625,1226600
2025-10-16,3486.545481780886,3531.054573037663,3464.7854816109057,3523.141845703125,1492900
2025-10-17,3510.283601720534,3540.94541959975,3475.6654202440004,3508.305419921875,1029000
2025-10-20,3574.5746538481844,3659.636474609375,3554.792835066512,3659.636474609375,1502100
2025-10-21,3709.090842090614,3714.036296546735,3608.2035711857493,3636.88720703125,1733900
2025-10-22,3652.712718482951,3731.839991019814,3612.1599913078085,3689.30908203125,1844500
2025-10-23,3625.018301499665,3639.8546656258577,3570.6182997036267,3603.25830078125,1624200
2025-10-24,3651.7237897555606,3846.57470703125,3642.821971199818,3846.57470703125,2942100
2025-10-27,3904.930909090909,4103.738181818182,3864.378181818182,4080.0,3061600
2025-10-28,4080.0000678499055,4204.625524467866,4036.4800671261733,4057.2509765625,2137900
2025-10-29,4088.901868671801,4207.592779228312,4056.2618682687603,4170.00732421875,2454300
2025-10-30,4121.541679311631,4194.734404118221,4109.672588802455,4163.08349609375,3183300
2025-10-31,4159.1274321975825,4525.09108259309,4105.716521058779,4352.9892578125,4396200
2025-11-04,4450.909105170683,4625.978196640729,4431.12728692548,4433.10546875,3209100
2025-11-05,4328.26167234646,4350.021671613284,4067.141681144571,4163.08349609375,3731900
2025-11-06,4345.076462371439,4372.771008455301,4241.221914556962,4297.60009765625,2894500
2025-11-07,3743.7090540337795,3856.4654165594993,3605.236328125,3605.236328125,4554200
2025-11-10,3560.7272502200703,3568.639977442782,3427.199978336818,3511.272705078125,4852900
2025-11-11,3548.8581388231732,3556.7708660000367,3364.8872319611028,3370.82177734375,2767200
2025-11-12,3301.585535710963,3361.920082648761,3263.0109893081085,3322.3564453125,2744500
2025-11-13,3284.7710240651218,3321.3673889824386,3222.4582946113114,3271.912841796875,2496800
2025-11-14,3202.676478007627,3341.1492102253746,3199.7092051743894,3331.25830078125,2694400
2025-11-17,3328.2909372652925,3355.9854829542755,3250.1527547856613,3251.141845703125,1978600
2025-11-18,3202.6764684028335,3217.5128325245264,3082.996464487842,3093.87646484375,2618100
2025-11-19,3106.7344772038155,3169.047203107617,3056.290841948357,3111.679931640625,2257300
2025-11-20,3292.6837332482432,3392.5819180058497,3228.392822265625,3228.392822265625,2711200
2025-11-21,3089.9200702136077,3177.949163123022,3087.9418883504745,3125.52734375,2416000
2025-11-25,3207.621831656469,3240.261831793584,3170.036376953125,3170.036376953125,1316200
2025-11-26,3170.0363098673956,3208.610854667654,3139.3744922056517,3192.785400390625,1496900
2025-11-27,3166.0800201359607,3223.4472932280837,3149.2654745744762,3210.589111328125,1268400
2025-11-28,3206.6327202075026,3253.119992832349,3202.676356579856,3223.447265625,743200
2025-12-01,3277.8473411078107,3332.247342242672,3241.250976707995,3319.38916015625,1608900
2025-12-02,3362.9090796137375,3459.839988379075,3337.19271606375,3436.101806640625,2357000
2025-12-03,3479.6217649882146,3722.9381249049575,3470.71994694248,3658.647216796875,5174000
2025-12-04,3650.7346401894038,3840.6400996628163,3626.00736682047,3831.73828125,3587000
2025-12-05,3693.265577322706,3818.880126953125,3680.407395077073,3818.880126953125,2461100
2025-12-08,3828.770946493789,3839.6509466000743,3741.7309456435037,3816.90185546875,2313100
2025-12-09,3815.912857428992,3856.4655860849252,3782.283765372853,3800.08740234375,1130500
2025-12-10,3842.6182027159552,3941.527294162955,3715.025474749325,3754.589111328125,2074800
2025-12-11,3773.381822840548,3777.338186481796,3592.378186253439,3595.345458984375,2557300
2025-12-12,3661.6146412414937,3662.603732176459,3597.32373046875,3597.32373046875,1564200
2025-12-15,3489.512657848465,3551.8253838814735,3449.949022271952,3480.61083984375,1558200
2025-12-16,3411.3745571586255,3441.047284533157,3319.389102297578,3363.898193359375,1871500
2025-12-17,3318.4001482716417,3410.3856069271596,3276.858328233666,3377.74560546875,1529200
2025-12-18,3275.8691075211864,3359.9418352202506,3263.0109256378,3326.312744140625,1330700
2025-12-19,3335.214509922107,3354.996327893175,3309.498146559718,3333.236328125,1857000
2025-12-22,3412.363686401682,3485.556414747689,3397.5273225477617,3450.938232421875,1248500
2025-12-23,3419.287219283583,3471.7090366460448,3412.3635830281632,3464.785400390625,982800
2025-12-24,3475.665533524525,3573.5855357496043,3453.905533030063,3516.21826171875,1572200
2025-12-25,3569.629181377442,3588.4219091264504,3511.2728162621,3537.978271484375,819400
2025-12-26,3530.065459920351,3537.9781872051262,3474.676368926924,3498.41455078125,934200
2025-12-29,3522.1527979635093,3557.760071405432,3462.8073422269717,3494.458251953125,826200
2025-12-30,3462.807290287341,3530.0654724465926,3461.8181993732346,3501.3818359375,643700
2026-01-05,3620.0727263880854,3676.4509081924903,3597.323635484554,3632.930908203125,1578500
2026-01-06,3659.6364499589386,3659.6364499589386,3526.1091740820584,3575.563720703125,1699800
2026-01-07,3569.6290582150828,3607.2145124162944,3545.890876614317,3586.443603515625,1537100
2026-01-08,3550.8363206173894,3551.8254115144973,3370.82177734375,3370.82177734375,2808000
2026-01-09,3382.690855589207,3436.1017638353524,3354.996310572687,3367.8544921875,2061500
2026-01-13,3506.327225236234,3529.0763158372024,3392.5817722313914,3408.4072265625,2210800
2026-01-14,3438.080118947645,3717.0037649612345,3428.189209514539,3643.81103515625,3472000
2026-01-15,3603.258279255308,3626.007370779566,3552.814641527605,3578.531005859375,1748700
2026-01-16,3532.043780467136,3662.6037857938404,3519.1855981243543,3590.400146484375,2734700
2026-01-19,3560.7273935482203,3620.072850107357,3512.2619373582584,3584.465576171875,1894000
2026-01-20,3521.163614106514,3545.890886677487,3454.894523616307,3511.272705078125,2015400
2026-01-21,3395.54923415049,3516.218330150012,3389.6146884455957,3493.46923828125,1431700
2026-01-22,3520.1744910539173,3649.7453981424433,3500.3926731778065,3561.71630859375,1835200
2026-01-23,3561.716388633151,3598.3127525263544,3504.349115503264,3541.9345703125,1404300
2026-01-26,3439.0691437064565,3467.7527805104505,3345.1055059002692,3354.00732421875,2284800
2026-01-27,3348.0728592104533,3380.7128604967,3306.531039391594,3334.2255859375,1540400
2026-01-28,3292.683770906732,3302.5746804017963,3210.589222097703,3237.294677734375,2843300
2026-01-29,3211.5782951952765,3228.3928412434193,3132.451019674604,3193.774658203125,2073500
2026-01-30,3166.0799193319,3232.34900855253,3151.24355607355,3205.6435546875,2156900
2026-02-02,3260.0436668069156,3355.9854858846675,3132.4509383426885,3232.34912109375,4314600
2026-02-03,3397.5272315656634,3479.62177602562,3337.192686842081,3370.82177734375,4259400
2026-02-04,3370.821937554395,3442.0364855308962,3347.083754895561,3409.396484375,2098000
2026-02-05,3455.883594780599,3503.359957845702,3438.079958631186,3467.752685546875,2401500
2026-02-06,3471.7090714939995,3527.098162093334,3385.658162884319,3492.47998046875,2472400
2026-02-09,3977.1345115960853,4126.487237597331,3727.883604627119,3858.443603515625,7913500
2026-02-10,3841.6292051034147,3994.938300569694,3829.760113841509,3972.189208984375,3083300
2026-02-12,3972.1890278744854,4086.92357150831,3889.1053928293018,4083.956298828125,2689500
2026-02-13,4014.720149887802,4164.072882736547,3955.3746931267115,4018.676513671875,2713200
2026-02-16,4063.1853822831304,4113.629017749645,3989.9926563121103,4043.403564453125,1399900
2026-02-17,4005.818199617813,4445.96365611903,3956.3636539435192,4395.52001953125,3590200
2026-02-18,4351.999886382136,4570.5889715845115,4185.832617993,4556.74169921875,4548700
2026-02-19,4648.727558949625,4689.280288719186,4492.451185691319,4614.109375,2765700
2026-02-20,4564.654538381393,4732.799992666298,4545.861811137786,4583.447265625,2057300
2026-02-24,4721.920243794939,4986.007530157161,4619.0547839384935,4917.76025390625,3642700
2026-02-25,4965.236301098714,5216.46538884355,4934.574483303084,5075.025390625,4070200
2026-02-26,5173.934623345297,5267.898261123504,4783.24370837275,4835.66552734375,4185500
2026-02-27,4708.072901734518,4801.047450634318,4648.727444989965,4743.68017578125,2857400
2026-03-02,4648.727097833625,4898.967088419136,4620.043462549119,4813.9052734375,2202000
2026-03-03,4795.112984140117,4853.469350902548,4408.37841796875,4408.37841796875,3873500
2026-03-04,4200.668920213393,4414.3125478955435,4100.77074245461,4194.734375,3104300
2026-03-05,4356.9453166370295,4429.148950715236,4200.66895794721,4319.35986328125,2129000
2026-03-06,4233.309266618497,4338.152907333815,4160.1165363078035,4277.818359375,1759900
2026-03-09,4000.8728594320073,4075.054680064245,3710.0801225536366,3897.018310546875,4320500
2026-03-10,4035.491003874725,4118.574642189793,3987.0255481909353,4044.392822265625,1896000
2026-03-11,4106.70543206936,4186.821795267245,4026.589068871475,4055.272705078125,2050400
2026-03-12,3986.036497802734,4057.251045654297,3871.301948486328,3956.36376953125,1968800
2026-03-13,3817.89085946432,3893.061767578125,3783.2726780961198,3893.061767578125,1845000
2026-03-16,3876.2473942990155,3938.560123526073,3803.054664730726,3934.603759765625,2164200
2026-03-17,4021.643865963878,4297.600245354906,3963.2874989958827,4136.37841796875,3619700
2026-03-18,4219.462053796443,4292.65478515625,4159.127504972818,4292.65478515625,1997600
2026-03-19,4144.290866107968,4208.581774532077,4072.087230493199,4108.68359375,2258100
2026-03-23,3860.4218075908207,3941.527261913764,3786.239989612519,3883.1708984375,1864900
2026-03-24,4090.8799288002074,4129.4544735833815,3849.5417511824003,3927.679931640625,2484700
2026-03-25,4089.8910020272942,4123.520093700554,4005.8182728441457,4063.185546875,1601200
2026-03-26,4112.639982252855,4227.37452721229,4092.8581641564,4114.6181640625,1460700
2026-03-27,4045.3818181818183,4118.574545454546,3963.287272727273,4080.0,2096100
2026-03-30,3804.0,3857.0,3746.0,3825.0,2524000
2026-03-31,3665.0,3803.0,3606.0,3694.0,2262600
2026-04-01,3904.0,4050.0,3888.0,4045.0,1726000
2026-04-02,4090.0,4110.0,3841.0,3861.0,1642800
2026-04-03,4180.0,4360.0,4178.0,4360.0,4397700
2026-04-06,4338.0,4605.0,4326.0,4549.0,3577500
2026-04-07,4549.0,4643.0,4522.0,4581.0,2046400
2026-04-08,4896.0,5045.0,4824.0,5020.0,3690400
2026-04-09,4996.0,5004.0,4836.0,4863.0,2088600
2026-04-10,4879.0,5026.0,4860.0,4957.0,2046100
2026-04-13,4931.0,5130.0,4890.0,5073.0,3045500
2026-04-14,5164.0,5298.0,5101.0,5279.0,2707700
2026-04-15,5533.0,5883.0,5533.0,5847.0,7076400
2026-04-16,5847.0,6288.0,5794.0,6238.0,6018300
2026-04-17,6221.0,6388.0,6110.0,6203.0,3628900
2026-04-20,6124.0,6409.0,6075.0,6222.0,3476600
2026-04-21,6190.0,6254.0,6017.0,6072.0,4025200
2026-04-22,6024.0,6264.0,6018.0,6264.0,2288800
2026-04-23,6190.0,6260.0,5970.0,6208.0,3416600
2026-04-24,6386.0,6596.0,6369.0,6508.0,4296200
2026-04-27,6500.0,6587.0,6301.0,6543.0,2459800
2026-04-28,6477.0,6638.0,6461.0,6586.0,2236200
2026-04-30,6501.0,6678.0,6310.0,6392.0,6450100
2026-05-01,6448.0,6482.0,5981.0,6143.0,5832400
2026-05-07,6370.0,6640.0,6176.0,6630.0,4999500
2026-05-08,6569.0,6710.0,6439.0,6663.0,3453000
2026-05-11,6410.0,6826.0,6130.0,6750.0,7384000
2026-05-12,6650.0,6996.0,6502.0,6502.0,5505400
2026-05-13,6302.0,6699.0,6302.0,6544.0,2367200
2026-05-14,6550.0,7137.0,6538.0,6910.0,4989600
2026-05-15,7106.0,7213.0,6680.0,6762.0,3570300
2026-05-18,6762.0,7320.0,6593.0,7194.0,5162200
2026-05-19,7109.0,7782.0,7068.0,7768.0,8393000
2026-05-20,7380.0,7900.0,7089.0,7861.0,7523200
2026-05-21,8000.0,8420.0,7944.0,8145.0,7303800
2026-05-22,8595.0,9325.0,8581.0,9102.0,8656600
2026-05-25,10305.0,10605.0,10010.0,10605.0,5570200
2026-05-26,10905.0,11815.0,10685.0,11445.0,16692100
2026-05-27,11745.0,11985.0,10940.0,11120.0,10921000
2026-05-28,10835.0,13355.0,10775.0,13010.0,24126600
2026-05-29,13500.0,15345.0,13000.0,14815.0,27968600
2026-06-01,14420.0,17075.0,14115.0,16060.0,39686800
2026-06-02,15790.0,16540.0,14320.0,16225.0,28521200
2026-06-03,16230.0,17350.0,15300.0,16750.0,20202200
2026-06-04,16350.0,17095.0,15670.0,16095.0,14367700
2026-06-05,15100.0,16050.0,14600.0,15850.0,14938200
2026-06-08,13750.0,15570.0,13750.0,14975.0,19413800
2026-06-09,15675.0,17975.0,15065.0,17975.0,29983300
2026-06-10,17840.0,18345.0,15305.0,15655.0,35796800
2026-06-11,14430.0,16735.0,13895.0,16630.0,29233900
2026-06-12,18000.0,19140.0,15265.0,15725.0,42287400
2026-06-15,16800.0,19565.0,16110.0,19285.0,36041200
2026-06-16,19500.0,22100.0,18585.0,20190.0,39288300
2026-06-17,19290.0,20890.0,19105.0,20845.0,31278100
2026-06-18,20345.0,21835.0,19860.0,19860.0,31712500
2026-06-19,20350.0,20540.0,18610.0,19315.0,23906000
2026-06-22,19200.0,19830.0,17460.0,17550.0,21251700
2026-06-23,17150.0,18435.0,16570.0,16930.0,22248800
2026-06-24,16700.0,17870.0,16170.0,16925.0,19953400
2026-06-25,17700.0,18980.0,16850.0,18820.0,17386400
2026-06-26,18020.0,18020.0,15500.0,16780.0,19830400
2026-06-29,16945.0,18655.0,16780.0,18610.0,20214900
2026-06-30,18890.0,20730.0,18445.0,20150.0,22570300
2026-07-01,20970.0,24065.0,20760.0,22655.0,27898900
2026-07-02,21200.0,22370.0,20155.0,20400.0,23081500
2026-07-03,19100.0,21030.0,18010.0,20560.0,25081600
2026-07-06,20615.0,20830.0,18030.0,18385.0,19033600
2026-07-07,17895.0,18330.0,15965.0,16355.0,19738100
2026-07-08,15705.0,16850.0,14900.0,14965.0,24772500
2026-07-09,15420.0,15770.0,14325.0,14680.0,26672300
2026-07-10,14990.0,15365.0,14250.0,14730.0,21279300
2026-07-13,14510.0,14750.0,11740.0,11900.0,27172000
2026-07-14,11900.0,12065.0,10920.0,11855.0,30014400
2026-07-15,12400.0,12980.0,12030.0,12605.0,26290400
2026-07-16,12240.0,13135.0,11960.0,12525.0,27191500
2026-07-17,11325.0,11550.0,10150.0,11035.0,29786300
2026-07-21,11320.0,11845.0,10720.0,11745.0,23646000
2026-07-22,14145.0,14150.0,12245.0,12535.0,30557400
2026-07-23,12700.0,12890.0,11965.0,12155.0,21347200
2026-07-24,12000.0,12250.0,10925.0,11415.0,19227600
2026-07-27,11470.0,11750.0,11105.0,11545.0,15997700
2026-07-28,10700.0,10980.0,10060.0,10275.0,20130600
2026-07-29,10540.0,10600.0,8601.0,9005.0,31735700
2026-07-30,8980.0,9527.0,8602.0,8723.0,31669100
2026-07-31,10225.0,10225.0,10225.0,10225.0,787700
2026-08-03,10200.0,10310.0,9470.0,9915.0,20700900
2026-08-04,10065.0,10400.0,9622.0,10290.0,18867900
2026-08-05,11250.0,11290.0,10585.0,11165.0,19189000
2026-08-06,11000.0,11045.0,9873.0,10195.0,9174600
