Date,Open,High,Low,Close,Volume
2015-01-05,122.28741660462586,122.92958608417004,119.5352616922937,120.63612365722656,117600
2015-01-06,119.16827820539474,122.01217091083527,116.59960092306137,117.42524719238281,312000
2015-01-07,116.69135580453964,117.88395613902,115.40701698279156,116.32440185546875,221600
2015-01-08,116.32440169038138,118.70960235595703,113.8474625376682,118.70960235595703,171200
2015-01-09,119.26004025930526,119.71873272184105,116.59962397659768,117.15005493164062,130400
2015-01-13,117.24180245983742,117.24180245983742,112.65487748097053,116.04920196533203,359200
2015-01-14,116.04918881893526,118.61786651611328,115.04006543790105,118.61786651611328,101600
2015-01-15,118.61786525331695,120.36089652927443,118.1591728122755,119.7187271118164,98400
2015-01-16,118.61785828764388,119.16828918457031,116.50787318275927,119.16828918457031,123200
2015-01-19,119.35176499066185,119.44350347259164,116.50787205083824,117.88394927978516,63200
2015-01-20,119.16830011491805,119.44351558862456,117.88396123762101,118.52613067626953,209600
2015-01-21,119.26002650873205,119.26002650873205,115.6822257134701,117.88394927978516,86400
2015-01-22,117.88397394015094,117.88397394015094,115.68224991325317,116.50789642333984,58400
2015-01-23,116.96657265789159,117.8839575414829,115.7739723092229,117.33352661132812,52000
2015-01-26,117.33351573641339,117.79220813569569,113.84745350186788,115.59048461914062,160000
2015-01-27,115.77398116812522,116.23267364501953,115.13181170047316,116.23267364501953,66400
2015-01-28,115.59049826229321,116.9665756225586,115.59049826229321,116.9665756225586,51200
2015-01-29,116.5078723449231,117.60873413085938,115.13179511250274,117.60873413085938,104000
2015-01-30,119.16830278273981,119.26004127602906,117.2417944236655,118.43439483642578,99200
2015-02-02,119.2600501673514,131.6447476847302,119.2600501673514,129.44302368164062,1304000
2015-02-03,127.14955739324428,129.35128133078965,126.0486954244716,126.4156494140625,224800
2015-02-04,126.50738075819592,139.259031175447,126.50738075819592,136.6903533935547,787200
2015-02-05,133.93817138671875,135.31424849000697,133.57121749250857,133.93817138671875,134400
2015-02-06,135.77293873160977,135.77293873160977,132.56209220755142,133.47947692871094,180800
2015-02-09,135.77298059864424,135.77298059864424,133.11256408691406,133.11256408691406,131200
2015-02-10,133.11254273948563,133.11254273948563,131.36951151133246,131.73646545410156,120000
2015-02-12,132.10341291756464,136.5068600148168,132.10341291756464,133.0207977294922,179200
2015-02-13,133.47950607181684,133.47950607181684,129.53475090955698,130.3603973388672,101600
2015-02-16,130.17692472620743,130.17692472620743,126.69086190760568,126.78260040283203,148000
2015-02-17,125.22302423353536,127.05779381937471,125.22302423353536,125.9569320678711,70400
2015-02-18,127.05778444317026,130.2686309814453,126.59909208055954,130.2686309814453,200000
2015-02-19,128.6173435627729,129.0760359435246,127.69995880126953,127.69995880126953,56000
2015-02-20,128.3421437845031,128.3421437845031,127.42475891113281,127.42475891113281,24800
2015-02-23,129.07605120358917,131.82820581347383,128.89257422959687,130.08517456054688,152800
2015-02-24,130.45214773226184,132.01170224101602,130.26867073123194,131.00257873535156,173600
2015-02-25,131.00256811159565,131.55299907004775,129.25953674316406,129.25953674316406,69600
2015-02-26,132.0116888819586,135.1307975838256,131.27778095210755,131.4612579345703,342400
2015-02-27,131.6447265416689,135.03905050127986,130.81908017311486,134.39688110351562,212800
2015-03-02,134.39688855149788,140.17641345166467,133.38776515623067,138.89207458496094,355200
2015-03-03,138.9838035299475,144.9468050015294,138.70858807741297,142.92855834960938,399200
2015-03-04,142.65336411999118,158.70760123960434,142.65336411999118,156.4141387939453,1027200
2015-03-05,154.21240022985847,156.87281641466865,149.53373728415784,151.6437225341797,400800
2015-03-06,150.818083999941,164.57885808752687,150.5428685181893,164.02842712402344,858400
2015-03-09,166.04666699861227,176.32137788471422,164.21189719752263,174.30313110351562,773600
2015-03-10,170.63359865229182,174.1196614204569,169.716213713301,172.46836853027344,340000
2015-03-11,172.28485222049687,177.14699128742248,165.1292513295497,168.52357482910156,421600
2015-03-12,168.15665728829123,168.15665728829123,160.5423623865301,161.45974731445312,333600
2015-03-13,159.8084389008886,166.2301327717624,156.87280741706056,157.23976135253906,356800
2015-03-16,156.4141314962636,162.2853950832201,156.4141314962636,160.35888671875,119200
2015-03-17,157.05628174539905,159.1662668389412,157.05628174539905,157.3314971923828,100800
2015-03-18,157.60675657395035,159.16631120826767,156.32241746333608,156.8728485107422,61600
2015-03-19,156.50585059127627,157.05628148432882,154.67108094776776,155.2215118408203,124800
2015-03-20,155.22151993368274,157.69845908156066,154.57935052497365,157.05628967285156,106400
2015-03-23,156.50585569607267,159.80844116210938,156.50585569607267,159.80844116210938,296000
2015-03-24,159.99193818933824,161.0928001493566,150.4511345358456,155.9554443359375,442400
2015-03-25,155.58850169887205,155.58850169887205,152.01070006782487,155.03807067871094,149600
2015-03-26,154.94629903350054,155.12977600097656,152.7445754237883,155.12977600097656,144000
2015-03-27,157.7448390918283,161.3872598879096,155.40995396613516,159.6127471923828,96000
2015-03-30,161.48064358305007,164.28250553070276,160.2665034057339,164.0023193359375,244800
2015-03-31,166.2438507080078,167.36459576896067,164.84291938181673,166.2438507080078,262400
2015-04-01,169.97963837252001,171.75415108080458,168.11173025853628,171.3805694580078,378400
2015-04-02,172.7815173921131,180.2531505766369,172.03435407366072,176.517333984375,456800
2015-04-03,176.51735479181463,176.51735479181463,163.53539060342192,166.43064880371094,504000
2015-04-06,163.34857399064933,167.64476290063783,163.34857399064933,164.1891326904297,111200
2015-04-07,164.1891341203962,166.15043777029854,163.2551800013951,163.4419708251953,121600
2015-04-08,162.50802102186813,164.37592930947582,158.95899527541354,159.2391815185547,163200
2015-04-09,158.8655926026251,159.70615129364427,157.93163850149267,159.05238342285156,280000
2015-04-10,158.77222970267323,160.54674285817367,158.77222970267323,159.89297485351562,113600
2015-04-13,158.77220661247904,160.07974243164062,157.74485704028064,160.07974243164062,96000
2015-04-14,160.64011492556702,160.64011492556702,157.37127537766304,160.07974243164062,52000
2015-04-15,160.64013100785817,160.92031728287188,158.7722225077668,159.7061767578125,175200
2015-04-16,168.11175914292926,168.6721316734057,164.09575600784817,166.2438507080078,290400
2015-04-17,169.79287060427,172.22115148199885,167.45798514491537,171.1938018798828,228800
2015-04-20,168.11172216474222,170.35321179360545,166.24381414068952,169.60604858398438,98400
2015-04-21,168.3919473721836,170.72683294306802,168.3919473721836,169.04571533203125,66400
2015-04-22,170.25984634645386,170.4466371817215,168.0183563232422,168.0183563232422,115200
2015-04-23,169.04570370468232,170.8202166164994,167.1777953764538,169.13909912109375,94400
2015-04-24,169.04570294880918,172.8749150045557,168.111748788871,171.47398376464844,212800
2015-04-27,170.91360118969067,173.3418818623311,170.44662413725982,172.78150939941406,155200
2015-04-28,171.8475617700007,171.8475617700007,169.41928100585938,169.41928100585938,162400
2015-04-30,169.04569648784366,170.91360473632812,167.27118365178342,170.91360473632812,144800
2015-05-01,208.27178955078125,208.27178955078125,208.27178955078125,208.27178955078125,331200
2015-05-07,226.95085419094102,230.21969365459654,213.8754963363189,217.61131286621094,1937600
2015-05-08,217.61131942452414,221.1603452348812,214.80945694266333,216.21038818359375,424800
2015-05-11,217.61133554641017,219.479244006036,215.74342708678432,215.83682250976562,268800
2015-05-12,216.02360245755887,217.14434747679394,206.6840606306,215.55662536621094,296000
2015-05-13,214.80944595673012,214.80944595673012,211.54060656173638,212.00758361816406,71200
2015-05-14,210.13965598298128,213.59528588136808,209.29909735904934,212.28775024414062,96800
2015-05-15,209.29912164886488,211.35382074581938,204.16237390647865,207.43121337890625,202400
2015-05-18,207.33781340606564,207.4312088175098,200.98692542786182,201.82748413085938,152800
2015-05-19,201.73409387828835,210.13968112321703,200.80013973996296,209.01893615722656,260000
2015-05-20,210.0462865150581,220.7867591469975,209.01893695895956,220.41317749023438,433600
2015-05-21,223.96216715730873,226.95081993005013,223.96216715730873,225.36309814453125,392000
2015-05-22,224.33579078384594,226.95086244993573,217.51792536868325,221.34713745117188,111200
2015-05-25,216.67738244601958,218.63868633884994,210.98026161446475,211.54063415527344,336000
2015-05-26,212.00761051102324,214.7160777818689,210.13970204837105,211.91421508789062,88800
2015-05-27,209.01892905699987,213.03493171537832,208.64534741436,212.75474548339844,111200
2015-05-28,213.22175101174716,214.80947320500152,209.85951577897322,211.91421508789062,123200
2015-05-29,210.79346416540312,213.2217450995194,209.29913743671617,212.94155883789062,46400
2015-06-01,216.8641709640563,217.05096180898659,211.26044561614788,212.661376953125,61600
2015-06-02,214.8094672487493,216.02360771580746,211.54062752974662,212.94155883789062,82400
2015-06-03,215.74339079164372,225.26972233309291,215.4632045698364,225.0829315185547,309600
2015-06-04,221.62733099086148,247.49786225275304,221.62733099086148,234.8894805908203,807200
2015-06-05,230.21970105048257,237.03756643656178,230.21970105048257,235.44984436035156,266400
2015-06-08,238.99887820266363,250.2997239480807,237.224365234375,237.224365234375,288000
2015-06-09,232.5546009382803,233.48855515891594,224.24240837462287,224.42919921875,392000
2015-06-10,224.242384489083,230.68666792504584,224.242384489083,226.9508514404297,164800
2015-06-11,226.95085001343875,231.62062058984696,226.76405919038243,227.69801330566406,57600
2015-06-12,227.97817465676462,229.00552407144076,224.6159402087337,226.67063903808594,204000
2015-06-15,227.51121210755156,227.60460751482066,224.9895361112856,225.0829315185547,95200
2015-06-16,225.08294602492538,225.73671391794386,214.90284597649514,223.49522399902344,272000
2015-06-17,224.98954306640624,233.488525390625,224.98954306640624,233.488525390625,270400
2015-06-18,233.9554976668719,244.50917879914996,233.9554976668719,238.0648956298828,692800
2015-06-19,237.3177317961718,238.15829046841327,225.08293334465725,230.2196807861328,209600
2015-06-22,234.4224605125253,236.38376396701258,231.62059843468637,233.39511108398438,82400
2015-06-23,238.06492561878127,238.06492561878127,233.48855003803578,234.51589965820312,207200
2015-06-24,237.50455561531012,240.86679077148438,235.82343803722299,240.86679077148438,340800
2015-06-25,240.9601638100364,256.3704068443992,240.9601638100364,246.5638885498047,593600
2015-06-26,242.3610834310983,246.37708596964828,240.4931752736332,244.6959686279297,146400
2015-06-29,233.5818974840772,244.2289731790731,233.5818974840772,237.9714813232422,300800
2015-06-30,237.59793388580607,251.60724602529936,237.59793388580607,249.83273315429688,255200
2015-07-01,251.98081962804898,254.50249573255502,249.1789572897089,250.01951599121094,228000
2015-07-02,251.9808123746658,262.44109813669786,251.88741696607622,261.97412109375,428800
2015-07-03,260.85341547065883,260.85341547065883,255.34308553411432,259.4524841308594,189600
2015-07-06,256.65059227603473,256.65059227603473,241.14695387799188,244.97616577148438,614400
2015-07-07,245.34974592070014,248.5251899105379,241.42713863913585,243.76202392578125,284800
2015-07-08,241.42714198398397,241.70732822226327,229.3791337379747,232.0876007080078,444800
2015-07-09,219.94618457095422,234.14228650504552,210.13966678753587,230.9668426513672,851200
2015-07-10,232.55454420274305,237.22431416665356,228.4451466345018,231.62059020996094,362400
2015-07-13,233.67534408421193,244.2290266907331,233.67534408421193,240.4932098388672,425600
2015-07-14,245.34974885725384,246.0035167453394,240.67997822807123,244.22900390625,304000
2015-07-15,244.22902641835722,244.60260810312718,240.58660499185018,244.4158172607422,307200
2015-07-16,239.74601269643242,240.4931759615557,222.6546530067374,223.96218872070312,1532800
2015-07-17,224.0555963802747,224.8027596862531,215.93019542775951,217.61131286621094,916800
2015-07-21,221.34713606700524,221.34713606700524,214.99624777478738,216.21038818359375,386400
2015-07-22,214.90284801411744,216.6773608834213,213.96889387237854,214.52926635742188,232800
2015-07-23,214.80947821170577,216.95757299382282,212.75477885489815,213.2217559814453,288000
2015-07-24,213.22175935095663,215.83683130094647,206.5906840491967,215.27645874023438,466400
2015-07-27,212.47458934783936,213.59533443450928,206.87086391448975,209.20574951171875,530400
2015-07-28,205.56328116561323,207.43118921800408,205.4698857629937,206.03025817871094,427200
2015-07-29,206.0303050994873,209.2991449356079,205.46993255615234,209.20574951171875,263200
2015-07-30,209.6726758541816,212.00756088596535,203.50857937027246,205.5632781982422,584000
2015-07-31,206.7774432908346,207.33781576587754,205.6566983407488,206.5906524658203,136800
2015-08-03,206.5906375861316,212.00757112139183,206.49724218035126,210.51324462890625,607200
2015-08-04,233.48853915345435,245.81673402075674,231.6206308402267,238.15830993652344,3450400
2015-08-05,238.158272984657,245.8166958806342,234.79603854252065,243.8553924560547,1072800
2015-08-06,247.96485569289322,256.2770485955928,247.49787856352808,251.4204864501953,1195200
2015-08-07,251.51384545591083,256.5571977227579,245.06956200382845,248.5251922607422,312800
2015-08-10,248.52522824813138,251.98085900543347,243.29508439924174,251.4204864501953,288800
2015-08-11,250.39307053798643,250.39307053798643,241.9874844326456,243.8553924560547,194400
2015-08-12,239.09221186647173,242.54784149110432,234.32904670819437,239.55918884277344,298400
2015-08-13,244.2289731790731,244.4157639807397,234.04887448824368,237.9714813232422,162400
2015-08-14,239.55924117144414,241.52054490033316,238.15830993652344,238.15830993652344,122400
2015-08-17,236.7574173535195,238.0649533862411,235.35648588988917,236.01025390625,181600
2015-08-18,236.29037682833984,237.0375400752279,234.8894457404248,235.1696319580078,76000
2015-08-19,235.8234024201608,236.29037945465615,228.91214230962933,231.71400451660156,155200
2015-08-20,233.48855393135597,233.5819493529285,225.08296598982713,230.6866912841797,219200
2015-08-21,224.14901158799685,228.0716192907868,219.57263593474192,223.21505737304688,287200
2015-08-24,211.0736382018329,220.4131797151883,206.3104720300216,207.5246124267578,524000
2015-08-25,189.49929959106444,206.40386993408202,177.9182679748535,186.79083251953125,1118400
2015-08-26,191.46061598799614,199.5860177396818,184.9229364176743,195.75680541992188,1148800
2015-08-27,214.4358932495117,214.4358932495117,207.8982135772705,209.20574951171875,913600
2015-08-28,214.90283413108335,215.74339280434705,212.75473974385392,213.78208923339844,417600
2015-08-31,216.21037648186447,216.21037648186447,211.16702428747107,214.34246826171875,209600
2015-09-01,210.13969776242277,214.34249171767124,200.80015563964844,200.80015563964844,530400
2015-09-02,193.79548090660967,206.40386159209996,193.79548090660967,204.6293487548828,714400
2015-09-03,211.0736330004706,212.1943779544554,205.1897219920504,206.21707153320312,263200
2015-09-04,210.4198533507351,210.4198533507351,193.1417029424413,198.09165954589844,379200
2015-09-07,194.91622633114102,197.90487953794334,187.91157037769798,194.44924926757812,271200
2015-09-08,196.03697181388443,196.03697181388443,181.74747363021396,184.26914978027344,444000
2015-09-09,191.92759815615977,197.5313236497703,189.68610795871558,195.10304260253906,308800
2015-09-10,190.24646355516415,193.0483260522947,186.3238560591814,192.30116271972656,160000
2015-09-11,189.59270123203405,196.41056684284118,189.59270123203405,195.19642639160156,127200
2015-09-14,209.20570724352646,209.20570724352646,198.18504945123354,201.08030700683594,183200
2015-09-15,204.3491825950328,208.17839488314812,203.60201922174198,207.89820861816406,232000
2015-09-16,209.01892524053585,209.6726931032185,203.69538693012007,208.73873901367188,164000
2015-09-17,210.88686134783143,210.88686134783143,206.59067196696327,208.27178955078125,175200
2015-09-18,208.9255350457414,212.56795608587728,206.87083599745964,212.00758361816406,216000
2015-09-24,210.13966831592245,214.3424616822409,209.20571423451835,213.78208923339844,200000
2015-09-25,214.24906793299596,218.54525674071948,212.56795057345195,216.95753479003906,247200
2015-09-28,222.6546815591748,226.20370752362476,213.12834870723026,217.2377471923828,193600
2015-09-29,216.4905781875919,216.86415985832113,205.84350057180868,212.3811798095703,213600
2015-09-30,217.98490245191357,222.46788245092466,214.43587661936314,221.34713745117188,168800
2015-10-01,222.46784171996478,231.24700927734375,222.46784171996478,231.24700927734375,222400
2015-10-02,233.48853772650293,239.65263512248262,231.62062942469092,238.9054718017578,340000
2015-10-05,238.9054703737655,254.2223183570718,238.9054703737655,247.4978485107422,376400
2015-10-06,249.3657488918517,253.84872864721083,248.05821312987194,251.60723876953125,214800
2015-10-07,251.60725729890117,251.60725729890117,238.34510787928573,242.26771545410156,172400
2015-10-08,243.2016594066106,244.69598603890927,233.11495463859447,235.7300262451172,157600
2015-10-09,234.79607144710076,248.4318019289133,234.79607144710076,247.87142944335938,181200
2015-10-13,244.88278554896183,249.17897476911904,241.33375967144065,246.93748474121094,164400
2015-10-14,242.82806894827408,244.5091863486852,237.4111351025049,240.21299743652344,213200
2015-10-15,235.3564793786337,244.50923135446945,234.42252509538517,240.960205078125,126800
2015-10-16,250.29969220842636,261.50714111328125,246.56387590680805,261.50714111328125,635600
2015-10-19,261.5071436508479,263.56184263667603,252.16760280617478,256.0902099609375,306800
2015-10-20,266.17689501514747,271.22024671017135,255.9034008215804,270.47308349609375,441600
2015-10-21,270.659929879104,274.20895587475826,263.37508704591903,265.6165771484375,305200
2015-10-22,262.8146815373347,265.4297529954177,247.3110436072716,254.96946716308594,404000
2015-10-23,260.5732116699219,262.44111999730484,254.969486687773,260.5732116699219,242400
2015-10-26,264.3090254134067,264.3090254134067,253.47515723391723,254.22232055664062,118400
2015-10-27,254.22232053455846,260.01283628516194,253.47515721189995,258.1449279785156,143200
2015-10-28,244.88278656722233,249.5525574781152,233.48854554464373,238.71868896484375,879600
2015-10-29,236.29040973051394,243.20167072658433,230.49989376083337,234.04891967773438,372000
2015-10-30,238.15829967526005,240.58658037783135,232.18099333046922,235.54322814941406,194800
2015-11-02,236.29042436212183,242.64131323825788,233.48856162265002,234.42251586914062,228400
2015-11-04,240.0262088889458,241.14695383317434,217.05093753226072,219.1056365966797,662400
2015-11-05,217.237699393458,228.44514734152978,215.9301637995163,222.65463256835938,220000
2015-11-06,219.85280500508972,225.2697390281548,217.23773340774795,220.41317749023438,219600
2015-11-09,223.9622098611556,223.9622098611556,220.413184016817,220.9735565185547,98800
2015-11-10,223.2150163900842,223.2150163900842,218.54524617271844,220.59994506835938,78800
2015-11-11,220.41319177235948,227.32445287030635,220.41319177235948,224.70938110351562,111200
2015-11-12,224.70934193169893,227.1376224347015,223.77538789208256,225.26971435546875,86000
2015-11-13,224.1490065449416,237.03757442127576,220.59998060798003,221.9075164794922,346400
2015-11-16,216.86415596954092,226.95086089835678,216.86415596954092,226.01690673828125,98400
2015-11-17,231.6206434906506,231.6206434906506,226.01691824490905,227.88482666015625,68400
2015-11-18,230.31307290505535,231.62060859875803,222.28106792945326,225.83009338378906,158000
2015-11-19,226.57727485294646,226.76406568134954,223.21503994169086,224.33578491210938,87600
2015-11-20,223.96219670673045,224.89615082143743,220.2263802479026,223.77540588378906,116800
2015-11-24,222.2810798807347,222.84145235102227,216.67735517785903,219.47921752929688,246000
2015-11-25,221.3471381863798,222.6546740237677,220.413184016817,220.9735565185547,127200
2015-11-26,222.65463256835938,224.7093313588392,221.34709697441767,222.65463256835938,70000
2015-11-27,222.28111267089844,223.21506692581818,220.41320416105896,222.28111267089844,254000
2015-11-30,222.28108083465955,226.95085144042972,220.4131725923515,226.9508514404297,373200
2015-12-01,225.08291226048624,232.55454420274305,224.14895826770413,231.62059020996094,205200
2015-12-02,233.11492047991072,241.7072973565741,233.11492047991072,237.9714813232422,685200
2015-12-03,233.30172138275438,237.59791000709654,230.12627761693628,232.36776733398438,330400
2015-12-04,226.76404884939868,229.19232943839552,224.3357682604018,225.0829315185547,328800
2015-12-07,226.7640884323247,227.1376701266119,224.14901657231437,224.52259826660156,185600
2015-12-08,222.46787442083505,223.21503772703431,220.41317532878702,221.53392028808594,194000
2015-12-09,220.4131920002842,222.28110040706628,220.22640115960598,220.78677368164062,196800
2015-12-10,219.4792434962336,223.5886420978652,218.17170757753263,221.72073364257812,316800
2015-12-11,220.41315840695842,220.41315840695842,217.42450541160983,218.35845947265625,437600
2015-12-14,212.9415615640923,217.61133265102416,211.82081650322866,215.36984252929688,304000
2015-12-15,216.86416422259745,217.0509550617211,212.38118408362902,214.0623016357422,215200
2015-12-16,216.67735873373792,220.03959361064076,215.5566137747703,217.61131286621094,266000
2015-12-17,221.90751205444334,225.08295625050863,221.34713954925536,224.1490020751953,360800
2015-12-18,224.14900982966188,228.81878086777982,223.96221898813715,227.88482666015625,310000
2015-12-21,228.81876113097792,230.12629690886922,222.6546638923475,226.2036895751953,256000
2015-12-22,230.87347213745116,230.87347213745116,223.02825706481931,224.1490020751953,197200
2015-12-24,221.90752072441848,226.577291783434,221.53393903969723,223.58863830566406,253200
2015-12-25,223.58863830566406,223.58863830566406,223.58863830566406,223.58863830566406,0
2015-12-28,229.752708984375,236.103596875,229.752708984375,233.488525390625,436000
2015-12-29,234.04889265875227,234.04889265875227,228.07158654136992,232.1809844970703,222800
2015-12-30,230.87342701573525,232.36775340418663,229.75268222439675,231.62059020996094,223600
2016-01-04,228.44517659788937,231.43382976679064,225.2697326059318,227.69801330566406,247200
2016-01-05,223.9621982527368,229.19234133119937,218.91884599850502,226.9508514404297,358400
2016-01-06,224.14897953698394,227.13763259747705,219.47920912996344,223.96218872070312,432000
2016-01-07,218.5452770233154,224.33579291025796,216.86415950775145,224.1490020751953,408800
2016-01-08,218.54528926859007,222.84147871575038,214.80947235801585,221.72073364257812,347600
2016-01-12,217.4245302787594,217.4245302787594,203.41521776079807,205.65670776367188,1149200
2016-01-13,209.39251556949338,211.26042382613474,203.60199997390527,206.21707153320312,614000
2016-01-14,204.5359457021374,204.5359457021374,195.19640480249643,198.5586395263672,499600
2016-01-15,204.16235627205143,204.5359378937752,200.42654005481353,202.66802978515625,229200
2016-01-18,194.07564630409365,200.98690608585636,192.39452905988108,197.81146240234375,299200
2016-01-19,196.31714971045335,201.54729261425229,192.39454253260413,198.5586395263672,283200
2016-01-20,201.73409375277433,201.73409375277433,193.888878995722,197.25111389160156,362000
2016-01-21,191.64739416503906,194.26246582031249,182.86822503662108,186.79083251953125,1218400
2016-01-22,192.3945545014881,195.19641694568452,186.60403878348214,192.207763671875,278000
2016-01-25,197.8114762543959,199.6793844343241,194.63603234851797,198.5586395263672,192000
2016-01-26,196.13037036852236,203.04163103865125,192.39455379007433,196.5039520263672,428000
2016-01-27,200.42657654158032,200.42657654158032,194.26247866099118,195.75680541992188,161600
2016-01-28,195.75679872094133,201.36052387516673,194.26247201314789,199.11903381347656,280400
2016-01-29,197.0643054592994,204.7227287046371,197.0643054592994,202.66802978515625,205600
2016-02-01,230.6866773460895,241.70733642578125,226.20369738146917,241.70733642578125,1426000
2016-02-02,242.6412955210537,248.245020590824,242.45450468539468,246.93748474121094,835600
2016-02-03,242.82804734867776,246.93744507304,237.41111398474573,243.57521057128906,521600
2016-02-04,238.34509631387547,242.64128535401585,223.7754117429646,228.63197326660156,386800
2016-02-05,229.752708984375,234.4224794921875,227.3244283203125,233.488525390625,290000
2016-02-08,232.36782699621088,237.97155272763078,228.81880069964498,236.6640167236328,117200
2016-02-09,231.80739941214412,231.80739941214412,222.65464955622545,225.83009338378906,192000
2016-02-10,229.93950976420206,232.3677905334422,217.6113150895982,224.33578491210938,286800
2016-02-12,218.73205998157573,227.51122891337255,205.46991116971247,212.56796264648438,442000
2016-02-15,220.78673872559796,230.68665171414,215.93017763687922,227.3244171142578,156000
2016-02-16,226.01689448633454,234.42248147136348,226.01689448633454,228.44517517089844,195200
2016-02-17,226.2036888581706,230.3130870042315,223.40182648585636,226.5772705078125,136400
2016-02-18,226.9508579799107,236.47719029017856,226.9508579799107,235.3564453125,172800
2016-02-19,231.62059020996094,234.23566138975082,229.93947302295317,231.62059020996094,96400
2016-02-22,233.48850011825562,241.52050452232362,232.1809645175934,239.09222412109375,245600
2016-02-23,239.09228710159363,239.09228710159363,232.3678165268613,234.42251586914062,146400
2016-02-24,234.4224977723642,235.16966111187773,231.9942169189453,231.9942169189453,78800
2016-02-25,242.45449391106843,244.13561135729307,236.85076909031955,240.77337646484375,441200
2016-02-26,244.32243408384505,254.40914007813225,243.7620615286069,251.4204864501953,528800
2016-02-29,251.98085517095603,256.650626393546,247.12429309946245,253.28839111328125,202000
2016-03-01,255.3430837499033,255.3430837499033,243.2016788898128,245.25637817382812,318400
2016-03-02,248.99216624043237,251.42044693144933,243.0148599240829,244.13560485839844,158400
2016-03-03,244.13564964117003,244.8828130677689,240.960205078125,240.960205078125,189600
2016-03-04,240.9602243189999,247.49790482377895,240.21306083273944,242.64134216308594,133200
2016-03-07,243.20166802803072,247.31106641252896,243.20166802803072,246.93748474121094,98400
2016-03-08,246.75070261195086,258.3317348314368,245.25637587395266,257.7713623046875,388400
2016-03-09,257.7713119224846,274.20890282768653,255.71661305933438,272.9013671875,799200
2016-03-10,272.5277949625651,284.48240694173177,271.40705008951824,280.18621826171875,544000
2016-03-11,278.31835268408423,293.26161994229005,278.31835268408423,293.0748291015625,444800
2016-03-14,293.07482464263745,300.7332489959505,284.85602777566737,295.3163146972656,377600
2016-03-15,295.12953871801477,295.12953871801477,285.4164146589409,291.7673034667969,207600
2016-03-16,289.52574164709705,298.8652817002292,279.4390383897143,285.22955322265625,320400
2016-03-17,283.9220667567458,292.5144450928052,282.05415842281985,287.2843017578125,256000
2016-03-18,287.2842930040861,293.261599490517,276.4504249974301,283.92205810546875,199600
2016-03-22,287.6578776041667,287.6578776041667,279.25229027157735,282.427734375,100400
2016-03-23,283.73526719523056,284.85601216111036,273.2749808470193,276.07684326171875,164800
2016-03-24,272.1542289889589,283.92205083268186,272.1542289889589,283.7352600097656,172000
2016-03-25,285.7899945264503,300.5464713680121,279.999478297483,296.43707275390625,372000
2016-03-28,296.4370746868101,307.64452552563085,289.33902248889024,306.7105712890625,774000
2016-03-29,308.2279550090823,340.28366233002686,308.2279550090823,325.2990417480469,562000
2016-03-30,328.1442704729954,348.0605412242466,328.1442704729954,329.85137939453125,506000
2016-03-31,329.8513270562748,341.42173013300436,319.7983538912474,332.1274719238281,245200
2016-04-01,326.2474902925037,333.4552836826869,316.0048365275065,318.66033935546875,339200
2016-04-04,319.03967088033136,330.9894326314972,308.9866967087157,317.14288330078125,312400
2016-04-05,312.9699367539251,324.5403404763429,312.9699367539251,315.4357604980469,367600
2016-04-06,308.98668600634824,324.3506648685423,308.98668600634824,318.28094482421875,346800
2016-04-07,322.4538614084055,341.4217356088999,319.6086802783313,336.86944580078125,658000
2016-04-08,337.8178564569444,364.1832029182107,336.8694626993449,358.30316162109375,1227600
2016-04-11,360.389644541639,367.97679495304186,345.2153437188331,356.5960693359375,501600
2016-04-12,356.5960608406802,356.5960608406802,346.353408029299,354.3199157714844,300000
2016-04-13,353.9405483146371,356.9754083216222,349.95729455546916,356.4063720703125,239600
2016-04-14,360.3896632339015,375.56396484375,360.3896632339015,375.56396484375,437200
2016-04-15,367.9767836309667,373.66714626443525,363.80385103308976,369.3045349121094,180400
2016-04-18,386.94464485012753,422.6042493755315,386.94464485012753,418.24163818359375,1483600
2016-04-19,433.9849908540755,461.6780890466869,422.9836230789285,433.41595458984375,1360000
2016-04-20,436.2611345204797,467.9374864617493,434.74370448736494,460.91937255859375,1286400
2016-04-21,466.60977270517463,480.8356804096007,463.00587608672,480.07696533203125,1091600
2016-04-22,474.1969353596683,481.4047287771353,465.28203297490654,479.8872985839844,921600
2016-04-25,479.8872495555463,487.2847209913828,469.4549180434692,479.69757080078125,1015200
2016-04-26,479.6976029317887,479.6976029317887,454.2806480908003,462.8161926269531,874000
2016-04-27,455.22900492138774,461.4884037390568,440.4340622614426,456.1773986816406,727200
2016-04-28,449.9179988606771,471.92073404947917,445.7450663248698,455.22900390625,575600
2016-05-02,443.8482372799956,460.3502871275852,442.8998436105939,450.1076354980469,623600
2016-05-06,535.4631444318262,544.9470825195312,525.5998488206129,544.9470825195312,1273200
2016-05-09,544.9470996961455,625.939933518023,544.9470996961455,587.0557861328125,2543600
2016-05-10,597.488010519802,597.488010519802,561.4490511551155,574.7265625,624000
2016-05-11,578.5201689517478,597.4880433436084,562.0181182308291,575.6749877929688,506000
2016-05-12,577.5718550248579,637.3206676136364,574.7266734730114,625.93994140625,1053600
2016-05-13,625.9398592961743,670.5143644278716,617.4043157603173,634.4754028320312,1142400
2016-05-16,663.8756186275159,682.8434934454449,644.9077438095869,671.4627685546875,1038000
2016-05-17,697.0693385164503,717.9339989890515,622.1462395466549,673.3594970703125,1522800
2016-05-18,673.3596339370265,673.3596339370265,622.1463660037879,625.93994140625,555200
2016-05-19,603.1784038284785,634.4753964799562,583.2621357775382,628.7850341796875,1005600
2016-05-20,616.4559787870478,663.8756694629745,603.1784653977883,661.9788818359375,533600
2016-05-23,671.4627980794731,694.2242488618282,659.1336789056975,670.514404296875,471600
2016-05-24,657.2368991249485,679.9983501768949,637.3206294544956,648.7013549804688,483600
2016-05-25,661.9787935482793,667.6691556704708,644.9077071817047,664.823974609375,258400
2016-05-26,665.7724570900116,670.5144261576042,635.4238550574185,661.9788818359375,301600
2016-05-27,668.6175382534087,668.6175382534087,643.9593028000916,655.3400268554688,261200
2016-05-30,659.1337003953819,664.8240632764931,643.0110055655667,661.9788818359375,274000
2016-05-31,662.9273083225534,735.0052417024018,659.1337328815086,727.4180908203125,1929200
2016-06-01,751.1279521372127,798.547646085269,731.211680679029,742.5924072265625,1646400
2016-06-02,769.1473664387618,785.2700609263807,742.59234022386,766.3021850585938,968000
2016-06-03,777.6829085811491,806.1347223097277,768.198970671623,793.8056030273438,865200
2016-06-06,781.476538409108,818.4638988435197,761.5602674059633,788.1152954101562,708400
2016-06-07,791.9088014623519,797.5991641075904,742.5923252036185,780.528076171875,836400
2016-06-08,787.1668576327238,836.4833354603161,779.5797071977096,834.5865478515625,1450800
2016-06-09,826.9993201361762,833.6380761464436,810.8766269683838,819.4121704101562,571200
2016-06-10,800.4443737495236,805.1863427883242,774.8377409400009,777.6829223632812,681600
2016-06-13,757.7666919767928,806.1347786987158,751.1279349757446,788.1152954101562,854400
2016-06-14,774.8377067430025,777.6828880407124,718.8824745547074,745.4375,670400
2016-06-15,722.676063079834,765.3537833404541,720.7792755126953,758.7150268554688,616000
2016-06-16,757.7666000525157,757.7666000525157,714.140487909317,728.3663940429688,522400
2016-06-17,754.9214293962885,768.1989419736102,727.4180104861223,737.850341796875,500400
2016-06-20,764.4053584111201,774.8376896053165,722.6760336343344,730.26318359375,817200
2016-06-21,730.2631917526912,751.1278543741967,708.4501353756627,737.850341796875,484400
2016-06-22,732.1599690119426,754.9214188257854,720.7792441050212,728.3663940429688,372800
2016-06-23,727.4179725338506,727.4179725338506,669.5659564653175,703.7081298828125,690400
2016-06-24,712.2437349257758,746.3859113003803,631.630262930182,674.3079833984375,1084000
2016-06-27,671.4627789102667,739.747129307921,671.4627789102667,737.850341796875,927600
2016-06-28,737.8502729291199,788.1151372803325,734.056698261104,783.3731689453125,1485600
2016-06-29,822.2574444602938,822.2574444602938,734.0568189299509,759.6634521484375,3463200
2016-06-30,777.6828069432884,817.5153409574568,769.1472639402523,783.3731689453125,1476400
2016-07-01,796.6506708811021,808.0313947508321,775.7860104532637,801.3926391601562,651600
2016-07-04,788.115238246633,795.7023885546632,759.66342459152,762.5086059570312,640800
2016-07-05,750.1793755598129,757.7665247437301,742.5922263758957,744.489013671875,289200
2016-07-06,724.5729128668125,735.0052453819106,705.6050355666342,731.211669921875,722800
2016-07-07,726.4696823431522,760.611860625598,694.2242917430644,743.540771484375,862000
2016-07-08,740.6954573599251,760.6117244592317,724.5727649462008,734.0567016601562,332000
2016-07-11,734.0567016601562,734.0567016601562,734.0567016601562,734.0567016601562,0
2016-07-12,732.1599731445312,748.2826668536725,727.4180044065484,732.1599731445312,228400
2016-07-13,732.1599710836039,750.179452237216,726.4696086140422,730.26318359375,402400
2016-07-14,736.9019625583801,782.4248637202878,728.3664185905225,780.528076171875,585600
2016-07-15,770.0956488052033,784.3215536476639,758.7149249312347,775.7860107421875,400800
2016-07-19,756.8182179907196,775.7860931283316,743.5407053943911,767.2505493164062,316800
2016-07-20,759.663479691378,791.9088708393267,759.663479691378,788.1152954101562,417600
2016-07-21,794.7539378224169,799.495906425176,780.5280320141397,795.7023315429688,281600
2016-07-22,782.4249211685125,809.9283426398905,773.8893765739468,776.7345581054688,166800
2016-07-25,772.9409336090088,778.6312963104248,755.8698455047607,758.7150268554688,254000
2016-07-26,752.0763034464266,765.3538170003357,732.1600331155628,761.5602416992188,319200
2016-07-27,761.5601574535101,764.4053386146066,739.7471018851032,740.6954956054688,180800
2016-07-28,740.695484418432,744.489059242598,682.8434683498989,703.7081298828125,1063600
2016-07-29,697.069444378603,707.501776199235,673.3595993317116,683.7919311523438,585600
2016-08-01,816.56689453125,816.56689453125,816.56689453125,816.56689453125,66400
2016-08-02,947.4453461241579,950.29052734375,921.8387151478294,950.29052734375,2834400
2016-08-03,940.8064369365253,1077.375113266021,934.1676818371748,973.0518188476562,3568000
2016-08-04,1005.2973356560535,1022.3684224879488,938.9097757542387,980.6390991210938,1182400
2016-08-05,950.2904489336223,957.8775982265055,900.9739785298814,909.509521484375,1019600
2016-08-08,929.4258272475091,957.8776382856981,912.3547406245957,916.1483154296875,350800
2016-08-09,931.3226525464696,971.1551896207585,925.6322901072855,950.29052734375,659600
2016-08-10,969.2584281163803,978.7423657691825,916.1483772606882,945.548583984375,560800
2016-08-12,959.774483235677,984.4327209472657,930.3742767333985,967.3616333007812,471200
2016-08-15,969.2584051834909,1075.4785043816817,969.2584051834909,1009.0909423828125,846000
2016-08-16,1007.1942367975224,1041.3364143160825,995.8135109580024,1029.9556884765625,583600
2016-08-17,1033.7490282406504,1033.7490282406504,978.7421992150012,988.2261352539062,492800
2016-08-18,988.2262800403107,1048.923479582134,974.9487676405369,1009.0909423828125,762800
2016-08-19,999.6069557774512,1016.6780423087549,954.0840583606413,965.4647827148438,585200
2016-08-22,978.7423374023438,982.5359123535156,939.8581941528321,948.3937377929688,448400
2016-08-23,955.9808217243976,959.7743964137801,937.012948277485,944.60009765625,300000
2016-08-24,957.8777029330178,957.8777029330178,940.8066151579739,945.548583984375,162800
2016-08-25,948.3936843638278,952.1872591012832,924.6838422547321,928.4774169921875,277200
2016-08-26,931.3225283574961,957.877549532659,909.5094752493267,946.496826171875,452400
2016-08-29,911.4064005183455,925.6323068739908,862.0899251521083,881.0578002929688,1197200
2016-08-30,868.7286376953125,896.2320552642689,860.1930943118432,868.7286376953125,329200
2016-08-31,855.4511403074275,865.8834712867864,816.5669975661808,854.5027465820312,910000
2016-09-01,850.7092385488013,859.2447827482877,824.1542121503995,830.79296875,295200
2016-09-02,825.1025411623333,840.2768407699165,809.9282415547502,826.9993286132812,326800
2016-09-05,846.9156633490296,871.5739021475456,825.1026059503424,830.79296875,490400
2016-09-06,834.5866450311822,879.1611590271658,834.5866450311822,874.419189453125,428000
2016-09-07,872.5223860573084,899.077415198183,872.5223860573084,890.5418701171875,642400
2016-09-08,892.4384333850697,923.7354241414006,892.4384333850697,907.6127319335938,890800
2016-09-09,896.2321501140352,906.6644820201245,871.5739110632787,899.0773315429688,819200
2016-09-12,874.4190148153527,886.7481332455042,846.9155967788612,854.5027465820312,513600
2016-09-13,856.3995511854017,864.935094884924,820.3605888985298,842.1736450195312,611200
2016-09-14,834.5864784170728,846.9155968482341,825.1025411623333,826.9993286132812,1018000
2016-09-15,818.4638930812026,853.5544655539773,817.5154992305871,845.0189208984375,647200
2016-09-16,846.9155925976127,863.9866795704648,843.1220177147567,850.7091674804688,733600
2016-09-20,844.070432508314,857.347944929793,836.483282553183,842.1736450195312,490400
2016-09-21,834.5865867108408,849.7608882874016,821.3090728313501,843.1221313476562,478800
2016-09-23,847.8639863183267,857.3479235254669,840.2768365526146,850.7091674804688,666000
2016-09-26,853.5544337583392,856.3996152042004,838.3801327137465,844.0704956054688,324000
2016-09-27,844.0703949980683,866.8318438519489,843.1220012958233,863.0382690429688,956800
2016-09-28,872.5221033086307,914.2514212929565,869.676922536972,903.819091796875,1484400
2016-09-29,910.4580067613025,922.7871256028618,880.1094065359257,881.0578002929688,975600
2016-09-30,894.3352207036353,913.3030938892904,885.7996777700905,907.6127319335938,894000
2016-10-03,928.4774692993165,954.0841002197267,928.4774692993165,948.3937377929688,1554400
2016-10-04,973.0520455496651,1009.0910101996527,947.4454127720423,955.98095703125,1651600
2016-10-05,969.2584989397053,995.8135263079164,967.3617112705474,984.4328002929688,752800
2016-10-06,995.8132840850302,995.8132840850302,950.290391098286,988.2261352539062,973600
2016-10-07,971.1551619922631,984.432673972626,954.0840751603678,980.6390991210938,436400
2016-10-11,1020.471637732804,1090.6527726698184,1018.5748503020739,1037.542724609375,2062400
2016-10-12,1020.471579892792,1075.4784122661952,1020.471579892792,1039.439453125,745600
2016-10-13,1052.7170960799508,1062.2010338824728,1031.8524329144022,1047.0267333984375,390400
2016-10-14,1045.129945837933,1058.4074587614639,1031.8524329144022,1047.0267333984375,442000
2016-10-17,1043.2331941565687,1043.2331941565687,995.8135035130884,1022.3685302734375,405600
2016-10-18,1018.5747441159019,1048.92333984375,1010.9875951839399,1048.92333984375,536000
2016-10-19,1052.716928944246,1119.1044830218111,1048.923354425528,1111.517333984375,1232000
2016-10-20,1094.4464586759868,1122.8982730263158,1075.4785824424341,1081.1689453125,775200
2016-10-21,1081.1686964437995,1094.4462067510042,1065.9943989498515,1077.3751220703125,368000
2016-10-24,1096.3432223412299,1096.3432223412299,1048.9235327935987,1058.407470703125,386400
2016-10-25,1056.5106712009595,1065.9946090034816,1024.2652826723845,1047.0267333984375,347600
2016-10-26,1048.923478451217,1077.3752907057708,1048.923478451217,1064.0977783203125,292800
2016-10-27,1065.9945447198277,1067.8913321659481,1041.3363079202586,1045.1298828125,191200
2016-10-28,1045.1298150946625,1048.923389741104,1016.6780052463504,1039.439453125,608400
2016-10-31,1024.265208393062,1043.2330826225632,1014.7812712783114,1033.7491455078125,326000
2016-11-01,1043.233058291398,1075.4784437294957,1028.0587592617048,1065.9945068359375,414000
2016-11-02,1052.7170756998096,1052.7170756998096,1001.5038125576567,1028.058837890625,728000
2016-11-04,1009.0908336900685,1012.884408252813,912.3546823400807,969.25830078125,2032800
2016-11-07,961.6712630542356,1020.4716755881238,955.9809005509562,1016.6781005859375,790800
2016-11-08,1014.7812179231296,1054.6137517107663,1009.0908559534672,1039.439453125,689200
2016-11-09,1048.9234621470212,1052.7170370553285,969.2583890725638,993.9166259765625,878400
2016-11-10,1047.0266617630257,1058.4073863474064,1024.265212594264,1037.542724609375,512800
2016-11-11,1048.923366598887,1048.923366598887,957.8775770930162,969.25830078125,1108000
2016-11-14,959.7744904635782,969.2584281163803,933.2194650357321,945.548583984375,929200
2016-11-15,959.7743688512732,1031.8522858796296,957.8775815610531,1024.26513671875,1038000
2016-11-16,1033.7491420932583,1103.9302765105988,1024.2652050098338,1084.96240234375,1302800
2016-11-17,1084.9625205592104,1113.4143349095393,1067.8914319490132,1081.1689453125,756400
2016-11-18,1100.136684120124,1103.930258892952,1052.716999459774,1069.7880859375,632000
2016-11-21,1065.99457561436,1065.99457561436,1007.1941630804716,1016.6781005859375,656800
2016-11-22,1022.368580315395,1056.5107592498607,1003.4007031295806,1010.9878540039062,677600
2016-11-24,995.8135186352777,999.6070939443644,971.1552791262136,976.8456420898438,801600
2016-11-25,978.7421992150012,990.1229224616872,971.1550503838771,988.2261352539062,430800
2016-11-28,973.4314904172447,999.2278042708584,964.7062666138166,982.5360717773438,298400
2016-11-29,974.948831182825,977.9836913577132,952.1873798711637,954.0841674804688,490600
2016-11-30,955.980862586134,981.018456606247,954.0840751603678,980.6390991210938,651400
2016-12-01,961.6711924650751,965.4647671888032,896.0423497445789,909.69921875,1836400
2016-12-02,899.0773210888502,899.0773210888502,832.3103976662184,877.0745849609375,1689200
2016-12-05,883.1442272105787,926.7703380908264,877.0745074359355,916.9070434570312,1135800
2016-12-06,908.5611484358155,911.9753656950733,869.4873286909767,879.72998046875,689600
2016-12-07,859.2447171845662,907.8024760364975,838.3800551778769,883.9029541015625,1209200
2016-12-08,864.935206531852,880.1095084008319,847.4847593825252,866.45263671875,843200
2016-12-09,847.4847357362032,866.8319700793305,835.3452945797312,854.3131713867188,871400
2016-12-12,853.933767463421,886.9378713147394,840.6562544197872,880.1094360351562,960200
2016-12-13,885.0410570679979,913.1135123714836,852.0369542111973,912.3547973632812,709800
2016-12-14,912.3547659288661,926.3909930970025,880.1093791912554,883.9029541015625,695600
2016-12-15,874.4190297200381,891.4901170681517,866.8318797875432,884.6616821289062,535200
2016-12-16,874.7983743168254,888.8346014849618,874.7983743168254,883.9029541015625,322000
2016-12-19,874.4191066234184,893.3869831228419,873.2810340334531,889.2140502929688,361000
2016-12-20,895.2835975363489,944.6000668921647,889.9725931441841,939.2890625,949200
2016-12-21,948.3937415618634,953.7047465146098,883.9029671356567,884.6616821289062,1557000
2016-12-22,882.0061809358782,905.9057032580116,860.0034460996283,863.4176635742188,764000
2016-12-26,853.1750901305049,885.7998379078387,850.8989449367375,882.3856201171875,813800
2016-12-27,874.4189561832271,895.2836167429138,868.349236747682,873.2808837890625,396200
2016-12-28,872.9015565714587,913.1134492253373,872.9015565714587,899.8359375,706800
2016-12-29,899.0772670006465,912.3547793825127,879.7300346727845,884.6616821289062,471600
2016-12-30,873.2809206562869,891.4900797316568,873.2809206562869,884.2822875976562,364400
2017-01-04,884.6617020882702,897.1804997593306,878.2126245001481,880.48876953125,629200
2017-01-05,883.9030502463658,889.2140556984898,874.4191119390014,882.3856201171875,545000
2017-01-06,881.2473866659292,920.3212053601137,878.2125269615265,890.7313232421875,839800
2017-01-10,894.9043387031066,907.8024936483826,883.1442562530023,888.4552612304688,670800
2017-01-11,888.4553251491758,899.8360509196605,856.5892929918184,867.2113037109375,958200
2017-01-12,873.6603350348797,873.6603350348797,843.3117345994519,846.7259521484375,967600
2017-01-13,842.1737577756817,852.7957691350146,822.4471652512062,845.2086181640625,878000
2017-01-16,844.0705177750658,848.2434506719313,831.5517190844694,841.7943725585938,589400
2017-01-17,837.242026358553,872.1429173531099,828.8961611207242,858.106689453125,766800
2017-01-18,855.0717067355366,863.4175707764336,827.3786124180148,836.862548828125,645200
2017-01-19,841.0355974804153,849.3814626786873,829.2755147010319,831.1723022460938,401600
2017-01-20,817.1360722031703,820.9296472830365,778.4416063885355,782.993896484375,1964600
2017-01-23,787.1667743833515,788.6842043098736,765.9227554120417,778.0621948242188,933400
2017-01-24,777.3034950011673,783.7525723145005,772.7512051329321,780.7177124023438,711800
2017-01-25,780.717708170414,783.3732105791569,766.6814811527729,776.9241333007812,1042800
2017-01-26,776.9241654571844,792.8571805690992,775.0273779438612,784.1319580078125,998400
2017-01-27,784.1319408110459,788.6842307431855,776.1654334298016,779.5796508789062,628800
2017-01-30,786.4081034552781,817.5154186908463,776.9241658834586,807.2727661132812,1018400
2017-01-31,809.5489160619076,811.4457035878258,786.408108245705,800.4443359375,742800
2017-02-01,853.9336944677136,887.6965104639937,801.9617192824285,834.9658203125,3472000
2017-02-02,843.6911526723795,868.3493922963474,832.3104266920866,834.2072143554688,1258400
2017-02-03,837.2418948983787,837.2418948983787,748.4722513069784,756.818115234375,3893200
2017-02-06,762.5085823940312,764.0260124087458,722.6760445077759,729.1251220703125,2342600
2017-02-07,721.1585762598181,722.6760061940839,692.3274075087681,705.6049194335938,3374800
2017-02-08,713.1921497277904,717.7444400452018,694.2242734052428,712.0540771484375,1700600
2017-02-09,718.8825067669698,745.4375334021612,704.4669208792943,706.3637084960938,2335000
2017-02-10,710.915924203524,716.9856439405872,695.7416248608662,705.6049194335938,1614800
2017-02-13,710.916035905669,724.193549916714,705.9843878444237,719.2619018554688,1488200
2017-02-14,720.779245401145,726.4696078648383,706.3636604931221,707.1223754882812,840000
2017-02-15,727.9871035009864,753.0247005989881,710.157299506955,746.5756225585938,2406400
2017-02-16,758.7150308030161,771.9925438420689,745.0581602485619,762.5086059570312,2264600
2017-02-17,762.5085901439076,806.8934185254186,754.1627249781534,793.6159057617188,1968800
2017-02-20,800.8237272673963,812.9631679460115,763.6466901891372,773.8893432617188,1625600
2017-02-21,778.4415632486343,792.0984327793121,771.2337709963322,776.9241333007812,748000
2017-02-22,768.9576948514672,770.0957674141481,751.886606411252,761.3705444335938,1179800
2017-02-23,758.7150347114789,768.5783301627282,748.0930242255182,766.3021850585938,576400
2017-02-24,766.3021928375842,784.5113538555071,764.4054052315506,773.8893432617188,682200
2017-02-27,778.0623113186281,780.3384565492042,768.1990153194646,772.3719482421875,479600
2017-02-28,772.3719184188768,776.9242087042533,762.8879803243424,767.0609130859375,557400
2017-03-01,763.2673619167249,782.9939537754077,760.6118591665177,779.2003784179688,743200
2017-03-02,785.2700970986228,787.1668847727741,769.3370806357523,777.3035888671875,857200
2017-03-03,773.8892973139044,781.8558047862534,770.8544373244382,776.5447998046875,403000
2017-03-06,778.8210117106987,784.1320171485701,771.6132186164448,782.2352294921875,633400
2017-03-07,783.3732539923616,803.4792019156522,777.6828913725624,782.993896484375,1119400
2017-03-08,787.5461956573367,792.8572008303631,772.7512526753349,779.9590454101562,808800
2017-03-09,783.3732579966061,809.9282836914062,782.6145429767546,809.9282836914062,1576000
2017-03-10,815.6186262914653,831.1722838160932,804.2379012734448,814.1011962890625,1810400
2017-03-13,819.4122325904374,833.0691031336113,808.4108646528806,808.7902221679688,1144800
2017-03-14,803.8586315339464,807.6522069541161,778.0623186767929,792.4779052734375,1266600
2017-03-15,792.0984856592465,813.7218638597145,789.4429830732241,803.099853515625,778000
2017-03-16,799.306149055279,827.7579578730986,799.306149055279,816.756591796875,1286000
2017-03-17,813.7218587906634,821.6883664991035,802.3411334928919,809.9282836914062,2204800
2017-03-21,809.9282998596595,815.6186626221396,799.3062893696969,801.9617919921875,746000
2017-03-22,786.4080655772912,805.3759398073271,785.269993123489,794.3745727539062,611400
2017-03-23,789.0636650551648,798.1682458058013,778.4416541794222,782.2352294921875,659600
2017-03-24,782.9938839495996,809.9282665854628,782.9938839495996,805.3759765625,657600
2017-03-27,800.4443181379719,817.1360479948775,800.4443181379719,806.5140380859375,651600
2017-03-28,811.445633004758,837.6212985855566,808.0314157550886,824.72314453125,1124800
2017-03-29,843.9564513199189,861.6510715390239,840.8791260644224,855.1117553710938,1322200
2017-03-30,855.1117275127237,862.4203747564222,828.9544636931712,834.3397827148438,1019400
2017-03-31,842.4176951204793,843.1870263488998,821.645751953125,821.645751953125,819400
2017-04-03,825.8771695801444,853.957762677187,815.4911967908273,849.7264404296875,1236200
2017-04-04,858.958462523045,875.8837524249768,848.5724891741322,857.4197998046875,1928000
2017-04-05,869.344349426982,895.11694739672,868.190352502964,889.7316284179688,1718600
2017-04-06,878.1917284197756,882.0383851364631,847.8031403579437,852.4191284179688,1373000
2017-04-07,861.2663591204415,864.7283498449095,804.3358449847447,829.339111328125,1965000
2017-04-10,837.0325149494021,852.4191420624425,833.185858171142,836.26318359375,925000
2017-04-11,834.7245139279111,842.4178274203342,817.414558569959,828.9545288085938,951800
2017-04-12,817.4144301968121,825.8770737094379,806.2591273847145,821.645751953125,953200
2017-04-13,818.9532413862066,855.4964813729092,818.9532413862066,850.8804931640625,1122200
2017-04-14,850.4957397798615,867.4210281336896,832.0317888484127,834.3397827148438,778400
2017-04-17,833.9552034286121,897.8097070121682,832.416540691659,885.8850708007812,2549600
2017-04-18,892.4243206411263,901.2716307164478,880.4996853222148,887.0390014648438,1192000
2017-04-19,882.4231237670951,896.2710890921236,873.5758125872158,885.1157836914062,1854200
2017-04-20,877.8070194244385,884.3463355200632,844.3411076409477,861.6510620117188,1725000
2017-04-21,867.4209492146468,876.2682582310267,858.9583058076746,869.7289428710938,544000
2017-04-24,869.7290290030323,875.1143480680666,853.1884061604271,859.7277221679688,883200
2017-04-25,860.4970523367683,866.6517026887523,855.4963989257812,855.4963989257812,860000
2017-04-26,865.497802734375,880.4997646484376,858.1891546223959,865.497802734375,1189800
2017-04-27,865.8823725280079,876.268345010574,857.0350626354516,859.7277221679688,1792800
2017-04-28,861.6511895116228,868.9598379940874,848.9572210947105,860.4971923828125,1231600
2017-05-01,990.8986672794117,1052.829833984375,987.4366765940412,1052.829833984375,8816000
2017-05-02,1052.8297869873047,1125.5315881347656,1051.6757901436943,1077.063720703125,5701400
2017-05-08,1134.763927045076,1148.996559350387,1123.6086206436157,1132.4559326171875,2394400
2017-05-09,1113.2225563320947,1144.3804786067662,1104.759910776011,1112.837890625,1563400
2017-05-10,1119.7616943781763,1122.0696882518519,1073.217151259056,1111.6837158203125,1686600
2017-05-11,1118.9924342546392,1143.9957028096587,1099.7591507507782,1131.6864013671875,1468600
2017-05-12,1116.2996528388614,1140.5335874111731,1108.606340276223,1127.4549560546875,1083800
2017-05-15,1115.9151731431587,1134.763792062157,1100.1438797619558,1122.06982421875,1122200
2017-05-16,1140.5336239517724,1144.7649459967874,1125.9163296144477,1137.456298828125,1408800
2017-05-17,1142.4569284539473,1221.313383111543,1142.4569284539473,1205.9267578125,2499800
2017-05-18,1175.153678464045,1211.6969188745472,1169.3836931360709,1194.386962890625,1053000
2017-05-19,1217.4669189453125,1230.930218206951,1198.2336342858289,1217.4669189453125,1110800
2017-05-22,1240.546706462985,1244.3933629171338,1219.3900959651667,1232.8533935546875,863400
2017-05-23,1238.6233430581408,1261.7032811275471,1221.313389506086,1227.0833740234375,1135800
2017-05-24,1242.4701200030822,1273.2433737492886,1236.7001349256686,1267.473388671875,1147000
2017-05-25,1402.1062879447477,1488.6560588055345,1340.5597842215213,1436.7261962890625,4498000
2017-05-26,1461.729406240035,1557.8958145453005,1459.8060780739297,1507.8892822265625,3301600
2017-05-29,1527.1226641174471,1530.969320702126,1482.886113393642,1504.042724609375,1244800
2017-05-30,1496.3494180471787,1502.1194029496742,1430.9562558188957,1484.8094482421875,1717400
2017-05-31,1517.5061036643099,1588.6692542797466,1504.0428048992273,1579.0526123046875,3124600
2017-06-01,1600.2092823093221,1629.0592092740335,1546.3560853085276,1588.6693115234375,1754200
2017-06-02,1579.0526321802383,1592.5159311147836,1490.5795248960837,1500.1961669921875,2027000
2017-06-05,1475.1927543706977,1569.4358377659573,1473.2694261381414,1536.7392578125,1782200
2017-06-06,1538.6626737201634,1544.432658746614,1505.96609190361,1530.9693603515625,983600
2017-06-07,1557.8958961514293,1609.825759356477,1550.2025830840148,1602.1324462890625,1723200
2017-06-08,1598.2858925862438,1634.8291320075898,1588.669250633258,1619.4425048828125,1424600
2017-06-09,1634.8291746584955,1659.8324443885667,1600.2092627245509,1605.979248046875,1200000
2017-06-12,1642.5224192549545,1675.219001371271,1604.055852059288,1655.9857177734375,1489200
2017-06-13,1648.2925430655732,1806.0054818419758,1648.2925430655732,1804.0821533203125,2729000
2017-06-14,1794.465389024343,1796.3887174155802,1725.2255669398023,1742.5355224609375,1807200
2017-06-15,1742.535640627082,1811.775467406966,1740.6123121054186,1804.0821533203125,1300000
2017-06-16,1794.4654312871326,1829.0853431447622,1781.0021322313878,1790.6187744140625,957600
2017-06-19,1804.0819322951295,1854.0884677318816,1790.618634292927,1807.9285888671875,1092400
2017-06-20,1869.4751391475065,1875.2451241448755,1823.3152591685557,1856.0118408203125,1235200
2017-06-21,1861.7819401041668,1898.3251806640626,1852.1652978515626,1875.2452392578125,1476600
2017-06-22,1871.3984392951515,1873.321767598641,1821.3919034044281,1831.008544921875,1246000
2017-06-23,1825.238701182231,1842.5486572524521,1790.6187890417882,1813.69873046875,1044800
2017-06-26,1813.6986696245276,1856.011894154474,1809.852012849078,1844.471923828125,758600
2017-06-27,1859.8586036643403,1904.0951578362944,1856.0119467798224,1894.478515625,1280600
2017-06-28,1896.401653538137,1904.0949665342348,1775.2319738495946,1802.1585693359375,1491600
2017-06-29,1819.4687158254903,1836.7786718957118,1794.4654459462818,1813.69873046875,882600
2017-06-30,1788.6953109596805,1834.8551899521885,1754.0754017152997,1829.085205078125,1003400
2017-07-03,1819.4687272411284,1859.8586249917241,1806.0054279909298,1815.6220703125,743000
2017-07-04,1802.1585585489636,1807.9285432615002,1692.5288490107662,1719.4554443359375,1852400
2017-07-05,1684.8356194747123,1757.9220961185924,1665.6023361473754,1754.075439453125,1059600
2017-07-06,1759.8455898221687,1781.002203470304,1727.149005093232,1740.6123046875,642800
2017-07-07,1713.6856190685658,1754.0755158142895,1711.7622906521028,1746.3822021484375,575800
2017-07-10,1754.075108862705,1765.6150766841702,1721.3785333685537,1759.8450927734375,658000
2017-07-11,1788.6956089741059,1904.0953256821128,1777.1556373033052,1902.1719970703125,2174200
2017-07-12,1904.0951710826944,1934.8684263729199,1827.162032857131,1834.8553466796875,2388400
2017-07-13,1848.3186744077957,1848.3186744077957,1769.4622065090239,1798.3121337890625,1517600
2017-07-14,1806.0053912122426,1825.238675463704,1684.8357004280347,1727.14892578125,2549400
2017-07-17,1727.1489257812502,1727.1489257812502,1727.1489257812502,1727.14892578125,0
2017-07-18,1725.225547367152,1725.225547367152,1673.29568139289,1698.2989501953125,1793200
2017-07-19,1721.3790195528316,1752.1522757683013,1715.609034012431,1740.6123046875,1076400
2017-07-20,1746.3820749068072,1773.3086707754144,1719.4554790382,1725.2254638671875,761600
2017-07-21,1736.7654889107782,1784.8486973523834,1732.9188322354498,1775.2320556640625,646000
2017-07-24,1761.7687458692042,1779.0787007958668,1734.8421493166181,1773.3087158203125,662400
2017-07-25,1786.771982668326,1836.778518243543,1779.078669502908,1829.085205078125,1133400
2017-07-26,1846.3951467559216,1879.0917274797243,1844.4718184780509,1867.5517578125,1260600
2017-07-27,1877.168305425753,1892.5549308800623,1831.0084290628247,1852.1650390625,1079400
2017-07-28,1834.854961030802,1844.471601287777,1765.615151180583,1811.7750244140625,907000
2017-07-31,1923.3280692513533,1988.7212236058992,1919.4814131128505,1954.101318359375,2878800
2017-08-01,1977.1816523969796,1977.1816523969796,1819.4687190345746,1834.8553466796875,2114000
2017-08-02,1821.3920951347234,1865.628650771575,1788.695510533572,1863.705322265625,1035200
2017-08-03,1852.1651841554,1861.7818258176815,1829.0852441659247,1856.0118408203125,830200
2017-08-04,1829.0853839698696,1865.6286250796777,1829.0853839698696,1838.7020263671875,548600
2017-08-07,1856.011878459733,1856.011878459733,1817.5453110305157,1821.3919677734375,640000
2017-08-08,1798.3119474370428,1823.3152151554189,1792.541962578956,1807.9285888671875,713000
2017-08-09,1807.9288103636393,1831.0087526236007,1782.9255395820144,1804.0821533203125,600200
2017-08-10,1796.3888367423476,1813.6987934133124,1761.7689234004179,1782.925537109375,549000
2017-08-11,1782.925537109375,1782.925537109375,1782.925537109375,1782.925537109375,0
2017-08-14,1732.9190042843086,1769.4622463280398,1721.3790331126038,1763.6922607421875,1047000
2017-08-15,1773.3088690140903,1846.3953516849529,1773.3088690140903,1840.6253662109375,922400
2017-08-16,1850.241585441962,1856.0115695961467,1807.9283683112726,1811.7750244140625,691400
2017-08-17,1836.778791632662,1931.0218919363274,1827.162148744533,1896.4019775390625,1620400
2017-08-18,1861.7818008050685,1902.1716952440215,1850.2418309653676,1892.5550537109375,626200
2017-08-21,1886.7850657230665,1902.1716921509815,1825.238560011407,1831.008544921875,841600
2017-08-22,1865.6286847149884,1892.5552842881946,1848.3187278464989,1869.475341796875,788600
2017-08-23,1884.8618734137058,1915.6351284898478,1869.4752458756348,1894.478515625,672000
2017-08-24,1882.9383599175346,1909.8649554628314,1867.5517338916509,1904.094970703125,693600
2017-08-25,1913.7116650837224,1913.7116650837224,1884.8617404844701,1892.5550537109375,454000
2017-08-28,1900.2485028574904,1977.181640625,1896.401845969115,1977.181640625,1469600
2017-08-29,1954.1017549082248,2081.0414358373023,1946.4084409125232,2069.50146484375,2329200
2017-08-30,2081.0411318824404,2104.121070498512,2054.1145368303573,2100.2744140625,931000
2017-08-31,2154.1279523172902,2181.0545517212568,2107.968067624777,2157.974609375,1263200
2017-09-01,2188.7479599846733,2250.29447555542,2157.9747021993,2215.674560546875,1096800
2017-09-04,2215.6741187283737,2261.8339962018817,2188.747523535494,2223.367431640625,675800
2017-09-05,2234.907352811796,2242.600665558136,2084.8877542581645,2134.894287109375,1333200
2017-09-06,2057.9615258745544,2177.207894663547,2046.421554701426,2157.974609375,960600
2017-09-07,2188.7476277384726,2234.9075074095826,2169.514344542177,2200.28759765625,883600
2017-09-08,2196.4408015059075,2211.8274270856336,2165.6675503464553,2177.20751953125,517800
2017-09-11,2200.287890625,2292.607662259615,2192.5945763221152,2250.29443359375,996000
2017-09-12,2296.454232293206,2300.3008892987227,2215.674435177365,2277.220947265625,980800
2017-09-13,2292.6068137954735,2307.9934367068527,2257.986912244871,2273.37353515625,619200
2017-09-14,2265.680908203125,2288.760849543055,2231.06099619323,2265.680908203125,726800
2017-09-15,2265.6808547973633,2358.000617980957,2246.4475708007812,2338.767333984375,1280800
2017-09-18,2338.767333984375,2338.767333984375,2338.767333984375,2338.767333984375,0
2017-09-19,2269.5273213990977,2269.5273213990977,2096.4277799364545,2184.90087890625,2480000
2017-09-20,2215.674247382199,2269.527440894961,2192.594307305301,2204.13427734375,1063200
2017-09-21,2204.134338270879,2207.9809950566923,2165.6677704127487,2173.361083984375,644000
2017-09-22,2157.974650507388,2184.9012504245925,2104.121450672979,2123.354736328125,1022400
2017-09-25,2127.2011215103257,2211.8275675740274,2123.3544648710663,2200.28759765625,887600
2017-09-26,2161.8214439474127,2181.0547308152723,2127.2015275852655,2146.434814453125,703800
2017-09-27,2161.821067904918,2188.747664836118,2127.2011575648035,2165.667724609375,528000
2017-09-28,2177.2077794795414,2181.054436333746,2123.3545835206837,2138.7412109375,779800
2017-09-29,2138.7412109375,2142.5878677917044,2104.121299249663,2138.7412109375,603800
2017-10-02,2154.1275811616606,2184.900832321113,2138.7409555819345,2177.20751953125,578800
2017-10-03,2173.3611226253374,2177.2077794795414,2134.894554083296,2138.7412109375,562400
2017-10-04,2131.0480505901833,2142.588021983271,2100.2747935419497,2123.354736328125,726800
2017-10-05,2131.0479593764258,2161.821215107493,2100.2747036453584,2107.968017578125,505200
2017-10-06,2127.201079377277,2134.8943925034155,2088.7345137465845,2111.814453125,361400
2017-10-09,2111.814453125,2111.814453125,2111.814453125,2111.814453125,0
2017-10-10,2111.814680232558,2157.9745639534885,2111.814680232558,2150.28125,583200
2017-10-11,2154.1278613105924,2154.1278613105924,2123.354606149013,2142.587890625,333000
2017-10-12,2142.5876803808765,2207.9808411824474,2142.5876803808765,2188.74755859375,955800
2017-10-13,2192.59417999162,2242.6007139212534,2188.747523535494,2223.367431640625,990000
2017-10-16,2234.9072691350643,2238.7539253642126,2157.9741445521017,2161.82080078125,714200
2017-10-17,2177.2076947227465,2184.9010081316605,2142.587784382632,2165.667724609375,378200
2017-10-18,2154.127792193141,2169.5144192802345,2127.2011947907267,2131.0478515625,411800
2017-10-19,2115.6615172532197,2119.508174557316,2019.4950846508004,2034.8817138671875,1867600
2017-10-20,2038.7279911076646,2092.581183325603,2038.7279911076646,2073.347900390625,635400
2017-10-23,2077.194556977621,2088.734526738607,2046.421304281656,2073.347900390625,579400
2017-10-24,2061.8077708239152,2131.0475840232257,2061.8077708239152,2127.200927734375,872200
2017-10-25,2100.2743203701566,2115.6609454278137,2077.1943827836717,2084.8876953125,608000
2017-10-26,2061.8078146945227,2077.1944401773176,2034.8812200996315,2054.114501953125,752800
2017-10-27,2050.2679608686517,2084.887870151612,2050.2679608686517,2073.347900390625,583600
2017-10-30,2081.0413056262946,2092.58127589779,2057.9613650833044,2088.734619140625,1324800
2017-10-31,2096.4279556274414,2127.2012100219727,2084.887985229492,2092.581298828125,555600
2017-11-01,2081.0414635120737,2123.3546910511363,2073.3481494140624,2115.661376953125,633000
2017-11-02,2146.4346791143003,2165.6679647694464,2115.6614220660667,2123.354736328125,910200
2017-11-03,2123.354736328125,2123.354736328125,2123.354736328125,2123.354736328125,0
2017-11-06,1911.7883957044212,1911.7883957044212,1738.6888427734375,1738.6888427734375,6008600
2017-11-07,1721.379113909842,1757.9223576688219,1648.2926263918823,1673.2958984375,4119000
2017-11-08,1715.6088311377991,1813.6985737252742,1694.452219991481,1807.9285888671875,2932400
2017-11-09,1829.0849372694943,1900.248073630137,1784.848393045311,1825.23828125,3274400
2017-11-10,1900.2484296458636,1992.568191410035,1850.241892023604,1984.8748779296875,2777800
2017-11-13,2038.728048676426,2057.9613321545057,1981.0281982421875,1981.0281982421875,2135200
2017-11-14,2004.1081924438477,2057.9613876342773,1981.0282516479492,2031.0347900390625,1284000
2017-11-15,2004.1079970869641,2007.9546535113152,1861.7817093859705,1917.5582275390625,2356800
2017-11-16,1882.9388427734375,2000.261896306818,1881.0155140269885,1988.721923828125,1134000
2017-11-17,2015.6480547930744,2019.4947113861908,1965.6415190825592,1992.568115234375,877000
2017-11-20,1954.101713679387,2004.1082535963794,1942.561742929312,2000.2615966796875,638000
2017-11-21,1984.8750173696887,1988.721674380095,1931.0218192239995,1946.408447265625,1008400
2017-11-22,1938.7149496423194,1950.2549195806666,1913.7116814425672,1915.635009765625,802800
2017-11-23,1915.6350097656252,1915.6350097656252,1915.6350097656252,1915.635009765625,0
2017-11-24,1888.7086227842535,1938.7151647316982,1886.7852942478135,1931.0218505859375,624000
2017-11-27,1927.1748451731314,1931.0215015507224,1902.1715787187893,1913.7115478515625,422200
2017-11-28,1896.4016576901831,1909.8649554628314,1857.9350926254735,1904.094970703125,693200
2017-11-29,1904.0953256821128,1938.7152406945147,1879.0920537287113,1902.1719970703125,691000
2017-11-30,1900.2483831811624,1919.481666411741,1871.3984583352944,1915.635009765625,521400
2017-12-01,1934.868054410596,1934.868054410596,1754.0752143364448,1777.1551513671875,3424000
2017-12-04,1750.2288515250245,1804.0820469565638,1704.0689697265625,1704.0689697265625,1748200
2017-12-05,1673.295677255053,1696.3756176309848,1617.5191546798847,1677.142333984375,1915400
2017-12-06,1677.1424418604652,1727.1489825581396,1648.2925145348838,1654.0625,1343800
2017-12-07,1657.908811699503,1730.9952790366042,1657.908811699503,1717.531982421875,852600
2017-12-08,1700.2224609375,1754.0756610576923,1700.2224609375,1750.22900390625,736400
2017-12-11,1757.9219614093224,1759.8452895946718,1704.06877221954,1711.7620849609375,734800
2017-12-12,1707.9157199585636,1746.3822902279007,1707.9157199585636,1740.6123046875,610400
2017-12-13,1740.612120140256,1748.305433378445,1700.2222256397638,1709.8388671875,609600
2017-12-14,1709.8389699549348,1740.6122247572732,1702.1456562543501,1727.14892578125,444000
2017-12-15,1727.1489825581396,1750.2289244186047,1700.2223837209303,1736.765625,807000
2017-12-18,1746.381952954793,1779.078531369145,1732.918655960648,1765.615234375,750200
2017-12-19,1773.3085820863869,1794.4651920678948,1757.9219566452903,1771.38525390625,786200
2017-12-20,1773.3087273263982,1809.8519657420181,1771.385398988734,1775.2320556640625,815400
2017-12-21,1781.0021719832798,1840.6253548466511,1775.2321865448891,1838.7020263671875,1050400
2017-12-22,1846.3951190635005,1850.2417755615495,1771.3853173515458,1802.1585693359375,1205400
2017-12-25,1784.8485863095239,1825.2384788876489,1784.8485863095239,1817.545166015625,597600
2017-12-26,1817.5453636114546,1886.785186987129,1815.6220351843526,1871.3985595703125,2598800
2017-12-27,1887.9389871123035,1887.9389871123035,1846.3950974203458,1847.1644287109375,757000
2017-12-28,1846.395085717711,1848.7030795748583,1794.8498895747584,1804.8511962890625,609500
2017-12-29,1809.467230442222,1830.2391756896454,1801.7739173876207,1812.5445556640625,449700
2018-01-01,1812.5445556640625,1812.5445556640625,1812.5445556640625,1812.5445556640625,0
2018-01-02,1812.5445556640625,1812.5445556640625,1812.5445556640625,1812.5445556640625,0
2018-01-03,1812.5445556640625,1812.5445556640625,1812.5445556640625,1812.5445556640625,0
2018-01-04,1819.4686385759553,1827.161952058306,1802.5433489147836,1817.16064453125,713300
2018-01-05,1817.1607009031038,1841.0099734382418,1806.3900616936867,1822.5460205078125,706500
2018-01-08,1822.5460205078123,1822.5460205078123,1822.5460205078123,1822.5460205078125,0
2018-01-09,1814.083297935692,1826.3925993635846,1788.6953637406632,1821.776611328125,850800
2018-01-10,1821.7766270068807,1848.7032241121344,1817.1606389316944,1844.8565673828125,749200
2018-01-11,1839.4711952509845,1871.783110851378,1829.4698880413387,1856.396484375,1075500
2018-01-12,1851.0112214900246,1867.9365111295842,1831.7779378087068,1861.7818603515625,620400
2018-01-15,1871.013794482207,1937.1762888594562,1869.4751318222711,1924.09765625,1763300
2018-01-16,1931.0215662484218,1934.0988914535985,1886.4003507733585,1904.094970703125,759400
2018-01-17,1883.3227910084825,1921.7893512823484,1873.3214853372772,1893.3240966796875,726900
2018-01-18,1897.9404939875014,1904.095144961113,1876.3992155798605,1884.092529296875,840700
2018-01-19,1898.7097771451784,1986.4135512920789,1898.7097771451784,1982.56689453125,2235800
2018-01-22,1988.7216259296124,2021.8028754131612,1971.0270041128306,2000.2615966796875,1429100
2018-01-23,2051.8067094431626,2112.583886063339,2047.1907213454276,2063.3466796875,2468600
2018-01-24,2092.581547645442,2264.142461294314,2087.1962274860603,2168.745361328125,3604900
2018-01-25,2154.127643525516,2186.4395581783983,2144.8956679104062,2163.359619140625,1381200
2018-01-26,2163.359515196165,2196.4407595608286,2154.1275400246304,2186.439453125,1295300
2018-01-29,2201.826482971149,2253.3716871497186,2191.0558432920448,2204.90380859375,1519400
2018-01-30,2181.0543728723524,2203.364981977572,2144.895799494927,2161.0517578125,1244500
2018-01-31,2138.7412350372183,2191.0557688438844,2134.12524676016,2151.050537109375,1398000
2018-02-01,2289.5298999023435,2519.559953689575,2269.527286529541,2461.860107421875,4821300
2018-02-02,2488.7870529220627,2604.1867617128846,2484.9403959623687,2561.87353515625,3436700
2018-02-05,2484.940314328334,2623.4199603280554,2477.2470006616827,2588.800048828125,1890500
2018-02-06,2427.240448145951,2538.7934956835625,2231.0609507522213,2381.08056640625,2540400
2018-02-07,2615.7267069433283,2627.2666777092545,2388.7739485467746,2392.62060546875,1093800
2018-02-08,2408.006985535332,2496.4800856428606,2373.3870767976036,2473.400146484375,1647600
2018-02-09,2365.693843049823,2450.3202894678657,2350.307216428361,2446.4736328125,1268400
2018-02-12,2446.4736328125,2446.4736328125,2446.4736328125,2446.4736328125,0
2018-02-13,2500.3264866780723,2554.1796725449844,2454.1666130778617,2511.866455078125,1361700
2018-02-14,2508.019798944774,2581.1062654784405,2454.1666130778617,2511.866455078125,1151100
2018-02-15,2558.0269362200543,2561.8735932670015,2465.7071670933155,2488.787109375,686000
2018-02-16,2508.020225628782,2581.106704596492,2496.4802552654596,2542.64013671875,856000
2018-02-19,2584.95324620945,2761.899450563073,2573.4132763603006,2727.279541015625,1717500
2018-02-20,2704.199684077858,2723.4329677483975,2650.346489800347,2700.35302734375,726600
2018-02-21,2677.2730321344343,2684.966345445165,2634.9598089254127,2650.346435546875,726400
2018-02-22,2627.266392920067,2661.886301465134,2554.179919324926,2592.646484375,770400
2018-02-23,2615.72657707556,2627.2665472685403,2561.873382841651,2577.260009765625,493000
2018-02-26,2588.8003622663073,2654.1935363503003,2554.180446574782,2642.653564453125,696100
2018-02-27,2665.733192845395,2677.273163377193,2584.9533991228072,2631.11328125,697800
2018-02-28,2631.1128998457616,2711.89268185857,2631.1128998457616,2688.812744140625,855400
2018-03-01,2673.4261762561055,2677.2728326248193,2615.726330725398,2658.03955078125,620200
2018-03-02,2577.2599015311152,2700.352911753497,2565.719931822767,2681.11962890625,784300
2018-03-05,2650.3462589427663,2661.8862281399047,2373.386998211447,2419.546875,1898700
2018-03-06,2477.247147678438,2596.493516588425,2423.393948815863,2573.41357421875,1381800
2018-03-07,2558.0270166802025,2642.6534743748857,2527.253759336681,2627.266845703125,1015700
2018-03-08,2681.1195138208873,2842.6790828029207,2669.5795446078846,2823.44580078125,2080500
2018-03-09,2811.9060340162405,2908.0724510482596,2704.199646940379,2734.972900390625,2110200
2018-03-12,2769.593023255814,2777.2863372093025,2608.033430232558,2646.5,1298600
2018-03-13,2646.4997425680517,2700.3529350040294,2611.879833144923,2684.96630859375,913400
2018-03-14,2642.653564453125,2661.8868509484173,2604.1869914625413,2642.653564453125,768500
2018-03-15,2642.652841768025,2673.4260917449456,2584.9529980612997,2604.186279296875,1145200
2018-03-16,2584.9532770396704,2623.4198436622846,2542.640053754795,2569.566650390625,733700
2018-03-19,2519.560109264446,2534.9467358859083,2431.0870061910377,2446.4736328125,1318800
2018-03-20,2423.393484599282,2427.240140924043,2361.84698340311,2411.853515625,990700
2018-03-21,2411.853515625,2411.853515625,2411.853515625,2411.853515625,0
2018-03-22,2446.473701584507,2484.9402692194835,2411.8537907130285,2458.013671875,925800
2018-03-23,2315.6872789373447,2377.233784689832,2315.6872789373447,2319.533935546875,1020100
2018-03-26,2290.2992280599615,2311.840503970502,2238.7540321311685,2291.837890625,1301900
2018-03-27,2384.927346751796,2411.8539458280256,2281.836938859944,2302.60888671875,1280400
2018-03-28,2276.003716362847,2380.8707817925347,2276.003716362847,2307.075439453125,876600
2018-03-29,2338.1468928238132,2373.102577268023,2300.084036429007,2328.048583984375,872700
2018-03-30,2369.2189390120966,2431.3623865927416,2361.451008064516,2408.05859375,967100
2018-04-02,2411.9426235145247,2509.041762947477,2392.5227956279346,2481.85400390625,925500
2018-04-03,2411.942286107447,2439.1300413453737,2365.334705699574,2392.5224609375,1101500
2018-04-04,2443.0142007163536,2446.898166059305,2400.2905819438897,2431.3623046875,1243700
2018-04-05,2446.8982755220854,2462.434137588892,2408.0586203550683,2423.594482421875,700800
2018-04-06,2439.1302894568216,2501.2737363219635,2435.2463240277502,2462.43408203125,904000
2018-04-09,2446.8983137103874,2493.5059006382044,2419.710554669161,2481.85400390625,601400
2018-04-10,2477.9695703125003,2485.7375,2415.8261328125,2427.47802734375,689400
2018-04-11,2419.710338209174,2419.710338209174,2338.147068381899,2357.56689453125,680700
2018-04-12,2334.263210630811,2404.1745879874743,2314.8433835872934,2349.799072265625,598200
2018-04-13,2380.8705357729227,2380.8705357729227,2293.869720110095,2310.182373046875,1026800
2018-04-16,2322.611034192537,2369.2186134739927,2294.646486623664,2361.45068359375,660800
2018-04-17,2361.4510404461,2361.4510404461,2291.5396609592085,2320.281005859375,714700
2018-04-18,2278.3340175655753,2303.191395186475,2175.0205418287114,2296.97705078125,1348100
2018-04-19,2321.057418069785,2345.914793363705,2303.967972555215,2312.5126953125,573200
2018-04-20,2345.9147841735453,2509.041308900845,2338.1468544246263,2470.20166015625,1565200
2018-04-23,2493.505459589875,2524.5771787124904,2427.4780564543175,2443.013916015625,687700
2018-04-24,2446.898395845675,2466.318224384133,2427.4785673072174,2458.55029296875,362700
2018-04-25,2431.362277211867,2462.433999604351,2415.826416015625,2415.826416015625,432100
2018-04-26,2423.594520246479,2485.737969483568,2419.710554669161,2481.85400390625,598500
2018-04-27,2450.782026261368,2547.8811556695046,2443.014095908717,2509.04150390625,903000
2018-04-30,2509.04150390625,2509.04150390625,2509.04150390625,2509.04150390625,0
2018-05-01,2516.8095565149138,2516.8095565149138,2431.3623184850862,2474.0859375,499200
2018-05-02,2477.969888802915,2540.1133342901358,2384.7547205720844,2431.3623046875,786900
2018-05-03,2431.3623046875,2431.3623046875,2431.3623046875,2431.3623046875,0
2018-05-04,2431.3623046875,2431.3623046875,2431.3623046875,2431.3623046875,0
2018-05-07,2175.0205401105536,2178.904505360751,2058.5015826046315,2090.35009765625,4323100
2018-05-08,2099.6715085091914,2107.4394386183635,2019.66182838472,2032.8673095703125,3192300
2018-05-09,2019.6617639111907,2019.6617639111907,1901.589230020998,1965.2862548828125,3085100
2018-05-10,1965.2861888089285,1995.581114249066,1928.7769196887625,1994.8043212890625,1630500
2018-05-11,1997.9118369576788,2053.06414660931,1991.6974922081993,2052.287353515625,1591800
2018-05-14,2046.849728709973,2054.617659369214,2016.5547991389337,2045.296142578125,927400
2018-05-15,2044.5190701058834,2045.29586306565,2008.7865939566166,2026.65283203125,890800
2018-05-16,2074.037582800391,2115.9844103177024,2025.099617363528,2029.7603759765625,1750300
2018-05-17,2035.1978327211118,2051.5104871055178,2028.983488193719,2045.296142578125,632800
2018-05-18,2054.617657169633,2099.671654944997,2049.1801057139855,2078.6982421875,859100
2018-05-21,2088.7964435273466,2108.2162691458607,2077.921341180979,2086.466064453125,864900
2018-05-22,2097.341115493293,2108.2162175736285,2072.4837393096686,2091.903564453125,802600
2018-05-23,2081.8054910756528,2099.6717322304066,2027.4299745177068,2052.287353515625,816700
2018-05-24,2043.7424316406248,2067.04622219525,2027.4297782523872,2043.742431640625,614400
2018-05-25,2025.0993709381582,2057.724677259371,2011.8938898081433,2028.20654296875,829500
2018-05-28,2044.5192246591123,2062.385464084325,2023.5458131599498,2043.742431640625,453800
2018-05-29,2062.3857375725365,2099.6718074043565,2043.7427026566265,2095.787841796875,1166000
2018-05-30,2066.269294955786,2122.1983886538374,2065.4925019877574,2102.778564453125,1397100
2018-05-31,2103.555405003145,2163.368464894298,2098.894647089549,2161.0380859375,1572200
2018-06-01,2144.7255347808664,2172.6900835864117,2121.4217441095784,2150.1630859375,677800
2018-06-04,2168.8059982795576,2171.1363772175373,2122.1984195199684,2151.716552734375,661700
2018-06-05,2151.7166435319436,2170.359675822473,2126.082474132466,2134.627197265625,509100
2018-06-06,2112.877120284347,2119.8682578146995,2054.6176408647416,2069.376708984375,730600
2018-06-07,2071.7072550304915,2108.216531740815,2070.153668787499,2095.787841796875,418400
2018-06-08,2092.68058015911,2104.332476485163,2028.9835469100208,2079.47509765625,762000
2018-06-11,2080.251647231158,2128.4128130744484,2063.1622012867647,2112.876953125,805700
2018-06-12,2128.4131482864373,2140.065045083626,2111.3236996505607,2129.18994140625,397500
2018-06-13,2141.6183739038297,2180.4580252259884,2136.9576157451706,2156.37744140625,725800
2018-06-14,2150.163224120201,2158.7079479154763,2118.314708155993,2124.529052734375,506300
2018-06-15,2110.5468683149793,2117.538006266703,2063.9392819701507,2070.930419921875,750800
2018-06-18,2070.153513011818,2098.89485634444,2021.2155500400565,2075.591064453125,600100
2018-06-19,2089.5733722209566,2101.2252683485826,2023.545960831075,2024.32275390625,595100
2018-06-20,2017.3317483027836,2037.5283695795924,1981.5992645053527,2030.5372314453125,726800
2018-06-21,2019.661859221059,2061.608682451035,2019.661859221059,2049.956787109375,531000
2018-06-22,2034.4209095961573,2128.412864564136,2032.8673235636288,2107.439453125,1056500
2018-06-25,2126.8596507035563,2131.5204096167126,2088.0199930939225,2108.993408203125,695900
2018-06-26,2085.6893282322526,2086.466121278149,1947.4201660626654,2015.7779541015625,1756800
2018-06-27,2039.081752390436,2079.47499091398,2024.3226844683718,2053.8408203125,635300
2018-06-28,2035.9743290552676,2085.6890780287654,2028.9831924808695,2081.0283203125,565400
2018-06-29,2080.2517701540687,2119.8682153661143,2071.707046676961,2114.4306640625,657200
2018-07-02,2105.109136436648,2142.3952023218726,2099.671585161719,2108.21630859375,874200
2018-07-03,2102.001919635456,2110.546642886007,2030.5369615399418,2049.956787109375,678400
2018-07-04,2049.957002230701,2112.8772436784793,2032.0907608319492,2104.33251953125,613100
2018-07-05,2105.1088422153503,2165.6986908104786,2091.1265694626286,2113.653564453125,1001500
2018-07-06,2126.082708396405,2166.475949476644,2107.4396740516795,2164.92236328125,924300
2018-07-09,2175.020793332892,2218.52120919955,2168.0296550686076,2199.878173828125,706900
2018-07-10,2217.7443743036806,2248.8160993377073,2203.762098038368,2211.530029296875,608900
2018-07-11,2175.02052448213,2199.1011088603254,2143.948802703814,2184.342041015625,458100
2018-07-12,2186.6725629785938,2238.71770035677,2166.4759425034804,2231.7265625,503400
2018-07-13,2252.6998577150084,2338.147093697302,2249.5926854974705,2303.19140625,1223000
2018-07-16,2303.19140625,2303.19140625,2303.19140625,2303.19140625,0
2018-07-17,2310.9591359250203,2320.280651767407,2258.9140058050284,2261.244384765625,633200
2018-07-18,2262.798044617535,2296.9769371555276,2259.690872568627,2268.235595703125,502200
2018-07-19,2270.566101477021,2312.512926478649,2233.280034808907,2236.38720703125,507500
2018-07-20,2197.5473757425943,2251.922885216607,2192.886617787679,2237.163818359375,493600
2018-07-23,2237.163966725044,2257.3605858690894,2209.9762101849824,2217.744140625,326800
2018-07-24,2193.6635463567673,2213.860165409627,2171.1365481824237,2178.127685546875,662800
2018-07-25,2195.2169296875,2205.31523828125,2132.2966992187503,2136.1806640625,611300
2018-07-26,2105.1091952802894,2112.100332829191,2056.1712324379805,2072.48388671875,1610600
2018-07-27,2100.448269581596,2103.5554415780184,2030.5368996620903,2049.179931640625,1210500
2018-07-30,1893.821303523444,1976.9381531858758,1865.856755973467,1901.5892333984375,2430800
2018-07-31,1882.1695934114907,1882.946386475218,1823.9101136319357,1868.964111328125,1309200
2018-08-01,1875.1785809589778,1903.919926234654,1853.428373723331,1870.517822265625,726700
2018-08-02,1856.5355638363487,1882.9465300164475,1844.8836669921875,1844.8836669921875,941500
2018-08-03,1825.4637370995201,1840.2228056122397,1771.8650146059597,1785.8472900390625,1704700
2018-08-06,1779.6328866141182,1795.1687476932461,1715.1590631357367,1718.2662353515625,1294900
2018-08-07,1705.0605874509663,1711.2749312776668,1647.577907053986,1661.5601806640625,1804000
2018-08-08,1684.0873301206614,1730.69491305758,1678.6497787780208,1712.0518798828125,1074600
2018-08-09,1705.8374167310035,1730.6947925667923,1699.6230727720563,1713.6053466796875,617600
2018-08-10,1716.7126368725394,1729.1413256462772,1675.5426053095327,1677.09619140625,698200
2018-08-13,1671.6585577738279,1708.1678292493716,1625.050977166751,1632.0421142578125,841900
2018-08-14,1649.9085069495554,1682.53381640901,1628.9350937256204,1649.1317138671875,740500
2018-08-15,1654.568890304492,1656.1224761169847,1608.7381088359639,1614.1756591796875,719200
2018-08-16,1596.309624202077,1628.9349303901486,1573.0058340677401,1592.4256591796875,845400
2018-08-17,1602.5240883231163,1618.0599495768547,1586.211434006691,1590.8721923828125,334600
2018-08-20,1593.2024027506511,1661.5601850237165,1559.800304594494,1566.0146484375,745200
2018-08-21,1566.0148520109517,1569.898817417725,1520.184060211028,1542.7110595703125,772400
2018-08-22,1544.264586020068,1566.0147914569702,1530.282311096345,1543.48779296875,588800
2018-08-23,1553.5861435091279,1555.139729652637,1523.2912137106998,1531.8359375,435400
2018-08-24,1545.8181813607855,1586.2114202707157,1545.8181813607855,1583.104248046875,681000
2018-08-27,1621.9437430245537,1640.5867745535716,1607.9614693777903,1631.2652587890625,842000
2018-08-28,1663.1138462831068,1669.3281904074715,1594.7560609150948,1604.8543701171875,565500
2018-08-29,1600.1936825404002,1627.3814392825916,1600.1936825404002,1610.2919921875,329900
2018-08-30,1627.381426758739,1647.578045897511,1613.3991519703584,1637.479736328125,442800
2018-08-31,1659.2299096003112,1686.4176656096795,1625.8278093602298,1653.7923583984375,1363700
2018-09-03,1651.4619904921105,1682.5337118560262,1648.354818355719,1660.0067138671875,795600
2018-09-04,1654.5690802916617,1656.899459277988,1580.7737457246626,1648.354736328125,886800
2018-09-05,1650.6852030141617,1673.2122010788257,1634.3725492431984,1663.1138916015625,563600
2018-09-06,1632.8189044169098,1642.9172135308108,1590.8720819437829,1630.488525390625,602200
2018-09-07,1619.6135181491657,1664.6675152967205,1607.961622335143,1649.908447265625,588200
2018-09-10,1632.0423485301367,1664.6676596383068,1619.6136585841668,1662.3372802734375,471700
2018-09-11,1649.9083820003093,1670.8817936359064,1639.0332796707405,1647.5780029296875,315400
2018-09-12,1628.9350719729405,1639.033381908872,1586.2114530132305,1601.747314453125,499100
2018-09-13,1596.3096357923869,1639.810044358992,1588.5417056912072,1632.0421142578125,412600
2018-09-14,1642.1404458505137,1683.3104759498879,1640.5868598090278,1677.8729248046875,644900
2018-09-17,1677.8729248046875,1677.8729248046875,1677.8729248046875,1677.8729248046875,0
2018-09-18,1670.8817876180015,1693.4087852195457,1649.9083760579429,1677.8729248046875,536500
2018-09-19,1693.408922046011,1695.7393012965329,1675.542681125342,1685.6409912109375,435800
2018-09-20,1685.640905043658,1685.640905043658,1621.9438754521466,1637.479736328125,653800
2018-09-21,1637.4797712721397,1649.9084602381522,1617.2831517023697,1622.720703125,864400
2018-09-24,1622.720703125,1622.720703125,1622.720703125,1622.720703125,0
2018-09-25,1631.2654371995193,1767.2042236328125,1631.2654371995193,1767.2042236328125,1714800
2018-09-26,1789.7309765625,1868.1870653788249,1779.632668100993,1864.3031005859375,1862200
2018-09-27,1859.6423101657774,1886.8300632383764,1821.5794558641385,1847.213623046875,1095000
2018-09-28,1870.5176974555798,1875.9552489016714,1852.6514569898495,1868.964111328125,694300
2018-10-01,1889.937578956766,1917.9021300634013,1831.6780974846092,1865.0802001953125,901800
2018-10-02,1861.9728184902547,1890.7141594515142,1844.1065795143363,1883.7230224609375,710300
2018-10-03,1889.9375596799348,1923.3396620499461,1875.9552842692326,1889.1607666015625,791100
2018-10-04,1879.8391113281248,1895.3749717523242,1868.9640090311852,1879.839111328125,530700
2018-10-05,1864.303513700739,1901.5895839747536,1856.5355823936525,1892.26806640625,669800
2018-10-08,1892.26806640625,1892.26806640625,1892.26806640625,1892.26806640625,0
2018-10-09,1878.285373840332,1885.2765104675293,1852.6512062072754,1864.3031005859375,681800
2018-10-10,1854.204966730448,1886.8302740629485,1743.9003562253272,1758.659423828125,1641000
2018-10-11,1676.3192384186004,1708.1677503626054,1632.0420388866912,1656.8994140625,1002200
2018-10-12,1631.2653517789129,1706.6142751706054,1625.0510075816599,1682.53369140625,901400
2018-10-15,1676.3193129075603,1676.3193129075603,1608.7383211453,1630.488525390625,902800
2018-10-16,1605.6312798130987,1625.0511066129668,1573.0059707893201,1601.747314453125,886900
2018-10-17,1644.470822367206,1668.551405972961,1631.2653410350176,1642.917236328125,676200
2018-10-18,1646.024519794973,1663.1139673813295,1623.4975207038667,1636.7030029296875,689400
2018-10-19,1600.970433709905,1620.3902594463182,1570.6755055611004,1586.9881591796875,642200
2018-10-22,1566.0148464479528,1579.9971218626665,1525.6216063610016,1574.5595703125,736800
2018-10-23,1535.7197920491667,1543.4877222062187,1437.0670790546073,1437.8438720703125,1687300
2018-10-24,1442.5047387123655,1442.5047387123655,1357.0575005549285,1360.1646728515625,1966700
2018-10-25,1266.9493195426767,1335.3071001188603,1237.4311870211427,1287.9227294921875,2280900
2018-10-26,1308.8963322721313,1330.646538387039,1211.0204047550462,1221.8955078125,1669700
2018-10-29,1252.9672756879759,1272.3871032714844,1209.4668619009165,1211.7972412109375,1226000
2018-10-30,1186.9399254738485,1235.1011004603527,1173.7344420098068,1214.127685546875,1643600
2018-10-31,1231.993786405106,1280.1549558610434,1231.993786405106,1273.163818359375,598700
2018-11-01,1264.6191379223362,1283.2621718966213,1246.752897030313,1263.0655517578125,588700
2018-11-02,1321.3249788345256,1351.6199078025131,1296.4676012197667,1336.86083984375,829000
2018-11-05,1305.7891603946944,1475.9068439916236,1305.7891603946944,1431.629638671875,2081500
2018-11-06,1423.0847928593569,1438.6206530434108,1329.0928387458293,1331.4232177734375,1562100
2018-11-07,1306.5658956942152,1329.869686937275,1257.6279340837898,1294.13720703125,2100300
2018-11-08,1321.324826155781,1349.2893727410885,1305.0121739810183,1319.771240234375,1005200
2018-11-09,1325.208938589746,1371.0397283768473,1320.548180306312,1333.753662109375,683600
2018-11-12,1318.9946779078318,1344.62885009332,1294.9140919154038,1312.0035400390625,660600
2018-11-13,1287.9227671861083,1317.4409005715559,1258.4046338006608,1308.119384765625,519600
2018-11-14,1308.8964009456497,1336.0841600157376,1293.3605386198853,1295.69091796875,473400
2018-11-15,1289.4765243575769,1339.1912819231702,1285.592558922765,1302.6820068359375,443800
2018-11-16,1289.4763743271762,1296.46751129642,1251.413517494627,1253.743896484375,563400
2018-11-19,1249.0832371830516,1317.4410262826216,1231.993789908159,1309.673095703125,739800
2018-11-20,1303.4586834473528,1322.8785088860798,1291.0299951665675,1305.7890625,378400
2018-11-21,1272.3870903135944,1298.798055558199,1252.1904698324263,1275.4942626953125,585500
2018-11-22,1296.4675378235775,1315.8873631354943,1281.7084705865204,1301.1282958984375,514700
2018-11-23,1301.1282958984375,1301.1282958984375,1301.1282958984375,1301.1282958984375,0
2018-11-26,1315.8872940154847,1336.0839112790045,1288.6995400069004,1297.2442626953125,810600
2018-11-27,1320.5482095585523,1333.7536916541378,1304.235555205182,1315.887451171875,536200
2018-11-28,1332.9769394735172,1348.512801238943,1322.8786293259907,1339.1912841796875,668300
2018-11-29,1360.941463202187,1381.9148761624947,1346.9591878953152,1358.611083984375,786100
2018-11-30,1367.1559328072858,1408.3259694202325,1364.8255533763643,1396.674072265625,778000
2018-12-03,1433.1830965649576,1436.2902685900308,1388.129102201398,1395.1202392578125,383300
2018-12-04,1371.0397283768473,1393.5667267467786,1330.646489920419,1333.753662109375,654400
2018-12-05,1318.217870796363,1379.5845247697941,1318.217870796363,1339.1912841796875,692800
2018-12-06,1327.539355026199,1345.4055956146149,1273.1638401918901,1285.592529296875,550700
2018-12-07,1302.681963641827,1332.2000999676404,1290.253274662537,1312.7802734375,555400
2018-12-10,1312.0034465137092,1321.3249630075898,1214.1275233279616,1225.7794189453125,826300
2018-12-11,1220.34189528117,1226.5562397510932,1132.5642796435047,1138.0018310546875,1114500
2018-12-12,1172.9574355420584,1264.6190099751466,1172.1806425383882,1259.958251953125,1259400
2018-12-13,1274.717394626226,1312.0034610138305,1266.1726710790667,1301.9051513671875,864700
2018-12-14,1288.6995783727755,1306.5658172531696,1248.3063426431886,1252.1903076171875,761800
2018-12-17,1235.877653881727,1269.2797526352872,1216.457829025006,1218.7882080078125,1056200
2018-12-18,1175.2877316045417,1223.448894433016,1171.4037668603098,1181.5020751953125,763900
2018-12-19,1176.8413623531922,1211.7970463834852,1165.189467676428,1172.9573974609375,629700
2018-12-20,1149.653619955108,1180.7253394133543,1100.7156618083704,1113.921142578125,789300
2018-12-21,1090.6175561361754,1104.5998324968957,1043.233175135957,1055.661865234375,1008100
2018-12-24,1055.661865234375,1055.661865234375,1055.661865234375,1055.661865234375,0
2018-12-25,1002.062978291084,1043.2330076317255,991.1878762011033,996.6254272460938,1054600
2018-12-26,1019.9292971482917,1064.2065019749882,1017.5989179468866,1040.9027099609375,986200
2018-12-27,1128.6804173138946,1148.8770386835856,1113.921347851428,1127.1268310546875,845200
2018-12-28,1123.242820163638,1141.8858545232004,1089.0639238377735,1100.7158203125,416800
2018-12-31,1100.7158203125,1100.7158203125,1100.7158203125,1100.7158203125,0
2019-01-04,1048.6706406322878,1066.5368811763933,1021.4828832825617,1040.9027099609375,698200
2019-01-07,1085.9566309233421,1085.9566309233421,1058.7688754996532,1067.3135986328125,735800
2019-01-08,1067.3136127449873,1095.2781615505328,1061.0992685659774,1075.08154296875,763600
2019-01-09,1089.063786627838,1147.323261661424,1089.063786627838,1124.7962646484375,504000
2019-01-10,1123.2427710475442,1159.7520450719112,1119.358805725803,1142.66259765625,551600
2019-01-11,1163.636018725933,1179.9486731940535,1138.778640488797,1147.3233642578125,505000
2019-01-15,1124.0197814047415,1172.1809607047373,1123.2429881902256,1166.743408203125,361800
2019-01-16,1176.8413739713285,1200.145163554919,1172.1806160546103,1179.1717529296875,486200
2019-01-17,1173.734180556609,1209.4666572644871,1163.6358719217737,1200.1451416015625,624500
2019-01-18,1214.1275222091156,1280.9317236870324,1211.7971430877928,1259.1815185546875,711400
2019-01-21,1280.9317620864829,1301.9051748071226,1238.208143581476,1245.97607421875,556400
2019-01-22,1253.744040504239,1261.5119713623817,1225.7794894149251,1231.217041015625,327100
2019-01-23,1204.8059930606764,1247.5296098358776,1193.1540975765306,1218.011474609375,455000
2019-01-24,1227.332976399028,1249.0831810440739,1219.5650461686544,1243.6456298828125,282000
2019-01-25,1243.6456659712085,1272.3870086576137,1238.2081146521589,1263.84228515625,374700
2019-01-28,1272.3870411798043,1280.931764899571,1247.5296630859375,1247.5296630859375,459600
2019-01-29,1251.4135964269935,1266.949457338564,1228.1098050596381,1263.84228515625,484800
2019-01-30,1267.7261819898274,1282.485249059562,1249.0831499017418,1259.958251953125,462700
2019-01-31,1289.4763635157672,1318.2177041483474,1277.0476756746514,1280.931640625,636000
2019-02-01,1249.8600312616113,1273.1638230191304,1230.440204797012,1241.3153076171875,750300
2019-02-04,1234.3242286375466,1277.0478488861716,1226.5562976832512,1275.4942626953125,449100
2019-02-05,1297.2443791969913,1300.3515513627326,1280.1549322854141,1294.13720703125,367900
2019-02-06,1294.1371293363736,1296.4675083207728,1242.0919986847907,1252.1903076171875,395100
2019-02-07,1238.9847441136376,1244.4222947147634,1185.3860310453988,1208.6898193359375,460400
2019-02-08,1194.707725991007,1246.7528609984174,1190.0469676321343,1207.9132080078125,385400
2019-02-12,1226.5562270211794,1281.7085336193452,1218.7882965143954,1268.5030517578125,590700
2019-02-13,1268.5029227433806,1312.7801221287893,1258.4046141116205,1297.2442626953125,524100
2019-02-14,1308.8963053915738,1331.4233041193813,1300.3515817361986,1311.2266845703125,320400
2019-02-15,1294.1371502747716,1314.3337684663347,1282.4852551642546,1296.467529296875,286200
2019-02-18,1319.771308433282,1326.7624454408744,1308.8962064214716,1323.6552734375,179000
2019-02-19,1336.0838768483554,1395.896934125869,1336.0838768483554,1375.7003173828125,551300
2019-02-20,1390.4596138108923,1400.557923855329,1351.6199597938282,1366.3790283203125,366000
2019-02-21,1351.6198163188467,1361.718125291344,1335.3071633632744,1353.9501953125,281600
2019-02-22,1344.6286547216355,1378.8075460028326,1339.9678968196542,1373.3699951171875,284400
2019-02-25,1380.3613116016704,1419.977758923947,1368.7094153304126,1405.9954833984375,540400
2019-02-26,1417.6474838660508,1483.6749009228258,1394.3436896107185,1468.1390380859375,1051100
2019-02-27,1481.344272290246,1481.344272290246,1430.852726564569,1466.585205078125,853700
2019-02-28,1466.5852459016394,1467.3620389344262,1406.7721823770491,1421.53125,549600
2019-03-01,1437.067149709449,1471.246044080917,1425.415253900994,1443.281494140625,397200
2019-03-04,1463.478002277452,1492.99613608135,1455.710072329058,1482.8978271484375,556500
2019-03-05,1461.9245447382914,1492.2194741988617,1454.9334071704675,1487.5587158203125,424900
2019-03-06,1472.0228949295847,1480.5676188579357,1447.1655162289267,1475.9068603515625,780200
2019-03-07,1444.8349916589818,1453.3797147279327,1378.8075861261789,1395.1202392578125,797000
2019-03-08,1377.2540055320014,1414.5400699795684,1357.0573872895695,1364.8253173828125,521000
2019-03-11,1355.5039888165086,1356.280781933309,1287.1461945380831,1332.2001953125,489600
2019-03-12,1359.3878153881994,1439.397498236762,1346.9591267903645,1426.1920166015625,453300
2019-03-13,1409.8793489387235,1443.2814492166108,1402.1114186415405,1418.424072265625,289900
2019-03-14,1419.2009548987453,1437.0671957102786,1392.0131971420644,1399.7811279296875,174500
2019-03-15,1412.2096383231028,1442.5045645577568,1402.8881225585938,1435.513427734375,312100
2019-03-18,1453.3797125633728,1468.9155726656002,1447.9421615275933,1460.370849609375,218500
2019-03-19,1460.3709662138526,1465.0317246166626,1419.977726722831,1457.2637939453125,329000
2019-03-20,1444.0583251422672,1454.1566351082972,1417.6473606157276,1430.0760498046875,396200
2019-03-22,1429.299190507044,1463.478084193082,1429.299190507044,1461.147705078125,370900
2019-03-25,1415.3167730778005,1420.7543237976383,1371.8163673190975,1383.46826171875,375200
2019-03-26,1405.9953611963708,1448.7189771443268,1402.1113961101928,1439.3974609375,207300
2019-03-27,1443.3432251043014,1474.1198165636058,1443.3432251043014,1449.6563720703125,203300
2019-03-28,1420.4580625625715,1420.4580625625715,1357.326593115346,1379.422607421875,441900
2019-03-29,1412.5667486879445,1463.071928529301,1412.5667486879445,1442.55419921875,676400
2019-04-01,1437.819159591072,1464.6500330411798,1417.301432835107,1418.090576171875,439700
2019-04-02,1452.812910600142,1452.812910600142,1396.783732624797,1397.5728759765625,230300
2019-04-03,1388.10321580791,1430.716958646811,1377.0552084052317,1429.138671875,296800
2019-04-04,1431.5061817433073,1450.4456240596467,1419.6690302955953,1425.982177734375,279500
2019-04-05,1414.934036092282,1428.3494731327555,1393.627165498589,1407.0426025390625,311800
2019-04-08,1417.3014148467253,1452.0237212238167,1411.7774115594607,1450.4454345703125,238400
2019-04-09,1435.451908303559,1449.6564901339407,1416.5124658630505,1442.55419921875,238400
2019-04-10,1409.4101828354387,1418.879904108689,1350.2244248776235,1384.1575927734375,986600
2019-04-11,1370.7419775390624,1426.7711545138889,1362.8505441623263,1420.4580078125,463400
2019-04-12,1407.0427135057648,1407.0427135057648,1369.9529728805428,1388.103271484375,489300
2019-04-15,1407.8318748261956,1432.2953210815836,1390.4707194191462,1418.8798828125,448800
2019-04-16,1407.0425993791107,1417.3014629752568,1381.7900120655204,1402.3077392578125,244200
2019-04-17,1402.3076601622815,1414.9339531069052,1392.0487971447747,1405.4642333984375,370000
2019-04-18,1400.7294079042829,1406.2534112030605,1338.3870849609375,1338.3870849609375,540400
2019-04-19,1346.2784802023625,1365.2179195487029,1338.3870471413875,1342.332763671875,280300
2019-04-22,1341.5436713640079,1373.8985481439634,1331.2848079947537,1357.3265380859375,342300
2019-04-23,1361.2722252155172,1378.6333782327586,1355.7482219827587,1373.109375,338000
2019-04-24,1371.531251402301,1394.4164103727653,1366.0072475128786,1373.898681640625,483700
2019-04-25,1362.0613768140136,1390.4705364694623,1358.9048035189637,1384.946533203125,418500
2019-04-26,1366.0070917834976,1409.409974538028,1365.217948460688,1382.5791015625,792600
2019-05-07,1420.458073119168,1573.551887666456,1419.6689297452128,1522.257568359375,2525600
2019-05-08,1476.4872664917252,1520.6792958469025,1463.0718290089035,1480.4329833984375,840500
2019-05-09,1460.7043612782843,1497.7940992469928,1444.9214940575573,1484.378662109375,625600
2019-05-10,1467.017428293745,1498.5831610165799,1436.2408388889812,1485.167724609375,460700
2019-05-13,1491.4811551272394,1505.6857375570225,1463.0719902676728,1481.2222900390625,315000
2019-05-14,1436.2409155767439,1487.535233990199,1425.9820518940528,1482.01123046875,333600
2019-05-15,1481.2220163621837,1499.3723127800474,1452.0237134290985,1497.0048828125,428600
2019-05-16,1515.1552385422062,1529.3598189035395,1501.7398015342803,1523.8358154296875,502900
2019-05-17,1538.829373237782,1585.388826069079,1537.2510867011279,1574.3408203125,630900
2019-05-20,1574.341123292772,1589.3348482765127,1526.2033746607624,1535.673095703125,512400
2019-05-21,1538.8295730949942,1585.389031973253,1526.992422532725,1575.9193115234375,448200
2019-05-22,1607.4848788604982,1629.580890941055,1452.0236510080101,1465.4390869140625,1931800
2019-05-23,1420.458142994328,1427.5604337092996,1324.9717900485982,1373.898681640625,1909900
2019-05-24,1364.4287100529325,1425.9818849425385,1342.3326985540996,1415.7230224609375,770000
2019-05-27,1407.0425234358606,1422.0362463440385,1387.3139406619423,1410.1990966796875,370300
2019-05-28,1409.410137469952,1449.6564515858352,1402.3078467436194,1446.4998779296875,632900
2019-05-29,1489.9025923100658,1494.6374522432545,1425.9819832120174,1438.6082763671875,827500
2019-05-30,1414.9340188246185,1453.6020427634953,1410.1991587504704,1441.764892578125,551800
2019-05-31,1404.675104301831,1409.409964203972,1358.904791914468,1368.37451171875,815400
2019-06-03,1342.3329513540652,1342.3329513540652,1282.3580517050887,1315.5020751953125,800100
2019-06-04,1332.0739006926074,1355.7481998755327,1319.447607795047,1342.332763671875,613900
2019-06-05,1373.8984994290513,1376.2659293533977,1339.1761938719703,1347.067626953125,419600
2019-06-06,1336.8087553560874,1355.748194629137,1333.6521821439126,1335.23046875,360200
2019-06-07,1343.9111528538947,1375.4768875069515,1334.4414324579775,1374.687744140625,298000
2019-06-10,1384.1573572584705,1400.7293666669243,1362.85048801903,1395.9945068359375,548100
2019-06-11,1425.192879137922,1458.33689958299,1403.0968655078768,1437.030029296875,703100
2019-06-12,1425.1929013037602,1428.3494747285747,1406.253460754873,1409.4100341796875,350900
2019-06-13,1404.6751904830362,1410.9883374065555,1368.3745956728005,1372.3203125,373600
2019-06-14,1371.531071109761,1406.2533767074765,1366.007067946488,1405.4642333984375,384500
2019-06-17,1417.3016212710047,1428.3496294546317,1387.3141704868744,1391.2598876953125,334900
2019-06-18,1399.1513481140137,1401.518778483073,1353.381027645535,1363.639892578125,362700
2019-06-19,1390.4706283010564,1407.8317825704225,1373.1094740316903,1400.7294921875,527900
2019-06-20,1403.8861426334545,1410.9884334056303,1392.838134765625,1392.838134765625,221900
2019-06-21,1381.0007595643185,1391.2596223496535,1352.5916010818526,1362.8504638671875,490300
2019-06-24,1365.2178830079267,1365.2178830079267,1343.9110143135833,1348.6458740234375,267100
2019-06-25,1352.5918339397256,1367.5855590534097,1339.1763956801133,1346.2786865234375,434800
2019-06-26,1341.5436515898716,1351.0133714834471,1323.393355127185,1328.9173583984375,388000
2019-06-27,1328.9175016492554,1364.428955078125,1324.1826411920729,1364.428955078125,384900
2019-06-28,1347.0675275740239,1386.5246900688692,1345.48924107423,1375.4766845703125,335100
2019-07-01,1401.51856254189,1471.7523193359375,1394.416272529009,1471.7523193359375,761800
2019-07-02,1481.2220555609952,1508.0529292365807,1466.2283320364033,1495.4266357421875,777500
2019-07-03,1495.426766235543,1525.41421590148,1489.9027623497125,1509.63134765625,412900
2019-07-04,1510.4204070852988,1520.6792708742794,1478.0655289815907,1505.685546875,390700
2019-07-05,1512.7878973802258,1540.4079163725617,1507.2638935817586,1537.2513427734375,336600
2019-07-08,1526.20323266768,1543.564386296785,1500.9506455708001,1504.8963623046875,173100
2019-07-09,1515.1551926080167,1534.094632515617,1508.84204597215,1515.9443359375,303800
2019-07-10,1521.468265253361,1538.0402743665977,1504.8962561401243,1526.203125,367700
2019-07-11,1522.2574940611723,1541.9860774471388,1515.944347377663,1532.516357421875,240600
2019-07-12,1538.8295008131295,1543.5643608156315,1511.2094841318683,1527.781494140625,328600
2019-07-16,1523.0467071533203,1545.9318649291993,1502.5289794921875,1515.1552734375,306700
2019-07-17,1499.3724029764237,1513.5769836362003,1482.0112488366967,1510.42041015625,232500
2019-07-18,1479.6438768537957,1515.155329898287,1474.119873046875,1474.119873046875,422300
2019-07-19,1481.222063474006,1511.9986540310047,1475.6980600406987,1507.2637939453125,279200
2019-07-22,1507.2637810004226,1516.7335010904776,1487.5351974794746,1488.3243408203125,315600
2019-07-23,1503.3179590149562,1534.8836904378425,1503.3179590149562,1511.99853515625,614800
2019-07-24,1517.5225125275147,1519.8899423442501,1462.2824834703508,1478.8544921875,479400
2019-07-25,1472.5414430956055,1514.3660392821366,1471.7522997713313,1501.73974609375,336100
2019-07-26,1504.1071364675606,1530.9380087864993,1497.793990039575,1503.3179931640625,380400
2019-07-29,1507.2637044528367,1510.420277655879,1482.8002621292565,1496.2156982421875,277600
2019-07-30,1512.7877248603606,1530.938020985446,1503.318005142925,1519.8900146484375,353400
2019-07-31,1496.2156799379525,1526.9922682911067,1496.2156799379525,1526.203125,460600
2019-08-01,1546.7209374597708,1557.768944155912,1487.5351873018715,1532.516357421875,847800
2019-08-02,1492.270014472013,1501.7397342888632,1451.2345619323278,1485.167724609375,692700
2019-08-05,1455.969574824135,1484.3787372597278,1441.7649936063385,1474.119873046875,385100
2019-08-06,1410.9883160143609,1471.7523542319814,1400.729452419178,1463.07177734375,362000
2019-08-07,1458.3369250351122,1486.7460859124196,1452.8129215311915,1474.908935546875,271700
2019-08-08,1459.9153368349112,1459.9153368349112,1411.777587890625,1411.777587890625,590300
2019-08-09,1428.3496080239174,1448.0781937701042,1422.8256040149852,1425.982177734375,398200
2019-08-13,1400.7294509698468,1416.512318023028,1387.3140139746424,1399.9403076171875,356300
2019-08-14,1418.8797944073185,1425.1929414347148,1401.5186400819787,1407.831787109375,250200
2019-08-15,1378.63324993625,1392.0486851102146,1355.7480958159572,1366.0069580078125,507600
2019-08-16,1361.2723856444188,1372.3203934119676,1345.4895174050632,1371.53125,430400
2019-08-19,1385.7355810434108,1388.1030108515715,1358.904709884256,1366.796142578125,190000
2019-08-20,1381.0009426540798,1394.4163803827196,1377.0552256750682,1392.0489501953125,268800
2019-08-21,1369.9529100764375,1370.742053457818,1349.4351821605462,1351.8026123046875,340500
2019-08-22,1354.9590881057702,1356.5373747546996,1328.1282150739728,1328.9173583984375,351200
2019-08-23,1334.4413633408742,1345.489369897215,1327.339073411798,1331.2847900390625,256700
2019-08-26,1291.0384487035085,1306.8213148245782,1282.35787233692,1286.3035888671875,338100
2019-08-27,1309.9779799090202,1313.134553354584,1291.827682597028,1299.7191162109375,373600
2019-08-28,1291.8277161055669,1307.6105837427758,1280.7797087595204,1288.671142578125,280800
2019-08-29,1294.984355761902,1297.351786028377,1259.4729017647749,1261.84033203125,984900
2019-08-30,1285.5144641208706,1314.712766866403,1276.0447443115088,1312.3453369140625,578000
2019-09-02,1303.6646960923058,1308.3995557633434,1276.0446813445876,1280.779541015625,212200
2019-09-03,1268.9425506025957,1284.7254181474043,1264.9968337163937,1276.833984375,186000
2019-09-04,1270.5209232562154,1294.984369604627,1270.5209232562154,1285.5146484375,228900
2019-09-05,1300.5083948270722,1326.5501284613522,1288.6712431751266,1323.3935546875,367200
2019-09-06,1332.0740569526627,1343.9112079326924,1321.8151927699703,1333.65234375,244700
2019-09-09,1341.543468968277,1364.4286222624419,1339.9651825341969,1355.748046875,289300
2019-09-10,1358.115681422034,1363.6396847747092,1343.9111013722973,1357.3265380859375,253500
2019-09-11,1365.218157972762,1398.3621826171875,1365.218157972762,1398.3621826171875,461000
2019-09-12,1412.566668039345,1448.867263977786,1407.042664309582,1440.975830078125,473800
2019-09-13,1440.9755878062635,1452.0235934082832,1427.5601524323827,1443.343017578125,373800
2019-09-17,1436.2408273441697,1472.5414196836377,1430.7168241620768,1468.595703125,269900
2019-09-18,1475.6979877644944,1478.0654176913895,1449.6562585686504,1461.493408203125,207900
2019-09-19,1474.9089752344378,1495.4267030868161,1467.0175414450614,1473.3306884765625,279200
2019-09-20,1463.8609377846367,1498.5832457428708,1458.3369342458268,1489.113525390625,249800
2019-09-24,1479.6436889262138,1501.739701347512,1472.541399219368,1496.2156982421875,169500
2019-09-25,1476.4873243412671,1515.1553515420806,1474.1198941044827,1509.63134765625,244900
2019-09-26,1504.107199395168,1512.787776096819,1471.7523225981051,1476.4871826171875,381000
2019-09-27,1418.0905562080761,1440.9757126521686,1373.1093866455494,1389.681396484375,837900
2019-09-30,1385.7355810434108,1386.5247243127976,1344.7001310352914,1366.796142578125,577200
2019-10-01,1358.90477830318,1365.217924776133,1346.2784853572734,1349.43505859375,435800
2019-10-02,1340.7546343380177,1354.9592155140533,1333.65234375,1333.65234375,335200
2019-10-03,1302.8756817836388,1306.821398566751,1281.5688111548332,1287.8819580078125,535400
2019-10-04,1297.351573076489,1315.501868806878,1285.5144236871051,1311.55615234375,442500
2019-10-07,1306.0322346030596,1319.4476714539671,1295.773371128836,1317.869384765625,271000
2019-10-08,1324.9717762878524,1353.3809388526902,1324.9717762878524,1350.224365234375,334800
2019-10-09,1333.6523821460032,1337.5980992529442,1312.3455097685228,1329.7066650390625,331600
2019-10-10,1339.1763943253861,1350.224402292714,1324.9718126531075,1343.9112548828125,273700
2019-10-11,1343.9109675613413,1347.0675405914326,1329.7063889259307,1340.75439453125,397100
2019-10-15,1351.0134719040866,1365.2180528002746,1350.2243285209652,1356.5374755859375,405600
2019-10-16,1372.3202614717704,1386.524841521507,1355.7482514137446,1357.3265380859375,479300
2019-10-17,1358.1157992801632,1363.639803112215,1341.543787784008,1350.224365234375,227900
2019-10-18,1354.169918448465,1373.8985011764437,1342.3327688116776,1349.43505859375,283800
2019-10-21,1357.3266643923512,1365.2180984876554,1354.95923416376,1364.428955078125,192700
2019-10-23,1376.2661878797742,1382.5793355305989,1339.1764454311794,1363.639892578125,216000
2019-10-24,1372.320193927404,1378.6333403054487,1364.4287609548487,1377.0550537109375,217800
2019-10-25,1377.0551742396042,1377.8443176059307,1362.8505936457286,1374.687744140625,235300
2019-10-28,1375.4767312954577,1391.2595968295423,1373.8984447420494,1383.3681640625,313800
2019-10-29,1389.6814391511311,1399.940302699663,1328.9174012098267,1332.073974609375,755300
2019-10-30,1310.7670716981631,1332.0739416173988,1283.936198466533,1284.725341796875,896900
2019-10-31,1311.5562036118288,1337.597933286432,1302.8756270536278,1326.5499267578125,708300
2019-11-01,1306.8213800223214,1400.7294381277902,1303.6648066406249,1381.0008544921875,782600
2019-11-05,1381.000923488451,1387.3140705672554,1353.3809050186821,1361.2723388671875,656700
2019-11-06,1246.8466499576027,1261.0512320457271,1188.4500347064238,1192.395751953125,3339900
2019-11-07,1184.504093457628,1185.293236757733,1152.1492181533224,1162.4080810546875,1853600
2019-11-08,1175.8236597454738,1207.389395577567,1175.0345163496715,1193.184814453125,959100
2019-11-11,1197.9196470977427,1219.2265182911808,1197.130503720208,1213.7025146484375,850000
2019-11-12,1213.7024271127518,1222.383003639566,1194.7629874178842,1205.0218505859375,844000
2019-11-13,1207.3892771703956,1222.3830002202242,1186.082407573271,1200.2869873046875,706400
2019-11-14,1203.4436019115474,1212.9133220577364,1195.5521684563896,1201.076171875,493700
2019-11-15,1228.6962342146878,1238.9550980841748,1204.2327896028348,1206.6002197265625,783300
2019-11-18,1197.9195484652425,1244.47900390625,1194.7629752150049,1244.47900390625,990300
2019-11-19,1238.165960887436,1238.165960887436,1205.811082368389,1216.0699462890625,541500
2019-11-20,1208.9676498502902,1213.7025100977457,1193.184782358772,1206.6002197265625,614000
2019-11-21,1186.8716010551948,1218.4373351258116,1186.8716010551948,1215.28076171875,421600
2019-11-22,1215.2806468845642,1230.274369151322,1210.5457872213776,1224.7503662109375,366900
2019-11-25,1232.6419617880545,1240.5333956023185,1221.5939544480846,1223.1722412109375,309800
2019-11-26,1238.1658574057744,1248.4247204690473,1228.6961376550612,1244.47900390625,716700
2019-11-27,1247.6354153266507,1252.3702745878522,1233.4308375430455,1246.05712890625,389500
2019-11-28,1252.370550893376,1253.948837661988,1226.3288192112832,1230.2745361328125,322700
2019-11-29,1223.9613708776624,1224.7505142502462,1196.341352837225,1201.8653564453125,728000
2019-12-02,1226.3286888636455,1233.430978567489,1216.0698259580938,1218.437255859375,390200
2019-12-03,1207.3893297730679,1222.383053476132,1200.2870395979323,1217.648193359375,224000
2019-12-04,1208.9676968071094,1216.859130859375,1200.2871193496171,1216.859130859375,256200
2019-12-05,1222.3830518846387,1224.750481939935,1203.4436114422685,1215.28076171875,284300
2019-12-06,1215.2808073966733,1228.6962448809224,1215.2808073966733,1223.1722412109375,233600
2019-12-09,1230.2746076118503,1230.2746076118503,1208.1785915675068,1212.9134521484375,204500
2019-12-10,1217.648160352566,1235.0093136433998,1211.3350137013538,1228.6961669921875,373900
2019-12-11,1233.431100616356,1243.6899645370295,1215.280802910549,1216.0699462890625,355200
2019-12-12,1223.1721086228174,1223.1721086228174,1204.2326695215609,1208.967529296875,219400
2019-12-13,1232.641824584801,1234.2201111719774,1204.232666015625,1204.232666015625,362900
2019-12-16,1218.4372488475033,1219.226392143389,1208.1783860009893,1208.967529296875,168900
2019-12-17,1214.4916920098733,1214.4916920098733,1193.973963619843,1202.654541015625,400500
2019-12-18,1198.7088240175424,1208.9676882125575,1195.552250419076,1202.654541015625,283700
2019-12-19,1195.5520773852784,1208.1783699517234,1186.0823579604444,1187.66064453125,341300
2019-12-20,1186.0823940361192,1187.6606806549296,1174.2452443950401,1181.3475341796875,376500
2019-12-23,1174.2452409771126,1180.5583874339789,1171.0886677486797,1176.6126708984375,379800
2019-12-24,1177.4019479682345,1198.7088196807963,1177.4019479682345,1195.55224609375,495700
2019-12-25,1191.6065334209934,1208.9676882125575,1190.8173900213767,1202.654541015625,279500
2019-12-26,1199.4978819673483,1212.913318805141,1194.7630219069508,1196.34130859375,256800
2019-12-27,1205.8109905335716,1209.7567071256317,1193.9738407573914,1200.2869873046875,170400
2019-12-30,1187.6607603876685,1188.4499037500523,1175.0344665895273,1178.1910400390625,346300
2020-01-06,1166.3538271437328,1167.9321137839813,1145.8361008205006,1146.625244140625,420500
2020-01-07,1148.203433039361,1181.3474496631777,1148.203433039361,1177.4017333984375,321900
2020-01-08,1158.462562879144,1160.0408497495514,1134.7882598230306,1154.516845703125,382200
2020-01-09,1168.7213150394575,1178.9801787096214,1165.5647416024838,1171.0887451171875,276500
2020-01-10,1182.1365631083293,1199.4977142354207,1177.4017037100316,1190.817138671875,324400
2020-01-14,1182.1367981692395,1185.293371729104,1170.2996473197477,1178.980224609375,327200
2020-01-15,1178.9803392363758,1182.9260565698307,1162.4083264358644,1164.7757568359375,279000
2020-01-16,1171.8778355046597,1177.401838769665,1148.2035357974949,1153.7275390625,418900
2020-01-17,1152.1493301653782,1158.462477179983,1145.8361831507732,1148.20361328125,332400
2020-01-20,1146.6252474873095,1162.4081139358616,1142.6795308751714,1151.360107421875,351400
2020-01-21,1161.618963804423,1161.618963804423,1141.890380859375,1141.890380859375,364800
2020-01-22,1148.2036041068632,1163.1973281467467,1129.2641632143789,1133.9990234375,628700
2020-01-23,1128.4749673904041,1138.7338307303169,1113.4812440474548,1116.6378173828125,455000
2020-01-24,1121.3726289452568,1121.3726289452568,1097.6983299527462,1106.37890625,501200
2020-01-27,1062.1870160430121,1080.3373142369119,1059.8195858438078,1069.289306640625,815300
2020-01-28,1051.9279821622363,1062.1868447039535,1049.560552344917,1056.662841796875,585100
2020-01-29,1063.7652572461664,1071.6566909052626,1053.5063934893412,1061.3978271484375,452200
2020-01-30,1064.5543880072803,1074.8132516426358,1032.199510388082,1042.4583740234375,586900
2020-01-31,1036.145307598692,1055.8738930442116,1036.145307598692,1041.6693115234375,419700
2020-02-03,1025.886200371646,1137.944539181472,1021.1513409853154,1088.228515625,1322300
2020-02-04,1105.5898560855262,1127.6858703399123,1099.2767091557016,1124.529296875,690900
2020-02-05,1139.5229983813142,1161.6190122003425,1131.6315648745185,1152.1492919921875,750200
2020-02-06,1152.1493686018318,1173.4562404869343,1144.2579345703125,1144.2579345703125,679100
2020-02-07,1148.9927310583728,1190.8173290982722,1148.9927310583728,1171.0887451171875,672600
2020-02-10,1160.0408960357913,1182.1369131031397,1152.9386048355723,1164.7757568359375,340800
2020-02-12,1170.2997089493776,1172.6671392439482,1141.1014019830075,1145.047119140625,350700
2020-02-13,1151.36022519868,1160.0408026333512,1141.1013609577046,1144.2579345703125,285900
2020-02-14,1137.155680790027,1148.9928322208739,1131.631676788965,1137.94482421875,320400
2020-02-17,1122.1617861369214,1131.631505851157,1110.324636494127,1125.318359375,228900
2020-02-18,1122.1618190689735,1123.7401057343307,1109.5355257461158,1114.2703857421875,269500
2020-02-19,1116.63780909947,1120.5835257393971,1104.8006591796875,1104.8006591796875,382000
2020-02-20,1120.5835274161395,1130.053247366135,1104.0115175036474,1107.1680908203125,246900
2020-02-21,1105.589769851706,1125.3183524686174,1103.2223399376767,1115.8486328125,258700
2020-02-25,1038.5125691672713,1095.3308860214079,1035.3559960087082,1087.439453125,527000
2020-02-26,1077.180662449236,1086.6503825586797,1047.1932154359972,1074.813232421875,419100
2020-02-27,1064.5543689699775,1082.7046658464114,1050.3497888058118,1074.813232421875,478100
2020-02-28,1042.4584107467988,1074.8132895057836,1027.4646864438548,1036.145263671875,590600
2020-03-02,1017.2056834053922,1067.710853101238,1010.1033939169139,1063.76513671875,989400
2020-03-03,1081.1264334622465,1087.4395805189604,1030.6212570085358,1031.410400390625,539400
2020-03-04,1017.9948476310196,1051.138865925983,1010.1034147036473,1038.5125732421875,593200
2020-03-05,1064.5543441830391,1064.5543441830391,1035.3560411921032,1039.3017578125,530600
2020-03-06,1030.62121898372,1053.5063762199588,1025.0972155129039,1035.3560791015625,603600
2020-03-09,1014.8383789062499,1036.1452500030375,996.6880813052828,1014.83837890625,847700
2020-03-10,988.0075591116241,1047.193315448183,931.1892330285275,1041.6693115234375,919100
2020-03-11,1038.512745387783,1055.873900705816,1018.7841597991093,1019.5733032226562,390100
2020-03-12,1005.3686633953832,1009.3143802846901,952.4960570786716,958.8092041015625,479900
2020-03-13,868.0575768924454,913.8278854922289,845.961565844274,894.0993041992188,774500
2020-03-16,894.0993966270091,928.8217032921357,874.3708132945509,880.6839599609375,513600
2020-03-17,854.6422424316406,908.303989878872,838.070232190584,899.6234130859375,817900
2020-03-18,908.304020690918,967.4897735595704,908.304020690918,915.4063110351562,492500
2020-03-19,946.9720076790798,957.2308710956031,829.3896500589274,831.757080078125,949700
2020-03-23,861.7445500333544,915.40629857023,861.7445500333544,896.4668579101562,765800
2020-03-24,911.4605321836232,946.1828381715707,895.6776658254652,942.2371215820312,452600
2020-03-25,1024.308163763938,1028.2538808816726,984.0618491630436,1019.5733032226562,518900
2020-03-26,1019.5731008913433,1064.5542671071378,999.0553759508053,1047.193115234375,596000
2020-03-27,1070.8676567809669,1110.3248291015625,1059.0305050847883,1110.3248291015625,589900
2020-03-30,1087.7637859015772,1125.6340806700025,1078.094774471341,1112.7420654296875,490500
2020-03-31,1111.1303811318373,1132.8856532787263,1089.3751089849486,1097.4326171875,371600
2020-04-01,1095.0154956206563,1106.2960084526571,1029.7496713783655,1036.1956787109375,469400
2020-04-02,1012.0230588568816,1042.6415908923605,999.1310453682588,1004.7713012695312,301400
2020-04-03,1094.2097683672332,1106.2960323771806,959.6493623898194,961.2608642578125,311200
2020-04-06,958.8435458984375,1009.6058512695312,954.009040625,1007.1885986328125,269800
2020-04-07,1045.8646021133816,1072.4543801332131,1012.0230664517775,1037.0013427734375,248700
2020-04-08,1052.3105012412384,1064.3967627409463,1024.9149751752336,1034.583984375,310700
2020-04-09,1026.5266327973006,1048.2819068047786,1016.8576221273103,1035.389892578125,307900
2020-04-10,1036.1956190727974,1038.612871683387,1003.1598333947378,1020.8863525390625,244300
2020-04-13,1020.0806057994585,1026.5266127871328,1005.5770900771912,1011.2173461914062,227000
2020-04-14,1005.5770806314844,1018.4690944857342,988.6563124477816,1009.6058349609375,327700
2020-04-15,1007.1885352041207,1015.2460434857537,982.2102595310586,986.239013671875,430700
2020-04-16,966.9009560032895,999.9367386667351,962.8722020199424,995.1022338867188,354600
2020-04-17,1008.8000105628188,1028.1380299346301,976.5699782764668,987.0447387695312,380800
2020-04-20,974.9585020775888,998.3252760943244,974.9585020775888,986.239013671875,255500
2020-04-21,978.1815089864699,1005.57703724474,966.9009973507116,976.5700073242188,286700
2020-04-22,961.2607295577591,961.2607295577591,934.6709524618614,954.0089721679688,266700
2020-04-23,941.9226907025386,970.1239688672852,939.5054382884174,966.09521484375,238200
2020-04-24,966.9009302613731,986.2389488666006,948.3686624313634,965.2894287109375,315700
2020-04-27,970.9298054076847,984.6275702972538,970.9298054076847,980.5988159179688,383800
2020-04-28,991.0735611142849,1025.72084821015,984.6275542127286,1019.2748413085938,456000
2020-04-30,1045.864668160233,1068.4256933593751,1011.2173794615503,1027.3323974609375,404600
2020-05-01,1026.5265990728446,1039.4186128759573,1003.9655749173975,1019.2748413085938,262700
2020-05-07,1012.0230349417536,1057.9508319096517,1012.0230349417536,1041.8358154296875,422800
2020-05-08,1053.922179699688,1053.922179699688,1012.023132800312,1032.97265625,257000
2020-05-11,1045.8647131422545,1050.69921875,1037.001452861388,1050.69921875,183000
2020-05-12,1055.5336699805139,1065.2026806978927,1041.0301539044458,1046.67041015625,188400
2020-05-13,1005.5770357572115,1090.1808729002462,1003.1597832674106,1089.3751220703125,451500
2020-05-14,1079.7061767578125,1099.0441978340718,1070.8429170978604,1079.7061767578125,401100
2020-05-15,1082.9291381835938,1083.7348890304565,1027.332329750061,1031.361083984375,336800
2020-05-18,1044.2530481702147,1074.0658280948273,1044.2530481702147,1069.2313232421875,216700
2020-05-19,1093.4040175356345,1105.4902815467137,1086.152259128987,1092.5982666015625,347100
2020-05-20,1079.706306680601,1107.1018398351837,1079.706306680601,1102.267333984375,188200
2020-05-21,1107.90741635065,1112.74192144018,1086.9578942960195,1103.878662109375,214700
2020-05-22,1110.3247397731416,1112.7419924722121,1095.8212235787173,1105.490234375,173900
2020-05-25,1113.5476327078682,1128.0511474609375,1111.9361310686384,1128.0511474609375,149700
2020-05-26,1128.0512368865575,1137.7202474884423,1118.3822262846727,1132.8857421875,313700
2020-05-27,1127.245507261159,1145.7777779309279,1112.7419910848182,1141.7490234375,246700
2020-05-28,1151.417985014628,1151.417985014628,1117.5764487160873,1149.000732421875,313500
2020-05-29,1149.000793793313,1173.9790719192547,1147.3892919787363,1169.9503173828125,404700
2020-06-01,1173.1733095962388,1188.4825766857502,1161.8927970039674,1183.6480712890625,252700
2020-06-02,1192.51123046875,1194.9284829629435,1179.6192171663852,1192.51123046875,241000
2020-06-03,1206.2089854626724,1207.820487113257,1169.1444474992236,1175.5904541015625,264300
2020-06-04,1187.6768068072738,1187.6768068072738,1154.6410204578178,1180.425048828125,248300
2020-06-05,1176.3962891971055,1177.202040080117,1152.2237627067539,1169.14453125,196900
2020-06-08,1178.8135227079463,1182.8422770575976,1153.8352457401088,1165.9215087890625,224200
2020-06-09,1150.6121472877978,1163.504160142563,1140.943137646724,1149.806396484375,313700
2020-06-10,1157.058273117534,1189.288308580418,1157.058273117534,1180.425048828125,318500
2020-06-11,1178.0076746041739,1178.0076746041739,1148.1948948775294,1149.806396484375,213200
2020-06-12,1128.0511474609375,1138.5259081159318,1113.5476327078682,1128.0511474609375,344300
2020-06-15,1119.9938130485002,1134.497330052006,1084.540771484375,1084.540771484375,292000
2020-06-16,1125.6339546617612,1145.777726219774,1111.9361900023123,1143.3604736328125,264900
2020-06-17,1143.3604708663465,1153.0294811907977,1129.6627062400407,1137.72021484375,152800
2020-06-18,1140.9432430336192,1142.5547447893164,1107.101706163978,1115.9649658203125,196000
2020-06-19,1111.9361025411358,1140.1373805041358,1109.5188501443072,1138.52587890625,534800
2020-06-22,1128.85695537967,1144.9719725870884,1115.964941613735,1137.72021484375,225700
2020-06-23,1152.2235814952317,1164.3098428395874,1131.274061831682,1153.8350830078125,199200
2020-06-24,1156.2524846322815,1156.2524846322815,1126.4397027985572,1137.72021484375,165600
2020-06-25,1130.4684352833913,1149.0007047142667,1116.7706709214401,1128.85693359375,195800
2020-06-26,1153.0294454183922,1153.0294454183922,1119.9936611681098,1136.9144287109375,179500
2020-06-29,1129.6627062400407,1161.8927406548778,1122.4109484967025,1137.72021484375,268500
2020-06-30,1156.2523835022016,1164.3098914011716,1140.9431184941584,1146.5833740234375,266000
2020-07-01,1144.9721035304751,1159.4756206758293,1109.519061619609,1112.7420654296875,224200
2020-07-02,1116.7707393033518,1119.1879919858266,1082.9292017487046,1088.5694580078125,236000
2020-07-03,1088.569425443735,1093.4039306640625,1078.0946641330256,1093.4039306640625,270400
2020-07-06,1093.4038342507101,1107.9073486328125,1086.9578278586648,1107.9073486328125,273100
2020-07-07,1093.4039443482623,1096.6269478688173,1053.1164003413255,1085.346435546875,429300
2020-07-08,1085.3464053774062,1085.3464053774062,1058.7566270719462,1059.5623779296875,194200
2020-07-09,1063.5911130577804,1071.6486214900362,1046.670345350043,1056.33935546875,303600
2020-07-10,1051.5048152545025,1086.1521003548426,1050.6990644382156,1055.5335693359375,326000
2020-07-13,1063.5909655862604,1076.482977290336,1047.4759509561654,1072.4542236328125,334800
2020-07-14,1078.900390625,1091.7924042545744,1070.0371312546677,1078.900390625,158400
2020-07-15,1098.2383828733168,1129.6626652886207,1095.0153795486701,1125.6339111328125,461600
2020-07-16,1135.3029119802075,1140.1374169283135,1090.98661662257,1108.713134765625,358100
2020-07-17,1108.713216385011,1114.3534725730162,1092.5981987049963,1096.626953125,148200
2020-07-20,1097.4327416653352,1115.1592617216033,1090.180983460498,1103.072998046875,227400
2020-07-21,1103.0729140958322,1120.7994328029968,1100.655661544855,1109.5189208984375,206400
2020-07-22,1107.9073778508168,1107.9073778508168,1090.986610625459,1097.4326171875,190800
2020-07-27,1103.8787300752633,1110.3247372581845,1086.957961220095,1099.8499755859375,222700
2020-07-28,1110.3245816665526,1121.605092655908,1099.0440706771972,1104.684326171875,130100
2020-07-29,1107.9074076319553,1111.130410999612,1082.9291315326168,1086.9578857421875,216100
2020-07-30,1094.2097448967675,1100.6557522304745,1077.2889756457866,1078.0947265625,146800
2020-07-31,1070.8428647314115,1074.0658680865097,1045.058837890625,1045.058837890625,194400
2020-08-03,1062.785291096197,1070.8427989892689,1039.4185182062881,1054.727783203125,268800
2020-08-04,1063.5911244398806,1089.3751516990292,1061.1738718843353,1078.900390625,303800
2020-08-05,1068.425738579404,1094.2097684697064,1061.1739801727565,1092.5982666015625,228300
2020-08-06,1076.483117489075,1163.5042078250183,1076.483117489075,1106.2958984375,567200
2020-08-07,1104.684465404,1118.3822304746552,1061.979668419017,1066.0084228515625,317200
2020-08-11,1075.677419366269,1113.5477105349692,1057.9509000958137,1110.32470703125,340300
2020-08-12,1100.655572247105,1109.5188308815987,1090.9865628276577,1104.684326171875,196900
2020-08-13,1117.5764086619918,1150.6121929122742,1115.9649069912462,1136.9144287109375,319100
2020-08-14,1148.1950082916953,1182.0365453781874,1140.1374994615783,1169.14453125,450100
2020-08-17,1164.3099795313324,1164.3099795313324,1132.8856963467497,1145.7777099609375,215100
2020-08-18,1132.8856745340738,1149.0006912415286,1128.0511695218374,1136.9144287109375,198000
2020-08-19,1138.525952302957,1152.2237167680314,1134.4971980485232,1145.7777099609375,118800
2020-08-20,1130.4684895370287,1149.8065107407983,1121.6052298186344,1132.8857421875,161600
2020-08-21,1149.8064584732056,1161.8927211761475,1132.885690689087,1134.4971923828125,136800
2020-08-24,1137.7200768137147,1148.194836727722,1131.274070712787,1140.1373291015625,131600
2020-08-25,1150.612215066258,1157.8639727242385,1139.3317031538436,1145.7777099609375,149100
2020-08-26,1142.5548612950213,1143.3606122550318,1122.4110872947563,1140.943359375,146400
2020-08-27,1140.943111942202,1140.943111942202,1127.2453485926133,1135.3028564453125,95400
2020-08-28,1128.0511933255057,1149.000715487265,1104.6844186066203,1115.1591796875,199400
2020-08-31,1129.6626711925828,1149.8064420769012,1129.6626711925828,1136.9144287109375,186000
2020-09-01,1129.662743796765,1145.7777615399427,1119.1879822636995,1144.166259765625,140200
2020-09-02,1147.3891248133345,1149.8063771830255,1133.6913613850854,1146.5833740234375,103700
2020-09-03,1152.2237386124498,1161.8927490064004,1146.5834825493118,1154.6409912109375,161900
2020-09-04,1130.4684571004118,1138.525965704121,1120.7994467759606,1137.72021484375,173500
2020-09-07,1134.4973516949153,1147.3893670550847,1133.6916007349046,1140.943359375,159100
2020-09-08,1148.1949201009677,1165.115687344561,1139.3316610686095,1164.3099365234375,197300
2020-09-09,1138.5258275763306,1149.000587490338,1134.497073763251,1140.1373291015625,239200
2020-09-10,1146.5835594764121,1147.3893103966345,1124.0225337101863,1131.2742919921875,181400
2020-09-11,1129.6627624168825,1149.8065349278825,1120.7995025120424,1147.3892822265625,286100
2020-09-14,1152.2238112620275,1164.3100750165243,1145.777803926296,1161.892822265625,222900
2020-09-15,1156.252506266498,1191.7055447861674,1153.0295027647096,1182.84228515625,440000
2020-09-16,1183.6481602555614,1192.5114208156779,1172.367646815413,1188.482666015625,215800
2020-09-17,1167.5329751928812,1182.0364904126686,1155.446712509725,1165.11572265625,231700
2020-09-18,1170.7560303917883,1170.7560303917883,1155.4467636488812,1163.5042724609375,264900
2020-09-23,1154.6409857052997,1158.6697400169023,1140.1374701835305,1143.3604736328125,178800
2020-09-24,1133.6915901951995,1133.6915901951995,1107.1018087620498,1112.7420654296875,234400
2020-09-25,1116.770607421875,1124.0223646129261,1104.6843454367897,1107.9073486328125,187000
2020-09-28,1128.051201762678,1132.0799560546875,1115.1591880282474,1132.0799560546875,255300
2020-09-29,1128.0512420224472,1149.8065159757373,1124.8282384738116,1144.166259765625,282200
2020-09-30,1133.6914521470335,1133.6914521470335,1111.1304282237093,1120.7994384765625,287800
2020-10-02,1132.0799311477672,1132.0799311477672,1109.5189076088793,1117.576416015625,300300
2020-10-05,1133.6915283203125,1143.3605392228312,1124.0225174177938,1133.6915283203125,251700
2020-10-06,1121.6051569770043,1129.6626652886207,1103.0728878602865,1125.6339111328125,364200
2020-10-07,1119.9936392647878,1133.6914031982421,1111.9361310686384,1128.0511474609375,236200
2020-10-08,1139.331801194411,1140.9433030348557,1129.6627901517427,1131.2742919921875,216900
2020-10-09,1136.914412567268,1143.3604191587197,1131.274156799748,1139.3316650390625,182000
2020-10-12,1136.1087810459421,1139.331784680115,1122.4110156007075,1133.6915283203125,128900
2020-10-13,1138.5260337715717,1139.331784680115,1125.6340192348803,1133.6915283203125,135900
2020-10-14,1133.6914930709904,1141.7490019058944,1128.856987770048,1132.8857421875,129200
2020-10-15,1128.0513024569584,1132.8858080389168,1109.5190310594512,1123.216796875,134300
2020-10-16,1119.993695563963,1119.993695563963,1090.9866645997165,1101.46142578125,169400
2020-10-19,1106.2958984375,1115.964908474827,1100.6556425823926,1106.2958984375,142400
2020-10-20,1105.4901744676183,1110.324679603774,1081.3176487868395,1090.180908203125,258800
2020-10-21,1087.763693400992,1107.1017146170095,1086.1521916329905,1096.626953125,207300
2020-10-22,1099.044060691551,1099.849811469184,1074.871537362558,1087.7635498046875,291000
2020-10-23,1091.7924615844456,1095.0154651610785,1075.6774437012803,1088.5694580078125,284000
2020-10-26,1088.569488479774,1098.2384994803344,1075.67747381236,1078.0947265625,237300
2020-10-27,1070.0371662196828,1079.7061767578125,1053.9221486561335,1079.7061767578125,194100
2020-10-28,1071.6486214900362,1073.2601231764875,1044.2530928203662,1056.33935546875,270200
2020-10-29,1086.9577272897875,1122.4107591658073,1086.9577272897875,1111.1302490234375,650700
2020-10-30,1091.7925111227703,1130.4685557972302,1078.9004962312838,1081.3177490234375,331300
2020-11-02,1088.5693979807443,1097.4326573277378,1061.979619939764,1073.2601318359375,300900
2020-11-04,1089.375102872311,1092.5981061352466,1071.6485849261637,1086.152099609375,294000
2020-11-05,1095.015514313576,1124.0225478053264,1086.958005010312,1123.216796875,495700
2020-11-06,1121.6051409040178,1130.4683999197823,1113.5476327078682,1128.0511474609375,258300
2020-11-09,1140.1373966298206,1143.360399871177,1119.9936263713432,1136.108642578125,253600
2020-11-10,1144.166208259164,1149.0007133644845,1135.30294889941,1145.7777099609375,310200
2020-11-11,1157.8638784328703,1160.28113078868,1128.8568501631532,1135.3028564453125,277300
2020-11-12,1132.0800076496234,1136.9145130203692,1122.4109969081321,1130.468505859375,203800
2020-11-13,1126.439795983356,1126.439795983356,1097.432762610394,1111.936279296875,235900
2020-11-16,1128.0512342800662,1140.943248386124,1115.9649710556369,1127.2454833984375,205900
2020-11-17,1127.2453742470134,1128.8568758542285,1114.353361389292,1119.1878662109375,185500
2020-11-18,1128.8567649614474,1130.4682664103573,1110.3244982989825,1111.1302490234375,260200
2020-11-19,1113.5476779827493,1125.6339407683797,1104.6844186066203,1115.1591796875,246700
2020-11-20,1105.4901025496085,1120.7993678181526,1100.6555977279631,1119.1878662109375,206300
2020-11-24,1136.1087508940361,1155.4467721858496,1132.0799964582416,1144.166259765625,318900
2020-11-25,1152.2237548828125,1163.5042671683784,1148.1950004951102,1152.2237548828125,270400
2020-11-26,1156.2524060790674,1158.6696584959575,1140.9431407720972,1155.4466552734375,186000
2020-11-27,1155.446787363201,1178.8135633977429,1155.446787363201,1178.0078125,332000
2020-11-30,1169.144438381487,1175.5904449335558,1157.8639269153664,1158.669677734375,247500
2020-12-01,1162.6985241859063,1180.425043612164,1148.1950082916953,1169.14453125,250800
2020-12-02,1172.367450800393,1184.4537131797786,1168.338696673931,1175.5904541015625,252900
2020-12-03,1183.6481040828692,1240.0506686068998,1175.5905948651505,1220.712646484375,459300
2020-12-04,1232.798718904194,1235.2159712942023,1220.712456954153,1224.7412109375,325700
2020-12-07,1248.9138977689893,1264.2231649029318,1220.7126162064637,1231.1873779296875,230900
2020-12-08,1256.9713676867013,1269.8633817142572,1250.5253606729234,1261.0001220703125,391300
2020-12-09,1273.8920575378072,1290.812824905482,1269.8633034026464,1278.7265625,404200
2020-12-10,1278.7265395834543,1302.0933131486213,1269.0575298323506,1300.4818115234375,305600
2020-12-11,1303.7048531001947,1316.5968664806662,1298.8703480825177,1306.9278564453125,313500
2020-12-14,1310.1509939033294,1310.1509939033294,1285.9784663405376,1293.230224609375,218500
2020-12-15,1287.5898734781645,1302.0933889491325,1265.0288494122142,1277.1151123046875,348300
2020-12-16,1282.7553462764058,1282.7553462764058,1251.3310632960165,1268.2518310546875,249800
2020-12-17,1257.7771700555822,1261.0001736944178,1244.88515550024,1259.388671875,195300
2020-12-18,1259.388514480884,1268.2517733799816,1251.331006390795,1258.582763671875,218300
2020-12-21,1264.2231961793784,1282.7554673789487,1252.1369323535719,1262.6116943359375,290900
2020-12-22,1255.35986328125,1266.640375531531,1244.8851019059894,1255.35986328125,153900
2020-12-23,1277.1151727525908,1281.1439272407692,1255.3598985164267,1256.1656494140625,181800
2020-12-24,1244.079300005008,1259.388566002479,1243.2735491630358,1256.9713134765625,236100
2020-12-25,1261.000067686423,1267.4460744222004,1247.3023033728966,1256.9713134765625,131100
2020-12-28,1260.9999554493547,1281.1437247057343,1260.9999554493547,1273.8919677734375,205200
2020-12-29,1289.20135965248,1315.7911376953125,1288.3956088026973,1315.7911376953125,307500
2020-12-30,1305.316287405885,1319.0140509157,1298.0645302536302,1310.95654296875,170300
2021-01-04,1307.7336263621426,1335.1291551953605,1302.8991212739274,1310.15087890625,237700
2021-01-05,1305.3163096668954,1319.81982421875,1302.8990572415864,1319.81982421875,135300
2021-01-06,1325.4601642632044,1333.5176728605493,1311.7623996477184,1313.3739013671875,127700
2021-01-07,1321.431303299785,1329.4888112467347,1307.73353978997,1310.95654296875,260900
2021-01-08,1314.1797462417142,1333.5177682587596,1310.9567425722064,1329.489013671875,266700
2021-01-12,1333.5177191055418,1343.9924806453437,1328.6832137794793,1336.74072265625,334300
2021-01-13,1327.877483051993,1335.934992051095,1303.7049560546875,1303.7049560546875,290100
2021-01-14,1294.8415880345588,1304.5105980261048,1285.9783288756414,1295.6473388671875,203700
2021-01-15,1289.201374797078,1292.4243782340707,1240.8563232421875,1240.8563232421875,309300
2021-01-18,1236.0217962171455,1242.4678029770785,1215.878025092355,1231.9930419921875,171100
2021-01-19,1231.187269047472,1231.9930198780005,1213.4607507758462,1223.1297607421875,189100
2021-01-20,1227.96435546875,1237.6333661417323,1219.906846574598,1227.96435546875,179300
2021-01-21,1237.6333523468059,1253.7483699554882,1233.604597944635,1236.0218505859375,193200
2021-01-22,1219.9067677212588,1226.352774419918,1205.4032526492754,1209.4320068359375,229600
2021-01-25,1209.4319174928908,1236.8274439384325,1209.4319174928908,1235.2159423828125,206100
2021-01-26,1247.3023244875285,1256.9713347548739,1228.7700548084504,1229.5758056640625,167600
2021-01-27,1249.7196725546773,1252.1369253062337,1239.244910631266,1245.69091796875,166400
2021-01-28,1230.3816132266438,1239.244873046875,1223.1298551919092,1239.244873046875,729500
2021-01-29,1232.7986961046222,1240.8562039222995,1215.8779296875,1215.8779296875,175700
2021-02-01,1189.2881658879787,1198.9571753667428,1137.7201153345704,1146.5833740234375,603000
2021-02-02,1150.6123398820198,1163.5043548947035,1133.6915701778723,1151.4180908203125,466800
2021-02-03,1144.1662513120023,1169.144528629377,1133.691489856329,1163.5042724609375,272600
2021-02-04,1153.8352097831905,1158.6697148521146,1128.85693359375,1128.85693359375,292200
2021-02-05,1136.1086265094214,1145.7776360967357,1127.2453677210501,1138.52587890625,244900
2021-02-08,1153.0294368456434,1188.4824733384514,1149.0006826987335,1186.8709716796875,315000
2021-02-09,1189.2882315120341,1192.5112348494652,1154.6409456346512,1167.532958984375,199300
2021-02-10,1144.1662786248025,1158.6697948327226,1140.9432750230426,1147.3892822265625,187100
2021-02-12,1140.9431769248838,1142.554678587207,1118.3821536523578,1125.6339111328125,400800
2021-02-15,1121.6051409040178,1131.2741507393973,1112.7418818882534,1128.0511474609375,259300
2021-02-16,1128.0512670775754,1137.7202779382403,1117.576505311855,1122.4110107421875,277400
2021-02-17,1115.1592426453753,1119.9937480325664,1098.238473790207,1099.8499755859375,407600
2021-02-18,1091.7924478209957,1111.1304690370132,1079.7061845609846,1096.626953125,320900
2021-02-19,1079.7060707565913,1090.1808311445284,1074.8715659621587,1077.288818359375,302600
2021-02-22,1063.5911865234375,1074.0659482088956,1057.9509302312679,1063.5911865234375,394000
2021-02-24,1045.8646392221053,1055.5336497542048,1018.4691093811565,1022.4978637695312,562600
2021-02-25,1045.0589688052771,1070.8429988760317,1035.3899575287442,1067.6199951171875,354000
2021-02-26,1047.4760611730678,1065.2025791313813,1039.418553010198,1055.5335693359375,290700
2021-03-01,1072.4544887855404,1095.015514845642,1069.2314850626688,1081.3177490234375,453100
2021-03-02,1091.7923745601136,1097.4326303696491,1074.065856301573,1089.3751220703125,345300
2021-03-03,1111.9361677050854,1111.9361677050854,1088.5693931663552,1098.2384033203125,302100
2021-03-04,1094.2097520077377,1107.1017667589335,1081.3177372565422,1095.0155029296875,220100
2021-03-05,1095.8211287097818,1099.0441320295165,1071.6486038117719,1089.3751220703125,197500
2021-03-08,1089.3750898897736,1098.23834875722,1085.3463358591162,1094.2095947265625,209300
2021-03-09,1103.8787325756196,1109.5189888734512,1086.1522127824344,1105.490234375,263800
2021-03-10,1106.2960273381457,1123.216796875,1104.6845254774928,1123.216796875,257600
2021-03-11,1123.2166041231703,1126.439607291386,1107.9073390741457,1121.6051025390625,226300
2021-03-12,1130.4683869057515,1136.108642578125,1124.0223804230386,1136.108642578125,298300
2021-03-15,1140.1374218510646,1150.6121826171875,1134.4971660539215,1150.6121826171875,317500
2021-03-16,1152.22374665524,1173.9790201934857,1150.612244911666,1171.561767578125,322000
2021-03-17,1171.5616710496986,1188.482437963071,1166.7271662173064,1186.065185546875,207000
2021-03-18,1187.676863435966,1197.3458745358516,1176.3963504860992,1190.0941162109375,234400
2021-03-19,1186.0652934675836,1230.381591796875,1184.4537917101547,1230.381591796875,454900
2021-03-22,1230.381537418641,1235.2160424772605,1212.65501887037,1226.352783203125,299000
2021-03-23,1228.7700932325333,1228.7700932325333,1199.7630615234375,1199.7630615234375,233300
2021-03-24,1211.0434244183114,1211.8491751996942,1182.8421470699143,1185.2593994140625,228600
2021-03-25,1202.9859912769214,1211.0434995908995,1185.2594729861696,1192.51123046875,270600
2021-03-26,1195.7342719621556,1206.209033104681,1190.094015962334,1198.957275390625,201200
2021-03-29,1212.6549685081593,1221.5182274141991,1185.2594409804003,1197.345703125,262000
2021-03-30,1184.8474057112069,1213.1770905172414,1175.681919450431,1208.177734375,346100
2021-03-31,1185.6805811139363,1195.6792929715382,1167.349609375,1167.349609375,226100
2021-04-01,1174.8485529213033,1184.0140380859375,1167.3495196047843,1184.0140380859375,179400
2021-04-02,1191.513291050011,1201.5120039818992,1179.0148998851507,1183.1810302734375,140400
2021-04-05,1190.6798616058754,1194.8459912825929,1178.1814725757229,1192.3463134765625,114100
2021-04-06,1194.0127775018866,1198.1789072210138,1168.1827732432973,1173.18212890625,134200
2021-04-07,1174.8486224894293,1185.6805601435872,1171.5157185958421,1182.34765625,100600
2021-04-08,1174.015409453209,1184.8473472267303,1159.0173417667947,1163.1834716796875,146900
2021-04-09,1176.5150874009446,1188.1802511570447,1159.8505677493733,1163.1834716796875,161600
2021-04-12,1186.5139272305653,1186.5139272305653,1162.3503711282574,1179.014892578125,106300
2021-04-13,1183.1809568272329,1198.1790252940568,1178.1816006716247,1196.5125732421875,156900
2021-04-14,1204.8448452884204,1222.3425920042273,1199.845489083904,1216.510009765625,150100
2021-04-15,1211.5106470251596,1241.506784090432,1211.5106470251596,1239.84033203125,143200
2021-04-16,1241.5066676149324,1256.5047347404818,1237.3405378578352,1255.6715087890625,227000
2021-04-19,1255.6714567165438,1269.83629730326,1244.8395197972902,1254.0050048828125,174900
2021-04-20,1238.173825358073,1252.338667236328,1222.3425314941408,1249.8389892578125,164000
2021-04-21,1229.841645373363,1242.340036078377,1225.6755151383584,1240.673583984375,205000
2021-04-22,1264.8372213791572,1273.16948238956,1253.172055964593,1259.004638671875,193000
2021-04-23,1259.0043137868245,1283.167864481608,1254.0049584706624,1279.8349609375,193600
2021-04-26,1279.835174802111,1282.3348528778963,1253.1719419937335,1263.170654296875,163500
2021-04-27,1268.1700956890277,1279.0020347455043,1251.505574063679,1269.8365478515625,209700
2021-04-28,1270.6696385172156,1300.6657742461466,1269.8364125247454,1289.0006103515625,251200
2021-04-30,1283.16796875,1305.6650695008118,1274.0024832589286,1283.16796875,239300
2021-05-06,1291.5002828931051,1334.8280343191966,1289.0006049262154,1312.3309326171875,381900
2021-05-07,1325.662561164937,1339.827403113274,1316.497075198366,1332.328369140625,274600
2021-05-10,1269.0032695824063,1269.0032695824063,1227.3419672323603,1240.673583984375,514700
2021-05-11,1224.8422122097913,1240.6735061091017,1204.011562342278,1238.173828125,340500
2021-05-12,1236.5075060683514,1237.3407321506077,1205.6781410248682,1214.8436279296875,184200
2021-05-13,1199.845438740255,1206.5112467332565,1174.0154327673747,1175.681884765625,245800
2021-05-14,1187.3470837823277,1217.3432206357759,1183.1809536637932,1208.177734375,171500
2021-05-17,1209.0108799656966,1229.0083032042749,1206.5112020608744,1217.3431396484375,196300
2021-05-18,1222.3424217178067,1245.6727474220322,1209.010807029678,1242.33984375,139500
2021-05-19,1226.5087705369242,1239.0071615410368,1219.8429620013974,1229.8416748046875,98700
2021-05-20,1217.3430936449436,1243.1730976853223,1217.3430936449436,1231.5079345703125,98000
2021-05-21,1238.1737659860598,1246.5060255149028,1224.8421507399112,1244.00634765625,115600
2021-05-24,1249.838952992892,1259.0044386481732,1243.1731452435965,1256.5047607421875,128100
2021-05-25,1249.8389736917993,1251.5054256567219,1229.8415501127306,1241.5067138671875,191900
2021-05-26,1228.1750636090815,1229.84151552714,1193.1795733298538,1197.345703125,237700
2021-05-27,1180.6812093859521,1180.6812093859521,1152.351526168505,1159.017333984375,351900
2021-05-28,1179.848111286569,1189.0135980267896,1164.8500420752991,1174.8487548828125,204300
2021-05-31,1166.516457017148,1175.68194346514,1146.5190320397112,1154.01806640625,209300
2021-06-01,1164.849875856458,1164.849875856458,1132.3540638690463,1138.1866455078125,209500
2021-06-02,1124.8549723004762,1129.854327732923,1109.0236800977289,1120.6888427734375,230100
2021-06-03,1133.1873702721402,1139.0199523250117,1120.6889801588445,1129.021240234375,154700
2021-06-04,1125.6882504560192,1134.8537358409312,1119.0224429033558,1122.3553466796875,164800
2021-06-07,1131.5208715322067,1154.8511987802933,1129.8544195859147,1143.18603515625,132100
2021-06-08,1149.851873989763,1172.3489758721714,1148.1854219984734,1159.8505859375,171500
2021-06-09,1164.8500565649758,1196.512647515955,1163.183604409661,1183.1810302734375,253100
2021-06-10,1171.515677018599,1181.5143883445046,1165.683095411821,1173.18212890625,111700
2021-06-11,1189.8467561779105,1189.8467561779105,1162.3502975267402,1164.8499755859375,138100
2021-06-14,1177.348287077873,1177.348287077873,1159.0173158707157,1162.3502197265625,72800
2021-06-15,1162.3502118227293,1169.0160194890962,1152.351500323179,1158.18408203125,157200
2021-06-16,1158.1840344401498,1184.0140380859375,1158.1840344401498,1184.0140380859375,222200
2021-06-17,1183.1809819322027,1183.1809819322027,1161.5171047982328,1169.849365234375,131700
2021-06-18,1184.0141961581467,1184.0141961581467,1147.3522506050442,1149.8519287109375,278800
2021-06-21,1124.8549723004762,1139.853038597816,1117.3559391518065,1120.6888427734375,176500
2021-06-22,1139.853139042075,1154.85120666105,1131.520879253756,1147.3521728515625,126900
2021-06-23,1148.1853306361609,1154.8511380709135,1135.6869416959994,1137.3533935546875,106700
2021-06-24,1143.1860840547324,1166.5164123007476,1138.1867280020151,1156.5177001953125,233400
2021-06-25,1167.3496305585684,1167.3496305585684,1150.6851104934924,1152.3515625,84000
2021-06-28,1154.0180513139203,1156.517729403409,1145.685791015625,1145.685791015625,76300
2021-06-29,1141.519690246134,1143.186142348683,1132.3542036821138,1134.8538818359375,148200
2021-06-30,1139.8531968507125,1142.3528749139816,1121.522224386739,1125.6883544921875,198400
2021-07-01,1118.189294524016,1131.5209105541087,1115.689616518374,1124.8551025390625,141100
2021-07-02,1126.521554542824,1135.6870405635127,1122.35542453342,1124.8551025390625,102300
2021-07-05,1122.355527801739,1131.5210146657473,1121.5223017231929,1128.1881103515625,89400
2021-07-06,1133.1873625578703,1138.1867185691551,1124.0218765371817,1124.8551025390625,84600
2021-07-07,1125.6882562818848,1147.3521309401594,1121.5221265399089,1138.1866455078125,263600
2021-07-08,1134.8537337550515,1148.1853488358743,1133.1872818699485,1134.0205078125,197900
2021-07-09,1116.522832088737,1138.186707935235,1109.0237981418725,1132.3541259765625,217700
2021-07-12,1151.518289969308,1169.016035330636,1147.3521601213727,1166.516357421875,252400
2021-07-13,1170.6825393480854,1174.015443374699,1163.1835052882043,1168.182861328125,151500
2021-07-14,1165.6831235824093,1168.1828014742944,1157.3508639427923,1162.3502197265625,220900
2021-07-15,1166.516380979304,1169.0160589385453,1135.6870194819937,1139.8531494140625,125500
2021-07-16,1125.6884248025158,1136.5203637532431,1119.0226162174529,1124.02197265625,171400
2021-07-19,1124.0218765371817,1130.687684552228,1114.0231645146123,1124.8551025390625,175800
2021-07-20,1113.1898096247676,1129.0211018275152,1113.1898096247676,1120.6888427734375,151200
2021-07-21,1129.0212372918475,1153.184791447909,1122.3554292487959,1140.6864013671875,285900
2021-07-26,1164.8498976184476,1168.1828014742944,1154.0179600869455,1162.3502197265625,175000
2021-07-27,1170.6825762055014,1170.6825762055014,1154.0180555477718,1161.51708984375,144700
2021-07-28,1145.685795218907,1165.6832200081824,1139.8532129887017,1161.51708984375,210200
2021-07-29,1165.6832424404774,1174.8487289786085,1157.3509819512676,1174.0155029296875,153200
2021-07-30,1158.1840317460994,1164.8498391230553,1135.686931848873,1144.8524169921875,180800
2021-08-02,1165.6831573987329,1173.1821912919343,1161.5170274580655,1167.349609375,195200
2021-08-03,1159.0174158829286,1177.348388671875,1159.0174158829286,1177.348388671875,126800
2021-08-04,1181.514380283043,1181.514380283043,1164.8498615202357,1169.0159912109375,129400
2021-08-05,1144.0193053887133,1168.182859544775,1134.8538193295174,1140.6864013671875,224900
2021-08-06,1154.017878989748,1154.8511048951557,1118.1891650572143,1120.6888427734375,199500
2021-08-10,1119.0225387505222,1135.6870590595397,1116.5228607041697,1121.522216796875,145600
2021-08-11,1128.188024920482,1145.6857712449503,1118.1893127350716,1121.522216796875,203100
2021-08-12,1136.520187729097,1136.520187729097,1120.6888947915218,1122.3553466796875,82900
2021-08-13,1129.0213509389032,1141.5197422777103,1123.1887683141267,1136.5203857421875,92500
2021-08-16,1133.187231354554,1139.853038597816,1120.6888427734375,1120.6888427734375,101500
2021-08-17,1134.0205962796933,1144.8525343778829,1128.188014226822,1129.021240234375,106500
2021-08-18,1129.021222000178,1144.8525158880036,1124.8550920296977,1132.3541259765625,84400
2021-08-19,1123.188650535301,1137.3534925672743,1122.35542453342,1124.8551025390625,91700
2021-08-20,1124.855052942279,1130.6876346982758,1107.3573076742878,1111.5234375,136900
2021-08-23,1120.6890499230587,1133.187440814394,1119.022597804214,1127.3548583984375,121300
2021-08-24,1119.0226201318176,1124.8552026641503,1107.3574550671524,1112.3568115234375,137900
2021-08-25,1105.6908842400112,1108.1905621998606,1096.5253983872303,1100.6915283203125,141200
2021-08-26,1091.5261080228365,1093.1925600961538,1076.5280393629807,1083.19384765625,211900
2021-08-27,1083.1938809311591,1088.1932373046875,1076.5280724331212,1088.1932373046875,105200
2021-08-30,1095.6921441622937,1112.3566634651424,1089.0263364411544,1111.5234375,241200
2021-08-31,1096.5254500454696,1111.5235185111371,1093.1925459419879,1102.3580322265625,198700
2021-09-01,1102.3580506435392,1106.5241808424942,1091.5261121262556,1099.025146484375,121900
2021-09-02,1097.358701861517,1104.8577362705935,1094.8590237251583,1103.1912841796875,114400
2021-09-03,1109.8569575184438,1126.521476400102,1103.1911499657804,1122.3553466796875,178400
2021-09-06,1145.685650975571,1150.6850065434644,1134.853713911802,1149.0185546875,176600
2021-09-07,1159.850611876346,1165.683193976299,1155.6844818049512,1160.683837890625,230500
2021-09-08,1158.1841781759022,1169.8493425604076,1152.3515959836493,1157.3509521484375,174500
2021-09-09,1159.0174226506092,1167.3496830578745,1146.5190320397112,1154.01806640625,150500
2021-09-10,1161.5170093902914,1170.6824951171875,1155.6844275640847,1170.6824951171875,256400
2021-09-13,1164.8499755859375,1165.6832016056699,1149.0186812110214,1164.8499755859375,175100
2021-09-14,1170.6824951171875,1170.6824951171875,1153.1847496385676,1170.6824951171875,186200
2021-09-15,1158.1841080073912,1164.8499158232612,1154.0179781224726,1159.017333984375,129800
2021-09-16,1162.3504451072752,1169.8494802369996,1155.6846361030757,1165.683349609375,182400
2021-09-17,1169.016035330636,1169.016035330636,1155.6844198172432,1166.516357421875,179500
2021-09-21,1141.5196683579597,1154.0180588874264,1136.520312146173,1149.8519287109375,156500
2021-09-22,1149.018546602785,1161.5169354345774,1143.1859651479485,1144.8524169921875,120200
2021-09-24,1167.3497500573214,1170.6826544115181,1158.1842630832812,1164.016845703125,187000
2021-09-27,1169.8494802369996,1174.848836990149,1161.5172189817504,1165.683349609375,132800
2021-09-28,1159.8504835903384,1159.8504835903384,1132.354028160395,1144.8524169921875,188400
2021-09-29,1133.1873234784985,1144.852487102542,1127.354741666477,1143.18603515625,231100
2021-09-30,1140.6863572368122,1151.5182948877095,1137.3534533442282,1143.18603515625,137200
2021-10-01,1137.3535003099055,1144.0193083703298,1122.3554321739507,1129.021240234375,202800
2021-10-04,1134.8537564589801,1134.8537564589801,1094.8589104163727,1107.3572998046875,165400
2021-10-05,1091.5260557107088,1094.8589596976117,1069.028953799114,1081.52734375,277400
2021-10-06,1101.5248543007633,1119.0226016081128,1086.526785180178,1088.1932373046875,223700
2021-10-07,1094.0256365511032,1106.5240253921286,1082.3604736328125,1082.3604736328125,148600
2021-10-08,1081.5272557545293,1099.8582261910467,1079.0275779677315,1086.526611328125,176900
2021-10-11,1082.3607062943486,1094.0258717201536,1073.1952191740731,1089.8597412109375,147000
2021-10-12,1084.0270661460847,1086.5267442386585,1074.0283537757903,1079.0277099609375,142000
2021-10-13,1079.0276398434487,1099.858289261276,1077.3611878900226,1080.694091796875,177000
2021-10-14,1078.194439763097,1086.5266997303545,1073.1950837827428,1081.52734375,128200
2021-10-15,1079.8609583730918,1092.3593490950025,1074.0283760362,1091.526123046875,214600
2021-10-18,1092.3591928306532,1094.0256446885185,1079.0275779677315,1086.526611328125,131600
2021-10-19,1083.1938699352424,1097.3587128497802,1080.6941917738534,1095.6922607421875,202100
2021-10-20,1104.0245212801508,1112.3567818181143,1091.5261304732057,1095.6922607421875,155200
2021-10-21,1088.1932188543656,1102.358061672531,1083.1938625656012,1091.526123046875,230000
2021-10-22,1073.1951126276751,1082.3605988380048,1069.8622085511918,1070.6954345703125,288000
2021-10-25,1052.3644162607384,1054.0308682263135,1042.365704467287,1045.6986083984375,414400
2021-10-26,1038.1995487486918,1055.6972939523214,1033.2001929762262,1044.8653564453125,306100
2021-10-27,1041.532452597002,1047.3650343315453,1033.2001929762262,1044.8653564453125,300700
2021-10-28,1031.5339096920472,1038.1997184784257,1019.035518217588,1030.70068359375,917700
2021-10-29,1022.3681729811065,1029.8672060347576,1009.8697845583546,1020.7017211914062,387600
2021-11-01,1041.5325893027136,1041.5325893027136,1014.8693550165642,1025.7012939453125,373000
2021-11-02,1024.8679484082913,1026.5344003569228,1008.2034289219777,1014.0360107421875,420100
2021-11-04,1010.7031299541522,1029.0341018082258,1007.3702259806843,1026.534423828125,598400
2021-11-05,1015.7025100708008,1028.2009002685547,989.0392776489258,999.8712158203125,505100
2021-11-08,1011.5363286784674,1012.3695546493722,989.0392274640369,992.3721313476562,469500
2021-11-09,987.372802734375,996.5382886669304,984.8731247527691,987.372802734375,320900
2021-11-10,985.7064059128237,986.5396319533248,975.7076934268102,977.3741455078125,199700
2021-11-11,970.7083388994325,983.206729529039,965.70898264759,971.5415649414062,270400
2021-11-12,964.8755917642951,978.207206158275,964.0423658646713,974.0410766601562,267200
2021-11-15,968.2086828685634,986.539656210309,968.2086828685634,984.0399780273438,247600
2021-11-16,984.0399817930089,988.2061121138938,971.5415908303543,972.3748168945312,285100
2021-11-17,976.5408719004755,979.0405499002208,958.2098999023438,958.2098999023438,257700
2021-11-18,947.3780074270148,954.043815746642,942.3786511872945,949.877685546875,239000
2021-11-19,949.8776930096889,961.5428576606851,949.8776930096889,954.0438232421875,174000
2021-11-22,954.0437805015304,958.2099105473886,948.2111984373289,950.7108764648438,130400
2021-11-24,948.2112334669682,954.043815746642,946.5447813870614,949.877685546875,243800
2021-11-25,949.877608847829,953.2105127385232,935.712767312379,941.5453491210938,171200
2021-11-26,933.2131487864631,934.0463748121653,911.5492721182059,914.0489501953125,215800
2021-11-29,904.0502537849804,904.8834798253353,887.3857329778841,889.0521850585938,303300
2021-11-30,904.0502023967318,920.7147222565794,881.5531005859375,881.5531005859375,440500
2021-12-01,881.5530733954638,891.5517850029738,870.7211358206613,886.5524291992188,257200
2021-12-02,876.553693947733,891.5517609544432,871.5543382788295,874.0540161132812,301000
2021-12-03,870.7212302781228,888.2189774894536,868.2215521050756,885.7192993164062,223600
2021-12-06,896.5512084960938,902.3837907074995,889.8854002544871,896.5512084960938,283800
2021-12-07,897.3844265530068,925.714111328125,893.2182964390189,925.714111328125,211400
2021-12-08,924.0475814213391,930.7133890420522,919.0482257058044,923.21435546875,276100
2021-12-09,917.3818268071276,922.3811828115262,913.2156968034622,919.0482788085938,163200
2021-12-10,912.3825107119239,914.0489627862836,897.3844420426868,900.7173461914062,185300
2021-12-13,903.2169891188192,910.7160231613187,895.7179550763199,901.550537109375,196000
2021-12-14,903.2169722308706,907.383102176585,891.5518083828705,899.0508422851562,215800
2021-12-15,895.7179023019743,906.549839725161,889.8853206125661,905.7166137695312,194800
2021-12-16,905.7167024144852,909.8828326003844,898.2176680798667,900.7173461914062,221100
2021-12-17,900.7173386470979,903.2170167377004,888.2189481940854,896.5512084960938,316500
2021-12-20,883.2195910328529,894.0515294134445,863.2221663302223,869.0547485351562,500300
2021-12-21,870.721155005416,879.8866408475783,859.0559912063004,877.386962890625,417100
2021-12-22,879.8866226643803,882.3863005696769,874.8872668537872,880.7198486328125,272300
2021-12-23,882.386369263385,889.8854035630737,879.0534651301899,884.8860473632812,170700
2021-12-24,889.8853774722402,890.7186034811093,881.5531173835489,884.0527954101562,103700
2021-12-27,884.0527469583559,884.0527469583559,862.3888719150785,864.8885498046875,155100
2021-12-28,870.7212081210304,877.387016412866,866.5550779386331,873.2208862304688,234100
2021-12-29,878.2201899382791,910.7160034179688,875.720511978303,910.7160034179688,267100
2021-12-30,898.2176902381174,916.548663508283,889.0522036030345,913.2157592773438,188700
2022-01-04,934.8796168277139,959.0431719863625,934.0463907877605,949.877685546875,373800
2022-01-05,945.7115204098139,953.2105544923587,934.0463562814109,950.7108764648438,248300
2022-01-06,952.377416419811,952.377416419811,923.2145034060809,924.0477294921875,298800
2022-01-07,930.713363758434,931.5465896883878,904.8833599298652,916.5485229492188,209500
2022-01-11,912.3824258891719,927.3804931640625,909.8827480100235,927.3804931640625,329600
2022-01-12,937.3792908640444,942.378647081986,924.8809003191905,934.04638671875,195000
2022-01-13,934.0463411177711,945.7115050567978,926.5473071569684,942.3786010742188,158200
2022-01-14,942.378560438953,942.378560438953,920.7146854863333,927.3804931640625,234400
2022-01-17,929.880241442113,937.3792756472914,919.8815291685419,925.714111328125,156800
2022-01-18,922.3812214346493,929.0470297196333,904.0502486509436,906.5499267578125,171600
2022-01-19,896.5511552526596,901.550511136968,860.7224380817819,861.5556640625,429700
2022-01-20,873.2208919885024,890.7186388699514,864.8886315687648,883.2196044921875,253100
2022-01-21,875.7205159201551,895.7179396899778,871.5543859681087,893.21826171875,194600
2022-01-24,889.0521366668337,909.049560546875,884.8860066918252,909.049560546875,118300
2022-01-25,899.8840973301185,904.0502274103505,874.8873168487263,888.2189331054688,174300
2022-01-26,889.0521095493862,892.3850134277343,871.554364188058,874.8872680664062,164100
2022-01-27,884.8860196955937,885.7192457028401,848.2240753767555,856.5563354492188,239200
2022-01-28,875.720512258847,880.7198681804008,864.8885744288136,871.5543823242188,213400
2022-01-31,846.5576201113398,846.5576201113398,819.0611619778022,834.8924560546875,577500
2022-02-01,839.8917575813609,861.5556322808802,838.2253056813979,844.89111328125,377200
2022-02-02,850.7237579724623,873.22086028907,850.7237579724623,872.3876342773438,193100
2022-02-03,856.5563292015256,867.38826721672,845.7243911863312,846.5576171875,169600
2022-02-04,835.7256020850043,852.3901205712457,834.8923761606923,844.057861328125,173000
2022-02-07,838.2253339921797,848.2240457296609,831.5595261671922,834.0592041015625,184300
2022-02-08,833.226014720229,839.0585968232707,824.8937545730267,827.3934326171875,243200
2022-02-09,847.3907790887552,869.0546534804047,843.2246493980532,864.0552978515625,248600
2022-02-10,874.8873108025973,884.8860229260555,866.5550506997154,878.22021484375,256300
2022-02-14,866.5550199468084,869.8879238696808,849.8905003324468,861.5556640625,123200
2022-02-15,861.5556200371414,874.0540091092469,852.3901347175973,864.0552978515625,198200
2022-02-16,870.7211868851274,873.2208649336014,854.889892578125,854.889892578125,231600
2022-02-17,857.3895706265992,859.8892486750732,840.7250503034387,854.889892578125,163600
2022-02-18,850.723725039494,867.3882446289062,847.3908211216116,867.3882446289062,136700
2022-02-21,854.8898125320184,872.3875572329662,851.556908779457,864.0552978515625,123500
2022-02-22,861.5557343239009,863.2221864212391,851.5570217398711,859.8892822265625,155700
2022-02-24,854.056674132176,874.8873247207656,849.8905440144581,859.0560302734375,256900
2022-02-25,863.2221420214372,864.8885940330616,850.7237519342542,862.388916015625,256400
2022-02-28,908.2162905175246,912.3824202905407,889.0520935616502,911.5491943359375,596100
2022-03-01,949.8776550292969,972.3747573852539,936.5460388183594,966.5421752929688,700500
2022-03-02,953.2105448386503,953.2105448386503,919.0482788085938,919.0482788085938,425700
2022-03-03,934.0464297004672,939.0457861484626,909.8828735351562,909.8828735351562,237400
2022-03-04,899.8841050091912,904.0502351249745,877.3870023839614,892.3850708007812,290000
2022-03-07,868.2214997823766,899.050862058718,868.2214997823766,889.8853759765625,436900
2022-03-08,883.2195709054791,903.2169951523956,876.5537628231737,878.22021484375,385200
2022-03-09,879.0534423711534,883.2195724297845,864.0553741600817,872.3876342773438,265000
2022-03-10,905.7166778763543,905.7166778763543,886.5524795404241,894.051513671875,199000
2022-03-11,876.5537052653074,883.2195129099105,857.3895082870735,860.722412109375,295800
2022-03-14,863.2221160239361,875.7205057347074,853.2234042553191,861.5556640625,209600
2022-03-15,862.3889444642148,892.38508166297,861.555718430916,884.8860473632812,227400
2022-03-16,887.3857211792342,889.8853992670631,868.2215225058799,869.0547485351562,239800
2022-03-17,887.3856527862831,898.2175903320312,884.8859748911105,898.2175903320312,318100
2022-03-18,891.5518447776246,900.7173310323478,884.0528105692147,892.3850708007812,537000
2022-03-22,904.050172087434,912.3824317380095,892.3850085766284,898.2175903320312,230700
2022-03-23,914.8821730317563,926.5473373509226,911.549268940566,925.714111328125,219600
2022-03-24,907.3831147983306,924.0476348129923,906.5498887975975,919.0482788085938,186100
2022-03-25,928.2136859685725,928.2136859685725,913.2156192294035,916.5485229492188,179100
2022-03-28,923.2144364780366,923.2144364780366,904.8834639125884,914.0489501953125,218400
2022-03-29,910.7160460925037,917.3818542981213,903.2170118611839,914.0489501953125,276700
2022-03-30,927.8589586111216,929.5852078364445,894.1970987173228,897.6495971679688,391900
2022-03-31,893.3340133176691,895.9233872693145,881.2502682099905,886.4290161132812,274800
2022-04-01,881.2502998683764,896.7865441363791,872.6190530528194,893.3340454101562,342400
2022-04-04,909.7333627068545,934.7639770507812,906.2808641766577,934.7639770507812,359300
2022-04-05,942.5320860980307,952.0264569286886,938.2164629931863,945.1214599609375,286400
2022-04-06,945.1214518638674,948.5739503181646,933.0377072738271,943.3952026367188,250200
2022-04-07,933.9007259866466,953.7525898477306,928.7219788924508,952.8894653320312,335600
2022-04-08,954.6158140184197,977.0570537693047,952.0264402010099,967.5626831054688,386000
2022-04-11,965.8364217417519,967.5626709316389,943.3951822732215,952.0264282226562,167100
2022-04-12,945.1214518638674,951.1633241588876,932.1745826602528,943.3952026367188,198600
2022-04-13,945.9845662212545,955.4789368676358,944.2583170128215,947.7108154296875,188700
2022-04-14,947.7108338238442,952.8895815496575,938.2164629931863,945.1214599609375,143300
2022-04-15,928.7220258905962,947.7107661969096,926.9957767718405,937.353271484375,143900
2022-04-18,931.3114521547437,940.805822843995,920.0908322492648,935.6270751953125,137400
2022-04-19,926.1326883951822,944.2583048502604,924.4064392089844,932.174560546875,221000
2022-04-20,947.7107707887293,954.6157672972082,944.2582725344898,951.1632690429688,262700
2022-04-21,958.0682356654264,970.1519791783236,952.0263639089777,964.110107421875,197400
2022-04-22,947.7107591064015,967.5626238235666,945.1213854476408,961.520751953125,236900
2022-04-25,937.3532368321573,943.3951085244456,932.1744896673388,936.4901123046875,173700
2022-04-26,949.4370793721762,951.1633286073984,929.5852131671217,931.3114624023438,165500
2022-04-27,919.2277017282885,935.6270691769622,911.4595803052325,927.8589477539062,316100
2022-04-28,914.9119991179435,937.3532368321573,914.9119991179435,936.4901123046875,241700
2022-05-02,934.763863249748,945.1213575793851,930.4482406123992,936.4901123046875,163800
2022-05-06,936.4901551078348,942.5320270762724,927.8589094386381,939.0795288085938,186400
2022-05-09,926.995804648363,931.3114275750313,903.6914408443539,904.5545654296875,201200
2022-05-10,901.1021095515432,914.0489789416516,897.6496110475143,907.1439819335938,201300
2022-05-11,902.8283485643791,920.0908408887459,902.8283485643791,911.4595947265625,195200
2022-05-12,861.3983195563828,861.3983195563828,785.4433575113311,791.4852294921875,902200
2022-05-13,799.2534142926969,842.4096461659527,799.2534142926969,831.1890258789062,499100
2022-05-16,832.9152789847125,834.6415282675823,792.3484208372705,799.25341796875,478800
2022-05-17,817.3789896647135,833.7783569335937,813.9264912923177,828.599609375,354700
2022-05-18,841.5465215284876,841.5465215284876,827.7365273290458,831.1890258789062,337200
2022-05-19,820.8314780121641,833.7783467505262,820.8314780121641,832.9152221679688,282800
2022-05-20,819.9683534296065,834.6414713330837,817.3789796819341,832.9152221679688,325000
2022-05-23,845.862084552334,846.7252091284078,819.9683472701196,825.1470947265625,310400
2022-05-24,818.2421268637663,818.2421268637663,792.348388671875,792.348388671875,331700
2022-05-25,801.8427345543577,805.2952328732139,787.1696166992188,787.1696166992188,300500
2022-05-26,789.7589904383609,791.485239597789,781.9908692209344,787.1696166992188,251100
2022-05-27,790.6221555763625,796.6640279443042,789.7590309523708,795.8009033203125,230100
2022-05-30,807.884627313573,812.2002503227267,801.8427551007578,804.43212890625,682000
2022-05-31,804.4321413786515,806.1583906090779,791.4852721504543,794.0746459960938,634500
2022-06-01,794.0746175831762,813.9264830227555,793.2114929988467,800.9796142578125,243600
2022-06-02,794.9377914261031,796.6640407017298,783.7171711345295,785.4434204101562,323700
2022-06-03,794.9377603726773,799.2533833931587,786.3065143317145,798.3902587890625,312100
2022-06-06,791.4852518717447,805.295245361328,790.6221272786457,802.7058715820312,167800
2022-06-07,781.9909013831098,801.8427675330121,778.5384029222572,794.0746459960938,357500
2022-06-08,807.0215167372249,814.7896382887062,801.8427690362374,813.926513671875,279600
2022-06-09,813.0633707510241,828.5996135042283,807.8846231666226,816.515869140625,244500
2022-06-10,809.6108786423142,812.2002524546031,798.3902587890625,798.3902587890625,200700
2022-06-13,795.8008952265201,802.7058921482253,792.3483967656675,794.0746459960938,229200
2022-06-14,789.7589556864666,791.4852047699344,781.9908348108621,786.3064575195312,241500
2022-06-15,783.71711212192,785.443361267563,775.085866393705,779.4014892578125,267100
2022-06-16,780.2646056248266,791.4852249535021,776.8121073698494,777.6752319335938,232000
2022-06-17,766.4545815771374,774.2227023363652,763.002083461925,764.7283325195312,456100
2022-06-20,770.7703459967573,777.6753434972882,759.5497250583948,762.1390991210938,206500
2022-06-21,764.7284133607978,785.443404241903,764.7284133607978,781.9909057617188,235700
2022-06-22,785.4433694913242,789.7589924006172,775.9489990908796,781.1277465820312,223500
2022-06-23,788.03271484375,798.3902094528682,782.8539675391909,788.03271484375,255500
2022-06-24,790.6221272786457,803.5689961751301,788.0327534993489,802.7058715820312,167000
2022-06-27,809.6108683268229,809.6108683268229,794.9377502441406,802.7058715820312,165200
2022-06-28,798.3902141788676,802.7058369582128,795.8008405112604,801.8427124023438,177700
2022-06-29,794.0746459960938,798.3902690721595,784.5802752287492,794.0746459960938,356800
2022-06-30,800.1165555791208,800.1165555791208,782.8540624706177,788.8959350585938,225000
2022-07-01,789.7590354885823,794.0746586333287,780.2646645701403,783.7171630859375,239800
2022-07-04,795.8009670903774,798.3903411698471,784.5803460793418,789.7590942382812,248300
2022-07-05,796.6640198417332,799.2533936873726,784.5802752287492,794.0746459960938,175000
2022-07-06,786.3065164271004,798.3902609166497,786.3065164271004,792.348388671875,188600
2022-07-07,801.8427124023438,807.8845842934271,796.6639650671294,801.8427124023438,232400
2022-07-08,804.4321005963264,817.3789691681558,798.3902285961394,811.3370971679688,351300
2022-07-11,815.6527547805899,819.1052532135236,807.884633306489,812.2002563476562,272200
2022-07-12,807.0215048300254,807.8846294341216,795.8008849767737,798.3902587890625,183200
2022-07-13,798.3902566934348,807.0215027117422,796.6640074897733,804.43212890625,166100
2022-07-14,804.4321327692346,818.2421264648438,803.569008163259,818.2421264648438,168800
2022-07-15,821.6945983436511,831.1889687026639,817.3789754531908,819.105224609375,138800
2022-07-19,823.4208762546908,823.4208762546908,805.2952594817888,812.2002563476562,163000
2022-07-20,829.4627582557946,836.3677552027732,826.0102597823054,833.7783813476562,183100
2022-07-21,827.7365384816394,847.5884054108133,827.7365384816394,846.7252807617188,211200
2022-07-22,849.3145405487029,851.0407896148588,841.5464197510014,848.451416015625,161600
2022-07-25,849.3145915043016,859.6720865226467,847.5883423345774,852.76708984375,165700
2022-07-26,854.4934050699034,854.4934050699034,837.2309120381882,840.6834106445312,191900
2022-07-27,851.040822480449,860.5351927109612,850.1776979140388,855.3564453125,241700
2022-07-28,861.3983521000032,861.3983521000032,843.2727354726484,856.2196044921875,243600
2022-07-29,849.3146259242291,860.5352459821711,845.8621274448623,853.6302490234375,334400
2022-08-01,918.3645265953563,934.763893141702,895.9232881635149,923.5432739257812,951200
2022-08-02,898.5127201586698,901.10209399198,875.2083556588772,877.7977294921875,438400
2022-08-03,870.029626248151,880.3871217987241,864.8508784728643,875.2083740234375,236200
2022-08-04,879.5239239965963,888.1551695706551,873.4820520947551,885.5657958984375,173000
2022-08-05,859.6720806685146,872.6189493532813,855.3564577735923,870.8927001953125,248600
2022-08-08,859.672096726925,880.3870870095014,858.8089721318177,874.34521484375,266900
2022-08-09,876.0714661008558,881.250213683718,864.8508463379877,868.3033447265625,184700
2022-08-10,863.9876917615811,881.2501831054688,862.2614426271923,881.2501831054688,195600
2022-08-12,884.7027620137825,898.5127563476562,882.9765127220484,898.5127563476562,215200
2022-08-15,906.2808492276871,908.0070984643113,882.1133599149488,905.417724609375,271100
2022-08-16,907.1439290712361,909.7333027983663,892.4708112841657,908.8701782226562,153800
2022-08-17,908.0070962616892,917.5014670400908,905.4177224130342,911.4595947265625,224900
2022-08-18,900.2389506022134,900.2389506022134,878.6608357747396,880.3870849609375,189400
2022-08-19,888.1551695706551,892.4707923576846,878.6607994391903,885.5657958984375,133100
2022-08-22,869.1664533393327,892.4708170336346,869.1664533393327,890.7445678710938,139200
2022-08-23,877.7977513581803,895.9233686428626,877.7977513581803,889.0183715820312,190100
2022-08-24,885.5658284820025,897.649572730295,884.7027038928387,892.4708251953125,134400
2022-08-25,892.4708414243136,901.9652120777637,889.8814676097362,895.92333984375,121500
2022-08-26,899.3758705970663,911.459615499522,894.197122781728,902.828369140625,207900
2022-08-29,873.4821043014526,889.0183472633362,871.7558550834656,883.839599609375,230900
2022-08-30,888.155218400018,895.92333984375,870.0296016979769,895.92333984375,838000
2022-08-31,878.6608194666585,883.8395669291339,872.6189474271039,876.9345703125,413300
2022-09-01,872.6189758664086,877.7977234976632,868.303352840363,870.0296020507812,163600
2022-09-02,881.2501823048058,881.2501823048058,854.4933207460898,855.3564453125,157400
2022-09-05,844.1358582109859,845.8621074097814,835.5046122170086,836.3677368164062,196800
2022-09-06,845.8620424163911,857.0826613464045,844.1357933502352,848.451416015625,156200
2022-09-07,845.8620523090011,847.588301395346,834.6414332477593,844.1358032226562,136000
2022-09-08,851.9039191168707,863.124538112331,845.8620473500844,862.2614135742188,174200
2022-09-09,863.124570874969,882.1133114342183,863.124570874969,869.1664428710938,197600
2022-09-12,882.976477158808,882.976477158808,869.1664833811532,877.7977294921875,119500
2022-09-13,876.9345765053354,885.5658223370808,874.3452027558117,884.7026977539062,145300
2022-09-14,867.4402038208739,871.7558267254553,861.3983317544598,864.850830078125,129600
2022-09-15,863.1246073262676,870.8927287922039,861.3983581116149,863.9877319335938,131900
2022-09-16,857.082779711204,868.3034001908069,855.3565304066497,860.5352783203125,141200
2022-09-20,877.7977631688717,880.3871371015232,857.9458963518765,858.8090209960938,162200
2022-09-21,853.6302185666514,866.5770874023438,852.7670939776052,866.5770874023438,142200
2022-09-22,854.4933390134742,863.124584862095,851.0408406740257,852.76708984375,126400
2022-09-26,845.8620742654949,845.8620742654949,826.0102092572231,829.4627075195312,222600
2022-09-27,836.3677492530368,836.3677492530368,825.1471292940178,826.01025390625,248000
2022-09-28,825.147121185782,829.4627442045361,811.3371275257689,824.2839965820312,163000
2022-09-29,844.1358232734617,844.998947837136,835.5045776367188,835.5045776367188,238200
2022-09-30,829.4627319462173,839.8202270381577,826.0102335822372,834.6414794921875,164200
2022-10-03,821.6946352233563,823.4208844570188,798.3902705689123,813.926513671875,311300
2022-10-04,828.599593528144,851.9039570961231,828.599593528144,851.0408325195312,215700
2022-10-05,861.3982840117942,866.5770312102619,848.451416015625,848.451416015625,146900
2022-10-06,857.0827821673769,861.39840544113,850.1777849293718,854.493408203125,215200
2022-10-07,842.409649514811,862.2615162554265,842.409649514811,844.9990234375,154100
2022-10-11,841.5464886570476,845.8621116758017,824.2839965820312,824.2839965820312,175000
2022-10-12,830.3259148255021,844.99903390246,830.3259148255021,840.6834106445312,162700
2022-10-13,829.4626811259501,836.3676774308487,826.8733075116131,830.3258056640625,135000
2022-10-14,847.5884109651199,860.5352807863794,844.1359123461174,854.493408203125,133500
2022-10-17,841.5464559377399,847.5883279290878,835.504583946392,843.272705078125,112200
2022-10-18,860.5352783203125,867.4402755385297,859.6721536680354,860.5352783203125,188000
2022-10-19,858.8089721318177,876.0714640339647,858.8089721318177,874.34521484375,140500
2022-10-20,861.3983154296875,863.9876891233639,852.7670697840995,861.3983154296875,159100
2022-10-21,857.0827290934901,859.672102897398,848.4514830804641,856.2196044921875,96400
2022-10-24,859.6721213623294,866.5771183210629,852.7671244035959,853.6302490234375,97700
2022-10-25,858.808958011711,869.1664529827065,855.3564596880458,864.850830078125,193500
2022-10-26,871.7558128663305,884.7026813742464,869.1664391647474,881.2501831054688,100700
2022-10-27,882.1133525477046,882.1133525477046,870.8927326033601,877.7977294921875,201200
2022-10-28,851.9040286562857,862.2615244454199,844.9990314635297,846.7252807617188,403600
2022-10-31,858.8089661009283,869.1664611694822,852.7670939776052,866.5770874023438,155700
2022-11-01,870.0296107700893,872.618984611667,845.8621215820312,845.8621215820312,117200
2022-11-02,844.1358582109859,845.8621074097814,832.9152384188153,836.3677368164062,251100
2022-11-04,827.7365031307145,828.5996277429467,812.2002601105341,826.01025390625,324400
2022-11-07,819.1052408768772,826.8733622339815,813.9264933054744,822.5577392578125,179100
2022-11-08,824.283992424838,838.0939860152017,824.283992424838,836.3677368164062,134100
2022-11-09,836.3677286741776,841.5464762201477,829.4627319462173,834.6414794921875,132700
2022-11-10,826.8733338228002,829.4627075195312,822.5577109949149,829.4627075195312,112200
2022-11-11,842.4096171794542,843.2727417872201,833.7783711017959,838.093994140625,145900
2022-11-14,832.9152486334203,842.4096193432314,826.0102517535578,832.0521240234375,150700
2022-11-15,830.3258585611978,834.6414815266927,828.599609375,828.599609375,73800
2022-11-16,832.0521609758285,832.0521609758285,817.3790419544706,826.8734130859375,122900
2022-11-17,820.8315002827705,826.0102479186239,818.2421264648438,818.2421264648438,86300
2022-11-18,819.9683837890625,824.2840068616365,813.9265114874588,819.9683837890625,129900
2022-11-21,819.968339132313,832.0520830774207,819.968339132313,823.4208374023438,130700
2022-11-22,828.5996234552008,839.8202433561567,825.1471250241375,838.093994140625,171800
2022-11-24,850.1777079429395,854.4933308258986,842.4095867536131,851.0408325195312,160500
2022-11-25,855.3564515991211,864.8508218994141,851.0408287353516,863.1245727539062,139300
2022-11-28,861.3983229804285,861.3983229804285,835.5045858166882,837.2308349609375,213400
2022-11-29,828.5996277429467,832.9152508041078,823.4208800695533,826.01025390625,207700
2022-11-30,820.8315268559844,823.4209007577383,816.5159036863946,817.3790283203125,247400
2022-12-01,822.5577494947216,824.2839987066728,813.9265034349659,818.2421264648438,147400
2022-12-02,813.9265557286024,814.7896803900325,796.6640625,796.6640625,245600
2022-12-05,797.5271341849663,798.3902587890625,790.622137352196,798.3902587890625,152600
2022-12-06,792.348388671875,794.0746378846677,787.1696410334968,792.348388671875,155100
2022-12-07,792.3483422877842,805.2952106258199,792.3483422877842,801.8427124023438,140100
2022-12-08,800.9796326013513,802.7058818095439,794.9377603726773,798.3902587890625,131300
2022-12-09,808.7477335394385,808.7477335394385,799.2533631350268,807.021484375,156900
2022-12-12,798.3902829802254,809.610903173461,798.3902829802254,803.5690307617188,187800
2022-12-13,811.3371662374768,813.0634155273438,805.2952937229423,813.0634155273438,139000
2022-12-14,814.7896361019737,819.9683837890625,811.3371376439145,819.9683837890625,139300
2022-12-15,819.1052408768772,828.5996114244491,819.1052408768772,822.5577392578125,246400
2022-12-16,814.7896138357124,818.2421121994231,808.7477416992188,808.7477416992188,151000
2022-12-19,805.2952251677817,812.200221739424,805.2952251677817,811.3370971679688,136800
2022-12-20,803.5689483542081,814.7895673967481,782.8539593525959,786.3064575195312,287000
2022-12-21,785.443361267563,788.0327349860274,774.2227418208835,779.4014892578125,276900
2022-12-22,781.9908933951185,794.0746378846677,776.8121457567402,792.348388671875,171500
2022-12-23,788.0327862306838,791.4852847464809,781.990913828039,783.7171630859375,177000
2022-12-26,788.0327781020411,791.4852765822253,780.2646565216266,781.9909057617188,92600
2022-12-27,785.4433675397906,787.1696166992188,775.948997162936,787.1696166992188,180800
2022-12-28,781.990969512566,781.990969512566,771.6334732276314,775.9490966796875,284200
2022-12-29,780.264636177163,790.6221313476562,773.3596393968342,790.6221313476562,195900
2022-12-30,785.4433837624097,796.664003530444,785.4433837624097,790.6221313476562,151100
2023-01-04,793.2115072286038,793.2115072286038,780.2646382314012,784.5802612304688,119800
2023-01-05,778.5384707509211,779.4015954413323,773.3597226084538,775.9490966796875,114700
2023-01-06,768.1809427280618,774.2228153113163,766.4546934185606,769.0440673828125,102600
2023-01-10,774.2228233619339,780.2646960080137,770.7703247070312,770.7703247070312,124900
2023-01-11,776.8121499930862,783.7171468819137,776.8121499930862,780.2646484375,79000
2023-01-12,780.2646403175236,780.2646403175236,775.0858927047966,778.5383911132812,100700
2023-01-13,772.4965231268255,778.5383953747448,766.4546508789062,766.4546508789062,145000
2023-01-16,765.59156876381,774.2228153113163,763.8653194543086,769.0440673828125,125600
2023-01-17,768.1809507158542,775.0859480256596,768.1809507158542,770.7703247070312,61700
2023-01-18,772.4965666055158,788.8959350585938,772.4965666055158,788.8959350585938,163100
2023-01-19,782.8539938006485,789.7589904383609,777.6752463223642,787.1696166992188,150800
2023-01-20,786.3065083599507,791.4852559451974,785.4433837624097,790.6221313476562,79200
2023-01-23,816.5158345217427,819.1052082041583,806.15833979208,815.6527099609375,226500
2023-01-24,819.968391867245,826.8733888513902,817.3790179981905,821.6946411132812,161700
2023-01-25,815.6527344135079,823.4208556936367,811.3371114801032,820.8314819335938,94600
2023-01-26,823.4208556936367,827.7364786270414,819.9683573469127,820.8314819335938,114900
2023-01-27,822.557712834836,824.2839619698515,818.2420899972975,823.4208374023438,110100
2023-01-30,819.9683778217571,825.1471254711577,812.2002563476562,812.2002563476562,142200
2023-01-31,813.0633868729441,824.2840068616365,813.0633868729441,819.9683837890625,132900
2023-02-01,826.0102500793911,826.8733746876245,812.2002563476562,812.2002563476562,145600
2023-02-02,771.6334413470644,779.40156323982,763.8653194543086,769.0440673828125,824200
2023-02-03,778.5384385850695,778.5384385850695,766.4546934185606,769.0440673828125,308300
2023-02-06,774.2227090334759,776.8120826422835,769.0439618158607,772.4964599609375,212700
2023-02-07,772.4964945656913,777.6752420152937,771.6333699907576,773.359619140625,154300
2023-02-08,775.9490966796875,780.2647201317436,772.4965979180425,775.9490966796875,95400
2023-02-09,773.3596595612582,785.443404241903,773.3596595612582,781.9909057617188,184700
2023-02-10,781.990940283257,787.1696882321528,778.5384416506598,782.8540649414062,135200
2023-02-13,787.1696371344927,788.8958863387351,777.6752665111601,778.5383911132812,101900
2023-02-14,785.443412343836,787.1696616017346,779.4015399411911,783.7171630859375,94200
2023-02-15,787.1696186550414,787.1696186550414,778.5383728364554,781.1277465820312,126300
2023-02-16,785.4433694913242,785.4433694913242,779.4014974183141,781.1277465820312,125600
2023-02-17,776.8121923343613,784.5803142577049,776.8121923343613,782.8540649414062,110700
2023-02-20,786.3065610923182,790.6221843694441,783.7171871260427,788.8959350585938,112400
2023-02-21,792.3484683177511,794.0747177040643,788.8959695451247,789.7590942382812,79800
2023-02-22,788.0327066029989,793.2114538534021,784.5802084360636,786.3064575195312,134500
2023-02-24,787.1696912242686,796.6640625,787.1696912242686,796.6640625,160800
2023-02-27,797.5271139705883,807.021484375,794.0746156417113,807.021484375,173500
2023-02-28,809.6108786423142,812.2002524546031,798.3902587890625,798.3902587890625,273100
2023-03-01,807.021532713297,818.2421529542305,802.7059095437072,817.3790283203125,274900
2023-03-02,824.2839965820312,828.5996196007853,820.8314981670279,824.2839965820312,219500
2023-03-03,827.73650901905,837.2308798211454,827.73650901905,833.7783813476562,215100
2023-03-06,842.4096311736253,851.0408773946665,838.0940080631046,847.58837890625,189300
2023-03-07,847.5883686409653,856.2196147574722,847.5883686409653,851.9039916992188,222700
2023-03-08,857.0827026367188,860.5352009353561,852.7670797634221,857.0827026367188,246900
2023-03-09,855.3564453125,860.5351927109612,852.7670716132694,855.3564453125,163200
2023-03-10,844.1358826622596,847.5883811598558,837.2308856670674,841.5465087890625,201700
2023-03-13,828.5996299342105,829.4627545487253,816.5158853310032,819.9683837890625,153700
2023-03-14,810.4739579610342,811.3370825169033,797.5270896229986,801.8427124023438,175600
2023-03-15,804.4321024773077,809.6108499181488,802.7058533303607,805.2952270507812,128000
2023-03-16,792.3484391928494,798.3903118228602,787.1696912242686,796.6640625,182400
2023-03-17,807.8846151060977,818.2421101715605,805.295241339732,814.7896118164062,251200
2023-03-20,810.4740219281707,811.3371465521624,794.9377786963208,795.8009033203125,172900
2023-03-22,810.473982703877,811.3371072860963,801.8427368816846,807.021484375,115800
2023-03-23,794.9377482443762,808.7477416992188,793.2114990625209,808.7477416992188,136200
2023-03-24,800.1164632906057,807.0214597375581,795.8008405112604,801.8427124023438,218100
2023-03-27,814.7896301723565,817.3790039970568,810.4740071311894,812.2002563476562,121600
2023-03-28,814.7896301723565,814.7896301723565,805.2952594817888,812.2002563476562,103900
2023-03-29,811.3371456370635,821.6946411132812,806.1583978989546,821.6946411132812,325000
2023-03-30,824.3916377140926,828.8866848117702,816.3005529382726,818.0985717773438,213500
2023-03-31,823.4926147460938,830.6846899840509,822.5936053413491,823.4926147460938,161200
2023-04-03,824.3916467885501,825.2906562179816,817.1995713530994,822.5936279296875,220500
2023-04-04,822.5935828022765,824.3916015625,815.4015077613823,824.3916015625,231100
2023-04-05,817.199628615671,819.8966570929505,805.5125052141268,808.2095336914062,237600
2023-04-06,804.6134957217002,808.2095336914062,797.4214197822885,808.2095336914062,259000
2023-04-07,805.512451171875,810.9065077645438,801.0174040113177,805.512451171875,191000
2023-04-10,805.512489548495,808.2095179733225,799.2194232238974,806.4114990234375,168400
2023-04-11,813.6035906459651,814.5026001383916,805.5125052141268,808.2095336914062,203900
2023-04-12,808.2094301532204,818.0985333030374,808.2094301532204,817.1995239257812,171200
2023-04-13,816.300561923668,823.4926373591188,813.603533635374,822.5936279296875,166000
2023-04-14,827.088722452667,833.3817888191546,826.1897129717402,827.9877319335938,223800
2023-04-17,832.4827565753795,832.4827565753795,823.4926620119305,828.88671875,129800
2023-04-18,827.9876799284767,833.3817364752421,827.9876799284767,832.4827270507812,186200
2023-04-19,829.7857351209705,829.7857351209705,822.5936594102795,826.189697265625,114300
2023-04-20,827.0887067294614,831.5837540486432,819.8966310187703,826.189697265625,179700
2023-04-21,822.5936347559879,825.2906630666632,819.8966064453125,819.8966064453125,98200
2023-04-24,819.8966173986487,833.3817591321791,819.8966173986487,831.583740234375,127500
2023-04-25,833.3817680112777,840.5738436791205,833.3817680112777,836.0787963867188,127900
2023-04-26,832.4827316534323,832.4827316534323,821.6946185002561,822.5936279296875,119800
2023-04-27,818.0985583176259,824.3916241508384,816.3005395081366,823.4926147460938,124500
2023-04-28,831.5837265981639,837.8767926372851,831.5837265981639,836.977783203125,158100
2023-05-01,845.0688792083223,852.2609547760527,842.3718508704234,848.6649169921875,165700
2023-05-02,854.0589875503898,854.9579970109692,837.8768172599614,843.2708740234375,116800
2023-05-08,837.8767968956244,851.3619384765625,837.8767968956244,851.3619384765625,198100
2023-05-09,853.1599505293997,854.0589599609375,845.9678750770971,854.0589599609375,136200
2023-05-10,849.5638812268763,852.2609094212473,845.9678436343816,850.462890625,121100
2023-05-11,899.0094507743701,927.77775319915,899.0094507743701,918.7876586914062,1090300
2023-05-12,918.7875944317512,957.4449981113651,917.8885850438533,952.949951171875,568400
2023-05-15,955.6470244658158,982.6173073764221,953.8490056051087,975.4252319335938,449500
2023-05-16,977.2232507943008,977.2232507943008,961.9400904782906,975.4252319335938,183300
2023-05-17,975.4251816693475,975.4251816693475,958.3440033728335,962.8390502929688,226600
2023-05-18,962.839054438753,964.637073214549,948.454904232385,952.949951171875,226900
2023-05-19,952.9500115893802,980.8193043811451,952.9500115893802,977.2232666015625,271800
2023-05-22,977.2232372308412,984.4153125738463,970.0311618878359,980.8192749023438,148200
2023-05-23,980.819274787616,980.819274787616,953.848992254501,956.5460205078125,192800
2023-05-24,956.5460727248584,964.6371579264784,952.051025390625,952.051025390625,174000
2023-05-25,947.5559692382812,959.2430921985257,944.8589408628402,947.5559692382812,173100
2023-05-26,950.2529866184672,960.1420905473253,934.0708165530627,935.8688354492188,206100
2023-05-29,948.4550083705357,949.3540178571428,940.3639229910714,943.9599609375,153300
2023-05-30,943.0609357411626,950.2530115142124,934.0708410248502,942.1619262695312,120300
2023-05-31,934.0707598343637,938.5658068018053,925.9796752929688,925.9796752929688,212200
2023-06-01,924.1817312240601,927.7777690887451,917.8886649608612,920.585693359375,124600
2023-06-02,926.8786871584854,937.6667999091176,926.8786871584854,933.1717529296875,164900
2023-06-05,945.7579641560562,946.6569736276874,934.9698504964814,942.1619262695312,114000
2023-06-06,933.1718315532189,943.0609357411626,927.7777747234315,942.1619262695312,115200
2023-06-07,949.3539911684783,951.1520100911458,927.7777640964674,930.4747924804688,182100
2023-06-08,927.7777640964674,931.3738019418025,918.7876694831295,930.4747924804688,253300
2023-06-09,944.858931986006,950.2529886862116,939.4648752858004,943.0609130859375,227800
2023-06-12,952.05097341896,959.243048761124,949.3539451656485,956.5460205078125,157800
2023-06-13,964.6371075644422,970.0311640839078,959.2430510449765,963.7380981445312,292400
2023-06-14,970.9302751539374,976.3243322381259,963.738199041686,971.8292846679688,205600
2023-06-15,967.3341606359332,978.1222739515756,959.2430756492014,970.0311889648438,267500
2023-06-16,970.9302368164062,979.0213221232096,962.8391515096029,970.9302368164062,241300
2023-06-19,978.1223512661887,979.0213607802202,963.738199041686,971.8292846679688,153300
2023-06-20,970.0311481226271,970.9301575277453,958.3440258560894,961.9400634765625,166700
2023-06-21,955.6470702200224,960.1421175870029,948.4549944328539,949.35400390625,159700
2023-06-22,948.4549786967616,959.2430921985257,944.8589408628402,947.5559692382812,196300
2023-06-23,954.7480588723686,956.546077815631,936.7678694397439,942.1619262695312,199100
2023-06-26,937.6668090820312,946.6569031288388,921.4846397977776,937.6668090820312,153900
2023-06-27,937.6668294467594,938.5658388709653,924.1816880836708,929.5757446289062,152600
2023-06-28,938.5658883830064,943.0609357411626,928.6767841950627,942.1619262695312,137900
2023-06-29,952.9500540295855,956.5460919693198,933.171845361047,936.7678833007812,139200
2023-06-30,933.1717504408754,933.1717504408754,918.7876001450622,925.9796752929688,198000
2023-07-03,934.0708391629732,942.1619243915264,934.0708391629732,934.9698486328125,132700
2023-07-04,932.2727410473871,938.5658068018053,925.9796752929688,925.9796752929688,136000
2023-07-05,918.7876338564116,922.3836715623075,910.6965490181458,912.4945678710938,163300
2023-07-06,907.9994934082032,910.6965216064453,894.5143524169922,899.0093994140625,168300
2023-07-07,897.211453513248,899.0094724581643,885.5243303712919,886.42333984375,205000
2023-07-10,888.2213499358913,892.7163972533806,881.9282836914062,881.9282836914062,207600
2023-07-11,890.0193140696895,891.8173328859918,877.4331823555726,879.231201171875,197900
2023-07-12,878.3322807612133,878.3322807612133,865.7461477717998,868.4431762695312,223700
2023-07-13,872.9381397014566,876.534177352132,866.6450738127746,869.3421020507812,194100
2023-07-14,875.635220533597,875.635220533597,859.4530501335921,864.8471069335938,220000
2023-07-18,869.3421356544067,886.4233151553722,869.3421356544067,880.1302490234375,143800
2023-07-19,886.4233449769632,894.5144302759415,871.1401838566708,876.5342407226562,246800
2023-07-20,873.8371787383177,878.3322259540498,863.9480748637071,865.74609375,166700
2023-07-21,865.7460890501676,877.4332117476257,863.9480701736356,875.6351928710938,299800
2023-07-24,882.8272705078125,886.423308269555,876.5342044247628,882.8272705078125,138200
2023-07-25,882.8273175814857,890.0193934884632,880.1302891163691,888.2213745117188,234400
2023-07-26,890.9184029768353,892.7164219535797,883.7263270698578,888.2213745117188,192300
2023-07-27,885.5243234663328,889.120361328125,879.2312572081964,889.120361328125,249100
2023-07-28,881.0292605136303,887.3223266601562,874.7361943671044,887.3223266601562,230900
2023-07-31,899.009490108873,900.8075090890908,888.2213762275666,895.4134521484375,190800
2023-08-01,899.0095042219066,903.5045517430161,890.0194091796875,890.0194091796875,176700
2023-08-02,878.3322458374148,884.6253120818999,867.5441322754403,881.9282836914062,296800
2023-08-03,989.8093961470812,1011.3856227660912,966.4351506431537,994.304443359375,1338700
2023-08-04,983.5163854010225,997.9005372898856,946.6569961858105,972.728271484375,751900
2023-08-07,978.1222422300364,997.0014399201381,975.4252139885932,990.7083740234375,281400
2023-08-08,998.7994920762352,1027.5677942782509,993.4054354133573,1025.769775390625,491500
2023-08-09,1002.3955685650861,1005.0925970006872,967.3341989022714,970.9302368164062,400500
2023-08-10,977.223291149523,985.3143763568328,967.3341870072555,983.516357421875,210700
2023-08-14,988.9103368961768,996.1024120736034,972.7281677469666,981.71826171875,209300
2023-08-15,971.8292846679688,978.1223512661887,961.9401800136231,971.8292846679688,283100
2023-08-16,963.7380913880814,971.829176110556,951.1519595975655,966.4351196289062,286600
2023-08-17,973.6272385288293,973.6272385288293,951.1520021823651,957.445068359375,119700
2023-08-18,949.3540422481078,953.849089796631,942.1619661704706,950.2530517578125,127800
2023-08-21,953.8490080126678,967.334149502008,952.0509891474225,958.3440551757812,178600
2023-08-22,970.0312066756879,981.7183296476842,964.637149919382,979.0213012695312,207400
2023-08-23,979.9203455437402,997.0015258789062,979.0213360524156,997.0015258789062,210100
2023-08-24,997.0014558322188,998.7994746885438,987.1123521224312,992.5064086914062,147400
2023-08-25,981.7182641601563,995.2034051513673,981.7182641601563,988.9103393554688,99400
2023-08-28,1005.9916777915143,1014.082763671875,997.0015823688914,1014.082763671875,234600
2023-08-29,1014.9817138456963,1023.0727992527922,1005.0926094592458,1021.2747802734375,251200
2023-08-30,1024.870711663486,1035.6588244178383,1017.6786364939176,1023.0726928710938,286300
2023-08-31,1026.6687577074752,1045.5479555287159,1024.870738867357,1036.557861328125,330600
2023-09-01,1037.4568887121802,1048.24500193969,1027.5677849202964,1045.5479736328125,163600
2023-09-04,1050.9420521241261,1070.7202601196186,1041.9519575807203,1068.9222412109375,259600
2023-09-05,1068.9221626648657,1088.7003692070248,1068.0231532765858,1084.205322265625,307900
2023-09-06,1086.9024939668507,1090.4985319948635,1069.8213133337902,1076.1143798828125,219000
2023-09-07,1078.8113177170067,1081.5083460112992,1067.1241951084057,1079.7103271484375,209900
2023-09-08,1078.811405191575,1082.40744320888,1061.730224609375,1061.730224609375,155900
2023-09-11,1073.4172992928452,1083.306403390183,1068.023242512479,1080.609375,161600
2023-09-12,1080.6093544365451,1090.4984583456983,1078.8113355439718,1088.700439453125,124500
2023-09-13,1088.7002918332123,1093.1953384551496,1077.0131706161753,1082.4072265625,235300
2023-09-14,1084.2053206712374,1107.579564732143,1078.8112643494899,1101.2864990234375,291000
2023-09-15,1101.2866421749716,1103.0846611826043,1089.5995186253597,1093.195556640625,363800
2023-09-19,1087.8013895157394,1105.7815777721978,1082.4073330388019,1104.882568359375,196000
2023-09-20,1093.1955035307758,1094.0945129909162,1066.2252197265625,1066.2252197265625,257000
2023-09-21,1061.7300653186571,1065.326102796451,1038.3558217129967,1043.7498779296875,210900
2023-09-22,1032.9618415340512,1051.8410396821932,1032.9618415340512,1045.5479736328125,186500
2023-09-25,1045.5479736328125,1050.9420302465674,1037.4568887121802,1045.5479736328125,126600
2023-09-26,1037.4568505607251,1049.143972794078,1031.1637847427658,1044.64892578125,155600
2023-09-27,1018.5776905640383,1045.5479736328125,1012.2846245146577,1045.5479736328125,234100
2023-09-28,1050.0429889721743,1050.941998380541,1032.0628008048425,1041.951904296875,175600
2023-09-29,1056.3361256392961,1061.7301824510712,1040.1539552039708,1046.447021484375,178500
2023-10-02,1053.6390723753511,1062.6291668495435,1040.1539306640625,1040.1539306640625,194800
2023-10-03,1048.2450882562982,1048.2450882562982,1020.3757934570312,1020.3757934570312,181100
2023-10-04,1003.294517236547,1013.183620901065,996.1024418441704,1002.3955078125,245400
2023-10-05,1006.8906718333704,1014.9817575891742,1002.3956241912572,1012.2847290039062,204000
2023-10-06,1012.2845801167414,1032.9617962292502,1012.2845801167414,1023.0726928710938,202600
2023-10-10,1023.0727647239493,1034.7598876953125,1021.274745805278,1034.7598876953125,223000
2023-10-11,1029.36582409943,1043.749975353221,1023.0727579258963,1037.4569091796875,238900
2023-10-12,1037.4568887121802,1045.5479736328125,1026.6687754846707,1045.5479736328125,197200
2023-10-13,1030.264896477443,1032.961925002253,1011.3856968037725,1013.1837158203125,210200
2023-10-16,1002.3954895848063,1013.1836024771989,987.112329653917,993.4053955078125,130900
2023-10-17,998.79955516142,1021.2747926763035,997.9005456608247,1008.6886596679688,207200
2023-10-18,1014.0827166715408,1016.7797451733268,996.102526659634,1008.6886596679688,167800
2023-10-19,994.3045285782724,1004.1936332928846,990.7084905002316,1000.5975952148438,115200
2023-10-20,989.8094274572424,1002.3955600497959,985.3143801027591,997.9005126953125,150000
2023-10-23,988.9104300171789,995.2034963900155,985.3143920898438,985.3143920898438,133000
2023-10-24,988.0113191176573,1002.3954693504894,966.4350937684092,1001.4964599609375,243500
2023-10-25,1017.6787476128472,1027.5678520507813,1008.6886526692708,1011.3856811523438,216500
2023-10-26,1006.89052734375,1006.89052734375,974.5261889648438,988.9103393554688,161800
2023-10-27,1003.2945439971653,1015.8806762695312,988.9103928287471,1015.8806762695312,201800
2023-10-30,1004.1935896020008,1014.9817033667492,1000.597551680418,1009.587646484375,182400
2023-10-31,1000.5974668968381,1027.5677490234375,999.6984574926181,1027.5677490234375,167200
2023-11-01,1048.2450295853469,1057.2351241787032,1028.466821479963,1034.7598876953125,206400
2023-11-02,1049.1439620127812,1051.8409901927628,987.112313873208,991.6073608398438,325800
2023-11-06,1001.4965347675641,1005.991582051081,988.9104023737167,996.1024780273438,338600
2023-11-07,1023.0727343246144,1029.3658003529733,952.9499985800451,958.3440551757812,763600
2023-11-08,964.6371548286395,990.7084292834676,964.6371548286395,969.1322021484375,551900
2023-11-09,968.2332119350016,988.9104300171789,962.8391550439987,985.3143920898438,266100
2023-11-10,980.8193550350646,997.0015258789062,979.0213360524156,997.0015258789062,178800
2023-11-13,1002.3955055519386,1009.587580928096,987.1123453776041,995.2034301757812,189500
2023-11-14,1005.9915661113387,1005.9915661113387,991.6074150319987,994.304443359375,141400
2023-11-15,1015.8806491732063,1015.8806491732063,997.0014512682175,1002.3955078125,240300
2023-11-16,997.9005019014927,1012.2846532802529,982.6173410615598,986.21337890625,198400
2023-11-17,986.2134374435262,1010.4866943359375,986.2134374435262,1010.4866943359375,191300
2023-11-20,1010.4866841176305,1019.4767791720578,998.799560546875,998.799560546875,137500
2023-11-21,1009.5875604554316,1014.0826074743783,1001.4964758213275,1003.2944946289062,264300
2023-11-22,1014.9817261721362,1028.4668686810662,1003.2946026643967,1008.6886596679688,197300
2023-11-24,1012.2846316601045,1023.0727449637646,1012.2846316601045,1018.5776977539062,117900
2023-11-27,1027.5678751120788,1031.1639131702138,1009.5876848214037,1010.4866943359375,155600
2023-11-28,1018.5776037555123,1032.9617534996326,1014.9815663194823,1032.062744140625,185800
2023-11-29,1031.1637847427658,1050.9419915992094,1029.3657659376345,1044.64892578125,181900
2023-11-30,1039.2549457353416,1049.1440498902625,1029.3658415804205,1046.447021484375,248800
2023-12-01,1050.942131589297,1059.9322268124733,1049.144112544662,1053.63916015625,158200
2023-12-04,1050.0431319224683,1069.8213415990901,1041.9520461456686,1065.3262939453125,223800
2023-12-05,1048.24500193969,1056.3360868603222,1037.4568887121802,1045.5479736328125,266500
2023-12-06,1041.0530268438033,1056.336188723203,1039.255007799168,1053.63916015625,219900
2023-12-07,1045.5479419303415,1049.1439795638078,1038.3558666634087,1041.951904296875,170700
2023-12-08,1067.124193142454,1077.9123062997494,1046.4469762576382,1048.2449951171875,414400
2023-12-11,1068.0232562317099,1078.81136993102,1065.3262278068823,1075.21533203125,304500
2023-12-12,1080.609375,1094.094516950915,1077.912346609817,1080.609375,244600
2023-12-13,1092.2965087890625,1104.8826414006237,1091.397499316808,1092.2965087890625,239300
2023-12-14,1090.4984311519445,1100.387534814493,1090.4984311519445,1099.488525390625,233200
2023-12-15,1099.4884954833985,1102.1855236816407,1076.1142510986328,1078.811279296875,235600
2023-12-18,1068.0231665039064,1091.3974108886719,1066.2251477050781,1078.811279296875,156900
2023-12-19,1083.3062995935825,1089.599365234375,1070.7201683119972,1089.599365234375,229500
2023-12-20,1095.8923987584399,1100.3874455129862,1086.0032958984375,1086.0032958984375,177700
2023-12-21,1078.8113980679898,1081.50842656316,1061.73021759858,1064.42724609375,221900
2023-12-22,1063.5281913461413,1071.6192764874052,1060.8311629657198,1066.2252197265625,164000
2023-12-25,1070.7203020963987,1073.4173305651555,1052.7401123046875,1052.7401123046875,176900
2023-12-26,1059.0332061920933,1078.8114154758166,1059.0332061920933,1073.4173583984375,213300
2023-12-27,1078.8112210911631,1092.2963613548027,1078.8112210911631,1086.0032958984375,222800
2023-12-28,1086.003446131194,1111.1757114388708,1080.609389279549,1106.6806640625,213200
2023-12-29,1106.68067121468,1139.944022014796,1106.68067121468,1135.448974609375,349200
2024-01-04,1102.1856373837759,1132.7519601170943,1092.296532970055,1130.054931640625,359800
2024-01-05,1146.237066665193,1150.7321139854487,1112.07470703125,1112.07470703125,226500
2024-01-09,1127.357868698408,1147.1360769211872,1121.9638119103774,1143.5400390625,208900
2024-01-10,1144.4390560220356,1177.702406432731,1144.4390560220356,1172.308349609375,276400
2024-01-11,1177.7024621999763,1184.8945383050143,1170.5103860949382,1182.197509765625,199300
2024-01-12,1187.591410563763,1203.773579670612,1187.591410563763,1195.6824951171875,281800
2024-01-15,1193.8844897682213,1195.6825085781131,1187.5914239335996,1190.2884521484375,15500
2024-01-16,1193.8846549578866,1195.6826740165582,1168.7123881364855,1174.1064453125,119000
2024-01-17,1168.7123781751498,1183.0965305219208,1160.6212924800911,1162.4193115234375,194600
2024-01-18,1159.7222516849301,1168.712346659232,1151.6311662080586,1158.8232421875,131700
2024-01-19,1167.8132006553149,1171.4092382246924,1154.3280597701496,1164.2171630859375,170800
2024-01-22,1164.2172506783754,1181.2984304180582,1164.2172506783754,1177.702392578125,150500
2024-01-23,1177.7024309404198,1198.3796491935723,1177.7024309404198,1178.6014404296875,149800
2024-01-24,1181.298482960668,1189.3895684603988,1170.5103689610273,1173.2073974609375,181500
2024-01-25,1173.2073834940825,1190.288563790165,1173.2073834940825,1178.6014404296875,180100
2024-01-26,1176.8034214511524,1186.6925258330948,1172.308374004815,1178.6014404296875,186900
2024-01-29,1190.2884070394985,1199.278500748256,1188.490388297747,1192.08642578125,173800
2024-01-30,1198.3797126174245,1199.2787221542717,1185.7935791015625,1185.7935791015625,165700
2024-01-31,1175.0052922643563,1193.8844897682213,1175.0052922643563,1190.2884521484375,156800
2024-02-01,1178.601310025993,1198.3795166015625,1178.601310025993,1198.3795166015625,128600
2024-02-02,1203.7735529301242,1207.369590429542,1198.3794966809974,1206.4705810546875,195800
2024-02-05,1213.6626506822681,1219.9557162783983,1178.6012852181136,1192.08642578125,303100
2024-02-06,1177.702338218689,1177.702338218689,1149.833046245575,1150.7320556640625,208500
2024-02-07,1186.6925258330948,1192.9855922579673,1166.91431706921,1178.6014404296875,207400
2024-02-08,1183.0964493380247,1187.5914966379412,1148.035080398676,1177.702392578125,200500
2024-02-09,1160.6212924800911,1180.3995019569013,1158.8232734367448,1162.4193115234375,129000
2024-02-13,1173.2073870679544,1175.0054060519665,1150.732149767802,1161.520263671875,173100
2024-02-14,1161.5201434235075,1167.8132092160497,1134.5498614554695,1144.43896484375,169800
2024-02-15,1148.933908776392,1150.7319274129745,1123.761647864233,1136.3477783203125,273700
2024-02-16,1138.1460030526277,1146.2370883823858,1130.953927203954,1135.448974609375,179600
2024-02-19,1109.3776113604972,1146.236997151243,1106.6805831319061,1139.044921875,209000
2024-02-20,1146.2370674565154,1156.126171567905,1135.4489538804542,1143.5400390625,192500
2024-02-21,1141.7420514623948,1157.9242222705232,1138.146013505033,1147.1361083984375,143000
2024-02-22,1147.136038383286,1152.5300949901039,1139.044953473059,1142.6409912109375,147100
2024-02-26,1149.8331091270684,1161.520232206546,1148.9340996594162,1157.9241943359375,174200
2024-02-27,1157.9241310119628,1160.6211592674256,1148.0350274085997,1150.7320556640625,127300
2024-02-28,1150.7320306362922,1158.8231152267037,1143.5399554448154,1144.43896484375,123800
2024-02-29,1147.1361151179042,1183.9955043967711,1143.5400771394782,1175.9044189453125,280200
2024-03-01,1166.9142230050759,1170.510260672272,1155.2271005866892,1167.813232421875,163100
2024-03-04,1171.409329367829,1180.3994239907593,1157.9241874334334,1160.6212158203125,198200
2024-03-05,1159.7221430409074,1161.5201618673275,1143.5399736031275,1153.4290771484375,111200
2024-03-06,1142.6409260813793,1157.9240855962364,1137.246869782018,1152.530029296875,190500
2024-03-07,1155.2271511329366,1159.7221984136095,1129.155876905034,1131.8529052734375,172000
2024-03-08,1104.8825863891307,1132.7518786414196,1098.5895203966784,1113.8726806640625,355300
2024-03-11,1113.8727121882541,1119.2667689058728,1104.8826176588898,1117.46875,129400
2024-03-12,1113.8727470633537,1137.2469935715435,1102.1856238092587,1135.448974609375,137700
2024-03-13,1141.7420232457725,1147.1360800485086,1126.4588623046875,1126.4588623046875,120900
2024-03-14,1131.8528418476155,1131.8528418476155,1116.5696819497527,1124.6607666015625,147800
2024-03-15,1123.7619317362435,1129.1559890085775,1112.0748076461866,1120.1658935546875,261500
2024-03-18,1128.2568674488991,1136.3479525541104,1123.7618201682262,1131.8529052734375,118800
2024-03-19,1123.761647864233,1145.3378715032263,1120.1656105910674,1136.3477783203125,190800
2024-03-21,1154.3280428484152,1154.3280428484152,1133.6508271276102,1138.1458740234375,159800
2024-03-22,1139.9439493655786,1149.8330530272674,1137.2469210942088,1148.0350341796875,138300
2024-03-25,1150.7319986209613,1157.9240736123422,1139.94388613389,1140.8428955078125,146800
2024-03-26,1137.246937127159,1140.8429748730157,1121.9637767072684,1125.559814453125,199000
2024-03-27,1126.4588170754482,1143.53999626494,1122.8627793513447,1128.2568359375,236400
2024-03-28,1134.7677361579358,1134.7677361579358,1117.0951238735088,1120.815673828125,266500
2024-03-29,1117.0951709825547,1138.4883341237694,1115.234895926797,1133.837646484375,80300
2024-04-01,1136.6281502081813,1137.558287810643,1100.3527837121756,1115.2349853515625,279800
2024-04-02,1107.793820503768,1107.793820503768,1076.169143847909,1078.0294189453125,239600
2024-04-03,1072.44857905965,1091.0513297805458,1072.44857905965,1083.6102294921875,212300
2024-04-04,1084.5403743881777,1084.5403743881777,1073.3787238798946,1080.81982421875,151800
2024-04-05,1075.2389827304416,1080.8198079003228,1066.8677449756199,1071.5184326171875,145400
2024-04-08,1072.4486316549367,1085.4705577981883,1068.7280813282935,1078.9595947265625,192800
2024-04-09,1078.9595564940141,1084.5403817862245,1072.448593653102,1078.0294189453125,170400
2024-04-10,1075.239045227466,1100.352759951637,1075.239045227466,1093.841796875,171900
2024-04-11,1084.540435947516,1090.1212615184295,1070.5883720202323,1088.260986328125,142500
2024-04-12,1089.1910562668686,1103.1431193275032,1089.1910562668686,1098.492431640625,136700
2024-04-15,1083.6102455950797,1093.841758643617,1078.9595578457447,1092.91162109375,127100
2024-04-16,1078.9596022174806,1085.4705653343103,1070.588363924414,1076.169189453125,141200
2024-04-17,1079.8896075695545,1080.8197450437747,1062.2169955593722,1064.0772705078125,125200
2024-04-18,1059.4266752355238,1082.6801141125109,1055.706125015206,1075.239013671875,213800
2024-04-19,1074.3089135292848,1074.3089135292848,1049.1951986675613,1061.2869873046875,152300
2024-04-22,1077.0993421141943,1080.8198925187337,1062.217140496036,1070.58837890625,150500
2024-04-23,1066.867714061139,1072.4485390693053,1062.2170265543336,1067.7978515625,90900
2024-04-24,1068.7281266444706,1085.4706038242796,1068.7281266444706,1077.099365234375,178500
2024-04-25,1069.6583024473016,1072.4487154102076,1062.2172012128856,1063.1473388671875,108900
2024-04-26,1058.4964857208226,1088.260886022287,1052.915660664298,1079.8896484375,700800
2024-04-30,1096.6321549968145,1096.6321549968145,1078.9595418119634,1083.6102294921875,149300
2024-05-01,1083.6102826348665,1089.1911081248315,1075.239044399919,1078.9595947265625,178700
2024-05-02,1162.6719132506496,1209.1787897806755,1144.9993001692396,1163.60205078125,843000
2024-05-07,1155.2308130058454,1170.1130134954537,1146.8595752304407,1163.60205078125,227600
2024-05-08,1162.671860817557,1162.671860817557,1120.815673828125,1120.815673828125,152100
2024-05-09,1120.8157515818236,1155.2308410494813,1120.8157515818236,1137.5582275390625,145100
2024-05-10,1148.7198413362025,1152.4403914295992,1131.9773659159177,1151.51025390625,150300
2024-05-13,1142.208922739498,1149.650023213371,1126.396584232518,1134.767822265625,109500
2024-05-14,1126.3965279642316,1133.83762806639,1104.0732276577562,1109.654052734375,114000
2024-05-15,1116.1650133416524,1116.1650133416524,1091.9814380525834,1094.7718505859375,114000
2024-05-16,1113.3747096315644,1119.885672845784,1094.7719575909366,1100.352783203125,113300
2024-05-17,1094.7719955444336,1115.2350234985352,1090.1213073730469,1101.282958984375,99000
2024-05-20,1098.492576833471,1105.933678116001,1087.3309249096762,1090.121337890625,109500
2024-05-21,1088.2609544836957,1096.6321925951088,1065.937652853261,1069.658203125,125400
2024-05-22,1057.5663962243696,1058.4965337760182,1029.662269674914,1030.5924072265625,227600
2024-05-23,1033.3828358658736,1053.8458623186632,1031.522560733802,1039.893798828125,150300
2024-05-24,1037.1033872035866,1064.07737664655,1037.1033872035866,1054.7760009765625,142300
2024-05-27,1065.0075445328166,1065.0075445328166,1030.5924535741142,1043.6143798828125,125700
2024-05-28,1037.1033935546875,1050.1253195724146,1037.1033935546875,1037.1033935546875,111400
2024-05-29,1037.1033406938825,1051.9855410984583,1037.1033406938825,1041.7540283203125,115100
2024-05-30,1030.5923852604633,1038.963623046875,1022.2211474740517,1038.963623046875,97400
2024-05-31,1043.6144181436566,1059.4267578125,1034.3130418678666,1059.4267578125,259900
2024-06-03,1059.426719625302,1061.2869948134062,1048.2650684966773,1058.49658203125,131100
2024-06-04,1051.055465590024,1058.4965662313691,1042.6842273685104,1049.1951904296875,257600
2024-06-05,1041.754088916367,1045.4746392339252,1031.522575543081,1034.31298828125,262900
2024-06-06,1030.5924203621435,1031.522557925647,998.9677432030163,1002.6882934570312,300300
2024-06-07,1003.61846979568,1018.5006713867188,999.8979193979202,1018.5006713867188,187500
2024-06-10,1019.4307639281674,1034.3129648614254,1015.7102136948529,1027.802001953125,95900
2024-06-11,1023.1513596618596,1030.5924604594004,1020.3609468627818,1025.9417724609375,73900
2024-06-12,1024.0813803584813,1024.0813803584813,1001.7580805141547,1008.26904296875,190600
2024-06-13,1008.2691722601232,1009.1993098729093,989.6664200044014,990.5965576171875,132000
2024-06-14,987.8061075846355,1011.0595470287182,987.8061075846355,1004.548583984375,180700
2024-06-17,1000.8280867886745,1000.8280867886745,984.085609500388,992.4568481445312,165100
2024-06-18,1004.5486062624941,1004.5486062624941,988.7362670898438,988.7362670898438,120800
2024-06-19,986.8759163837772,994.3170166015624,985.0156413293308,994.3170166015625,98600
2024-06-20,990.5964458318047,1010.1293334960938,990.5964458318047,1010.1293334960938,134000
2024-06-21,1011.9896929322965,1025.9417567135322,1008.2691425906336,1016.640380859375,705500
2024-06-24,1032.4527205939332,1039.8938212828984,1028.7321702494505,1031.5225830078125,182300
2024-06-25,1030.5923940472899,1054.7759700808906,1030.5923940472899,1051.055419921875,220300
2024-06-26,1062.2170317170892,1062.2170317170892,1045.4745566112158,1050.125244140625,152900
2024-06-27,1057.5663390475283,1074.3088140720274,1051.985514039362,1067.7978515625,166000
2024-06-28,1063.147200528016,1063.147200528016,1051.9855501287718,1053.8458251953125,128900
2024-07-01,1065.0075227027367,1075.2390360212783,1065.0075227027367,1066.8677978515625,168200
2024-07-02,1069.6581957139663,1082.680121574832,1060.3568200990624,1072.4486083984375,176100
2024-07-03,1065.937713569601,1065.937713569601,1053.8459244976946,1062.2171630859375,123700
2024-07-04,1067.7979205909855,1078.9595713288704,1067.7979205909855,1072.4486083984375,94700
2024-07-05,1069.6581265652221,1076.1690890747495,1067.7978515625,1067.7978515625,66500
2024-07-08,1070.58837890625,1075.2390669119245,1065.9376909005757,1070.58837890625,136700
2024-07-09,1071.518463451557,1082.6801141125109,1068.7280507863186,1075.239013671875,149300
2024-07-10,1072.4486316549367,1078.9595947265625,1064.0773934199892,1078.9595947265625,137000
2024-07-11,1090.121223234335,1091.9814983593083,1082.680122734442,1087.330810546875,166300
2024-07-12,1085.4704734940246,1099.422536135336,1077.0992359092377,1079.8896484375,241700
2024-07-16,1088.2609938594553,1094.7719570705804,1078.9596178435625,1085.4705810546875,124000
2024-07-17,1090.1211996423192,1091.9814747270332,1078.0294115916793,1080.81982421875,118700
2024-07-18,1074.3088846720623,1106.8636993590944,1070.5883344221156,1087.330810546875,201600
2024-07-19,1090.1212381771281,1097.56233877902,1076.1691745485812,1081.75,104300
2024-07-22,1082.680121574832,1086.4006718207936,1070.5883332754568,1072.4486083984375,113600
2024-07-23,1083.610275150473,1084.5404127257093,1074.3088993981085,1081.75,71200
2024-07-24,1070.5882713351186,1079.889646411879,1065.0074462890625,1065.0074462890625,114400
2024-07-25,1058.4965364155016,1066.867774401213,1054.7759861996299,1060.3568115234375,136600
2024-07-26,1069.658164878427,1078.029402690519,1063.1472021356888,1068.72802734375,127500
2024-07-29,1080.8198464518512,1080.8198464518512,1063.1472327835336,1072.4486083984375,214000
2024-07-30,1072.4485997250206,1072.4485997250206,1059.4266739694697,1060.3568115234375,140900
2024-07-31,1060.3568731878222,1082.68017578125,1056.6363227555842,1082.68017578125,206900
2024-08-01,1097.562312333185,1114.3047882840303,1031.522546082629,1045.474609375,254900
2024-08-02,1029.6622816182798,1037.1033821177798,984.0855410588439,987.8060913085938,278900
2024-08-05,971.063640916962,978.5047416136438,902.2334594726562,902.2334594726562,369900
2024-08-06,958.0417184012277,984.0855709402902,945.0197921316965,976.6444702148438,261200
2024-08-07,954.3211676950875,997.1074968510077,945.9499293819728,969.203369140625,245700
2024-08-08,954.3211680385045,996.1773596191407,954.3211680385045,976.6444702148438,166200
2024-08-09,1004.5485294010173,1008.26907950991,980.3649536932149,994.3170166015625,208600
2024-08-13,993.3869475459516,998.0376355026274,981.2951588585944,991.5266723632812,207700
2024-08-14,994.3169938417238,998.9676813713858,985.9457562883323,995.2471313476562,75900
2024-08-15,1000.8280103244408,1004.5485605486953,990.5964972077411,998.03759765625,85600
2024-08-16,1004.5485996631307,1015.7102507704989,1004.5485996631307,1013.8499755859375,112000
2024-08-19,1019.430771289417,1043.6143479805892,1014.7800834641915,1025.0115966796875,169100
2024-08-20,1025.0116280132436,1049.195205443683,1025.0116280132436,1043.6143798828125,105400
2024-08-21,1041.754173136646,1051.0555496825089,1040.8240354820598,1048.26513671875,102800
2024-08-22,1041.754173136646,1048.26513671875,1036.1733472091282,1048.26513671875,95500
2024-08-23,1042.6843107912323,1056.6363756100266,1042.6843107912323,1048.26513671875,109600
2024-08-26,1048.2650528495194,1059.4267038115374,1043.6143649486785,1049.1951904296875,107100
2024-08-27,1052.9158246698655,1064.0774765214896,1049.1952740526576,1063.1473388671875,112900
2024-08-28,1050.1253815367097,1059.4267578125,1050.1253815367097,1059.4267578125,100200
2024-08-29,1059.4267038115374,1059.4267038115374,1039.8938146280059,1049.1951904296875,124600
2024-08-30,1044.5445556640625,1051.9856566839312,1038.963729899161,1044.5445556640625,271400
2024-09-02,1042.6842264957565,1048.2650519720942,1028.7321628049124,1034.31298828125,104000
2024-09-03,1029.6623234071296,1044.5445250101234,1029.6623234071296,1040.823974609375,85400
2024-09-04,1027.8020260858198,1055.7061534908646,1027.8020260858198,1049.1951904296875,149400
2024-09-05,1051.9855975924334,1091.0513757523645,1051.9855975924334,1081.75,201200
2024-09-06,1091.9814835438829,1103.1431341422872,1087.3307957945478,1092.91162109375,143100
2024-09-09,1078.9595128969308,1097.5622631192916,1074.3088253413405,1094.7718505859375,112100
2024-09-10,1094.771888823582,1111.5143646084796,1090.121201105555,1095.7020263671875,131900
2024-09-11,1092.9115735693906,1093.8417110788114,1073.3786858715548,1079.8896484375,114800
2024-09-12,1089.191070894282,1110.5842345412234,1088.2609333444148,1092.91162109375,218600
2024-09-13,1091.0514450073242,1099.4226837158203,1080.8199310302734,1086.4007568359375,155600
2024-09-17,1099.4225765416093,1099.4225765416093,1081.7499632131062,1095.7020263671875,102600
2024-09-18,1101.2828825613367,1105.00343284026,1086.400681445643,1099.422607421875,67200
2024-09-19,1102.2130890021128,1108.724052397062,1095.7021256071637,1104.0733642578125,96500
2024-09-20,1105.0035095214844,1116.1651611328125,1095.702133178711,1101.282958984375,463300
2024-09-24,1108.7239933526894,1151.5103219552261,1105.9335806177414,1141.27880859375,177600
2024-09-25,1139.4184952653445,1147.789733189743,1125.4664320580139,1140.3486328125,167500
2024-09-26,1144.0691916994551,1155.2308423501815,1141.2787790367736,1152.4404296875,241900
2024-09-27,1162.6719888796608,1162.6719888796608,1138.488411510964,1150.5802001953125,265500
2024-09-30,1122.6761020208864,1142.208991948342,1120.8158267897002,1139.4185791015625,214900
2024-10-01,1142.2089922441578,1159.881606945004,1140.34871701249,1154.30078125,142100
2024-10-02,1148.7199017284363,1158.0212774509337,1138.488388433689,1144.0692138671875,144400
2024-10-03,1161.7418665076348,1161.7418665076348,1141.2788392352825,1144.9993896484375,124300
2024-10-04,1144.069190411322,1148.7198781772217,1135.6979524327026,1137.5582275390625,131600
2024-10-07,1153.3704978411163,1153.3704978411163,1134.767747875937,1147.7896728515625,124300
2024-10-08,1138.488410818489,1140.3486859995649,1131.977447684723,1135.697998046875,82200
2024-10-09,1137.558160370714,1149.6499478480805,1137.558160370714,1147.7896728515625,115700
2024-10-10,1144.069221328698,1147.789771641962,1134.7678455455377,1141.27880859375,70000
2024-10-11,1142.209022515765,1152.4405365611015,1139.4186095943094,1143.13916015625,87900
2024-10-15,1145.9294655176818,1148.7198781772217,1134.7678148795226,1137.5582275390625,71700
2024-10-16,1134.767860456337,1145.9295115427929,1129.187034913109,1135.697998046875,91400
2024-10-17,1134.7678679668256,1138.4884183536021,1128.256904789967,1132.9075927734375,75300
2024-10-18,1126.3966064453125,1134.7678446435023,1126.3966064453125,1126.3966064453125,37700
2024-10-21,1127.326774691358,1134.7678755144032,1126.3966370884773,1130.1171875,77300
2024-10-22,1128.2568890906327,1132.9075770093905,1118.9555132531173,1123.606201171875,108900
2024-10-23,1119.8856039638295,1123.6061541431113,1110.584228515625,1110.584228515625,81300
2024-10-24,1092.9116898876125,1104.0733411885924,1091.0514146707826,1097.5623779296875,74400
2024-10-25,1095.702087089343,1095.702087089343,1085.4705735426683,1088.260986328125,71000
2024-10-28,1091.9814835438829,1100.3527214926862,1085.4705206948138,1092.91162109375,101500
2024-10-29,1093.8418579101562,1105.0035095214844,1093.8418579101562,1101.282958984375,81700
2024-10-30,1097.5624008628633,1104.0733642578125,1095.7021256071637,1104.0733642578125,166300
2024-10-31,1113.3746572095295,1129.1869956995563,1103.143144068924,1119.8856201171875,195800
2024-11-01,1180.3446271623884,1189.6460032629589,1147.7898108103918,1171.973388671875,289100
2024-11-05,1171.9732990264893,1208.248663043976,1163.6020611763001,1190.5760498046875,197200
2024-11-06,1204.5281128883362,1217.550038433075,1190.5760498046875,1190.5760498046875,175300
2024-11-07,1204.5281440520955,1209.1788318669685,1192.436355733426,1194.296630859375,150100
2024-11-08,1204.5281525952319,1224.991179125807,1204.5281525952319,1206.388427734375,167500
2024-11-11,1194.2965654944937,1225.921240904784,1194.2965654944937,1219.4102783203125,132200
2024-11-12,1226.8514861249525,1227.7816237186787,1214.759697406511,1224.9912109375,136200
2024-11-13,1222.200727674696,1223.1308652147834,1190.5760513117284,1205.458251953125,203300
2024-11-14,1209.1789014770413,1211.9693143266036,1197.0871124622709,1198.9473876953125,116000
2024-11-15,1198.9473570114908,1199.8774946042072,1191.5062562697592,1195.226806640625,76200
2024-11-18,1192.4363175449387,1197.0870052108705,1184.0650797462613,1193.366455078125,119200
2024-11-19,1195.2268296941515,1210.1090314646624,1191.506279251524,1201.73779296875,166100
2024-11-20,1192.436323334899,1199.877423636521,1172.9034350431418,1175.69384765625,164400
2024-11-21,1171.9733135516826,1186.8555143586882,1171.9733135516826,1184.9952392578125,135800
2024-11-22,1186.855499649048,1204.5281128883362,1185.925362110138,1190.5760498046875,98700
2024-11-25,1208.2486645733868,1208.2486645733868,1190.5760513117284,1205.458251953125,268800
2024-11-26,1202.6678784756105,1221.2706298828125,1198.01719062381,1221.2706298828125,141100
2024-11-27,1211.0391305794926,1213.8295433227634,1188.715828633327,1200.8076171875,125100
2024-11-28,1202.6678858167343,1219.4103621854126,1202.6678858167343,1218.480224609375,118300
2024-11-29,1218.480202397946,1237.082953579594,1216.6199272797812,1226.8514404296875,170800
2024-12-02,1232.4322347314637,1241.7336100879277,1216.6198966254751,1223.130859375,129900
2024-12-03,1232.432274345879,1252.8953007878483,1231.502136780335,1238.9432373046875,149100
2024-12-04,1237.0829003094907,1244.5240004617283,1228.7116626382235,1231.5020751953125,100100
2024-12-05,1234.2926560025353,1237.0830689399938,1226.851554835979,1229.6419677734375,85000
2024-12-06,1234.2924785133903,1234.2924785133903,1211.9691782237737,1219.4102783203125,67300
2024-12-09,1223.1309060354354,1241.7336574580277,1220.3404933220465,1236.15283203125,145400
2024-12-10,1246.3844067142552,1248.2446819481572,1227.7816543752365,1228.7117919921875,84100
2024-12-11,1229.6418236919492,1248.2445744285899,1227.7815486182851,1238.0130615234375,163700
2024-12-12,1251.035012001477,1266.8473504431315,1244.5240491137372,1259.40625,234000
2024-12-13,1248.2446520715578,1262.1967159918806,1248.2446520715578,1254.755615234375,98700
2024-12-16,1255.6857220390916,1260.3364098984957,1251.0350341796875,1251.0350341796875,63700
2024-12-17,1255.6857831636826,1257.5460583979993,1243.593994140625,1243.593994140625,89000
2024-12-18,1248.2446590108082,1248.2446590108082,1231.5021822133458,1237.0830078125,79300
2024-12-19,1231.5020770172575,1252.8952399865905,1231.5020770172575,1246.38427734375,115900
2024-12-20,1246.3843762454285,1254.7556145933456,1239.8734130859375,1239.8734130859375,217500
2024-12-23,1237.0830009352994,1254.755615234375,1230.572037772482,1254.755615234375,131800
2024-12-24,1255.68572399663,1287.3104014898784,1255.68572399663,1280.7994384765625,212300
2024-12-25,1288.2405006053837,1291.030913242074,1272.4281623308048,1279.8692626953125,147100
2024-12-26,1278.9391790608665,1290.100830078125,1271.4980783826943,1290.100830078125,134800
2024-12-27,1297.5419157730616,1297.5419157730616,1283.5898521625986,1295.681640625,130000
2024-12-30,1295.6817168414896,1295.6817168414896,1277.0789642665939,1282.6597900390625,117700
2025-01-06,1283.5898730035365,1291.9611113057333,1257.5460205078125,1257.5460205078125,159300
2025-01-07,1271.4979922314308,1271.4979922314308,1248.244554187696,1261.2664794921875,226400
2025-01-08,1261.2666547840847,1279.869407804499,1260.336517133064,1271.4981689453125,199100
2025-01-09,1271.498055366848,1291.0309442934783,1270.5679177989132,1283.58984375,234600
2025-01-10,1286.3802648846913,1309.633704235463,1286.3802648846913,1295.681640625,201300
2025-01-14,1284.5200576892637,1300.33239728428,1270.56799334072,1285.4501953125,137300
2025-01-15,1280.799514781573,1288.2406158115311,1276.148826637849,1282.6597900390625,85300
2025-01-16,1281.7295141227057,1283.5897891794878,1264.987038611669,1273.3582763671875,127500
2025-01-17,1270.5679167358755,1274.2884670045019,1249.1747526912745,1268.7076416015625,142600
2025-01-20,1268.7076416015625,1270.5679167358755,1255.6857156613705,1268.7076416015625,133700
2025-01-21,1267.7774151928852,1288.2404402363507,1267.7774151928852,1287.310302734375,89600
2025-01-22,1292.891164463397,1298.4719896337426,1273.3582763671875,1273.3582763671875,116500
2025-01-23,1278.9391399300011,1292.891203274692,1274.2884521484375,1274.2884521484375,122100
2025-01-24,1285.4501413558191,1291.0309668609818,1272.428215177106,1275.2186279296875,120100
2025-01-27,1285.4500748139083,1305.9131006068937,1282.6596622057739,1300.332275390625,244600
2025-01-28,1311.4940265325786,1331.9570538969167,1305.913200887759,1323.5858154296875,186200
2025-01-29,1323.5857772290624,1331.0268778740606,1312.4241262615649,1322.6556396484375,150800
2025-01-30,1310.5638511003153,1323.5857772290624,1308.7035759390658,1322.6556396484375,89600
2025-01-31,1320.7953950900685,1330.0967711118294,1307.773468659603,1326.376220703125,164000
2025-02-03,1423.1105279646858,1492.8708479629547,1397.996812765309,1448.2242431640625,1223100
2025-02-04,1467.7571637522021,1503.1023932975656,1430.5516589676088,1451.94482421875,563300
2025-02-05,1486.3599320447615,1516.1243361908394,1461.2462160465084,1505.892822265625,542500
2025-02-06,1514.2640144324378,1518.9147024374515,1477.9886479933314,1492.870849609375,318000
2025-02-07,1488.220091540404,1489.1502290976168,1465.896790167298,1473.337890625,282700
2025-02-10,1463.1063933139164,1489.1502451974445,1453.8050176412278,1482.6392822265625,200600
2025-02-12,1489.1502685546875,1495.6612316276937,1481.7091678998233,1489.1502685546875,120800
2025-02-13,1493.80087973074,1494.7310172648188,1481.709091787714,1487.2899169921875,170400
2025-02-14,1492.8707569646745,1492.8707569646745,1464.9666306662693,1481.7091064453125,189000
2025-02-17,1487.289962625235,1501.242026064496,1485.4296875,1485.4296875,143600
2025-02-18,1481.7091604789296,1496.5913617141227,1474.2680598613329,1491.940673828125,161900
2025-02-19,1492.8708490716203,1492.8708490716203,1462.176308249587,1477.9886474609375,158600
2025-02-20,1477.058547837913,1477.058547837913,1454.7352448479194,1464.03662109375,229800
2025-02-21,1453.8050530007677,1454.7351905906594,1432.411888433258,1438.9228515625,180600
2025-02-25,1437.9926622351823,1466.8269264844,1424.0405988887865,1458.4556884765625,220400
2025-02-26,1458.4557333669354,1467.7571092174899,1422.180367549773,1441.7132568359375,191300
2025-02-27,1442.643310546875,1449.154273263721,1419.3898722724252,1442.643310546875,240800
2025-02-28,1451.0146102269082,1466.826948928099,1422.1803455365018,1450.08447265625,322000
2025-03-03,1460.3159561982814,1472.4077443706237,1445.4337553707828,1461.24609375,226000
2025-03-04,1441.7132643321752,1457.5256033603346,1430.5516132534744,1438.9228515625,238300
2025-03-05,1438.922798550006,1454.7351369956104,1434.2721107718871,1443.573486328125,173000
2025-03-06,1451.014548325677,1457.525511042523,1437.062485361007,1442.643310546875,158500
2025-03-07,1432.4118331106085,1432.4118331106085,1409.1583942614104,1413.80908203125,185300
2025-03-10,1412.8788989514464,1430.5515119073896,1407.2980738074646,1415.6693115234375,149800
2025-03-11,1390.5557022502715,1398.9269405915775,1372.883087974181,1391.48583984375,195600
2025-03-12,1389.6254970294874,1413.8090732830126,1387.7652219330623,1401.71728515625,133300
2025-03-13,1402.6474300952668,1410.0885305201755,1386.8350916923362,1398.9268798828125,144100
2025-03-14,1412.8789371082207,1429.6214129923208,1401.7172865188206,1416.5994873046875,198300
2025-03-17,1423.1104696950606,1482.639273656161,1423.1104696950606,1470.5474853515625,314100
2025-03-18,1471.4776378038196,1482.6392886594742,1458.4557118055557,1464.9666748046875,170300
2025-03-19,1467.7570566120305,1474.268019474061,1458.455681094844,1461.24609375,101700
2025-03-21,1461.2461626081902,1474.2680889458827,1461.2461626081902,1465.8968505859375,152200
2025-03-24,1483.5694413583244,1497.5215050701581,1455.6653139346568,1459.3858642578125,198200
2025-03-25,1469.6173403961488,1487.2899539831913,1465.896790167298,1473.337890625,116400
2025-03-26,1482.6392661971274,1482.6392661971274,1464.0365150528723,1473.337890625,123000
2025-03-27,1462.1763459979363,1478.9188232421875,1450.0845568770883,1478.9188232421875,232200
2025-03-28,1479.8810019995683,1506.8229188110038,1477.95657937018,1497.2008056640625,152900
2025-03-31,1475.0699677791895,1487.5787150597698,1451.0146845473046,1470.2589111328125,292100
2025-04-01,1478.9187383340889,1489.5030624210601,1470.258836808385,1476.0321044921875,139600
2025-04-02,1475.0699310707478,1475.0699310707478,1447.1658032161804,1451.0146484375,117600
2025-04-03,1421.186131247069,1426.9593992142202,1399.0552707063225,1410.601806640625,222400
2025-04-04,1381.7354201225385,1409.6395476876874,1381.7354201225385,1404.8284912109375,276800
2025-04-07,1318.2295115664865,1377.8866135497874,1293.2120171863926,1357.68017578125,294500
2025-04-08,1395.2064582703438,1396.168669620875,1369.2267518059996,1392.31982421875,157100
2025-04-09,1375.9621636932866,1384.6220654228248,1357.6801489309282,1369.2266845703125,142500
2025-04-10,1444.279164413984,1450.0524322264316,1416.3750366538204,1435.6192626953125,166000
2025-04-11,1433.6948356444639,1433.6948356444639,1383.6598480917712,1398.093017578125,195100
2025-04-14,1408.6773737774536,1415.4128530236574,1399.0552605685912,1401.94189453125,84700
2025-04-15,1413.4883928690872,1413.4883928690872,1397.1308008481378,1404.8284912109375,77500
2025-04-16,1412.5262134322704,1412.5262134322704,1398.093043676491,1408.6773681640625,83900
2025-04-17,1408.6773363923373,1413.4883928690872,1398.0930121434878,1404.8284912109375,103300
2025-04-18,1419.2616545279452,1459.6745287585716,1416.375020654329,1455.82568359375,114400
2025-04-21,1455.8257468359632,1469.2967054980277,1452.9391128369493,1463.5234375,128100
2025-04-22,1464.4856375330821,1476.994384765625,1459.674580905181,1476.994384765625,101500
2025-04-23,1484.69206412151,1504.8985018056003,1479.8810075300596,1490.46533203125,156600
2025-04-24,1496.23857356792,1504.8984752798888,1475.0699249386632,1479.8809814453125,153800
2025-04-25,1479.8810084831669,1491.4275443100835,1467.3722613373402,1468.33447265625,179500
2025-04-28,1476.0321044921875,1492.3896962629615,1472.1832593696524,1476.0321044921875,130300
2025-04-30,1478.9187596921752,1481.8053935757644,1467.3722241578187,1471.2210693359375,116300
2025-05-01,1471.2211168121437,1478.9188074167855,1462.5612148819218,1476.994384765625,117300
2025-05-02,1478.9187435420865,1491.427490234375,1476.9943209740422,1491.427490234375,138900
2025-05-07,1488.5408612894066,1537.61363693631,1479.880959704659,1528.9537353515625,271800
2025-05-08,1417.3372497344135,1425.0349401606695,1356.7179376276463,1369.2266845703125,1245800
2025-05-09,1366.3401194368855,1390.3954032297886,1366.3401194368855,1370.18896484375,501600
2025-05-12,1361.529031243123,1379.8110465036311,1358.6423972546215,1366.340087890625,346900
2025-05-13,1368.2644573858638,1383.6598380596852,1356.717921880498,1367.30224609375,334400
2025-05-14,1381.7354209716452,1390.3953226351166,1346.1336030218188,1360.5667724609375,248400
2025-05-15,1350.9447337063875,1360.566847194325,1346.133676962419,1354.7935791015625,158800
2025-05-16,1363.4534437151178,1374.0377682605422,1345.171428591203,1357.68017578125,206100
2025-05-19,1366.3400664747808,1374.9999683045505,1352.8691080729166,1371.151123046875,290400
2025-05-20,1374.9999739158643,1386.5465097360113,1361.5290154590257,1364.4156494140625,191600
2025-05-21,1365.3778023097827,1386.5464504076087,1361.528957201087,1372.11328125,229000
2025-05-22,1362.4912723522807,1394.2442469198124,1355.7557928985616,1392.31982421875,225500
2025-05-23,1392.3198084214155,1394.2442311006432,1379.8110610064336,1390.3953857421875,174200
2025-05-26,1385.5843290441176,1394.2442311006432,1383.6599063648896,1390.3953857421875,110300
2025-05-27,1392.3198084214155,1399.0552877987132,1389.4331744025735,1390.3953857421875,109300
2025-05-28,1411.5639436141305,1430.8081691576087,1401.9418308423913,1416.375,260100
2025-05-29,1415.4128966315004,1418.2995306830944,1387.5087674660936,1392.31982421875,163700
2025-05-30,1389.4331158863126,1404.8284966717567,1377.8865802972298,1398.093017578125,154500
2025-06-02,1390.3953857421875,1391.3575970818015,1382.6976950252756,1390.3953857421875,99000
2025-06-03,1390.3952955163045,1395.206351902174,1381.7353940217392,1394.244140625,108900
2025-06-04,1388.4709416251346,1398.0930548727101,1381.735462351832,1395.2064208984375,114300
2025-06-05,1390.3953531400755,1415.4128473834262,1384.6220852377637,1408.6773681640625,179100
2025-06-06,1409.6395581104546,1413.4884033203125,1395.2063885734876,1413.4884033203125,97900
2025-06-09,1416.375068949423,1435.6192954297142,1406.7529557092776,1417.3372802734375,144700
2025-06-10,1414.4506037500526,1432.732618356346,1414.4506037500526,1426.9593505859375,134200
2025-06-11,1428.8837781502773,1451.976849312302,1428.8837781502773,1442.354736328125,142600
2025-06-12,1449.0902518296884,1467.3722669590138,1443.316983894112,1461.5989990234375,198100
2025-06-13,1458.7123508933125,1462.5611961463292,1408.6773626040958,1415.412841796875,219700
2025-06-16,1428.883741274325,1434.6570089158374,1413.4883608969585,1423.1104736328125,136500
2025-06-17,1420.2239344268737,1440.4303725183129,1420.2239344268737,1434.6571044921875,165000
2025-06-18,1438.5059441234146,1455.8257481329272,1429.8460421186583,1441.392578125,135800
2025-06-19,1435.619247134884,1440.430303593111,1409.6395422604592,1411.56396484375,145600
2025-06-20,1400.017461618666,1410.6017860707657,1390.3953484803933,1393.281982421875,402500
2025-06-23,1393.2819346773144,1399.0552023624414,1387.5086669921875,1387.5086669921875,166700
2025-06-24,1400.0174991383271,1404.828555836397,1388.4709630629595,1390.3953857421875,163300
2025-06-25,1386.5465246082922,1395.2064265662898,1375.9621999929618,1388.470947265625,156900
2025-06-26,1385.5843447650311,1407.7152058272504,1383.6599220639685,1392.31982421875,246400
2025-06-27,1408.6773997626447,1415.4128791330945,1391.3575956672023,1412.5262451171875,414200
2025-06-30,1419.2616338315217,1443.3169157608697,1416.375,1438.505859375,227600
2025-07-01,1427.921535326087,1439.468070652174,1415.4127887228262,1438.505859375,161500
2025-07-02,1435.6192737625804,1447.1658094764887,1422.1483154296875,1422.1483154296875,110500
2025-07-03,1414.4506313260747,1421.1861105228656,1390.3953484803933,1393.281982421875,159100
2025-07-04,1400.9796088324654,1404.8284539116753,1385.584228515625,1385.584228515625,81600
2025-07-07,1380.77322508578,1391.3575494592599,1367.3022667922603,1384.6220703125,145900
2025-07-08,1384.6220490093706,1395.2063732200052,1376.9243586743637,1389.43310546875,160200
2025-07-09,1383.6598326098017,1390.3953116280693,1369.2266632849428,1374.0377197265625,133700
2025-07-10,1383.6598112501636,1383.6598112501636,1366.3400083276997,1378.8487548828125,216400
2025-07-11,1375.962221360505,1392.3198142018537,1375.962221360505,1383.659912109375,253000
2025-07-14,1383.659890622293,1395.2064265662898,1378.848833978961,1388.470947265625,112200
2025-07-15,1387.508693796438,1390.3953276947661,1374.9999469036823,1375.962158203125,103400
2025-07-16,1384.6220917641867,1386.5465144073614,1374.037767226726,1379.81103515625,75100
2025-07-17,1382.6976736765894,1397.1308435479525,1382.6976736765894,1395.2064208984375,83500
2025-07-18,1392.3197287742269,1393.281940058798,1378.848770790233,1380.773193359375,111200
2025-07-22,1371.1511071768766,1382.697642816261,1362.4912054473384,1369.2266845703125,125800
2025-07-23,1373.0755291908445,1403.8662908825802,1365.3778387679104,1391.3575439453125,250300
2025-07-24,1403.8662428109515,1413.4883555101355,1400.9796090011962,1407.715087890625,115000
2025-07-25,1409.6395739173502,1422.1483209896542,1400.0174607848085,1415.412841796875,147500
2025-07-28,1418.2994493458368,1430.8081961853864,1403.8662799155875,1404.8284912109375,196400
2025-07-29,1390.3952955163045,1399.0551970108697,1383.659816576087,1394.244140625,153000
2025-07-30,1398.0929963121034,1412.526165578918,1395.2063624587406,1402.904052734375,108800
2025-07-31,1407.7151305690275,1410.6017644662982,1395.2063836808543,1398.093017578125,149400
2025-08-01,1370.1889077719156,1390.3953453163049,1333.6248779296875,1333.6248779296875,608500
2025-08-04,1331.7004443359376,1353.831304321289,1325.9271765136718,1347.0958251953125,329700
2025-08-05,1356.7179598244288,1374.9999748858927,1342.2847900390625,1342.2847900390625,280700
2025-08-06,1342.2848216255193,1361.52904845886,1340.3603989421852,1346.1336669921875,185000
2025-08-07,1354.7935519366197,1372.1133558676277,1347.0958613006162,1366.340087890625,268600
2025-08-08,1373.0755559051386,1388.4709370505361,1368.2644992972018,1379.81103515625,223100
2025-08-12,1380.7732723460476,1396.1686537798712,1375.962215647978,1390.3953857421875,256300
2025-08-13,1390.39536320103,1420.2239142454812,1390.39536320103,1417.3372802734375,256000
2025-08-14,1404.8284754736499,1406.752898042792,1378.848770790233,1380.773193359375,204100
2025-08-15,1380.77322508578,1386.54649292586,1371.1511120189803,1384.6220703125,154400
2025-08-18,1384.6220593908615,1401.9418627744858,1383.6598480917712,1398.093017578125,134500
2025-08-19,1391.3575277191974,1412.5261761353954,1391.3575277191974,1411.56396484375,108200
2025-08-20,1404.828464673913,1422.1482676630435,1402.9040421195652,1416.375,139800
2025-08-21,1424.0727008250337,1426.9593346780575,1404.828475138209,1425.034912109375,137900
2025-08-22,1428.8837359955944,1438.5058486959015,1421.1860458353488,1429.845947265625,115900
2025-08-25,1442.3547206759613,1443.3169319639373,1405.790691732875,1418.2994384765625,137200
2025-08-26,1417.3372756654298,1421.1861209489748,1400.0174718894775,1401.94189453125,158200
2025-08-27,1409.63958509834,1409.63958509834,1397.1308379268187,1401.94189453125,161800
2025-08-28,1401.9419160532887,1408.6773954028927,1397.130859375,1397.130859375,115000
2025-08-29,1396.168563179348,1403.8662533967392,1393.2819293478262,1394.244140625,126400
2025-09-01,1400.979661195286,1431.770422979798,1400.01744988952,1428.8837890625,195000
2025-09-02,1438.5058857181948,1450.0524212557323,1427.9215614754523,1449.0902099609375,214500
2025-09-03,1452.9390655618295,1462.5611785787953,1448.1280090533467,1457.7501220703125,147100
2025-09-04,1460.6367240819925,1462.5611466433654,1448.127977433069,1453.9012451171875,118800
2025-09-05,1458.7123437115526,1472.1833020307886,1452.9390758604516,1466.4100341796875,145100
2025-09-08,1477.95654296875,1486.6164445877075,1474.1076978047688,1477.95654296875,131500
2025-09-09,1485.654292401219,1486.6165037304943,1460.6367978400585,1470.2589111328125,192300
2025-09-10,1469.2966576906713,1478.9187707076371,1456.7879107686158,1457.7501220703125,122600
2025-09-11,1447.1658461281709,1449.0902687958946,1431.7704647863818,1441.392578125,109800
2025-09-12,1454.86352427728,1513.5584151376731,1453.9013129517,1476.994384765625,359900
2025-09-16,1472.1833538731505,1495.2764260907684,1467.3722971611467,1487.5787353515625,111000
2025-09-17,1486.616498021427,1486.616498021427,1466.4100601842426,1476.994384765625,95300
2025-09-18,1475.06991411976,1496.238562593755,1464.4855898827623,1493.3519287109375,148100
2025-09-19,1497.2008065399748,1502.974074431517,1464.4856218212349,1475.0699462890625,197300
2025-09-22,1473.1455292507987,1481.8054311209862,1460.636782104972,1468.33447265625,110600
2025-09-24,1468.33447265625,1474.1077405697083,1457.750148148243,1468.33447265625,109500
2025-09-25,1462.561253572316,1463.5234649233505,1448.1280833067997,1451.9769287109375,186000
2025-09-26,1447.1658604522324,1465.4478759765625,1444.279226422075,1465.4478759765625,221000
2025-09-29,1467.3722566516194,1467.3722566516194,1446.2036077032026,1452.9390869140625,118100
2025-09-30,1444.2792221909733,1455.8257582777765,1437.5437428070047,1450.052490234375,130800
2025-10-01,1443.3169593237005,1444.2791706299163,1400.0174505439895,1406.7529296875,154700
2025-10-02,1409.6395691547198,1414.4506257047358,1386.5464977146426,1400.0174560546875,118800
2025-10-03,1412.5262592619724,1436.58154296875,1410.6018365654304,1436.58154296875,106200
2025-10-06,1463.5233839312805,1486.616455078125,1458.7123274423543,1486.616455078125,171600
2025-10-07,1486.6164391765483,1493.3519181889988,1479.8809601640978,1484.6920166015625,145800
2025-10-08,1451.9768330624229,1491.427495856034,1451.9768330624229,1462.5611572265625,140200
2025-10-09,1459.674580905181,1483.7298640446866,1459.674580905181,1476.994384765625,92300
2025-10-10,1460.6367933485244,1469.2966952853733,1452.939102737992,1454.863525390625,94800
2025-10-14,1428.8838001824333,1447.1658151342624,1412.5262078571125,1415.412841796875,145000
2025-10-15,1437.5437428070047,1450.052490234375,1426.9594180607685,1450.052490234375,129800
2025-10-16,1452.9390710481598,1461.598972796129,1447.1658032161804,1451.0146484375,66100
2025-10-17,1459.6746136909426,1466.4100931212897,1450.0525002190182,1458.71240234375,84800
2025-10-20,1487.5787469848951,1487.5787469848951,1469.29673133631,1474.1077880859375,70400
2025-10-21,1475.0699199821884,1477.9565538764784,1453.9012714240616,1464.485595703125,109500
2025-10-22,1467.3722136648078,1472.183270103053,1451.0146217747738,1462.5611572265625,141600
2025-10-23,1462.561178021375,1485.6542492532917,1455.8256989120662,1479.8809814453125,98700
2025-10-24,1478.9187383340889,1481.8053721759902,1471.2210480890187,1476.0321044921875,72700
2025-10-27,1489.50312071296,1496.23859994099,1479.8810075300596,1490.46533203125,88700
2025-10-28,1474.1076874428607,1478.9187438640188,1444.27913763168,1447.165771484375,95000
2025-10-29,1434.6571176730947,1438.5059630592064,1399.0552978515625,1399.0552978515625,143400
2025-10-30,1376.9243846146103,1407.7151465347133,1366.3400602045747,1400.0174560546875,246200
2025-10-31,1406.7529455299587,1411.5640021152185,1391.3575644571274,1408.6773681640625,146400
2025-11-04,1391.3574963020121,1424.0726794792379,1391.3574963020121,1407.715087890625,114200
2025-11-05,1433.6948519048003,1433.6948519048003,1390.3953429546552,1400.0174560546875,149000
2025-11-06,1397.1308651194852,1403.866344496783,1390.3953857421875,1390.3953857421875,61000
2025-11-07,1387.508672183106,1402.904052734375,1385.5842496141975,1402.904052734375,52600
2025-11-10,1412.5262451171875,1419.2617244876374,1403.8663430694662,1412.5262451171875,77600
2025-11-11,1417.33727001753,1417.33727001753,1393.2819870912313,1408.6773681640625,77600
2025-11-12,1409.63958509834,1424.0727549116334,1401.94189453125,1401.94189453125,97400
2025-11-13,1401.941873156421,1411.563986218579,1399.0552392377735,1406.7529296875,98800
2025-11-14,1399.0551864613594,1413.4883555101355,1395.206341381686,1407.715087890625,76600
2025-11-17,1403.866306037825,1422.1483209896542,1397.130826845046,1415.412841796875,109800
2025-11-18,1418.2994384765625,1425.0349174923942,1413.4883820366827,1418.2994384765625,140400
2025-11-19,1414.4506360663743,1418.2994813345822,1399.055254993543,1408.6773681640625,137800
2025-11-20,1414.4506519520592,1421.186131247069,1410.601806640625,1410.601806640625,81900
2025-11-21,1397.1307796355215,1442.3547098303354,1397.1307796355215,1431.7703857421875,297000
2025-11-25,1438.5059116793527,1462.5611944833552,1431.770432494232,1459.674560546875,161500
2025-11-26,1464.4856688342675,1485.6543184494803,1462.5612461419753,1480.84326171875,144000
2025-11-27,1478.9187437006283,1480.8431662688788,1464.4855744387482,1469.296630859375,122500
2025-11-28,1468.3345142188516,1480.84326171875,1464.4856688342675,1480.84326171875,98300
2025-12-01,1480.8432472863947,1480.8432472863947,1455.825752530419,1456.7879638671875,104500
2025-12-02,1452.9390661326554,1454.8634887368046,1433.6948400911633,1435.6192626953125,117900
2025-12-03,1432.7326398341033,1433.6948511435958,1422.1483154296875,1422.1483154296875,96000
2025-12-04,1420.223860570004,1462.5611572265625,1417.337226707057,1462.5611572265625,149800
2025-12-05,1453.901349737501,1484.6921129351185,1451.0147156877244,1474.1077880859375,139200
2025-12-08,1478.9187545826792,1483.7298110387062,1448.1279932641069,1455.82568359375,105500
2025-12-09,1450.0524158465175,1462.5611626321877,1447.1657819729014,1455.82568359375,74500
2025-12-10,1462.5611360143444,1476.0320938460554,1458.7122909195698,1467.3721923828125,74800
2025-12-11,1470.2588580414076,1476.9943371031156,1462.56116768517,1471.2210693359375,124800
2025-12-12,1492.3897659749084,1493.3519773004887,1463.523426207502,1476.994384765625,145100
2025-12-15,1494.314150412521,1502.0118408203125,1487.5786713057034,1502.0118408203125,125500
2025-12-16,1498.1630701586364,1508.7473949959806,1489.5031680189911,1496.2386474609375,97800
2025-12-17,1497.2008169052974,1502.0118735148903,1478.9188017888446,1483.7298583984375,88300
2025-12-18,1491.427490234375,1498.1629692225301,1476.9943209740422,1491.427490234375,98500
2025-12-19,1491.4275624017296,1529.916015625,1488.5409284099842,1529.916015625,182300
2025-12-22,1534.7269870923913,1538.575832201087,1515.482761548913,1527.029296875,104900
2025-12-23,1529.915994195729,1542.424741318084,1527.0293602444162,1534.72705078125,86600
2025-12-24,1537.6136800078668,1543.3869478927525,1515.482819782472,1519.3316650390625,73500
2025-12-25,1516.4449781200553,1524.1426683643197,1503.936231473126,1520.2938232421875,50000
2025-12-26,1511.633964237286,1514.5205981600816,1503.9362737764977,1510.6717529296875,75700
2025-12-29,1524.1426947478,1530.878173828125,1505.860680101204,1530.878173828125,109300
2025-12-30,1533.7648724396217,1533.7648724396217,1516.445068359375,1516.445068359375,73000
2026-01-05,1516.4449676532545,1556.8578411567041,1516.4449676532545,1555.8956298828125,205200
2026-01-06,1571.2911060724323,1572.2533174049934,1556.8579360840142,1567.4422607421875,116600
2026-01-07,1571.2910583458488,1582.8375939858672,1561.6689453125,1561.6689453125,190400
2026-01-08,1543.3869674117477,1560.7067712854457,1543.3869674117477,1558.7823486328125,128900
2026-01-09,1557.8201167455477,1567.4422298817153,1536.6514678459787,1541.4625244140625,98200
2026-01-13,1554.9335089894605,1571.2911015964041,1542.4247617017977,1552.046875,166100
2026-01-14,1559.7445385366586,1567.4422290414664,1547.2357914663462,1563.5933837890625,137200
2026-01-15,1552.0468591634417,1558.7823384034566,1540.500323323416,1550.1224365234375,95400
2026-01-16,1541.4625346434182,1550.1224365234375,1529.9159988033925,1550.1224365234375,75100
2026-01-19,1553.0090601774639,1554.9334828046974,1534.7270452187452,1541.4625244140625,74800
2026-01-20,1539.5380381508783,1543.3868832462556,1529.9159254124354,1533.7647705078125,86900
2026-01-21,1520.2938394503688,1524.1426846135344,1497.2007684713758,1500.08740234375,116900
2026-01-22,1525.10489559053,1531.8403746246838,1516.4449939751896,1522.21826171875,89400
2026-01-23,1527.9916087394984,1535.6892994636266,1526.0671860584662,1531.8404541015625,87600
2026-01-26,1516.4450582322909,1517.4072695636567,1493.351986279515,1507.78515625,150100
2026-01-27,1507.7851494470833,1543.3869685469826,1496.2386135227916,1536.6514892578125,184800
2026-01-28,1521.2560885314158,1521.2560885314158,1487.5786925171212,1497.2008056640625,144200
2026-01-29,1494.3142247632386,1501.0497042051848,1470.2589410420017,1496.2386474609375,133400
2026-01-30,1497.2007793537623,1497.2007793537623,1479.8809759936287,1486.616455078125,138200
2026-02-02,1419.2617063169125,1421.1861289695457,1350.9447021484375,1350.9447021484375,780500
2026-02-03,1359.6045661125984,1382.6976372992242,1353.831298315942,1375.962158203125,288900
2026-02-04,1375.9621643066407,1380.7732208251955,1347.0958251953125,1347.0958251953125,291600
2026-02-05,1361.5289941440565,1377.8865862998507,1357.6801489309282,1369.2266845703125,219800
2026-02-06,1369.2266690277406,1369.2266690277406,1339.3981189645922,1345.17138671875,286200
2026-02-09,1358.642333984375,1366.340024261907,1349.9824324221518,1358.642333984375,183700
2026-02-10,1352.8690504141732,1366.3400082419105,1352.8690504141732,1356.7178955078125,203900
2026-02-12,1357.6801859251211,1373.075567197128,1356.7179745956207,1366.340087890625,201000
2026-02-13,1366.3401169759702,1374.0378077758348,1332.6627197265625,1332.6627197265625,446400
2026-02-16,1338.4358970058538,1361.5289678384495,1338.4358970058538,1358.642333984375,224600
2026-02-17,1350.9446965250709,1364.4156550374291,1348.058062558137,1357.68017578125,158100
2026-02-18,1371.1510646950508,1383.6598112501636,1366.3400083276997,1378.8487548828125,162800
2026-02-19,1395.2064152850464,1408.6773737774536,1386.5465133970702,1401.94189453125,175000
2026-02-20,1404.828534146013,1404.828534146013,1387.5087303003772,1395.2064208984375,166000
2026-02-24,1423.110521227904,1435.6192682028618,1413.4884081702442,1428.8837890625,199500
2026-02-25,1443.3170150786893,1466.4100873199484,1435.619324331603,1465.4478759765625,297600
2026-02-26,1476.9943263016191,1488.540861751534,1472.1832698641547,1484.6920166015625,285700
2026-02-27,1501.0496027666823,1535.689208984375,1493.351912496084,1535.689208984375,406500
2026-03-02,1515.482761548913,1533.7647758152175,1510.6717051630435,1527.029296875,235500
2026-03-03,1498.1630409215375,1498.1630409215375,1448.1280517578125,1448.1280517578125,263600
2026-03-04,1414.450663416839,1422.1483541021007,1389.4331686897383,1397.130859375,257700
2026-03-05,1425.9971447456173,1435.6192577331046,1411.5639752643865,1420.223876953125,179400
2026-03-06,1412.5261705050727,1441.3925091393726,1411.5639592172627,1440.4302978515625,207400
2026-03-09,1385.584339000172,1404.8285659307298,1383.6599163071162,1399.0552978515625,187000
2026-03-10,1417.337254055874,1421.1860992807372,1397.130816625342,1406.7529296875,143800
2026-03-11,1400.017418881012,1425.034912276824,1400.017418881012,1402.904052734375,150500
2026-03-12,1395.2064220105005,1396.168633336025,1363.4534482681927,1373.0755615234375,207900
2026-03-13,1348.0580046470664,1365.3778077046304,1343.2469482421875,1343.2469482421875,318800
2026-03-16,1349.982427209018,1352.8690610519452,1337.4736805563327,1343.2469482421875,184100
2026-03-17,1348.05810546875,1362.4912757628479,1348.05810546875,1348.05810546875,110800
2026-03-18,1361.5290412876136,1379.811056682995,1361.5290412876136,1375.0,151900
2026-03-19,1354.7935748922414,1361.5290543128704,1339.398193359375,1339.398193359375,191400
2026-03-23,1327.8515678344638,1330.738201677582,1313.4183986188718,1321.1160888671875,227100
2026-03-24,1345.1714184117554,1350.9446863019348,1336.5115165764867,1349.020263671875,126000
2026-03-25,1365.3778981131295,1370.1889548365725,1359.6046300449977,1361.529052734375,113300
2026-03-26,1366.340040236585,1369.2266741244089,1348.0580256137011,1360.5667724609375,124800
2026-03-27,1366.3400979706087,1382.697690692792,1364.4156752974106,1375.0,314700
2026-03-30,1339.0,1364.0,1334.0,1364.0,215800
2026-03-31,1361.0,1380.0,1354.0,1369.0,196700
2026-04-01,1395.0,1409.0,1387.0,1409.0,146700
2026-04-02,1415.0,1426.0,1402.0,1411.0,137200
2026-04-03,1415.0,1428.0,1415.0,1423.0,86900
2026-04-06,1423.0,1432.0,1421.0,1427.0,68900
2026-04-07,1431.0,1442.0,1424.0,1433.0,91600
2026-04-08,1450.0,1453.0,1444.0,1451.0,109500
2026-04-09,1454.0,1464.0,1450.0,1457.0,129400
2026-04-10,1455.0,1458.0,1439.0,1439.0,140300
2026-04-13,1436.0,1444.0,1431.0,1436.0,79300
2026-04-14,1446.0,1453.0,1438.0,1438.0,104600
2026-04-15,1452.0,1460.0,1447.0,1459.0,107000
2026-04-16,1460.0,1466.0,1432.0,1432.0,219000
2026-04-17,1430.0,1434.0,1413.0,1414.0,144200
2026-04-20,1430.0,1430.0,1409.0,1422.0,116400
2026-04-21,1420.0,1425.0,1402.0,1408.0,115400
2026-04-22,1399.0,1402.0,1385.0,1387.0,120300
2026-04-23,1381.0,1397.0,1367.0,1380.0,215400
2026-04-24,1380.0,1393.0,1372.0,1375.0,121800
2026-04-27,1374.0,1388.0,1370.0,1381.0,155200
2026-04-28,1381.0,1409.0,1381.0,1409.0,172300
2026-04-30,1402.0,1411.0,1393.0,1404.0,181900
2026-05-01,1412.0,1413.0,1400.0,1405.0,150600
2026-05-07,1407.0,1415.0,1386.0,1401.0,239600
2026-05-08,1264.0,1294.0,1239.0,1263.0,866000
2026-05-11,1273.0,1287.0,1265.0,1275.0,371700
2026-05-12,1269.0,1278.0,1255.0,1274.0,329100
2026-05-13,1250.0,1269.0,1242.0,1260.0,339900
2026-05-14,1255.0,1269.0,1250.0,1263.0,213100
2026-05-15,1263.0,1290.0,1260.0,1281.0,206100
2026-05-18,1281.0,1286.0,1260.0,1266.0,177600
2026-05-19,1278.0,1290.0,1276.0,1285.0,168500
2026-05-20,1285.0,1287.0,1264.0,1274.0,147400
2026-05-21,1275.0,1292.0,1275.0,1286.0,172300
2026-05-22,1278.0,1296.0,1273.0,1296.0,225200
2026-05-25,1296.0,1298.0,1277.0,1296.0,218100
2026-05-26,1290.0,1297.0,1282.0,1295.0,233100
2026-05-27,1297.0,1317.0,1291.0,1315.0,214200
2026-05-28,1320.0,1324.0,1302.0,1310.0,177900
2026-05-29,1315.0,1327.0,1312.0,1327.0,281400
2026-06-01,1320.0,1323.0,1291.0,1296.0,186100
2026-06-02,1295.0,1295.0,1270.0,1277.0,219600
2026-06-03,1283.0,1295.0,1274.0,1294.0,140700
2026-06-04,1285.0,1298.0,1282.0,1287.0,135600
2026-06-05,1294.0,1324.0,1291.0,1322.0,212300
2026-06-08,1338.0,1350.0,1309.0,1325.0,269300
2026-06-09,1325.0,1334.0,1320.0,1328.0,159000
2026-06-10,1337.0,1350.0,1334.0,1340.0,114600
2026-06-11,1339.0,1345.0,1324.0,1332.0,196600
2026-06-12,1342.0,1348.0,1316.0,1327.0,218400
2026-06-15,1339.0,1340.0,1313.0,1313.0,101200
2026-06-16,1302.0,1313.0,1280.0,1286.0,104100
2026-06-17,1300.0,1304.0,1288.0,1292.0,124300
2026-06-18,1296.0,1301.0,1275.0,1284.0,175700
2026-06-19,1284.0,1289.0,1270.0,1286.0,142900
2026-06-22,1295.0,1298.0,1281.0,1285.0,175100
2026-06-23,1277.0,1278.0,1261.0,1264.0,184400
2026-06-24,1258.0,1271.0,1258.0,1265.0,172700
2026-06-25,1275.0,1275.0,1259.0,1261.0,145900
2026-06-26,1265.0,1282.0,1258.0,1281.0,137400
2026-06-29,1274.0,1301.0,1274.0,1300.0,173500
2026-06-30,1305.0,1306.0,1286.0,1295.0,204400
2026-07-01,1294.0,1305.0,1286.0,1292.0,136000
2026-07-02,1301.0,1318.0,1298.0,1314.0,130200
2026-07-03,1334.0,1340.0,1324.0,1329.0,164700
2026-07-06,1335.0,1356.0,1329.0,1356.0,131300
2026-07-07,1356.0,1366.0,1345.0,1365.0,144500
2026-07-08,1364.0,1373.0,1359.0,1373.0,154800
2026-07-09,1364.0,1384.0,1363.0,1375.0,145400
2026-07-10,1375.0,1384.0,1356.0,1363.0,126500
2026-07-13,1372.0,1378.0,1358.0,1361.0,87300
2026-07-14,1374.0,1382.0,1366.0,1374.0,123700
2026-07-15,1377.0,1383.0,1369.0,1371.0,72000
2026-07-16,1369.0,1377.0,1356.0,1360.0,136600
2026-07-17,1379.0,1384.0,1367.0,1368.0,149000
2026-07-21,1373.0,1397.0,1373.0,1382.0,155700
2026-07-22,1376.0,1384.0,1370.0,1382.0,116800
2026-07-23,1373.0,1386.0,1373.0,1378.0,127000
2026-07-24,1370.0,1386.0,1365.0,1381.0,141300
2026-07-27,1392.0,1418.0,1387.0,1418.0,223000
2026-07-28,1425.0,1430.0,1414.0,1424.0,162800
2026-07-29,1440.0,1453.0,1432.0,1450.0,202000
2026-07-30,1450.0,1460.0,1429.0,1452.0,223000
2026-07-31,1552.0,1592.0,1515.0,1570.0,633200
2026-08-03,1569.0,1576.0,1525.0,1547.0,285600
2026-08-04,1555.0,1559.0,1523.0,1547.0,220400
2026-08-05,1533.0,1542.0,1513.0,1513.0,208100
2026-08-06,1501.0,1520.0,1493.0,1510.0,46300
