Date,Open,High,Low,Close,Volume
2015-01-05,959.4505884244845,962.1338301819641,942.9678176285385,944.5010986328125,5727000
2015-01-06,923.0352178797385,924.568498972562,902.7192433998273,905.0191650390625,10476000
2015-01-07,904.6357942461415,917.2853625555155,901.9525524835469,909.6189575195312,6113000
2015-01-08,919.968469947466,984.7495830396001,903.8690217233853,930.318115234375,24617000
2015-01-09,931.8513076825984,954.8505172510706,931.8513076825984,935.6845092773438,8938000
2015-01-13,923.801655697424,940.667744017211,921.1184143738216,940.284423828125,8211000
2015-01-14,931.8512978409522,935.3011792397874,898.8857644743039,899.6524047851562,9594000
2015-01-15,908.0856743442849,933.3848109026314,906.9357135916329,926.4850463867188,6823000
2015-01-16,908.468866596078,916.1352705335977,897.3525808866746,914.6019897460938,6174000
2015-01-19,934.53479915029,937.9846815097455,925.3351128584086,929.5516357421875,5874000
2015-01-20,920.7352799332235,937.601371655564,918.4353583347225,934.1514892578125,4288000
2015-01-21,929.5513587384081,939.5176825846755,925.334837111141,932.617919921875,5185000
2015-01-22,926.1016402363184,929.5515221742847,916.1353146377487,924.568359375,4005000
2015-01-23,933.3846963384186,934.1513367460889,917.2852477773454,921.5017700195312,4625000
2015-01-26,908.4689564446666,928.401608653579,906.9356755055194,927.2516479492188,4553000
2015-01-27,934.1512899456884,951.4006982540823,933.7679697610574,944.1176147460938,5396000
2015-01-28,937.6011687984312,947.5674935689786,929.9347651287792,942.9676513671875,6174000
2015-01-29,895.819377333841,903.4857819323335,854.0374722720572,861.320556640625,22451000
2015-01-30,865.9203736312746,888.5362665238134,854.0374468572288,876.27001953125,14688000
2015-02-02,870.1369592642461,889.3029715828418,869.7536390178742,877.4200439453125,7040000
2015-02-03,873.9701017451976,877.4199837257707,854.8040907420135,860.5538940429688,7208000
2015-02-04,870.1367575024801,878.5698009672619,864.770275297619,869.3701171875,6196000
2015-02-05,875.5034357008414,881.6365595936669,862.8538676718888,865.537109375,6174000
2015-02-06,886.236245984229,906.5522152909608,881.6364038770444,902.335693359375,15424000
2015-02-09,913.4520346074536,914.6019952049451,891.6027832551141,900.0358276367188,5494000
2015-02-10,903.1023587772229,906.5522404533668,896.9692357974116,904.2523193359375,3023000
2015-02-12,914.602118151701,918.0520004079312,906.5523928871638,908.468994140625,5664000
2015-02-13,908.4688720183235,910.7687932133066,896.2026256450803,900.0358276367188,4558000
2015-02-16,904.6355746154002,906.9354955678122,892.7526496946047,894.6692504882812,6886000
2015-02-17,898.1193096274518,908.4689559611868,895.0527477507895,900.8025512695312,4341000
2015-02-18,906.9355003231966,913.4519430558654,905.0188995194704,912.685302734375,4765000
2015-02-19,915.751892722726,931.8513399786299,913.8352918589278,924.1849365234375,5235000
2015-02-20,929.9348895927261,930.7015300622998,921.1185241926303,927.2516479492188,3535000
2015-02-23,931.4682253733797,933.3848266601562,926.1017417704055,933.3848266601562,4589000
2015-02-24,929.551769944488,935.3015747070312,921.1187229594246,935.3015747070312,5045000
2015-02-25,934.5347978212319,941.817882791947,929.1683141585997,937.9846801757812,3646000
2015-02-26,931.4680490167568,955.2339004731514,930.3180884624151,952.5506591796875,4927000
2015-02-27,958.300726327911,990.4996307325288,956.3841248752552,979.7666625976562,13026000
2015-03-02,985.1328162632466,998.1657017702312,985.1328162632466,994.7158203125,6387000
2015-03-03,999.3157986344962,1003.1490007773212,991.649394348846,1000.4657592773438,5040000
2015-03-04,998.5492722431727,1003.1491153398782,988.5829455336439,997.0159912109375,4426000
2015-03-05,1000.0826344710777,1044.547788015978,997.0160721576362,1043.3978271484375,9759000
2015-03-06,1043.3975639936077,1066.3967755437975,1041.864283223595,1060.64697265625,11647000
2015-03-09,1048.764090552824,1067.9301009795934,1044.1642480503992,1062.1802978515625,6444000
2015-03-10,1060.6472646853026,1062.1805458774752,1027.6817190535946,1035.7314453125,10143000
2015-03-11,1020.3985985777432,1033.4314882665649,1015.0321145882284,1019.6319580078125,10888000
2015-03-12,1021.165186960607,1033.0481151872507,1013.1154613877193,1032.664794921875,5149000
2015-03-13,1042.2477600988682,1055.663968853359,1041.8644398487397,1050.2974853515625,8862000
2015-03-16,1051.8305370425594,1089.7792335320687,1051.063896709438,1064.4801025390625,10750000
2015-03-17,1067.5468819791622,1088.6294954473324,1054.89731389826,1079.4298095703125,12953000
2015-03-18,1309.4219970703125,1309.4219970703125,1309.4219970703125,1309.4219970703125,1177000
2015-03-19,1593.0789265737483,1593.462246815946,1409.8518508032353,1464.2833251953125,85218000
2015-03-20,1419.051411952315,1425.567855497207,1346.6038925414593,1368.06982421875,35046000
2015-03-23,1379.9525877189276,1441.2838138397688,1379.185947392417,1417.1346435546875,24800000
2015-03-24,1389.152309455999,1397.968673450891,1367.3030595556152,1375.352783203125,14060000
2015-03-25,1375.3529555028547,1436.3008707550714,1362.703388186357,1422.5013427734375,19390000
2015-03-26,1409.468310153428,1437.4506834580786,1366.153129558558,1379.5693359375,25083000
2015-03-27,1404.3496811554282,1412.4807380355671,1386.9259878408448,1409.7703857421875,9797000
2015-03-30,1393.895657468941,1408.609000520002,1379.5695076560658,1394.6700439453125,10445000
2015-03-31,1406.2858949566833,1407.83466796875,1367.1793764019958,1368.7281494140625,9157000
2015-04-01,1367.179450340688,1392.7342064218224,1352.8532992042944,1381.118408203125,8665000
2015-04-02,1377.6336003766742,1380.7311464146205,1351.6916523088728,1355.1763916015625,10359000
2015-04-03,1367.1792426074032,1412.8680419921875,1361.3713443805239,1412.8680419921875,11267000
2015-04-06,1405.898597490305,1462.0416150160813,1401.6394720228323,1444.617919921875,8217000
2015-04-07,1463.977669064025,1493.0171626318115,1463.977669064025,1477.9166259765625,10984000
2015-04-08,1489.1452856515598,1493.7916047955584,1458.5570179535687,1479.4654541015625,8695000
2015-04-09,1466.3010637074992,1475.2065098298317,1453.5236844885007,1460.4931640625,6302000
2015-04-10,1451.9748052297477,1466.6881499227425,1442.6821664762774,1464.364990234375,6151000
2015-04-13,1466.6880635059606,1535.2212702748504,1458.9441983343347,1530.574951171875,15645000
2015-04-14,1516.2487595797568,1524.76701103807,1490.694005204817,1505.4073486328125,8687000
2015-04-15,1505.0200171719591,1552.2575891027489,1494.5658004331779,1542.5777587890625,11557000
2015-04-16,1544.9011115224446,1604.5288737215565,1542.5779519562454,1599.495361328125,14767000
2015-04-17,1591.3642499021998,1594.8489891355623,1561.550369794543,1577.42529296875,10527000
2015-04-20,1564.2608659159669,1582.0717569635249,1537.1573360609873,1567.74560546875,5616000
2015-04-21,1578.5867251989978,1601.4311247051887,1564.6477695681015,1600.65673828125,6829000
2015-04-22,1612.2727226459776,1630.4708057305984,1601.431311446629,1619.62939453125,9327000
2015-04-23,1614.2086515431317,1619.2421637690998,1570.0686212538735,1577.42529296875,8154000
2015-04-24,1587.8794601550735,1617.3061460784545,1580.1355954383944,1606.8519287109375,6616000
2015-04-27,1591.3643266346446,1595.2362593028554,1574.3278228945169,1593.30029296875,5384000
2015-04-28,1602.2054629827137,1621.5651229994212,1599.8823037807088,1609.5621337890625,4560000
2015-04-30,1595.2361664058656,1618.0805678179884,1570.068605528103,1573.5533447265625,6597000
2015-05-01,1558.0655581762219,1590.9769827400835,1549.160113882471,1568.519775390625,7727000
2015-05-07,1529.800495739041,1539.8675200086475,1513.925572852354,1528.638916015625,8614000
2015-05-08,1629.6963483232946,1673.4491844745257,1600.6568553025659,1638.214599609375,27190000
2015-05-11,1627.3729829503427,1634.3424603933847,1581.6841863792886,1594.8487548828125,13442000
2015-05-12,1605.6902569232436,1613.046927982212,1585.1690166008584,1611.1109619140625,5603000
2015-05-13,1606.8518146100962,1727.6560956121082,1600.6567232766597,1719.9122314453125,14525000
2015-05-14,1690.485786722566,1795.0279677612955,1678.4827955662674,1743.91845703125,18168000
2015-05-15,1765.213798030406,1788.4453900202775,1738.1102740422225,1763.27783203125,9978000
2015-05-18,1765.6014698668168,1769.4734029147703,1734.6260054831885,1738.8851318359375,8440000
2015-05-19,1724.1712798726262,1730.7535641209608,1692.0342450131095,1707.52197265625,9151000
2015-05-20,1688.1627059764999,1704.8120170675525,1668.8030419171362,1687.7755126953125,10313000
2015-05-21,1685.4525105850705,1692.8091836154213,1674.998291015625,1674.998291015625,5184000
2015-05-22,1676.1595314766284,1684.2905894948797,1620.0165118267992,1651.766357421875,14893000
2015-05-25,1661.059093947502,1687.0010425009943,1641.3122375858884,1657.9615478515625,6893000
2015-05-26,1651.3791461941887,1665.3181026450657,1641.699315325524,1644.40966796875,5255000
2015-05-27,1654.863918355894,1657.9614642957272,1606.8519562884792,1607.6263427734375,10149000
2015-05-28,1612.2723665864664,1614.9827187877404,1592.9127080059372,1613.0467529296875,7941000
2015-05-29,1602.980039769953,1653.315161791715,1599.8824937993832,1635.5042724609375,10686000
2015-06-01,1618.4676798038604,1671.125958381211,1614.9829407803593,1663.769287109375,6233000
2015-06-02,1664.931137761281,1688.9371216080715,1628.922161991095,1633.5684814453125,7337000
2015-06-03,1625.8244609386652,1645.5713167395397,1610.7239241497612,1622.3397216796875,5151000
2015-06-04,1626.2114628804861,1644.7967367419774,1622.3395308260087,1640.9248046875,4851000
2015-06-05,1617.6935760381123,1628.9221815204255,1598.7211047059275,1616.919189453125,7104000
2015-06-08,1631.2448039499186,1632.4063834447797,1607.6260208877432,1612.2723388671875,5870000
2015-06-09,1599.8825214650371,1601.0441012240872,1564.2607421875,1564.2607421875,6757000
2015-06-10,1587.4924735417442,1604.141784849621,1561.163330078125,1561.163330078125,7722000
2015-06-11,1563.8734854736329,1581.6843743896486,1547.9985627441406,1548.77294921875,9099000
2015-06-12,1541.4163266497978,1597.1721545919156,1535.9956211554252,1587.8795166015625,9963000
2015-06-15,1571.230185260923,1599.1080988485983,1568.9070257952833,1573.5533447265625,4705000
2015-06-16,1586.7177525025916,1593.687230185619,1573.9403767503743,1575.8763427734375,4291000
2015-06-17,1566.5836113772602,1575.876247727496,1530.961838701356,1539.0928955078125,6684000
2015-06-18,1541.0289648487542,1551.483181444462,1511.215087890625,1511.215087890625,5759000
2015-06-19,1533.2852210737585,1541.803472301946,1523.2181968949913,1528.251708984375,3362000
2015-06-22,1541.416277709961,1553.4192680664064,1532.898026489258,1548.77294921875,5158000
2015-06-23,1575.8765315599828,1622.3397216796875,1573.166178803,1622.3397216796875,8561000
2015-06-24,1626.2118284729706,1633.1813077378547,1608.013743725773,1616.919189453125,7753000
2015-06-25,1619.629322611206,1683.9034004389516,1618.8549361313537,1658.73583984375,9841000
2015-06-26,1664.1563205070952,1698.616514207684,1660.2843886306246,1686.613525390625,12099000
2015-06-29,1625.0501846524294,1645.5714283471111,1611.8856132256526,1625.4373779296875,9635000
2015-06-30,1595.2362141052454,1609.5623645717246,1574.3277782893028,1585.169189453125,9563000
2015-07-01,1603.3671496811148,1633.9554145506652,1603.3671496811148,1629.6962890625,5647000
2015-07-02,1640.537958995973,1663.769556243969,1626.5990006471754,1630.083740234375,6236000
2015-07-03,1628.9218543482386,1632.0194000660388,1599.8823632438607,1618.0804443359375,4248000
2015-07-06,1579.74832341086,1593.6872792056615,1566.970947265625,1566.970947265625,5066000
2015-07-07,1594.074409400488,1601.0438870223509,1570.8428173276122,1575.4891357421875,3839000
2015-07-08,1572.3916597366333,1594.0744799644715,1536.3826904296875,1536.3826904296875,9820000
2015-07-09,1510.0533608420667,1556.5165411756686,1487.2089638447123,1530.9617919921875,9836000
2015-07-10,1548.772828993723,1575.4891602938646,1509.279121854383,1511.215087890625,8694000
2015-07-13,1557.2912739419298,1578.9740962543983,1496.1147395603225,1533.6724853515625,15266000
2015-07-14,1546.0625979160397,1552.257689718358,1519.7334577561874,1528.251708984375,9121000
2015-07-15,1532.1235307502511,1583.233034429562,1529.025985072717,1566.196533203125,9490000
2015-07-16,1582.4586214758224,1635.1168971109366,1573.553177802237,1626.98583984375,10345000
2015-07-17,1652.9278542102222,1668.4155829917656,1627.7602949402142,1649.443115234375,10784000
2015-07-21,1633.9553031316436,1694.3574422995432,1630.0833711337013,1684.6776123046875,7948000
2015-07-22,1661.833401598706,1674.2235853944092,1656.02550294447,1662.6077880859375,5662000
2015-07-23,1676.5464141120424,1694.3572998046875,1673.0616756069596,1694.3572998046875,5716000
2015-07-24,1695.9062150987202,1711.3939430904893,1673.836202710449,1684.6776123046875,6473000
2015-07-27,1657.1870394899659,1659.1230056575944,1608.4006920657287,1613.4342041015625,7520000
2015-07-28,1602.9801713048478,1625.4373814342393,1586.7180536249434,1604.9161376953125,5357000
2015-07-29,1621.9525084853753,1623.8884747165587,1587.4923095703125,1587.4923095703125,3607000
2015-07-30,1703.6501965884772,1738.4975869732416,1661.83332812676,1718.750732421875,18672000
2015-07-31,1718.3636996808373,1726.8819514593363,1688.162625193432,1688.93701171875,7585000
2015-08-03,1685.8396404370387,1724.946164020902,1680.8061275005018,1717.9766845703125,5415000
2015-08-04,1723.0098368873732,1736.1744064276363,1718.363518226104,1728.4305419921875,6776000
2015-08-05,1742.3694245711617,1794.6405073082965,1736.5615264892579,1781.0887451171875,9855000
2015-08-06,1781.0887288943356,1795.0276841639434,1771.4088988459969,1777.216796875,7993000
2015-08-07,1796.5765012419442,1814.7745821812484,1778.37842030264,1802.3843994140625,6526000
2015-08-10,1805.4821766178782,1904.9908447265625,1798.125504656536,1904.9908447265625,12255000
2015-08-11,1928.2226765249961,2017.277137489002,1888.3417657454631,1911.5733642578125,19174000
2015-08-12,1912.3472294807434,1953.7769021987915,1846.9115781784058,1883.3077392578125,10334000
2015-08-13,1858.1403498185664,1901.1187992517528,1850.3964850558302,1874.4024658203125,6225000
2015-08-14,1862.0121517502926,1872.4663684475806,1823.6800238602366,1860.46337890625,6369000
2015-08-17,1886.4056874475032,1927.8353690067977,1879.4362083066871,1901.5062255859375,5395000
2015-08-18,1896.4723978061868,1927.8350487294822,1886.018180831755,1916.6064453125,5355000
2015-08-19,1929.7704176379789,1989.7853483630765,1913.5083073769847,1920.477783203125,10364000
2015-08-20,1949.130889653729,1977.0088046428168,1926.2864870932262,1929.384033203125,7800000
2015-08-21,1881.7595174702583,1894.5368969098713,1826.0036799155841,1836.8450927734375,10366000
2015-08-24,1757.083222822073,1788.83307391758,1685.4524612041612,1687.388427734375,18192000
2015-08-25,1637.053135486577,1814.387652055369,1631.6324297399328,1730.75390625,17930000
2015-08-26,1750.887898609666,1854.2684976651242,1750.887898609666,1849.2349853515625,11231000
2015-08-27,1858.1406998729276,1889.5033580704078,1802.3848630774075,1808.5799560546875,10380000
2015-08-28,1896.4722588775471,1911.5727934010717,1835.2957343976261,1871.69189453125,8598000
2015-08-31,1883.6950075926661,1955.3257529995815,1859.3018348324733,1936.740478515625,10638000
2015-09-01,1923.1888540265147,1949.130801523953,1843.039852056817,1848.0733642578125,10682000
2015-09-02,1804.3206296671224,1899.9573669048432,1797.351150840082,1840.716796875,8590000
2015-09-03,1872.4666762322588,1882.1465080986372,1815.5492648579532,1820.969970703125,7152000
2015-09-04,1843.4270974761075,1848.8478030767515,1777.2170504968144,1794.6407470703125,8206000
2015-09-07,1757.857482015526,1786.122591307846,1739.2722046726306,1769.8604736328125,6831000
2015-09-08,1785.3479193932951,1803.933193765639,1728.4305166279914,1731.140869140625,7254000
2015-09-09,1804.3204087079582,1827.552001953125,1778.3784629175218,1827.552001953125,7981000
2015-09-10,1803.5462151266422,1819.0339456129166,1774.1195272027212,1812.45166015625,7841000
2015-09-11,1781.0886946910896,1835.6829351153165,1781.0886946910896,1786.5093994140625,11431000
2015-09-14,1800.4484146254672,1807.030699152055,1759.018741428709,1774.5064697265625,4352000
2015-09-15,1789.2201007063888,1794.640806486499,1744.3056813854755,1751.662353515625,7147000
2015-09-16,1781.0891739846818,1783.0251404781434,1655.6385452083694,1676.1597900390625,10045000
2015-09-17,1688.1625480141317,1689.324127749004,1621.9525031264216,1649.0560302734375,12715000
2015-09-18,1654.0897380001782,1671.1262427923148,1618.8551485437138,1630.470947265625,6962000
2015-09-24,1595.2360215579317,1616.531648059312,1562.7117919921875,1562.7117919921875,10714000
2015-09-25,1590.5896386528295,1598.3335025216359,1553.8062852759992,1588.2664794921875,6608000
2015-09-28,1590.5931046063629,1608.430082376205,1550.6537848173682,1558.7967529296875,6232000
2015-09-29,1535.9187934041827,1549.4904060699605,1487.4487481692615,1497.530517578125,7812000
2015-09-30,1528.5515944841256,1568.8786786612818,1523.122948537201,1555.69482421875,6049000
2015-10-01,1583.2257732278997,1616.960929306966,1564.225512907506,1606.1036376953125,7352000
2015-10-02,1590.5931095173426,1630.5324294296502,1573.919412854923,1622.7772216796875,4680000
2015-10-05,1644.4918304072933,1666.9819332518164,1633.2467789850316,1661.16552734375,5346000
2015-10-06,1690.635110575382,1703.8189623550982,1657.287720779629,1663.1041259765625,4382000
2015-10-07,1668.145179667121,1673.1860646823866,1623.1649749155204,1635.185546875,5351000
2015-10-08,1636.7364878771227,1639.4508104109157,1609.5932625391936,1615.40966796875,3787000
2015-10-09,1628.5934462516077,1659.6142737992575,1606.878866968253,1658.063232421875,4953000
2015-10-13,1658.8391256697948,1714.6766277961271,1654.5737609240332,1709.6357421875,5606000
2015-10-14,1696.0638792745744,1729.411271505396,1651.083675800443,1657.287841796875,6482000
2015-10-15,1665.8183920381825,1713.5129130392759,1652.6345407045471,1704.2066650390625,4985000
2015-10-16,1741.8198156692863,1794.9429934846673,1736.003409339135,1771.6773681640625,9005000
2015-10-19,1797.2695150404056,1820.147379417403,1784.0856609926443,1804.636962890625,6506000
2015-10-20,1791.0654452475355,1810.8412273881775,1769.3508609362427,1806.963623046875,5497000
2015-10-21,1822.4739910805063,1827.9026370113843,1780.2081049043838,1811.61669921875,6282000
2015-10-22,1798.0450602283804,1819.7596436600795,1790.2898518599163,1796.4940185546875,3068000
2015-10-23,1837.9845056770062,1849.6173190040759,1828.6782550153505,1831.392578125,5377000
2015-10-26,1855.0455820003383,1889.1684940438229,1850.0046972666419,1862.0252685546875,7149000
2015-10-27,1853.4944903129708,1855.4332920810807,1799.9835615131403,1801.92236328125,6636000
2015-10-28,1780.5959064163678,1798.4328863151381,1730.9625710458768,1784.4735107421875,7036000
2015-10-29,1830.2292858714789,1831.3925671972447,1557.6336952003667,1624.3284912109375,39832000
2015-10-30,1574.3074358366352,1574.3074358366352,1474.2652391750955,1510.7147216796875,39398000
2015-11-02,1497.143098220609,1523.8985692843805,1468.4488249058395,1505.673828125,19094000
2015-11-04,1527.3881997870674,1542.123094834518,1509.5512215717322,1525.837158203125,12582000
2015-11-05,1535.5314521741686,1552.205152286161,1528.939524222916,1545.2254638671875,10409000
2015-11-06,1558.7969975275046,1561.1235602103816,1531.2660057801284,1552.9805908203125,8098000
2015-11-09,1578.184561752334,1615.021793537708,1570.4293550606765,1614.634033203125,10921000
2015-11-10,1598.736074559829,1607.6545634550207,1571.2050871007582,1582.0623779296875,7336000
2015-11-11,1582.0625161729786,1602.2260580457714,1579.7359536491947,1592.144287109375,5215000
2015-11-12,1589.817351079082,1589.817351079082,1557.2454833984375,1557.2454833984375,7926000
2015-11-13,1548.7150961153277,1574.307283482281,1538.245564919756,1565.3887939453125,4929000
2015-11-16,1526.6126780532013,1527.7759592404402,1502.5715335169305,1508.387939453125,9292000
2015-11-17,1524.2861563704848,1526.6127188070718,1491.7142822582691,1492.8775634765625,10272000
2015-11-18,1499.0817136898152,1505.285880119985,1475.8160895766778,1494.4285888671875,7313000
2015-11-19,1508.0003343623746,1508.0003343623746,1485.5102290928921,1493.6531982421875,5671000
2015-11-20,1492.8776527048235,1501.796142578125,1482.7958815437,1501.796142578125,6302000
2015-11-24,1496.7549238710785,1506.0611721024013,1490.1629980405583,1498.6937255859375,5215000
2015-11-25,1486.2856690583696,1516.1432209804918,1485.8979086437967,1507.2247314453125,6655000
2015-11-26,1514.5924055518174,1540.5723572087481,1514.5924055518174,1526.2252197265625,5162000
2015-11-27,1525.0615689520157,1527.7758916020703,1487.836572608412,1491.326416015625,6770000
2015-11-30,1488.2245369915986,1489.0000578550648,1466.1221923828125,1466.1221923828125,7089000
2015-12-01,1473.4896154877176,1500.2450848215735,1473.4896154877176,1491.71435546875,7012000
2015-12-02,1488.2244953248269,1503.3471517390187,1480.8570473281693,1499.081787109375,4446000
2015-12-03,1493.6532546697258,1514.9800794378555,1486.6735665637925,1499.857421875,7176000
2015-12-04,1476.9796067329303,1486.2858578648784,1468.0611160648132,1471.938720703125,6636000
2015-12-07,1473.4896978078727,1482.4081880840783,1463.4079261912925,1466.510009765625,5986000
2015-12-08,1461.8569129106297,1470.3876429063948,1416.4889397513343,1423.4686279296875,8672000
2015-12-09,1419.203125,1461.8567708333333,1418.8153645833333,1448.28515625,8298000
2015-12-10,1423.8561351607536,1429.672540941639,1400.9782724226043,1412.611083984375,6755000
2015-12-11,1395.9374106554963,1419.9785549501187,1388.1822028185213,1398.6517333984375,6627000
2015-12-14,1358.324594260545,1371.5084470167135,1344.752981129195,1369.181884765625,6316000
2015-12-15,1345.1409188061336,1351.3450856268018,1311.40576171875,1311.40576171875,13044000
2015-12-16,1328.4672445494052,1337.773494949051,1314.507868949937,1326.5284423828125,10253000
2015-12-17,1343.977423461843,1347.8550271071454,1329.2425296096935,1331.569091796875,7266000
2015-12-18,1319.9364170489475,1357.1614158846405,1299.3851156084086,1300.9361572265625,11018000
2015-12-21,1279.6092368211353,1286.9766839422268,1257.1191350830668,1281.1602783203125,9861000
2015-12-22,1273.017398623083,1278.0582838445573,1253.2416181388376,1260.996826171875,6995000
2015-12-24,1259.4456691576086,1284.6500929554056,1246.64957707565,1248.58837890625,9639000
2015-12-25,1248.58837890625,1248.58837890625,1248.58837890625,1248.58837890625,0
2015-12-28,1267.2008395766052,1288.9154194469509,1265.2620378024671,1275.7315673828125,4993000
2015-12-29,1269.139552949628,1319.5483955660202,1269.139552949628,1314.1197509765625,7597000
2015-12-30,1318.7732761967045,1330.793850016786,1298.2219725688228,1299.38525390625,4676000
2016-01-04,1283.4867931722126,1332.3445985920614,1283.4867931722126,1291.6297607421875,7394000
2016-01-05,1279.609325904079,1295.5075023774327,1269.139795055773,1272.629638671875,5157000
2016-01-06,1233.0781164647406,1236.1801997766015,1165.6078044317642,1175.6895751953125,18109000
2016-01-07,1189.6489583333332,1212.9145833333332,1178.0161458333332,1180.73046875,11710000
2016-01-08,1174.9140063492446,1221.0574937273173,1172.9752043585693,1191.9754638671875,10245000
2016-01-12,1160.9546369497211,1162.8934389486353,1121.0153157720922,1121.403076171875,12789000
2016-01-13,1177.2406089512626,1211.3635251527485,1171.4242027805547,1193.914306640625,11429000
2016-01-14,1149.3219563527614,1160.1792487879427,1131.484975923535,1149.709716796875,8227000
2016-01-15,1172.9753680251633,1186.5469838535537,1143.1178132027046,1153.1995849609375,5658000
2016-01-18,1106.668260852767,1144.2810223463612,1105.8927399972288,1136.91357421875,6996000
2016-01-19,1209.4247872052601,1240.057861328125,1194.3021303597952,1240.057861328125,14924000
2016-01-20,1212.5268742740657,1227.649531164596,1147.7708819479483,1152.811767578125,14860000
2016-01-21,1163.2808362023304,1221.8326382911812,1143.117301708157,1143.892822265625,12193000
2016-01-22,1198.1797190613233,1237.3435221762727,1174.1385725947207,1235.79248046875,12894000
2016-01-25,1266.813039777871,1271.0784035481668,1228.8125261879625,1238.1187744140625,7981000
2016-01-26,1214.465705659118,1252.8539894586877,1204.3839341562007,1225.322998046875,10926000
2016-01-27,1256.3437249361334,1260.2213290254426,1216.7921632251812,1223.7718505859375,9038000
2016-01-28,1236.1801083564146,1238.5066706682524,1207.48583984375,1207.48583984375,6539000
2016-01-29,1216.7920111705146,1308.303456242612,1212.9144075657648,1291.6297607421875,16079000
2016-02-01,1333.8958495106183,1347.8552246799154,1311.0179846498256,1342.038818359375,8644000
2016-02-02,1326.528263843875,1341.650918707924,1312.956650504344,1331.9569091796875,7474000
2016-02-03,1355.6102818700028,1395.9373611933668,1274.1806024670564,1309.466796875,17200000
2016-02-04,1284.650362334788,1364.5290145053182,1276.1196324913333,1333.5081787109375,13817000
2016-02-05,1312.1814196949274,1338.1613709713931,1299.385324290101,1321.4876708984375,7215000
2016-02-08,1291.242273332336,1353.283944123079,1287.7524293503568,1346.6920166015625,6628000
2016-02-09,1273.4049467346365,1283.4867154968474,1220.6695409015333,1228.0369873046875,10057000
2016-02-10,1222.2207492315574,1246.649653800589,1162.1178887839394,1182.669189453125,10378000
2016-02-12,1131.8726976348132,1139.240145820857,1085.7292063643292,1112.8724365234375,13674000
2016-02-15,1190.4245981367808,1229.9761645895337,1171.8120962766618,1221.4454345703125,9028000
2016-02-16,1207.4859215817858,1255.5682126145866,1202.4450362315729,1234.629150390625,6345000
2016-02-17,1235.7924396092124,1263.3234290074722,1186.1591066095327,1210.5880126953125,9260000
2016-02-18,1264.8744470672423,1294.3442379860376,1258.282520151196,1282.71142578125,8296000
2016-02-19,1270.6911516005146,1271.8544330941984,1231.5273413131629,1243.16015625,5804000
2016-02-22,1256.3436940526485,1286.976765605167,1250.9150484610632,1279.2215576171875,7085000
2016-02-23,1292.7931376725599,1300.5483454570383,1262.5478273130939,1264.8743896484375,6529000
2016-02-24,1236.567573580555,1265.2618352440738,1215.6285177720415,1247.8126220703125,6348000
2016-02-25,1247.4251797386603,1267.2009597096494,1245.4863777807202,1258.282470703125,4833000
2016-02-26,1271.8542335237946,1274.956317020194,1238.5068359375,1238.5068359375,4880000
2016-02-29,1182.2815182613792,1267.9765709133192,1171.8119869419115,1226.4862060546875,16882000
2016-03-01,1209.036904972664,1224.5473206875151,1167.9343033283078,1193.5264892578125,11372000
2016-03-02,1232.3026934040984,1247.037590304462,1200.118576490146,1236.1802978515625,9438000
2016-03-03,1240.4456121237881,1287.3646240234375,1226.48623668257,1287.3646240234375,8593000
2016-03-04,1290.4667154215422,1295.895361459974,1278.8339024820452,1292.405517578125,4776000
2016-03-07,1298.6095233302976,1298.9972837134956,1222.22072784028,1225.7105712890625,11773000
2016-03-08,1209.8126203347158,1239.2824149326127,1196.6287648567093,1227.2618408203125,7177000
2016-03-09,1205.1593429633076,1229.976008970274,1203.608301337872,1224.54736328125,4593000
2016-03-10,1241.220931949971,1254.4047843980493,1226.8737984035326,1248.58837890625,6247000
2016-03-11,1230.3639302716801,1257.507162266328,1221.445439759153,1249.751953125,6598000
2016-03-14,1247.812897304319,1248.2006576825988,1230.751440660009,1233.0780029296875,6427000
2016-03-15,1240.833202388435,1243.935285394406,1227.2615892373115,1233.853515625,5557000
2016-03-16,1225.3228600409916,1243.5475987821076,1221.44525605352,1232.6903076171875,4433000
2016-03-17,1244.7109204484027,1252.4661286754956,1181.8937338089506,1188.097900390625,9082000
2016-03-18,1205.1595904003234,1206.7106323442106,1171.8121886067495,1183.832763671875,8987000
2016-03-22,1214.4656713002385,1283.4870280982725,1208.649264828494,1280.772705078125,15756000
2016-03-23,1293.956634988114,1302.0996045220518,1259.8337150363748,1267.9766845703125,11352000
2016-03-24,1261.7725293779897,1325.365244441908,1240.8334646618214,1307.1405029296875,10498000
2016-03-25,1297.0583994828837,1323.81386422558,1292.0175148212163,1304.0380859375,5254000
2016-03-28,1305.9772921321053,1324.2020346291981,1298.6098430375357,1323.426513671875,5030000
2016-03-29,1323.426125481015,1324.597644624256,1293.357134137835,1312.1014404296875,8088000
2016-03-30,1308.1964405564354,1322.254670962415,1263.2882045373337,1263.6787109375,9517000
2016-03-31,1280.8609954833985,1292.9666939163208,1249.6204833984375,1249.6204833984375,6671000
2016-04-01,1252.3540842688753,1255.0876291986797,1197.683185672791,1202.3692626953125,7724000
2016-04-04,1191.8254855173939,1228.5330856611145,1185.5773833652713,1200.4166259765625,5315000
2016-04-05,1194.9496585932297,1207.055357748913,1170.7382602818636,1173.081298828125,5697000
2016-04-06,1172.300476620078,1190.2637750626243,1157.8517365684647,1178.9390869140625,5355000
2016-04-07,1170.7383875211285,1213.6940988711367,1168.0048422534007,1212.9130859375,6738000
2016-04-08,1191.0444249379252,1249.6203802627413,1187.5298676184364,1233.609619140625,9354000
2016-04-11,1233.2190716712491,1241.0291987875964,1206.664639475668,1238.295654296875,4903000
2016-04-12,1243.762905430465,1276.9559500023927,1239.467334956451,1275.00341796875,5750000
2016-04-13,1288.67146847537,1296.0910920817432,1262.8980391058626,1266.41259765625,6184000
2016-04-14,1310.539363425926,1339.436834490741,1303.119742476852,1317.958984375,11239000
2016-04-15,1304.6819888196446,1331.6269326174763,1294.1383151596235,1320.30224609375,5488000
2016-04-18,1257.4309239637257,1293.748028289386,1257.4309239637257,1282.42333984375,5585000
2016-04-19,1316.0067303825829,1335.1415463436351,1307.4155885225184,1327.721923828125,5772000
2016-04-20,1344.122917928485,1370.2868445703239,1324.5975995390534,1344.9039306640625,8551000
2016-04-21,1362.8673026488,1364.8198346010188,1352.3236301068177,1363.6483154296875,5127000
2016-04-22,1343.3423278879814,1351.5429641919486,1322.6454838827303,1338.65625,7494000
2016-04-25,1345.6849258269272,1347.2469512776838,1315.2254295371706,1319.1304931640625,6556000
2016-04-26,1305.072419009479,1318.3496369168167,1290.6236818750233,1301.557861328125,5754000
2016-04-27,1292.9668214442368,1299.6054309170704,1277.7370703006773,1290.2332763671875,5178000
2016-04-28,1214.4748829961493,1233.219189871974,1174.6432308850215,1183.6248779296875,21910000
2016-05-02,1146.1365338668081,1175.4245202518202,1146.1365338668081,1166.44287109375,11582000
2016-05-06,1166.8333385994308,1187.5301816201033,1161.7567544622846,1170.7384033203125,8156000
2016-05-09,1183.6249546447032,1204.7123012467532,1178.1578647849124,1188.7015380859375,6125000
2016-05-10,1191.044611669954,1202.7598045716259,1172.6908094573353,1184.7965087890625,6261000
2016-05-11,1199.6356085526315,1202.7596596165708,1183.6248468499434,1187.139404296875,4128000
2016-05-12,1171.9097653740362,1215.646484375,1164.4901434006586,1215.646484375,5885000
2016-05-13,1225.0185423214193,1228.92360621151,1198.8546142578125,1198.8546142578125,4614000
2016-05-16,1213.6938029114767,1237.5146915786581,1206.6646882228001,1218.7703857421875,4569000
2016-05-17,1215.2557980538309,1250.401370619655,1212.1317471590908,1250.0108642578125,5104000
2016-05-18,1242.9819059708957,1278.517989364974,1240.6388675053522,1259.773681640625,6044000
2016-05-19,1277.7370745916844,1287.8902420548213,1267.5839071285477,1276.175048828125,4424000
2016-05-20,1262.1167996199968,1280.8611085252444,1253.1351516028992,1278.1275634765625,3228000
2016-05-23,1275.0035267902438,1275.7845396703603,1241.4199729452328,1262.8978271484375,3946000
2016-05-24,1253.9159573158358,1253.9159573158358,1230.4855750551849,1232.82861328125,4680000
2016-05-25,1248.4488766469926,1260.9450806046727,1242.59128104183,1245.71533203125,3359000
2016-05-26,1265.2409561820652,1267.1934885218525,1236.3434775532157,1239.467529296875,2760000
2016-05-27,1241.4198240494218,1255.0875478121552,1232.8286833985608,1238.686279296875,5111000
2016-05-30,1251.5730154037476,1252.3540282058716,1230.095163345337,1249.6204833984375,3850000
2016-05-31,1256.2592641720294,1292.5763644418455,1250.401667354317,1284.7662353515625,9890000
2016-06-01,1265.2405777381462,1275.7842492192974,1245.7152601804587,1253.9158935546875,5350000
2016-06-02,1253.1350078989876,1261.3356421046212,1225.018547765386,1225.799560546875,6738000
2016-06-03,1216.8180687828403,1235.5623779296875,1216.427562342281,1235.5623779296875,3233000
2016-06-06,1206.6645271298862,1238.686045325566,1197.6828817823175,1237.5145263671875,4327000
2016-06-07,1244.1534663911011,1268.75537109375,1244.1534663911011,1268.75537109375,4294000
2016-06-08,1274.6130441446967,1274.6130441446967,1250.4016444091048,1273.83203125,4852000
2016-06-09,1280.8610420824377,1283.594586989321,1267.5838239632906,1271.87939453125,3975000
2016-06-10,1270.7080306080766,1271.8795499970822,1250.4016945319795,1254.697265625,4798000
2016-06-13,1234.3904408014237,1237.1239849601106,1199.244873046875,1199.244873046875,4882000
2016-06-14,1194.9497599484298,1223.4567313458924,1183.2345662234452,1189.0921630859375,5361000
2016-06-15,1179.3294995173947,1193.3877319619728,1169.1763316407548,1175.81494140625,4489000
2016-06-16,1190.2635965497013,1194.9496737014717,1136.764215733655,1144.183837890625,6154000
2016-06-17,1151.9940644817202,1157.8516614197629,1141.8408964557798,1146.91748046875,5994000
2016-06-20,1169.1761474609375,1179.3293137381534,1150.0413340923383,1169.1761474609375,5058000
2016-06-21,1151.213129750145,1183.6251683421606,1142.6219869908157,1178.548583984375,4017000
2016-06-22,1178.1581089154413,1178.1581089154413,1146.5270824579832,1161.7568359375,4968000
2016-06-23,1164.8809742478668,1175.8151570433547,1154.3372979807893,1165.6619873046875,4221000
2016-06-24,1182.4535849750907,1186.7491561226223,1062.5680993121603,1077.7978515625,9195000
2016-06-27,1093.4179405765415,1112.1622481292823,1071.9400881723595,1082.874267578125,10302000
2016-06-28,1055.538720200197,1092.6368254236595,1043.433022706225,1080.5311279296875,8256000
2016-06-29,1093.4182386118307,1130.906863935665,1091.465706042881,1130.516357421875,6606000
2016-06-30,1151.9938890354497,1169.5666771732785,1139.107177734375,1139.107177734375,5759000
2016-07-01,1148.479401592343,1156.6800365578104,1135.2021830768247,1144.96484375,4411000
2016-07-04,1141.8409297719024,1158.6327081509012,1134.4213067672288,1156.68017578125,3133000
2016-07-05,1147.6983855295543,1155.8990204720928,1123.8774935536092,1131.6876220703125,4212000
2016-07-06,1093.80869256074,1125.0492121626173,1080.5314717299418,1123.0966796875,5782000
2016-07-07,1123.877664214199,1167.2238840640168,1111.381456689927,1166.44287109375,7597000
2016-07-08,1283.5945975521113,1301.9483992207906,1240.6388915190319,1270.7078857421875,29247000
2016-07-11,1270.7078857421875,1270.7078857421875,1270.7078857421875,1270.7078857421875,0
2016-07-12,1702.6078034783413,1799.84389133754,1574.1312054635766,1783.8331298828125,141815000
2016-07-13,1705.731818401426,1758.0596718047664,1640.9077612002727,1704.9508056640625,104469000
2016-07-14,1757.278707753057,2027.5091223675272,1742.4394653320312,1975.9622802734375,175959000
2016-07-15,2054.0639008644935,2171.215834373875,1999.3929985601153,2169.65380859375,177801000
2016-07-19,2448.475292231026,2553.9120273031754,2269.232842608372,2481.27783203125,226639000
2016-07-20,2278.214739639609,2341.4767876035476,2030.6336383486403,2168.482421875,261373000
2016-07-21,2264.9372209821427,2286.805580357143,2088.037813895089,2186.8359375,183044000
2016-07-22,2132.1651267870193,2336.790497929217,2122.011959516605,2204.018310546875,254126000
2016-07-25,1852.5622339897584,1917.7767982975765,1813.5115966796875,1813.5115966796875,113211000
2016-07-26,1720.5711839133373,1865.8395634902238,1694.7977617303413,1842.4091796875,166336000
2016-07-27,1780.709331130212,1815.0738971695669,1710.8086797547057,1742.0491943359375,97224000
2016-07-28,1724.08577443074,1765.0889468690702,1618.6490453036054,1646.375,142096000
2016-07-29,1640.1269667482852,1701.0459683703646,1596.3902476349976,1679.568115234375,108895000
2016-08-01,1607.7148245937237,1675.2724307765545,1569.8357043640442,1637.393310546875,73006000
2016-08-02,1671.3675873303976,1680.7397420257082,1631.5359298753274,1640.517578125,46412000
2016-08-03,1613.572711719121,1677.6157719132002,1610.8391664669346,1645.2037353515625,51317000
2016-08-04,1663.5573031691695,1669.0243928978946,1634.6598288887662,1657.69970703125,30225000
2016-08-05,1663.557166031182,1666.681217047203,1608.8862732508146,1617.867919921875,27967000
2016-08-08,1617.8681348642908,1665.119412759193,1597.952306991233,1661.995361328125,37316000
2016-08-09,1672.9293123675125,1791.6432505000344,1665.119184858794,1784.6141357421875,90963000
2016-08-10,1797.501018199301,1824.4459606837136,1750.2497422483743,1779.147216796875,61861000
2016-08-12,1796.3293013139205,1801.4058841219817,1712.760938165838,1718.22802734375,37145000
2016-08-15,1714.3230405903014,1738.924942995128,1692.064176509744,1723.3046875,22801000
2016-08-16,1723.304681851719,1735.8008862068639,1695.969234824839,1696.3597412109375,20804000
2016-08-17,1700.6553641836022,1774.4610734443831,1699.4838449889867,1772.8990478515625,36900000
2016-08-18,1757.2791388420642,1821.7127072662734,1738.9253345030472,1788.129150390625,48561000
2016-08-19,1808.0448580905124,1814.6834677206505,1723.3049586940456,1733.8486328125,35993000
2016-08-22,1749.4686544342508,1793.5958771911862,1732.2863730067716,1787.73828125,33338000
2016-08-23,1799.8444371216065,1799.8444371216065,1745.9545407617059,1764.6988525390625,30376000
2016-08-24,1763.91749800085,1778.7567419512666,1727.209894544556,1748.2972412109375,24426000
2016-08-25,1732.6770853824753,1755.3264590476056,1728.7720209574527,1736.97265625,15023000
2016-08-26,1731.50533715719,1733.8483755024636,1692.4546980692967,1694.0167236328125,18167000
2016-08-29,1725.257224917465,1753.7641912866309,1719.790135476803,1750.2496337890625,19026000
2016-08-30,1738.9252201775544,1746.7353491700428,1724.4764815414508,1733.4581298828125,12629000
2016-08-31,1757.2789302603019,1778.7567838523723,1744.7827245340065,1770.9466552734375,17154000
2016-09-01,1780.7095145446544,1831.4753559680764,1758.450645612846,1829.913330078125,28022000
2016-09-02,1819.760130298528,1888.4892682668844,1819.760130298528,1860.372802734375,56776000
2016-09-05,1878.3359111035766,1881.4599625149754,1808.8257671999515,1813.121337890625,30570000
2016-09-06,1819.3698127114849,1843.581216100219,1813.9027216237062,1839.28564453125,15880000
2016-09-07,1819.75989197111,1929.101688055211,1818.5883727273517,1928.711181640625,52440000
2016-09-08,2280.1668765580284,2280.5573829592204,2113.420643249195,2183.3212890625,135404000
2016-09-09,2151.690499063207,2181.759495148119,2129.4316318315186,2157.548095703125,62684000
2016-09-12,2132.164725128208,2153.2520685635423,2065.778643942898,2084.52294921875,47167000
2016-09-13,2101.7053553734754,2114.9825724085367,1998.611670160061,2001.34521484375,60177000
2016-09-14,1999.3930790137838,2056.797528743281,1981.8202882802643,2011.498779296875,52136000
2016-09-15,2023.6041543349584,2106.001004308844,2016.5750391713093,2102.876953125,58066000
2016-09-16,2077.884688183756,2133.7271069791473,2054.4543026752003,2113.811279296875,51748000
2016-09-20,2081.3988372953563,2169.2627656990066,2073.979216674604,2133.336181640625,47493000
2016-09-21,2131.7743774798428,2143.8800755384386,2085.3041171903938,2108.343994140625,44626000
2016-09-23,2097.0197171589652,2129.8222602206697,2067.341225817423,2116.935546875,34970000
2016-09-26,2104.4391538868467,2111.0777632051017,2079.8372487662546,2083.351806640625,18109000
2016-09-27,2063.0454645200953,2119.278390299178,2061.873945233031,2111.46826171875,30115000
2016-09-28,2100.9246432469245,2144.66136444463,2095.067046657946,2118.887939453125,25253000
2016-09-29,2146.2231358954728,2146.2231358954728,2103.657939059118,2119.668701171875,21384000
2016-09-30,2102.4866713258784,2127.0885770267573,2077.884765625,2077.884765625,21955000
2016-10-03,2093.1141357652673,2100.1432504003,2052.8919797981366,2065.38818359375,20227000
2016-10-04,2073.979267894379,2075.1507869686934,2025.165973131284,2043.9102783203125,21148000
2016-10-05,2050.1585683331195,2092.3332588816866,2037.2718573321686,2091.55224609375,24095000
2016-10-06,2092.7241815617294,2104.048869239522,2058.7501185283522,2059.140625,19068000
2016-10-07,2059.9210485441936,2089.209025537713,2052.891934065749,2084.52294921875,17563000
2016-10-11,2069.684110731822,2078.665758759526,2052.5018275483876,2052.892333984375,15812000
2016-10-12,2039.6150427861992,2056.7973253599293,2018.5276959911666,2020.0897216796875,14882000
2016-10-13,2031.8052551562125,2072.4179298700788,2024.7761383788127,2036.4913330078125,22461000
2016-10-14,2010.3267315233031,2047.8153419013602,2000.954578928789,2043.9102783203125,16394000
2016-10-17,2067.3408242661944,2067.731330655364,2004.469295609818,2025.556640625,21953000
2016-10-18,2017.356657509492,2055.2357894836346,2002.1269034167954,2047.4256591796875,16602000
2016-10-19,2039.2246304377454,2055.235394483695,2028.6809565538276,2036.881591796875,10766000
2016-10-20,2025.9465885537454,2129.8212594395,2015.7934252340851,2104.828857421875,52014000
2016-10-21,2030.6336333786232,2045.4728791610055,1954.484872126925,1966.9810791015625,60956000
2016-10-24,1944.7219623283986,1944.7219623283986,1869.744730045858,1872.0877685546875,43824000
2016-10-25,1866.6207866579841,1931.0543493773498,1864.2777480136438,1927.9302978515625,32113000
2016-10-26,1916.6052383497529,1952.5318239096912,1906.4520728654225,1915.043212890625,23514000
2016-10-27,1836.9421644251056,1944.3314278640732,1836.5516580126002,1943.5504150390625,58395000
2016-10-28,1959.9519210403998,2001.3456057645046,1953.3133112261567,1998.612060546875,32180000
2016-10-31,1999.3926886792453,2022.8230717497054,1979.4768630693545,1986.896484375,21720000
2016-11-01,1986.1149801597962,1998.6111813719695,1968.932703493058,1987.2864990234375,13507000
2016-11-02,1975.9625798131706,1998.2214468189711,1948.6271291042929,1983.3822021484375,19732000
2016-11-04,1952.532283595351,1957.999373989418,1902.54745713531,1905.6715087890625,21546000
2016-11-07,1922.4636807609822,1927.540265739632,1893.1756904995414,1916.215576171875,12319000
2016-11-08,1928.711375468486,1940.4265690833988,1904.89048178483,1907.2335205078125,10314000
2016-11-09,1920.510568311218,1921.2915811490836,1733.8485000613682,1789.69091796875,42339000
2016-11-10,1879.1170627792465,1917.386695396114,1866.6208562104734,1906.4525146484375,24270000
2016-11-11,1917.7775489395583,1918.558561991458,1875.212337611028,1882.241455078125,13366000
2016-11-14,1882.2410571210432,1946.2841138363651,1868.1828251591435,1940.0360107421875,16608000
2016-11-15,1929.4923228035987,1943.5505546637341,1915.8245973840226,1941.5980224609375,11431000
2016-11-16,1988.458555815038,2047.42502123689,1981.4294407316384,1995.4876708984375,32172000
2016-11-17,2004.8597235915759,2034.5382080078125,2000.1736471048016,2034.5382080078125,18633000
2016-11-18,2077.494112946928,2096.2384207329155,2045.0820807336584,2094.285888671875,26443000
2016-11-21,2117.325795200893,2159.50048828125,2100.9245256696427,2159.50048828125,29208000
2016-11-22,2145.052211648492,2177.464251256507,2142.3186661393825,2175.51171875,22301000
2016-11-24,2206.360894705819,2220.8096297684947,2152.471017985571,2158.32861328125,27118000
2016-11-25,2166.9203255196653,2182.931090224352,2152.862093096038,2176.29248046875,16667000
2016-11-28,2171.9967144450247,2196.208112556422,2162.2340539162356,2184.492919921875,16685000
2016-11-29,2193.8650600137607,2193.8650600137607,2166.920117126443,2186.054931640625,11643000
2016-11-30,2205.9705391486414,2205.9705391486414,2161.4528118583344,2169.262939453125,17992000
2016-12-01,2186.8359794425555,2196.9891464899674,2175.901799545343,2182.14990234375,16011000
2016-12-02,2168.8726995986144,2179.416373147257,2097.800529752207,2112.249267578125,23404000
2016-12-05,2097.019620626934,2133.336720202037,2081.3993627451687,2114.201904296875,13471000
2016-12-06,2139.5848735848344,2180.9785579432923,2123.574108880148,2176.29248046875,16993000
2016-12-07,2186.8361957760007,2214.952661150264,2169.2634049170865,2185.274169921875,18302000
2016-12-08,2204.7996861852303,2206.3617121761513,2180.9787898236823,2204.4091796875,14631000
2016-12-09,2218.0761935726796,2297.7394934826843,2215.7331553400327,2284.852783203125,41857000
2016-12-12,2335.2283761160716,2357.0967354910713,2257.1270926339284,2296.177734375,36809000
2016-12-13,2278.2143672116767,2282.900444072585,2195.817515740702,2208.313720703125,30445000
2016-12-14,2208.313684703837,2211.8282422922252,2177.463679205764,2184.88330078125,17860000
2016-12-15,2202.4558731867633,2211.828025838622,2133.7267537398006,2153.642578125,30907000
2016-12-16,2132.164801070465,2132.94581381811,2032.9761821195677,2062.26416015625,53564000
2016-12-19,1952.5326804213148,1986.1162425245614,1900.985817658192,1916.6060791015625,56297000
2016-12-20,1914.6535916563823,1963.076403274859,1905.6719411142456,1938.083984375,40576000
2016-12-21,1952.5321901354848,1961.123331772081,1909.9669883905312,1915.8245849609375,22149000
2016-12-22,1883.022090872255,1908.0145035258893,1835.7708106989778,1842.7999267578125,33606000
2016-12-26,1863.4965866048474,1931.8352082846145,1858.8105096896634,1917.7769775390625,23638000
2016-12-27,1929.8826762366211,1938.4738172477919,1879.1168429887941,1917.7769775390625,23157000
2016-12-28,1906.8428222255113,1920.1200403200573,1892.0035784727838,1901.375732421875,13122000
2016-12-29,1890.0507628431674,1907.2330425053779,1883.4121547918587,1906.0615234375,10953000
2016-12-30,1903.3288568746975,1924.0257032871634,1899.423791513855,1916.6060791015625,11996000
2017-01-04,1916.605510636872,1916.9960170571321,1900.2042409859453,1911.91943359375,14376000
2017-01-05,1917.7773110340413,1940.0361802519074,1864.668430093168,1881.0697021484375,25462000
2017-01-06,1874.430751364345,1891.2225268453174,1868.1826488597974,1878.3358154296875,14435000
2017-01-10,1912.7005236050022,1915.824575093128,1888.8796310080431,1903.328369140625,17259000
2017-01-11,1925.1966754445311,1979.8675749500553,1919.7295854939787,1963.8568115234375,32244000
2017-01-12,1975.9623495434957,1984.5534901936849,1929.101582360646,1968.1522216796875,25818000
2017-01-13,1944.7219952713815,1959.1707329872531,1844.7523505345393,1854.905517578125,75892000
2017-01-16,1819.7598350787985,1831.4750271501212,1788.9098292909819,1811.94970703125,36756000
2017-01-17,1792.0339766424138,1858.4200686078116,1792.0339766424138,1842.018798828125,32123000
2017-01-18,1836.5515482667004,1851.390791055162,1808.4350882464576,1832.646484375,28302000
2017-01-19,1818.5887441683217,1881.850796252339,1800.2349389340698,1858.8109130859375,36079000
2017-01-20,1859.9819395861987,1884.5838422093207,1838.504088089822,1845.533203125,20924000
2017-01-23,1836.9421456295192,1851.0003763358677,1818.1978380210548,1836.1611328125,12083000
2017-01-24,1830.6943378264023,1840.8475060822655,1815.8550919139868,1817.026611328125,11068000
2017-01-25,1835.3803042512648,1847.4860041303689,1818.1980205518912,1842.7999267578125,11931000
2017-01-26,1843.1905730437263,1851.7817155452012,1831.8658852008728,1840.8475341796875,14533000
2017-01-27,1845.5335462106548,1845.5335462106548,1827.9607553559192,1834.599365234375,8360000
2017-01-30,1835.3806905020024,1847.0958863988237,1833.8186643824263,1840.457275390625,7187000
2017-01-31,1814.29243331962,1836.1607880905838,1804.1392686045294,1805.7012939453125,13502000
2017-02-01,1757.278843663674,1774.4611256906078,1718.6187091030733,1767.04150390625,30826000
2017-02-02,1781.8809451819736,1793.5961387729135,1753.3739741106863,1758.841064453125,16245000
2017-02-03,1784.2236081894216,1872.4780479904305,1782.271076335417,1870.135009765625,36983000
2017-02-06,1874.4303556851696,1886.926558056404,1840.846811812477,1853.7335205078125,15932000
2017-02-07,1824.4455226942532,1840.0657754570464,1811.9493204840185,1814.2923583984375,12100000
2017-02-08,1822.103199008407,1829.52282197908,1788.9101488764493,1816.6361083984375,14047000
2017-02-09,1814.2928464449872,1850.2194374636997,1800.2346151767952,1827.9605712890625,16052000
2017-02-10,1847.09521830271,1853.3433205210702,1824.0553413725072,1846.7047119140625,13191000
2017-02-13,1857.6390065814244,1862.7155899502616,1839.285205171013,1847.48583984375,8293000
2017-02-14,1834.9899125890495,1841.2380161433002,1816.2456019262968,1816.6361083984375,10102000
2017-02-15,1824.836154552744,1833.8178005092416,1771.3367851596934,1772.1177978515625,17217000
2017-02-16,1778.3658504816076,1808.0443319564872,1776.4133188056287,1805.7012939453125,13049000
2017-02-17,1801.0156625279315,1829.1321256029557,1786.566924558822,1824.0555419921875,13808000
2017-02-20,1808.435344913249,1812.3404093591857,1788.1290097943786,1803.749267578125,8080000
2017-02-21,1805.7016497089096,1818.5883613093408,1798.6725342904926,1806.8731689453125,6273000
2017-02-22,1809.607078025291,1820.541259765625,1797.110870322052,1820.541259765625,8682000
2017-02-23,1813.5118513150453,1816.2453963105675,1801.0156456212292,1812.34033203125,6846000
2017-02-24,1813.1214735757794,1858.8107288866486,1806.4828638297556,1852.172119140625,17905000
2017-02-27,1834.9897384643555,1864.6682275308144,1834.5992320292705,1849.4384765625,10125000
2017-02-28,1858.4203759505901,1860.7634148780337,1834.2089737003407,1835.3804931640625,10896000
2017-03-01,1835.7705379827662,1836.9420571518683,1814.2926865492304,1818.5882568359375,12109000
2017-03-02,1831.0846269851434,1831.4751334101775,1783.4428431309768,1786.56689453125,20381000
2017-03-03,1793.986660664919,1861.1537711643457,1791.643621926567,1851.7816162109375,48342000
2017-03-06,1872.8691988400499,1914.6533948942379,1863.8875492209254,1893.175537109375,34599000
2017-03-07,1916.6051222660997,1946.2836041919804,1903.7184130088092,1928.3203125,35312000
2017-03-08,1968.9334982573325,1977.5246400585347,1929.8828537064137,1938.864501953125,38078000
2017-03-09,1952.5318501542856,1956.0464074845634,1916.6052641114468,1925.9774169921875,21393000
2017-03-10,1925.9773655435113,1955.6558488730543,1922.853314666717,1931.8349609375,22282000
2017-03-13,1929.8829733886719,1953.3133615722656,1911.91967578125,1952.5323486328125,14231000
2017-03-14,1952.5319364186796,1957.999025840652,1939.2547192510326,1943.9407958984375,10586000
2017-03-15,1940.0362735219258,1954.875520380588,1940.0362735219258,1951.3609619140625,11182000
2017-03-16,1948.2367896919955,1967.762113300855,1947.4557767476413,1964.6380615234375,12475000
2017-03-17,1956.8276371482389,2002.1263810933988,1940.4263677887845,1997.830810546875,25691000
2017-03-21,2050.158558948458,2073.9794488714783,2022.0420987114508,2051.330078125,42106000
2017-03-22,2041.5675967974594,2159.110031119578,2040.7865839448207,2140.36572265625,61439000
2017-03-23,2163.0151324419667,2192.303114917711,2070.855614251625,2095.45751953125,61249000
2017-03-24,2095.84824887728,2125.9172474171633,2075.93241867554,2097.80078125,24353000
2017-03-27,2102.486474509485,2122.0117946665196,2088.0377375932794,2099.7529296875,17503000
2017-03-28,2099.753351422441,2100.534364385589,2054.0640930783043,2080.22802734375,21553000
2017-03-29,2103.6455404012,2130.6357095988,2089.753541549494,2117.140625,17000000
2017-03-30,2117.9346302323765,2123.88834452276,2061.969715902773,2063.557373046875,18921000
2017-03-31,2061.1759730376516,2094.5167744501614,2035.3765433732096,2050.856201171875,21813000
2017-04-03,2061.1762050171697,2126.270157958209,2058.39780458676,2123.888671875,19923000
2017-04-04,2129.0484486318005,2141.749707087471,2055.2223838582145,2068.320556640625,24921000
2017-04-05,2068.3204767732336,2098.08905012921,2034.9796746145403,2071.098876953125,19705000
2017-04-06,2071.0989694432596,2106.0274304074233,2064.748340177048,2093.326171875,22016000
2017-04-07,2093.326194900877,2093.326194900877,2015.927899867568,2045.299560546875,28057000
2017-04-10,2034.5825039971812,2066.3356449101298,2019.4997620635306,2046.093017578125,16032000
2017-04-11,2040.5361275670132,2054.0312118574775,2022.6749865943393,2041.3299560546875,11694000
2017-04-12,2008.386429708854,2038.155003271732,2008.386429708854,2032.9951171875,12971000
2017-04-13,2017.9120821945264,2038.1547092975793,1994.0972267791701,2003.6231689453125,13819000
2017-04-14,2006.7984535738549,2083.0059897855203,2005.2107965694452,2044.9022216796875,25087000
2017-04-17,2065.938711722287,2116.3468224597955,2065.938711722287,2104.04248046875,22667000
2017-04-18,2121.1095606985778,2135.3984724098705,2096.8977936322203,2120.712646484375,21596000
2017-04-19,2132.6196635138126,2173.1049055905683,2125.872123167687,2156.03759765625,30067000
2017-04-20,2167.5487195522996,2187.3944320550677,2127.460380296709,2128.651123046875,26201000
2017-04-21,2157.6258856143536,2170.7240560016376,2136.192515889708,2143.73388671875,20159000
2017-04-24,2167.151696871004,2184.2190087694385,2155.244269965119,2172.70849609375,19840000
2017-04-25,2194.5390778242772,2223.910734861535,2188.5853635599683,2219.544677734375,29722000
2017-04-26,2224.3075851893445,2224.3075851893445,2183.8223293561337,2192.554443359375,20083000
2017-04-27,2206.843255051884,2206.843255051884,2164.7703440742766,2180.25,19272000
2017-04-28,2143.337385368381,2243.3597966855723,2136.589841747777,2226.29248046875,56412000
2017-05-01,2254.472883878907,2259.235854760341,2240.183971234604,2247.725341796875,22198000
2017-05-02,2246.534821832018,2259.236078775238,2233.4366506093224,2250.90087890625,14686000
2017-05-08,2300.515350267648,2331.0777522639573,2280.669634685629,2287.020263671875,34466000
2017-05-09,2278.287518555877,2300.1177996570223,2274.318376537487,2281.06591796875,14173000
2017-05-10,2298.5307737188823,2341.79443359375,2273.5251721398304,2341.79443359375,26137000
2017-05-11,2341.7942265968754,2358.46462617604,2333.0621125315993,2345.366455078125,18796000
2017-05-12,2345.7633427654873,2362.433742155699,2325.917629205712,2340.20654296875,13745000
2017-05-15,2315.598384197127,2392.599770301728,2299.324895381206,2360.44970703125,27150000
2017-05-16,2372.3566945003804,2402.1252660392006,2368.3875516285375,2380.69189453125,26006000
2017-05-17,2377.516078529846,2435.4655522302396,2373.9438506989995,2420.3828125,26317000
2017-05-18,2383.8669772967673,2427.527544646525,2382.2793203022306,2415.6201171875,20948000
2017-05-19,2433.08478367368,2437.0539268770626,2396.568666202558,2405.30078125,14719000
2017-05-22,2418.7951556862904,2425.1457829411283,2399.7432739217775,2420.3828125,11265000
2017-05-23,2425.1466705638513,2452.136846275527,2418.002212287231,2451.343017578125,17429000
2017-05-24,2460.8686688852727,2532.3132431432323,2458.4871830766742,2530.7255859375,30799000
2017-05-25,2539.4573911979655,2564.0660748888495,2510.085736470137,2521.9931640625,27044000
2017-05-26,2545.8080772734584,2660.119384765625,2528.343849739933,2660.119384765625,53093000
2017-05-29,2639.4800937298646,2747.4407832779134,2611.6960927432347,2695.048095703125,61956000
2017-05-30,2706.955247681059,2734.739245824413,2668.0576502803633,2699.810791015625,32060000
2017-05-31,2691.0781308042347,2714.8929815193164,2647.417571159918,2671.232421875,29260000
2017-06-01,2654.562894630202,2667.2641524992464,2620.4282641071463,2632.335693359375,22613000
2017-06-02,2637.098220961678,2683.934101466416,2593.437654389465,2662.500732421875,36545000
2017-06-05,2659.325486840559,2745.852793725819,2652.974858812283,2744.26513671875,32661000
2017-06-06,2773.636513172737,2804.595821705575,2689.4907002373307,2749.02783203125,44382000
2017-06-07,2783.9567342894616,2783.9567342894616,2705.3677075729925,2718.86279296875,30276000
2017-06-08,2737.914452061645,2759.3478212137657,2694.253885270288,2697.42919921875,26296000
2017-06-09,2718.862855441265,2776.0185125483513,2706.9554268772886,2764.111083984375,31730000
2017-06-12,2708.542532138724,2729.9758991867147,2639.4794605396414,2700.604248046875,33632000
2017-06-13,2690.284891383151,2722.8318611520235,2662.500892799967,2711.71826171875,21227000
2017-06-14,2777.605710362126,2799.0390782328827,2759.34765625,2759.34765625,31215000
2017-06-15,2786.3379007273707,2886.3602869073275,2779.987273033405,2877.628173828125,49185000
2017-06-16,2857.782449838721,2911.762785002341,2845.875022964393,2860.957763671875,44381000
2017-06-19,2876.041230569154,2939.547523267341,2872.0720872755173,2933.99072265625,32393000
2017-06-20,2984.795367782043,2994.321310445177,2958.5990254584235,2972.887939453125,28883000
2017-06-21,2976.857093072707,2994.3213213520667,2942.7224650721396,2953.042236328125,29147000
2017-06-22,2953.0426162474937,2995.1155352424175,2945.8981583049595,2968.919189453125,22694000
2017-06-23,2987.971003664396,3062.590895891934,2980.032717257211,3051.477294921875,42876000
2017-06-26,3091.961379663036,3130.858968264702,3081.6416112585125,3118.15771484375,36280000
2017-06-27,3137.2103106323116,3138.0041391522086,3061.796601242112,3121.333740234375,35916000
2017-06-28,3088.7869300892653,3107.0449869877625,2993.5275027927573,3006.228759765625,40559000
2017-06-29,3044.3319313399506,3085.6110083750686,2985.58862940536,3078.466552734375,41314000
2017-06-30,2976.8568391253234,3014.9606066661277,2967.330897240123,2991.145751953125,34045000
2017-07-03,2991.939987628974,3003.8474166060064,2921.2892423652493,2930.815185546875,28464000
2017-07-04,2914.938489642704,2917.3199753368567,2773.6370051229874,2785.54443359375,62853000
2017-07-05,2740.29591525577,2832.3800190129164,2699.0168342611873,2811.740478515625,66577000
2017-07-06,2824.4418605820815,2857.7826582618027,2765.698550384478,2774.4306640625,35592000
2017-07-07,2734.739249341181,2801.420844970981,2719.6565074725363,2791.10107421875,31374000
2017-07-10,2841.1124310756272,2908.5878590279685,2817.297574151272,2895.0927734375,39041000
2017-07-11,2912.556851252145,2919.7013079600406,2829.9986848497947,2862.545654296875,35088000
2017-07-12,2851.4318325756526,2891.917084096075,2837.1429202743266,2859.3701171875,23933000
2017-07-13,2889.5358991398684,2894.298870402187,2852.2259575850408,2869.690185546875,23030000
2017-07-14,2869.690206776495,2870.484035326087,2833.967922044837,2848.2568359375,17060000
2017-07-17,2848.2568359375,2848.2568359375,2848.2568359375,2848.2568359375,0
2017-07-18,2823.6483060653895,2905.412651166524,2819.6791630993152,2897.474365234375,27113000
2017-07-19,2918.907856826701,2990.3524331428293,2911.7633991950884,2987.970947265625,33779000
2017-07-20,3000.671885205235,3000.671885205235,2944.3100587900044,2962.568115234375,26690000
2017-07-21,2970.5062084659207,2993.527234667287,2948.279010754257,2954.629638671875,19581000
2017-07-24,2933.9901244308776,2933.9901244308776,2876.04064415938,2876.83447265625,21527000
2017-07-25,2852.2260435109774,2885.566843351629,2784.7506152620394,2802.21484375,33310000
2017-07-26,2803.8026153419414,2862.5459317449154,2798.2458151416604,2839.52490234375,32882000
2017-07-27,2977.651086067404,3061.7969178784265,2945.104113385782,3055.4462890625,80426000
2017-07-28,3007.8162670390084,3036.3940938042247,2963.361869848672,2973.681640625,38504000
2017-07-31,2957.011231185278,2999.877971180984,2931.60871859523,2975.269287109375,25207000
2017-08-01,2950.6605593123527,2980.032214059341,2930.8148466454686,2945.103759765625,23455000
2017-08-02,2962.5676975084125,3019.723344405681,2943.515815209323,3007.81591796875,32972000
2017-08-03,2991.9401138791563,3001.466057462746,2954.630168176763,2966.53759765625,23443000
2017-08-04,2953.835854453229,2990.351965526824,2918.1135718812334,2984.795166015625,23392000
2017-08-07,3001.4659984276727,3051.4772012578615,2988.7647405660377,3029.25,26480000
2017-08-08,3018.929604138027,3065.765482824365,3014.960461876473,3031.630859375,21837000
2017-08-09,3014.16700280231,3018.9299740998645,2970.5064325747285,2976.063232421875,22596000
2017-08-10,2971.30055326574,2986.3832971909465,2907.0004344267004,2914.938720703125,23472000
2017-08-11,2914.938720703125,2914.938720703125,2914.938720703125,2914.938720703125,0
2017-08-14,2859.369756095312,2887.1537487281093,2849.843815764067,2858.575927734375,22296000
2017-08-15,2889.535519795647,2938.7528830449132,2882.391063840108,2908.58740234375,21774000
2017-08-16,2907.0004559332824,2931.609143572259,2878.422625126729,2911.763427734375,14332000
2017-08-17,2899.062169598129,2940.3412585409283,2897.474512331098,2911.763427734375,15280000
2017-08-18,2864.133046225762,2878.421958318906,2845.081163434903,2865.720703125,20841000
2017-08-21,2876.0409104956148,2881.597710488292,2828.411196272668,2837.143310546875,15887000
2017-08-22,2831.5863314541907,2886.3604993460713,2828.4110173735016,2864.13330078125,18097000
2017-08-23,2885.566724148507,2898.2679807059694,2851.4320971503266,2856.195068359375,14784000
2017-08-24,2857.782267886971,2863.339066741196,2837.142729285565,2851.431640625,12779000
2017-08-25,2862.545420588452,2868.1022197964717,2834.7614245483533,2860.957763671875,13679000
2017-08-28,2873.6593286636466,2930.8149838193876,2868.1025288568385,2924.46435546875,19642000
2017-08-29,2902.2373367936643,2919.7015658443925,2880.0101361836473,2897.474365234375,17657000
2017-08-30,2920.4945589795525,2924.463700810185,2893.50439453125,2893.50439453125,13511000
2017-08-31,2903.03060326722,2918.1133436178015,2895.8861473116813,2908.58740234375,12520000
2017-09-01,2936.3715595411218,2953.835786172618,2918.9073329096254,2921.288818359375,16853000
2017-09-04,2905.412745016823,2937.9597183899623,2899.8559446848235,2919.70166015625,12551000
2017-09-05,2919.7013945258095,2924.464365805623,2841.112368408883,2849.844482421875,21898000
2017-09-06,2813.3279589625276,2843.493439335151,2781.574821728188,2838.73046875,19148000
2017-09-07,2838.730646858237,2859.3701873555283,2805.3898506703044,2811.740478515625,15813000
2017-09-08,2809.3591743977863,2871.2777998860674,2806.9776888020833,2857.78271484375,21218000
2017-09-11,2871.278167425091,2911.763427734375,2863.339881089937,2911.763427734375,15657000
2017-09-12,2937.165312077201,3011.7851875732167,2929.2270274499656,3007.022216796875,26661000
2017-09-13,3024.486870314982,3024.486870314982,2987.1769272953484,2998.29052734375,15356000
2017-09-14,3016.548145801533,3048.301284178391,2989.5579781812035,2990.351806640625,20090000
2017-09-15,3008.610529003268,3044.332817606209,2995.9092708333333,3036.39453125,22350000
2017-09-18,3036.39453125,3036.39453125,3036.39453125,3036.39453125,0
2017-09-19,3132.4475692059677,3256.2848273904915,3111.808026175214,3250.72802734375,64997000
2017-09-20,3334.080209729832,3416.6383863517135,3291.2134641761627,3404.73095703125,70817000
2017-09-21,3394.4110628742515,3403.937005988024,3308.677574850299,3314.234375,42018000
2017-09-22,3319.79101598115,3364.2454150473727,3257.0785601555854,3265.016845703125,38368000
2017-09-25,3282.480669040124,3311.8523219432645,3258.6658153348753,3270.5732421875,21460000
2017-09-26,3222.943943331349,3238.8205144807644,3175.3142298831026,3208.655029296875,30170000
2017-09-27,3234.922538632191,3274.722274589772,3208.6547129001874,3251.638427734375,24840000
2017-09-28,3288.2545743037913,3329.646304602459,3263.5787350872774,3308.950439453125,28116000
2017-09-29,3290.6421689133554,3324.8699418362567,3285.866200598532,3308.154052734375,16078000
2017-10-02,3324.870354949571,3348.750199490745,3308.9504585887876,3320.890380859375,16760000
2017-10-03,3341.586349428842,3345.566323642073,3311.3385454082854,3324.074462890625,16786000
2017-10-04,3335.2175954158733,3357.5054456955017,3324.0736702760587,3344.76953125,18939000
2017-10-05,3351.9338473027224,3386.957615833076,3344.7698946487862,3386.16162109375,20111000
2017-10-06,3461.78146825624,3496.8052402965423,3443.473587416991,3476.109375,33699000
2017-10-09,3476.109375,3476.109375,3476.109375,3476.109375,0
2017-10-10,3502.3769697799034,3534.216760414266,3446.6573361697683,3453.8212890625,27000000
2017-10-11,3458.59719696842,3509.5408610894738,3446.657275690048,3504.764892578125,20549000
2017-10-12,3534.2167030177347,3542.176650547054,3471.3331175361127,3478.4970703125,22848000
2017-10-13,3461.781239935766,3519.888857897438,3456.2092765695784,3514.31689453125,22793000
2017-10-16,3529.4407186230533,3550.1365821061836,3500.7849076464113,3527.052734375,21472000
2017-10-17,3542.176650547054,3545.3606295587815,3466.557149018521,3478.4970703125,22474000
2017-10-18,3478.4972621210245,3485.661215292441,3396.509798048149,3416.40966796875,21392000
2017-10-19,3442.6772352692287,3469.741056309496,3399.6935194993935,3464.965087890625,23685000
2017-10-20,3449.841782210891,3492.825505385646,3442.677828348432,3472.129638671875,15718000
2017-10-23,3507.1525382358514,3508.744527585936,3475.3127512341644,3479.292724609375,14351000
2017-10-24,3497.6002680564416,3512.7241654376594,3474.5164246851086,3510.336181640625,17495000
2017-10-25,3532.6251164839505,3605.856642107322,3502.377312422123,3513.521240234375,47903000
2017-10-26,3460.985158598724,3476.9050535324805,3360.689820516056,3375.813720703125,41954000
2017-10-27,3409.245868524877,3429.1457393427904,3355.9142147328703,3421.185791015625,23410000
2017-10-30,3414.8181605088785,3442.6779823312118,3378.20239468524,3412.43017578125,23173000
2017-10-31,3581.9766527985876,3659.1881495366906,3483.273296143693,3486.457275390625,82708000
2017-11-01,3507.1527882457717,3532.6246196628995,3434.7172676533146,3453.025146484375,30863000
2017-11-02,3458.5978407054895,3467.35378460601,3372.630391500382,3418.798095703125,27891000
2017-11-03,3418.798095703125,3418.798095703125,3418.798095703125,3418.798095703125,0
2017-11-06,3442.6774434962595,3452.2293809117405,3371.0379128801524,3384.56982421875,20797000
2017-11-07,3382.977726915623,3414.021522527319,3352.7299260632008,3407.653564453125,21282000
2017-11-08,3407.653504274849,3467.3531101661392,3394.1215936061567,3458.59716796875,23381000
2017-11-09,3464.1696221267703,3493.621431873712,3387.754115756327,3428.349853515625,28149000
2017-11-10,3383.773642059397,3472.925053000505,3372.629715691758,3446.6572265625,25618000
2017-11-13,3487.2535448886206,3534.217242480136,3471.3336473999716,3506.357421875,29229000
2017-11-14,3514.317169530203,3579.5887454988274,3512.725179872432,3564.46484375,27044000
2017-11-15,3585.1601286007485,3610.6319589993327,3410.041294610481,3429.941162109375,45685000
2017-11-16,3440.289321848313,3571.628456069732,3430.7373848140282,3565.260498046875,39666000
2017-11-17,3605.8563345424727,3636.104136024286,3536.604789044637,3568.444580078125,39460000
2017-11-20,3569.2404202207113,3602.6721993574797,3546.156572721514,3563.66845703125,19283000
2017-11-21,3597.8961442240166,3601.876117834884,3530.236592839273,3542.176513671875,21438000
2017-11-22,3562.0763541804076,3597.896116401216,3550.932428156156,3582.772216796875,23212000
2017-11-23,3582.772216796875,3582.772216796875,3582.772216796875,3582.772216796875,0
2017-11-24,3596.3048139439966,3710.132080078125,3589.93685499943,3710.132080078125,46017000
2017-11-27,3789.731605190843,3835.8993080056025,3750.7278562611327,3798.487548828125,42687000
2017-11-28,3757.09539447483,3790.52717552736,3722.0716238483697,3747.54345703125,25715000
2017-11-29,3784.159605124851,3787.343584599083,3666.3523645782634,3679.88427734375,27810000
2017-11-30,3630.532271069552,3636.1042346515487,3550.932791326742,3597.896484375,35878000
2017-12-01,3653.616230990561,3655.208220633694,3571.628764369204,3605.060546875,23013000
2017-12-04,3589.9367832901453,3597.896731811853,3532.6251539338505,3537.401123046875,21861000
2017-12-05,3466.5568590009007,3495.2126677090596,3410.0412362709203,3424.369140625,28743000
2017-12-06,3445.8616046216116,3494.417289048019,3424.3697443017263,3435.513671875,27585000
2017-12-07,3486.4573131533834,3555.708862524238,3475.313385668418,3540.5849609375,24851000
2017-12-08,3574.016090939395,3580.384048339732,3469.740788508869,3479.292724609375,24712000
2017-12-11,3486.456577735959,3532.6242675781245,3454.6167916379136,3532.624267578125,18223000
2017-12-12,3532.624493811397,3532.624493811397,3479.292848681752,3494.416748046875,15366000
2017-12-13,3457.005194198779,3513.520821366201,3430.73736748716,3496.804931640625,20456000
2017-12-14,3478.496877088904,3486.456824176064,3406.857353304464,3423.5732421875,20122000
2017-12-15,3382.9773218720948,3453.0248523014466,3368.6494179206366,3425.1650390625,22833000
2017-12-18,3441.084932341898,3443.472916333808,3378.2013538882757,3425.1650390625,20827000
2017-12-19,3419.593911959768,3435.5138091290405,3396.5100610643226,3398.10205078125,15431000
2017-12-20,3395.713652760787,3406.85757942245,3350.3419513525914,3355.117919921875,18652000
2017-12-21,3333.6258256812794,3374.2215556501774,3319.2979209863743,3359.09765625,16920000
2017-12-22,3344.7701546712506,3403.6737699605587,3333.6262274543546,3367.85400390625,17382000
2017-12-25,3371.037989572267,3400.489797273371,3356.710083123082,3371.833984375,9837000
2017-12-26,3355.118301010864,3371.834192902021,3312.930573856991,3317.70654296875,16064000
2017-12-27,3288.2546247110104,3363.078138320992,3287.4586298853724,3340.790283203125,21097000
2017-12-28,3351.13830299099,3364.6702153783644,3269.150833820426,3271.538818359375,16962000
2017-12-29,3271.538439790263,3300.9902456959176,3261.1905079855737,3278.702392578125,14523000
2018-01-01,3278.702392578125,3278.702392578125,3278.702392578125,3278.702392578125,0
2018-01-02,3278.702392578125,3278.702392578125,3278.702392578125,3278.702392578125,0
2018-01-03,3278.702392578125,3278.702392578125,3278.702392578125,3278.702392578125,0
2018-01-04,3352.72997809571,3442.6773872896356,3328.85013494688,3439.493408203125,29177000
2018-01-05,3470.5373729391576,3472.129362559772,3382.9779438053715,3391.73388671875,24939000
2018-01-08,3391.73388671875,3391.73388671875,3391.73388671875,3391.73388671875,0
2018-01-09,3422.7777034527844,3460.1894597463383,3398.8978590100905,3433.921630859375,22221000
2018-01-10,3453.82125478456,3526.256777758839,3422.777459224155,3520.684814453125,24466000
2018-01-11,3491.2330908822883,3513.5209446316508,3478.4971744540812,3511.928955078125,15536000
2018-01-12,3535.013112135288,3586.752777140646,3527.8491585191614,3551.72900390625,23406000
2018-01-15,3581.180451487092,3608.244273525447,3554.1166294487366,3570.83251953125,19336000
2018-01-16,3574.0165316379407,3599.4883643801263,3526.2568452463424,3590.732421875,18731000
2018-01-17,3550.1369041869066,3613.816489912232,3548.5449145437733,3605.060546875,19418000
2018-01-18,3682.2717418917505,3725.2554587231716,3645.6559831094287,3690.231689453125,45498000
2018-01-19,3743.5630229924686,3851.022306025423,3742.767028303336,3846.246337890625,50980000
2018-01-22,3832.7146404254545,3916.2940874129254,3829.5306614925985,3856.594482421875,38369000
2018-01-23,3852.614755447797,3961.666040880927,3838.2868493324954,3947.338134765625,38979000
2018-01-24,3948.134002685547,3978.3818035125732,3816.794867515564,3871.718505859375,39548000
2018-01-25,3795.3033317196987,3855.798938517244,3760.279559363225,3802.46728515625,31331000
2018-01-26,3850.2269352662374,3863.758847174347,3813.6111736325292,3839.0830078125,20920000
2018-01-29,3857.3908954405338,3868.5348229139486,3801.6712580734606,3812.815185546875,16997000
2018-01-30,3804.8547744994416,3804.8547744994416,3741.97119140625,3741.97119140625,20309000
2018-01-31,3709.335915106447,3866.1468969253247,3706.9479306117432,3818.38720703125,31535000
2018-02-01,3964.0542937966607,3964.0542937966607,3761.0756100781573,3838.287109375,63674000
2018-02-02,3855.799111135587,3880.4749518550752,3737.195876709657,3754.707763671875,33277000
2018-02-05,3671.924602650854,3754.7080751580484,3666.3526381551774,3734.01220703125,24789000
2018-02-06,3566.8531331361905,3639.2886687566756,3432.3299955552898,3539.789306640625,53378000
2018-02-07,3661.5766798353648,3712.5203553809006,3574.017237491476,3574.813232421875,36760000
2018-02-08,3581.976026404205,3589.9359731295476,3478.4967189747504,3527.848388671875,34038000
2018-02-09,3375.8146066637037,3451.4341274449,3359.0987125962815,3449.046142578125,33606000
2018-02-12,3449.046142578125,3449.046142578125,3449.046142578125,3449.046142578125,0
2018-02-13,3518.297630516259,3606.6530687486807,3503.1737266746727,3534.217529296875,33885000
2018-02-14,3548.5445926074813,3593.9162933204975,3492.0289654035487,3527.052734375,29885000
2018-02-15,3582.7727605743144,3654.412295889064,3575.6088070428395,3648.84033203125,31051000
2018-02-16,3675.108161646658,3681.4761203413027,3625.756481763164,3648.84033203125,21722000
2018-02-19,3664.7593853521053,3724.458984375,3653.6154602011648,3724.458984375,18598000
2018-02-20,3708.5396484686935,3769.0352512340123,3698.987711189959,3737.991455078125,22971000
2018-02-21,3749.9316266215396,3815.9991972030693,3717.295838743916,3802.46728515625,30598000
2018-02-22,3788.9349528236276,3826.346705509071,3730.827336950492,3755.503173828125,26401000
2018-02-23,3784.954368269473,3854.2058992977472,3782.566384440912,3849.429931640625,29425000
2018-02-26,3896.3945568304507,3937.7862865455036,3861.3707855330986,3882.066650390625,27284000
2018-02-27,3932.213578545418,3962.4613753034596,3901.1697871358488,3934.6015625,32096000
2018-02-28,3919.4785932247096,3939.3784642301152,3886.046809935628,3906.74267578125,27104000
2018-03-01,3860.574764482063,3873.31068123087,3826.346988219645,3835.89892578125,23578000
2018-03-02,3749.1356864269865,3882.862819191261,3747.5436967512214,3868.534912109375,31206000
2018-03-05,3849.4297366245664,3855.0016986089277,3657.595045448694,3671.126953125,35933000
2018-03-06,3763.4635071417297,3835.103040907118,3755.5035589455756,3782.5673828125,32191000
2018-03-07,3745.1556409724103,3753.115589199769,3664.7601638760843,3669.5361328125,32267000
2018-03-08,3744.359687695435,3818.38720703125,3726.847801400941,3818.38720703125,28101000
2018-03-09,3880.473683812568,3900.373548857761,3792.118283011913,3829.530029296875,34925000
2018-03-12,3896.3944591175427,3913.1103495448087,3833.5108713197315,3852.61474609375,25070000
2018-03-13,3824.754208247649,3883.6578110385594,3806.446331704528,3882.86181640625,19205000
2018-03-14,3852.6150164610117,3874.1068770900297,3816.7952487459816,3838.287109375,17209000
2018-03-15,3827.9388465072357,3914.702276382322,3827.1428517377394,3903.558349609375,23246000
2018-03-16,3919.478483730736,3970.42215208142,3897.9866236452913,3899.57861328125,32862000
2018-03-19,3910.7219077103973,3940.173711208318,3834.3064175536297,3846.246337890625,25933000
2018-03-20,3810.427194360033,3842.2669870849963,3755.5035519094704,3839.0830078125,28374000
2018-03-21,3839.0830078125,3839.0830078125,3839.0830078125,3839.0830078125,0
2018-03-22,3863.7579741970576,3906.7416846640212,3843.062113601853,3898.78173828125,24293000
2018-03-23,3796.8948201010853,3825.5506300641123,3774.60696790762,3794.5068359375,26201000
2018-03-26,3761.0753114325607,3776.1992121557814,3659.983975019453,3772.21923828125,32561000
2018-03-27,3827.9389387422675,3866.9426833873854,3773.0152983236326,3812.01904296875,30157000
2018-03-28,3762.9724301647907,3803.9791810063302,3723.57378719939,3750.91162109375,27650000
2018-03-29,3769.404271759805,3777.4448098821595,3726.789419711326,3751.715087890625,19267000
2018-03-30,3777.445522567222,3812.8238969803674,3755.7360655409734,3767.796875,22033000
2018-04-02,3779.053189708521,3855.4383073728422,3774.2288664876164,3836.945068359375,17963000
2018-04-03,3764.5793985202345,3771.011828077723,3706.6875325028363,3720.3564453125,28753000
2018-04-04,3742.870496063569,3749.302926561638,3632.7151237841476,3642.36376953125,26396000
2018-04-05,3680.1542300423093,3710.7082743380506,3625.4785718288776,3656.836669921875,21439000
2018-04-06,3616.6345037945935,3660.857469047751,3575.627754196211,3628.6953125,24456000
2018-04-09,3594.120325715345,3680.9581322426957,3572.410874083507,3660.052734375,18755000
2018-04-10,3680.153830000087,3684.978152259209,3615.829533211796,3622.261962890625,21239000
2018-04-11,3642.3641826418802,3667.289853648922,3593.31689453125,3593.31689453125,16893000
2018-04-12,3618.241676622233,3635.9308581523865,3594.1200654447516,3596.5322265625,14528000
2018-04-13,3631.1072131045717,3665.68152890694,3613.418028275453,3640.755859375,15703000
2018-04-16,3650.403930035538,3654.4241986809516,3586.8836854380033,3591.7080078125,13328000
2018-04-17,3574.0200721847214,3623.0673667636343,3551.5065599189907,3571.60791015625,15617000
2018-04-18,3571.607468351816,3586.0804387323496,3512.10747900962,3573.215576171875,23084000
2018-04-19,3582.059020166812,3609.39684433868,3545.0725521695786,3550.700927734375,15087000
2018-04-20,3548.2894113179127,3697.8434177772674,3544.26914232707,3690.60693359375,31512000
2018-04-23,3700.255051549001,3734.0253062567494,3661.6604747401457,3722.7685546875,27753000
2018-04-24,3735.633413623785,3744.478004142481,3700.255051549001,3722.7685546875,19519000
2018-04-25,3697.039362818767,3736.437998916662,3690.6069324354376,3728.3974609375,18482000
2018-04-26,3728.3979616864203,3732.4182312159505,3631.1074390717863,3652.81689453125,25204000
2018-04-27,3618.2416354471247,3758.951032381179,3615.8294743568263,3712.31591796875,33004000
2018-04-30,3712.3159179687495,3712.3159179687495,3712.3159179687495,3712.31591796875,0
2018-05-01,3738.045981474931,3758.9513795214675,3701.059508007982,3711.51220703125,16533000
2018-05-02,3711.511521661163,3744.4777201854495,3703.470985435727,3713.11962890625,13792000
2018-05-03,3713.11962890625,3713.11962890625,3713.11962890625,3713.11962890625,0
2018-05-04,3713.11962890625,3713.11962890625,3713.11962890625,3713.11962890625,0
2018-05-07,3741.262352445477,3746.086675272615,3718.7488459188335,3742.06640625,12535000
2018-05-08,3746.8901735155587,3798.349609375,3737.2415292919136,3798.349609375,15465000
2018-05-09,3797.5454034508307,3816.842691124517,3712.3157162253833,3717.944091796875,17380000
2018-05-10,3729.201310418098,3743.6742779876377,3634.3229674622257,3658.444580078125,17071000
2018-05-11,3675.330132407894,3714.7287708869985,3662.465270863697,3706.688232421875,12554000
2018-05-14,3712.3156966897254,3714.7278576362423,3674.525175194292,3692.21435546875,9944000
2018-05-15,3707.4922974163555,3722.769320546026,3684.1747357973845,3698.647705078125,8906000
2018-05-16,3718.7486228169455,3724.376999110939,3684.978365052986,3688.194580078125,10632000
2018-05-17,3699.4516468433008,3750.107037791166,3675.330032106222,3745.28271484375,14254000
2018-05-18,3754.1269559563902,3754.931009705792,3664.8769897728052,3674.525634765625,18163000
2018-05-21,3652.0122541037567,3653.6203616573034,3569.9987688728934,3578.039306640625,22158000
2018-05-22,3578.039228456119,3602.1608412322275,3516.9311427566436,3562.76220703125,17661000
2018-05-23,3521.7555948753015,3553.917746426674,3481.552905436086,3500.046142578125,19566000
2018-05-24,3450.19437407191,3475.120038391702,3411.599797060618,3418.0322265625,23906000
2018-05-25,3381.8504430287185,3444.5666424001497,3353.708558695384,3414.816650390625,22752000
2018-05-28,3368.9856291550855,3390.695083089975,3338.431582876352,3344.864013671875,17196000
2018-05-29,3361.749056546193,3422.053093676297,3350.492302948574,3409.188232421875,15048000
2018-05-30,3385.0660542769197,3557.133544921875,3373.8093025524836,3557.133544921875,44080000
2018-05-31,3594.120572916667,3618.2421875,3506.4787065972223,3618.2421875,27901000
2018-06-01,3578.8435000384297,3583.6678228872793,3473.512451171875,3473.512451171875,21808000
2018-06-04,3418.032841167068,3437.3301331426055,3254.005859375,3254.005859375,40133000
2018-06-05,3273.3027194971205,3343.2553936794466,3259.6338061511487,3285.363525390625,34933000
2018-06-06,3288.5798683156872,3292.6001371033594,3148.674514504702,3184.85693359375,35710000
2018-06-07,3176.0123493324004,3299.032574509073,3168.775865498478,3294.208251953125,30240000
2018-06-08,3296.6208800755894,3367.377620916236,3296.6208800755894,3344.06005859375,22096000
2018-06-11,3333.607109487572,3364.9652082019993,3280.539557817003,3348.080078125,14516000
2018-06-12,3360.9457145037914,3360.9457145037914,3292.6011246155563,3353.709228515625,17421000
2018-06-13,3266.066820764834,3270.0870901158496,3084.3506460989424,3145.458740234375,55659000
2018-06-14,3055.404338430851,3065.8570374833776,2985.45166015625,2985.45166015625,44908000
2018-06-15,3029.6749908964516,3083.546600341797,3011.181751833124,3036.107421875,32217000
2018-06-18,3054.600402089109,3069.8774243685757,2959.722053195581,2972.5869140625,23845000
2018-06-19,2930.7760665817386,2971.7828099001663,2888.1612156821966,2899.41796875,24200000
2018-06-20,2859.2155503922236,2954.8979605431446,2841.5263653223055,2946.857421875,27776000
2018-06-21,2999.1207167681528,3018.4180082433363,2888.9653445973117,2952.485595703125,28774000
2018-06-22,2934.7963400054396,2974.1949758027727,2904.2422959177115,2933.188232421875,20417000
2018-06-25,2910.6744717746124,2941.228513191031,2894.5933973449182,2903.43798828125,11594000
2018-06-26,2894.5940348194486,2928.3642985590086,2859.2156632827664,2900.222412109375,16512000
2018-06-27,2894.593799446203,2934.7964911051777,2855.9992154535867,2858.411376953125,15833000
2018-06-28,2855.1948208984913,2904.2420988694316,2823.0326714093508,2897.005615234375,15612000
2018-06-29,2924.3437195161428,2937.2085805313363,2863.2356296939743,2910.6748046875,14651000
2018-07-02,2887.35704763986,2941.2286494755244,2865.6475961538463,2874.4921875,14175000
2018-07-03,2895.397709434189,2945.249044614672,2875.296364603349,2929.16796875,18456000
2018-07-04,2897.005723403316,2902.634099774069,2751.4719915309875,2774.78955078125,30404000
2018-07-05,2758.708547380845,2836.7017648381293,2751.4720632868703,2794.0869140625,21434000
2018-07-06,2801.323450325821,2819.0126339960757,2725.7423928256408,2791.6748046875,22763000
2018-07-09,2814.188410726826,2866.4519097831812,2801.323549420646,2862.431640625,14086000
2018-07-10,2898.6137260795817,2913.890747104689,2843.9380718844604,2855.19482421875,15228000
2018-07-11,2841.5260554133233,2872.080099019918,2810.9720118067285,2855.9990234375,13616000
2018-07-12,2872.0800677650404,2897.8097884169106,2831.8773792464926,2880.12060546875,13390000
2018-07-13,2909.870672460188,2950.8774158410856,2895.397704208106,2933.188232421875,17493000
2018-07-16,2933.188232421875,2933.188232421875,2933.188232421875,2933.188232421875,0
2018-07-17,3020.830146228416,3045.755814190375,2956.505841810457,3006.357177734375,25406000
2018-07-18,3042.539531719219,3052.9922309560984,2929.1679476884556,2945.2490234375,23357000
2018-07-19,2957.3102559812482,3003.945382367032,2938.012962304372,2989.472412109375,15730000
2018-07-20,2998.3170862719176,3009.5738412217183,2970.175198897416,3000.729248046875,13833000
2018-07-23,2970.174321910658,2983.039180911895,2919.518939593286,2924.34326171875,12265000
2018-07-24,2913.891123434546,2979.823538479147,2894.59383122637,2977.411376953125,14689000
2018-07-25,2966.9587123044244,2993.4924894063342,2945.2492583119533,2987.06005859375,12762000
2018-07-26,3011.1813343123213,3070.6813126138195,2995.1002590957,3021.634033203125,20055000
2018-07-27,3050.5804733880277,3069.0737129473123,3030.4791260409797,3047.3642578125,13928000
2018-07-30,3027.262560560402,3057.0125511953916,2999.92473132825,3018.41796875,11421000
2018-07-31,2962.1340903198106,3010.3773165465177,2906.654380159098,2955.70166015625,29032000
2018-08-01,3055.4041869804987,3162.343333524816,3032.086628711437,3143.85009765625,45858000
2018-08-02,3139.829968702475,3150.2826677019966,3045.75567770678,3073.093505859375,27725000
2018-08-03,3100.431182207266,3146.2622448073216,3067.464979284419,3076.3095703125,21538000
2018-08-06,3076.3099143198106,3082.7423448777195,2966.154541015625,2966.154541015625,22180000
2018-08-07,2974.999337857059,3001.5331157352434,2952.4858293543566,2994.296630859375,12840000
2018-08-08,2989.4717833420323,2994.296105746565,2936.4042368921737,2984.6474609375,13957000
2018-08-09,2943.641362252465,3011.181890640667,2938.817038796165,3007.16162109375,12593000
2018-08-10,3005.5533715485876,3011.181748648866,2931.580415373502,2934.796630859375,14255000
2018-08-13,2902.6342739224965,2904.2423815534785,2847.958614469109,2868.864013671875,17167000
2018-08-14,2878.512829382484,2895.39796050456,2863.23580598632,2887.357421875,9678000
2018-08-15,2878.5125509998206,2878.5125509998206,2769.9652899984308,2802.12744140625,20715000
2018-08-16,2725.7423679517665,2826.2490924337635,2712.0734534222147,2773.985595703125,25437000
2018-08-17,2773.9855936364715,2854.3909731621666,2756.296410140819,2849.566650390625,18140000
2018-08-20,2846.350026418053,2954.897273188233,2843.1338116989364,2948.46484375,21294000
2018-08-21,2948.4650064004436,2998.3163372967692,2925.9515021246834,2974.998779296875,21875000
2018-08-22,2963.742116519818,3024.046147648138,2962.134009023063,3020.02587890625,16388000
2018-08-23,3036.9116157409344,3052.9926939286015,3004.7494593656,3007.16162109375,14340000
2018-08-24,3023.24269292976,3044.9521484375,3015.202153852819,3044.9521484375,13249000
2018-08-27,3052.992288801078,3130.181453858993,3052.188234998391,3123.7490234375,19282000
2018-08-28,3135.0055991351096,3154.3028893067544,3097.215072548972,3109.27587890625,17174000
2018-08-29,3100.4313752628727,3160.735408754759,3100.4313752628727,3154.302978515625,16914000
2018-08-30,3184.053034743061,3215.4111328125,3163.1476360301012,3215.4111328125,36733000
2018-08-31,3176.816340655445,3241.140640137205,3149.4785133756964,3229.079833984375,23897000
2018-09-03,3216.2154196027686,3260.4383816223067,3200.134342504755,3223.451904296875,19722000
2018-09-04,3228.275920671187,3229.884028228184,3155.10702682783,3196.11376953125,17584000
2018-09-05,3184.0527294490857,3218.6270393900736,3162.343279021024,3188.072998046875,15028000
2018-09-06,3068.269183244211,3122.1407857802074,3032.086763630482,3073.093505859375,32405000
2018-09-07,3028.8708990964833,3111.6884469082534,3023.242522060732,3098.01953125,17562000
2018-09-10,3093.9993954613096,3126.965605236235,3069.073724655878,3106.8642578125,13726000
2018-09-11,3126.9654493309986,3163.9519267465876,3113.2965337643677,3147.870849609375,13037000
2018-09-12,3197.7220190888925,3211.3909339303586,3153.499059307678,3163.147705078125,14523000
2018-09-13,3163.951576717379,3204.958318880679,3101.235382820567,3114.904296875,15384000
2018-09-14,3068.2690948318254,3085.1542234983526,3020.025870070319,3065.85693359375,20659000
2018-09-17,3065.85693359375,3065.85693359375,3065.85693359375,3065.85693359375,0
2018-09-18,3079.5260433338667,3163.951692041453,3057.012537011844,3139.830078125,18897000
2018-09-19,3180.0326681518554,3221.039410522461,3172.796184204102,3216.215087890625,20337000
2018-09-20,3244.357530142515,3377.026425427153,3233.904829301907,3370.593994140625,42818000
2018-09-21,3352.9045875966262,3405.9721422204575,3327.978918000584,3354.5126953125,28774000
2018-09-24,3354.5126953125,3354.5126953125,3354.5126953125,3354.5126953125,0
2018-09-25,3304.661321199857,3348.080229069636,3289.3842980604904,3344.864013671875,19312000
2018-09-26,3366.6627338796425,3398.1495076497395,3324.6803688528457,3342.442138671875,18524000
2018-09-27,3348.0932042563104,3367.469678069224,3291.5784889686465,3296.422607421875,16416000
2018-09-28,3333.561372513134,3364.240794202526,3315.799602061381,3347.286376953125,16175000
2018-10-01,3358.589011209562,3409.4522582543227,3350.515479932616,3394.112548828125,17628000
2018-10-02,3423.1772963341627,3435.287593373081,3390.8831708970483,3405.41552734375,16196000
2018-10-03,3414.2959291544425,3417.525341241607,3336.7900390625,3336.7900390625,16574000
2018-10-04,3372.31321470537,3394.1117439840496,3286.733803463146,3293.192626953125,26123000
2018-10-05,3269.7799230559813,3333.560815382258,3264.935804651454,3324.679931640625,15800000
2018-10-08,3324.679931640625,3324.679931640625,3324.679931640625,3324.679931640625,0
2018-10-09,3316.606273307097,3316.606273307097,3228.6047923454435,3240.715087890625,16698000
2018-10-10,3254.440344268875,3275.4315248570642,3183.39327150885,3221.3388671875,15387000
2018-10-11,3071.978732919631,3141.4111037556595,3063.0978482778137,3120.419921875,20277000
2018-10-12,3100.2356250000003,3241.522404785156,3098.6209189453125,3229.412109375,18600000
2018-10-15,3201.9626890329964,3208.4215144269106,3154.3288517528786,3164.01708984375,13882000
2018-10-16,3148.6768418072506,3200.347436134344,3142.2180175163644,3191.466552734375,12168000
2018-10-17,3229.4128740256474,3247.981998051295,3201.9628645964294,3210.84375,12039000
2018-10-18,3220.531237866876,3243.944475745577,3194.695940897275,3200.347412109375,10369000
2018-10-19,3148.677100263495,3149.4844533661267,3043.7211969213786,3073.59326171875,24593000
2018-10-22,3027.574095556833,3092.9696960208607,2997.702031147339,3071.978515625,14981000
2018-10-23,3051.794606678521,3090.5475540649154,3015.4637185037773,3029.188720703125,11390000
2018-10-24,3051.794828005099,3058.2536530379143,2998.509521484375,2998.509521484375,13693000
2018-10-25,2885.4796434238365,2951.6825899153737,2861.2590532440054,2862.06640625,19965000
2018-10-26,2910.507775328345,2933.113660961963,2736.1195147261474,2810.39599609375,23661000
2018-10-29,2866.1035705513596,2879.021220446802,2758.7256057954914,2799.09326171875,19105000
2018-10-30,2769.2211332280585,2862.066739735705,2743.385834025931,2845.919677734375,17269000
2018-10-31,2860.4518526357188,2864.488617880759,2713.5135977162436,2838.6533203125,33384000
2018-11-01,2836.23109375553,2874.1766848191537,2793.4413846837842,2851.57080078125,17092000
2018-11-02,2842.6902372664067,2921.8108402917146,2829.7725877928874,2904.049072265625,19272000
2018-11-05,2870.1404879630786,2895.168435959381,2812.818413519934,2824.9287109375,15416000
2018-11-06,2827.350492398619,2866.9107934059093,2804.744606108738,2853.185791015625,10758000
2018-11-07,2866.9106285220287,2950.875344198258,2860.451804239242,2905.66357421875,20764000
2018-11-08,2971.0596029254607,3027.574323633282,2950.06842094827,3021.9228515625,18909000
2018-11-09,3000.931154822675,3032.4179223874007,2925.0399714615423,2941.994384765625,15592000
2018-11-12,2911.3153994137933,2975.903650094077,2910.50804628029,2929.884521484375,12261000
2018-11-13,2849.9563299979345,2887.0945711253867,2816.854854210423,2870.947509765625,15826000
2018-11-14,2865.296147340834,2872.5623252292726,2828.965257898643,2855.60791015625,12862000
2018-11-15,2825.735939450339,2855.6080050959567,2820.8918206969956,2829.772705078125,10130000
2018-11-16,2823.3138721224204,2844.3050533277915,2531.052041493791,2572.22705078125,49086000
2018-11-19,2622.2827334308913,2698.9812739715117,2598.062141681222,2672.338623046875,24046000
2018-11-20,2599.677000858324,2607.7505319168904,2510.8681592140956,2520.556396484375,31779000
2018-11-21,2446.2804750778228,2546.3922832988296,2426.0966427752005,2504.409912109375,31530000
2018-11-22,2542.3553101868433,2552.850902131089,2479.3817585213706,2535.896484375,21931000
2018-11-23,2535.896484375,2535.896484375,2535.896484375,2535.896484375,0
2018-11-26,2587.5664584471447,2651.347347750522,2578.685575126421,2609.364990234375,21838000
2018-11-27,2656.9988070876684,2669.1091024709303,2589.9885059669523,2638.4296875,18075000
2018-11-28,2660.2283931902984,2720.779874067164,2644.8886847014924,2704.6328125,17493000
2018-11-29,2783.7534440216223,2841.882866286575,2773.2578538904504,2814.432861328125,29898000
2018-11-30,2816.8549097871824,2824.121087542437,2755.4960754094736,2794.2490234375,27890000
2018-12-03,2830.57988289659,2832.1945890477004,2776.48722683439,2812.818115234375,14412000
2018-12-04,2771.643095259233,2792.6342751242896,2656.1916060014205,2664.26513671875,28658000
2018-12-05,2599.677195915809,2715.128698715797,2595.6404300836416,2686.871337890625,19705000
2018-12-06,2648.92546942001,2667.49459035773,2548.81368697317,2577.071044921875,25591000
2018-12-07,2610.1722452205463,2655.384013155081,2578.6854782661385,2654.57666015625,21689000
2018-12-10,2598.062330596301,2709.4770607461733,2598.062330596301,2650.540283203125,21444000
2018-12-11,2673.146241282189,2698.981541711373,2627.127112392704,2633.5859375,20847000
2018-12-12,2624.7046860656365,2666.6870433942777,2606.135566477968,2638.4296875,17453000
2018-12-13,2648.118223852041,2693.329998405612,2615.8240991709185,2650.540283203125,17947000
2018-12-14,2652.154984317573,2665.879987280556,2523.7858389579096,2581.10791015625,24803000
2018-12-17,2583.529924773932,2615.0166957321144,2543.1622696993395,2589.181396484375,15840000
2018-12-18,2526.2081446541474,2530.244910625151,2472.115480642697,2501.987548828125,20305000
2018-12-19,2493.1063997395836,2500.372577718099,2405.104910888672,2422.059326171875,26425000
2018-12-20,2365.544541077044,2505.2166249017296,2359.893069477201,2439.013671875,32287000
2018-12-21,2422.059461805555,2439.0138780381944,2328.406495949074,2343.342529296875,28244000
2018-12-24,2343.342529296875,2343.342529296875,2343.342529296875,2343.342529296875,0
2018-12-25,2267.047477043572,2307.8188080943914,2184.293785306761,2242.01953125,33886000
2018-12-26,2300.9563860553194,2312.2593297061176,2224.661516412433,2269.873291015625,29213000
2018-12-27,2390.976321524624,2398.2424997767666,2342.5351331770034,2366.35205078125,23588000
2018-12-28,2344.1499111389817,2378.0587440192426,2333.654320009377,2364.333740234375,20445000
2018-12-31,2364.333740234375,2364.333740234375,2364.333740234375,2364.333740234375,0
2019-01-04,2293.6901600266456,2311.451928249309,2213.762203024661,2263.0107421875,25810000
2019-01-07,2367.9665001540384,2402.279004844303,2350.608409546022,2395.41650390625,19343000
2019-01-08,2399.049560384223,2438.206182857262,2389.765000416389,2423.673828125,16627000
2019-01-09,2457.583095521986,2501.180167518762,2411.1602873772704,2480.996337890625,19112000
2019-01-10,2450.3168903523033,2483.4183705844102,2400.664670004143,2405.5087890625,20210000
2019-01-11,2442.2430796234908,2452.7386697177403,2420.444546350818,2448.701904296875,12012000
2019-01-15,2472.92307362044,2590.796651403197,2471.308367075471,2561.73193359375,28714000
2019-01-16,2570.612260048137,2581.91520340262,2511.6754839854757,2578.685791015625,18131000
2019-01-17,2613.4021857766543,2684.449264043057,2595.6404162100534,2676.375732421875,26920000
2019-01-18,2652.1550668014906,2746.6153842492154,2651.347713660912,2732.890380859375,22700000
2019-01-21,2789.405126475553,2795.863951659867,2718.3580494481002,2724.009521484375,19245000
2019-01-22,2711.8989015845236,2742.5783175595793,2686.0636039213186,2720.77978515625,17407000
2019-01-23,2682.8343931365753,2741.771170355645,2673.146155785495,2719.165283203125,16251000
2019-01-24,2697.3666608105586,2736.9269620316654,2674.7607743984977,2735.312255859375,14851000
2019-01-25,2735.312763951387,2757.9186545625553,2720.78040570135,2736.1201171875,13671000
2019-01-28,2706.24731334036,2711.091431442998,2652.154661194237,2656.998779296875,15395000
2019-01-29,2615.82389653691,2701.4033203125,2585.144480466415,2701.4033203125,25104000
2019-01-30,2692.5227956642393,2704.633093096012,2664.2654349901018,2676.375732421875,13976000
2019-01-31,2732.890096738287,2782.9459862501844,2712.706270322199,2731.275390625,22510000
2019-02-01,2607.750253677368,2643.2737865448,2465.6561222076416,2480.1884765625,46035000
2019-02-04,2541.5476950582183,2631.1638939627487,2527.015338479105,2604.521240234375,32650000
2019-02-05,2605.32851379629,2618.246163694257,2503.602020849797,2522.171142578125,22692000
2019-02-06,2504.4092040146797,2506.8312632061834,2372.810654609653,2382.09521484375,37228000
2019-02-07,2373.618116591869,2396.224003416553,2307.0114857691374,2366.755615234375,33486000
2019-02-08,2328.810311489418,2409.545631700526,2326.3882518830846,2363.93017578125,21304000
2019-02-12,2341.3240764494612,2389.3615876731656,2307.4152449974345,2360.296875,22198000
2019-02-13,2364.333449984177,2434.169490081029,2364.333449984177,2421.655517578125,18538000
2019-02-14,2422.059190629193,2447.087135599028,2385.7283027697554,2406.719482421875,18818000
2019-02-15,2389.764923878205,2420.4443384415063,2358.27815630008,2361.507568359375,22380000
2019-02-18,2374.021778906908,2401.875460720303,2370.3886899747263,2395.8203125,15845000
2019-02-19,2387.3429940159576,2393.398141954787,2347.782694148936,2371.599609375,14987000
2019-02-20,2390.572517375737,2409.9489916807074,2364.3335417544226,2395.8203125,15343000
2019-02-21,2411.9673450382593,2442.243085770957,2385.728369736588,2414.389404296875,17675000
2019-02-22,2439.820909071397,2447.89443954483,2409.141493272353,2424.481201171875,15939000
2019-02-25,2480.996007431151,2527.015132853727,2432.554822775808,2447.89453125,29254000
2019-02-26,2491.4911590165534,2492.298511952074,2438.205865272194,2460.00439453125,12347000
2019-02-27,2464.042130583207,2537.511276678578,2464.042130583207,2529.437744140625,19561000
2019-02-28,2527.0153792552974,2530.2447918805437,2443.8580041552027,2457.5830078125,20045000
2019-03-01,2477.766998320654,2509.2537734703787,2463.2346405592425,2493.9140625,14657000
2019-03-04,2488.2618520636306,2512.4824411492596,2451.930968435187,2454.35302734375,18281000
2019-03-05,2433.361992895387,2468.078172621499,2425.288462726524,2450.31640625,17061000
2019-03-06,2461.619585388262,2520.5563612929336,2448.7019358749094,2509.25341796875,21722000
2019-03-07,2489.8769675427534,2508.446088896023,2456.775490347795,2460.812255859375,15341000
2019-03-08,2426.903633872514,2435.784518760271,2374.022001131779,2395.01318359375,20216000
2019-03-11,2395.013136589664,2409.141816815627,2351.416066178121,2388.150634765625,15009000
2019-03-12,2410.352701729865,2490.6843359024065,2407.5269658544494,2471.307861328125,34242000
2019-03-13,2472.1154528542447,2485.0331038162526,2435.7845595235976,2480.996337890625,18796000
2019-03-14,2503.6018936036444,2551.2357251813987,2441.435706629288,2447.89453125,25215000
2019-03-15,2465.656370460508,2514.9049096216377,2452.7387208444734,2510.060791015625,24550000
2019-03-18,2530.2443853005184,2583.529685054773,2497.142911210754,2579.492919921875,20190000
2019-03-19,2569.804658855202,2571.4193648928112,2527.0149488585553,2539.125244140625,15981000
2019-03-20,2472.1151992918,2488.2622613381213,2426.096072459784,2460.812255859375,29347000
2019-03-22,2477.766621523183,2493.9136832470226,2448.701910420272,2478.573974609375,19531000
2019-03-25,2419.637257167271,2461.6196186529896,2416.4078447452926,2441.435791015625,11456000
2019-03-26,2502.794638622986,2625.5123112264355,2485.840223329088,2580.300537109375,34048000
2019-03-27,2619.84514775167,2628.9075051809996,2567.942555201873,2590.1865234375,17635000
2019-03-28,2582.7720054096544,2604.192124114806,2549.8179766324974,2597.601318359375,14854000
2019-03-29,2619.8451702857656,2656.0946003148765,2590.1865457164927,2600.07275390625,17028000
2019-04-01,2661.037289999365,2707.996771587589,2620.668612844576,2634.674072265625,14488000
2019-04-02,2636.3224144634523,2650.3278772902895,2601.72068277362,2648.68017578125,15254000
2019-04-03,2636.3220968364194,2676.690778944227,2631.378992904851,2669.276123046875,11806000
2019-04-04,2677.515250325019,2698.1115214813653,2653.6235757836575,2673.39599609375,12091000
2019-04-05,2682.4577634513325,2755.7804725874407,2681.633912786882,2736.008056640625,22414000
2019-04-08,2720.355141829507,2750.8376191910124,2666.804843761997,2682.4580078125,19475000
2019-04-09,2702.2301793981483,2750.013517936286,2690.696270095839,2736.008056640625,14797000
2019-04-10,2689.0488638093784,2737.6560583451487,2681.6342070157866,2705.52587890625,13190000
2019-04-11,2690.696590055763,2726.946023602136,2690.696590055763,2717.059814453125,10475000
2019-04-12,2725.2978390833955,2776.3765773007985,2703.0538724403327,2772.25732421875,18836000
2019-04-15,2798.6210268748405,2839.8135648035254,2775.553205634777,2824.160400390625,18482000
2019-04-16,2801.916220586935,2856.2903665906806,2801.916220586935,2838.989501953125,16845000
2019-04-17,2846.4045891007436,2887.597130187585,2838.1660808833753,2869.472412109375,18440000
2019-04-18,2899.1304570227207,2899.954307678311,2820.0407940860396,2829.927001953125,19259000
2019-04-19,3241.8526340406765,3323.4138565997687,3145.4620982890224,3229.494873046875,89192000
2019-04-22,3246.795869819356,3259.1536313132133,3125.6898071795576,3176.7685546875,41678000
2019-04-23,3156.996259794525,3161.939364585435,3049.07180519299,3062.25341796875,33399000
2019-04-24,3062.252962260999,3139.6949257940996,3051.5429034745066,3130.632568359375,31501000
2019-04-25,3171.001956485024,3195.7174822565366,3156.1726410221167,3172.649658203125,32273000
2019-04-26,3011.1742203561885,3153.7003872841283,3009.52651900442,3130.632568359375,47169000
2019-05-07,3161.9387441857534,3175.9442050120065,3041.656551207348,3066.3720703125,26992000
2019-05-08,2983.163496433035,3077.082479750728,2974.9249891244654,3058.957763671875,17320000
2019-05-09,3065.548872490054,3092.73594929526,3026.827884312942,3028.4755859375,14776000
2019-05-10,3047.4239519768794,3083.6733853066935,3007.0552648595863,3048.247802734375,17966000
2019-05-13,3063.9008426052646,3069.6677976733577,3021.060604956576,3047.423828125,11445000
2019-05-14,2989.7541631186477,3061.4291733670143,2972.4532985759383,3049.895263671875,16845000
2019-05-15,3078.730231788062,3091.087992953923,3049.8954557343877,3082.025634765625,11240000
2019-05-16,3094.3831747390186,3108.388636392523,3016.1173596164926,3038.361328125,14981000
2019-05-17,3081.2013493611535,3128.160835166925,3065.5481874258962,3105.093017578125,15952000
2019-05-20,3105.0933564102984,3154.5243994945695,3103.4456549741562,3147.93359375,13014000
2019-05-21,3130.6325646310556,3138.8710713800847,3105.9170443839685,3128.98486328125,13884000
2019-05-22,3147.109877567431,3175.1208031792876,3138.8713700345315,3153.70068359375,13792000
2019-05-23,3156.171934660562,3211.3699298634483,3151.228830612542,3182.53515625,18371000
2019-05-24,3157.8198380250647,3219.608642578125,3142.166674204956,3219.608642578125,15886000
2019-05-27,3221.2566497274806,3229.4951577830493,3163.5870933384977,3190.774169921875,12033000
2019-05-28,3206.427157826083,3229.4949791054078,3196.540948706373,3222.080322265625,11179000
2019-05-29,3202.3072684599388,3222.903533371567,3170.177095197799,3209.721923828125,17697000
2019-05-30,3187.4785860697425,3189.950138346354,3140.5190928141274,3163.5869140625,14204000
2019-05-31,3155.34845932756,3223.7280734592014,3148.7576531461964,3188.302490234375,15492000
2019-06-03,3171.824954974689,3221.2559932340346,3145.4617345697043,3173.47265625,15010000
2019-06-04,3194.8927281758383,3200.659682558827,3097.6783542911685,3101.797607421875,16672000
2019-06-05,3138.8710961429183,3194.069091796875,3129.8087386474926,3194.069091796875,14590000
2019-06-06,3203.131536741835,3221.256252227514,3174.2967621055273,3178.416015625,11280000
2019-06-07,3195.7171049973063,3236.0857923251915,3185.0070450939897,3225.375732421875,13546000
2019-06-10,3245.971977329975,3278.102156801008,3221.2564546599497,3270.6875,12957000
2019-06-11,3272.335018980585,3278.9258246582904,3234.4378863337806,3243.500244140625,10114000
2019-06-12,3188.3021118742595,3203.9552746974146,3122.3940578820266,3128.98486328125,24382000
2019-06-13,3079.5540789440693,3086.968735634946,3049.0716014371324,3080.3779296875,17528000
2019-06-14,3112.5081411833326,3122.3943502077373,3082.0256633580857,3095.207275390625,11269000
2019-06-17,3098.5026568627964,3121.5704777594087,3072.139432980954,3085.321044921875,8988000
2019-06-18,3095.2071768925107,3133.928161005885,3087.7925203601626,3105.917236328125,12075000
2019-06-19,3138.0475648504585,3138.0475648504585,3087.792668169997,3118.275146484375,11761000
2019-06-20,3147.109927102243,3185.007062350071,3140.519120972186,3176.7685546875,13464000
2019-06-21,3171.825279221892,3183.359189328153,3141.3428025124867,3154.5244140625,10943000
2019-06-24,3154.5246335650804,3156.1723351234846,3099.3266313585355,3142.99072265625,9335000
2019-06-25,3141.343021097846,3174.297052265932,3125.6898562930046,3142.99072265625,11175000
2019-06-26,3133.104288066789,3154.5244067861518,3098.5025578278187,3151.22900390625,12864000
2019-06-27,3159.4673546538734,3248.443228005273,3152.0526985412566,3244.323974609375,21335000
2019-06-28,3229.494803866485,3258.3295789010076,3214.6654909915883,3253.386474609375,14552000
2019-07-01,3284.69314650632,3320.118730980805,3278.1023400924623,3299.5224609375,14208000
2019-07-02,3311.8796273589314,3328.3566404303688,3291.2833610196344,3306.9365234375,13130000
2019-07-03,3304.4653019193706,3346.481689453125,3300.346048239591,3346.481689453125,15340000
2019-07-04,3346.4818026472376,3365.4303702151565,3330.0047873707863,3342.362548828125,10351000
2019-07-05,3351.4246954083587,3369.5494110669097,3344.010039002588,3357.191650390625,7860000
2019-07-08,3364.6062625836985,3382.7309780040805,3330.8283838457132,3337.419189453125,10632000
2019-07-09,3329.180809619454,3344.833973535012,3301.169884717929,3339.890869140625,8964000
2019-07-10,3322.590151550293,3326.7094053955075,3288.8122700195313,3295.403076171875,12476000
2019-07-11,3394.264734701302,3442.0480731995244,3353.0722015131796,3432.161865234375,28167000
2019-07-12,3460.172909007353,3464.2921624704572,3415.68497160583,3431.338134765625,12878000
2019-07-16,3417.3329090062484,3436.2814762451935,3400.855894015862,3428.04296875,8656000
2019-07-17,3422.2759667614496,3422.2759667614496,3370.3733702506233,3406.622802734375,10251000
2019-07-18,3369.5496914110195,3383.555154676053,3345.658018782433,3373.6689453125,12249000
2019-07-19,3377.7877552007467,3416.5087367847555,3375.3162031847464,3393.44091796875,8956000
2019-07-22,3373.668564134971,3373.668564134971,3309.4082105324,3312.70361328125,13290000
2019-07-23,3333.300078956117,3343.18628779138,3291.28369140625,3291.28369140625,11754000
2019-07-24,3274.8066586981454,3297.0506284553403,3264.9204499171697,3283.045166015625,10525000
2019-07-25,3292.107461977741,3333.2999977882732,3287.164357680477,3310.232177734375,9211000
2019-07-26,3283.0453532184315,3318.470936703599,3259.977531414136,3313.52783203125,8492000
2019-07-29,3328.357163686601,3364.6065981425936,3308.584744892423,3321.766357421875,8483000
2019-07-30,3322.5901340241207,3344.8341046709475,3296.226909553808,3344.01025390625,8955000
2019-07-31,3286.3409781819864,3311.8803540465246,3199.012789741954,3303.641845703125,25383000
2019-08-01,3330.828907911382,3444.5203225272044,3325.0619520975356,3414.037841796875,24020000
2019-08-02,3364.6059741192757,3376.139882943387,3282.2209110899107,3319.294189453125,22782000
2019-08-05,3278.1024605377374,3283.0455655297524,3199.836631497505,3240.205322265625,14997000
2019-08-06,3108.3885332527807,3213.841417497773,3102.6215786456323,3208.074462890625,17920000
2019-08-07,3240.2046838734086,3248.4431905702645,3199.0121503891296,3227.846923828125,12316000
2019-08-08,3245.9716647857326,3269.863334399638,3226.199248553535,3239.380859375,10533000
2019-08-09,3261.6250951430375,3281.397512996898,3245.1480802648207,3249.267333984375,10897000
2019-08-13,3191.5972260641756,3208.0742380727675,3158.643202046993,3164.41015625,11146000
2019-08-14,3229.4944296699523,3303.640985453191,3223.7274753312563,3301.16943359375,17362000
2019-08-15,3213.017743332942,3288.8120080474623,3194.0691771543115,3287.164306640625,17142000
2019-08-16,3270.6872595473,3304.4651380464034,3266.5680060717996,3272.3349609375,9982000
2019-08-19,3320.1183458849478,3323.4137487096473,3288.8120190503005,3292.107421875,8427000
2019-08-20,3304.4650692795553,3311.879725381155,3283.044951652712,3296.2265625,6485000
2019-08-21,3278.925738769653,3318.4705718000405,3268.215679823923,3314.351318359375,8722000
2019-08-22,3326.709192058588,3344.833907815222,3299.5221184236366,3310.232177734375,9490000
2019-08-23,3313.527244497125,3378.611444476059,3306.9364394359673,3376.139892578125,14005000
2019-08-26,3311.879566447451,3331.6519817695253,3269.0393332496233,3280.5732421875,14944000
2019-08-27,3311.880013829581,3324.2377750752134,3291.2837450868597,3315.999267578125,11068000
2019-08-28,3340.714562700879,3365.4300835100103,3319.2944446662987,3324.237548828125,10297000
2019-08-29,3339.066952801748,3339.8908035179584,3303.64137200469,3310.232177734375,7020000
2019-08-30,3333.299650168117,3343.1858577316407,3308.5841312593075,3319.294189453125,8325000
2019-09-02,3319.294571988473,3355.544003898995,3316.8230198127553,3326.709228515625,10097000
2019-09-03,3328.3565920498704,3348.1290074481863,3317.646533709116,3339.066650390625,6652000
2019-09-04,3358.839859603287,3441.224943233488,3355.544456258079,3425.57177734375,20651000
2019-09-05,3406.622608602047,3422.2757717370987,3362.1346712708473,3374.492431640625,21738000
2019-09-06,3410.742074411942,3456.8777159981905,3405.7989699562727,3414.861328125,13552000
2019-09-09,3418.9806601459923,3468.41170583485,3418.9806601459923,3451.11083984375,11284000
2019-09-10,3460.1727878022984,3460.1727878022984,3425.5710599242752,3432.161865234375,9354000
2019-09-11,3412.3898355525776,3424.7475969077896,3357.19183483263,3386.026611328125,12872000
2019-09-12,3406.6232081088037,3442.0487940697903,3399.2085505820855,3425.57177734375,11300000
2019-09-13,3434.633895287147,3437.929298400879,3404.975267263559,3427.21923828125,11289000
2019-09-17,3418.9806601459923,3458.525496697079,3409.094451008221,3451.11083984375,10185000
2019-09-18,3460.1732862814047,3509.604333228282,3455.230181586717,3492.303466796875,11931000
2019-09-19,3517.018634438571,3539.2626033141487,3484.8884571738477,3498.070068359375,11629000
2019-09-20,3532.6719880924584,3537.615092553409,3494.77485389184,3528.552734375,15045000
2019-09-24,3507.9563791322316,3518.6664385330578,3465.1161415289257,3489.0078125,13314000
2019-09-25,3415.685132824068,3418.9805357500923,3329.1808060159333,3338.2431640625,27530000
2019-09-26,3365.429773063303,3399.207648386582,3339.0665532987923,3349.776611328125,18908000
2019-09-27,3382.1223219502613,3397.0507677067853,3334.019552290351,3348.947998046875,14214000
2019-09-30,3308.3091659736538,3324.8963264949557,3296.6981536087424,3319.0908203125,9973000
2019-10-01,3342.312954989347,3411.979031470514,3324.0670778157078,3393.733154296875,15568000
2019-10-02,3352.2651760847953,3415.29638671875,3352.2651760847953,3415.29638671875,9678000
2019-10-03,3374.6579620594975,3377.9753943151472,3344.8010717586517,3358.07080078125,11620000
2019-10-04,3383.780553034232,3408.6612923947782,3368.8521094179046,3397.879638671875,11175000
2019-10-07,3392.903692413987,3392.903692413987,3351.435791015625,3351.435791015625,8868000
2019-10-08,3358.899815035182,3383.780554405813,3333.18971768553,3381.29248046875,10160000
2019-10-09,3350.6060896994986,3399.538208336199,3350.6060896994986,3391.24462890625,9947000
2019-10-10,3383.7808913616627,3398.709336470611,3329.8726173571263,3342.31298828125,12002000
2019-10-11,3348.947896459392,3349.7772545318185,3260.206582709725,3306.650634765625,15560000
2019-10-15,3317.4319446606473,3335.6778203562812,3293.3805630618576,3329.872314453125,8917000
2019-10-16,3337.3365240211033,3369.6814853622623,3321.578722342077,3330.70166015625,10055000
2019-10-17,3282.5995237445195,3285.9169563102037,3239.472900390625,3239.472900390625,16686000
2019-10-18,3213.762379655934,3256.0596393623737,3188.052280618687,3202.1513671875,14162000
2019-10-21,3196.3459349160994,3209.615663758512,3167.318403073322,3197.17529296875,8080000
2019-10-23,3184.734977696143,3192.199200300118,3154.8780872802413,3160.68359375,9897000
2019-10-24,3174.782734055238,3180.588240622215,3140.779052734375,3140.779052734375,9437000
2019-10-25,3085.2117595885516,3103.4576355861186,3043.743859594082,3046.23193359375,18905000
2019-10-28,3064.4779410174187,3094.334830293908,3052.8669285210062,3070.283447265625,11101000
2019-10-29,3098.48140577451,3169.8061918817393,3097.652047796519,3134.143798828125,16070000
2019-10-30,3126.679452810389,3192.19873046875,3092.675777063645,3192.19873046875,22681000
2019-10-31,3227.860961724414,3237.81325657043,3162.341687321478,3202.980224609375,13268000
2019-11-01,3331.531315888554,3441.8359375,3331.531315888554,3441.8359375,42383000
2019-11-05,3545.505639916975,3572.0450973385755,3508.1845279178488,3543.846923828125,27359000
2019-11-06,3560.433744190598,3568.727323841636,3459.252072447935,3500.719970703125,18614000
2019-11-07,3459.251843261719,3513.9894653320316,3438.5178955078127,3483.30322265625,12430000
2019-11-08,3509.8439562045696,3515.649463693566,3466.717329143455,3479.987060546875,10212000
2019-11-11,3499.8916576520046,3527.2604786715583,3468.3760455688825,3479.987060546875,10462000
2019-11-12,3491.597541292537,3522.2837904677917,3486.6213927776303,3515.64892578125,10152000
2019-11-13,3510.6724761759633,3524.771562425666,3470.8632914709206,3486.62109375,10573000
2019-11-14,3506.526244503769,3509.843677090811,3463.399620872218,3465.8876953125,9383000
2019-11-15,3450.1292999031007,3457.5935219461603,3421.101769735647,3423.58984375,9837000
2019-11-18,3436.859816971714,3504.037820150939,3429.395594396244,3489.109375,12727000
2019-11-19,3499.8907094370124,3517.3072271853957,3485.7916236407023,3510.67236328125,9583000
2019-11-20,3519.7952480018766,3591.1200338944686,3515.6484581244003,3563.751220703125,21032000
2019-11-21,3586.144340025436,3591.1204885083575,3493.256235010901,3566.23974609375,17751000
2019-11-22,3510.6724197707654,3527.259579798031,3439.3476316535234,3441.00634765625,21075000
2019-11-25,3475.00953470457,3509.0132079558557,3456.7636612526603,3507.3544921875,13783000
2019-11-26,3524.7716298961145,3564.5808153631765,3518.966123682168,3531.406494140625,12642000
2019-11-27,3521.4537718320157,3538.040930436971,3491.5968863430962,3527.25927734375,8725000
2019-11-28,3545.5055806602095,3555.457877026975,3523.112913834987,3531.406494140625,6635000
2019-11-29,3541.359568698347,3549.6531508264466,3510.67331482438,3512.33203125,5384000
2019-12-02,3534.7236055979347,3598.58416815801,3529.747457865981,3586.143798828125,16133000
2019-12-03,3611.854908310043,3690.643936160664,3608.537475558438,3681.52099609375,22851000
2019-12-04,3700.5954549181492,3722.1587632614646,3595.2669872411875,3635.076171875,25192000
2019-12-05,3690.6430981534745,3692.3018141526445,3604.389866196629,3622.6357421875,15024000
2019-12-06,3608.537286622433,3632.588672812286,3585.3152585770576,3629.271240234375,11906000
2019-12-09,3674.0556859420058,3738.74560546875,3669.0795382861024,3738.74560546875,21218000
2019-12-10,3740.404685330797,3897.9827097682364,3737.916611260732,3845.733154296875,32821000
2019-12-11,3822.5109277215647,3877.2485543715156,3786.0191766215976,3793.4833984375,18081000
2019-12-12,3796.800674605109,3843.2447195544073,3710.5474482706986,3721.3291015625,19524000
2019-12-13,3765.284751757943,3770.2608990069625,3722.158142266442,3726.304931640625,17645000
2019-12-16,3731.2814069245287,3805.9236222219743,3731.2814069245287,3770.26123046875,15920000
2019-12-17,3798.460063699679,3813.388509364874,3757.8215171666475,3775.238037109375,10829000
2019-12-18,3729.6233854898173,3740.405040818118,3669.9096021330756,3690.6435546875,13997000
2019-12-19,3670.7384563700825,3690.643048090119,3621.8063350583257,3625.953125,13087000
2019-12-20,3567.89797261556,3620.976882482458,3562.0924668488683,3582.826416015625,15324000
2019-12-23,3596.0963144359685,3624.2944866432613,3568.727500234772,3587.802734375,7955000
2019-12-24,3606.0486105091304,3611.8541165518086,3571.2155742530626,3587.802734375,6380000
2019-12-25,3601.902173915491,3610.1957547902675,3588.6324445158484,3596.926025390625,4753000
2019-12-26,3605.2198711408405,3624.295108554284,3594.4382152115027,3611.854736328125,6470000
2019-12-27,3626.782860012964,3650.834244174953,3613.513130820143,3633.417724609375,6380000
2019-12-30,3633.418257143542,3650.8347792617833,3607.708153064234,3646.68798828125,6213000
2020-01-06,3567.068936652762,3573.703800985062,3525.6010345758878,3544.67626953125,11546000
2020-01-07,3569.5567634344434,3607.707230701633,3557.1163936734033,3561.26318359375,11676000
2020-01-08,3524.7717995133676,3552.9699739094744,3450.9589312412054,3536.3828125,14844000
2020-01-09,3611.853968337584,3616.0007581979025,3579.509007427098,3597.7548828125,10308000
2020-01-10,3584.4850820186607,3630.9291275052515,3577.850218377719,3602.73095703125,8263000
2020-01-14,3636.7346838491935,3644.1989055492263,3561.2631088821977,3582.826416015625,12035000
2020-01-15,3566.2396595930313,3591.1204014041455,3556.2873628685857,3572.045166015625,7559000
2020-01-16,3561.2629150163307,3569.5564942315527,3541.358324899798,3562.921630859375,6987000
2020-01-17,3580.338845891214,3585.31499439141,3557.9461776403305,3565.410400390625,7636000
2020-01-20,3573.7039812242856,3590.2911428916063,3564.581042307259,3565.410400390625,8175000
2020-01-21,3566.240097325519,3586.9740513797374,3562.9226646768443,3575.363037109375,5628000
2020-01-22,3583.6558707141257,3595.2668825609203,3571.215500878275,3592.77880859375,7022000
2020-01-23,3592.7787947966917,3612.6833864576156,3580.3384250086146,3610.1953125,8637000
2020-01-24,3624.294677734375,3639.2231226312215,3608.5368747877037,3624.294677734375,8406000
2020-01-27,3572.8743730653005,3575.3624471412513,3509.0138051158974,3516.47802734375,9721000
2020-01-28,3489.9385682585093,3538.0413336955326,3480.8156299859706,3533.065185546875,9758000
2020-01-29,3532.2356801122314,3555.457703836848,3516.477878299099,3543.017333984375,8152000
2020-01-30,3549.652263351668,3549.652263351668,3476.66875887154,3505.6962890625,11503000
2020-01-31,3410.320009734486,3421.1016634617595,3331.531001727488,3381.29248046875,25778000
2020-02-03,3207.1276987782726,3328.2139785873305,3151.5607073590472,3320.749755859375,26072000
2020-02-04,3317.432005922693,3334.848523953787,3287.575117869389,3325.7255859375,12967000
2020-02-05,3378.804581099856,3393.7330254935227,3334.848605940727,3353.094482421875,9265000
2020-02-06,3382.951280753362,3408.6613787438873,3356.411824763142,3392.07421875,13307000
2020-02-07,3377.1455328896604,3391.2446178747105,3351.435436740451,3358.899658203125,11869000
2020-02-10,3342.313043535709,3387.098379602937,3341.48368546039,3371.340576171875,8999000
2020-02-12,3367.193408492049,3377.145704280695,3350.606248844305,3363.8759765625,7610000
2020-02-13,3350.606460134673,3356.4119663774804,3320.7495708859483,3333.18994140625,8786000
2020-02-14,3315.7733658020757,3319.920155904379,3275.9641808199594,3304.162353515625,9340000
2020-02-17,3304.162157226562,3329.8722543334957,3290.0630717163085,3317.431884765625,9282000
2020-02-18,3309.1388082108806,3314.944314891952,3293.381004362257,3300.015869140625,6942000
2020-02-19,3310.7972032030275,3334.8485856912257,3303.3329810515174,3321.578857421875,9187000
2020-02-20,3358.899905996727,3362.2173380026497,3319.0907219256546,3325.7255859375,7383000
2020-02-21,3317.432435075094,3321.579225618938,3305.8214215523312,3313.28564453125,9155000
2020-02-25,3159.8538392373503,3275.134596101915,3159.8538392373503,3253.5712890625,13012000
2020-02-26,3253.5711307094816,3253.5711307094816,3188.881212739729,3231.178466796875,11195000
2020-02-27,3199.6633229821286,3221.2266320535477,3151.5605565920396,3167.318359375,11113000
2020-02-28,3052.037270385305,3089.358378311212,2992.3234977038533,3008.081298828125,22996000
2020-03-02,2993.982423981363,3142.4375081621565,2977.3952637376988,3076.0888671875,21479000
2020-03-03,3139.119438834812,3150.730448648204,3042.084571108611,3052.036865234375,18606000
2020-03-04,3021.3510457739094,3118.385927013423,3021.3510457739094,3089.3583984375,10880000
2020-03-05,3143.266577096931,3165.659241366487,3102.6280382373666,3144.92529296875,12324000
2020-03-06,3126.680047086967,3159.025013091315,3074.4304866184048,3102.628662109375,12736000
2020-03-09,3025.4982387628725,3047.0615485786166,2955.0028028267857,2979.883544921875,20326000
2020-03-10,2902.7529334653045,3028.815346575798,2818.1584194043157,3001.446533203125,22550000
2020-03-11,2990.665033556086,3057.013675454169,2936.756762013894,2941.73291015625,15064000
2020-03-12,2902.7531518119977,2932.610041373492,2815.6705572576375,2887.82470703125,21183000
2020-03-13,2743.516428709174,2861.2852717795195,2643.993462734234,2755.12744140625,31909000
2020-03-16,2811.5238805837444,2891.142255963107,2731.076147127513,2732.73486328125,21578000
2020-03-17,2695.4133444969807,2932.609718812715,2670.5326059323934,2892.800537109375,31907000
2020-03-18,2932.6099228210364,3012.228291766404,2923.486984712713,2945.05029296875,18542000
2020-03-19,2945.050369758616,3110.0926180216306,2945.050369758616,3087.699951171875,24652000
2020-03-23,3101.7990548961916,3187.2229326112474,3077.7476718502053,3135.802734375,19109000
2020-03-24,3218.7385278566917,3225.3733921243684,3164.830255681818,3202.1513671875,15137000
2020-03-25,3275.964183018258,3287.5751953125,3232.0082079043423,3287.5751953125,15109000
2020-03-26,3253.571648053069,3315.7735021453404,3222.0560419796516,3295.03955078125,14080000
2020-03-27,3317.4323657951736,3350.606689453125,3270.1589545825923,3350.606689453125,16200000
2020-03-30,3341.2945220522274,3469.9686460329567,3315.051773082473,3464.889404296875,14802000
2020-03-31,3518.2214001667267,3596.949646128109,3483.5132487213864,3522.4541015625,19260000
2020-04-01,3538.538224448748,3613.8803062611737,3513.988557341329,3551.236328125,19176000
2020-04-02,3598.6424784721485,3612.187122004389,3480.126847565044,3498.750732421875,16756000
2020-04-03,3539.385008891196,3602.8755316529373,3513.9887997864994,3545.310791015625,12445000
2020-04-06,3585.0982757027973,3657.054203314306,3571.553630505337,3633.35107421875,15371000
2020-04-07,3661.286761281004,3682.4502685716457,3586.7912156179455,3656.20751953125,17285000
2020-04-08,3640.1229742881105,3694.301548789143,3614.7267674907516,3690.06884765625,16903000
2020-04-09,3678.2177689711725,3701.9208984375,3644.3561554478474,3701.9208984375,12376000
2020-04-10,3671.4446180995747,3767.10365472518,3663.8257567754113,3756.0986328125,12912000
2020-04-13,3767.1040398303503,3788.267545672094,3733.2424304835604,3751.019775390625,8190000
2020-04-14,3774.72357950739,3851.7587545993774,3755.2531506379864,3850.065673828125,14177000
2020-04-15,3893.238830448855,3972.813618459769,3885.619967766959,3955.8828125,17544000
2020-04-16,3932.1795430934176,3993.1304423620345,3925.4072209524597,3978.7392578125,13856000
2020-04-17,3978.7395743663915,3987.2049777161074,3900.011323214035,3964.348388671875,17116000
2020-04-20,3949.956614940534,3962.6547180747193,3877.154156971206,3888.1591796875,11638000
2020-04-21,3835.6740984140774,3926.2539104931566,3831.441396915055,3896.625,12297000
2020-04-22,3978.7394673431513,3986.3583301529575,3911.8627826792986,3977.04638671875,15970000
2020-04-23,3995.6707012832194,4001.596484102919,3931.333630669337,3949.95751953125,10244000
2020-04-24,3928.793210339902,3977.892543716268,3927.1001298786477,3970.273681640625,8327000
2020-04-27,3960.962366535763,3991.4378196657667,3954.1900436179844,3965.195068359375,8020000
2020-04-28,3915.249093689995,3943.1849250611886,3889.006343007965,3912.70947265625,9245000
2020-04-30,3871.2288438615446,3876.3080857297205,3768.79746618666,3779.802490234375,17759000
2020-05-01,3792.500594904815,3830.594908916136,3769.6440064980225,3779.802490234375,10331000
2020-05-07,3818.7432915875816,3902.55078125,3809.431348291757,3902.55078125,15079000
2020-05-08,3838.2140263473475,3851.7586722277088,3683.2971390907164,3750.173828125,24837000
2020-05-11,3756.099197849235,3756.945738123711,3648.588582990805,3694.3017578125,14318000
2020-05-12,3729.009931923687,3817.050121008832,3729.009931923687,3796.733154296875,13041000
2020-05-13,3782.341864149306,3809.4311523437505,3752.7129551866324,3809.43115234375,8231000
2020-05-14,3760.332511351421,3830.5953655707294,3759.4859709391403,3789.96142578125,8194000
2020-05-15,3784.035325591709,3817.050398902241,3762.871817059317,3810.278076171875,7967000
2020-05-18,3824.668951231061,3838.21359559133,3760.331890519781,3771.3369140625,7225000
2020-05-19,3753.5596792265305,3761.1785419042567,3693.4553181022447,3723.084228515625,11181000
2020-05-20,3741.708391280607,3778.109626761391,3737.4756894805155,3742.554931640625,8941000
2020-05-21,3766.257943185128,3828.055387521499,3752.713297851129,3814.5107421875,9868000
2020-05-22,3814.5101847113137,3828.0548280658145,3780.648576325061,3799.2724609375,6281000
2020-05-25,3822.129294630658,3830.5946972765732,3760.331855315478,3775.569580078125,5983000
2020-05-26,3777.262660607308,3785.7280632532234,3756.0991539925203,3775.569580078125,6492000
2020-05-27,3750.172991071429,3762.024553571429,3717.157924107143,3733.2421875,8795000
2020-05-28,3715.465402167408,3739.168530729879,3683.2968705469107,3712.92578125,10093000
2020-05-29,3740.86204024855,3763.7186311258324,3684.9903736596375,3685.8369140625,13496000
2020-06-01,3747.633509448451,3774.7227961668495,3734.9354062992015,3763.7177734375,11297000
2020-06-02,3736.6286626079605,3753.5594676039186,3718.8513173622046,3730.702880859375,7874000
2020-06-03,3720.5443939338907,3789.1141540951294,3712.925531693753,3778.109130859375,11349000
2020-06-04,3808.585026451806,3829.74853515625,3779.8026546137617,3829.74853515625,11177000
2020-06-05,3847.5255956285782,3890.699150166985,3843.2928942032445,3881.38720703125,9990000
2020-06-08,3905.936990917774,3906.783531227899,3795.886750601495,3815.357177734375,10410000
2020-06-09,3797.579448760716,3831.4410577554618,3780.648644263343,3826.36181640625,5946000
2020-06-10,3830.5950041957294,3858.530835165555,3820.4365202067024,3838.2138671875,5763000
2020-06-11,3882.2340751581437,4002.442805788858,3879.6944540884806,3981.279296875,22289000
2020-06-12,3980.43222945283,4060.0070124321082,3927.946734296285,4032.917724609375,17439000
2020-06-15,4022.7586815720138,4081.169950306961,3966.887033216847,3976.198974609375,12094000
2020-06-16,4057.468164811492,4082.017836578555,4000.749957625519,4028.685791015625,9737000
2020-06-17,4081.1709598483344,4145.508025384213,4074.398637160347,4126.03759765625,13768000
2020-06-18,4190.374710792506,4247.939454294303,4177.676605608287,4242.013671875,17523000
2020-06-19,4247.093253503408,4276.72216796875,4213.231636971589,4276.72216796875,13190000
2020-06-22,4250.479144500094,4283.494218516326,4234.3948776716725,4245.39990234375,7142000
2020-06-23,4243.706768054497,4243.706768054497,4161.592354230183,4164.978515625,11658000
2020-06-24,4120.958139299453,4187.8348223324565,4102.3342528852,4181.0625,9114000
2020-06-25,4116.725204628991,4152.27989486021,4076.0912729361694,4086.249755859375,9533000
2020-06-26,4065.0867662693304,4118.418808392397,4042.230176788016,4105.720703125,7029000
2020-06-29,4082.8638064775932,4109.106555389226,4051.5418158411285,4066.779541015625,6116000
2020-06-30,4076.93882947563,4087.9438553857594,4054.082237200746,4064.24072265625,6900000
2020-07-01,4092.1759287867494,4098.9482513830035,4032.9181060695228,4045.6162109375,5909000
2020-07-02,4105.719725955813,4144.660572841168,4057.466937423962,4087.9423828125,10114000
2020-07-03,4107.4134877299075,4236.087611830268,4098.948084828568,4234.39453125,14071000
2020-07-06,4228.469090141192,4275.028809852456,4197.147096880887,4269.10302734375,9091000
2020-07-07,4291.95877394813,4394.3901371922575,4275.027970106126,4364.76123046875,12216000
2020-07-08,4346.984322167634,4346.984322167634,4201.37939453125,4201.37939453125,14132000
2020-07-09,4232.701665565207,4238.627447896998,4187.835027910215,4203.07275390625,9922000
2020-07-10,4196.30009135714,4203.072413473513,4120.9580078125,4120.9580078125,8994000
2020-07-13,4129.423618604316,4143.814803827005,4082.8639017073833,4131.11669921875,7804000
2020-07-14,4088.7894477447703,4131.963000919715,4038.8435725031673,4071.858642578125,8940000
2020-07-15,4097.255296012113,4131.116910028742,4061.700601294652,4123.498046875,8677000
2020-07-16,4066.779158213351,4092.1753644469895,4029.5313890706807,4042.2294921875,9865000
2020-07-17,4049.0021292239144,4067.6260152458517,4006.6751155376933,4033.764404296875,6561000
2020-07-20,4013.446705275016,4027.837887301946,3954.1888969288334,3980.431640625,8875000
2020-07-21,4045.615617849694,4098.101110276286,4030.377894241974,4052.387939453125,11847000
2020-07-22,4021.065500758638,4054.927104975553,3999.0554580176436,4036.30322265625,8428000
2020-07-27,4036.3041315789474,4067.626122532895,4000.7494391447367,4021.06640625,7823000
2020-07-28,4037.9972146595474,4065.9330444465004,4001.595981906851,4003.2890625,6781000
2020-07-29,3999.9023786124753,4012.6004814017215,3967.7338515463857,4001.595458984375,6538000
2020-07-30,4006.6751188701605,4041.3832701217293,3998.2097161258753,4004.135498046875,5922000
2020-07-31,3995.670068233204,4010.0612528009933,3915.248742707324,3931.3330078125,9074000
2020-08-03,3894.0845823298114,3994.8228573944302,3882.233020557503,3976.198974609375,9121000
2020-08-04,4046.463139536602,4109.953669968661,4015.987684929213,4028.685791015625,14680000
2020-08-05,4121.805028700197,4172.59745049564,4089.636494896417,4156.51318359375,13651000
2020-08-06,4190.374094510762,4190.374094510762,4123.497417042812,4164.13134765625,11131000
2020-08-07,4351.217370503865,4355.450072226145,4242.01366606904,4271.642578125,26629000
2020-08-11,4291.112023857477,4314.815148076851,4205.6114686375895,4236.0869140625,13615000
2020-08-12,4251.325609858056,4287.726844669664,4223.389778491008,4271.642578125,8215000
2020-08-13,4305.503763961792,4341.904995155334,4247.9390262603765,4334.2861328125,10687000
2020-08-14,4340.21212271425,4357.989469033149,4319.89515549265,4344.44482421875,6880000
2020-08-17,4346.984233867302,4418.093615687137,4344.4446130880215,4363.9150390625,8876000
2020-08-18,4393.544691736762,4486.664136070296,4380.84658569128,4472.27294921875,13866000
2020-08-19,4525.604353514893,4553.540182857578,4497.668524172209,4518.83203125,10003000
2020-08-20,4528.9908655678355,4543.382051495808,4477.351904296875,4512.06005859375,8849000
2020-08-21,4528.99131984118,4645.8138996800735,4524.758617673104,4630.576171875,15275000
2020-08-24,4687.293777327394,4863.37416484484,4674.5956724583475,4852.369140625,21456000
2020-08-25,4884.537261358312,4888.769962624654,4725.3876937438645,4743.1650390625,19800000
2020-08-26,4771.949242090404,4928.559249148542,4762.637295724785,4870.14794921875,18960000
2020-08-27,4891.310489390011,4908.24129759143,4825.280337404476,4846.44384765625,10452000
2020-08-28,4846.4435845957005,4882.844820252926,4728.7744739828095,4773.64111328125,17525000
2020-08-31,4832.898440942236,4842.210383988368,4750.784034080895,4803.26953125,11711000
2020-09-01,4864.220823799389,4962.419503848246,4850.676178275409,4959.8798828125,17745000
2020-09-02,5036.914759458963,5062.310968330185,4982.7361805336905,5041.1474609375,18835000
2020-09-03,5045.3795329798,5189.291365296338,5011.517925375909,5123.26123046875,25739000
2020-09-04,5029.294992994225,5097.01820448043,4990.354146389658,5062.31005859375,16101000
2020-09-07,5019.1373501610215,5091.939814676765,4973.424174767414,4990.35498046875,11570000
2020-09-08,4952.260760167346,4957.340001972646,4767.714974574785,4827.8193359375,17471000
2020-09-09,4748.243726412675,4937.022180859105,4740.62486502246,4899.7744140625,17147000
2020-09-10,4994.587820480581,5045.380238993944,4973.4243127666805,4997.12744140625,13220000
2020-09-11,5036.915674166122,5044.534538211079,4962.420114615429,5014.05908203125,11151000
2020-09-14,4990.3557407041135,5030.143140163502,4959.033745385021,5015.751953125,6418000
2020-09-15,5047.073310528891,5074.162600353937,5013.211698247583,5056.38525390625,8782000
2020-09-16,5069.929338937536,5072.46895957818,5013.211144629837,5064.85009765625,7570000
2020-09-17,5067.390075290353,5067.390075290353,4984.429128518142,4992.89453125,9525000
2020-09-18,5013.212252178863,5056.385812607961,4992.8952825651695,5053.84619140625,8832000
2020-09-23,5062.310889205251,5121.568708978557,5036.914680730977,5114.79638671875,11437000
2020-09-24,5079.241566141084,5089.400049273366,5002.206402387944,5013.21142578125,9683000
2020-09-25,4994.588169264656,5055.539075737039,4986.122765587937,4996.28125,7834000
2020-09-28,5058.924662021631,5106.3309172212985,5031.835373336106,5087.70703125,10699000
2020-09-29,5191.537698005581,5257.611814162015,5148.63242777413,5227.578125,11108000
2020-09-30,5182.956833514918,5203.551363979215,5119.45703125,5119.45703125,9574000
2020-10-02,5174.375470662854,5208.69968605697,4971.004494452723,4994.17333984375,13448000
2020-10-05,4961.565423511069,4969.288372112175,4861.16709169668,4884.3359375,12509000
2020-10-06,4953.842379577158,4954.700484960767,4867.173735832607,4921.234375,9664000
2020-10-07,4944.403030179258,4964.99755859375,4921.234185712955,4964.99755859375,6868000
2020-10-08,4965.856250770133,5012.193945178564,4943.545509017926,5005.3291015625,6916000
2020-10-09,4994.17421922039,5019.059279762897,4962.424314390294,4988.16748046875,5619000
2020-10-12,5009.61914411688,5052.52441256598,4997.605668951132,5039.65283203125,5832000
2020-10-13,5061.105763741266,5100.578613034602,5039.653128255757,5096.2880859375,5986000
2020-10-14,5105.727145926717,5110.017672940101,5056.815137974142,5073.119140625,5902000
2020-10-15,5067.112202330147,5071.402729173779,4985.5921923011265,5026.78125,6271000
2020-10-16,4999.322559167009,5009.619824994335,4945.261913573545,4970.14697265625,5873000
2020-10-19,4985.592968280499,5007.90371133993,4956.417381202782,4997.6064453125,4202000
2020-10-20,4977.010827862854,4988.166196959787,4903.21377076006,4910.07861328125,7660000
2020-10-21,4908.363777777778,4943.546105555555,4822.553222222222,4826.84375,8964000
2020-10-22,4806.248240788664,4853.444036761414,4787.369922399564,4792.5185546875,8970000
2020-10-23,4722.15478515625,4738.458790411196,4646.641497659657,4722.15478515625,10594000
2020-10-26,4694.695698409704,4751.330667536929,4661.229580289072,4727.3037109375,5691000
2020-10-27,4742.748357926338,4893.77490234375,4735.883514998274,4893.77490234375,9750000
2020-10-28,4952.126758220321,4997.606348964677,4853.444627359927,4931.5322265625,11477000
2020-10-29,4933.248822998467,4985.59326171875,4892.917862017265,4985.59326171875,8240000
2020-10-30,4995.031335007898,4995.031335007898,4874.896583779396,4889.484375,9851000
2020-11-02,4904.07294772652,4992.457814500945,4894.633787197214,4941.82958984375,8371000
2020-11-04,4899.78262008204,4924.667680674401,4825.127438304958,4863.7421875,12933000
2020-11-05,4922.09277529248,5013.051951404928,4920.376564422434,4969.28857421875,12793000
2020-11-06,5088.5652293409985,5173.517667402509,4956.416992356426,4960.70751953125,23818000
2020-11-09,5005.329702869419,5041.370136183411,4852.5869140625,4852.5869140625,16415000
2020-11-10,4633.769824164507,4711.857426756908,4558.256538141085,4634.6279296875,25027000
2020-11-11,4402.939063199165,4497.330662683067,4393.499903250774,4434.68896484375,24495000
2020-11-12,4530.7959183673465,4631.194237012987,4510.201391465677,4625.1875,16456000
2020-11-13,4703.27597597097,4711.857030479218,4622.614063593434,4674.95849609375,12150000
2020-11-16,4685.255560046898,4691.262297944394,4573.701856236257,4585.71533203125,10812000
2020-11-17,4608.884669878178,4671.526371777472,4527.364646858549,4564.26318359375,13487000
2020-11-18,4559.97216851903,4577.134276793471,4494.756157076153,4568.55322265625,10165000
2020-11-19,4612.3160264457865,4669.80908203125,4578.849919463203,4669.80908203125,11886000
2020-11-20,4762.4853515625,4766.77587890625,4652.6478515625,4680.96533203125,10145000
2020-11-24,4730.7356450285,4731.593750532767,4656.080466157199,4718.72216796875,11975000
2020-11-25,4709.282132376269,4797.666982892806,4685.255182721288,4733.30908203125,12413000
2020-11-26,4805.390435474787,4952.12646484375,4776.214850687977,4952.12646484375,18435000
2020-11-27,4940.113376825244,5007.045606005784,4892.91757419794,4993.31591796875,15159000
2020-11-30,5037.07939176273,5095.430566999505,5025.924020026288,5085.13330078125,16289000
2020-12-01,5084.27500320017,5110.876273259108,4907.505273131101,4922.951171875,15970000
2020-12-02,4931.532424238894,4968.430961604871,4874.039354389581,4892.0595703125,10685000
2020-12-03,4874.039555555556,4937.539366666667,4802.816794444445,4826.84375,10237000
2020-12-04,4848.295316925665,4908.362692533594,4814.829207658391,4885.19384765625,8806000
2020-12-07,4916.944432799247,4964.140234510235,4893.77558468658,4957.275390625,11093000
2020-12-08,4977.012397777873,5031.931155270594,4945.262491102393,5010.478515625,10588000
2020-12-09,5010.478315674035,5061.106543217239,4961.56629923399,5058.5322265625,10435000
2020-12-10,5029.355958355178,5090.281444286456,5014.768165949097,5063.68017578125,10882000
2020-12-11,5096.2885711437275,5214.707130298102,5089.423727134777,5177.80859375,20538000
2020-12-14,5198.402359285865,5363.158591207767,5198.402359285865,5339.98974609375,19353000
2020-12-15,5398.342102110212,5427.517691280733,5272.2005842259005,5287.646484375,20100000
2020-12-16,5234.443641208997,5441.2470703125,5218.139636424903,5441.2470703125,21980000
2020-12-17,5431.8071599655605,5824.819431571283,5413.78694663866,5800.79248046875,43133000
2020-12-18,5795.644434793961,5812.806544461696,5622.307127149843,5725.27978515625,22597000
2020-12-21,5663.496587643678,5711.550498084291,5565.672555675287,5599.138671875,12727000
2020-12-22,5618.016007512253,5670.360436480978,5479.861039250534,5526.19873046875,13625000
2020-12-23,5526.199121214911,5584.550292060038,5484.151953988277,5533.06396484375,9146000
2020-12-24,5566.530077913786,5566.530077913786,5492.733008898743,5554.5166015625,6061000
2020-12-25,5556.23203016275,5585.407611479434,5520.191606183315,5549.3671875,5200000
2020-12-28,5570.820606891792,5676.36757772477,5549.367970543626,5653.19873046875,11893000
2020-12-29,5688.380464286815,5717.556046695287,5625.7387726451,5651.48193359375,8986000
2020-12-30,5625.739842147862,5713.266606012884,5617.158786866978,5648.90869140625,7847000
2021-01-04,5661.779882812501,5671.219042968751,5570.820703125,5624.88134765625,7790000
2021-01-05,5593.989743434025,5673.793554776157,5543.361519034177,5671.21923828125,8744000
2021-01-06,5710.6922958293935,5779.340738153413,5557.091406129399,5558.8076171875,15340000
2021-01-07,5547.651367941602,5611.151167048745,5515.9014683880305,5556.232421875,8888000
2021-01-08,5518.476845967545,5609.43603515625,5466.990512464505,5609.43603515625,12218000
2021-01-12,5603.4287109375,5710.69189453125,5548.5099609375,5710.69189453125,10818000
2021-01-13,5660.921483573445,5714.124019875029,5634.320215422652,5645.4755859375,10670000
2021-01-14,5636.036523823317,5689.239061045766,5618.01630960281,5647.19189453125,9202000
2021-01-15,5645.475585491513,5662.63769397454,5587.124416649223,5636.89453125,8382000
2021-01-18,5607.7189461618145,5720.130756712265,5593.989259377026,5624.02294921875,9633000
2021-01-19,5624.02256191519,5678.94130527231,5603.428033156269,5651.48193359375,6873000
2021-01-20,5663.495695399412,5687.522646834441,5539.070411182304,5553.658203125,9721000
2021-01-21,5535.638178147656,5540.786810773433,5381.179199374353,5385.4697265625,15267000
2021-01-22,5325.402159804247,5488.442187255554,5272.199624530664,5485.009765625,13584000
2021-01-25,5460.98359973277,5468.706549512404,5321.112398168275,5378.60546875,12027000
2021-01-26,5407.7806640625,5415.50361328125,5309.956640625001,5337.416015625,9022000
2021-01-27,5389.760253282348,5390.618358719903,5311.672658464851,5372.59814453125,7282000
2021-01-28,5264.4778281034605,5370.882921939618,5262.761616912555,5291.0791015625,15348000
2021-01-29,5319.39520120605,5320.253306578079,5174.375393333196,5198.40234375,10190000
2021-02-01,5258.470503571999,5388.902539561383,5201.835540576609,5375.1728515625,9960000
2021-02-02,5491.017395254282,5521.909194946289,5251.6059476412265,5354.57861328125,21011000
2021-02-03,5440.3881765625,5447.2530196875005,5331.408791953125,5363.15869140625,9847000
2021-02-04,5264.476953489744,5352.861815137575,5261.044531678178,5284.21337890625,7310000
2021-02-05,5298.800698662828,5443.82050725781,5286.787223394605,5438.671875,10909000
2021-02-08,5462.699903959811,5481.578225965327,5393.193354757684,5444.6796875,8772000
2021-02-09,5434.381933593751,5438.672460937501,5311.6728515625,5341.70654296875,10387000
2021-02-10,5376.8888671875,5534.7802734375,5355.43623046875,5521.90869140625,16028000
2021-02-12,5654.91523307959,5749.306837880615,5648.050389094061,5692.671875,20415000
2021-02-15,5715.84052734375,5745.01611328125,5677.22578125,5714.982421875,10094000
2021-02-16,5744.158199123865,5920.9279315737485,5733.002827658582,5864.29296875,17737000
2021-02-17,5945.812595720489,5992.150289495768,5847.130470087952,5887.46142578125,10834000
2021-02-18,5779.340811415246,5922.644436583227,5769.04354493611,5886.60400390625,11714000
2021-02-19,5800.79296875,5876.306250000001,5770.75927734375,5860.8603515625,9608000
2021-02-22,5886.603417150522,5909.77226441919,5784.488868077502,5837.69140625,9066000
2021-02-24,5766.4689475466585,5789.637795996623,5684.94892522271,5701.2529296875,13362000
2021-02-25,5720.988969672277,5902.04921755001,5720.130864232098,5866.0087890625,12360000
2021-02-26,5765.610137849903,5792.211405043437,5556.232421875,5556.232421875,16885000
2021-03-01,5653.199912383177,5667.787708149801,5577.686616650069,5600.85546875,7160000
2021-03-02,5648.050294936405,5659.2056662269215,5502.172362675818,5536.49658203125,8154000
2021-03-03,5529.63213691591,5555.37530328889,5408.639254962909,5440.38916015625,8190000
2021-03-04,5337.416115006851,5342.564747915218,5236.159667808972,5244.74072265625,10697000
2021-03-05,5188.963674330968,5322.828125,5157.213772569724,5322.828125,11111000
2021-03-08,5300.517177544752,5322.827918457195,5124.605566504331,5126.32177734375,11306000
2021-03-09,5071.403712730272,5073.119923800569,4943.545987993079,5048.23486328125,14907000
2021-03-10,5164.078710937501,5164.93681640625,5053.38310546875,5062.822265625,9444000
2021-03-11,5086.84892803712,5126.32177734375,5014.768072781532,5126.32177734375,7660000
2021-03-12,5167.511617631904,5213.849317291839,5119.457706873454,5204.41015625,9026000
2021-03-15,5162.363072054528,5288.504589938839,5102.295682585808,5287.646484375,8793000
2021-03-16,5363.158891966776,5508.178708405558,5345.996783512483,5460.98291015625,12953000
2021-03-17,5388.902826648622,5485.010647760827,5364.87587137057,5448.97021484375,9127000
2021-03-18,5485.010451808121,5503.888773137873,5410.355272004099,5436.95654296875,8108000
2021-03-19,5343.422170405081,5379.46259615697,5286.787215652112,5365.73291015625,11669000
2021-03-22,5307.38174879426,5443.820503532867,5279.922376771396,5404.34765625,7743000
2021-03-23,5491.875390747108,5525.341506409473,5457.551169554939,5490.1591796875,9906000
2021-03-24,5526.197923884423,5587.123397889982,5414.6442390855145,5418.07666015625,9248000
2021-03-25,5383.753514277153,5397.483201275628,5279.922756351183,5346.85498046875,8373000
2021-03-26,5394.909559824902,5533.92265807393,5382.037976653696,5513.328125,10090000
2021-03-29,5510.752350245311,5572.535933119441,5479.00245349055,5547.65087890625,10230000
2021-03-30,5594.145912882326,5626.603714164536,5558.1791601101495,5574.8466796875,7234000
2021-03-31,5541.510877193592,5541.510877193592,5422.20654296875,5422.20654296875,8637000
2021-04-01,5522.211302934903,5610.812310337035,5478.349418082362,5519.57958984375,8751000
2021-04-02,5580.987627570653,5589.76000674005,5494.141073793618,5521.33544921875,5515000
2021-04-05,5523.966517273469,5603.795158383821,5521.334803830271,5556.42431640625,5279000
2021-04-06,5568.7048806972025,5616.952953860143,5528.351946779107,5588.88134765625,8545000
2021-04-07,5623.093988017976,5623.971225769617,5550.283254631784,5596.77685546875,7588000
2021-04-08,5611.689916600115,5709.940545122737,5587.127259469459,5680.99169921875,10284000
2021-04-09,5718.713292619386,5723.9767194878805,5664.324548311609,5688.88720703125,7099000
2021-04-12,5702.045035432291,5706.431223921085,5633.620495007103,5673.09619140625,6230000
2021-04-13,5691.518323309959,5775.733144370032,5683.623183835577,5738.88916015625,8696000
2021-04-14,5789.769448264416,5802.928015192289,5735.380704962538,5780.9970703125,7391000
2021-04-15,5735.380811036286,5735.380811036286,5645.902554271877,5688.88720703125,8831000
2021-04-16,5716.081256004996,5770.469997237702,5693.273074197732,5706.431640625,6351000
2021-04-19,5688.009834791829,5688.009834791829,5575.723397584341,5623.09423828125,7715000
2021-04-20,5566.95055221381,5590.635970573371,5511.684576041502,5532.73828125,5803000
2021-04-21,5495.8948970320735,5523.966507040856,5463.437097959418,5493.26318359375,5945000
2021-04-22,5501.158485024165,5513.439814762698,5445.015263362302,5479.2275390625,7021000
2021-04-23,5482.736164008681,5520.457388817061,5455.541792635197,5475.71826171875,5368000
2021-04-26,5459.051015577324,5473.086820856006,5381.854086544574,5390.62646484375,6552000
2021-04-27,5407.293607838114,5472.209202740779,5350.273152856045,5351.150390625,6670000
2021-04-28,5316.061417545181,5477.473183358434,5311.675228256778,5460.8056640625,7658000
2021-04-30,5480.104576851994,5526.598180593495,5435.365448723381,5499.40380859375,8566000
2021-05-06,5526.598164106882,5532.738828733667,5381.853926475511,5404.662109375,11429000
2021-05-07,5343.255937050597,5352.905553748604,5237.110153372528,5299.39404296875,16601000
2021-05-10,5259.9180767337675,5475.718584885286,5256.4091253817105,5458.173828125,11597000
2021-05-11,5491.50829828045,5532.738472404919,5388.87148184294,5480.9814453125,11089000
2021-05-12,5488.877022596875,5542.388529449745,5386.240197977435,5413.4345703125,7904000
2021-05-13,5309.0436165429555,5355.53722389206,5261.67277131934,5273.9541015625,7838000
2021-05-14,5323.9563473534645,5385.362994958464,5276.5855049153215,5375.71337890625,7687000
2021-05-17,5416.942413334945,5524.84264278275,5390.625284201334,5501.1572265625,7855000
2021-05-18,5502.036582160764,5553.793622713615,5423.96240234375,5423.96240234375,9426000
2021-05-19,5411.679946267999,5519.580194831941,5395.012428197146,5490.63134765625,7021000
2021-05-20,5466.945807324904,5522.211787084447,5416.943254209128,5498.5263671875,5855000
2021-05-21,5526.598012049501,5680.114623495321,5519.580109811978,5677.48291015625,13766000
2021-05-24,5597.65411726262,5709.940549954928,5588.004501953125,5702.04541015625,10055000
2021-05-25,5745.906813260768,5874.860752428605,5745.906813260768,5855.5615234375,13708000
2021-05-26,5837.140916131094,5952.059079643744,5831.0002509052265,5920.478515625,12338000
2021-05-27,5903.810176715746,5948.5493028691635,5778.365175932633,5885.38818359375,26103000
2021-05-28,5960.830485445095,5991.533806562178,5906.441745180548,5962.5849609375,11464000
2021-05-31,5965.217036327548,6000.306548305945,5891.529061172913,5938.89990234375,7335000
2021-06-01,5943.286489368986,5959.954008674965,5842.404135674899,5856.43994140625,6382000
2021-06-02,5908.196326068925,5919.600416972993,5829.244927502303,5891.52880859375,7594000
2021-06-03,5895.037931925576,5971.357619437113,5878.370413963286,5940.654296875,7257000
2021-06-04,5899.424444601696,5960.831093095691,5886.265877067269,5944.16357421875,4733000
2021-06-07,5965.217372730753,6061.713536113161,5928.373383075651,6016.09716796875,6966000
2021-06-08,6048.554149279276,6058.203764310759,5988.024745899977,6012.58740234375,4830000
2021-06-09,5979.252343981619,5998.551573965127,5904.6871372271535,5917.845703125,6282000
2021-06-10,5916.968743231457,5945.917589566022,5861.70276386547,5885.38818359375,5110000
2021-06-11,5914.3367859386635,5952.05800839422,5885.387940798352,5890.6513671875,6160000
2021-06-14,5883.63329170288,5908.195947460697,5688.886521051614,5709.06298828125,12967000
2021-06-15,5682.746140424495,5730.994216639892,5630.111875462243,5708.18603515625,8006000
2021-06-16,5579.232621047431,5614.322134387352,5436.242854187253,5548.529296875,23813000
2021-06-17,5502.0353417968745,5626.60310623169,5501.158104019165,5614.32177734375,8450000
2021-06-18,5710.817550308671,5737.134681876914,5655.551574015362,5728.3623046875,10540000
2021-06-21,5695.905107785465,5750.293852076655,5637.130174438533,5678.3603515625,7652000
2021-06-22,5728.363484082586,5730.995197781245,5678.360923808052,5718.7138671875,6140000
2021-06-23,5658.183831489935,5698.5367704431965,5559.055959713444,5621.33984375,10258000
2021-06-24,5674.8507417993615,5677.482454927418,5624.848192366287,5650.2880859375,4715000
2021-06-25,5673.096668636964,5679.23733303784,5608.1810735419995,5620.46240234375,5768000
2021-06-28,5645.024824055207,5682.746046655731,5628.357307092185,5657.30615234375,5091000
2021-06-29,5693.272697519592,5719.589828632934,5625.725394328681,5666.95556640625,5725000
2021-06-30,5691.519611647903,5721.345700858142,5659.9390466017685,5668.71142578125,5201000
2021-07-01,5677.4830289150905,5688.887120289611,5608.181242869928,5659.06103515625,5015000
2021-07-02,5642.393366270146,5715.2041015625,5595.899764215992,5715.2041015625,5319000
2021-07-05,5716.958577111713,5780.996934658,5695.027632746546,5715.2041015625,5372000
2021-07-06,5744.153495555442,5868.721271421183,5729.240451965881,5856.43994140625,9130000
2021-07-07,5856.439696460364,5876.616166355299,5792.401335489481,5851.17626953125,9992000
2021-07-08,5780.9969395063135,5791.5237928104225,5540.6337890625,5540.6337890625,16973000
2021-07-09,5587.127598251846,5656.429385072682,5475.718396653796,5552.0380859375,14101000
2021-07-12,5614.321935812932,5625.726027245051,5544.142911615269,5589.75927734375,6719000
2021-07-13,5583.618688652634,5616.953725599814,5527.475468531067,5556.42431640625,7984000
2021-07-14,5594.145420979574,5655.552066654433,5564.3193359375,5564.3193359375,8652000
2021-07-15,5526.598959053513,5561.688476253852,5502.913534943283,5551.16162109375,5364000
2021-07-16,5522.2120296875,5534.4933590625,5472.209474375,5482.736328125,6319000
2021-07-19,5461.682892358562,5481.859363049895,5337.992354642121,5376.5908203125,9442000
2021-07-20,5288.866039709307,5312.551457369309,5232.722827478192,5260.79443359375,13043000
2021-07-21,5322.201934579781,5323.079172413072,5224.82853508442,5247.63671875,10712000
2021-07-26,5329.220087656718,5341.501417899877,5258.163819821295,5273.9541015625,7908000
2021-07-27,5262.549486573437,5320.447180541407,5254.654346486896,5301.14794921875,5031000
2021-07-28,5263.426166726512,5271.321305976602,5170.438971114344,5191.49267578125,7505000
2021-07-29,5123.068325774995,5165.175736671777,5104.646333507654,5150.2626953125,6834000
2021-07-30,5093.243068310893,5096.752019787511,4944.989868423787,4947.62158203125,11297000
2021-08-02,4993.23739454895,5065.170891800007,4988.851205692178,5033.59033203125,5706000
2021-08-03,5002.010210096069,5013.414302121893,4903.759571104354,4976.5703125,6706000
2021-08-04,4905.513828772289,4930.076487428517,4836.212041849361,4870.42431640625,8436000
2021-08-05,4958.148315105549,4986.2199262314125,4925.69051474127,4955.5166015625,6482000
2021-08-06,4735.329856390717,4743.2249969441655,4458.99993702001,4597.603515625,31592000
2021-08-10,4535.319775688533,4542.337678629638,4437.946372380714,4457.24560546875,20681000
2021-08-11,4447.595651736738,4622.165974161908,4432.682609117503,4617.77978515625,16103000
2021-08-12,4614.271483628962,4638.834145519003,4551.110353054574,4593.2177734375,10979000
2021-08-13,4573.040492426613,4644.096751756472,4560.759163653551,4600.23486328125,8961000
2021-08-16,4578.3039914594965,4617.77969171159,4536.196577857263,4556.373046875,6932000
2021-08-17,4563.391357984411,4603.7442996351765,4529.179081367458,4568.65478515625,6095000
2021-08-18,4523.037414655873,4599.357091745684,4523.037414655873,4585.3212890625,6371000
2021-08-19,4562.513910384159,4568.654575135685,4519.529257123474,4525.669921875,5828000
2021-08-20,4580.93599667883,4618.65722376753,4559.8822885363,4597.603515625,8750000
2021-08-23,4652.868638966182,4676.554056245986,4590.584763897064,4610.76123046875,10246000
2021-08-24,4675.677693111796,4687.0817850462145,4642.342655149648,4671.29150390625,8934000
2021-08-25,4645.850959959655,4691.467321348987,4625.674492422066,4674.7998046875,7615000
2021-08-26,4649.360467709324,4677.4320780804,4587.953820022598,4609.884765625,8743000
2021-08-27,4485.317707830307,4565.146362516902,4474.79085226724,4541.4609375,10301000
2021-08-30,4510.756651564584,4613.393471524338,4491.45742046104,4604.62109375,8429000
2021-08-31,4605.498379164697,4653.746457422613,4573.917818850426,4640.587890625,8105000
2021-09-01,4680.94140843145,4723.04882739785,4659.010461053117,4712.52197265625,7864000
2021-09-02,4737.083876165661,4819.544225121138,4721.293596578443,4797.61328125,8788000
2021-09-03,4811.649365432132,4833.580310579954,4732.697962899973,4765.15576171875,10642000
2021-09-06,4807.2627842197135,4883.5824671078735,4795.858693673207,4837.0888671875,8050000
2021-09-07,4933.585276636583,4937.971465538288,4832.702931897394,4884.4599609375,15138000
2021-09-08,4860.775058879661,4870.424675491766,4761.647179137122,4794.10498046875,12448000
2021-09-09,4778.313758083508,4820.421167737998,4742.347012336964,4766.90966796875,8581000
2021-09-10,4772.172516736023,4853.7556130699295,4772.172516736023,4848.4921875,9139000
2021-09-13,4857.264563449882,4887.090641679482,4828.31572281527,4848.4921875,6597000
2021-09-14,4801.122715499476,4820.421948048533,4729.189212362082,4755.50634765625,10409000
2021-09-15,4701.995159410373,4748.488768262752,4686.204877158622,4727.43505859375,7038000
2021-09-16,4678.30927390253,4683.572700799851,4593.217205729166,4605.49853515625,9404000
2021-09-17,4597.603128890178,4690.59033203125,4529.178583182596,4690.59033203125,11931000
2021-09-21,4547.600681257121,4651.1147399740075,4546.723443471385,4619.5341796875,6524000
2021-09-22,4659.887696046206,4716.908159194361,4649.3608413111615,4670.41455078125,8258000
2021-09-24,4737.084307475604,4780.946199211489,4703.749269756331,4719.53955078125,8007000
2021-09-27,4761.646400741741,4809.01723818464,4746.733359324532,4752.8740234375,7277000
2021-09-28,4721.293817005018,4725.680005984027,4619.534232692015,4687.08154296875,8933000
2021-09-29,4678.20600120864,4724.35791015625,4601.877844102979,4724.35791015625,9340000
2021-09-30,4679.094049927499,4820.21240234375,4657.793166543915,4820.21240234375,29542000
2021-10-01,4618.741101598749,4640.929519650243,4394.194310917642,4399.51953125,30925000
2021-10-04,4316.091227726199,4405.732439735318,4255.7387285517425,4367.568359375,17631000
2021-10-05,4297.451977680184,4419.044485103188,4293.01429492752,4299.22705078125,12278000
2021-10-06,4350.704999173072,4428.808230492376,4336.504411660471,4402.18212890625,11615000
2021-10-07,4446.558410705384,4476.7346554087735,4372.005335555832,4450.99609375,9296000
2021-10-08,4492.710766447287,4533.5374545659315,4480.285252672048,4494.48583984375,6406000
2021-10-11,4446.559607542155,4548.626345040629,4444.78453384653,4539.7509765625,5655000
2021-10-12,4587.677346312409,4611.64083796465,4535.312679368622,4566.37646484375,6310000
2021-10-13,4566.376494433651,4614.303478048698,4516.67443735138,4525.5498046875,5708000
2021-10-14,4571.701439602492,4638.266690615925,4558.388389399806,4584.126953125,7356000
2021-10-15,4567.263805671454,4587.6771495366775,4517.561751043082,4573.4765625,7425000
2021-10-18,4572.588647337105,4605.4275021413505,4529.099353136888,4549.5126953125,5751000
2021-10-19,4581.4651815827965,4667.55625531653,4581.4651815827965,4646.25537109375,6273000
2021-10-20,4564.6022152242795,4579.690342321073,4417.271091808524,4464.310546875,13641000
2021-10-21,4410.170415325828,4495.373949210167,4381.769237364381,4443.00927734375,7761000
2021-10-22,4395.081661866504,4477.622573529182,4388.868905074689,4439.45849609375,6066000
2021-10-25,4406.620681545156,4443.009694222568,4343.605562030613,4357.80615234375,6331000
2021-10-26,4393.306950581765,4419.04551655487,4362.2431640625,4362.2431640625,6690000
2021-10-27,4362.242430886328,4365.792577320417,4250.412818212539,4308.990234375,9470000
2021-10-28,4348.042488283624,4415.495280508477,4308.990871732393,4380.88134765625,10086000
2021-10-29,4420.8196674240535,4455.43359375,4374.667765656126,4455.43359375,7571000
2021-11-01,4517.561646955286,4517.561646955286,4460.759300117342,4490.935546875,5736000
2021-11-02,4484.723546237117,4514.899798081974,4434.1339475560335,4435.021484375,5311000
2021-11-04,4331.17922008547,4404.84476829594,4321.4163161057695,4361.35546875,10907000
2021-11-05,4299.227766232844,4506.023816920758,4299.227766232844,4494.48583984375,12970000
2021-11-08,4497.149038484413,4534.425584688547,4372.00634765625,4372.00634765625,11288000
2021-11-09,4353.367671337841,4439.458734359201,4331.179253033367,4388.869140625,5844000
2021-11-10,4388.868858297522,4427.032935326196,4384.431174922095,4414.607421875,5363000
2021-11-11,4413.719798998217,4460.759241859047,4387.093699265672,4433.24560546875,4758000
2021-11-12,4450.996191289784,4501.585779107037,4443.008361634429,4465.19677734375,5875000
2021-11-15,4507.79825152515,4525.548982974353,4440.345472018177,4455.43359375,5179000
2021-11-16,4471.4096652974185,4543.300134310735,4458.096615480137,4542.41259765625,7849000
2021-11-17,4548.625700954006,4578.8019495066765,4493.5984241814895,4503.361328125,6920000
2021-11-18,4534.424960463441,4587.677161995601,4502.473639544145,4570.81396484375,8237000
2021-11-19,4618.742068296953,4662.231376780149,4593.891034877985,4609.86669921875,9832000
2021-11-22,4585.015067235493,4596.553045530898,4542.413301221691,4565.4892578125,5412000
2021-11-24,4482.060546875,4545.963192295792,4469.635032487624,4482.060546875,6677000
2021-11-25,4511.349858289459,4546.851332680877,4487.386363075252,4493.59912109375,4162000
2021-11-26,4504.248911284635,4506.911521478498,4409.28248103686,4424.37060546875,6209000
2021-11-29,4453.659027135274,4618.740848388196,4443.896123727844,4556.61328125,13041000
2021-11-30,4573.476836268868,4591.227571127277,4438.571251344966,4446.55908203125,12713000
2021-12-01,4446.558845840735,4561.938616291692,4419.9327449674365,4497.1484375,8381000
2021-12-02,4503.362372876874,4610.75434116976,4500.699762092753,4588.56591796875,9765000
2021-12-03,4535.3133404683185,4559.27683561365,4474.960834176372,4496.26171875,8585000
2021-12-06,4507.798890317221,4546.850505039402,4470.522348991502,4494.48583984375,6192000
2021-12-07,4538.863587893656,4593.003337377721,4490.049059670318,4576.14013671875,7444000
2021-12-08,4657.793075590109,4754.534585734797,4651.580318057881,4737.67138671875,12667000
2021-12-09,4792.698073538326,4792.698073538326,4704.831942190123,4758.9716796875,9217000
2021-12-10,4792.698979147305,4859.2642427465735,4756.309968379705,4774.9482421875,11139000
2021-12-13,4774.947339932628,4786.485316776331,4700.394258788699,4758.9716796875,7151000
2021-12-14,4751.871351308971,4798.02325834447,4725.245251096182,4731.4580078125,7095000
2021-12-15,4700.394671699439,4775.835296150808,4700.394671699439,4739.4462890625,4879000
2021-12-16,4749.209420058307,4828.2001953125,4744.771736055262,4828.2001953125,7227000
2021-12-17,4774.948125767523,4793.586399120891,4689.744590437843,4697.732421875,10206000
2021-12-20,4723.470419518548,4809.561481279784,4696.844317942908,4749.208984375,8507000
2021-12-21,4823.762850594735,4932.929884748029,4821.987776868666,4925.82958984375,11876000
2021-12-22,4939.142217415949,4941.804827775742,4821.987361585058,4844.17578125,8447000
2021-12-23,4870.801702109657,4934.704348347247,4865.476481589858,4916.95361328125,6611000
2021-12-24,4926.716504945708,4974.643489501116,4908.078233174161,4919.6162109375,5223000
2021-12-27,4938.2544953604465,4954.230156919844,4905.415635488352,4916.95361328125,3392000
2021-12-28,4952.456052913866,4959.55634833023,4876.127877187954,4886.7783203125,5578000
2021-12-29,4892.990227776604,4903.6406690487465,4829.087580143752,4860.1513671875,3996000
2021-12-30,4823.761844802103,4826.424454836032,4718.144980122903,4761.63427734375,7026000
2022-01-04,4792.6984084796795,4838.850319079855,4777.610283860392,4826.4248046875,5484000
2022-01-05,4799.798814210724,4812.224328892482,4726.133262883155,4734.12109375,6558000
2022-01-06,4764.296804325292,4799.79827082548,4687.081114687382,4709.26953125,5605000
2022-01-07,4695.069925868379,4786.486221211373,4693.294852172398,4774.9482421875,6370000
2022-01-11,4807.786601228695,4885.889835658845,4764.297300239179,4777.6103515625,7277000
2022-01-12,4788.260402604701,4820.211723178153,4756.30908203125,4756.30908203125,5536000
2022-01-13,4741.220988519048,4743.883598583734,4679.98095703125,4679.98095703125,4710000
2022-01-14,4656.017311601683,4682.643411363035,4566.376109071799,4608.09033203125,6571000
2022-01-17,4643.591770971486,4707.494410021552,4625.841037902022,4684.41845703125,3290000
2022-01-18,4703.944976069556,4765.185014437254,4700.394828917805,4740.333984375,5113000
2022-01-19,4783.822350655024,4859.26296286387,4712.819421517287,4729.6826171875,9532000
2022-01-20,4741.22174885622,4891.215473221009,4734.121454211733,4861.9267578125,8972000
2022-01-21,4837.962644565522,4859.263525774396,4762.522023617426,4855.71337890625,7599000
2022-01-24,4806.011661678165,4831.750228287337,4735.008719308035,4783.8232421875,6590000
2022-01-25,4766.072809567598,4807.787040861765,4737.671630814122,4788.26123046875,7389000
2022-01-26,4845.063243089476,5007.4824725244225,4826.424970859236,4996.83203125,14494000
2022-01-27,5003.931764262549,5016.357277689239,4929.378683702412,4977.3056640625,10380000
2022-01-28,4982.631201607063,5016.357597342914,4963.105393549466,4979.0810546875,7055000
2022-01-31,5014.582498664529,5068.722238915599,4984.40625,4984.40625,7280000
2022-02-01,5072.272478326924,5108.661484733119,5005.707222705836,5034.1083984375,8003000
2022-02-02,5007.482355744772,5124.63720703125,4990.619157453537,5124.63720703125,6402000
2022-02-03,5076.709907891808,5084.697738166463,4964.880284046639,4983.5185546875,9963000
2022-02-04,5023.458629200327,5252.443139153274,4997.720060252127,5163.689453125,17049000
2022-02-07,5125.524914865923,5217.828740172599,5108.6617160118185,5191.20263671875,6844000
2022-02-08,5149.488261441087,5172.5642171111085,5097.123592805267,5119.31201171875,6475000
2022-02-09,5171.676833967228,5197.4154006713725,5114.87447986153,5155.701171875,6591000
2022-02-10,5158.362817357583,5177.888622929136,5118.423669597588,5153.03759765625,7156000
2022-02-14,5105.999093191964,5138.837954038149,5059.84718065138,5125.52490234375,5969000
2022-02-15,5131.737308599192,5184.989511732356,5078.485105466029,5096.23583984375,5835000
2022-02-16,5184.989341955831,5262.205033970578,5179.6641218168825,5201.8525390625,10277000
2022-02-17,5213.390453985226,5245.34177443866,5137.949836247953,5215.16552734375,6656000
2022-02-18,5211.615569309011,5289.718799911735,5179.664247698806,5279.068359375,6338000
2022-02-21,5231.141346662572,5240.016713725115,5201.852635356182,5216.05322265625,4841000
2022-02-22,5121.0868267098185,5193.864837072073,5113.098996304206,5139.72509765625,4852000
2022-02-24,5082.034753642638,5169.013343558282,5052.746044793493,5063.396484375,6690000
2022-02-25,5069.610282568102,5125.5251018611325,4980.856601150594,5050.08447265625,7825000
2022-02-28,5092.685928612978,5203.628023607162,5090.910855093071,5149.48828125,8325000
2022-03-01,5224.928533502883,5260.430001371086,5156.58820785659,5158.36328125,5846000
2022-03-02,5183.214405402797,5208.95297008716,5145.0503267328795,5172.56396484375,7043000
2022-03-03,5236.46665927071,5331.433088515111,5222.266071720145,5265.75537109375,8257000
2022-03-04,5295.043989512878,5351.8463387131505,5181.439291112334,5216.05322265625,8836000
2022-03-07,5184.10222622799,5200.077887942099,5065.172300134077,5078.4853515625,5799000
2022-03-08,5014.582068124279,5107.773416292961,4961.329869170748,5006.59423828125,7009000
2022-03-09,5112.2119140625,5143.275701734755,5090.911031087239,5112.2119140625,7326000
2022-03-10,5200.96484375,5208.9526737148035,5123.74915409023,5200.96484375,5869000
2022-03-11,5203.627270486999,5227.590759537511,5153.037682491475,5205.40234375,5995000
2022-03-14,5248.892482498712,5249.780019272891,5166.3515625,5166.3515625,3647000
2022-03-15,5128.187149151436,5148.60049363577,5073.159872715404,5098.8984375,4890000
2022-03-16,5177.002134495936,5328.770926712429,5175.22706090276,5309.2451171875,9143000
2022-03-17,5380.247907640741,5434.387650690243,5321.670480734721,5409.53662109375,7475000
2022-03-18,5409.536462526537,5472.551571441941,5372.259919224468,5408.64892578125,7075000
2022-03-22,5484.089647316829,5532.016632420423,5433.500051929701,5491.18994140625,5388000
2022-03-23,5607.457060138764,5697.098269868744,5603.906913218765,5670.47216796875,7974000
2022-03-24,5678.460146740968,5748.575550240896,5659.821874924532,5742.36279296875,6364000
2022-03-25,5746.800510757924,5878.15595100382,5734.374996140069,5838.216796875,8377000
2022-03-28,5838.21699951874,5892.356743661434,5798.277844003637,5863.95556640625,6388000
2022-03-29,5897.681416273651,5953.596228798141,5863.067484710871,5945.6083984375,8090000
2022-03-30,5884.865151009909,5905.717392339939,5649.144162061738,5724.3935546875,12734000
2022-03-31,5699.00878795403,5699.00878795403,5588.401235912924,5591.12109375,8130000
2022-04-01,5687.221534261605,5796.9224438177425,5649.143532597491,5771.537109375,8040000
2022-04-04,5834.094296118141,5869.452443367342,5754.311810017381,5778.79052734375,6034000
2022-04-05,5839.5345311728015,5839.5345311728015,5712.607837435153,5734.36669921875,5040000
2022-04-06,5722.5797358818545,5793.296025393703,5714.420164015103,5753.40478515625,4579000
2022-04-07,5753.404866304606,5782.416677795584,5718.046721049976,5728.01953125,4634000
2022-04-08,5740.712865526074,5786.950445460033,5676.342901304287,5785.13720703125,5090000
2022-04-11,5747.965238850145,5794.202814115343,5723.486522533275,5776.97705078125,3773000
2022-04-12,5738.899485302031,5813.24225904528,5681.7824762066075,5791.4833984375,5687000
2022-04-13,5833.187928513325,5879.425507679346,5807.8025909319795,5851.3203125,5919000
2022-04-14,5879.42562610645,5898.464629675955,5809.615946351601,5889.3984375,4105000
2022-04-15,5883.051876910993,5908.437214028193,5844.067252052437,5883.95849609375,3753000
2022-04-18,5847.693800388422,5850.413657969998,5758.845119390272,5787.85693359375,3503000
2022-04-19,5811.428724418819,5869.45234974843,5801.455913815293,5844.9736328125,3732000
2022-04-20,5906.624168493352,5951.048509898751,5803.269578284873,5825.93505859375,5076000
2022-04-21,5753.405922601064,5825.028845369026,5690.849192588541,5814.1494140625,5344000
2022-04-22,5746.152058714283,5786.043300522965,5684.501957737229,5758.8447265625,5424000
2022-04-25,5643.704140733593,5738.899150336328,5574.801086163994,5707.16748046875,5914000
2022-04-26,5738.898737307869,5744.338451750815,5566.64111328125,5566.64111328125,6915000
2022-04-27,5503.178649613644,5567.548614048993,5413.423347091115,5558.482421875,9703000
2022-04-28,5485.04570413563,5524.030326495603,5408.889697664987,5431.55517578125,8049000
2022-05-02,5367.185510149573,5417.956183894231,5269.270639356304,5303.72216796875,7817000
2022-05-06,5259.297290005295,5301.00176774021,5151.4096193432315,5243.884765625,10436000
2022-05-09,5158.663289692003,5185.86186591182,5093.386706764441,5097.01318359375,6567000
2022-05-10,5040.802028810326,5140.530126502617,5015.416694852289,5109.705078125,10468000
2022-05-11,5180.42217036862,5338.173913043478,5065.281530600189,5275.6171875,18925000
2022-05-12,5184.954328687909,5289.215519070687,5178.607995360262,5190.39404296875,7331000
2022-05-13,5184.047709641102,5233.911757215475,5156.849138236899,5190.39404296875,5441000
2022-05-16,5243.88495698549,5255.6710054711075,5097.919279586689,5107.89208984375,6177000
2022-05-17,5131.463922786413,5233.911877428615,5099.732255419359,5191.30078125,3857000
2022-05-18,5242.979056219156,5390.757992093913,5223.033432972256,5373.5322265625,8922000
2022-05-19,5282.869012942259,5427.021436669361,5281.055774907956,5363.55810546875,8283000
2022-05-20,5388.944502788202,5417.049697873404,5339.080446991878,5375.34521484375,5234000
2022-05-23,5365.372250080985,5462.380501307526,5355.399439207229,5422.4892578125,5731000
2022-05-24,5425.209258348677,5443.341642233533,5380.784917830782,5416.14306640625,4641000
2022-05-25,5325.481173001803,5331.82750739251,5185.86181640625,5185.86181640625,9498000
2022-05-26,5155.94293487862,5262.017371907071,5147.783362799509,5212.1533203125,6107000
2022-05-27,5248.417945842979,5248.417945842979,5123.304510616457,5140.5302734375,5909000
2022-05-30,5231.192563124143,5290.12280863594,5170.4490792889055,5288.3095703125,9415000
2022-05-31,5270.177582499293,5311.882067067496,5205.8076171875,5205.8076171875,7487000
2022-06-01,5193.114651981342,5296.46923828125,5188.581556090995,5296.46923828125,4611000
2022-06-02,5281.056626776062,5286.496341756433,5196.741044580324,5210.34033203125,5320000
2022-06-03,5176.794960672047,5227.565629288095,5134.1838637978635,5203.0869140625,5957000
2022-06-06,5144.157028818304,5262.017517670327,5141.437171383257,5242.978515625,4012000
2022-06-07,5264.738288936837,5348.147264756053,5243.886044982033,5298.283203125,4824000
2022-06-08,5312.78834850774,5362.652402973255,5303.722156786736,5344.52001953125,4607000
2022-06-09,5402.543245252504,5478.69925005217,5402.543245252504,5430.6484375,6290000
2022-06-10,5376.251570718104,5376.251570718104,5295.562466199737,5343.61328125,4797000
2022-06-13,5255.670944723285,5268.363612176472,5209.433370429532,5241.1650390625,3973000
2022-06-14,5199.460233436817,5252.04413815161,5175.8881382198415,5190.39404296875,4886000
2022-06-15,5151.41070924741,5160.476901977518,5077.974548133534,5096.10693359375,6453000
2022-06-16,5158.662965250421,5222.126305771955,5106.079054532578,5120.5849609375,4743000
2022-06-17,5059.841029278855,5163.195603250865,5032.6424571809575,5109.705078125,7155000
2022-06-20,5103.35927951582,5132.371092794289,5057.121702103259,5095.19970703125,5233000
2022-06-21,5165.009951657103,5237.5394928423875,5138.717992977437,5218.50048828125,4871000
2022-06-22,5211.2465244668865,5260.203955281293,5180.421475435593,5229.37890625,4761000
2022-06-23,5213.96650897332,5262.923940982459,5187.67455474619,5189.48779296875,3953000
2022-06-24,5238.445051137837,5283.776005197527,5228.472241244705,5243.884765625,4292000
2022-06-27,5258.390759490621,5300.095237927961,5203.993613702787,5292.84228515625,4505000
2022-06-28,5298.281950363004,5385.3173828125,5297.37533127499,5385.3173828125,4557000
2022-06-29,5353.585960850061,5364.4653904064035,5301.908670457436,5346.3330078125,8113000
2022-06-30,5375.345768861569,5375.345768861569,5303.722844972201,5320.0419921875,4790000
2022-07-01,5327.294362428631,5357.212795709799,5175.8889576421125,5200.36767578125,5528000
2022-07-04,5222.126230736301,5295.56238085603,5203.993847990689,5294.65576171875,3382000
2022-07-05,5326.38700283788,5363.558384474705,5295.5619546512435,5313.6943359375,3124000
2022-07-06,5217.593160038524,5337.2668867327175,5195.83430063958,5324.57421875,5432000
2022-07-07,5284.683188966348,5310.97514513036,5226.659561569908,5296.46923828125,5329000
2022-07-08,5258.391125075484,5290.122795657835,5222.126358695652,5254.7646484375,5989000
2022-07-11,5344.519853466053,5402.5434786775595,5336.360281170685,5358.119140625,5233000
2022-07-12,5359.931941080455,5389.850370386215,5342.7061787528955,5380.7841796875,3983000
2022-07-13,5368.99833837646,5462.380106166527,5358.1189091193655,5430.6484375,4407000
2022-07-14,5428.8355094311655,5501.365041955296,5420.675937022201,5447.87451171875,4410000
2022-07-15,5493.204683892438,5620.13134765625,5493.204683892438,5620.13134765625,6988000
2022-07-19,5621.039040525728,5626.478755726236,5477.79320691233,5479.6064453125,6616000
2022-07-20,5524.030259394707,5655.490030872178,5516.777306485605,5642.79736328125,6755000
2022-07-21,5648.237001392465,5652.7700968992,5527.6566609133,5590.21337890625,6156000
2022-07-22,5575.707557383123,5643.703991009746,5539.442792782257,5601.99951171875,5324000
2022-07-25,5590.213239248347,5611.065478058388,5509.524141244276,5518.59033203125,4527000
2022-07-26,5466.007002459755,5471.446717506158,5407.983375298133,5452.40771484375,5723000
2022-07-27,5462.380477489982,5480.512860817749,5414.329661671398,5429.7421875,3428000
2022-07-28,5519.497448992876,5519.497448992876,5415.236245537853,5440.62158203125,4713000
2022-07-29,5445.1545212668525,5455.127331745363,5389.850754067838,5413.4228515625,5295000
2022-08-01,5342.7060546875,5348.145768980411,5289.215530807208,5342.7060546875,6422000
2022-08-02,5341.800135840182,5349.959708349103,5240.2587890625,5240.2587890625,6662000
2022-08-03,5270.176804143243,5270.176804143243,5116.0515578497025,5140.5302734375,10455000
2022-08-04,5088.853762038496,5257.4849396153995,5067.094900415669,5161.38330078125,13862000
2022-08-05,5223.033237051899,5356.306260111546,5213.060425802538,5323.66796875,9771000
2022-08-08,5284.683031858511,5303.722034031959,5217.593214675884,5232.09912109375,5465000
2022-08-09,5184.955411059528,5207.620891961169,5148.690641616901,5194.92822265625,5534000
2022-08-10,5231.192571758346,5250.231574185889,5164.102753680336,5173.1689453125,3604000
2022-08-12,5192.208126899251,5214.87360676174,5142.344071201772,5193.11474609375,6294000
2022-08-15,5201.274046605301,5307.348486809731,5199.460808311208,5239.35205078125,4665000
2022-08-16,5275.617258366042,5291.02978515625,5240.259108670857,5291.02978515625,3394000
2022-08-17,5339.986937218106,5453.3143340181505,5334.547222171704,5452.40771484375,9001000
2022-08-18,5396.19800420168,5534.910755317752,5383.505334164915,5502.2724609375,6856000
2022-08-19,5485.9523232602805,5521.310469121651,5418.862508036143,5431.55517578125,5579000
2022-08-22,5430.648272435731,5461.473321060575,5396.196747502082,5444.24755859375,3191000
2022-08-23,5446.967480797559,5457.846909853745,5365.371762876157,5385.3173828125,4406000
2022-08-24,5349.053198600907,5350.866436973314,5244.7919921875,5244.7919921875,7488000
2022-08-25,5276.524381853307,5283.777336330081,5222.1272232775,5250.232421875,3536000
2022-08-26,5255.6708714143015,5281.96282505774,5223.939203223944,5225.75244140625,3680000
2022-08-29,5185.861316523628,5210.340032528198,5165.00907696418,5189.48779296875,4308000
2022-08-30,5189.488091273164,5228.472715299151,5184.954995456189,5210.34033203125,3352000
2022-08-31,5199.461044683689,5199.461044683689,5150.503608517531,5166.82275390625,5049000
2022-09-01,5156.84942093657,5192.207565700375,5145.969991778476,5177.70166015625,4384000
2022-09-02,5175.889041769372,5181.328756999818,5117.8654126446145,5137.81103515625,5305000
2022-09-05,5138.717236094498,5174.075382214414,5107.892185630981,5116.0517578125,3991000
2022-09-06,5095.199931839085,5204.900855638468,5071.627832510293,5174.982421875,4920000
2022-09-07,5210.341115481478,5260.205176965987,5199.461683884857,5231.193359375,6303000
2022-09-08,5250.231754587891,5304.62890625,5227.566274728679,5304.62890625,6479000
2022-09-09,5304.628607483539,5375.344900661408,5277.430033184358,5283.7763671875,6847000
2022-09-12,5321.854172684606,5375.344700144298,5283.776170086181,5345.42626953125,4672000
2022-09-13,5485.04576469192,5665.462972489225,5485.04576469192,5640.07763671875,18652000
2022-09-14,5590.213220708218,5604.719125919268,5469.632883641369,5563.0146484375,12132000
2022-09-15,5572.081026673928,5749.778371488131,5563.921454718174,5657.30322265625,14135000
2022-09-16,5575.708499370806,5602.907077416517,5485.953191819958,5538.537109375,11124000
2022-09-20,5629.198563838726,5657.3037587942745,5561.202124430141,5605.62646484375,8018000
2022-09-21,5566.641444928908,5645.517309050864,5529.470060687526,5539.44287109375,7218000
2022-09-22,5512.245443982387,5602.00075631039,5503.179250817942,5559.3896484375,6754000
2022-09-26,5496.831628658047,5501.364724178959,5378.064526010149,5393.47705078125,9058000
2022-09-27,5438.808510384909,5547.602812976372,5426.115841749238,5501.365234375,6632000
2022-09-28,5498.644929154235,5503.178024726497,5362.652061986364,5412.51611328125,7149000
2022-09-29,5516.973487370459,5637.923578772701,5503.2291588020225,5537.1318359375,7247800
2022-09-30,5451.9173213227605,5505.062061597839,5256.747844105659,5363.95361328125,8834200
2022-10-03,5239.33788508779,5350.208798710669,5140.378722515303,5332.79931640625,6811500
2022-10-04,5370.367357147469,5543.5458984375,5299.8131366219,5543.5458984375,10450800
2022-10-05,5566.453014850378,5629.676925636333,5504.1453926265385,5507.810546875,6492300
2022-10-06,5566.452939475701,5652.584063148247,5506.894183744685,5549.04345703125,9120900
2022-10-07,5498.647586797314,5595.774173066355,5479.405527253447,5549.04345703125,5123500
2022-10-11,5503.228903581174,5560.038792362731,5472.9913821329255,5498.6474609375,5202400
2022-10-12,5440.004796015949,5533.466222526582,5436.33964203514,5520.63818359375,4682100
2022-10-13,5589.3594284437195,5672.741675654928,5523.386661419466,5525.21923828125,5940600
2022-10-14,5596.689900168686,5692.900188236419,5560.038361857169,5652.58349609375,7493600
2022-10-17,5589.360451538187,5607.686223510443,5526.136538233902,5593.94189453125,4937100
2022-10-18,5626.01170597404,5669.993556444195,5565.536661577576,5603.1044921875,4577600
2022-10-19,5617.765214898613,5643.421294823122,5538.964397987623,5545.37841796875,4485500
2022-10-20,5497.731126199557,5588.44368978185,5488.568240989224,5585.69482421875,4682100
2022-10-21,5524.303265773199,5572.866555387726,5512.391515490391,5530.71728515625,3563100
2022-10-24,5576.532262695312,5583.8625712890625,5497.7314453125,5497.7314453125,3441700
2022-10-25,5527.968173363095,5527.968173363095,5461.9954055059525,5483.986328125,3948400
2022-10-26,5494.9824599918165,5580.197295539464,5491.3173057747135,5563.7041015625,5230000
2022-10-27,5563.704194910386,5572.8670806068785,5477.573069363354,5483.07080078125,4633900
2022-10-28,5476.656134313388,5495.898192004634,5422.5951150856,5449.16748046875,5412600
2022-10-31,5452.833242943652,5584.778796125283,5445.502934433562,5561.87158203125,5705100
2022-11-01,5595.774850421168,5603.105159706147,5555.458149353781,5566.45361328125,3787100
2022-11-02,5557.290139212443,5584.778796125283,5536.215502245933,5561.87158203125,4322000
2022-11-04,5506.894682966546,5516.057569294277,5434.507880977468,5455.58251953125,5975900
2022-11-07,5525.2197951659755,5632.425552385614,5508.7266017475695,5608.60205078125,6345100
2022-11-08,5680.9887832580325,5757.040729872616,5674.574763664031,5703.89599609375,7539600
2022-11-09,5497.731092209925,5498.647380725294,5268.658963367845,5298.896484375,21530100
2022-11-10,5278.738669601557,5312.641348090579,5222.8450645250605,5274.1572265625,10928700
2022-11-11,5365.786247612433,5389.609752127106,5237.505838687272,5276.90625,11026200
2022-11-14,5222.845177482771,5262.245588470799,5185.27734375,5185.27734375,9525600
2022-11-15,5263.161046744882,5356.622472017859,5255.830738880335,5281.48681640625,7501400
2022-11-16,5296.14816040144,5330.967127545948,5242.087132466547,5328.21826171875,5458500
2022-11-17,5371.28344631049,5386.8603515625,5327.301596187171,5386.8603515625,5730600
2022-11-18,5386.859907160579,5429.009176718222,5338.296618322424,5424.427734375,6211200
2022-11-21,5406.101690894662,5428.0926130271155,5349.291808719159,5394.18994140625,4830800
2022-11-22,5421.6799289252085,5440.921990528627,5370.367764649425,5437.2568359375,5003200
2022-11-24,5492.232938100056,5541.712514118975,5470.242015424981,5475.73974609375,7901600
2022-11-25,5496.814133804303,5502.311864226512,5439.08796437112,5460.16259765625,4488500
2022-11-28,5424.4276477311205,5430.841666909181,5374.031782760646,5411.599609375,4301200
2022-11-29,5383.195758759773,5429.010190749217,5363.953697324206,5376.78173828125,4146600
2022-11-30,5376.781476991962,5436.3402356839315,5346.543953348347,5400.60498046875,6667500
2022-12-01,5416.180931322502,5426.260104092685,5319.05435735529,5321.80322265625,6006600
2022-12-02,5268.658402496561,5275.07242142134,5213.681097427032,5246.66748046875,6360900
2022-12-05,5222.844698729438,5232.007584165805,5183.444291353058,5208.18408203125,5004400
2022-12-06,5257.6631013578,5303.4775236422,5235.672178661288,5280.5703125,4892200
2022-12-07,5246.668309246368,5357.539225316716,5210.933055306339,5297.98046875,7701200
2022-12-08,5294.3150584705245,5304.394232171317,5197.1884755356205,5228.34228515625,5081100
2022-12-09,5287.901241529396,5301.645569830028,5237.50537109375,5237.50537109375,4525700
2022-12-12,5204.518927856703,5227.426141447621,5197.1886195076095,5208.18408203125,3059600
2022-12-13,5213.681095040188,5247.58376648421,5199.936768779098,5215.513671875,3191500
2022-12-14,5227.425496553748,5267.7421875,5218.262612247782,5267.7421875,3091800
2022-12-15,5223.760498559237,5249.416575380787,5207.267306316812,5239.33740234375,3459600
2022-12-16,5204.519320194862,5221.928803836359,5172.44921875,5172.44921875,5534600
2022-12-19,5131.216050831545,5153.20697676368,5100.062239094354,5123.8857421875,5775200
2022-12-20,5138.546117155071,5155.955599363692,5041.419532201712,5077.15478515625,9024900
2022-12-21,5056.996709213532,5127.5509303784975,5047.833823347953,5076.23876953125,8805100
2022-12-22,5109.224794312933,5176.113856361865,5091.815312409786,5157.7880859375,3868000
2022-12-23,5132.131706952624,5165.118091785743,5119.303668406412,5144.04345703125,3057200
2022-12-26,5149.541834497953,5175.197914812177,5131.216062844935,5146.79296875,1601500
2022-12-27,5176.114276800247,5180.695719778474,5124.802115444111,5136.7138671875,2227000
2022-12-28,5136.713464572676,5149.54150390625,5120.220271143795,5149.54150390625,2827400
2022-12-29,5140.3784754340895,5166.034553386345,5132.131878949436,5138.5458984375,3244800
2022-12-30,5126.634874985171,5155.956111088751,5067.076114149776,5068.90869140625,4709000
2023-01-04,4988.274885168922,5081.736317624328,4952.539631583031,5027.67529296875,5632900
2023-01-05,5055.1629581720445,5133.963758317557,5035.9209023225585,5067.07470703125,4229200
2023-01-06,5008.433834907327,5024.0107421875,4954.3728037584915,5024.0107421875,5181300
2023-01-10,5024.009405707267,5099.145056130028,5012.09765625,5012.09765625,5620700
2023-01-11,5036.838402321216,5083.5691206254505,5023.094073408205,5082.65283203125,5320000
2023-01-12,5011.181294157765,5028.590773877822,4980.943776749243,4991.02294921875,7380700
2023-01-13,4930.549342190974,5014.847899983498,4930.549342190974,4945.2099609375,5983300
2023-01-16,4934.213551017949,5012.098073178863,4912.222627113691,4959.86962890625,4215300
2023-01-17,4959.869614142191,5035.9215590847,4959.869614142191,5030.423828125,4018600
2023-01-18,5057.912510587553,5155.955379905102,5033.172721133592,5138.5458984375,5079100
2023-01-19,5085.402044694275,5090.899776634485,5037.755034545788,5071.65771484375,3101300
2023-01-20,5059.745462794918,5114.72277676951,5035.005671506352,5048.75,3791600
2023-01-23,5086.318333350977,5106.476683798413,5050.583075739612,5071.65771484375,3268600
2023-01-24,5111.057272859578,5143.12737048419,5089.98263727769,5090.89892578125,3889900
2023-01-25,5100.978070355249,5122.968994315825,5080.819723391387,5107.39208984375,3152700
2023-01-26,5133.049095184949,5186.193837691327,5133.049095184949,5163.28662109375,3524000
2023-01-27,5186.193737511101,5194.440335326932,5146.793325724357,5158.705078125,2678500
2023-01-30,5126.634435132385,5151.374225972167,5100.978355742983,5129.38330078125,3956900
2023-01-31,5204.518916666666,5212.765513541666,5144.9601614583335,5154.123046875,3547100
2023-02-01,5122.05253311212,5152.290052538363,5112.8896484375,5112.8896484375,2409900
2023-02-02,5127.550695875135,5145.8764667681835,5104.6434822588235,5114.72265625,2751200
2023-02-03,5138.5464713124775,5155.95595472099,5106.4763702967975,5151.37451171875,3281200
2023-02-06,5158.705093934854,5174.282000968049,5145.877052848692,5150.45849609375,3580900
2023-02-07,5122.053219183411,5171.532803053877,5100.9785816089525,5153.20703125,4215900
2023-02-08,4838.003493919438,4854.49668764871,4715.220829490422,4765.61669921875,27112900
2023-02-09,4757.370296072883,4848.999153855489,4738.128235938536,4837.08740234375,14233000
2023-02-10,4847.166259259587,4928.715937345428,4838.91966259922,4862.7431640625,10996200
2023-02-13,4806.849754438648,4816.928928532972,4775.695943601646,4786.69140625,7001000
2023-02-14,4792.189074450427,4892.06452552406,4792.189074450427,4881.9853515625,5742800
2023-02-15,4920.469730039766,4924.134884401062,4860.910971668707,4889.31591796875,4432200
2023-02-16,4977.279350871908,5038.670683071543,4939.711520719892,5037.75439453125,6867300
2023-02-17,5028.590760172287,5038.669932614323,4970.864590731534,4999.26953125,4440300
2023-02-20,5037.754396318517,5037.754396318517,4965.367601609684,5006.6005859375,4224100
2023-02-21,5012.098348974212,5021.261234438516,4958.95361328125,4958.95361328125,3638900
2023-02-22,4937.879419717444,4939.7119969747155,4867.3251953125,4867.3251953125,4503200
2023-02-24,4848.0828349736585,4868.241183559827,4812.347580661813,4853.58056640625,4381800
2023-02-27,4764.700741270681,4799.519708226121,4749.123835001143,4762.8681640625,4848800
2023-02-28,4714.304559426229,4752.788678278688,4695.0625,4695.0625,6918600
2023-03-01,4670.323252483161,4696.895623352694,4619.011088045441,4693.23046875,6107900
2023-03-02,4634.587115991895,4710.639059571834,4630.005673607562,4706.0576171875,4997600
2023-03-03,4673.98786160076,4732.630328399907,4666.657553250867,4726.21630859375,4696500
2023-03-06,4746.374569241261,4778.44466768208,4737.211683972455,4744.5419921875,3255300
2023-03-07,4748.206930707637,4770.1978543542955,4734.462603428476,4743.62548828125,3147900
2023-03-08,4700.560229369124,4749.123522187167,4692.313632475493,4726.21630859375,3768500
2023-03-09,4728.04909454515,4797.6870269454275,4727.132805960936,4789.4404296875,4169600
2023-03-10,4720.718376675408,4747.290743314303,4706.057760598776,4717.05322265625,5040700
2023-03-13,4684.0671373866735,4701.476620096053,4670.322808931901,4699.64404296875,3586700
2023-03-14,4664.824476146039,4664.824476146039,4607.098304078233,4641.0009765625,4934100
2023-03-15,4612.596760971628,4681.318405205413,4612.596760971628,4656.57861328125,4393600
2023-03-16,4590.605310960591,4661.15952432266,4577.777272167487,4650.1640625,4511500
2023-03-17,4693.230322189687,4717.053826363239,4666.657952149956,4713.388671875,4791900
2023-03-20,4712.472413128043,4715.221279011648,4608.9317981788945,4611.6806640625,4651500
2023-03-22,4619.010353773222,4664.824779023898,4591.521698622816,4654.74560546875,4871800
2023-03-23,4654.745720516893,4662.076028738179,4615.345313827478,4651.08056640625,3157600
2023-03-24,4653.829951855353,4653.829951855353,4609.8480976145465,4634.587890625,3528800
2023-03-27,4672.154899967032,4701.476130953293,4661.159438347185,4668.48974609375,2570100
2023-03-28,4686.815862060883,4706.057921318611,4649.248032081509,4657.49462890625,3167800
2023-03-29,4661.159947794729,4747.291073230685,4628.173559329895,4745.45849609375,5495300
2023-03-30,4786.755580192336,4807.40432975395,4754.843876324387,4767.04541015625,3668500
2023-03-31,4784.8789231890105,4825.2378470213225,4769.861649204894,4815.85205078125,4148100
2023-04-03,4889.061327860707,4897.508544591509,4833.685129292118,4855.2724609375,4140400
2023-04-04,4889.999695049773,5081.469932629458,4874.9824215141125,5079.5927734375,10423400
2023-04-05,5033.601993341874,5037.356311442445,4919.095291274428,4922.849609375,6830300
2023-04-06,4913.46330078125,4971.655225260417,4908.7704036458335,4927.5419921875,4175400
2023-04-07,4997.936426964849,4998.875006575546,4868.412440688576,4878.73681640625,4302700
2023-04-10,4966.024291585738,5077.715255618757,4947.252700991953,5073.9609375,7136300
2023-04-11,5166.880571078884,5202.546595002771,5074.899772538333,5080.53125,9397600
2023-04-12,5080.531645734713,5150.925119488657,5064.575791683818,5130.2763671875,5148200
2023-04-13,5097.42527472288,5101.179592730409,5045.8034021193525,5048.619140625,4182700
2023-04-14,5061.759469369484,5143.415889513216,5048.619355783137,5131.21435546875,5924400
2023-04-17,5161.249446489314,5161.249446489314,5089.917393764603,5121.8291015625,3467500
2023-04-18,5162.188149870728,5218.5029296875,5148.1094549165355,5218.5029296875,5630300
2023-04-19,5200.669330598301,5206.300807945998,5172.511943859815,5201.60791015625,4440400
2023-04-20,5198.792408943868,5198.792408943868,5124.644620479061,5177.205078125,4160400
2023-04-21,5191.283359162703,5212.870688264266,5167.818871008832,5180.958984375,3606000
2023-04-24,5172.512263535984,5259.800167819934,5152.802091600899,5247.5986328125,4516600
2023-04-25,5246.659936700633,5383.692557587627,5224.13402641784,5302.0361328125,7607900
2023-04-26,5274.817588971831,5295.46634109948,5234.458664358702,5272.9404296875,4642500
2023-04-27,5250.413979037569,5300.158694963381,5234.458126759479,5282.32568359375,4188300
2023-04-28,5307.667034691269,5369.61328125,5298.281239758128,5369.61328125,5439300
2023-05-01,5432.498764839768,5442.823140515864,5308.60625672663,5341.45654296875,5363400
2023-05-02,5341.456825062028,5360.2284181917485,5319.869492962849,5343.333984375,4023400
2023-05-08,5378.06059690277,5441.884003637393,5361.166165708311,5386.5078125,8361200
2023-05-09,5357.412770642452,5401.526015250055,5324.562482104876,5378.0615234375,6965800
2023-05-10,5424.989548649018,5425.928128155704,5309.544269326556,5373.36767578125,8949800
2023-05-11,5330.193421288126,5370.552343125666,5246.659838880195,5285.1416015625,5811500
2023-05-12,5338.640736936653,5412.788524949662,5304.851871513004,5404.34130859375,7818600
2023-05-15,5443.76171875,5451.2703556034485,5376.1839870689655,5443.76171875,5628700
2023-05-16,5467.226248503506,5509.46233110997,5440.007439712673,5487.875,6054900
2023-05-17,5518.8479034810125,5599.5657469673,5501.014891547996,5561.083984375,7467500
2023-05-18,5676.529323700976,5690.608017460156,5629.600344503713,5671.83642578125,8556600
2023-05-19,5700.931859563222,5708.440495532353,5601.442432972227,5609.8896484375,6094600
2023-05-22,5630.539123817167,5687.79248046875,5621.153327644776,5687.79248046875,5098500
2023-05-23,5687.79158903745,5731.904824133945,5569.530575800038,5620.2138671875,7209500
2023-05-24,5584.548446886857,5605.197197446775,5519.7864564943875,5565.77685546875,4220900
2023-05-25,5529.171954524363,5553.575022054092,5494.444512270518,5515.09326171875,4434600
2023-05-26,5556.391185007572,5609.890221755111,5547.005389086951,5577.978515625,4494900
2023-05-29,5600.504511705529,5608.951728163606,5520.725245157017,5546.06689453125,5562300
2023-05-30,5530.110515898894,5645.555796526111,5528.233356864305,5622.09130859375,4847400
2023-05-31,5637.109265597362,5643.679323016472,5532.926926522884,5571.40869140625,13218800
2023-06-01,5553.575775689794,5608.013395258833,5538.558501325921,5588.30322265625,4029800
2023-06-02,5612.706164449896,5711.257025196926,5609.89042557141,5678.40673828125,5926600
2023-06-05,5725.335246858561,5747.861156026529,5662.4504170979835,5709.37939453125,4309800
2023-06-06,5695.300312117034,5744.1064453125,5668.081507065717,5744.1064453125,3507900
2023-06-07,5742.229840349052,5751.6156360998675,5634.293189214672,5681.22216796875,5335600
2023-06-08,5677.467735080123,5710.31801954496,5573.28540434878,5615.521484375,4198200
2023-06-09,5669.020878387381,5736.598610712528,5640.86348991857,5723.45849609375,6745800
2023-06-12,5753.493088022618,5780.7118970850415,5730.028597451564,5749.73876953125,3741800
2023-06-13,5780.7116009178835,5813.561886034319,5750.677054525714,5801.3603515625,3726900
2023-06-14,5809.8071078904095,5811.684266891343,5760.062394365661,5778.833984375,3752400
2023-06-15,5819.193226029116,5966.550215785015,5816.37748737136,5842.65771484375,7487200
2023-06-16,5819.193396155841,5891.464023817776,5771.325837574559,5881.1396484375,6516500
2023-06-19,5866.122460028632,5874.569676371074,5790.0975129466615,5849.22802734375,3490000
2023-06-20,5821.071071283743,5858.6142578125,5777.896406775672,5858.6142578125,3106700
2023-06-21,5857.67535168512,5862.368249739668,5804.176313863289,5830.45654296875,3028700
2023-06-22,5842.657418536324,6033.189058048432,5840.780259526353,5929.9453125,9574200
2023-06-23,5988.138018220807,5991.892336727528,5802.299252138092,5847.35107421875,4439800
2023-06-26,5848.288950697647,5925.252470832009,5800.42139549213,5902.7265625,3705900
2023-06-27,5913.051554616611,6003.155197353626,5849.2281410112255,5999.40087890625,5804500
2023-06-28,6023.803942197086,6142.0649731595095,6002.216611148389,6119.5390625,6777200
2023-06-29,6167.406581381396,6232.168574094121,6154.266466917944,6177.73095703125,5521700
2023-06-30,6100.7666732149,6150.511386088806,6030.373211600882,6140.18701171875,6664300
2023-07-03,6184.300987325889,6202.133999734326,6143.00348490635,6182.423828125,3174900
2023-07-04,6157.082350628931,6165.529567268513,6110.153369297917,6118.6005859375,2862800
2023-07-05,6128.924216380577,6153.327283704603,6085.749558807298,6112.02978515625,3116800
2023-07-06,6071.671239631177,6115.78447943063,5906.481235275776,5926.19140625,5998800
2023-07-07,5968.427581993732,6018.172300006889,5944.963092364884,5960.9189453125,4955200
2023-07-10,5917.744140625,5959.041641368457,5862.367946446273,5917.744140625,4094000
2023-07-11,5964.673180881163,5968.42749916968,5840.780677360107,5872.6923828125,3540600
2023-07-12,6005.971142578125,6088.566151258681,5913.0517578125,5913.0517578125,4659000
2023-07-13,5959.980171555155,6037.882274584931,5917.744091599252,6029.43505859375,3366300
2023-07-14,6086.68860098289,6093.258658069534,5969.366153007122,5996.5849609375,3591800
2023-07-18,5959.980415008353,6005.970815061173,5949.656039486292,5969.3662109375,2531200
2023-07-19,6009.724937350017,6042.575222030206,5997.523403040233,6037.88232421875,2675300
2023-07-20,6024.742442810458,6074.4871615312795,5997.523634453782,6031.3125,2981900
2023-07-21,6031.312347535739,6063.2240530782565,6005.032119441901,6023.8037109375,2876600
2023-07-24,6098.890749338859,6137.372516147553,6081.996315130164,6111.09228515625,3414300
2023-07-25,6063.223918824208,6078.241191688169,6005.03198647636,6047.26806640625,3405600
2023-07-26,5992.831027560765,6001.278244357639,5913.0517578125,5913.0517578125,4083600
2023-07-27,5918.682731293376,6000.339153371162,5905.5426173958,5984.38330078125,3242100
2023-07-28,5908.359149840406,5988.138423507829,5863.307324710566,5963.7353515625,4523900
2023-07-31,6030.373402676842,6073.548060501454,6000.338858103198,6053.837890625,4426200
2023-08-01,6054.776520044706,6070.732371980957,5974.058680837785,6062.28515625,3219100
2023-08-02,6016.295217686615,6036.005389226618,5945.90174790089,5964.67333984375,3578700
2023-08-03,5964.6736219669265,5987.1995333638115,5896.157308134733,5966.55078125,4110800
2023-08-04,5847.350700808592,5866.12229214345,5738.475471066409,5792.9130859375,9943800
2023-08-07,5770.387341480965,5880.201153932701,5766.633023106547,5849.22802734375,4554000
2023-08-08,5852.983039619357,5891.464807519356,5775.080924114482,5780.71240234375,3817800
2023-08-09,5774.141345860456,5812.6231071056245,5758.185493636849,5767.5712890625,2857300
2023-08-10,5787.281769760589,5870.815353527811,5761.940120752554,5867.06103515625,3577600
2023-08-14,5866.122276315921,5923.3756297327645,5842.657787210657,5864.2451171875,2724000
2023-08-15,5907.42041015625,5913.990467809745,5876.447281218348,5907.42041015625,2054300
2023-08-16,5927.1298099428095,5943.085662162766,5874.569355571187,5905.54248046875,2697900
2023-08-17,5890.525515776699,5902.727050465211,5774.141646440129,5800.421875,3569500
2023-08-18,5753.4928593059985,5793.851781483838,5710.318198371565,5738.4755859375,2896000
2023-08-21,5734.720803203533,5790.096994265564,5716.88779252254,5751.615234375,2440700
2023-08-22,5806.054054375457,5807.931213785212,5751.616431492531,5780.71240234375,1912700
2023-08-23,5761.940333226206,5829.51806640625,5751.6159573237,5829.51806640625,2131300
2023-08-24,5844.534811552838,5844.534811552838,5764.755550434805,5767.5712890625,2777500
2023-08-25,5716.888030920573,5749.73831512386,5699.9935990445965,5709.37939453125,2500400
2023-08-28,5772.264514011893,5801.360481480896,5761.001558862601,5795.72900390625,2148100
2023-08-29,5813.5618364058455,5855.797916909278,5787.281608537042,5792.9130859375,2235100
2023-08-30,5814.500457425079,5880.201027565475,5805.114661690736,5837.0263671875,3224900
2023-08-31,5837.026305947822,5902.726875398915,5831.394828566299,5882.078125,3918500
2023-09-01,5875.507965185267,5915.866885712897,5852.043476506411,5883.0166015625,2971400
2023-09-04,5905.542614089676,5914.928409725546,5862.367954164672,5882.078125,2680900
2023-09-05,5909.297188795027,5929.945940090054,5856.73673095314,5888.6484375,2700400
2023-09-06,5913.051341580342,5971.243275418116,5908.358443690198,5934.638671875,2848000
2023-09-07,5942.148039621325,5976.87548828125,5921.499286364071,5976.87548828125,2711300
2023-09-08,5976.874565016515,6024.742121991364,5926.191269396086,5967.48876953125,5422100
2023-09-11,6016.295136504121,6054.77689946772,5946.840247252748,5978.751953125,3758900
2023-09-12,6002.216546179492,6019.110978991256,5928.068757727861,5977.8134765625,2429800
2023-09-13,5977.813309622786,6001.277798983842,5909.297000688501,5921.49853515625,3135800
2023-09-14,5973.12114846455,6013.480075143364,5919.622106122865,5963.7353515625,3746400
2023-09-15,5952.471114828219,5977.812761012445,5925.252309667383,5948.716796875,5106600
2023-09-19,5972.182334255348,6054.77734375,5944.024944654898,6054.77734375,4783300
2023-09-20,6058.531189062251,6073.548462342653,5867.060954737123,5881.1396484375,5499000
2023-09-21,5852.04409743913,5887.710124015343,5766.633349585569,5775.08056640625,3690000
2023-09-22,5736.598035380426,5796.667124756137,5727.212240165471,5773.20263671875,3391400
2023-09-25,5776.018668441969,5851.105033972576,5774.141509303703,5841.71923828125,2616300
2023-09-26,5842.657529203275,5893.340823432508,5805.114348292732,5875.5078125,3333100
2023-09-27,5843.596294396335,5868.937942316139,5790.09725989897,5842.65771484375,4207800
2023-09-28,5860.723060717043,5922.524974887486,5817.937120137506,5849.3134765625,4392900
2023-09-29,5853.116485879816,5933.93437108121,5852.165687230387,5923.4755859375,5586300
2023-10-02,5968.163904147125,5975.770294338805,5795.118527286399,5828.396484375,5289300
2023-10-03,5816.986376953125,5902.558258928571,5797.970403180803,5856.919921875,4800700
2023-10-04,5771.3481646764485,5822.691294971758,5755.184586620518,5807.478515625,4518500
2023-10-05,5845.5102686645905,5916.8201694697045,5804.625925536325,5913.9677734375,4055500
2023-10-06,5895.903135633507,6006.195792258807,5868.329971477182,5937.73828125,4583100
2023-10-10,5937.73800712855,6004.293917536716,5889.2472724026,6000.49072265625,3263300
2023-10-11,5982.425289640791,6024.260431526391,5945.344141151282,5998.5888671875,3177000
2023-10-12,6015.7034071266,6069.898933316929,5990.982640794168,6037.57177734375,3570900
2023-10-13,5990.031497135248,5990.031497135248,5854.067290136782,5891.1484375,4583000
2023-10-16,5864.526103200605,5928.229613076486,5850.264123377646,5894.95166015625,2729200
2023-10-17,5895.903024855693,5921.574591001654,5804.62634522561,5821.74072265625,3758300
2023-10-18,5821.740754862035,5851.215516155637,5773.250018540302,5809.38037109375,2810200
2023-10-19,5763.741664272817,5889.247091472423,5758.03687212738,5792.265625,3067300
2023-10-20,5779.905669440716,5824.593211217935,5739.021322708368,5800.8232421875,2441200
2023-10-23,5740.922929629553,5788.462867768255,5720.9561556112985,5768.49609375,2755000
2023-10-24,5787.51143257431,5796.068620498274,5707.644345283979,5781.806640625,2823900
2023-10-25,5823.642106040782,5883.542424845773,5810.330924084117,5875.93603515625,3262800
2023-10-26,5839.8052372555085,5856.919612747302,5804.625687633487,5815.08447265625,2716200
2023-10-27,5864.526612230751,5917.771341524674,5828.396260209874,5914.9189453125,3476300
2023-10-30,5885.443949591047,5886.394748290497,5800.822865340062,5816.03564453125,2919500
2023-10-31,5867.379008442926,5928.230127635981,5815.085077886393,5914.9189453125,4255100
2023-11-01,6030.916397428437,6063.243554532736,5981.474863033627,5999.5400390625,3958700
2023-11-02,6051.83344002244,6103.176567400479,6011.899896506189,6044.22705078125,3427400
2023-11-06,6047.079121603894,6116.487419697775,5985.277212342219,6115.53662109375,5982900
2023-11-07,6094.620066715202,6130.750419684809,6051.834122409089,6070.85009765625,3759300
2023-11-08,6275.271473995239,6496.807573001434,6209.666363130743,6440.71044921875,15154600
2023-11-09,6535.790376646405,6807.718809541498,6503.463220288247,6799.16162109375,12503700
2023-11-10,6760.1795687923595,6761.130367606535,6522.479865248324,6523.4306640625,7394600
2023-11-13,6653.6890767850455,6732.605366206761,6601.395150059813,6668.90185546875,6177500
2023-11-14,6760.178732676049,6761.129531372628,6648.935285176316,6663.197265625,3366500
2023-11-15,6636.574561119352,6671.754111085172,6590.936226028561,6649.8857421875,3929200
2023-11-16,6630.870299263168,6717.3929831222085,6623.263909473362,6705.9833984375,3370000
2023-11-17,6693.622633530089,6698.376626877767,6571.920403829542,6604.24755859375,3738200
2023-11-20,6570.019505399816,6579.527493106618,6449.268061523438,6465.431640625,4329100
2023-11-21,6512.019387889598,6527.232164967453,6462.577862386567,6509.1669921875,2655600
2023-11-22,6531.986921541953,6596.641231682397,6498.7089677931945,6579.52685546875,2770200
2023-11-24,6617.558582351547,6623.263374232884,6516.77392578125,6516.77392578125,3170100
2023-11-27,6560.511067233744,6640.378158487025,6509.16793714235,6521.5283203125,3484800
2023-11-28,6555.757197640566,6560.511191257419,6461.628124026873,6488.25048828125,2675900
2023-11-29,6508.217030571871,6512.971024020061,6463.529492158887,6490.15185546875,2398700
2023-11-30,6490.151724497477,6575.723604838053,6474.938945770264,6571.92041015625,4681800
2023-12-01,6576.674260291716,6587.13304543892,6509.167556159764,6569.06787109375,3156700
2023-12-04,6543.39649756017,6559.560075075213,6452.119824534047,6478.7421875,2692800
2023-12-05,6473.988309129261,6529.134633395599,6441.661153524856,6477.79150390625,2490000
2023-12-06,6468.283219815341,6553.855098366477,6443.562454900568,6536.74072265625,2862800
2023-12-07,6570.019198233933,6638.476706522333,6518.676067017634,6524.380859375,3300800
2023-12-08,6525.331209834234,6550.051975017927,6455.922907587709,6463.529296875,4052500
2023-12-11,6512.970982345337,6601.395259915866,6473.037437636067,6551.0029296875,3080800
2023-12-12,6573.822115730742,6678.409971202304,6573.822115730742,6603.296875,2944300
2023-12-13,6612.805096469034,6626.116278546758,6550.052380959766,6585.23193359375,2796500
2023-12-14,6493.95515785601,6556.707872412159,6476.8407811588795,6521.5283203125,3796700
2023-12-15,6455.923745568153,6501.562087215762,6397.9250197243155,6444.51416015625,5892400
2023-12-18,6415.989588780181,6477.79150390625,6407.432400531956,6477.79150390625,3345900
2023-12-19,6541.494534854382,6617.55842479455,6512.019777502568,6594.7392578125,3102900
2023-12-20,6620.411390868965,6670.803722294509,6609.0018063952575,6622.31298828125,3408500
2023-12-21,6603.296759924215,6612.804746619569,6556.707625116974,6604.24755859375,1990300
2023-12-22,6608.050753271892,6667.95106945263,6575.723598507684,6604.24755859375,2400300
2023-12-25,6640.378315298709,6667.951478406336,6570.970008165718,6592.83837890625,1675300
2023-12-26,6617.558417641692,6643.22998046875,6602.345639670102,6643.22998046875,2087000
2023-12-27,6655.590484559185,6782.046703765809,6644.180900871369,6775.39111328125,3942400
2023-12-28,6745.916525743025,6833.39000289149,6732.605344437824,6782.046875,3074400
2023-12-29,6844.799462512421,7031.155997399549,6833.389878743821,6996.92724609375,6355400
2024-01-04,6871.422375529108,6916.109915538776,6786.801289127822,6822.931640625,5215500
2024-01-05,6847.652367545515,6931.32265473574,6842.89837395516,6867.619140625,4107700
2024-01-09,6945.584508218257,7195.644566488127,6931.3225277085685,7167.12060546875,6863600
2024-01-10,7269.807253800891,7513.211734179263,7246.988083765419,7438.0986328125,9140900
2024-01-11,7537.932386901009,7677.69980123936,7455.212896782393,7539.833984375,9331400
2024-01-12,7615.897891225961,7777.533676682692,7568.3579543269225,7725.23974609375,9141400
2024-01-15,7698.617179693265,7753.763505051077,7634.91366591786,7730.9443359375,1488200
2024-01-16,7698.616767384927,7753.763089789314,7615.897283778345,7641.56884765625,5877900
2024-01-17,7615.89721433702,7704.321489110221,7530.325335524244,7549.34130859375,6642100
2024-01-18,7581.668612002735,7686.256465943079,7563.6034372312215,7669.14208984375,4931300
2024-01-19,7829.827313718542,7843.138495551215,7722.387060354828,7735.6982421875,4438100
2024-01-22,7749.009315728935,7777.53327640033,7630.159479598124,7704.32177734375,4831700
2024-01-23,7682.453066085115,7804.155292874582,7646.322717506992,7691.01025390625,4913300
2024-01-24,7630.159920413477,7661.536278964711,7517.014869880243,7547.4404296875,4990200
2024-01-25,7566.4559083011245,7614.946641063547,7540.78434389749,7579.76708984375,3424100
2024-01-26,7578.816364565192,7611.143520053238,7501.801670608376,7506.5556640625,4298900
2024-01-29,7598.782557876807,7701.468808658927,7585.471377219866,7692.91162109375,4450300
2024-01-30,7795.598161002108,7975.299106535636,7784.188577158709,7864.0556640625,6585500
2024-01-31,7806.057336910537,7901.13720703125,7772.779382368288,7901.13720703125,4584600
2024-02-01,7881.1704343059,7931.562765469878,7849.794077166065,7901.13720703125,3915800
2024-02-02,7942.022449646428,8072.281886447764,7821.27100093278,8058.970703125,6616700
2024-02-05,8058.969421234403,8089.394978275401,7994.315112522282,8000.970703125,4553400
2024-02-06,7976.250520168766,8027.593651422684,7885.924641110949,7963.89013671875,4928900
2024-02-07,7991.462638053662,8198.736743359515,7870.711209733279,7957.23388671875,9328400
2024-02-08,8034.2489871846,8262.440674394576,7964.840682324899,8195.884765625,7645900
2024-02-09,8255.784665162537,8277.653034078665,8116.968062477551,8271.9482421875,5455700
2024-02-13,8367.028917910447,8395.552880130597,8249.129874067165,8281.45703125,6279200
2024-02-14,8281.456567572708,8444.043143124365,8262.440593823976,8434.53515625,4869300
2024-02-15,8544.828970299406,8583.811721805168,8452.60148502968,8509.6494140625,6298200
2024-02-16,8509.649381708503,8562.89411527003,8272.900477122423,8437.388671875,6987200
2024-02-19,8009.527351229655,8017.133739977262,7691.960621017083,7944.873046875,15187800
2024-02-20,7996.216619833898,8004.773807655361,7782.286924297319,7856.44921875,10752200
2024-02-21,7891.628519391293,8045.657895311942,7814.613831430968,7987.6591796875,7836800
2024-02-22,7987.6600371230625,8040.90476537909,7922.054925521885,8004.7744140625,5618000
2024-02-26,8021.887995454969,8183.5237616310205,8010.478411960189,8128.37744140625,5738200
2024-02-27,8223.458127300224,8224.408926019996,8073.231929576391,8089.3955078125,5568300
2024-02-28,8005.72545660075,8058.019387730565,7950.579129227491,7954.38232421875,4656200
2024-02-29,7912.546686662947,8027.593327985491,7863.10515485491,7986.708984375,5573800
2024-03-01,8034.249016070692,8079.887353676774,7964.840710961442,8066.576171875,3559600
2024-03-04,8048.5108814456635,8072.280848608823,7923.005454824184,7934.4150390625,4792100
2024-03-05,7929.661236404946,7993.364749934818,7874.514911259684,7977.201171875,3171000
2024-03-06,7900.18617497505,7945.824511284931,7875.465409473864,7919.2021484375,3185600
2024-03-07,7985.757766857465,8045.658081098687,7886.874708427512,7913.4970703125,3294300
2024-03-08,7894.48192321236,7915.399495452595,7818.41802415696,7826.0244140625,4052500
2024-03-11,7739.501680552214,7903.0390625,7718.584108442613,7903.0390625,4028600
2024-03-12,7865.006706499207,7865.006706499207,7750.910864528716,7797.5,3501600
2024-03-13,7801.303045422968,7876.416139949283,7772.779085476266,7826.974609375,3813600
2024-03-14,7780.385419081157,7819.3681640625,7749.959862022548,7819.3681640625,2701900
2024-03-15,7763.27104323569,7864.055700992331,7737.599479467488,7819.3681640625,4416600
2024-03-18,7778.4835274908355,7878.3173828125,7776.581930246613,7878.3173828125,2835000
2024-03-19,7832.679067421371,7947.725700968103,7811.761497685601,7946.77490234375,2492800
2024-03-21,8078.937044356312,8124.575384726926,7945.825218275356,7965.7919921875,3916900
2024-03-22,7975.299337615714,8032.34725848564,7923.005410151614,8011.4296875,3562600
2024-03-25,8009.5280573148875,8009.5280573148875,7861.203463660908,7890.67822265625,3050000
2024-03-26,7915.39892895496,7948.676882410026,7884.022572840184,7899.2353515625,3255600
2024-03-27,7958.1843642009135,8053.264225183004,7937.266794784854,7996.21630859375,4146700
2024-03-28,8006.841044972719,8026.157911184957,7940.197856540497,7976.89990234375,4305600
2024-03-29,7986.558087617863,8006.840796511317,7912.18815500853,7925.7099609375,1747900
2024-04-01,7971.105975289757,8025.193208370603,7901.565247042954,7929.57470703125,2669300
2024-04-02,7900.598905991085,7945.993545181988,7846.511676316819,7868.72607421875,3245200
2024-04-03,7774.072976466419,7774.072976466419,7480.456603644232,7539.373046875,7154700
2024-04-04,7619.538108964963,7691.976359462157,7575.109315326683,7618.572265625,4343900
2024-04-05,7482.388321733,7492.046755090085,7366.487121447992,7476.59326171875,4297600
2024-04-08,7533.5782527559495,7602.153131723344,7506.534638515287,7589.59716796875,2592300
2024-04-09,7601.187223460099,7617.606560537459,7527.7831282907255,7612.77734375,2363900
2024-04-10,7582.835922264722,7599.255258741413,7520.056106324433,7521.98779296875,2216200
2024-04-11,7418.64258811444,7475.6273443569535,7409.9499981791405,7459.2080078125,2406700
2024-04-12,7572.212386877828,7572.212386877828,7458.242863707983,7470.798828125,2445900
2024-04-15,7388.701246378008,7406.08642578125,7322.058058665579,7406.08642578125,2492600
2024-04-16,7321.092598736128,7330.751032243696,7254.449407533913,7267.00537109375,3649400
2024-04-17,7369.384826137112,7384.838319874752,7258.312839897824,7325.921875,3395400
2024-04-18,7340.409433061009,7393.530817116056,7275.697928848497,7329.78515625,2772000
2024-04-19,7267.971833278316,7317.229848360999,7129.856222360203,7200.36279296875,4179200
2024-04-22,7231.269144193833,7290.185588403239,7190.7037235906355,7267.97119140625,2692100
2024-04-23,7307.570410833514,7335.579866545141,7213.883610694623,7241.89306640625,2093600
2024-04-24,7249.620025122754,7291.151288256284,7210.986291975283,7253.4833984375,2438500
2024-04-25,7195.533241892132,7233.201134030896,7114.402397285563,7153.0361328125,2646100
2024-04-26,7282.458913900101,7390.633369915594,7244.791022966136,7387.73583984375,4702800
2024-04-30,7485.285846927623,7511.363616974984,7389.667356753967,7456.310546875,4027600
2024-05-01,7456.310504165575,7477.559057415788,7355.862797891842,7376.1455078125,2738400
2024-05-02,7340.40975660066,7362.624154548267,7312.400298318895,7316.263671875,1964700
2024-05-07,7461.139841887244,7565.450923171881,7440.857131637454,7493.978515625,5892100
2024-05-08,7465.969524781289,7614.709409233594,7072.871258728768,7086.39306640625,13721900
2024-05-09,7154.001963601484,7392.56528006018,7127.924192166727,7337.51220703125,7462200
2024-05-10,7510.397733787744,7726.746639699325,7421.540147431202,7580.904296875,7567900
2024-05-13,7601.187660789657,7755.722606879408,7587.665853006803,7737.37158203125,4532500
2024-05-14,7870.657001553701,8151.717400062982,7853.271822264467,8146.88818359375,9032500
2024-05-15,8074.450629601112,8130.469545452412,8006.841593228854,8035.81689453125,4130400
2024-05-16,8113.08425690407,8306.2529296875,8093.767389625727,8306.2529296875,7011200
2024-05-17,8210.634719455633,8250.234298740152,8138.196464666883,8212.56640625,3995300
2024-05-20,8192.28334697332,8246.37057491844,8087.006421151569,8104.3916015625,3480100
2024-05-21,8138.195237120711,8197.111675462078,8093.76644755181,8120.81005859375,2169400
2024-05-22,8093.767759615241,8205.805594951204,8060.929083740906,8065.75830078125,2848700
2024-05-23,8106.323877819896,8111.153094951923,7970.139954696745,7998.1494140625,2962200
2024-05-24,7941.164833264852,8057.066047080442,7917.018747053271,7970.14013671875,2844600
2024-05-27,7952.7546352249765,8003.9443359375,7907.359994970474,8003.9443359375,1864200
2024-05-28,7962.4128205776215,7974.002941131592,7889.008723735809,7912.18896484375,2307500
2024-05-29,7917.983232389988,8028.089366629127,7915.08570254159,7986.55810546875,2453800
2024-05-30,7943.095067973798,8080.244812581322,7866.793449494964,8072.51806640625,3737000
2024-05-31,8172.00076218677,8336.194135259899,8159.444798363531,8262.7900390625,10945800
2024-06-03,8191.317878921116,8412.496017616191,8191.317878921116,8374.828125,3719100
2024-06-04,8366.135312720691,8580.552541931496,8329.4332644774,8547.7138671875,4179700
2024-06-05,8537.088913828626,8571.859272568056,8445.33380048846,8453.060546875,3786500
2024-06-06,8528.397246353516,8638.503394267931,8486.86598003492,8496.5244140625,3031900
2024-06-07,8451.129767365077,8470.446635404769,8377.725668814248,8455.958984375,2687700
2024-06-10,8424.086520822606,8457.891041371653,8283.073377960865,8440.505859375,2983700
2024-06-11,8295.628874729828,8454.993034041787,8269.551103206053,8378.69140625,2945800
2024-06-12,8306.253222827678,8357.442922921848,8227.054064191414,8253.1318359375,3173400
2024-06-13,8306.252522270715,8306.252522270715,8060.928319868767,8077.34765625,4137400
2024-06-14,8028.09033657956,8244.439258065824,8019.39774598413,8191.31787109375,5205900
2024-06-17,8134.333261967216,8160.411034239018,8068.655909578974,8123.708984375,2148900
2024-06-18,8209.668880899015,8431.812862382165,8135.298939272047,8375.7939453125,4951700
2024-06-19,8497.490364795769,8509.08048577526,8223.19083494785,8287.90234375,4040000
2024-06-20,8242.507899709515,8254.098020965259,8076.382828377194,8198.0791015625,3238900
2024-06-21,8244.439726221704,8282.107620940853,8186.489118961477,8192.2841796875,3613300
2024-06-24,8113.0837987901805,8244.438488865831,8095.698619221344,8202.9072265625,2457100
2024-06-25,8285.004613103858,8352.613650515523,8202.907924818262,8337.16015625,2895200
2024-06-26,8360.340174818632,8387.3837890625,8261.824151501685,8387.3837890625,3277300
2024-06-27,8365.17040504514,8370.965465942298,8258.927621930608,8304.322265625,2586000
2024-06-28,8315.910418538526,8341.988186401539,8205.804287561361,8263.7548828125,3377000
2024-07-01,8359.374781224997,8511.012197822609,8335.228695779519,8450.1640625,3658600
2024-07-02,8573.791061619719,8687.760572183099,8504.250343309859,8571.859375,4734000
2024-07-03,8596.00518137448,8658.784994496878,8518.73771906999,8583.44921875,2751700
2024-07-04,8609.527322957956,8624.014972704912,8501.352871514015,8528.396484375,2073200
2024-07-05,8499.421592250197,8634.639663035996,8486.865628534373,8593.1083984375,2331900
2024-07-08,8540.952367611406,8555.440017222869,8441.470506946023,8490.728515625,3026000
2024-07-09,8465.616857068528,8680.999921429768,8380.622643329561,8643.33203125,3476700
2024-07-10,8649.12689453125,8692.58984375,8562.20099609375,8692.58984375,3541100
2024-07-11,8711.907333877061,8856.783841646635,8707.078116951408,8789.1748046875,4692600
2024-07-12,8691.623979406755,8712.872532306737,8583.449528279567,8611.458984375,3586000
2024-07-16,8636.570062854107,8636.570062854107,8490.72773680949,8523.56640625,3583900
2024-07-17,8528.396416948874,8533.225633493013,8398.00757025713,8449.197265625,3340100
2024-07-18,8349.716059027778,8392.213167945907,8252.165877192981,8257.9609375,3417600
2024-07-19,8327.501104356194,8381.588330271752,8237.677675603569,8281.140625,2284800
2024-07-22,8327.502080861024,8327.502080861024,8174.898818418894,8240.576171875,2468100
2024-07-23,8301.423244119238,8301.423244119238,8174.897770590486,8202.9072265625,2065700
2024-07-24,8163.308783860918,8238.644572448371,8140.128541218624,8196.1474609375,2202300
2024-07-25,8115.015501160552,8141.0932705644245,7980.763280896173,7997.1826171875,3345800
2024-07-26,7988.48980914935,8058.996368944768,7938.265958336176,7965.3095703125,2682600
2024-07-29,8059.962959810859,8097.6308514145285,7974.002899484536,8057.0654296875,2689000
2024-07-30,8016.499870384373,8087.972278867318,8012.636496952862,8062.8603515625,2392800
2024-07-31,7953.719626496279,8126.605578304759,7896.734871430913,8101.49365234375,3161800
2024-08-01,7811.741306967149,7872.5894402929325,7722.883715443784,7828.16064453125,4510900
2024-08-02,7707.43021063645,7803.048705730812,7630.162739853127,7644.650390625,4588800
2024-08-05,6920.2682786574605,6950.209425431834,6297.299257061639,6381.32763671875,11393600
2024-08-06,6857.488160789513,7262.176546616387,6857.488160789513,7250.58642578125,7975500
2024-08-07,7047.759465939829,7563.5198544298755,6992.706390763926,7386.7705078125,6964500
2024-08-08,7147.2408043591395,7436.027966589327,7093.153576650476,7307.57080078125,5461900
2024-08-09,7359.72629961303,7597.323762828884,7321.092565756794,7534.5439453125,6010300
2024-08-13,7534.544144783266,7566.416976058468,7422.506313634073,7485.2861328125,4147400
2024-08-14,7547.099831777496,7737.370969077236,7495.91013494051,7701.634765625,3556100
2024-08-15,7610.845776323911,7682.318185898526,7575.109571536603,7628.23095703125,3361300
2024-08-16,7755.722093866447,7863.896548973924,7630.162458473839,7840.71630859375,3633900
2024-08-19,7831.058097599104,7864.862615780649,7739.302976820624,7790.49267578125,2377500
2024-08-20,7855.2042207417135,7898.6671729036925,7758.619882603982,7870.65771484375,2275000
2024-08-21,7782.765531639063,7985.5926303787255,7756.687761801107,7971.10498046875,2646700
2024-08-22,8021.3292822784815,8048.372896956844,7944.0618117688755,7993.31982421875,2576100
2024-08-23,7960.480860324848,8030.021581259499,7901.564416199658,7944.0615234375,2043800
2024-08-26,7816.570385763257,7890.940325180503,7794.355988274989,7833.95556640625,1994300
2024-08-27,7678.454289521659,7777.93615012804,7652.376520236491,7773.10693359375,2630700
2024-08-28,7678.455173611656,7735.4399352774535,7637.889750052953,7694.87451171875,2242000
2024-08-29,7659.138103557814,7686.181718551461,7601.1875,7601.1875,2957500
2024-08-30,7592.495146229791,7659.138342399472,7592.495146229791,7632.0947265625,3566200
2024-09-02,7685.215627415831,7706.46418136872,7640.786832787059,7652.376953125,1965200
2024-09-03,7630.162973569975,7695.840325747539,7610.846105282456,7655.27490234375,1857800
2024-09-04,7456.310565142732,7567.3825489499095,7388.701531520971,7435.06201171875,4368600
2024-09-05,7427.33548060871,7570.280298701049,7396.428492913069,7466.93505859375,3550500
2024-09-06,7522.954703375588,7672.660439544957,7454.379817775425,7497.8427734375,4006100
2024-09-09,7334.614679833764,7480.45703125,7271.834859687702,7480.45703125,2898500
2024-09-10,7484.3200914884865,7497.841898338511,7381.940696766874,7432.16455078125,3091200
2024-09-11,7423.4726372083915,7432.1652281184715,7231.269793752176,7281.49365234375,2684900
2024-09-12,7423.472465072448,7490.1156605044025,7354.897582816379,7390.6337890625,2857500
2024-09-13,7375.179932703086,7384.838366349894,7294.049090069893,7323.990234375,4421500
2024-09-17,7258.31276245279,7338.477760361449,7224.508245262391,7288.25390625,4672300
2024-09-18,7319.161082685995,7404.155299534288,7236.098552584253,7300.81005859375,3062000
2024-09-19,7408.018485578489,7450.51559292731,7350.06788464828,7410.916015625,3543700
2024-09-20,7534.544034565474,7557.724275153806,7399.325964466876,7408.0185546875,4244200
2024-09-24,7436.993772072641,7568.3484672676905,7429.267025296462,7452.447265625,2959500
2024-09-25,7388.701678847667,7425.403726402727,7351.999631292607,7367.453125,3097000
2024-09-26,7533.5780072653515,7735.439264126692,7524.885417256968,7722.88330078125,6610700
2024-09-27,7780.1192272633725,7816.012545394139,7705.422321964211,7807.28173828125,4906500
2024-09-30,7421.185747149603,7545.357221088839,7323.206693494426,7407.6044921875,8005600
2024-10-01,7527.895304784954,7560.878351223444,7450.2881366943875,7465.8095703125,3824300
2024-10-02,7372.681376881844,7467.750163057425,7364.92065964302,7442.52783203125,3750500
2024-10-03,7567.668830426493,7595.801428309119,7467.749603464061,7532.74560546875,3407700
2024-10-04,7537.59671790246,7570.579766603706,7499.763220862796,7511.404296875,2634200
2024-10-07,7780.1187416436105,7904.290212831937,7669.528525116507,7845.11474609375,6734900
2024-10-08,7763.627428831702,7815.042180016018,7733.554649837102,7797.58056640625,4095700
2024-10-09,7710.271866966325,7712.212046097419,7586.1004025763295,7641.3955078125,4708900
2024-10-10,7712.212652685849,7731.614445522795,7665.64834987718,7676.3193359375,2759600
2024-10-11,7693.780962039264,7693.780962039264,7617.143880208334,7642.3662109375,2576200
2024-10-15,7673.409528319329,7787.88011293901,7670.499259218828,7706.392578125,4705400
2024-10-16,7624.904634589008,7766.537723221323,7617.143917403676,7691.8408203125,3533200
2024-10-17,7741.315229586253,7843.174640501861,7712.212540753221,7754.896484375,3268000
2024-10-18,7828.623006687242,7899.439546896433,7772.357810356652,7779.1484375,4274800
2024-10-21,7741.315528301997,7842.204853482875,7716.093197006777,7810.19189453125,2922600
2024-10-22,7816.011690404084,7839.293840158298,7752.95586815309,7770.41748046875,2342900
2024-10-23,7821.832445062013,7874.217283463768,7808.251190661557,7836.3837890625,3147800
2024-10-24,7795.640362130531,7860.636368136348,7739.375162901614,7827.6533203125,2711600
2024-10-25,7824.742962940905,7826.683142202731,7740.345165051511,7762.6572265625,1962700
2024-10-28,7780.119087967218,7973.166930673636,7774.29854999617,7915.931640625,3595900
2024-10-29,7886.828526013197,7941.1535441505575,7845.1146728005815,7897.49951171875,2635600
2024-10-30,7857.726049116797,7958.615371228914,7842.204614945703,7849.96533203125,5957200
2024-10-31,7955.704901036871,8025.551353039634,7857.725850310773,7901.3798828125,4353800
2024-11-01,7721.912973478903,7826.682646988415,7687.959838545265,7724.8232421875,3072400
2024-11-05,7365.8902155478545,7675.3487930218125,7357.159409286834,7427.005859375,6282100
2024-11-06,7690.87065634645,7894.589480492862,7498.792907865548,7857.72607421875,8209700
2024-11-07,8051.743850559287,8112.859496653894,7948.91435078106,7962.49560546875,8257400
2024-11-08,8031.372537496281,8043.983703456838,7888.769353173059,7947.94482421875,3520700
2024-11-11,7978.016928030303,8057.564275804924,7956.674956676136,8003.2392578125,3872200
2024-11-12,8066.295609801222,8144.8728731077645,8044.953637051297,8090.5478515625,4608900
2024-11-13,8009.060198673445,8026.521812478692,7768.47796402337,7824.7431640625,4779300
2024-11-14,7907.200519788323,8001.299213251636,7856.755859375,7856.755859375,3812400
2024-11-15,7925.631755178064,8068.234921397302,7909.14023255407,8011.9697265625,3396100
2024-11-18,7925.63217475705,7999.358985685022,7898.469665467796,7954.73486328125,4441700
2024-11-19,8008.089715767281,8120.620110319553,7900.4097692560545,7931.45263671875,5132800
2024-11-20,7995.478464814309,8004.209271194231,7910.110580210613,7979.95703125,2671500
2024-11-21,7907.20036013644,8022.641022982255,7853.845431930391,7957.64501953125,2562400
2024-11-22,7906.230518977314,7954.735000688832,7881.978278121555,7921.751953125,2533200
2024-11-25,7952.795047056996,8003.239709468189,7887.799039719496,7953.76513671875,7427600
2024-11-26,7872.277224103757,8093.457656278207,7871.307134488958,8060.474609375,4463400
2024-11-27,8143.902273087509,8310.75768594886,8121.590212065351,8271.9541015625,5292100
2024-11-28,8292.326064936682,8522.2373046875,8188.526475682093,8522.2373046875,6718000
2024-11-29,8461.122341000993,8583.353642877411,8410.677676734535,8546.490234375,6029400
2024-12-02,8633.798568958215,8771.551310170807,8480.524392116036,8590.14453125,6247800
2024-12-03,8590.143941380033,8717.225686870805,8578.502865457214,8672.6015625,5079300
2024-12-04,8676.481941570464,9002.432068176868,8676.481941570464,8907.36328125,7974200
2024-12-05,9052.875735442442,9089.739138565761,8908.332391616796,9016.982421875,5704400
2024-12-06,9021.833966693806,9029.59468408451,8771.550830843591,8787.072265625,4212600
2024-12-09,8882.140327453613,8957.807315826416,8840.426474889118,8940.345703125,3895900
2024-12-10,8895.722119178447,8896.692208831573,8692.003292021689,8766.7001953125,4522700
2024-12-11,8876.319796916196,8902.512215989063,8815.204152412838,8830.7255859375,4178400
2024-12-12,8876.320400336128,8927.73515238179,8832.666365580377,8865.6494140625,4192300
2024-12-13,8812.294071610588,8868.559269337737,8790.95210005891,8851.09765625,3674700
2024-12-16,8900.572903729482,8983.030527360763,8829.756356375558,8909.3037109375,3151200
2024-12-17,8986.910138962066,9300.24908271042,8975.26906365253,9206.150390625,7187700
2024-12-18,9116.901795863127,9118.841975006746,8968.478091376315,8987.8798828125,4292900
2024-12-19,8880.200035700054,9184.808164519129,8861.768333637752,9128.54296875,7302900
2024-12-20,9118.841784682674,9138.243575713914,8857.8876953125,8857.8876953125,6103200
2024-12-23,8988.849914983371,9020.862870648649,8895.721316684385,8896.69140625,2876400
2024-12-24,8998.551607962858,9029.594476813096,8890.871656638594,8951.9873046875,2319000
2024-12-25,8924.82421875,8934.525114639946,8800.652751358695,8924.82421875,2559200
2024-12-26,8905.42310044884,9000.491887359949,8895.722203825257,8983.0302734375,2843000
2024-12-27,9026.68482985879,9088.7705718374,8959.748639288102,9070.3388671875,3242000
2024-12-30,9147.945031675034,9157.645927784974,8980.11952897304,8986.91015625,2486400
2025-01-06,9012.132607927922,9015.042876800235,8750.20840941979,8798.712890625,4961000
2025-01-07,8911.24356500976,8919.974371899056,8807.443971992554,8884.0810546875,3532800
2025-01-08,8798.711981740706,8818.113772218634,8622.155688391555,8636.70703125,4676000
2025-01-09,8638.647895726814,8860.798414325514,8637.677806125947,8846.2470703125,4549700
2025-01-10,8775.431526791266,8996.61198092662,8747.298925168787,8971.3896484375,4441100
2025-01-14,8973.329598843362,9120.783231170302,8964.598791666109,9052.876953125,6936600
2025-01-15,9278.9072265625,9338.082693454326,9201.300056868304,9278.9072265625,7207700
2025-01-16,9409.869034720412,9440.911901639078,9192.568966289755,9303.1591796875,7253600
2025-01-17,9215.852169647233,9309.950870747842,8631.85816900222,8906.3935546875,18672900
2025-01-20,9021.834351038508,9178.988884895307,8634.7685546875,8634.7685546875,11497600
2025-01-21,8728.867084919906,8900.572961118041,8687.153227990415,8773.4912109375,6359200
2025-01-22,8876.318946101725,9136.302932719787,8840.425634516396,9122.7216796875,6957200
2025-01-23,9118.842660548959,9482.626277326179,9114.962301970003,9273.0869140625,8457300
2025-01-24,9256.594387086072,9657.241366950519,9251.743939387956,9594.185546875,9196700
2025-01-27,9567.023092666637,9631.049002635811,9466.133779987938,9500.0869140625,5745900
2025-01-28,9430.241518769055,10001.624324504573,9430.241518769055,9943.4189453125,9432300
2025-01-29,9909.466109256164,10045.278664840684,9851.26072829137,9885.2138671875,4044700
2025-01-30,9885.214457808754,10156.839585206835,9822.15862466277,10113.185546875,4381800
2025-01-31,10050.128249480695,10084.081385458669,9924.0166015625,9924.0166015625,4350000
2025-02-03,9807.606282632063,9957.97017717291,9749.400904100123,9870.662109375,3774700
2025-02-04,10069.530823692909,10263.548758638823,10035.577685077375,10088.9326171875,4325100
2025-02-05,9991.923134491823,10457.566154351636,9982.222238244743,10379.958984375,7620900
2025-02-06,10423.613463245738,10680.687224786932,10350.85673828125,10670.986328125,5867100
2025-02-07,10413.912085876042,10569.126425302233,10409.061637768973,10481.818359375,4215200
2025-02-10,10413.911769118655,10670.985510973936,10409.061321159123,10607.9296875,3952700
2025-02-12,10656.434432455317,10695.238017097849,10428.463372680442,10651.583984375,6360400
2025-02-13,10700.089061631945,10947.46192751736,10656.435026475694,10913.5087890625,5222000
2025-02-14,10782.546547597543,10947.46178944114,10598.229512595875,10908.658203125,5319100
2025-02-17,10855.30253212072,11117.226721903795,10855.30253212072,11054.1708984375,5049100
2025-02-18,11059.021885234717,11165.731745530842,10976.564265914983,11107.5263671875,3617700
2025-02-19,11257.890979169988,11447.058470849277,11175.433354591836,11408.2548828125,6799600
2025-02-20,11262.740836121084,11335.497559868636,11000.816630629895,11146.330078125,5193000
2025-02-21,11146.330090912812,11219.086814743834,10957.16260895215,11112.376953125,5369900
2025-02-25,11063.872383313303,11228.787622696314,10971.7138671875,10971.7138671875,4530400
2025-02-26,10986.26542889605,11049.321256964768,10603.080012170756,10772.845703125,5732500
2025-02-27,10767.994603207237,11117.226860608553,10753.443259148848,11059.021484375,3961700
2025-02-28,10835.90109154486,11010.517223727318,10724.340784872731,10826.2001953125,10565400
2025-03-03,11005.666093291065,11044.469675814787,10632.181611500226,10734.041015625,4699300
2025-03-04,10748.593174415993,10826.200345350406,10598.229280730571,10797.09765625,3937900
2025-03-05,10826.200608221476,10995.966298762583,10661.285365981543,10840.751953125,3638100
2025-03-06,10962.013082592226,11068.722944458168,10923.209496459156,11044.470703125,3798500
2025-03-07,10195.642648993105,10554.575834542815,9928.867984057511,10025.876953125,8654000
2025-03-10,9894.913558845577,9953.11893272114,9617.467943372065,9705.74609375,6778900
2025-03-11,9414.71961487211,9754.2509765625,9347.783432138862,9754.2509765625,7548900
2025-03-12,9807.605871485914,9914.315727654404,9700.896015317421,9856.1103515625,3702800
2025-03-13,10084.08197129405,10132.586454080458,9870.662247033859,9875.5126953125,4437100
2025-03-14,9783.354558306442,10040.428327067097,9754.251867503348,9957.970703125,3655500
2025-03-17,10142.287311144111,10156.838655923371,9948.26938075398,9977.3720703125,2715300
2025-03-18,9957.968888354279,10050.127392435492,9875.511279439508,9962.8193359375,3240700
2025-03-19,10200.49217639218,10331.454272808056,10161.688592268956,10234.4453125,4156500
2025-03-21,10428.463950995296,10578.8278498236,10355.707225755794,10569.126953125,6406700
2025-03-24,10670.985588166512,10675.836036161132,10370.2578125,10370.2578125,3046600
2025-03-25,10467.26688868004,10510.92092111661,10409.061512097946,10443.0146484375,2840800
2025-03-26,10738.89193685183,11107.525987078001,10704.938800646789,10991.115234375,6665800
2025-03-27,10661.28430806607,10801.947294842192,10583.677142948209,10700.087890625,6592200
2025-03-28,10656.09532728138,10729.417084120472,10489.899345112772,10592.5498046875,4277400
2025-03-31,10216.165422539565,10313.927771080615,9883.7734375,9883.7734375,6799600
2025-04-01,10069.521690118203,10274.822617780806,9966.8712262869,9976.6474609375,5209500
2025-04-02,10030.417153385917,10235.718089273932,9917.990450399622,10186.8369140625,5724600
2025-04-03,9610.038474431114,9991.311618381076,9588.530758618552,9854.4443359375,12951900
2025-04-04,9766.458128108712,9883.772940458366,9593.418779892972,9753.7490234375,10525000
2025-04-07,8779.059077676337,9406.693368084823,8761.461854580772,8988.2705078125,13795600
2025-04-08,9338.258826275276,9795.786582839015,9338.258826275276,9620.7919921875,11425300
2025-04-09,9422.335098933412,9524.985564319179,8967.74018079645,9194.548828125,11155800
2025-04-10,9971.75941144098,10289.487039746698,9790.89906917465,10269.9345703125,8557300
2025-04-11,9688.248789996265,9869.109135722734,9563.112983223356,9815.33984375,8428900
2025-04-14,10020.640969391607,10265.04684669384,10010.864734299517,10118.4033203125,4269300
2025-04-15,10328.592265966157,10328.592265966157,10059.745803766375,10074.41015625,2888500
2025-04-16,9991.312072024402,10025.52889418887,9687.271166505852,9815.33984375,4090400
2025-04-17,9734.196747655116,10113.5146484375,9709.756161264499,10113.5146484375,3582900
2025-04-18,10084.185788896757,10147.731312530135,10035.304616871083,10137.955078125,2673600
2025-04-21,10059.745987943814,10128.179634120303,9986.42422418329,10015.7529296875,3148200
2025-04-22,9908.214395059122,10001.08862964527,9805.563925253378,9947.3193359375,3561700
2025-04-23,10269.934352777695,10338.367994347846,10093.962131597305,10181.9482421875,4159600
2025-04-24,10636.543579545454,10788.075220614346,10519.22876065341,10753.8583984375,8524500
2025-04-25,10949.382538377193,11159.571578176397,10841.843959875274,11144.9072265625,6862200
2025-04-28,11330.655656461795,11350.208125239124,11110.69038271685,11179.1240234375,4523200
2025-04-30,11286.66343223333,11589.726720582603,11242.670374247147,11565.2861328125,7511400
2025-05-01,11658.160136549892,11873.2373046875,11604.39084451549,11873.2373046875,7359200
2025-05-02,11951.446616163532,12259.39800136529,11892.789209458435,12083.42578125,8348900
2025-05-07,12093.201882749241,12195.85234335463,11970.99895345711,12073.6494140625,8420500
2025-05-08,12142.083570026518,12176.300391681181,11751.0341796875,11751.0341796875,6591700
2025-05-09,11648.383998089837,12093.202690421425,11477.299885654611,11555.509765625,12559500
2025-05-12,11702.153039487532,11702.153039487532,11247.558121913455,11320.8798828125,4911100
2025-05-13,11716.81764718802,11897.677994683205,11560.397887192184,11736.3701171875,6146400
2025-05-14,11731.482371794871,11819.468489583334,11433.307194845085,11438.1953125,4278500
2025-05-15,11267.11026666257,11359.984494457187,11076.473693820992,11188.900390625,5201200
2025-05-16,11140.019360938843,11418.64204789519,11076.473835843535,11379.537109375,4188400
2025-05-19,11335.543788995266,11369.760609401894,11179.124038564974,11359.984375,3076800
2025-05-20,11389.312857423569,11423.529677166902,11213.340641600715,11271.998046875,3846000
2025-05-21,11291.551408018477,11301.327643003773,10978.71188848896,11012.9287109375,3974200
2025-05-22,10998.263985770089,11208.453030831473,10871.172935267858,10949.3828125,3957200
2025-05-23,11193.7888142214,11535.95703125,11076.47399695445,11535.95703125,5781700
2025-05-26,11609.279506633931,11755.923037244045,11423.531034527789,11697.265625,4795100
2025-05-27,11702.153014261572,11936.782648632732,11643.495605668782,11931.89453125,4107400
2025-05-28,11927.006172839505,12146.971450617284,11814.579475308641,11878.125,6278300
2025-05-29,12073.649147943279,12093.201616199056,11883.012582449437,12054.0966796875,4968400
2025-05-30,11760.809413121831,11853.683635419968,11570.1728515625,11570.1728515625,11449100
2025-06-02,11521.292438271605,11570.173611111111,11296.439043209875,11482.1875,5194700
2025-06-03,11711.929333449123,11721.705568285059,11433.306640625,11433.306640625,4593900
2025-06-04,11829.244008154983,11843.90836023121,11648.38366588154,11819.4677734375,6499200
2025-06-05,11741.257642734705,11912.341746604694,11531.068600837289,11584.837890625,5145900
2025-06-06,11907.453876391222,11936.782580520265,11589.726248326597,11638.607421875,5133100
2025-06-09,11638.607300613101,11814.579523553912,11619.054831397454,11809.69140625,4118800
2025-06-10,11716.817022198342,11907.453594524473,11614.16656017658,11834.1318359375,5218300
2025-06-11,11565.285408239122,11584.83787723023,11257.334021629205,11403.9775390625,8474600
2025-06-12,11663.047522453899,11716.816811115674,11516.404007921788,11531.068359375,4948500
2025-06-13,11604.390383648964,11653.271556284384,11355.096403208316,11550.62109375,5228500
2025-06-16,11751.034654274801,11912.342534304364,11575.062421515278,11677.712890625,4136000
2025-06-17,11731.481423331994,12161.6357421875,11658.159664436169,12161.6357421875,6426100
2025-06-18,12244.733864624575,13021.944517109729,12244.733864624575,12963.287109375,11609300
2025-06-19,12850.860124617468,13197.916445974577,12826.419538606404,12977.951171875,7710700
2025-06-20,12806.86715988315,12841.083980539326,12445.146484375,12445.146484375,8246200
2025-06-23,12430.482313582157,12454.922900120857,12205.62891742613,12386.4892578125,5145600
2025-06-24,12679.775724861758,12689.551959036671,12454.922338838765,12596.677734375,3948300
2025-06-25,12665.111754068583,13168.587829201375,12596.678112788399,13056.1611328125,8449800
2025-06-26,13100.154561754844,13271.238669837463,12992.615979531483,13119.70703125,6440700
2025-06-27,13227.245466113352,13334.784047138664,13080.601946533383,13325.0078125,6649900
2025-06-30,13486.31606571956,13593.854649788365,13403.21806893912,13569.4140625,6680400
2025-07-01,13496.092205169745,13500.980322592843,13114.81904616821,13129.4833984375,4228900
2025-07-02,12836.195537109375,12929.069762244591,12679.775789513222,12709.1044921875,5284400
2025-07-03,12836.196023878481,13007.280129299557,12713.993091434855,12816.6435546875,5053300
2025-07-04,12977.951643510298,13012.16846516927,12845.97247425426,12904.6298828125,2676800
2025-07-07,12811.755652595288,12924.182352331913,12787.315065696022,12904.6298828125,2000100
2025-07-08,12709.10460185895,12806.866944950172,12538.02050144931,12753.09765625,4612500
2025-07-09,12718.881015805497,12753.097836370693,12464.69892017833,12694.4404296875,4198100
2025-07-10,12640.67149300079,12684.664549240932,12362.04880347989,12396.265625,5167700
2025-07-11,12464.698843830065,12518.468132960312,12362.048382763229,12401.1533203125,3087700
2025-07-14,12278.950241443154,12303.390827114816,12078.537438935524,12210.5166015625,3494800
2025-07-15,12445.147193113773,12469.587780688624,12190.96508233533,12244.734375,2363700
2025-07-16,12322.943577072667,12459.810859959629,12171.411942447814,12410.9296875,3319900
2025-07-17,12630.894905780708,12694.4404296875,12542.90879575592,12694.4404296875,3894700
2025-07-18,12709.105071197957,12782.426831224098,12606.454607161357,12679.7763671875,3286900
2025-07-22,12806.867787876947,12929.07072478417,12479.363916965589,12562.4619140625,4173900
2025-07-23,12596.677976628911,12684.664085895238,12396.265172188949,12650.447265625,4544600
2025-07-24,12885.077413293087,12987.727878270005,12679.776483339252,12904.6298828125,4034300
2025-07-25,12772.6513679457,13031.721602351028,12557.574192212976,12591.791015625,3978400
2025-07-28,12826.419691514207,12826.419691514207,12494.027717801187,12557.5732421875,3064400
2025-07-29,12474.475824839055,12572.2381745635,12435.370884949278,12528.2451171875,2563200
2025-07-30,12586.902177085381,12591.790294435707,12406.041835123378,12430.482421875,3059000
2025-07-31,12396.26575736308,12450.035048897384,12200.741060874705,12406.0419921875,4314200
2025-08-01,12533.132261996328,12650.447072561037,12249.621469798283,12313.1669921875,4807400
2025-08-04,12220.293949738008,13153.924407497992,12215.405832158114,12943.7353515625,11192700
2025-08-05,13334.784624836937,13349.448977430231,12953.511457411247,13114.8193359375,6151200
2025-08-06,12943.734627109607,13285.902838551327,12938.846509803298,13178.3642578125,4046400
2025-08-07,13237.021889767359,13520.532698336969,13085.49025070429,13447.2109375,5145600
2025-08-08,13740.498110142373,14248.862323395593,13618.295174264194,14033.78515625,9143300
2025-08-12,14014.232387108412,14024.008621769806,13667.176056628921,13867.5888671875,6322700
2025-08-13,13872.47719940346,14038.673191221542,13843.148494964975,13955.5751953125,5275700
2025-08-14,14126.659515768248,14248.862452755862,13608.519062940763,13862.701171875,5995300
2025-08-15,13882.253621419271,14126.659495035807,13818.70809427897,14077.7783203125,3764900
2025-08-18,14077.777315762538,14463.938568521302,13989.791207539023,14327.0712890625,4388200
2025-08-19,14239.086004884522,14273.302826729423,13784.491086088005,13955.5751953125,4671200
2025-08-20,13804.043887368849,13887.1418852744,13456.987543175086,13510.7568359375,4471300
2025-08-21,13496.092161524937,13510.756513746803,13300.567465233376,13378.77734375,3086100
2025-08-22,13491.203570698583,13579.189680942269,13417.881812162177,13452.0986328125,2893600
2025-08-25,13579.190533380683,13623.183591264205,13364.113361505682,13442.3232421875,3436600
2025-08-26,13354.336590226432,13442.322702460722,13222.357421875,13222.357421875,3348200
2025-08-27,13100.15445385514,13168.588096524532,12914.405995181076,13075.7138671875,4065800
2025-08-28,13021.944815129375,13188.14080751466,12982.839875744601,13129.4833984375,5400000
2025-08-29,13002.391734363262,13144.14713297098,12938.846210849455,13012.16796875,3503300
2025-09-01,12894.853963432746,12924.182668429183,12718.881733454135,12855.7490234375,3112800
2025-09-02,12880.189079558186,12943.734604428872,12782.426733603284,12816.6435546875,2280200
2025-09-03,12718.881627658813,12929.07067838492,12694.44104036508,12811.755859375,3603000
2025-09-04,12855.749052807801,13070.826223273027,12841.08470027608,13002.392578125,3676600
2025-09-05,13070.82582378603,13090.378293230737,12855.748659894263,12973.0634765625,2841600
2025-09-08,13075.71399182492,13510.75643865573,12992.615996362854,13481.427734375,5227800
2025-09-09,13686.72798967431,13716.056692509326,13432.5458984375,13432.5458984375,4039300
2025-09-10,13354.336682491843,13559.637612456943,13276.1268044099,13481.427734375,3408200
2025-09-11,13608.518672703181,13970.239355813826,13432.546448487192,13833.3720703125,5802100
2025-09-12,13911.582163607136,13975.127690004498,13730.721819245413,13921.3583984375,4940300
2025-09-16,13657.40025379991,13716.05766362296,13359.225087199411,13466.763671875,5856000
2025-09-17,13412.993142777983,13466.762430157925,13217.46846139638,13232.1328125,4333200
2025-09-18,13129.48262962257,13188.140035264963,12797.090664315669,12821.53125,6126100
2025-09-19,12669.999829101562,12757.985939025879,12494.02760925293,12513.580078125,11173100
2025-09-22,12938.846350064001,13012.168108753445,12410.9296875,12410.9296875,5838200
2025-09-24,12513.580152671755,12836.195890982824,12435.370276717556,12806.8671875,5542200
2025-09-25,12684.665144061039,12757.986907899542,12547.7978515625,12547.7978515625,4131400
2025-09-26,12513.579807692307,12889.964825345553,12498.91545635517,12709.1044921875,4750500
2025-09-29,12711.06639404297,12745.394119644165,12460.964393234253,12554.1396484375,4054100
2025-09-30,12554.139984381101,12720.874656048662,12407.021156439134,12559.0439453125,4416200
2025-10-01,12563.9473445012,12814.049340820313,12495.29189453125,12750.2978515625,5492000
2025-10-02,12578.659420677308,12662.026754069711,12382.50098916577,12539.427734375,5274700
2025-10-03,12456.060789087183,12495.292476611869,12313.845921810205,12416.8291015625,3347800
2025-10-06,12456.060889222212,12720.874782142684,12210.862840221775,12617.8916015625,7075600
2025-10-07,12627.699375226231,12701.2587890625,12490.388469398527,12701.2587890625,3182600
2025-10-08,12848.377393319384,12975.88037508515,12578.65954727642,12598.275390625,3765100
2025-10-09,12647.314613507944,12676.738377633981,12343.269050872235,12421.732421875,4382200
2025-10-10,12387.405415762514,12436.445025484456,12147.111328125,12147.111328125,4091200
2025-10-14,11921.529153934602,12299.134149760584,11887.201427041331,12161.8232421875,4698400
2025-10-15,12254.99841401256,12377.597437762184,12176.535038812799,12274.6142578125,3187700
2025-10-16,12122.59135802469,12137.30324074074,11892.10519547325,11916.625,4702900
2025-10-17,11857.777486279572,12284.42208566184,11764.602228943215,12230.478515625,7336500
2025-10-20,12524.716342942334,12715.970821162675,12485.484655102264,12617.8916015625,4976500
2025-10-21,12848.377571221205,12985.6884765625,12598.275565063845,12985.6884765625,6753500
2025-10-22,13044.535721098817,13054.343642693628,12809.14560282335,12853.28125,5433300
2025-10-23,12608.08341639727,12848.377499401342,12583.5636120091,12799.337890625,3198900
2025-10-24,12828.761207651869,12872.89685400847,12593.37109375,12593.37109375,2999600
2025-10-27,12612.987377274905,12936.648795198755,12612.987377274905,12799.337890625,2816000
2025-10-28,12760.106476427543,12809.146086252398,12622.795568917945,12774.818359375,2209900
2025-10-29,12725.777919952063,12921.936346463848,12652.218510010143,12691.4501953125,2914800
2025-10-30,12603.178839532098,12696.354091653153,12407.020414014089,12662.0263671875,4178000
2025-10-31,12745.393986261499,12867.993004982753,12662.026653531046,12794.43359375,3719900
2025-11-04,12828.761433589223,12985.68817895423,12652.218845053592,12696.3544921875,5475200
2025-11-05,13731.090624999999,13991.0005546875,13270.118296875,13485.892578125,15706300
2025-11-06,14162.638611640377,14348.989119688276,13677.146498568216,13834.0732421875,11096000
2025-11-07,13804.649706925904,13834.073471842974,13338.773429072276,13637.9150390625,5368400
2025-11-10,13574.163165983606,13593.779008709016,13113.190861936475,13162.23046875,4114800
2025-11-11,13368.19723406514,13490.79625492047,13275.021978215089,13353.4853515625,3720400
2025-11-12,13353.48495102066,13618.298828125,13309.349304836605,13618.298828125,3545300
2025-11-13,13711.47493310922,13716.378894101033,13343.677858723244,13402.525390625,3633400
2025-11-14,13132.807406186083,13294.638117315335,13122.99948429946,13186.7509765625,2970800
2025-11-17,13240.694515543559,13260.31035927029,13054.344000139614,13172.0390625,1849400
2025-11-18,12995.496641216856,13122.999627130683,12858.18573330966,12946.45703125,2971500
2025-11-19,12863.089012210405,12956.26426620659,12701.258307901238,12779.7216796875,3496500
2025-11-20,13024.919585687383,13122.998799435029,12872.896804378532,13020.015625,2756500
2025-11-21,12946.456913768796,13172.039117569313,12917.033148055685,13044.5361328125,4415900
2025-11-25,13029.823870775177,13039.631792394126,12774.817908682475,12867.9931640625,3185700
2025-11-26,12818.953474009491,13039.631709024958,12765.009905450157,12980.7841796875,2708400
2025-11-27,12966.072812855922,13088.671837183228,12882.705476313355,12917.033203125,1719100
2025-11-28,12990.592196177287,13176.942707107728,12951.360509665616,13024.919921875,2624100
2025-12-01,12946.45674870838,13088.671614508587,12725.778508673578,12814.0498046875,2522400
2025-12-02,12711.066860182666,12912.129260363025,12588.467835682448,12617.8916015625,2587200
2025-12-03,12465.868373573934,12578.659472154657,12338.365392569636,12411.9248046875,3002900
2025-12-04,12460.964549453884,12696.354670813107,12411.924940837378,12627.69921875,2564600
2025-12-05,12333.4617578125,12402.1172109375,12147.1112421875,12259.90234375,3770100
2025-12-08,12147.11086520901,12205.958394632711,12063.743531858767,12083.359375,2749400
2025-12-09,11965.664407169119,11995.088172104779,11632.195071231617,11671.4267578125,5772400
2025-12-10,11455.652458441278,11592.963361196567,11122.183123178433,11357.5732421875,8597400
2025-12-11,10896.600555955318,11293.821368301124,10886.792634662828,11181.0302734375,8791400
2025-12-12,11288.918101122923,11514.50030470748,11279.110179227942,11504.6923828125,7506300
2025-12-15,11396.805076595801,11426.228841853796,11239.878328553175,11274.2060546875,5293600
2025-12-16,11151.607054481003,11342.86152903015,11102.567445622246,11131.9912109375,4089700
2025-12-17,11063.336056294722,11220.262808866279,10886.793459651723,10965.2568359375,4673800
2025-12-18,10788.713835628128,10818.137600634387,10597.45936308745,10774.001953125,5349400
2025-12-19,10710.250407130283,10724.96228955766,10435.62860181925,10445.4365234375,7107100
2025-12-22,10445.436650690886,10469.956455035232,10048.2158203125,10048.2158203125,10226600
2025-12-23,10254.181768790122,10425.820392371017,10136.486712620364,10313.029296875,10389100
2025-12-24,10523.900099574748,10538.611982286176,10200.238679923335,10234.56640625,5652200
2025-12-25,10386.589108782582,10425.820795690166,10273.798008923282,10347.357421875,3387100
2025-12-26,10430.724621587686,10739.674151987321,10391.49293518773,10587.6513671875,6623300
2025-12-29,10592.555538582403,10631.787225762337,10425.82086806768,10533.7080078125,4355700
2025-12-30,10612.171404922723,10636.691209462748,10357.165437706466,10391.4931640625,3616600
2026-01-05,10671.018720657277,10680.826642275528,10327.741464018487,10445.4365234375,6948100
2026-01-06,10435.628706529249,10656.306945154163,10347.357411079283,10646.4990234375,6142800
2026-01-07,10514.092330917874,10523.900252868358,10077.639804121376,10151.19921875,8142200
2026-01-08,10136.486647090649,10165.910410942872,9974.655945903425,9984.4638671875,5601800
2026-01-09,9812.825213085649,10082.543047528283,9799.094123332206,9969.751953125,7163800
2026-01-13,9925.616500471106,9979.56006840845,9638.244402186716,9758.8818359375,15672900
2026-01-14,9906.001225003058,10033.504211067453,9856.96161497829,10023.6962890625,8035600
2026-01-15,10259.08624215012,10455.244678902513,10229.66247663726,10249.2783203125,9129900
2026-01-16,10445.436575421816,10445.436575421816,10239.4702204135,10317.93359375,5990100
2026-01-19,10190.431065850851,10440.533079497816,10151.19937743564,10381.685546875,4169500
2026-01-20,10386.58888541916,10386.58888541916,10214.95025888957,10244.3740234375,3809400
2026-01-21,10102.158922596389,10146.294568374724,9910.904457556944,9984.4638671875,5926200
2026-01-22,10053.119479232098,10067.831361396828,9758.8818359375,9758.8818359375,10837100
2026-01-23,10200.23828125,10440.532356144831,10004.079852764422,10200.23828125,11170200
2026-01-26,10337.54921349916,10371.876938591426,10058.023452033576,10214.9501953125,6447400
2026-01-27,10342.453418674699,10362.069262048193,10053.119728915663,10175.71875,4938600
2026-01-28,10004.079677508607,10008.983638134838,9871.672740600407,9969.751953125,4542200
2026-01-29,9837.345495441987,9856.961338902489,9722.592811198048,9740.2470703125,7699400
2026-01-30,9807.92166521631,10028.599902683678,9779.478692387183,9861.865234375,6586700
2026-02-02,9611.762906922417,9787.324698793755,9585.281519321712,9708.861328125,10491700
2026-02-03,9793.209512377542,9999.175861661395,9700.034259130083,9886.384765625,9984500
2026-02-04,9003.672423520562,9086.058968572383,8636.856139599353,8800.6484375,33990500
2026-02-05,8680.991062596078,8751.608095305028,8537.795412936262,8613.31640625,20690900
2026-02-06,8385.772551062151,8451.48562251492,8166.075118145436,8278.8662109375,21426900
2026-02-09,8483.85256386552,8547.60405712,8373.023044823114,8495.6220703125,13828100
2026-02-10,8680.010263201639,8881.072647829473,8621.162735993492,8758.4736328125,13772100
2026-02-12,8758.473661069516,8770.243166549117,8399.503743941696,8474.0439453125,17104500
2026-02-13,8375.965261274327,8502.487453160085,8189.61474609375,8189.61474609375,13507500
2026-02-16,8336.733290367203,8585.854496926411,8286.712890625,8286.712890625,11125200
2026-02-17,8281.809171627869,8354.387792980364,8195.499459749228,8247.4814453125,6968300
2026-02-18,8336.733359990158,8470.12109375,8269.058700950238,8470.12109375,6985500
2026-02-19,8563.296310456675,8610.374333924998,8374.003424427796,8452.466796875,7414300
2026-02-20,8513.276173285198,8519.160926400373,8346.541501688598,8422.0625,6393300
2026-02-24,8425.005107487048,8559.373640633232,8353.407275956599,8376.9462890625,8333200
2026-02-25,8328.887415213178,8380.869402142795,8250.424038715644,8350.46484375,6796600
2026-02-26,8440.696897667605,8699.626014677164,8393.61887639314,8569.1806640625,10330700
2026-02-27,8819.283209421901,8922.266387467864,8683.933889704349,8822.2255859375,20124000
2026-03-02,8557.41149441543,8628.028529097139,8407.350295716798,8574.0849609375,11648300
2026-03-03,8434.812474528411,8498.563964161476,8344.579596893922,8423.04296875,8095200
2026-03-04,8423.043207560044,8679.029965498234,8420.100831032018,8534.853515625,11323900
2026-03-05,8616.25966486042,8652.548977051636,8381.85032394959,8412.2548828125,10366600
2026-03-06,8417.158730783769,8627.048263338853,8417.158730783769,8513.2763671875,7387900
2026-03-09,8339.675673903019,8445.601226388204,8255.327548775927,8440.697265625,13031300
2026-03-10,8684.91430449904,8973.267190498218,8636.855490165844,8944.82421875,18400600
2026-03-11,9672.572089230203,9896.1926972554,9420.508509131627,9741.2275390625,32505800
2026-03-12,9741.227356450123,10028.599448218134,9548.011308401323,9955.0400390625,18848400
2026-03-13,9807.922004953522,10224.758690164046,9773.594277936185,10023.6962890625,15872300
2026-03-16,10229.6623946086,10234.566355488087,9803.017798093286,9906.0009765625,16856400
2026-03-17,9979.560119255982,9984.464080002546,9566.646624395366,9631.37890625,10822600
2026-03-18,9613.724729823321,9739.266126009546,9447.970855171196,9669.6298828125,10920400
2026-03-19,9513.684315286624,9720.631468949045,9513.684315286624,9547.03125,10748500
2026-03-23,9252.79361565018,9350.872835659191,9097.828448035942,9250.83203125,9610200
2026-03-24,9317.52526409798,9335.179522493112,8665.298495611121,8811.4365234375,15118500
2026-03-25,8717.280792385858,8958.555665802478,8689.81861167177,8807.513671875,11367400
2026-03-26,8729.049996958427,8919.32367104943,8724.146036285978,8817.3212890625,7076900
2026-03-27,8954.632664134562,9131.175257731958,8938.939989148128,9038.0,9073300
2026-03-30,9033.0,9052.0,8775.0,8899.0,8175000
2026-03-31,8969.0,9050.0,8771.0,8775.0,7842400
2026-04-01,8884.0,9075.0,8860.0,9005.0,7542000
2026-04-02,9010.0,9020.0,8638.0,8762.0,9008300
2026-04-03,8798.0,8859.0,8724.0,8736.0,5521500
2026-04-06,8823.0,8873.0,8777.0,8849.0,4549600
2026-04-07,8900.0,8987.0,8818.0,8844.0,6328100
2026-04-08,9050.0,9086.0,8673.0,8707.0,11794600
2026-04-09,8725.0,8726.0,8513.0,8531.0,8552300
2026-04-10,8400.0,8471.0,8290.0,8300.0,12823300
2026-04-13,8200.0,8323.0,8132.0,8297.0,9001400
2026-04-14,8389.0,8404.0,8176.0,8199.0,10058300
2026-04-15,8162.0,8254.0,8143.0,8189.0,10373500
2026-04-16,8269.0,8429.0,8210.0,8324.0,9169100
2026-04-17,8589.0,8670.0,8526.0,8615.0,10716400
2026-04-20,8613.0,8615.0,8448.0,8507.0,5878800
2026-04-21,8495.0,8506.0,8410.0,8429.0,4739700
2026-04-22,8400.0,8420.0,8301.0,8413.0,5956000
2026-04-23,8385.0,8415.0,8173.0,8220.0,7335700
2026-04-24,8070.0,8080.0,7917.0,7953.0,14057800
2026-04-27,7958.0,7973.0,7866.0,7893.0,9397800
2026-04-28,8000.0,8029.0,7877.0,7922.0,7594100
2026-04-30,7975.0,7984.0,7630.0,7687.0,12120700
2026-05-01,7600.0,7626.0,7477.0,7597.0,9732200
2026-05-07,7447.0,7541.0,7361.0,7404.0,16520300
2026-05-08,7664.0,7837.0,7568.0,7667.0,16407000
2026-05-11,6955.0,7302.0,6895.0,7020.0,35863500
2026-05-12,7021.0,7231.0,6950.0,7179.0,17964400
2026-05-13,7175.0,7179.0,7015.0,7141.0,10520900
2026-05-14,7050.0,7100.0,6851.0,6864.0,16036100
2026-05-15,6863.0,7160.0,6849.0,7151.0,12467100
2026-05-18,7172.0,7359.0,7123.0,7182.0,8977500
2026-05-19,7388.0,7670.0,7360.0,7519.0,13758200
2026-05-20,7635.0,7670.0,7429.0,7500.0,11885200
2026-05-21,7357.0,7460.0,7193.0,7274.0,9919500
2026-05-22,7227.0,7419.0,7176.0,7240.0,11574300
2026-05-25,7200.0,7210.0,7024.0,7070.0,8035800
2026-05-26,7078.0,7165.0,7008.0,7060.0,7047900
2026-05-27,7010.0,7174.0,6994.0,7131.0,8602800
2026-05-28,7077.0,7109.0,6931.0,6972.0,11019200
2026-05-29,7055.0,7246.0,6995.0,7148.0,10766100
2026-06-01,7261.0,7314.0,7113.0,7163.0,7981200
2026-06-02,7290.0,7426.0,7218.0,7426.0,9818500
2026-06-03,7150.0,7502.0,7077.0,7457.0,9246500
2026-06-04,7406.0,7480.0,7216.0,7272.0,7210300
2026-06-05,7474.0,7669.0,7471.0,7524.0,10811300
2026-06-08,7700.0,7832.0,7563.0,7640.0,13986700
2026-06-09,7716.0,7898.0,7560.0,7738.0,10947500
2026-06-10,7297.0,7307.0,7073.0,7215.0,17297100
2026-06-11,7215.0,7296.0,7135.0,7144.0,8474300
2026-06-12,7196.0,7218.0,7082.0,7174.0,9964500
2026-06-15,7130.0,7247.0,7060.0,7110.0,7673900
2026-06-16,7110.0,7268.0,7046.0,7218.0,10846200
2026-06-17,7009.0,7359.0,7005.0,7275.0,8486700
2026-06-18,7339.0,7348.0,7088.0,7166.0,8515700
2026-06-19,7115.0,7117.0,7010.0,7076.0,7264000
2026-06-22,7030.0,7116.0,6966.0,7000.0,7444000
2026-06-23,6950.0,6995.0,6879.0,6917.0,8275600
2026-06-24,6895.0,6986.0,6816.0,6858.0,10265500
2026-06-25,6800.0,6895.0,6696.0,6859.0,11263200
2026-06-26,6705.0,6711.0,6544.0,6589.0,13176000
2026-06-29,6764.0,7055.0,6750.0,6935.0,17409400
2026-06-30,6955.0,6962.0,6792.0,6815.0,8965900
2026-07-01,6815.0,7007.0,6802.0,6980.0,6548800
2026-07-02,7160.0,7266.0,7095.0,7137.0,9343000
2026-07-03,7347.0,7477.0,7132.0,7132.0,10058000
2026-07-06,7098.0,7129.0,7007.0,7033.0,7191000
2026-07-07,7106.0,7199.0,7083.0,7148.0,8083400
2026-07-08,7147.0,7276.0,7085.0,7085.0,7234300
2026-07-09,7000.0,7183.0,7000.0,7120.0,5481400
2026-07-10,7097.0,7100.0,7004.0,7030.0,6895400
2026-07-13,7068.0,7115.0,6952.0,7106.0,8096900
2026-07-14,7154.0,7170.0,7022.0,7050.0,5961600
2026-07-15,7068.0,7119.0,7014.0,7014.0,5531100
2026-07-16,7039.0,7120.0,6990.0,7080.0,8822800
2026-07-17,7163.0,7429.0,7150.0,7294.0,12157200
2026-07-21,7060.0,7060.0,6916.0,6993.0,13891700
2026-07-22,6927.0,7055.0,6905.0,7003.0,8495800
2026-07-23,6972.0,7001.0,6911.0,7001.0,6759500
2026-07-24,6950.0,7025.0,6910.0,6969.0,4921600
2026-07-27,7092.0,7431.0,7071.0,7431.0,11520800
2026-07-28,7468.0,7659.0,7433.0,7659.0,14524300
2026-07-29,7714.0,8058.0,7618.0,7986.0,18827900
2026-07-30,8123.0,8245.0,7935.0,8145.0,13267300
2026-07-31,7600.0,7765.0,7439.0,7679.0,18014300
2026-08-03,7636.0,7695.0,7414.0,7589.0,8268900
2026-08-04,7650.0,7699.0,7524.0,7558.0,5624900
2026-08-05,7500.0,7545.0,7403.0,7428.0,7249200
2026-08-06,7470.0,7545.0,7416.0,7470.0,1865200
