Date,Open,High,Low,Close,Volume
2015-01-05,2170.259411353346,2215.478132299885,2165.4743031064804,2192.98828125,1625400
2015-01-06,2107.814001325029,2111.402787833963,2080.2998546007257,2087.716796875,3088200
2015-01-07,2025.272514041351,2032.4500891942043,2008.5247218621812,2030.5360107421875,3609000
2015-01-08,2039.6273812308316,2082.6928261701305,2038.1918663995216,2064.509521484375,2092500
2015-01-09,2105.18221420435,2112.5989814142413,2081.2570286764567,2087.23828125,3111600
2015-01-13,2043.4551846754284,2045.6084567351495,2018.3336773120143,2045.3692626953125,2986800
2015-01-14,2007.0890094994777,2021.4441583938208,1987.7095584921146,1997.0404052734375,2418300
2015-01-15,1978.139391332426,2001.8253854956952,1975.5075557919272,1996.5618896484375,3005100
2015-01-16,1973.8328915135412,1985.556204215525,1955.1711987210494,1976.943115234375,3756000
2015-01-19,2024.0755980745769,2032.210122445198,1996.80082051187,2003.9783935546875,2251500
2015-01-20,2006.6106292412705,2038.191956932884,2003.9787935223856,2024.5545654296875,1801500
2015-01-21,2021.683216923527,2042.0196163198057,2005.4139922662696,2021.44384765625,2097000
2015-01-22,2080.0617682265547,2085.564635548477,2069.5345971166457,2077.429931640625,3208500
2015-01-23,2105.182476611513,2107.3357488344363,2084.6067058478857,2087.956298828125,1676100
2015-01-26,2050.3938829315757,2052.0685919382518,2027.9040322111825,2037.95263671875,1908900
2015-01-27,2083.8894518662637,2101.355003160688,2074.0802150812806,2086.042724609375,2231100
2015-01-28,2050.3935963929175,2060.681393539808,2041.5411387413374,2046.8048095703125,2626500
2015-01-29,2010.9172569139505,2027.1863095736794,1998.2368164062498,1998.23681640625,2083200
2015-01-30,2031.4927178084856,2039.866612890055,2017.855326659678,2027.9039306640625,1402800
2015-02-02,1971.4401409565962,1973.8326069173777,1939.141061934312,1945.122314453125,1927500
2015-02-03,1938.4236462064769,1959.238611911017,1916.6515537619869,1924.7862548828125,1944300
2015-02-04,1966.654885805495,2001.3464281779336,1966.654885805495,1995.6043701171875,2625300
2015-02-05,1997.7580090240945,2009.7206905936357,1962.5878969387059,1968.3299560546875,2289600
2015-02-06,2033.6461865805263,2037.7135374817647,2000.6293416618362,2009.242431640625,2304600
2015-02-09,2064.7491558985766,2076.472470115001,2027.9041536747857,2043.2164306640625,3071100
2015-02-10,2013.0705765933405,2040.8237495389708,1970.0051269531248,1970.005126953125,2550600
2015-02-12,2021.683369062557,2028.143185558129,1994.6477823550272,2011.634765625,2865900
2015-02-13,2006.6110081962652,2037.2352149188093,2002.5436568141743,2022.640869140625,2669100
2015-02-16,2033.646175497283,2044.8911013195611,1995.605028298288,1997.75830078125,1869300
2015-02-17,1987.9492486174554,2020.0089694995488,1983.4033339114458,2019.769775390625,1533000
2015-02-18,2052.307582449681,2068.0982451096042,2046.5655233006178,2066.902099609375,2423400
2015-02-19,2071.9261064894145,2081.4961452979373,2056.613834115322,2059.48486328125,1850400
2015-02-20,2162.8423651365356,2170.019939550964,2141.7882052654622,2166.43115234375,2761200
2015-02-23,2167.6276536743085,2175.5229861876915,2142.506141131725,2166.192138671875,2015400
2015-02-24,2153.2723608481538,2165.2350434863392,2147.5303012192253,2162.364013671875,1492800
2015-02-25,2184.375012857246,2205.4293472341374,2180.0684683574837,2201.122802734375,1901700
2015-02-26,2174.3268820219523,2192.031627228114,2169.3025790125885,2187.00732421875,1183200
2015-02-27,2179.828880021071,2180.5466373078743,2139.1559086909906,2150.87939453125,2275500
2015-03-02,2174.327140985601,2197.5347554249383,2173.6093833273494,2185.093505859375,1760700
2015-03-03,2226.483962278527,2228.1586715156604,2196.5773387173836,2207.822265625,1907700
2015-03-04,2126.954637685511,2137.7210000392065,2123.126656148784,2129.10791015625,2297400
2015-03-05,2107.814272328766,2117.3843125051135,2096.8085421305404,2105.421630859375,1307700
2015-03-06,2112.5990900441648,2123.8440136850118,2111.402944608182,2116.42724609375,1511400
2015-03-09,2080.5395501005446,2094.6553290933284,2070.2515770058963,2075.27587890625,1518600
2015-03-10,2116.1879110053965,2130.064670250289,2092.741287183133,2101.832763671875,2329200
2015-03-11,2076.7115057035744,2099.9191135075444,2062.117162569779,2080.30029296875,1426500
2015-03-12,2080.5396738239947,2104.943427362645,2079.5825470588,2091.784423828125,1178400
2015-03-13,2122.8875784351376,2134.132329576234,2097.287501468425,2128.629638671875,5718900
2015-03-16,2117.3844652030407,2149.68355026546,2115.9489503113778,2139.395751953125,1863600
2015-03-17,2177.197265625,2187.9636260185857,2174.087042144763,2177.197265625,1893600
2015-03-18,2153.751013298518,2166.192084597789,2131.7397253994145,2144.420166015625,2544600
2015-03-19,2148.487060546875,2156.8609551678687,2131.0216891492187,2148.487060546875,2392800
2015-03-20,2143.702519913387,2149.92296826934,2129.8257576927576,2149.444580078125,1327500
2015-03-23,2136.2855278536267,2149.444532260925,2133.6538671591798,2142.027587890625,984000
2015-03-24,2124.800951778145,2128.8683018427178,2104.943115234375,2104.943115234375,1642800
2015-03-25,2114.0349328046764,2122.8873917135306,2103.029376730196,2106.6181640625,1936200
2015-03-26,2016.897895302338,2016.897895302338,1981.9669836628534,1984.8380126953125,3797400
2015-03-27,2026.329832775233,2031.154486509154,1980.9785823858072,2013.062255859375,3819300
2015-03-30,2015.4746021653245,2029.2246981944597,2013.0623635103368,2017.8868408203125,2145300
2015-03-31,2044.1812359954984,2044.1812359954984,2018.1284194829939,2021.988037109375,2639400
2015-04-01,2012.5799416778132,2016.1983881748965,1981.7024726753818,1990.8692626953125,3021900
2015-04-02,2011.3739040709431,2014.2686615134448,1987.492155170304,2001.9659423828125,2126400
2015-04-03,1985.8032095241704,2006.5490259520514,1980.7373850100782,1999.3121337890625,1031400
2015-04-06,1985.0795126769954,1985.0795126769954,1957.5793225633513,1979.048828125,1263300
2015-04-07,1976.15414374991,2000.7595779119345,1967.711043721901,2000.035888671875,1938600
2015-04-08,1978.0838107679524,1978.0838107679524,1967.95216167944,1972.53564453125,2161200
2015-04-09,1985.3208918995979,1996.6587496620277,1985.0797210304247,1986.527099609375,1196400
2015-04-10,2008.237842861751,2010.8914292357956,1983.3912353515625,1983.3912353515625,3689700
2015-04-13,1998.5887143319003,2005.8256074716876,1987.492027062919,1991.1104736328125,1271100
2015-04-14,1959.0269792200827,1979.5314509545533,1956.855911271187,1962.8865966796875,1694100
2015-04-15,1946.7245184609824,1948.4130681951442,1930.3208328934622,1945.518310546875,2511300
2015-04-16,1954.2027366255036,1970.6064234784376,1929.8386422980273,1940.45263671875,3630000
2015-04-17,1894.136114828596,1899.2019400512368,1865.9122314453125,1865.9122314453125,3410700
2015-04-20,1860.6054976580342,1869.0485997800906,1845.6491907600455,1851.6800537109375,2044200
2015-04-21,1877.7326448950535,1899.4433248462476,1865.4299262560432,1897.513427734375,1934400
2015-04-22,1920.1889609372156,1927.1846833456643,1908.127589907157,1925.7373046875,1895700
2015-04-23,1915.3643284163118,1915.3643284163118,1886.65792845518,1901.1317138671875,4019100
2015-04-24,1887.1408915322863,1902.8207116353165,1879.1803076799197,1884.4873046875,1601400
2015-04-27,1865.1884070366966,1865.4297545796978,1850.7146217345962,1856.7454833984375,1836600
2015-04-28,1640.3626127351508,1640.3626127351508,1567.511158067626,1581.7437744140625,49414200
2015-04-30,1580.0549078880929,1604.1780022681573,1568.2347082519532,1592.116455078125,24794700
2015-05-01,1591.3927731080482,1593.3226701382878,1570.1646125032457,1589.7042236328125,17001600
2015-05-07,1577.6427886094164,1593.3227834758243,1567.993656135765,1588.2569580078125,13731900
2015-05-08,1600.8009722006816,1635.7792347306015,1600.0772827919109,1625.6475830078125,17467800
2015-05-11,1647.5994981910394,1716.10863966519,1645.1870825417152,1708.389404296875,26571000
2015-05-12,1722.1395529074634,1763.3898475532549,1704.529660212211,1743.60888671875,16328100
2015-05-13,1736.8543709406445,1776.174765166563,1734.9244738567227,1762.666015625,12769500
2015-05-14,1765.5608862059867,1786.7890487634852,1749.3983725401647,1761.21875,8316000
2015-05-15,1757.841705342335,1760.9776341208278,1728.8941268270228,1736.3721923828125,7940100
2015-05-18,1738.3019409077758,1771.8328242544394,1732.753596607054,1744.573974609375,4790700
2015-05-19,1748.9158407309876,1760.9772110936174,1737.0954645554293,1757.3587646484375,4862100
2015-05-20,1773.039172742383,1787.512961907627,1766.525967618023,1784.859375,6117900
2015-05-21,1785.099999779754,1793.54292225275,1765.8015631464732,1767.4901123046875,4824300
2015-05-22,1783.1702452549882,1815.253741910104,1774.9684929559662,1811.1529541015625,7866600
2015-05-25,1811.8768763713085,1823.9382471832362,1811.8768763713085,1819.11376953125,4000800
2015-05-26,1835.7588952540914,1872.1845373180945,1831.6579296297245,1853.12744140625,8723700
2015-05-27,1841.789474713041,1873.6318074782173,1828.5218949548769,1852.885986328125,6705300
2015-05-28,1874.3555443736852,1914.640979832725,1866.1537900747958,1892.9302978515625,7934400
2015-05-29,1894.13585029345,1931.7676895488294,1893.8946794486126,1917.052734375,7247400
2015-06-01,1916.8115635301626,1930.32031111593,1897.5131255308606,1917.052734375,6395700
2015-06-02,1913.6758168211604,1924.2899862069528,1900.8907560621974,1902.338134765625,5155500
2015-06-03,1891.482158199906,1902.0961473332075,1871.9425522767099,1879.179443359375,4916700
2015-06-04,1903.303104506338,1944.553399927198,1901.614554815852,1927.426025390625,6331800
2015-06-05,1898.7194378574538,1922.6011833176726,1877.9736202808567,1882.0745849609375,5780700
2015-06-08,1904.5089111328125,1913.9168712642013,1884.7279540942377,1904.5089111328125,4486500
2015-06-09,1884.2463387827854,1893.412954913069,1859.882066053323,1863.9830322265625,3749400
2015-06-10,1864.2239756376996,1877.009214488839,1824.1798859866838,1834.0701904296875,5481300
2015-06-11,1838.894541120915,1879.4211425781252,1835.7586129973797,1879.421142578125,4417200
2015-06-12,1881.1101936050609,1893.4129151846264,1870.4961986577548,1891.724365234375,6081300
2015-06-15,1857.710548280058,1877.4913314791686,1842.995590495034,1873.6317138671875,3292200
2015-06-16,1864.706561533718,1894.860171149338,1850.9564618376683,1855.0572509765625,4020300
2015-06-17,1854.57420248472,1858.9163375763737,1838.8942113153278,1855.5390625,3579600
2015-06-18,1867.6012345431507,1870.013473731884,1839.1359993789506,1847.5791015625,4448700
2015-06-19,1881.592522549901,1919.948062432649,1869.5309731267382,1916.8121337890625,9068400
2015-06-22,1916.811789639974,1917.535478941791,1890.276456346031,1900.890625,4177800
2015-06-23,1927.4258668166722,1978.0841201832852,1923.8074201476284,1960.715576171875,6760800
2015-06-24,1973.0185079894504,1992.558122113128,1950.5841362178205,1958.0623779296875,4412400
2015-06-25,1945.759549725155,1966.022852134009,1937.7989666359622,1953.9613037109375,2406300
2015-06-26,1953.9609538455722,1972.2943557531048,1939.4871690022717,1952.99609375,3959400
2015-06-29,1873.632119382498,1909.8165944574787,1867.3600848088322,1870.013671875,4803900
2015-06-30,1876.0440226243354,1877.97391984315,1853.6096520982708,1868.80712890625,3669000
2015-07-01,1870.4961036343077,1917.2945714382117,1869.5310665557536,1912.4700927734375,4298400
2015-07-02,1936.3517309947463,1963.369410642582,1930.0796970821107,1951.307861328125,4617300
2015-07-03,1950.1012738916963,1984.1146671765403,1944.070412613517,1978.8074951171875,3632700
2015-07-06,1942.6232198203138,1954.202248428073,1901.372930405171,1921.63623046875,4469700
2015-07-07,1928.8732454842896,1966.02274907445,1922.842559929872,1960.715576171875,5237100
2015-07-08,1934.66267688798,1947.447913462321,1869.5306396484375,1869.5306396484375,6693900
2015-07-09,1809.2233292661851,1897.9959461828346,1802.46895439758,1897.513427734375,6697800
2015-07-10,1918.7420881083476,1922.3605357076733,1841.7898280566953,1863.9830322265625,6186000
2015-07-13,1900.1670052218697,1902.0967256426811,1828.5217617206154,1856.98681640625,6277800
2015-07-14,1905.232466984442,1950.1011967774057,1887.863926419424,1940.6932373046875,5144700
2015-07-15,1953.9614902063145,1974.2247945491947,1943.8298380348742,1950.8255615234375,6113700
2015-07-16,1951.549000529689,1951.549000529689,1879.6624075121124,1888.3466796875,6904800
2015-07-17,1881.591911360639,1904.0262764576312,1838.4117303982569,1851.920654296875,6040800
2015-07-21,1833.3462402282967,1846.8551665895018,1804.6400146484375,1804.6400146484375,6796200
2015-07-22,1786.7890833412728,1794.025977157965,1774.245192952999,1780.27587890625,4691400
2015-07-23,1796.438190501191,1804.39877358566,1766.0432369059454,1779.7933349609375,4185000
2015-07-24,1767.7320044778098,1800.5391978490184,1765.3195887291467,1796.438232421875,3182400
2015-07-27,1796.4381112211638,1815.495381612754,1750.1219935009933,1783.1705322265625,5226600
2015-07-28,1777.1400785505825,1803.916587602012,1771.3505630800032,1794.990966796875,4342800
2015-07-29,1651.217814225893,1659.1783965379389,1588.498015903668,1589.7042236328125,17754000
2015-07-30,1592.1166468473134,1619.375672573692,1590.428097176468,1616.9632568359375,8046300
2015-07-31,1622.2702719165934,1665.691630778165,1621.546582602234,1650.2528076171875,5758800
2015-08-03,1637.9499962304933,1646.6342675095036,1614.7919394864653,1618.6517333984375,4587000
2015-08-04,1612.6210276133659,1616.2394743295379,1592.1165551157135,1594.7701416015625,6695400
2015-08-05,1600.8008873117765,1652.424003505898,1599.1123376748485,1614.309814453125,6180300
2015-08-06,1612.6210881342217,1627.3362231202188,1592.3577857631867,1614.309814453125,5172900
2015-08-07,1616.2394888922938,1627.0948291386196,1609.0025953947434,1620.3404541015625,3495000
2015-08-10,1604.660429847505,1615.998288346252,1593.0814004639224,1599.5946044921875,5466900
2015-08-11,1623.717640736802,1640.1211473085536,1605.3840604291352,1609.7261962890625,5347200
2015-08-12,1604.177765813075,1606.1074858680308,1540.9754586698118,1542.6641845703125,7299600
2015-08-13,1553.5201392668002,1596.2178184944378,1546.5244154145992,1590.91064453125,6122400
2015-08-14,1570.8883300960676,1573.541739793232,1536.151243017889,1545.5592041015625,6792300
2015-08-17,1553.2782252363347,1570.8881139113116,1551.8308468072648,1567.0283203125,3080100
2015-08-18,1555.9319958208005,1577.8838457050615,1548.9362736897908,1563.892578125,3444600
2015-08-19,1561.239084165896,1562.445291965216,1541.4583010124643,1543.1468505859375,3660600
2015-08-20,1530.603189428472,1549.4191151613988,1499.0020244958403,1530.8443603515625,4706100
2015-08-21,1473.9138447615444,1495.6246121006852,1473.6726738888842,1476.326171875,5706900
2015-08-24,1438.452906431963,1474.396196492463,1424.9440704740857,1438.9354248046875,6731400
2015-08-25,1398.8913589477538,1531.5676662240176,1395.0316533939913,1447.3785400390625,9643800
2015-08-26,1437.9705463441956,1505.2736469028318,1432.4222915157436,1503.34375,5595900
2015-08-27,1521.9184602128637,1538.0807942233469,1508.1683647568273,1516.3701171875,4212000
2015-08-28,1540.493461028466,1581.2612356704494,1531.809188795951,1562.4453125,7159800
2015-08-31,1547.971069163684,1562.6860227707216,1520.4708818667134,1538.5631103515625,3491700
2015-09-01,1538.5633713272307,1541.2169575157573,1504.3088051461955,1506.238525390625,3963300
2015-09-02,1490.7999902061233,1536.8749355288112,1485.7341649966852,1500.931640625,5803500
2015-09-03,1527.708141043527,1538.8046516249863,1513.4755256484236,1519.74755859375,4035000
2015-09-04,1530.3616777476943,1535.9098445173588,1466.9181910859718,1482.83935546875,4053000
2015-09-07,1482.839524145116,1524.5723368502524,1481.150886162409,1506.4801025390625,3945900
2015-09-08,1516.128974361696,1535.6685840551404,1492.2472291808197,1498.0367431640625,4448100
2015-09-09,1542.9056996859063,1589.7043367129586,1531.3266700447361,1588.2569580078125,5029500
2015-09-10,1526.9845503458268,1563.1690183635005,1525.2960007323263,1561.48046875,4404000
2015-09-11,1515.405246729104,1537.5984419967037,1493.6945698418674,1501.6551513671875,11314200
2015-09-14,1495.8658702164546,1508.6511074883624,1494.1773206454359,1496.348388671875,4045200
2015-09-15,1510.8220981289069,1525.7782259792168,1503.1026866474197,1503.585205078125,4650900
2015-09-16,1529.3969122673209,1565.3402122816692,1527.4671916058974,1552.0726318359375,3013200
2015-09-17,1568.9581559142298,1580.2960120603543,1557.1379580985208,1560.03271484375,2478600
2015-09-18,1535.9097254441574,1541.2168976149424,1500.2077821264143,1503.1025390625,4819200
2015-09-24,1458.2339676466177,1468.8480481378294,1399.6151332151655,1432.18115234375,8241300
2015-09-25,1439.9003217417755,1456.062744140625,1399.8562428744337,1456.062744140625,4670400
2015-09-28,1436.3561325119022,1460.2502712714393,1420.098285362119,1431.6759033203125,3554700
2015-09-29,1402.8553842942147,1406.0576278606652,1359.5010585984296,1362.45703125,5003100
2015-09-30,1365.6592632350123,1400.6383004077802,1365.1666312328448,1382.9024658203125,4208700
2015-10-01,1390.5387680274862,1476.261974712663,1383.3951975400967,1451.382568359375,6362400
2015-10-02,1432.414970703645,1477.493549230904,1416.6497547009087,1463.9453125,3841200
2015-10-05,1479.2180965019359,1505.0828597475684,1468.1331979680936,1483.159423828125,4073400
2015-10-06,1503.8507674896396,1523.5573077927088,1495.4754833503798,1507.0531005859375,4265100
2015-10-07,1499.663723047016,1561.246526317177,1497.2003820492846,1552.6248779296875,3305700
2015-10-08,1553.3636869818702,1607.0639189833337,1553.3636869818702,1578.982177734375,4643100
2015-10-09,1613.4685685622862,1641.7967640015497,1590.8062287128084,1633.42138671875,6882600
2015-10-13,1611.4980922902878,1616.1783229810137,1586.3723204652515,1588.8355712890625,4324800
2015-10-14,1583.9087247630907,1583.9087247630907,1534.1499086116403,1536.6131591796875,5543700
2015-10-15,1536.1205575908677,1558.0439017560927,1519.8627075536972,1543.2640380859375,4507800
2015-10-16,1563.2170605842189,1563.9560538653677,1529.716091978229,1550.6541748046875,3544800
2015-10-19,1539.8156301903073,1550.4078064150158,1510.9948038276043,1516.1678466796875,4091100
2015-10-20,1529.2230430095126,1541.0469329823134,1522.8185562197407,1529.9620361328125,2548200
2015-10-21,1549.175981209484,1600.6592330553622,1547.2054530019507,1591.5450439453125,4098600
2015-10-22,1572.3312081581983,1635.8846213164068,1571.34576364435,1597.7032470703125,4691400
2015-10-23,1660.2717403654087,1669.8786536486155,1637.6092181220029,1638.594482421875,4013700
2015-10-26,1693.0334388383653,1703.133072816339,1673.3268931603045,1677.268310546875,3967800
2015-10-27,1654.112997931413,1662.4883742004822,1629.2336812980902,1661.5029296875,4498500
2015-10-28,1726.7806435930772,1787.1316278714746,1724.3172129241586,1770.873779296875,8663400
2015-10-29,1760.0353693543796,1793.7826021003852,1745.5017776203274,1774.322509765625,6994200
2015-10-30,1774.3225304954326,1821.3718205841233,1763.73035562009,1799.2020263671875,5310900
2015-11-02,1784.4221646615422,1813.7354389765997,1779.002761348546,1803.635986328125,3341700
2015-11-04,1822.8496259924652,1863.740515573543,1818.4156675890388,1836.64404296875,4289400
2015-11-05,1851.9166671533903,1866.4502579342022,1839.1075138461433,1853.3946533203125,3148800
2015-11-06,1845.019856097906,1846.9903844662767,1806.3457561173916,1839.10791015625,3417900
2015-11-09,1856.5973879638157,1899.9517204750312,1854.380408126622,1888.8668212890625,4778100
2015-11-10,1862.7551567563912,1909.0652663326416,1862.7551567563912,1907.5872802734375,2873400
2015-11-11,1904.8778350090997,1918.672251830075,1894.2854808857974,1908.080078125,2265600
2015-11-12,1905.3705164487951,1930.4962822939144,1905.3705164487951,1919.6578369140625,3175500
2015-11-13,1886.1569415558902,1923.353053379201,1879.9987249495387,1922.121337890625,3667800
2015-11-16,1875.0719962952767,1890.8373046471352,1862.5091120495895,1880.7376708984375,3673200
2015-11-17,1916.7017355099554,1944.7834719181603,1911.03606188468,1923.84521484375,3931500
2015-11-18,1909.065550634802,1921.3821631017934,1890.8371734688217,1904.631591796875,4969500
2015-11-19,1923.107074404385,1946.01586952576,1909.8051933661673,1941.5819091796875,4410000
2015-11-20,1941.0888719958396,1953.1590341636477,1917.1946381700345,1934.6842041015625,3705600
2015-11-24,1921.3823861662754,1933.4525487091794,1910.05121684882,1928.0333251953125,4111200
2015-11-25,1916.7019259720364,1933.4523167941716,1915.2239396984216,1921.8748779296875,3352200
2015-11-26,1929.265270569863,1963.258962990624,1926.5555682809522,1929.7578125,4946700
2015-11-27,1952.6664439862977,1963.7513427734375,1939.118294496996,1963.7513427734375,3861600
2015-11-30,1967.2003491824312,2024.1028386215924,1967.2003491824312,2019.422607421875,7381800
2015-12-01,2039.6213621395516,2081.4977062842568,2037.8971047022878,2075.83203125,7021800
2015-12-02,2063.2688471935185,2067.210083801368,2018.436536553957,2036.4188232421875,3787500
2015-12-03,2030.753232518352,2045.7793668456513,2009.076159656604,2019.6683349609375,4348800
2015-12-04,1979.5168170001484,2001.6866164174535,1976.3143923610112,1991.833251953125,3705300
2015-12-07,2039.6209360080184,2043.8086236730505,2006.3662468339744,2009.81494140625,2583000
2015-12-08,2027.0579566388496,2034.6941580932921,1985.1816232428355,1993.310546875,2445900
2015-12-09,1993.5574524076264,1999.7156691502876,1968.9242246004453,1978.777587890625,2983200
2015-12-10,1941.8280333366793,1944.2912840854904,1912.5145736272325,1920.8897705078125,4259100
2015-12-11,1920.39672681345,1961.5338876191042,1918.9187406667024,1957.5926513671875,6188100
2015-12-14,1902.4144646563402,1916.2090623314966,1875.0717206122733,1905.8631591796875,3481800
2015-12-15,1887.1419834432593,1898.7194209761224,1873.5936572146038,1874.5791015625,2968500
2015-12-16,1910.0512458505118,1921.1361444005504,1877.7818143765314,1882.70849609375,4495200
2015-12-17,1926.5551502650396,1963.504807922597,1877.0426090039127,1879.505859375,6531300
2015-12-18,1884.4323193359373,1918.426000390625,1842.8024367344617,1847.482666015625,6822600
2015-12-21,1827.0372207781602,1828.7616582966273,1786.1463292346396,1811.2720947265625,5010000
2015-12-22,1843.7884803408008,1846.7444538563773,1802.6511221095936,1815.9530029296875,2509200
2015-12-24,1822.85040502535,1833.9353057712779,1793.5369406911275,1794.0296630859375,2355300
2015-12-25,1794.0296630859375,1794.0296630859375,1794.0296630859375,1794.0296630859375,0
2015-12-28,1795.9998589569855,1824.5743246121392,1795.014594768281,1808.562744140625,2391600
2015-12-29,1800.6803446942233,1808.809270739409,1783.190777003033,1804.62158203125,1872600
2015-12-30,1814.7208834434612,1835.6589622996805,1800.926284671627,1803.635986328125,2780400
2016-01-04,1783.683123959034,1803.3894869153348,1750.4284334997537,1755.84765625,3158700
2016-01-05,1751.6600809672225,1778.510286379039,1720.3760969608743,1740.0826416015625,3471300
2016-01-06,1749.9356374281824,1759.2962767092424,1719.6369207328464,1733.4315185546875,2593800
2016-01-07,1726.7810491502735,1736.6342328853725,1658.5472150403186,1659.7789306640625,4749600
2016-01-08,1638.3476635323063,1749.1966258822592,1637.1159482556736,1721.8538818359375,7395900
2016-01-12,1707.074215873998,1733.6779698876187,1687.6141226145635,1693.7723388671875,4945500
2016-01-13,1724.5636903408472,1765.9473055206558,1721.6077178280036,1762.9913330078125,3785400
2016-01-14,1705.5965369264025,1721.6081185707728,1661.7496612522984,1695.9896240234375,4761600
2016-01-15,1735.8948804391807,1744.023804953796,1661.0103026257777,1669.385498046875,4197600
2016-01-18,1627.7557951238975,1677.0218895842925,1618.8878764708343,1665.197998046875,2877300
2016-01-19,1661.749066518351,1689.8308018766668,1638.5938311195216,1689.5843505859375,2302200
2016-01-20,1696.7283032465798,1716.6811186593227,1620.8582783278437,1629.7261962890625,4750500
2016-01-21,1678.9927555543088,1738.8512120683488,1645.4917865336156,1646.47705078125,6301800
2016-01-22,1720.376142918304,1739.8362367437392,1684.1654766799033,1739.5899658203125,4137600
2016-01-25,1758.310764035885,1760.281472339122,1718.8978608987397,1739.8359375,2895000
2016-01-26,1705.596114514546,1714.217761021379,1686.8750156847073,1700.66943359375,3176100
2016-01-27,1725.3029109978625,1757.5721615731657,1719.3909651925223,1740.5753173828125,2999100
2016-01-28,1739.8361500559627,1835.9052597793375,1738.358163752526,1778.2637939453125,5904600
2016-01-29,1780.2341824455698,1857.0894564075204,1752.3987185955857,1841.077880859375,6147300
2016-02-01,1946.0154221238877,1958.0857650142389,1878.7670390026365,1890.098388671875,5246100
2016-02-02,1883.6936243422276,1909.0656634975971,1846.0049719917163,1855.858154296875,3433200
2016-02-03,1844.0343630329671,1845.2660785445325,1737.8657902330917,1742.5460205078125,5544900
2016-02-04,1732.9389358148344,1732.9389358148344,1693.5260279755196,1696.728271484375,4973700
2016-02-05,1672.095398253343,1680.9633169587205,1638.1017098827301,1674.3123779296875,3843900
2016-02-08,1663.4736832385017,1694.7576683784077,1627.2630166553447,1685.1507568359375,2887500
2016-02-09,1615.9318445639308,1615.9318445639308,1573.809232500426,1585.87939453125,3666300
2016-02-10,1599.427887388773,1599.427887388773,1512.9657552688911,1542.7718505859375,5991300
2016-02-12,1477.9866337484718,1531.6868749140965,1469.3650751213208,1511.2413330078125,6705900
2016-02-15,1571.5922629791369,1627.016752891196,1559.7683717978975,1610.512451171875,3984600
2016-02-16,1576.5186561808298,1624.5532108187124,1571.5921554711617,1599.920166015625,3237900
2016-02-17,1661.5028321242964,1674.8047085041692,1611.7440213612254,1644.75244140625,5167500
2016-02-18,1677.2683877511934,1729.244185612369,1664.7055026420435,1715.4495849609375,6427500
2016-02-19,1724.071261201474,1724.071261201474,1687.3678694548169,1707.567138671875,4403400
2016-02-22,1699.4383608223732,1745.2559465488594,1681.9487921529403,1737.373291015625,4309200
2016-02-23,1747.7188260781115,1771.1203363200548,1712.7398765905957,1724.071044921875,3235500
2016-02-24,1699.684564070978,1699.684564070978,1659.0399331910198,1692.787353515625,3210900
2016-02-25,1692.2945597017153,1719.3910392832352,1649.9256730771385,1672.5880126953125,5774400
2016-02-26,1681.9486500835835,1729.7369407614117,1681.209656827835,1692.2945556640625,7351200
2016-02-29,1694.757728812071,1736.6340715273298,1678.4998779296875,1678.4998779296875,4208100
2016-03-01,1708.5524336731423,1716.1886372943661,1652.635216318635,1691.0628662109375,3233100
2016-03-02,1742.2996147308181,1794.0291363573124,1740.328906148486,1777.278564453125,4601100
2016-03-03,1777.5251265756174,1805.3606005313975,1771.1206383657543,1785.654052734375,3040200
2016-03-04,1753.876868407673,1776.785654131673,1749.9356320784395,1761.759521484375,3389400
2016-03-07,1778.017740036291,1785.4076724553943,1753.8772339944624,1770.6278076171875,2288700
2016-03-08,1768.6567219851365,1773.3371317988288,1727.02683836702,1754.8623046875,2787900
2016-03-09,1749.1964961125416,1801.4187301958798,1733.6776425348637,1793.7823486328125,4956000
2016-03-10,1822.8500454986745,1825.313296150277,1788.6099052245656,1798.955810546875,3504900
2016-03-11,1763.4841290853951,1802.6507705278796,1745.994742808164,1796.4925537109375,8148600
2016-03-14,1825.3126970714575,1844.772785794219,1819.8934752492457,1843.2947998046875,2473200
2016-03-15,1827.7764858328424,1837.1371266659226,1801.1727301771814,1805.606689453125,2486100
2016-03-16,1788.363317087156,1792.7972757245623,1768.9032254290642,1772.10546875,3015600
2016-03-17,1785.1611706146562,1817.1841468160405,1756.8329797266542,1773.3372802734375,2493300
2016-03-18,1769.6424723894245,1779.7419260112285,1722.5931777372314,1743.7777099609375,2935200
2016-03-22,1788.3636722399283,1795.5073338249397,1748.2117656334706,1773.830078125,2684700
2016-03-23,1779.2490400162717,1805.6063392095305,1776.7856095064164,1793.04345703125,2796000
2016-03-24,1799.6947053069273,1802.8971294388755,1768.1644491859415,1768.9034423828125,2456700
2016-03-25,1782.205371376107,1803.8824456373522,1774.3227169091697,1799.448486328125,1729800
2016-03-28,1816.4454185351742,1825.3133375841662,1786.885688371868,1800.433837890625,2023200
2016-03-29,1798.6828173422352,1822.9487127840098,1791.177882336949,1807.9388427734375,1832400
2016-03-30,1818.946534906165,1837.7088764736677,1799.1834129710674,1801.6851806640625,2535000
2016-03-31,1833.2053493025317,1850.4666982227934,1821.6976612050669,1835.20654296875,3352200
2016-04-01,1841.9610051427144,1847.4647458532738,1745.6477414191759,1755.154052734375,4349100
2016-04-04,1728.6367422462679,1743.89689985315,1701.3688711128982,1722.3826904296875,2884200
2016-04-05,1703.6199892208367,1711.1249230940562,1658.8404893686518,1671.598876953125,4101300
2016-04-06,1666.0954434990722,1685.6082730175299,1651.836068081738,1668.346923828125,1952400
2016-04-07,1665.3452654456682,1699.6178669094643,1654.838355253582,1695.6151123046875,2612400
2016-04-08,1683.3567840146345,1783.672801456401,1668.0968118272197,1758.4061279296875,4923600
2016-04-11,1744.3969146087627,1763.4095378567656,1715.3779561370836,1746.898681640625,2760300
2016-04-12,1752.1520581734555,1795.180287146813,1741.8952535400306,1781.9215087890625,2303100
2016-04-13,1814.6930042745287,1850.966790127785,1809.4395505814261,1845.963623046875,2877900
2016-04-14,1869.4789988118227,1884.7389697086178,1859.2221949355942,1870.2294921875,3318600
2016-04-15,1877.234307118458,1898.7485147375728,1858.221866596929,1866.477294921875,3676200
2016-04-18,1796.1807284129698,1826.9509564223092,1784.9233279217478,1798.6824951171875,2884500
2016-04-19,1873.4818606366177,1888.7420171342173,1858.9723808574424,1883.98876953125,2970300
2016-04-20,1895.4961309036646,1903.2511679100105,1855.9700860573566,1859.97265625,4020300
2016-04-21,1913.75847761998,1964.0415435025443,1888.9921914390156,1961.2896728515625,5529900
2016-04-22,1959.2885430486845,1975.799401042842,1926.2668270603692,1969.545166015625,4526400
2016-04-25,1975.0488068088441,1977.0500006766842,1916.0099231884835,1925.5162353515625,3882000
2016-04-26,1919.2620099545006,1926.2667382037862,1900.749958844422,1912.507568359375,2684400
2016-04-27,1888.7421437294447,1901.2502472917442,1839.4596733451356,1865.97705078125,6269400
2016-04-28,1931.2698223772632,1964.0414319930305,1853.7188907232653,1853.968994140625,5558400
2016-05-02,1768.6625799970584,1781.921172627625,1741.3945349946232,1777.418212890625,4072500
2016-05-06,1792.928902580894,1808.939368890144,1763.9097606210548,1779.92041015625,2900700
2016-05-09,1802.9355107057156,1805.1869912310422,1774.416757384911,1787.675537109375,2102700
2016-05-10,1794.9306272231145,1805.9377447812417,1772.9160256548992,1788.6763916015625,2920500
2016-05-11,1826.2007064155573,1860.2231990290302,1812.441720612516,1819.9466552734375,2537400
2016-05-12,1794.4298550015335,1828.7024506000887,1782.4219596941205,1826.20068359375,2251500
2016-05-13,1921.2632021445072,1921.2632021445072,1803.185628921355,1814.9432373046875,4897800
2016-05-16,1825.9506679657989,1870.4798874628773,1816.9447460522808,1848.715576171875,2329500
2016-05-17,1861.2236328125002,1871.4804370256202,1837.2078440020161,1861.2236328125,2550000
2016-05-18,1901.2499311711165,1921.0130466621943,1869.2290008207456,1890.492919921875,3906300
2016-05-19,1928.017641965075,1941.2764204432872,1903.2513585143752,1915.7596435546875,2614200
2016-05-20,1950.782428229257,1973.7976199811517,1926.7666396971667,1951.03271484375,3910800
2016-05-23,1963.791204415292,2000.0649924844768,1950.7825294680215,1977.80029296875,3387000
2016-05-24,1973.7975634137163,1983.3038738438672,1938.5243750181098,1941.2762451171875,3504300
2016-05-25,2006.3195086008177,2010.0719766239026,1977.0502580207542,1996.31298828125,3893400
2016-05-26,1994.0611233605875,2009.8214860216988,1963.7912815471009,1966.54296875,3743700
2016-05-27,1998.8143730423374,1998.8143730423374,1973.7979831274488,1992.8104248046875,2549400
2016-05-30,2008.8208498638921,2043.8437551641257,2008.8208498638921,2043.09326171875,3255600
2016-05-31,2045.0942612315894,2063.856593903439,2032.8362649612827,2056.85205078125,5694000
2016-06-01,2063.6071498778883,2070.861798678304,2030.5854338247984,2038.590576171875,2759100
2016-06-02,2016.325830960736,2018.327024710738,1964.2914953937093,1977.3001708984375,3607200
2016-06-03,1978.8009390097957,1996.5624935132068,1960.0386045161058,1973.5474853515625,1953900
2016-06-06,1924.7651988148054,1991.3088155046912,1915.0087859772905,1988.55712890625,3020100
2016-06-07,1976.5496702037074,1993.8110197834897,1965.0419816665576,1981.302734375,2401800
2016-06-08,1984.5543232327705,2016.325327370905,1981.3022467817864,2014.8243408203125,2475900
2016-06-09,2004.3180536129087,2015.0750661370812,1979.0513778039042,1998.564208984375,1694400
2016-06-10,2002.3167252780693,2044.8447527823332,1994.5616865928166,2041.09228515625,5572800
2016-06-13,2015.3252428348771,2015.3252428348771,1938.77490234375,1938.77490234375,3369000
2016-06-14,1954.2849157970797,1968.0439011079475,1917.0103472392066,1933.02099609375,3254700
2016-06-15,1923.514847560287,1959.0381456153584,1909.255471007948,1947.5306396484375,2741400
2016-06-16,1946.0297693657376,1962.5406274166617,1889.49264984244,1898.998779296875,3274200
2016-06-17,1925.7664776334075,1961.0396750023747,1915.0094643337966,1946.2799072265625,4285200
2016-06-20,1983.8040890128811,1996.312372976512,1971.5460916576305,1979.051025390625,4327500
2016-06-21,1963.7913407898627,2016.0755979335418,1937.774172314507,2010.8221435546875,3690900
2016-06-22,1979.8016549390989,2004.5679379614608,1978.3006680892588,1994.8115234375,2671800
2016-06-23,1975.5486168557836,2025.8316717201812,1969.5446700063032,2021.8291015625,3056100
2016-06-24,2040.0911491989787,2048.846966541559,1876.2334858439187,1896.2467041015625,5498700
2016-06-27,1921.263586956522,2032.3366380774457,1911.7572737582352,2019.5782470703125,5945700
2016-06-28,1976.0488924464905,2032.8362808525121,1969.5445559941015,2021.0784912109375,3596400
2016-06-29,2081.618854682825,2129.400151782165,2067.859685104188,2108.13623046875,6104400
2016-06-30,2128.399440950695,2181.1840862741346,2125.397467127069,2145.160400390625,5598000
2016-07-01,2175.680206161694,2200.94687650713,2165.1732993364913,2171.17724609375,3201000
2016-07-04,2161.4211519012265,2164.9235157689727,2134.653490912321,2139.40673828125,2796900
2016-07-05,2127.8987091983618,2150.663795855777,2119.1430757694284,2138.906005859375,2276400
2016-07-06,2096.378783621483,2108.8870716938077,2036.5895807264883,2107.886474609375,4901700
2016-07-07,2103.882944108347,2103.882944108347,2059.6038368648865,2084.3701171875,2793900
2016-07-08,2115.640813152192,2168.4254525114497,2114.1398264099766,2123.896240234375,5526600
2016-07-11,2123.896240234375,2123.896240234375,2123.896240234375,2123.896240234375,0
2016-07-12,2234.7194516561653,2249.979424480485,2198.9458684882657,2224.462646484375,4349100
2016-07-13,2251.2305968591236,2258.9856359737437,2177.9323307627255,2183.936279296875,5209500
2016-07-14,2189.939962646075,2243.4751028508895,2161.921600621509,2242.724609375,3262500
2016-07-15,2252.9812321288273,2257.4841926194244,2186.687708203678,2191.941162109375,3508200
2016-07-19,2211.2037533934395,2298.511278106524,2210.70354658955,2297.510498046875,4353000
2016-07-20,2259.9859593059255,2332.283619633464,2259.9859593059255,2313.27099609375,4236600
2016-07-21,2315.022112873426,2329.531591349043,2287.7540629460586,2300.512451171875,2520000
2016-07-22,2292.007266389682,2315.5226695187525,2289.2553956734223,2300.2626953125,1900200
2016-07-25,2290.25612586278,2306.016489825818,2263.488462501032,2272.494384765625,2846700
2016-07-26,2239.7224334722164,2271.9936500249505,2222.9614750976566,2251.480224609375,3468300
2016-07-27,2252.480702715814,2275.7459971441317,2235.4696418435715,2253.981689453125,4287600
2016-07-28,2256.734064209176,2279.498973740555,2237.72162236022,2251.730712890625,2925000
2016-07-29,2253.981616616086,2271.493250136107,2184.4360221853185,2258.73486328125,3876300
2016-08-01,2238.9723389823175,2238.9723389823175,2165.9243619775457,2173.9296875,5022900
2016-08-02,2170.9277347568577,2195.4437352175064,2147.1620446195698,2176.681396484375,2781000
2016-08-03,2129.1501427637972,2145.1606103145946,2110.6379079645294,2115.140869140625,3806100
2016-08-04,2138.9065905556727,2140.1574741985696,2065.1081201439847,2110.637939453125,4465800
2016-08-05,2087.8726431386217,2116.891782407566,2010.5718227779896,2054.600830078125,5422500
2016-08-08,2138.9062723438597,2185.4368649351995,2134.65341517149,2156.417724609375,4438200
2016-08-09,2176.1810071007185,2179.6831878865564,2125.897943512823,2161.921630859375,2731500
2016-08-10,2161.920901243651,2181.433725304416,2141.9076872855194,2167.674560546875,2341500
2016-08-12,2228.965318299623,2258.985053226217,2222.7112679318893,2245.9765625,5748000
2016-08-15,2232.7180484641726,2250.22950149446,2225.963607309155,2242.974853515625,2414400
2016-08-16,2236.720797449182,2249.979577404022,2222.9618106306584,2223.2119140625,3311400
2016-08-17,2217.708399088097,2222.7117504038865,2180.433825721279,2196.694580078125,2601900
2016-08-18,2248.9786749114514,2258.48480274145,2218.9589381305464,2225.71337890625,4680000
2016-08-19,2266.490312951707,2269.4922868761464,2227.714755352383,2240.47314453125,3057600
2016-08-22,2270.9930197449776,2282.2504207020743,2252.230684816483,2277.2470703125,2421300
2016-08-23,2263.4885113219743,2287.0039144447383,2248.728743994665,2250.980224609375,2472000
2016-08-24,2238.472015994202,2305.015651108701,2238.472015994202,2301.26318359375,3251100
2016-08-25,2298.761658037354,2313.271138388324,2270.2429041994765,2272.494384765625,4256700
2016-08-26,2301.513621142381,2312.7710244253176,2257.9849951150254,2294.2587890625,4151700
2016-08-29,2334.0350900104027,2354.048313701037,2329.03173828125,2329.03173828125,3373800
2016-08-30,2321.0263000504665,2338.5377540353193,2309.0184040092067,2336.536376953125,2085000
2016-08-31,2381.56569434441,2396.575562550837,2370.8086832051144,2378.563720703125,3339600
2016-09-01,2375.061398023823,2377.562981499758,2341.038909976328,2363.5537109375,3296400
2016-09-02,2365.8055026027905,2384.8181258467403,2356.0490875680603,2368.557373046875,3445800
2016-09-05,2368.8078204727954,2375.8125493066555,2318.2746476192224,2319.775634765625,2707800
2016-09-06,2291.0063699559664,2330.032028853693,2274.245227637728,2323.277587890625,4032600
2016-09-07,2323.527713125673,2350.7955806389364,2311.01942792716,2326.029296875,3640500
2016-09-08,2318.7742904936335,2336.285740483092,2294.508217296141,2322.0263671875,3116700
2016-09-09,2342.7903539005815,2342.7903539005815,2290.505917897296,2302.763916015625,4724700
2016-09-12,2270.993033554707,2295.5092124189964,2260.7362293227834,2269.241943359375,2357400
2016-09-13,2284.2515576640812,2288.254127619927,2262.7373547963534,2276.496337890625,1718100
2016-09-14,2262.487798006528,2311.519978908048,2260.986811007237,2282.250732421875,2537400
2016-09-15,2274.245366533051,2306.5165864386145,2265.23944469894,2273.494873046875,2961000
2016-09-16,2311.0193566922867,2311.0193566922867,2256.983830145653,2265.2392578125,2973900
2016-09-20,2301.5136158564965,2334.0349419683002,2281.5003934352517,2295.00927734375,3870600
2016-09-21,2287.7543691976016,2299.262058739444,2240.9736671825945,2270.993408203125,4583700
2016-09-23,2308.517404308356,2333.533786712773,2284.5016185678273,2298.010498046875,4143600
2016-09-26,2273.9950741548746,2288.754839231851,2259.485595703125,2259.485595703125,2726100
2016-09-27,2248.4782894736845,2282.750883443732,2221.960916338469,2281.5,3277200
2016-09-28,2282.26103844557,2292.156333933644,2258.410901008768,2289.619140625,3063000
2016-09-29,2296.9766940601885,2320.0656494050686,2294.4393155235957,2302.812255859375,2517000
2016-09-30,2270.8439272729356,2284.2914452431933,2244.7102539227517,2252.322021484375,3594900
2016-10-03,2274.6492059571833,2279.72377825973,2256.127305095773,2257.649658203125,2617200
2016-10-04,2283.52917737549,2336.557861328125,2264.7534310834867,2336.557861328125,5079000
2016-10-05,2347.4686018318966,2348.229778421336,2316.006698079767,2317.78271484375,2662500
2016-10-06,2327.678250091183,2354.573097074924,2318.797793688958,2324.88720703125,2818800
2016-10-07,2308.9024889659695,2340.871908901656,2308.9024889659695,2338.58837890625,3023100
2016-10-11,2318.036539925365,2336.3047793446563,2310.42477350066,2320.06640625,3396000
2016-10-12,2284.5449732913867,2299.7685075110853,2242.9341036469823,2247.247314453125,4720800
2016-10-13,2248.2618491569087,2274.903028217656,2244.9632935742616,2254.097412109375,3432000
2016-10-14,2244.9636114033315,2249.5306713174664,2163.517709601261,2220.352294921875,6825300
2016-10-17,2220.3523792063247,2232.5312061063255,2208.681065371875,2217.815185546875,3017700
2016-10-18,2208.9339975807025,2225.679879023423,2205.381778966338,2224.6650390625,3366000
2016-10-19,2232.784929562668,2251.0531704022737,2224.411985844515,2250.038330078125,3438600
2016-10-20,2250.0383576714557,2261.9635214216055,2232.5312933188025,2247.247314453125,3607200
2016-10-21,2269.5747938764857,2283.5296352583587,2247.5006740689882,2253.84375,3612300
2016-10-24,2249.7846767863684,2251.3070301966595,2215.785388678485,2236.08349609375,2876700
2016-10-25,2257.9034998405596,2278.7091178379037,2240.1427741321672,2277.694091796875,3687300
2016-10-26,2283.529590663669,2307.887239630748,2278.4550185174894,2291.39501953125,2665800
2016-10-27,2276.679151902128,2278.2015050628784,2255.6198712337064,2262.216796875,3275100
2016-10-28,2283.5295356765655,2301.544108402717,2268.8135183913528,2297.230712890625,7620000
2016-10-31,2357.1109623833454,2407.3486328125,2351.782724610556,2407.3486328125,7074000
2016-11-01,2423.839741465878,2475.0924185102062,2411.6609169538183,2474.077392578125,5330700
2016-11-02,2453.2727115539487,2471.2872902553518,2433.9896288013824,2446.16845703125,4389000
2016-11-04,2426.8847398389858,2431.9593126081277,2395.6764982687405,2429.422119140625,3343500
2016-11-07,2459.1080328151475,2463.928756203342,2403.288289281531,2433.22802734375,3320400
2016-11-08,2437.287164487833,2454.5405605138567,2426.377029881112,2431.451416015625,2201400
2016-11-09,2456.824821210997,2468.7497994268447,2298.753724977018,2324.126220703125,5465400
2016-11-10,2473.3166175401457,2493.6147236332795,2458.0930844288314,2483.2119140625,6028200
2016-11-11,2531.9269968448875,2531.9269968448875,2471.286719185983,2487.017578125,5906100
2016-11-14,2522.0318872849152,2575.3142524094847,2505.032337499409,2551.21044921875,3881100
2016-11-15,2558.8221483010716,2560.0906521193097,2510.6141715204512,2519.748291015625,3262500
2016-11-16,2547.4042761664027,2561.3591177856592,2523.807802867337,2530.15087890625,4427700
2016-11-17,2511.8826715276555,2532.1807752624854,2489.3010380914366,2520.50927734375,3848400
2016-11-18,2580.3887471606554,2641.2828768871605,2575.3141744054014,2591.806396484375,5746200
2016-11-21,2577.8517831325466,2585.4635500258178,2543.5988321128266,2567.70263671875,2925300
2016-11-22,2572.77713410869,2576.5830174431703,2555.0164071591644,2562.628173828125,1740600
2016-11-24,2613.3729292364596,2618.447501843658,2579.1199822646677,2580.388671875,2365500
2016-11-25,2546.1359412504617,2603.2241910542834,2544.867251532328,2576.5830078125,2385900
2016-11-28,2561.358823529412,2589.26868939568,2543.5981011603862,2588.0,2019600
2016-11-29,2615.9103665661637,2629.8652092532834,2596.880951159121,2626.059326171875,2926800
2016-11-30,2636.208593424076,2661.5812741505565,2633.6713996850904,2657.775390625,3617700
2016-12-01,2700.9082798409872,2702.176969470896,2656.506372803782,2660.312255859375,3411000
2016-12-02,2586.731851271955,2601.955383865677,2537.255370342357,2543.5986328125,4519200
2016-12-05,2534.464514006833,2556.2847868415383,2522.2856879282485,2537.25537109375,2533800
2016-12-06,2562.627728318761,2575.3138800054603,2523.3002120881174,2525.330078125,3037800
2016-12-07,2542.3297038348,2547.4042761664027,2524.8226430000095,2530.15087890625,2314200
2016-12-08,2574.046019682791,2600.6872050511993,2539.793067066267,2555.0166015625,3610500
2016-12-09,2620.985351077924,2623.5227309335155,2579.120627636614,2589.269775390625,5890500
2016-12-12,2604.4928662151087,2604.4928662151087,2546.1359270193275,2552.47900390625,3122700
2016-12-13,2527.3600804280186,2581.657470703125,2519.7483141122693,2581.657470703125,2236500
2016-12-14,2586.7319480467813,2619.716393789953,2572.7771045918366,2610.8359375,2103600
2016-12-15,2631.1337051814003,2645.0885468411307,2614.6414844314486,2633.6708984375,2356800
2016-12-16,2662.849770540066,2714.863635797715,2656.5066932935392,2709.7890625,3778500
2016-12-19,2714.863037109375,2719.9374234539177,2680.6100930301945,2714.863037109375,2256000
2016-12-20,2712.326057211842,2779.5634515948614,2704.7142907408697,2775.757568359375,3018000
2016-12-21,2775.7578631970273,2826.502854504154,2754.191065349044,2777.0263671875,3318600
2016-12-22,2740.235846532534,2778.294677734375,2738.967156881094,2778.294677734375,2457600
2016-12-26,2790.98105714267,2822.6966263804934,2790.98105714267,2806.20458984375,1916700
2016-12-27,2831.577013486074,2853.1436223430037,2812.547598072861,2832.845703125,2379600
2016-12-28,2829.03953616726,2872.1727495529913,2823.9649639548907,2856.94921875,1733400
2016-12-29,2836.6521376187434,2836.6521376187434,2769.414732865824,2782.10107421875,2466300
2016-12-30,2751.653511145511,2811.27895174752,2746.578938345758,2802.398681640625,1579500
2017-01-04,2836.6513015687556,2858.2179082616212,2810.010122663521,2856.94921875,2501700
2017-01-05,2841.725965912232,2841.725965912232,2779.5633329422844,2794.786865234375,2279100
2017-01-06,2766.8770283738227,2798.5927829867355,2749.116302424343,2778.294677734375,1730100
2017-01-10,2804.935807582861,2863.2927429553474,2794.7868480618718,2822.696533203125,3005400
2017-01-11,2830.30859375,2841.7262440867335,2817.622439487509,2830.30859375,1580400
2017-01-12,2844.263393758949,2869.6358860677087,2825.233978068845,2854.412353515625,3147300
2017-01-13,2840.4572095909334,2870.9042714683383,2829.039561386907,2860.755126953125,3048000
2017-01-16,2881.053535481771,2887.3966121004264,2841.7260144441766,2854.412353515625,2208000
2017-01-17,2859.4866536998234,2859.4866536998234,2798.592529296875,2798.592529296875,2041200
2017-01-18,2766.8770102783533,2823.9652567077555,2755.4593609924727,2812.547607421875,2274000
2017-01-19,2849.337325603877,2873.441310239329,2829.0394093326518,2844.262939453125,2129400
2017-01-20,2834.1143077825977,2850.6065303389746,2826.502541346446,2841.72607421875,1619400
2017-01-23,2818.890322852423,2858.217838410408,2813.815936598182,2831.57666015625,2096400
2017-01-24,2816.352840708926,2837.9194446615493,2807.4723869241557,2810.009765625,2544900
2017-01-25,2835.3830860279227,2878.516492458074,2835.3830860279227,2877.247802734375,2366100
2017-01-26,2981.2751940678745,3044.7065179130163,2973.663427773092,3040.900634765625,5683200
2017-01-27,3039.6321244453593,3040.9008141807226,2996.4989034527957,3015.5283203125,3390900
2017-01-30,3009.1844031480987,3035.8255809587854,3000.304134433942,3020.60205078125,2369100
2017-01-31,2981.275366907324,2996.4989003794735,2960.9772603330753,2971.126220703125,2982000
2017-02-01,2917.843447085325,2943.216123227175,2882.321997821331,2930.52978515625,3776100
2017-02-02,2982.5441640557465,2988.887427515588,2889.9344502174013,2902.62060546875,3363600
2017-02-03,2912.7691267912164,2919.1122030539254,2848.069117075549,2851.875,2833800
2017-02-06,2870.9043975930513,2874.7102804949272,2793.5180499768676,2827.77099609375,2613000
2017-02-07,2807.4725543534396,2877.247127774145,2799.860789465148,2864.560791015625,2185200
2017-02-08,2863.292825553887,2873.441785367647,2836.6516434378955,2872.173095703125,1778100
2017-02-09,2869.635946429355,2891.202556053739,2840.457570368819,2841.72607421875,2504100
2017-02-10,2905.157437031403,2917.843589889085,2884.8593322913266,2915.306396484375,3117300
2017-02-13,2938.1417866537395,2948.290746424584,2921.649564421247,2944.48486328125,2214000
2017-02-14,2958.440185546875,2990.1557576651794,2952.0969224558894,2958.440185546875,2319300
2017-02-15,2993.96110384263,2996.498482957289,2930.52978515625,2930.52978515625,2317200
2017-02-16,2892.470878291126,2893.73956781403,2827.770871803035,2867.098388671875,3351900
2017-02-17,2840.457569503666,2862.024179121481,2830.30842370246,2848.0693359375,1832700
2017-02-20,2848.069505800466,2859.4871561321816,2832.8459720248447,2836.65185546875,1544400
2017-02-21,2829.0401145374617,2841.7262689107733,2812.547890851172,2834.114501953125,1694400
2017-02-22,2865.8302119906552,2917.843890059934,2855.681251493617,2870.90478515625,3315000
2017-02-23,2860.755604353858,2908.963584260739,2859.487100453358,2881.0537109375,1937100
2017-02-24,2860.75521086429,2878.5161213698143,2840.4572929067235,2858.218017578125,1806000
2017-02-27,2831.5771733431206,2850.6065898306415,2818.8908337400585,2835.383056640625,2047200
2017-02-28,2844.262939453125,2858.217780118856,2831.5766024080276,2844.262939453125,2411700
2017-03-01,2848.0689603776887,2903.8885115871262,2844.2630776626333,2895.008056640625,2994900
2017-03-02,2955.902443749424,2981.2751213357915,2936.873028476715,2977.46923828125,3216600
2017-03-03,2966.051854264924,2973.663621054454,2926.724330574302,2936.873291015625,2560800
2017-03-06,2920.3810282096315,2925.4554151217108,2901.3516127039957,2908.96337890625,1324200
2017-03-07,2892.4710062566896,2907.6945378685673,2869.6357088388736,2879.78466796875,1998900
2017-03-08,2879.785055903352,2882.3224354032245,2862.024328574997,2870.90478515625,1461000
2017-03-09,2911.5008203566235,2950.8283443628025,2900.0831700807153,2947.0224609375,2056500
2017-03-10,2980.006621622619,3026.945910898129,2957.17132184007,3021.871337890625,4751100
2017-03-13,2990.155661331635,3015.5283412098374,2976.2008174825296,2981.275390625,2204100
2017-03-14,2992.6933237459875,3006.6481689143693,2974.932408985318,3002.84228515625,1626600
2017-03-15,2968.58902706915,2976.2007938052247,2953.3654935970003,2971.126220703125,1917300
2017-03-16,2943.216557797273,2991.4243522501406,2921.6497613089196,2974.93212890625,2693400
2017-03-17,2931.799037143654,2964.783299454742,2919.112696639008,2941.947998046875,3418800
2017-03-21,2941.9470473494025,2955.901887311061,2912.7686780353542,2945.7529296875,2138400
2017-03-22,2902.619745101923,2922.9178476553443,2873.441373671595,2883.59033203125,2513700
2017-03-23,2896.277429698601,2910.232274335871,2884.8597788587904,2887.39697265625,1899900
2017-03-24,2905.1573450095298,2948.2905606940003,2903.888655430295,2938.1416015625,2829900
2017-03-27,2917.843514492128,2960.976916262425,2912.76912781383,2955.90234375,2736600
2017-03-28,3010.4539192113643,3052.318638694708,2999.0362684431793,3042.169677734375,4416000
2017-03-29,3114.3063493838936,3138.869227218694,3092.3291572403546,3116.891845703125,4504800
2017-03-30,3115.598857516146,3175.0665920739652,3102.67099856479,3150.50390625,3671400
2017-03-31,3155.6747392401007,3176.3592746450613,3116.891353713299,3142.7470703125,4389300
2017-04-03,3195.751621362447,3231.949329013349,3189.287596203899,3217.72900390625,5173500
2017-04-04,3268.1470784942626,3304.3447824135346,3181.530589526521,3197.0439453125,5319000
2017-04-05,3209.9723426479245,3220.31432846488,3151.7970627652144,3180.23828125,2848800
2017-04-06,3132.4053595850587,3158.261081563246,3122.063184417007,3138.869384765625,4094100
2017-04-07,3172.4816765899745,3182.824041392494,3096.2077303746214,3128.527099609375,3758400
2017-04-10,3155.6754630625032,3208.679372316058,3129.8199299047765,3207.38671875,2591700
2017-04-11,3160.8460797878797,3176.3594347807034,3129.819369802232,3150.50390625,2299200
2017-04-12,3118.1846246196847,3137.576320046424,3061.3023811585913,3089.743408203125,3297000
2017-04-13,3003.1276120683974,3047.0820000967806,2966.929713657924,3040.6181640625,4834200
2017-04-14,3061.3027793949286,3063.888275997492,2987.6143271873943,3003.127685546875,4477200
2017-04-17,2968.2221608009722,3013.4693857513093,2961.758136256624,2979.857177734375,2227800
2017-04-18,3036.7392844114784,3056.1309784370947,2974.685863529507,2990.19921875,2406000
2017-04-19,2990.199642450646,3041.91089697026,2981.1501208324025,3030.27587890625,3425100
2017-04-20,3056.1314659788327,3096.2077031491003,3048.3747871311707,3054.838623046875,3085800
2017-04-21,3102.671493902439,3186.702306443656,3063.8881002286585,3180.23828125,5117400
2017-04-24,3256.5123820685835,3268.147400052857,3206.093970803398,3212.5576171875,4533900
2017-04-25,3213.850777974675,3301.7595537639777,3213.850777974675,3283.660888671875,3919500
2017-04-26,3361.227201030798,3390.96088035016,3339.249820832283,3366.398193359375,3719100
2017-04-27,3335.3714113158417,3379.3257920386613,3322.4437413959604,3365.10546875,2611500
2017-04-28,3384.4974803209366,3384.4974803209366,3325.029359877089,3352.177734375,3661200
2017-05-01,3740.0113761891907,3816.28550127709,3665.030283238669,3799.4794921875,9841800
2017-05-02,3721.91307619327,3867.9969373977474,3721.91307619327,3825.335205078125,6631200
2017-05-08,3843.4333932274435,3917.1218235718648,3807.2356940430923,3902.901123046875,5703000
2017-05-09,3852.4836838970846,3866.7043879677954,3803.3583039147793,3808.529296875,5561100
2017-05-10,3800.7725389311718,3836.970246387253,3769.745824327652,3818.87158203125,4607100
2017-05-11,3877.046528729826,3941.685262603939,3871.8751573241734,3908.0732421875,4830300
2017-05-12,3919.708837440969,3950.73555547152,3879.632407488763,3900.317138671875,5432400
2017-05-15,3842.141079042938,3919.7078546713688,3840.848046953117,3886.095458984375,2675100
2017-05-16,3948.14876893271,3958.491131641572,3910.6580355140945,3954.61279296875,2962200
2017-05-17,3981.762298735492,4076.1351070951096,3970.1272794003016,4056.743408203125,5646300
2017-05-18,3941.6852866085424,4012.788424544765,3921.000937092147,3993.396728515625,5084700
2017-05-19,4036.0583045117965,4104.575375349518,4029.5942798360675,4077.427001953125,5068500
2017-05-22,4074.843427665932,4096.820439168556,4027.0103064666005,4054.15869140625,3157200
2017-05-23,4007.6158367292655,4025.7148737777907,3953.3191043276383,3970.12548828125,4393500
2017-05-24,4020.545220093034,4060.6212668061657,4010.2028556614855,4059.32861328125,3667800
2017-05-25,4052.864865319384,4135.602650197488,4050.279179348659,4121.38232421875,4235700
2017-05-26,4098.111824079263,4099.404477546647,4068.377764376947,4086.476806640625,2962200
2017-05-29,4112.3320460163795,4112.3320460163795,4064.499323985935,4089.06201171875,2240700
2017-05-30,4098.111831835071,4098.111831835071,4015.3736773965807,4046.400390625,3565200
2017-05-31,4055.4507545250326,4104.57613922198,4015.3743243188524,4056.743408203125,6538800
2017-06-01,4136.896472356826,4259.710330135815,4117.504770734441,4233.85498046875,8309700
2017-06-02,4241.611661117704,4286.858712407154,4226.098299819796,4233.85498046875,5475600
2017-06-05,4242.903176931793,4355.375016174044,4239.024837647577,4332.10498046875,3896100
2017-06-06,4369.596070746167,4373.474410341876,4298.492925662113,4315.29931640625,4557000
2017-06-07,4293.3223806171945,4364.425154379369,4282.980014367661,4347.619140625,3232500
2017-06-08,4364.423950115896,4365.716982255393,4306.248866159624,4312.712890625,3735300
2017-06-09,4347.618148898486,4395.450871746288,4320.469775087345,4370.88818359375,5470200
2017-06-12,4224.804198503232,4272.637302901302,4174.385787038943,4239.02490234375,4894500
2017-06-13,4179.557174284722,4229.9755859375,4170.50746328689,4229.9755859375,3052500
2017-06-14,4292.029470485283,4298.49311760402,4175.679277418611,4179.5576171875,3209400
2017-06-15,4131.724374400489,4165.336777562436,4103.28334325983,4120.08935546875,3923700
2017-06-16,4107.160989255025,4123.9669986256185,4060.620921388113,4076.13427734375,5725800
2017-06-19,4074.8422940900955,4151.116054253506,4068.3782684641387,4143.359375,2946000
2017-06-20,4235.145743903964,4249.366444994133,4218.339736247584,4232.56005859375,3791100
2017-06-21,4205.4130247334,4235.147089645005,4192.4853515625,4192.4853515625,2252400
2017-06-22,4214.461275715052,4219.632267441861,4152.407860017377,4169.2138671875,2693100
2017-06-23,4164.04274051123,4167.921078866643,4121.381018601671,4129.1376953125,2479500
2017-06-26,4129.137650849567,4211.875408626152,4129.137650849567,4207.9970703125,2266200
2017-06-27,4214.461609215349,4218.339948003357,4122.6741316511825,4161.45751953125,3257400
2017-06-28,4085.1837407995527,4095.526104685666,3980.4685847138394,3984.346923828125,5850000
2017-06-29,4033.4722924325984,4036.05797784242,3944.270501349954,3955.905517578125,6156300
2017-06-30,3800.772391020121,3919.708251953125,3764.5746849727116,3919.708251953125,6377700
2017-07-03,3867.997613190611,3917.123379177517,3865.4123057004476,3909.36669921875,3257100
2017-07-04,3909.3653714515685,3913.2437101137225,3805.9428808794496,3822.749267578125,4056000
2017-07-05,3782.672946192131,3924.8788270431505,3780.087639513544,3921.00048828125,4208700
2017-07-06,3968.8334839998647,3993.396550370394,3869.2897013202974,3888.681396484375,4228200
2017-07-07,3852.4831847439696,3954.6130283703164,3846.0195390671865,3937.806640625,3479700
2017-07-10,4039.9360408246052,4073.5480551378882,3997.2743175666765,4028.301025390625,4132200
2017-07-11,4059.3274772481295,4059.3274772481295,4021.8367480768907,4051.57080078125,2912100
2017-07-12,4033.474205203931,4046.4018808956216,3989.519804856826,4039.938232421875,3902100
2017-07-13,4072.2560359525437,4173.092852080892,4069.6703503166204,4162.75048828125,5480100
2017-07-14,4164.043885775312,4175.678904041611,4099.404769158963,4108.4541015625,3986400
2017-07-17,4108.4541015625,4108.4541015625,4108.4541015625,4108.4541015625,0
2017-07-18,4095.526241023608,4158.872322417681,4055.4501950898966,4147.2373046875,3510000
2017-07-19,4142.067202689611,4176.972263386434,4131.724836235096,4171.80126953125,3336300
2017-07-20,4217.047519816419,4254.5382597173775,4211.876526939902,4239.02490234375,3656700
2017-07-21,4239.0256245188475,4276.516370806859,4231.268944510579,4250.66064453125,3105300
2017-07-24,4233.853593850299,4254.537942558508,4204.11953485271,4209.29052734375,2742900
2017-07-25,4250.659746752507,4288.150485122128,4235.1463900125345,4254.5380859375,3400500
2017-07-26,4273.930177231428,4285.5651958627295,4235.146781793756,4259.70947265625,3503700
2017-07-27,4268.75848234495,4377.3519717187055,4258.416119013723,4373.4736328125,5835900
2017-07-28,4201.53420935991,4239.024949679516,4059.32868434308,4060.621337890625,11236800
2017-07-31,4072.2562064937865,4111.039598936584,3995.982075108261,4027.0087890625,5136600
2017-08-01,3955.906918702761,3976.591273075378,3896.4391631663907,3926.1728515625,5684100
2017-08-02,3949.442004176904,4032.180160550917,3946.856697176762,4027.0087890625,3465300
2017-08-03,3968.833128231362,3975.2971522879643,3926.171402694613,3931.3427734375,3393900
2017-08-04,3878.3395403292525,3896.438584432154,3834.385151786886,3836.970458984375,5895300
2017-08-07,3871.874757204489,3914.5364838001256,3858.9470875144243,3886.095458984375,2636100
2017-08-08,3963.6618848420253,3963.6618848420253,3895.144446168515,3902.901123046875,2776800
2017-08-09,3852.4836036890133,3877.0466719128494,3804.6508782566116,3818.87158203125,4758900
2017-08-10,3856.3617451777786,3870.582448222875,3824.042378705165,3840.848388671875,3072300
2017-08-11,3840.848388671875,3840.848388671875,3840.848388671875,3840.848388671875,0
2017-08-14,3800.7722662150677,3869.2897156295458,3778.7948853664884,3851.190673828125,3776400
2017-08-15,3926.1718038364124,3948.149184879107,3895.145091185103,3924.879150390625,3624000
2017-08-16,3924.8794996355223,3937.807171475885,3878.339426517314,3879.632080078125,2444100
2017-08-17,3878.339504954966,3910.6588745815598,3862.826146935146,3883.510498046875,2204700
2017-08-18,3839.5552966429455,3932.635425046411,3830.505965962835,3917.1220703125,3594000
2017-08-21,3926.171279596718,3926.171279596718,3849.897540342689,3853.77587890625,2460900
2017-08-22,3860.2396495854846,3915.8294233007964,3853.776004265295,3905.487060546875,2123400
2017-08-23,3952.028156469339,3967.5415152778546,3921.0014388523077,3941.685791015625,2669400
2017-08-24,3926.172548641891,3950.735619979892,3896.43886253986,3899.024169921875,1871700
2017-08-25,3904.1954689486906,3917.1231418486677,3886.0964238934307,3911.9521484375,1481100
2017-08-28,3923.5868525932246,3933.9288385850627,3883.510425956574,3896.4384765625,1726500
2017-08-29,3880.9247821161407,3921.0008265316515,3870.582418277535,3915.829833984375,2348700
2017-08-30,3928.7574817355608,3939.0998455136482,3908.0731329234363,3922.29345703125,1864800
2017-08-31,3971.419182459927,4002.4458948228953,3959.7841653238142,3997.27490234375,3954600
2017-09-01,4010.203219875877,4023.1308925313733,3975.298162836338,4005.0322265625,2591700
2017-09-04,3995.981624854389,3999.8599636616705,3955.9055834271544,3983.053955078125,2226600
2017-09-05,4015.374391981125,4024.424104112625,3944.27162109375,3975.29833984375,2274900
2017-09-06,3909.3665356823026,3952.028273670899,3897.7315162308673,3899.024169921875,4104000
2017-09-07,3917.1219869145757,3971.418727327253,3891.266269993871,3939.099365234375,3454200
2017-09-08,3927.4654646038935,3970.127201327311,3924.8797785544366,3941.685791015625,4383300
2017-09-11,3948.1489136447317,3985.6396484375,3942.9779214727732,3985.6396484375,1986000
2017-09-12,4046.4002895001045,4085.1836800663805,4045.107636062578,4077.427001953125,3614400
2017-09-13,4099.4040592200845,4107.160736720974,4072.255687966971,4087.76904296875,2157600
2017-09-14,4108.453402696461,4198.948226314598,4108.453402696461,4193.77685546875,4854900
2017-09-15,4201.533729535976,4303.66357421875,4198.948422736134,4303.66357421875,6243000
2017-09-18,4303.66357421875,4303.66357421875,4303.66357421875,4303.66357421875,0
2017-09-19,4429.0637106693075,4457.50474076533,4390.280315654691,4454.91943359375,6678300
2017-09-20,4457.504725851973,4471.725430224452,4422.599670455597,4449.748046875,3774300
2017-09-21,4460.089967867388,4460.089967867388,4377.352193262213,4394.158203125,3552900
2017-09-22,4404.500803509019,4431.649178684388,4385.109106955184,4405.79345703125,3246300
2017-09-25,4457.504079988427,4492.409130327285,4453.625741061887,4470.43212890625,2655300
2017-09-26,4416.136366260802,4435.528065206994,4315.299531740604,4350.20458984375,5321100
2017-09-27,4399.362781014349,4454.56840736972,4353.357964023577,4432.22314453125,2964000
2017-09-28,4561.036291884246,4610.983981620989,4500.5727315529975,4509.77392578125,6104100
2017-09-29,4508.459722938968,4568.92328962071,4500.573204248647,4542.634765625,3848700
2017-10-02,4589.95536890867,4595.212921382268,4561.03825267781,4582.06884765625,2778300
2017-10-03,4592.582707366678,4600.469225819464,4566.294184162757,4580.7529296875,3003900
2017-10-04,4583.382481273075,4587.325741332984,4549.207817476523,4561.03759765625,3055200
2017-10-05,4561.036770930389,4583.381650497019,4533.433955514265,4542.634765625,1821600
2017-10-06,4563.664615581445,4563.664615581445,4470.341082897355,4475.5986328125,3477600
2017-10-09,4475.5986328125,4475.5986328125,4475.5986328125,4475.5986328125,0
2017-10-10,4534.749068895526,4566.295149374799,4524.233580374438,4561.03759765625,2715900
2017-10-11,4553.14993825647,4588.639269915583,4546.57771143978,4563.6650390625,2861700
2017-10-12,4601.782562566207,4683.276698033769,4601.782562566207,4653.044921875,4786200
2017-10-13,4705.622609268904,4731.9111328125,4663.561433699847,4731.9111328125,7433400
2017-10-16,4745.05506278219,4784.487654398341,4717.452248650885,4721.3955078125,3848100
2017-10-17,4734.539800965145,4779.229941584563,4725.338606511229,4772.65771484375,3685800
2017-10-18,4784.488380864648,4806.8336478679585,4722.710901341789,4788.431640625,3952200
2017-10-19,4812.0907058645835,4897.528120274698,4795.003377016129,4889.6416015625,4626600
2017-10-20,4914.615599131684,4959.306129920837,4901.4715292381325,4919.87353515625,4396200
2017-10-23,5009.253992644501,5051.315556815888,4972.450364672002,5042.11474609375,4963500
2017-10-24,5042.11481825642,5060.51643996406,4973.764727364196,5059.2021484375,4015500
2017-10-25,5076.288925082042,5123.60803588576,4996.109449025933,5013.19677734375,5262600
2017-10-26,4973.7644062816635,5071.031600066752,4964.563596021804,5060.51611328125,3469200
2017-10-27,5123.608663215628,5126.237631387916,5072.346286901749,5124.92333984375,3156900
2017-10-30,5144.6376118786675,5169.611451883989,5128.864579226085,5160.41064453125,2914500
2017-10-31,5155.155129010223,5201.159957526575,5122.29475726082,5193.2734375,3854400
2017-11-01,5533.706570676426,5918.831654576448,5523.191470251198,5889.91455078125,8777400
2017-11-02,5837.338619054567,5949.064566732021,5741.386095184099,5924.09033203125,7740600
2017-11-03,5924.09033203125,5924.09033203125,5924.09033203125,5924.09033203125,0
2017-11-06,5967.465930075198,5985.867936149751,5821.565328205935,5866.255859375,4653000
2017-11-07,5860.997880649595,5917.518189937247,5857.054621168313,5912.26025390625,4956000
2017-11-08,5914.889083467942,5977.9812336916,5875.456489578156,5950.37841796875,3558600
2017-11-09,6006.8987469741005,6276.355080161452,5842.596518047516,6038.44482421875,8954700
2017-11-10,5917.517527187465,6031.872039337149,5870.198418711734,5943.8056640625,7379400
2017-11-13,5992.439959393431,5993.75425082397,5854.425881249458,5858.369140625,3557400
2017-11-14,5868.884573966054,6051.589192082525,5859.683763264369,5929.34814453125,4786200
2017-11-15,5933.290876981199,6034.500940959463,5875.456279647969,5922.775390625,5324100
2017-11-16,5842.596324824832,6055.532339184132,5834.709805774488,6030.55810546875,4858800
2017-11-17,6151.484399271455,6275.039726792955,6064.732696204806,6089.70654296875,6948600
2017-11-20,5980.610702456225,6068.676707823336,5943.806688354542,5970.09521484375,3763800
2017-11-21,6098.908069902798,6125.1962094799255,5980.610286553932,5987.18212890625,3430800
2017-11-22,6093.650476855224,6097.5937365221025,5991.125725516377,6005.58447265625,3934800
2017-11-23,6005.58447265625,6005.58447265625,6005.58447265625,6005.58447265625,0
2017-11-24,5980.610180421147,6139.654846850881,5956.95062417124,6137.02587890625,3252900
2017-11-27,6150.1707361262315,6162.000515025544,6001.6411615846555,6027.9296875,4595700
2017-11-28,5926.720055664064,5929.34902414767,5709.840745576556,5857.0556640625,8430300
2017-11-29,5707.211813209297,5751.902352293414,5464.044357082919,5519.25,10965600
2017-11-30,5247.163205831484,5494.273835522832,5240.590979427271,5457.47021484375,10096800
2017-12-01,5557.367338497248,5591.542385055903,5368.090868481252,5466.67236328125,6712500
2017-12-04,5421.98194420856,5479.816546641433,5415.409716520931,5441.6982421875,3620700
2017-12-05,5257.67886197551,5364.14686152983,5248.478052103724,5287.91064453125,5433000
2017-12-06,5289.224923488123,5375.976626624818,5251.107007620363,5268.1943359375,5140500
2017-12-07,5362.832397410585,5531.078248043589,5341.801810487921,5525.8203125,5697000
2017-12-08,5657.262968475235,5726.926961410153,5587.598590456389,5682.23681640625,9128400
2017-12-11,5676.9787730594935,5676.9787730594935,5532.392478706808,5581.02587890625,3990600
2017-12-12,5613.886692742891,5670.406611740151,5562.624324208383,5574.4541015625,3275400
2017-12-13,5481.1300688089095,5507.418590785596,5408.837114727882,5416.7236328125,4393500
2017-12-14,5402.266093850752,5516.620631603798,5390.4363140831965,5435.12646484375,4351800
2017-12-15,5411.466684242138,5571.826042901642,5394.379353637259,5508.73388671875,4069500
2017-12-18,5609.942993728106,5636.231129064416,5575.767955690261,5604.68505859375,2997300
2017-12-19,5704.581395450134,5728.240949092437,5574.453850417462,5592.85546875,3880800
2017-12-20,5592.856172288072,5619.144696892152,5516.619951545348,5567.88232421875,2978700
2017-12-21,5553.423303013674,5602.057090377908,5516.619678456989,5595.48486328125,2235600
2017-12-22,5494.2744665935625,5521.877281544293,5404.894179666188,5467.986328125,4472400
2017-12-25,5453.527582408551,5486.387948036211,5424.610476059567,5467.986328125,1867800
2017-12-26,5441.698220802919,5453.527999543795,5398.322365419708,5402.265625,2111100
2017-12-27,5389.121439288255,5445.641363700079,5366.776173784075,5431.1826171875,1956900
2017-12-28,5454.841243052566,5473.24324591983,5389.120519396665,5404.8935546875,2048100
2017-12-29,5412.780597829363,5440.383412268126,5356.260292494051,5362.83251953125,2143200
2018-01-01,5362.83251953125,5362.83251953125,5362.83251953125,5362.83251953125,0
2018-01-02,5362.83251953125,5362.83251953125,5362.83251953125,5362.83251953125,0
2018-01-03,5362.83251953125,5362.83251953125,5362.83251953125,5362.83251953125,0
2018-01-04,5599.427703265668,5695.38020925611,5559.995113806051,5694.06591796875,6111300
2018-01-05,5780.818700018274,5799.220706915348,5686.180467548671,5750.5869140625,4217400
2018-01-08,5750.5869140625,5750.5869140625,5750.5869140625,5750.5869140625,0
2018-01-09,5914.889580734058,5916.203872279569,5828.137866883292,5849.16845703125,4004700
2018-01-10,5822.8791123076235,5822.8791123076235,5704.581345139413,5749.271484375,3943200
2018-01-11,5691.437215285141,5812.363956952554,5691.437215285141,5747.95751953125,3804000
2018-01-12,5780.818488360615,5793.962558472155,5695.38106992576,5722.98388671875,3939300
2018-01-15,5757.1589201221595,5766.359730674284,5684.865957020751,5703.267578125,2726700
2018-01-16,5704.582051104364,5796.59130859375,5659.891521254267,5796.59130859375,2808900
2018-01-17,5778.188718187924,5872.826934054972,5758.472423215622,5845.22412109375,4014600
2018-01-18,6046.330540537656,6147.540986617482,5977.980843946185,6006.89794921875,9458700
2018-01-19,6072.619668765233,6072.619668765233,5991.125510217027,6030.55810546875,3200400
2018-01-22,5995.068586000696,6020.042818950649,5946.435181708772,5989.81103515625,2283900
2018-01-23,6004.269865877279,6035.815941555997,5976.667049658401,6026.61474609375,2817600
2018-01-24,6046.330718703721,6051.588654423776,5903.05909438457,5922.775390625,3295800
2018-01-25,5791.333731240785,5903.059285186502,5791.333731240785,5858.369140625,3515400
2018-01-26,5783.448188212417,5813.679591802616,5694.067498926117,5737.443359375,5259300
2018-01-29,5811.0509427376,5872.828425955157,5761.102854424609,5812.365234375,3802800
2018-01-30,5761.102416483956,5761.102416483956,5611.258548019624,5645.43359375,5024700
2018-01-31,5382.548239252085,5510.046811551957,5362.831945335411,5378.60498046875,9168600
2018-02-01,5437.755352546909,5445.64187227504,5316.82858835423,5398.32275390625,4866300
2018-02-02,5326.029399133788,5372.033837494336,5270.823765033973,5281.3388671875,4533000
2018-02-05,5152.5256642682625,5215.617813687531,5120.9795895586285,5177.49951171875,5749500
2018-02-06,4967.19288488229,5064.459699867131,4784.4882637361525,4938.275390625,10667100
2018-02-07,5177.499494605494,5181.442753931165,4925.130897762576,4931.703125,7145700
2018-02-08,4950.105138863562,5038.171527530982,4925.131289509192,5000.05322265625,4812600
2018-02-09,4825.234911810676,4889.641349613641,4789.745579434448,4855.46630859375,6869100
2018-02-12,4855.46630859375,4855.46630859375,4855.46630859375,4855.46630859375,0
2018-02-13,5026.3407122602775,5042.1137475654,4831.8063534411895,4839.69287109375,5092500
2018-02-14,4889.640708768963,5055.257571485332,4884.383158948775,5040.798828125,7391100
2018-02-15,5142.01029582177,5333.915716409558,5124.922966656065,5273.4521484375,7359300
2018-02-16,5332.600775584131,5431.18225643104,5302.369378180352,5369.40478515625,5508900
2018-02-19,5423.295449046944,5437.754193828863,5339.172718233706,5429.86767578125,3652500
2018-02-20,5408.837746434812,5416.724265440509,5299.740771828033,5326.029296875,3593100
2018-02-21,5378.606016812729,5478.501796877067,5352.317491497297,5424.61083984375,4713300
2018-02-22,5352.31652124896,5400.950303520553,5307.626382889535,5375.97607421875,3631200
2018-02-23,5358.88971023988,5382.549267459482,5316.828146821496,5356.2607421875,2644800
2018-02-26,5449.584298634602,5477.187113461261,5389.1211183279875,5428.5537109375,2770800
2018-02-27,5520.56408898305,5641.4908592935335,5510.048600452229,5583.65625,5229300
2018-02-28,5586.284015914721,5609.943571203183,5536.3359375,5536.3359375,3637800
2018-03-01,5467.987139469711,5528.450329019682,5425.925572561399,5470.61572265625,3366900
2018-03-02,5286.595737218892,5432.496312202282,5283.966769668714,5378.60498046875,4770600
2018-03-05,5389.121731127343,5470.615508397753,5260.308452260885,5298.4267578125,4188600
2018-03-06,5429.8686622365685,5499.533046007846,5429.8686622365685,5449.5849609375,4220100
2018-03-07,5385.179377029594,5461.415615869319,5326.030471442563,5333.9169921875,4987500
2018-03-08,5467.985859027094,5627.030507927955,5466.671182657712,5592.85546875,7172700
2018-03-09,5684.866325234738,5766.360104166697,5604.686452787407,5659.89208984375,7920000
2018-03-12,5870.198640586662,5895.172487087044,5761.101674671687,5837.337890625,5330100
2018-03-13,5791.334235935419,5970.09521484375,5771.617937339502,5970.09521484375,5201700
2018-03-14,5875.456469557708,5954.32165706855,5805.79209222849,5858.369140625,4523100
2018-03-15,5809.735726557975,5874.142557237858,5788.705136892434,5834.7099609375,3054900
2018-03-16,5833.395304708566,5846.539760243884,5717.726483518249,5753.2158203125,3680700
2018-03-19,5673.036531194336,5740.071947446533,5640.175776308853,5688.8095703125,2763000
2018-03-20,5611.25859970799,5632.289189921355,5566.568451098105,5623.08837890625,3294600
2018-03-21,5623.08837890625,5623.08837890625,5623.08837890625,5623.08837890625,0
2018-03-22,5567.883415045239,5650.691879433306,5535.023041665278,5611.25927734375,4271400
2018-03-23,5336.543984688385,5425.924654844608,5274.766513993912,5290.53955078125,6905700
2018-03-26,5159.097700878657,5240.591858644522,5036.8566567718235,5237.962890625,5485500
2018-03-27,5431.182761044581,5436.440697234206,5333.915947627802,5389.12158203125,4832700
2018-03-28,5218.513557469133,5280.017814200652,5182.413156226072,5238.5693359375,5778600
2018-03-29,5273.332400689211,5285.365866822846,5096.841564062552,5138.2900390625,5080500
2018-03-30,5254.614089594281,5366.926451814617,5241.2437008538145,5352.21875,4160100
2018-04-02,5357.5665054050205,5445.811921112287,5344.195726730696,5392.32958984375,3148200
2018-04-03,5241.243200382359,5346.870162289225,5209.153957097802,5321.46630859375,4272300
2018-04-04,5346.870809481532,5364.252354459753,5131.605312486813,5175.72802734375,4534500
2018-04-05,5249.26581397396,5284.02890172772,5179.7388550376045,5233.22119140625,3413100
2018-04-06,5193.110267063284,5269.322233536001,5181.076798672855,5241.244140625,4276200
2018-04-09,5177.065293172745,5269.321877940175,5152.998358016024,5251.93994140625,2620500
2018-04-10,5251.93814398862,5413.721636094262,5197.119293813526,5385.6435546875,4374600
2018-04-11,5449.823457524871,5488.597699934839,5356.229567116295,5360.24072265625,3104700
2018-04-12,5360.239815363416,5395.00328806365,5302.746726260331,5312.10595703125,2162100
2018-04-13,5373.6106871807515,5451.159551952257,5361.577222386154,5419.0703125,2970000
2018-04-16,5421.745102893245,5464.530498745214,5408.374323939414,5424.4189453125,1966800
2018-04-17,5411.048558073058,5447.1489561625,5395.003936699973,5424.4189453125,2334900
2018-04-18,5424.4185066916125,5435.115050646872,5286.702314946551,5397.677734375,5231700
2018-04-19,5320.129592363551,5419.071567493259,5306.7592034001345,5353.55615234375,3821100
2018-04-20,5209.155361907634,5247.929613523552,5114.224527684987,5243.91845703125,4768200
2018-04-23,5215.839135316929,5262.636080629771,5198.457591841603,5254.61376953125,2318100
2018-04-24,5267.984005893964,5353.555582959178,5251.939384158537,5298.736328125,3222900
2018-04-25,5249.265954487068,5309.433290726549,5178.402072344647,5191.7724609375,4497000
2018-04-26,5567.484508320139,5778.7388541448845,5559.462196348496,5628.98876953125,13144800
2018-04-27,5714.559457739165,5739.963311074156,5570.157865007739,5630.3251953125,5084400
2018-04-30,5630.3251953125,5630.3251953125,5630.3251953125,5630.3251953125,0
2018-05-01,5703.863939275106,5707.875095350545,5519.350759804884,5556.7880859375,3800100
2018-05-02,5631.662498030337,5645.032886210123,5527.372451770515,5546.09130859375,3057000
2018-05-03,5546.09130859375,5546.09130859375,5546.09130859375,5546.09130859375,0
2018-05-04,5546.09130859375,5546.09130859375,5546.09130859375,5546.09130859375,0
2018-05-07,5595.561973032655,5653.055071813732,5564.809650016801,5619.62890625,3097500
2018-05-08,5611.606339757333,5666.425593495356,5604.920950263118,5630.3251953125,2590500
2018-05-09,5615.61723342118,5693.166102739825,5610.269157103665,5642.3583984375,2236200
2018-05-10,5682.470613802602,5690.4929250730465,5628.988277523365,5681.13330078125,2184900
2018-05-11,5746.649761448125,5849.602506721507,5717.2343556147625,5821.5244140625,4428600
2018-05-14,5796.119703870591,5814.8385601293,5766.704694076396,5800.130859375,2187900
2018-05-15,5834.894103735029,5865.6460335597385,5746.648686175727,5789.43408203125,2272200
2018-05-16,5756.0086398181265,5769.37902873519,5713.222846883306,5747.986328125,2271300
2018-05-17,5800.13094150231,5816.17556374713,5769.378618294936,5802.80517578125,2118000
2018-05-18,5703.863063408114,5737.289228332475,5679.796130651118,5690.49267578125,3394500
2018-05-21,5669.099924844293,5669.099924844293,5522.024477002399,5579.517578125,4390800
2018-05-22,5653.055445952136,5675.785459399892,5571.495408555796,5588.876953125,2789100
2018-05-23,5610.26944899883,5671.7737008505455,5570.157895244583,5607.59521484375,3367800
2018-05-24,5584.865203811546,5626.314070500529,5554.113273742884,5607.59521484375,2563800
2018-05-25,5602.247469633239,5730.604449239428,5552.776289267077,5703.86328125,4062600
2018-05-28,5784.086771718421,5814.8390973314,5691.830186593925,5723.91943359375,3208800
2018-05-29,5756.007550638108,5778.737560039028,5616.954043698161,5662.4140625,4557600
2018-05-30,5562.135630772273,5572.831784052805,5449.823279325909,5477.9013671875,6622500
2018-05-31,5530.046913659713,5530.046913659713,5436.453017406464,5455.171875,5877000
2018-06-01,5451.16015625,5505.979410296139,5425.756302772224,5451.16015625,4305600
2018-06-04,5530.0467884015725,5584.865655152974,5493.946387105293,5579.517578125,2887500
2018-06-05,5614.280373019689,5691.829243177451,5602.246907389293,5649.04345703125,3032400
2018-06-06,5682.470747930611,5685.144590607593,5582.191854683097,5606.2587890625,2380800
2018-06-07,5657.066413505432,5662.414882206003,5616.954856823251,5655.7294921875,3111000
2018-06-08,5655.728281605347,5675.784055653593,5515.337863267626,5538.06787109375,6147900
2018-06-11,5523.36080886752,5583.52813794015,5483.249256152432,5493.94580078125,2616900
2018-06-12,5496.619786608754,5523.360953021523,5417.733992019833,5451.16015625,4592700
2018-06-13,5467.204446249243,5480.5748327877145,5429.767128912903,5457.84521484375,2798100
2018-06-14,5421.745451787737,5452.497383588807,5362.9150390625,5362.9150390625,3814500
2018-06-15,5242.580387907208,5243.917309207174,5087.4822402489635,5102.18994140625,8052900
2018-06-18,5104.863921352888,5107.537763819586,4943.080391827413,5008.59619140625,5228100
2018-06-19,5011.271089597431,5054.056886936641,4920.351808859016,4961.80029296875,4065000
2018-06-20,4979.1809965396415,5080.797199052197,4935.058285155467,5075.44873046875,3804600
2018-06-21,5194.446099175348,5198.457254464286,5001.9106453063,5054.0556640625,4850100
2018-06-22,5016.618166693758,5075.448181027759,4967.146992081622,5068.76318359375,4103700
2018-06-25,5048.707198732922,5062.077584761474,4971.157941309996,4983.19140625,3126900
2018-06-26,4866.869155361465,5052.719644730994,4845.476453906871,5050.04541015625,5048400
2018-06-27,5086.145102977307,5115.560112328423,5031.325848004666,5036.67431640625,3675900
2018-06-28,4999.237416477301,5106.201709595967,4906.980826280359,5080.7978515625,4933500
2018-06-29,5103.526562265229,5167.7050483160965,5020.62961225912,5086.14501953125,4580700
2018-07-02,5094.167865542434,5163.694435498044,5000.574360788985,5009.93359375,3457800
2018-07-03,5000.5745244721775,5008.59683633405,4884.251002475022,4964.47412109375,5951100
2018-07-04,4773.27438066796,4836.115938659968,4702.410512792476,4743.859375,6445200
2018-07-05,4687.703570406004,4841.46439122672,4685.029336332071,4765.25244140625,4786500
2018-07-06,4698.399768446103,4865.531369529002,4685.029381376648,4844.138671875,5070600
2018-07-09,4856.171423339573,4968.48375500051,4822.744873011887,4939.068359375,3187500
2018-07-10,5003.248089187795,5058.067347768391,4977.844233608702,5029.9892578125,3550200
2018-07-11,4973.833043053328,5007.259209814201,4892.273008133874,5001.9111328125,4580100
2018-07-12,4949.7663778495635,4967.14792283509,4869.543259894141,4937.73291015625,4146300
2018-07-13,4981.855354413091,5059.404233652664,4963.136497335503,5001.9111328125,4019700
2018-07-16,5001.9111328125,5001.9111328125,5001.9111328125,5001.9111328125,0
2018-07-17,5013.945343575975,5076.786922453621,4975.170702347494,5042.0234375,3473100
2018-07-18,5132.942047061972,5142.301279193145,5035.337003448654,5036.67431640625,2881800
2018-07-19,5138.291128707929,5218.51425327792,5120.909582289256,5169.04345703125,4375800
2018-07-20,5088.81936129794,5122.245526251477,4989.877395972464,5015.28125,5138400
2018-07-23,4965.8104337414525,4993.888521815919,4915.002334273332,4985.8662109375,3342300
2018-07-24,4999.236380516435,5047.370243688182,4933.720975104127,5024.640625,2402400
2018-07-25,4921.688353021461,5000.5745506476205,4884.251028041572,4993.88916015625,2769300
2018-07-26,5066.089654526564,5116.897757352462,5035.337330222149,5082.13427734375,4103700
2018-07-27,5214.502261919467,5233.221118559366,5012.607561324312,5074.11181640625,7112400
2018-07-30,5074.111141508447,5098.1780718239015,5043.358822200578,5090.15576171875,4078200
2018-07-31,5071.43798835145,5170.379964638802,5068.764145556146,5122.24609375,3564900
2018-08-01,5171.716857503947,5288.040378176791,5166.3687802284,5280.01806640625,5390100
2018-08-02,5262.636109452001,5336.1738310197225,5253.276877023937,5284.02880859375,3996000
2018-08-03,5344.196702867073,5400.352886756095,5304.085142946344,5340.185546875,3984300
2018-08-06,5321.466195424336,5329.4885060748675,5219.849999374673,5237.23193359375,2718300
2018-08-07,5270.658203875624,5284.028591325153,5201.131640737924,5218.51318359375,2292300
2018-08-08,5207.816347315914,5258.6244435252975,5194.445960614234,5253.2763671875,3283500
2018-08-09,5274.670547611299,5274.670547611299,5197.121656190029,5201.1328125,2648400
2018-08-10,5063.41569860567,5102.19033645102,4993.889126479182,5016.619140625,6087300
2018-08-13,4924.362067789051,4940.406689903254,4854.835110817899,4862.857421875,4296900
2018-08-14,4923.024340829929,4973.832437157295,4900.294722555729,4971.158203125,2793600
2018-08-15,4955.112640889524,4972.494571225319,4912.32725478826,4947.09033203125,2201100
2018-08-16,4810.712651243296,4991.2146594548,4777.2864839978265,4955.1142578125,4116300
2018-08-17,4935.058675458861,4944.418300362921,4852.161714717813,4886.9248046875,3641100
2018-08-20,4856.172477081539,4876.228254944329,4810.712452782943,4836.11669921875,2596500
2018-08-21,4786.645834146216,4898.958197564172,4777.286601099531,4882.91357421875,2847600
2018-08-22,4886.924466289525,5021.966836062901,4886.924466289525,4997.89990234375,3119700
2018-08-23,5023.3035609260005,5047.370493704003,4997.899706898465,5015.28125,2195100
2018-08-24,5032.662777537217,5035.336619819897,4959.124672190501,5017.955078125,2074800
2018-08-27,5056.729632367205,5124.919268694964,5027.314233984871,5119.57080078125,2917800
2018-08-28,5187.760825206993,5206.479680876627,5082.133864153071,5086.14501953125,3387000
2018-08-29,5107.5385399800525,5159.683568291966,5091.493915884079,5130.2685546875,2482200
2018-08-30,5162.357720505972,5181.076578890737,5111.549614441294,5127.59423828125,2571000
2018-08-31,5020.628858210846,5066.088481764499,4980.517310453408,5047.36962890625,3644700
2018-09-03,5055.393082371909,5056.730395409315,4940.406880591522,4949.76611328125,3280200
2018-09-04,4955.11418302124,5001.911129830098,4948.429184701704,4951.10302734375,2286300
2018-09-05,4967.147625855284,4984.529561516009,4869.54296875,4869.54296875,3474900
2018-09-06,4813.385666440784,4856.17144738059,4777.285273942478,4809.37451171875,3237600
2018-09-07,4545.9766932888315,4551.325162459872,4453.720104804607,4523.2470703125,9516900
2018-09-10,4540.62805043951,4588.761916698586,4505.864572014263,4519.2353515625,3438600
2018-09-11,4571.37939453125,4607.479786495835,4539.290157229397,4571.37939453125,2791500
2018-09-12,4555.335315209842,4563.357625485107,4381.518331436171,4421.6298828125,5946300
2018-09-13,4262.521431156716,4432.326885646202,4254.499120051474,4289.26220703125,7419900
2018-09-14,4302.632804889969,4393.552065764958,4295.947415346599,4356.11474609375,7923900
2018-09-17,4356.11474609375,4356.11474609375,4356.11474609375,4356.11474609375,0
2018-09-18,4278.565657717805,4365.47375884505,4246.476416264207,4342.744140625,6069900
2018-09-19,4412.270800491049,4418.956189851133,4346.755394934006,4377.50732421875,6477300
2018-09-20,4340.069213174534,4341.406134116705,4251.823813276345,4254.498046875,8739000
2018-09-21,4251.825344279661,4287.925748146186,4180.961457970183,4259.84765625,9781500
2018-09-24,4259.84765625,4259.84765625,4259.84765625,4259.84765625,0
2018-09-25,4311.992192378557,4401.574535261154,4279.902948156205,4362.80029296875,7780500
2018-09-26,4392.430139962565,4418.494172786149,4323.8415528920705,4395.173828125,6633000
2018-09-27,4349.904892256023,4360.87924228234,4238.790954610884,4240.16259765625,7359600
2018-09-28,4285.431762988712,4304.636777411415,4249.765824345204,4282.6884765625,5310300
2018-10-01,4329.328971211483,4436.327595975265,4327.957327933543,4377.34130859375,5982000
2018-10-02,4358.136976194765,4384.200613887049,4312.8683201625245,4348.53466796875,5830500
2018-10-03,4370.48189090449,4373.225579098677,4308.751920693974,4332.072265625,3985500
2018-10-04,4347.161735896141,4356.764444051415,4255.252799085471,4282.6884765625,4425300
2018-10-05,4231.9331074517495,4238.792128353469,4137.280467692401,4170.203125,6030000
2018-10-08,4170.203125,4170.203125,4170.203125,4170.203125,0
2018-10-09,3979.5252937758264,4041.2552621384293,3952.089618318731,3983.640625,6490200
2018-10-10,4046.742331141153,4053.6013506378354,3974.038412405183,4030.281005859375,4375500
2018-10-11,3816.28452021821,3917.796179849206,3786.105551955115,3873.899169921875,7618500
2018-10-12,3791.592489973955,4061.8327639204904,3788.8492031785718,4041.256103515625,9203400
2018-10-15,4001.4735930088136,4082.408574380165,3932.8850071977977,3983.640625,5315100
2018-10-16,3978.1542725954296,4006.961595668288,3893.103946703413,3997.35888671875,4548300
2018-10-17,4120.8184817252795,4159.228510382619,4082.4088549557828,4118.0751953125,5655300
2018-10-18,4104.358334817844,4112.5890001964135,4045.372033567407,4048.11572265625,3649500
2018-10-19,3986.384242680696,4112.587463400386,3980.8968665535385,4111.2158203125,4647000
2018-10-22,4050.8578562176067,4225.073825041206,4039.883906763411,4200.3818359375,4885500
2018-10-23,4183.920139672854,4196.266133132327,4048.1142116186525,4060.460205078125,5028000
2018-10-24,4101.613731007169,4102.985374167317,3961.6924644859164,4017.93505859375,5784300
2018-10-25,3813.5409683614175,3878.0142325285215,3794.335952498943,3846.463623046875,5927700
2018-10-26,3909.5653435250947,3989.1282937464857,3797.0797377792815,3862.925048828125,5690100
2018-10-29,3862.9241790773794,3937.00013732887,3861.552134147526,3899.962158203125,4088400
2018-10-30,3910.937130813242,4161.972388426004,3909.565487411871,4155.11376953125,7495800
2018-10-31,4362.251421346672,4364.995109662335,4166.087151141109,4303.26513671875,7696800
2018-11-01,4170.202486147929,4188.035857382843,4022.0505509597915,4033.02490234375,9196500
2018-11-02,4115.332252401071,4316.983532768723,4098.870923391467,4310.12451171875,10213500
2018-11-05,4231.932243552029,4354.020540107442,4214.099275113441,4330.7001953125,4906200
2018-11-06,4307.380931614273,4337.5598987816875,4249.766284002372,4281.31689453125,3639300
2018-11-07,4285.43234995736,4330.701002956515,4214.100061012234,4237.42041015625,4439400
2018-11-08,4341.6753300005585,4348.534350740442,4253.881713214364,4256.625,4146900
2018-11-09,4240.162837009203,4279.9445064484125,4131.792581225199,4148.25390625,4166700
2018-11-12,4109.844637698887,4222.330234479385,4075.5499396690434,4196.2666015625,3223800
2018-11-13,4035.7684453471807,4138.6517299677935,4013.8197433695627,4120.818359375,4356600
2018-11-14,4164.715625770463,4203.125253837348,4127.677640956299,4172.9462890625,3211500
2018-11-15,4131.793616378666,4174.318582717401,4090.6402935063693,4126.306640625,2980500
2018-11-16,4037.1399742126464,4050.8576111444086,3924.6543868414315,3950.718017578125,6339600
2018-11-19,4000.102317172632,4126.305953597486,3974.038684322396,4093.38330078125,3819600
2018-11-20,3972.6664135427563,4048.114423219631,3958.948776277792,4017.93505859375,2996400
2018-11-21,3986.384321269767,4242.906500805592,3986.384321269767,4212.7275390625,6198000
2018-11-22,4212.728778739407,4285.432717317917,4148.255103160186,4260.74072265625,4797600
2018-11-23,4260.74072265625,4260.74072265625,4260.74072265625,4260.74072265625,0
2018-11-26,4266.227930681673,4304.637564663771,4225.07460788374,4249.7666015625,3569100
2018-11-27,4307.379862809513,4343.04579646076,4211.355206024677,4326.58447265625,4534200
2018-11-28,4289.547523551231,4356.764879809772,4245.650917462915,4345.79052734375,4073700
2018-11-29,4389.687473401063,4402.033469043233,4333.4444704018815,4347.162109375,3257400
2018-11-30,4348.533472377139,4363.622752313935,4310.123446257731,4355.39208984375,4251600
2018-12-03,4429.468183262322,4443.18622237746,4389.686914736774,4393.80224609375,3943200
2018-12-04,4382.82861328125,4417.122912912369,4268.970959787369,4279.9453125,4310100
2018-12-05,4179.805542244967,4253.881516005139,4163.344214742706,4203.12548828125,3329400
2018-12-06,4142.767207947658,4142.767207947658,3949.3466260165683,4012.4482421875,5888400
2018-12-07,4071.435408590455,4113.96077820683,3924.655486807798,3985.013427734375,4484100
2018-12-10,3878.014674758351,3937.0013723882657,3851.9510374561523,3858.81005859375,4303200
2018-12-11,3847.834919341813,3876.6422395935697,3777.8742844446892,3809.42529296875,5069100
2018-12-12,3827.25870471404,3917.7960074062,3790.2207172490653,3862.925048828125,4812300
2018-12-13,3862.92454947802,3899.962532155192,3823.142878565854,3872.52685546875,2973000
2018-12-14,3805.309788052766,3828.6297306969586,3661.273193359375,3661.273193359375,8304900
2018-12-17,3658.5299004952217,3777.874520421388,3648.9275937741286,3727.118896484375,3578100
2018-12-18,3672.2477792856616,3755.926464360023,3631.094459376267,3706.54248046875,3641100
2018-12-19,3598.1712436823896,3632.465939530263,3533.6979871130156,3543.30029296875,5507100
2018-12-20,3466.4810639500906,3539.185393990822,3381.431140236802,3391.033447265625,7299300
2018-12-21,3356.7390456481166,3484.3145377545197,3352.6237136751342,3448.648193359375,6613800
2018-12-24,3448.648193359375,3448.648193359375,3448.648193359375,3448.648193359375,0
2018-12-25,3275.8040796802584,3340.2775435804265,3218.1894350627663,3219.561279296875,5874000
2018-12-26,3292.2657884795885,3345.765107542382,3236.0229815743814,3315.5859375,5514300
2018-12-27,3507.634621291176,3517.237330861645,3388.2899894151174,3421.212646484375,5266800
2018-12-28,3378.6873931433606,3459.622385488224,3374.5720613612125,3433.558349609375,4176900
2018-12-31,3433.558349609375,3433.558349609375,3433.558349609375,3433.558349609375,0
2019-01-04,3297.752338552116,3305.9830014595304,3181.151213715769,3260.71435546875,5653800
2019-01-07,3412.981669333361,3496.660349638451,3402.007719241577,3467.85302734375,5167500
2019-01-08,3484.3142490175005,3540.556846728977,3441.7888875620665,3522.723876953125,5411100
2019-01-09,3507.634534006119,3581.710510568619,3499.403869943619,3580.3388671875,3606900
2019-01-10,3588.5688280167383,3679.106114962115,3577.594477454694,3673.619140625,5907000
2019-01-11,3717.516088797743,3738.0927468573022,3681.850149419742,3710.657470703125,5156400
2019-01-15,3683.2223678379924,3857.4379659853817,3676.363346784408,3830.002685546875,6122100
2019-01-16,3819.0268908885137,3842.3472321589693,3750.437911902784,3816.283203125,4177500
2019-01-17,3832.745364252569,3843.719715819238,3728.490430976691,3740.83642578125,4458300
2019-01-18,3786.105147732928,3905.4497665201616,3777.874484368291,3883.50146484375,4768800
2019-01-21,3971.294692240022,4017.934979533429,3895.8470859355475,3982.26904296875,4400700
2019-01-22,3960.321514965133,3979.5265339589496,3893.1045513186828,3912.3095703125,3255300
2019-01-23,3843.7199105332875,3905.44988768318,3813.5409445559644,3865.668212890625,3462600
2019-01-24,3898.5911240792566,4057.7174318395173,3884.8734844386454,4041.256103515625,6172800
2019-01-25,4083.780264236769,4260.739508901775,4083.780264236769,4230.560546875,7505700
2019-01-28,4263.483067983,4281.316035656105,4214.099094222579,4257.99609375,4020300
2019-01-29,4141.395727965942,4196.267090451375,4079.6657465857543,4155.11376953125,4947900
2019-01-30,4214.099019607844,4240.16264911287,4160.599715647978,4197.6376953125,3260400
2019-01-31,4307.381225919446,4311.4965581729075,4231.933200014033,4289.5478515625,4323600
2019-02-01,4333.44442864913,4400.661381424019,4201.753809734816,4226.44580078125,5021100
2019-02-04,4247.021851687229,4315.61083984375,4233.304214811052,4315.61083984375,3114300
2019-02-05,4284.06044940619,4315.611460838025,4259.36845834333,4288.17578125,2592300
2019-02-06,4293.663013541101,4310.1243419021375,4252.5096926385095,4278.57373046875,2251500
2019-02-07,4354.021032238294,4395.174350123343,4312.867714353243,4351.27734375,3614700
2019-02-08,4225.073689049108,4238.791326369246,4107.100722054862,4120.818359375,5264700
2019-02-12,4159.228980897321,4312.867907243625,4159.228980897321,4301.8935546875,4115700
2019-02-13,4408.891436851707,4444.557775183067,4358.135818443396,4439.07080078125,5988900
2019-02-14,4439.070674288923,4504.9159727857295,4393.80203157237,4421.2373046875,4748400
2019-02-15,4393.803395877973,4415.751701562736,4345.791050186626,4363.6240234375,3167100
2019-02-18,4471.993836778162,4473.365480024997,4356.764551184142,4360.8798828125,3234600
2019-02-19,4329.329358069747,4355.392994006774,4270.343065417362,4340.3037109375,2810400
2019-02-20,4333.444173180538,4356.76451953444,4274.4578875652,4297.77783203125,2753100
2019-02-21,4285.431962491474,4364.995310312471,4270.342680781315,4336.18798828125,3288900
2019-02-22,4286.80459208064,4289.547879008556,4225.07460788374,4249.7666015625,3544200
2019-02-25,4325.213435047225,4343.046404368979,4282.6884765625,4282.6884765625,2265300
2019-02-26,4312.867770409399,4312.867770409399,4218.215138043543,4247.0224609375,2703600
2019-02-27,4266.227574353608,4277.201524924535,4215.471545883508,4222.33056640625,2412300
2019-02-28,4183.920540895887,4196.2665355392965,4112.5878594754,4156.48486328125,3381300
2019-03-01,4174.317804277569,4226.445470824188,4166.087141237989,4220.95849609375,2055600
2019-03-04,4288.176396112182,4375.970020739166,4288.176396112182,4363.6240234375,4056300
2019-03-05,4295.034960657052,4332.072948622797,4241.535644706531,4262.1123046875,3158100
2019-03-06,4223.701563225123,4253.880927395266,4205.868594861183,4227.81689453125,2548200
2019-03-07,4101.614196527925,4123.562499020499,4049.486525984202,4102.98583984375,5406000
2019-03-08,4041.255768012673,4050.858074775132,3937.0008312458435,3953.462158203125,6608100
2019-03-11,3991.8715845352567,4042.6272061148425,3895.847316120735,4012.4482421875,2862300
2019-03-12,4118.075951133895,4144.139588166011,4072.807296248268,4124.9345703125,2309700
2019-03-13,4074.1779856650037,4112.587610489811,4026.1656532181287,4043.9990234375,2034600
2019-03-14,4108.472333619974,4127.677347230715,4046.7423633224057,4072.806396484375,2415000
2019-03-15,4120.819067206059,4233.3050789714825,4116.703735114346,4175.6904296875,5476800
2019-03-18,4332.072850794561,4358.136485552583,4284.060511293898,4307.380859375,3463500
2019-03-19,4252.508307189987,4293.661614685012,4209.9833567410515,4273.0849609375,3841200
2019-03-20,4299.150195568479,4336.1881826978215,4296.406507003679,4307.380859375,3392100
2019-03-22,4504.916833743131,4603.6848003643845,4478.852796848377,4530.98046875,9256500
2019-03-25,4371.852468398459,4440.441441431651,4364.99385241655,4437.69775390625,4978800
2019-03-26,4471.99345853319,4492.570114934589,4417.122106870915,4480.22412109375,3859200
2019-03-27,4555.899704639355,4581.124617656931,4513.858182943396,4554.498046875,3444900
2019-03-28,4470.415204238221,4509.654233291067,4414.359976313554,4485.83056640625,3513600
2019-03-29,4548.892234836053,4558.701785487961,4467.612103784687,4484.4287109375,3455700
2019-04-01,4579.722555777757,4618.961579606023,4543.286847230837,4588.130859375,3873900
2019-04-02,4708.650839542069,4750.692364895122,4679.221771794931,4740.8828125,5879700
2019-04-03,4750.691466125594,4895.0338723427685,4731.071954485336,4868.40771484375,6095400
2019-04-04,4918.857203496919,5025.362236861198,4865.604481533947,4907.64599609375,6096300
2019-04-05,4906.24500412492,4977.71558259118,4888.027150389378,4956.69482421875,4265400
2019-04-08,5022.559097061936,5046.3823452078595,4854.393060447826,4878.21630859375,3467400
2019-04-09,4871.2114559684715,4951.090352743365,4868.408550806659,4909.048828125,2590800
2019-04-10,4805.344809835271,4888.026586753392,4784.324053886735,4881.01953125,2873400
2019-04-11,4861.400260331782,4910.4488301350775,4827.767049166473,4902.04052734375,2128800
2019-04-12,4914.653840299111,4920.259239618909,4840.38034914356,4900.64013671875,3494700
2019-04-15,4981.920139954499,4990.328443988178,4920.259106853617,4923.06201171875,3141600
2019-04-16,4904.843520850908,4948.286282540993,4874.012803015149,4935.673828125,2552400
2019-04-17,4988.927689366232,5061.799527998446,4974.91357421875,4974.91357421875,4164600
2019-04-18,5036.573997516906,5077.2142695761495,4965.1034149144125,4973.51171875,4665000
2019-04-19,5039.376641889111,5105.24141148962,5014.151731685931,5088.4248046875,4300500
2019-04-22,5088.425020838906,5092.629172718023,5002.9407361507365,5029.56689453125,2987700
2019-04-23,5073.009729889463,5073.009729889463,4973.511338586531,5016.9541015625,2751300
2019-04-24,5039.376783870803,5039.376783870803,4942.681292034272,4953.89208984375,3935400
2019-04-25,5009.947485910704,5050.587344544916,4963.701818073257,5002.9404296875,4766700
2019-04-26,4904.844509619207,4948.287280066926,4802.543196136555,4945.484375,4684800
2019-05-07,4869.8091983285085,4910.449470641489,4808.148576857029,4819.359375,4791000
2019-05-08,4683.424922438796,4759.099651885742,4658.200012623147,4703.04443359375,4163100
2019-05-09,4639.982159054628,4731.071837458904,4628.770951171557,4703.04443359375,3690300
2019-05-10,4703.044194611551,4794.133868387164,4637.179018808137,4682.0234375,4685700
2019-05-13,4620.3623939597655,4624.5665453646425,4550.293067024597,4560.10302734375,3926100
2019-05-14,4419.964016851962,4603.5454169066825,4404.549069985596,4561.50390625,3739200
2019-05-15,4610.5533937233895,4682.02397612471,4569.91312177854,4677.81982421875,3282900
2019-05-16,4665.208353368507,4676.419153776629,4478.82397248238,4527.87255859375,3699000
2019-05-17,4628.770351960638,4697.438016271179,4546.0885769700135,4547.490234375,4696800
2019-05-20,4478.823375377399,4543.2873166580175,4389.134931260473,4404.55029296875,4320300
2019-05-21,4342.888923615333,4372.317986989299,4218.16561341462,4321.8681640625,4852200
2019-05-22,4425.570678400455,4438.183134028675,4281.227856947466,4284.03076171875,3711000
2019-05-23,4220.967781297158,4223.770685602098,4162.109664824887,4178.92626953125,4089600
2019-05-24,4096.245124357939,4127.0758447803,4055.605263760183,4075.224365234375,5616000
2019-05-27,4057.006503746101,4124.2729328237565,4049.9994471966115,4096.2451171875,3017700
2019-05-28,4347.092337950079,4363.9089427390545,4180.327536938862,4206.9541015625,11250900
2019-05-29,4148.096714462859,4148.096714462859,4073.823226726092,4115.86474609375,5719800
2019-05-30,4152.3008399628325,4254.601732918903,4148.096688052833,4251.798828125,5663400
2019-05-31,4205.552826145019,4239.186038778133,4136.885153872971,4145.29345703125,5225100
2019-06-03,4058.4074244970384,4093.4422938656503,4021.97171871755,4059.80908203125,4969800
2019-06-04,4086.4347985362338,4191.53857421875,4085.0335517143417,4191.53857421875,4934100
2019-06-05,4316.2629987668615,4334.480854511934,4271.418572438531,4291.0380859375,4871100
2019-06-06,4274.220672458429,4286.833126497918,4187.334741110288,4194.341796875,3019200
2019-06-07,4247.595138684754,4324.671539134466,4247.595138684754,4312.05908203125,3378000
2019-06-10,4387.733600800518,4397.543152304201,4333.07962280821,4370.9169921875,4006500
2019-06-11,4408.753715137831,4484.428442800683,4404.549563601006,4477.42138671875,3961200
2019-06-12,4442.387184605169,4467.612095286407,4359.70539607388,4362.50830078125,3915000
2019-06-13,4258.805141886475,4274.2204997211875,4156.504266776645,4178.92626953125,6382200
2019-06-14,4136.885337574405,4149.497792871888,4055.605206955636,4100.44921875,7413000
2019-06-17,3867.8202015970032,4014.965535353411,3856.608991694977,3998.14892578125,5945100
2019-06-18,3943.4938677302066,3982.7324758288646,3926.677262750547,3957.507568359375,3639300
2019-06-19,4101.851309264955,4134.082869163365,4069.619338804805,4122.8720703125,5145300
2019-06-20,4122.87161863466,4166.314383186338,4042.9927354050533,4160.708984375,3729900
2019-06-21,4162.110138547373,4225.172413373848,4162.110138547373,4220.96826171875,6165900
2019-06-24,4146.69526191775,4176.124326931,4097.647093936823,4150.8994140625,3097800
2019-06-25,4106.05555980861,4125.674663548342,4007.958398862952,4013.564208984375,4743900
2019-06-26,4034.584280654055,4124.272711081583,4024.7743198998637,4103.251953125,4197900
2019-06-27,4202.751329620561,4282.6302285827815,4194.343024466643,4225.17333984375,5003400
2019-06-28,4218.166129693389,4241.98979695638,4174.723358154297,4237.78564453125,4001100
2019-07-01,4484.427910685946,4490.03330854936,4351.296324296431,4439.58349609375,6541800
2019-07-02,4442.386924831059,4581.123925465046,4432.576964209763,4571.31396484375,6552600
2019-07-03,4512.455685318732,4554.4971991899065,4481.625378667092,4532.0751953125,5549400
2019-07-04,4547.490713190141,4582.525172455943,4509.653349380871,4571.31396484375,3476400
2019-07-05,4590.933586448084,4703.04443359375,4579.722378565011,4703.04443359375,5922300
2019-07-08,4689.02978482837,4721.26174720487,4675.0160844985,4707.248046875,4404000
2019-07-09,4680.621821783581,4686.227630771164,4569.912636861314,4607.75,4839300
2019-07-10,4607.750468852672,4652.594892508061,4576.920158530554,4597.94091796875,3868500
2019-07-11,4606.348859457717,4679.220682924908,4606.348859457717,4669.4111328125,3817800
2019-07-12,4707.248597806414,4710.051091863407,4617.559755625579,4661.0029296875,3084000
2019-07-16,4679.220833630519,4712.854047169642,4637.179316706615,4656.798828125,2266200
2019-07-17,4578.320978418411,4656.798609851863,4532.07531196974,4645.58740234375,3081600
2019-07-18,4599.342469815341,4666.608904474432,4588.1312605182475,4624.5673828125,3561600
2019-07-19,4736.677909452896,4854.394161789675,4731.072099919531,4785.72607421875,6345000
2019-07-22,4795.534903935932,4854.393016214554,4791.330753058887,4840.37890625,4454100
2019-07-23,4948.287745369566,4995.934672617184,4920.259923750021,4987.5263671875,6374100
2019-07-24,5071.608072316198,5099.635886479679,5011.348702954475,5016.9541015625,6713100
2019-07-25,5098.235117842919,5199.134765625,4987.525508374213,5199.134765625,9216300
2019-07-26,5101.037007723342,5145.881427166922,5070.20670029682,5127.66357421875,5308200
2019-07-29,5022.559916468219,5127.66370649921,4970.708439678476,5087.0234375,5539800
2019-07-30,5161.296901108134,5287.421448700554,5148.684446348892,5241.17578125,5121300
2019-07-31,5215.951646854904,5287.422234444923,5197.7333802319745,5239.77490234375,4746900
2019-08-01,5126.262424791931,5227.162070619843,5113.649969063442,5207.54296875,3918000
2019-08-02,5030.969146211981,5183.7198790015245,5016.95503125245,5171.107421875,5887500
2019-08-05,5060.397611878696,5096.833321098237,4966.50461293504,5047.78515625,5454600
2019-08-06,4823.562643600994,5122.057376964413,4812.351847511066,5101.03662109375,6188700
2019-08-07,5094.031540675452,5099.6369404419665,5008.546833505955,5092.6298828125,4635300
2019-08-08,5109.446032080076,5180.916617547885,5095.4323286461795,5148.68505859375,3576000
2019-08-09,5186.522427370825,5224.359796147902,5134.670944598126,5148.68505859375,3469500
2019-08-13,5073.009507602401,5133.268874323703,5058.9953958538845,5117.853515625,3270600
2019-08-14,5241.175602779595,5253.788057109362,5162.697972318262,5173.9091796875,4097100
2019-08-15,5061.799031542412,5166.90283203125,5044.982423464198,5166.90283203125,4274700
2019-08-16,5246.782092721028,5302.837320105584,5208.944721860059,5269.2041015625,4614000
2019-08-19,5316.850237516955,5354.687599856939,5227.161401225515,5234.16845703125,2943900
2019-08-20,5257.992730868033,5316.85085692043,5238.373218663332,5305.6396484375,2544900
2019-08-21,5318.252355193433,5374.307579132077,5308.442803908644,5354.6884765625,3181800
2019-08-22,5410.74353227859,5482.21411506704,5396.729829370052,5409.34228515625,4395900
2019-08-23,5410.743850943755,5469.601981412452,5339.273263946053,5463.99658203125,4193700
2019-08-26,5325.259211166618,5347.681217783505,5281.816034484155,5301.435546875,5395500
2019-08-27,5353.286450767929,5409.342081414175,5353.286450767929,5356.08935546875,2927100
2019-08-28,5353.285831514919,5356.088735891508,5284.6181640625,5284.6181640625,2709900
2019-08-29,5311.245045975672,5321.055007356248,5207.54290714274,5235.5703125,3203100
2019-08-30,5315.4489482963945,5351.8850662243485,5273.407431672479,5326.66015625,4014600
2019-09-02,5290.224092092547,5417.750300855738,5279.013294586679,5392.525390625,2980200
2019-09-03,5412.143767779801,5434.566180916388,5329.46240234375,5329.46240234375,3380700
2019-09-04,5323.857542829987,5405.138086456631,5294.428479583511,5395.328125,3305100
2019-09-05,5465.397907443356,5646.176453612637,5462.595002431779,5619.55029296875,8358000
2019-09-06,5678.40808373418,5731.660401828305,5571.902626422493,5606.9375,4607700
2019-09-09,5606.936380760243,5734.462161975717,5606.936380760243,5713.44140625,4671000
2019-09-10,5740.068712361701,5745.674522055076,5675.6051853816425,5710.6396484375,4158600
2019-09-11,5710.639427809855,5724.653540940144,5641.971751493566,5717.646484375,4216500
2019-09-12,5829.757310049074,5927.854048705669,5812.940702818702,5871.798828125,6027900
2019-09-13,5913.839091546971,5913.839091546971,5815.741963140528,5864.79052734375,6438900
2019-09-17,5843.770915521412,5894.220736374834,5811.538948677828,5861.98876953125,3274200
2019-09-18,5871.798572473629,5895.621824638284,5817.1446013544955,5822.75,2610900
2019-09-19,5885.812889257739,5905.432402409173,5787.716144624019,5824.15185546875,3123900
2019-09-20,5804.532513532152,5864.791887107309,5755.483937956922,5821.34912109375,3738300
2019-09-24,5857.78451513045,5918.044296023725,5850.777869398068,5888.615234375,3900000
2019-09-25,5838.165613664259,5880.207131740185,5832.559804213002,5871.798828125,2509800
2019-09-26,5941.868315996617,5978.304438646312,5902.629698916611,5929.255859375,3412200
2019-09-27,5877.078706761812,5905.435865627686,5774.991937903564,5885.5859375,4296900
2019-09-30,5809.019760532192,5857.227253786584,5784.915806208972,5831.70556640625,3714900
2019-10-01,5901.181188473052,5979.164399803186,5891.256226194984,5967.8212890625,3635400
2019-10-02,5913.942794466719,5956.47894598624,5869.988909693915,5902.60009765625,3284400
2019-10-03,5851.555825390758,5960.731654082639,5834.541367372071,5913.94189453125,3838500
2019-10-04,5982.000063187079,6014.611248021799,5936.628449512412,5963.56787109375,3507600
2019-10-07,5976.328396106109,5989.089239656513,5875.65938074446,5911.1064453125,2123700
2019-10-08,5955.060009024768,6010.356994822855,5935.2096705306785,5991.9248046875,2558400
2019-10-09,5928.120624191702,6024.5356051037925,5905.4344042424855,6018.8642578125,2966100
2019-10-10,6017.446514560498,6074.1612335526315,5979.163985777604,6061.400390625,3029400
2019-10-11,6099.683358074354,6113.861934994053,6038.715020388396,6098.265625,3671400
2019-10-15,6173.413000468657,6198.9346900646115,6132.29499971434,6183.33837890625,3622800
2019-10-16,6252.813610294419,6313.781949209687,6251.395877191479,6266.9921875,4157400
2019-10-17,6181.919712317765,6248.559812475988,6145.055329585171,6228.70947265625,3893400
2019-10-18,6228.710041919412,6240.053153623384,6145.055891202894,6167.74169921875,4323300
2019-10-21,6174.83154296875,6234.382155825053,6167.7420458313445,6174.83154296875,2405700
2019-10-23,6095.429440553161,6099.683054956897,5901.180910985223,5921.03125,7357200
2019-10-24,6013.194205330627,6068.491203351799,5987.672513936239,6050.05859375,4512000
2019-10-25,6181.918762619353,6245.72297146081,6169.157920851062,6204.60498046875,5993700
2019-10-28,6275.4990502279015,6403.10748379823,6272.663584187696,6384.67529296875,4015800
2019-10-29,6459.822819019572,6488.1799726470945,6347.810691397095,6380.421875,3412200
2019-10-30,6274.081793531268,6298.185749055185,6187.591764898024,6232.96337890625,4200600
2019-10-31,6286.842742540462,6309.52854992232,6153.562949159921,6259.9033203125,4080000
2019-11-01,6079.832429247841,6319.452972953672,6059.9825065611185,6308.10986328125,3550500
2019-11-05,6447.062243244541,6482.508894448324,6286.842615482036,6296.767578125,4923000
2019-11-06,6340.721610676946,6414.450791657266,6232.96309763796,6247.14208984375,3896700
2019-11-07,6247.1424510121105,6322.289369400686,6240.052954499348,6284.0068359375,2598600
2019-11-08,6346.393122901602,6346.393122901602,6154.980461688081,6176.24853515625,5116500
2019-11-11,6197.517145504973,6238.635562902806,6173.413188355609,6200.35302734375,1818900
2019-11-12,6208.859942159263,6272.664164850809,6201.770445618399,6259.9033203125,2109600
2019-11-13,6261.320447120894,6315.199701751254,6224.455650227275,6275.4990234375,2647500
2019-11-14,6293.93105239892,6360.570728828648,6279.752061990555,6306.69189453125,2817000
2019-11-15,6315.200898486862,6451.316586174825,6254.232136448552,6449.8984375,4378800
2019-11-18,6464.076569448543,6598.774090490131,6455.569340103092,6567.5810546875,3803400
2019-11-19,6536.387611170061,6539.223077180307,6448.479441619765,6485.34423828125,2900400
2019-11-20,6437.136161697373,6483.925918945241,6360.571104382678,6383.25732421875,2967900
2019-11-21,6266.992280427598,6266.992280427598,6078.415497689678,6163.48779296875,6121200
2019-11-22,6082.668179680995,6261.319972370927,6068.489604439446,6211.6943359375,3398700
2019-11-25,6295.35009765625,6330.796750282629,6245.724451665653,6295.35009765625,2512200
2019-11-26,6434.301340106967,6466.912109375,6342.139549349691,6466.912109375,6792000
2019-11-27,6414.451100959466,6471.165826341238,6411.615219303153,6454.1513671875,2619600
2019-11-28,6479.673477924933,6495.27020496233,6411.615636877521,6421.541015625,2315100
2019-11-29,6447.062318444013,6468.33039249277,6383.258096297741,6408.77978515625,2718300
2019-12-02,6461.241293444672,6498.1060958607695,6391.7657190759655,6400.27294921875,2889300
2019-12-03,6310.9464508244055,6413.033203125,6279.752999582296,6413.033203125,2397000
2019-12-04,6349.229689371211,6388.929958996815,6306.693537846599,6344.97607421875,2525400
2019-12-05,6391.7655390360505,6401.690502125705,6303.857358239398,6361.990234375,2458500
2019-12-06,6380.422813324891,6441.391159521514,6364.826085761616,6374.75146484375,2242200
2019-12-09,6425.793869421074,6434.301098544142,6353.482421875,6353.482421875,2003400
2019-12-10,6337.8853995761365,6344.974895310365,6269.82756978203,6309.52783203125,2611500
2019-12-11,6352.064312483587,6400.272221405418,6333.6321210676215,6359.15380859375,2368200
2019-12-12,6437.1366617429485,6669.667733077878,6432.8830471172605,6668.25,7213500
2019-12-13,6912.123669887106,7078.0146379643975,6900.780559246866,7059.58203125,8146200
2019-12-16,7038.3142490496375,7112.0438481676165,6995.778101632367,7063.8359375,3236100
2019-12-17,7089.357586576078,7109.208342449972,6981.599900906898,6985.853515625,3690900
2019-12-18,6985.8534638154015,7058.164913486856,6899.363021594054,6922.048828125,3565800
2019-12-19,6910.7060391724035,6912.1237722514115,6777.42583719993,6780.26171875,3417000
2019-12-20,6798.6935726224465,6869.587284716139,6783.097263351939,6791.6044921875,3637500
2019-12-23,6872.422574774682,6902.197873137076,6781.678531408912,6783.0966796875,2271900
2019-12-24,6777.426341915943,6780.262223677202,6705.114887836576,6737.72607421875,2136600
2019-12-25,6709.367299994261,6729.2176379803295,6666.8311581612625,6715.0390625,1406100
2019-12-26,6749.068097103904,6811.454162650714,6729.217758761545,6793.02197265625,1831200
2019-12-27,6834.14113498437,6848.319712280765,6768.918765558416,6770.3369140625,1827000
2019-12-30,6768.918411733544,6801.52959474187,6673.9211595684765,6784.51513671875,1989300
2020-01-06,6693.772631807272,6716.45844121307,6615.7894090766395,6622.87890625,3440400
2020-01-07,6661.160503826503,6688.099924658506,6597.356284441192,6668.25,2783700
2020-01-08,6543.476563591832,6655.48868439036,6486.7618443998845,6604.4453125,4708200
2020-01-09,6736.307449866146,6950.405902019212,6736.307449866146,6943.31640625,4565400
2020-01-10,7002.8683273727775,7117.7159305487285,6963.167644408591,7043.986328125,4650600
2020-01-14,7215.548024776017,7249.576939287384,7126.222124183676,7174.42919921875,3821700
2020-01-15,7165.921991467385,7204.204520404202,7058.164315723486,7089.35693359375,2682000
2020-01-16,6970.256894666249,7109.208873017134,6947.5710862739925,7103.537109375,3046500
2020-01-17,7265.1742002070505,7282.188659692313,7083.686909292303,7096.44775390625,4128000
2020-01-20,7063.835814884199,7158.83348606182,7061.000348700309,7140.40087890625,1698300
2020-01-21,7112.0438952934455,7123.386591085166,6964.585111472462,6975.92822265625,3614700
2020-01-22,7032.643489221666,7131.89394844229,6991.524658519495,7123.38671875,3161700
2020-01-23,7085.1050913537265,7163.088317102204,7062.419696462147,7090.77685546875,2423700
2020-01-24,7178.68399651038,7221.220146659136,7089.358081197991,7148.90869140625,2781000
2020-01-27,6966.002936142063,7041.150265380948,6934.809485684839,6944.73486328125,3169800
2020-01-28,6802.946720762924,6890.854884502472,6778.843184308923,6882.34765625,3444300
2020-01-29,6947.570248519566,7048.239264019465,6895.109141204316,7026.97119140625,3638700
2020-01-30,7087.93976842358,7104.954226094704,6763.246924271617,6791.6044921875,4901400
2020-01-31,6975.927881376114,6992.942339623372,6727.800503734272,6947.5703125,4792800
2020-02-03,6699.4435617379895,6846.902352142918,6655.489678950404,6825.63427734375,4205400
2020-02-04,6822.797470525591,6970.255825545755,6770.336364931112,6943.31640625,3953100
2020-02-05,7085.104571587399,7089.358186665555,6973.09326171875,6973.09326171875,3820800
2020-02-06,7017.04608727515,7038.314160716865,6936.227823588692,6961.74951171875,5080200
2020-02-07,6970.255638398924,7009.956315170133,6879.512005792767,6905.03369140625,4099200
2020-02-10,6805.783040415776,6944.734582621608,6794.439930217739,6897.94482421875,2804100
2020-02-12,6992.942832867473,7138.98388671875,6964.585261991171,7138.98388671875,4702500
2020-02-13,7202.787733268131,7337.48525325984,7171.594282316574,7289.27734375,4485600
2020-02-14,7272.262431510656,7314.798575252742,7228.3089701665385,7283.60595703125,2885400
2020-02-17,7221.219665822304,7263.75581313872,7147.490897663267,7207.04150390625,2159400
2020-02-18,7117.715656915647,7117.715656915647,6836.976666775065,6863.91650390625,5211900
2020-02-19,7025.553687278639,7138.983972141111,6936.228189503207,7129.05859375,4832700
2020-02-20,7243.905979089027,7276.516748847035,7075.179536206622,7136.1474609375,3095400
2020-02-21,7106.372222161129,7180.101822703031,7039.732533515116,7045.404296875,2495700
2020-02-25,6692.353986381557,6943.317266063266,6689.518520036371,6886.6025390625,4276800
2020-02-26,6851.154728914315,6878.094146993886,6727.79991737268,6848.31884765625,4312500
2020-02-27,6882.349540613708,6900.781735076735,6672.50465806192,6700.86181640625,4672500
2020-02-28,6500.940472777518,6529.298040298197,6249.977225625991,6330.7958984375,7269000
2020-03-02,6281.171625877372,6678.175554337887,6255.649935860794,6615.7890625,6366000
2020-03-03,6757.576051421399,6760.411517637695,6481.091094848447,6488.18017578125,4483800
2020-03-04,6346.393064192275,6561.909678473368,6332.214487142012,6479.6728515625,3880800
2020-03-05,6559.074196439754,6614.371190313759,6441.39071203874,6510.86669921875,3937200
2020-03-06,6437.1371549248315,6482.509186205697,6323.707699810793,6361.990234375,4412700
2020-03-09,6125.20487275223,6140.801597697788,5963.56752194349,6017.44677734375,5479800
2020-03-10,5969.239271973979,6276.917684784459,5731.036844194031,6251.39599609375,6444900
2020-03-11,6187.591841596523,6244.30656750585,5901.181499583056,5908.27099609375,6350100
2020-03-12,5733.872526352084,5946.553258041701,5637.457122855439,5706.93310546875,6694200
2020-03-13,5217.767003345907,5706.932646928585,5033.443440430217,5342.53955078125,10557300
2020-03-16,5387.91249619642,5494.252871677981,5088.7412962469025,5158.21728515625,6859800
2020-03-17,5063.219576676686,5353.883544896778,4880.3141319124325,5091.5771484375,9071700
2020-03-18,5318.436113421466,5321.271995021655,5057.547883357913,5084.4873046875,8327700
2020-03-19,5197.917119125331,5214.931577780406,4644.947212835402,4681.81201171875,9137400
2020-03-23,4695.991007862983,4910.089493247778,4642.111745516466,4851.95703125,6937200
2020-03-24,5387.912170659685,5726.783203125,5312.764838062408,5726.783203125,11838000
2020-03-25,6139.383736615874,6153.562729190749,5678.57561655773,6003.26806640625,8663400
2020-03-26,5887.003034288228,6088.340668191477,5714.022556184711,5762.23046875,5927100
2020-03-27,6011.7748910792925,6075.579107194729,5879.912844440724,6054.31103515625,7440600
2020-03-30,5779.666242262565,5977.077072382362,5758.051933203991,5848.83203125,8146500
2020-03-31,5992.926843303745,6017.423199152542,5788.311539989407,5866.123046875,6141900
2020-04-01,5808.48436918383,5874.768097111052,5576.490688206959,5637.0107421875,4740000
2020-04-02,5602.428923600669,5742.201315184277,5454.0108083695295,5599.546875,5915400
2020-04-03,5807.043807583066,5874.768778467506,5541.908442969348,5649.97998046875,5202900
2020-04-06,5661.507313456639,6036.154999674224,5585.136625485985,6027.50927734375,6103200
2020-04-07,6448.26853816896,6481.410194864814,6167.282540961606,6370.45703125,7206000
2020-04-08,6374.7797605236265,6567.867288547991,6283.99967100108,6518.875,6053100
2020-04-09,6583.718208691454,6611.09619140625,6458.355222445852,6611.09619140625,4139400
2020-04-10,6710.522390178163,6710.522390178163,6449.709866500308,6526.08056640625,4993200
2020-04-13,6439.622628509488,6534.725578653643,6276.794709514231,6279.6767578125,4143300
2020-04-14,6383.425853072665,6573.631765946433,6314.260066573112,6528.9619140625,4753200
2020-04-15,6546.25356581277,6603.892004471457,6419.449760641709,6442.5048828125,4646100
2020-04-16,6367.575541834788,6517.434894218668,6296.9689385950605,6504.46630859375,4140000
2020-04-17,6686.025142092463,6786.891757860583,6634.150810185249,6755.19091796875,5572500
2020-04-20,6683.143508618632,6801.301575685469,6657.206341056076,6698.994140625,3883500
2020-04-21,6608.214050705647,6625.505495738323,6438.181226448058,6482.85107421875,4855800
2020-04-22,6458.354853852827,6488.614883288549,6307.054706674213,6384.8662109375,4767600
2020-04-23,6406.481003939964,6454.032482376765,6312.8188602402315,6340.197265625,4023300
2020-04-24,6222.038345925302,6275.353917775163,6128.3766306890975,6141.34521484375,4095300
2020-04-27,6167.281356805052,6325.785966436466,6165.8401218136505,6307.0537109375,3729600
2020-04-28,6249.4173265691925,6390.6305300794775,6249.4173265691925,6364.693359375,2885100
2020-04-30,6570.749623907426,6661.5297173956205,6446.827450808565,6611.09619140625,5404500
2020-05-01,6370.456834395154,6443.945477547728,6226.361174228332,6246.53466796875,6363600
2020-05-07,6219.156998686026,6477.087458115399,6213.392901811386,6443.94580078125,4635900
2020-05-08,6484.292204614642,6549.135126660789,6386.307203915652,6481.41015625,4275000
2020-05-11,6553.457033109917,6651.442019529774,6490.054933408317,6547.693359375,3340800
2020-05-12,6590.922038497962,6665.851486473439,6560.662012294775,6615.41796875,3004800
2020-05-13,6513.111819470078,6564.986160274297,6448.268893464805,6557.78125,3190200
2020-05-14,6510.2296324181225,6511.670445580541,6347.401703195489,6361.8115234375,4103400
2020-05-15,6559.2216181083795,6611.095955392597,6407.921467696081,6491.4970703125,4403400
2020-05-18,6321.4647880543225,6367.575454808661,6224.92101488423,6253.740234375,4110300
2020-05-19,6428.09485484547,6439.622625879409,6285.4404296875,6285.4404296875,3334800
2020-05-20,6314.2601086222685,6452.5916825425775,6308.496011605947,6418.0087890625,3074700
2020-05-21,6455.473456840671,6488.615537903438,6334.433326886443,6364.693359375,2747700
2020-05-22,6400.717058973797,6412.24440818722,6311.377780720339,6376.220703125,2610300
2020-05-25,6462.677626992292,6477.087023904011,6400.716755902034,6467.00048828125,2526300
2020-05-26,6585.159176234575,6619.742069802817,6521.757486129107,6540.48974609375,3667500
2020-05-27,6396.394068841403,6433.858586263236,6260.944129994979,6308.49560546875,7470900
2020-05-28,6366.134594739341,6366.134594739341,6272.472448699459,6364.693359375,5241600
2020-05-29,6308.495468350164,6345.960407112109,6196.10107421875,6196.10107421875,8201400
2020-06-01,6288.322732516329,6475.646592012149,6247.975743341637,6471.32373046875,5459700
2020-06-02,6455.472845959413,6541.930073459558,6415.126280510821,6534.7255859375,3402000
2020-06-03,6619.742025464177,6706.1992588056955,6539.048889115064,6601.009765625,4179900
2020-06-04,6714.845272726741,6750.8694029476355,6652.884393535431,6681.70361328125,3639300
2020-06-05,6694.672162052445,6881.996033984621,6671.616617520702,6870.46826171875,3888000
2020-06-08,6994.389592233894,7020.326760066652,6933.869533957457,6971.33447265625,3555300
2020-06-09,6928.10680366696,6939.634153949356,6758.073954379566,6782.5703125,3744300
2020-06-10,6772.483253302556,6948.279342022703,6755.191807057659,6881.99560546875,3698400
2020-06-11,6822.916222330414,6920.901223172595,6768.160258403276,6775.36474609375,3239400
2020-06-12,6575.07281819692,6691.790087158995,6438.182053387439,6675.939453125,6090600
2020-06-15,6599.567824364374,6622.622941929725,6305.61328125,6305.61328125,4636500
2020-06-16,6513.110557892759,6667.292315093159,6495.81911430734,6648.56005859375,4384200
2020-06-17,6611.096791602941,6706.1997553198535,6570.750220441203,6645.6796875,2564700
2020-06-18,6680.261886929448,6707.640291429876,6606.773240809943,6687.466796875,2855400
2020-06-19,6948.279351065546,7186.03715939675,6907.932783826428,7164.4228515625,9129900
2020-06-22,7233.588975050342,7335.896422149207,7118.312098335261,7229.26611328125,4555800
2020-06-23,7348.864740314853,7412.266429187149,7222.060518261353,7360.39208984375,4832400
2020-06-24,7321.486657312664,7386.329584343504,7299.872348302383,7347.423828125,2695500
2020-06-25,7305.636293833492,7390.6522927396245,7281.1403588999465,7361.83349609375,3311100
2020-06-26,7420.912151238809,7657.229148860681,7392.093355266665,7603.91357421875,5370600
2020-06-29,7492.960885876614,7650.02430490474,7472.78696753048,7514.5751953125,3475800
2020-06-30,7688.929456625178,7694.693553457325,7590.944876332058,7619.763671875,4281900
2020-07-01,7723.5130055881955,8000.176168108477,7711.98565525284,7992.9716796875,6691800
2020-07-02,8126.978981354055,8126.978981354055,7920.92288081628,8049.16748046875,5524200
2020-07-03,8056.3729218986,8302.776037221489,8005.939817157708,8276.8388671875,4573800
2020-07-06,8299.894660351385,8520.36061226697,8299.894660351385,8501.6279296875,4844400
2020-07-07,8590.968094340786,8743.708656622079,8543.416611981536,8628.4326171875,5795700
2020-07-08,8560.70676721646,8660.132578951661,8546.296947847533,8590.966796875,4442400
2020-07-09,8616.903578345316,8683.18688698745,8572.233731323058,8598.1708984375,3322800
2020-07-10,8598.171043882978,8766.762632978724,8529.005263741135,8533.328125,4560300
2020-07-13,8589.526518175122,8595.290615426355,8367.619327864626,8435.3447265625,3839400
2020-07-14,8291.24799812305,8393.555434425163,8242.255288474013,8312.8623046875,3504600
2020-07-15,8357.532924674375,8429.580338438394,8279.72141385802,8410.84765625,3638400
2020-07-16,8213.435975408755,8240.81437676305,8121.214658459128,8196.14453125,3903600
2020-07-17,8242.2559215206,8348.88707163426,8163.00402090324,8197.5869140625,3880500
2020-07-20,8294.129812848603,8454.075685062922,8266.752253450264,8392.115234375,4021500
2020-07-21,8547.736870668385,8619.78426783322,8449.751464898425,8588.0830078125,4837800
2020-07-22,8508.83350050263,8592.408268147483,8469.927743192757,8547.7392578125,2996400
2020-07-27,8357.532746390072,8396.438500968305,8246.578735275838,8320.0673828125,3698700
2020-07-28,8413.730280408834,8464.163386532724,8299.894638479484,8346.0048828125,2823300
2020-07-29,8530.448165669168,8641.401344889238,8242.25679589674,8330.1552734375,5482500
2020-07-30,8383.469414566518,8431.020889539583,8281.1611328125,8281.1611328125,2902500
2020-07-31,8312.863116455079,8330.154563395183,8132.744158931971,8299.89453125,4049700
2020-08-03,8357.533077127462,8400.76169503621,8245.138670564718,8346.0048828125,3241800
2020-08-04,8472.80741928673,8567.910359707294,8387.791435801573,8393.5546875,3514500
2020-08-05,8387.792956658514,8420.934615014356,8317.185933925883,8410.84765625,2263200
2020-08-06,8333.036132121708,8333.036132121708,8223.524198464773,8232.169921875,2921700
2020-08-07,8132.744769231905,8147.153746557319,7942.538838617266,8052.05078125,3762900
2020-08-11,8016.025948590389,8089.51458943613,7920.923001613547,8072.22314453125,3164700
2020-08-12,7982.884454021885,8030.435933493026,7926.687251010537,8023.2314453125,3071100
2020-08-13,8224.964148791605,8366.178186464882,8200.468215211453,8272.515625,3919200
2020-08-14,8297.012020848008,8305.65774339689,8177.412296049225,8268.1923828125,2770500
2020-08-17,8236.490993696283,8307.097156663665,8210.553829102042,8256.6640625,1796400
2020-08-18,8335.916394279413,8432.459717242811,8289.805318768918,8351.7666015625,2844300
2020-08-19,8291.247880629895,8324.389535456126,8180.294723274291,8278.279296875,2835000
2020-08-20,8216.318214864292,8230.728034175536,7994.411894462525,8003.0576171875,3683400
2020-08-21,8082.311259542624,8173.091367776119,8026.114049683793,8062.13818359375,2347200
2020-08-24,7939.655836320848,8054.932713062907,7925.246859959795,8023.2314453125,2082300
2020-08-25,8124.095879373444,8124.095879373444,8020.347230375311,8037.638671875,1986000
2020-08-26,8060.696397157641,8095.27929316877,8028.995972020096,8056.37353515625,1425900
2020-08-27,8056.373216628035,8108.247558593751,7987.207427340414,8108.24755859375,2273400
2020-08-28,7991.529934046492,8016.026712869914,7758.095405574041,7825.82080078125,5255400
2020-08-31,7969.916446467815,7972.798917396134,7822.93913562959,7824.38037109375,2739000
2020-09-01,7954.064290427371,7992.970039674026,7884.898513988872,7929.568359375,2878800
2020-09-02,7995.853751224208,8044.846470416982,7922.365094589555,8041.96484375,2345100
2020-09-03,8186.058253004643,8248.019547815507,8105.365121674044,8121.21533203125,3241500
2020-09-04,7876.254513305816,7952.624793377943,7844.553244073527,7899.31005859375,2793600
2020-09-07,7755.213620827415,7773.9463023140215,7602.472231288606,7608.236328125,4065600
2020-09-08,7644.259444409394,7665.873749299987,7507.368283896447,7657.22802734375,2937300
2020-09-09,7426.675906767831,7508.810273606357,7413.707322530169,7500.16455078125,3462900
2020-09-10,7608.23577630422,7609.677011486011,7356.068589403313,7374.80126953125,3705000
2020-09-11,7370.4784082947135,7429.557230424433,7281.139557509237,7374.80126953125,4618200
2020-09-14,7344.54204924444,7393.534763420461,7281.1403588999465,7361.83349609375,2644800
2020-09-15,7475.669250772439,7556.3623892055975,7425.235300481391,7446.849609375,3017700
2020-09-16,7488.637695744442,7539.07080078125,7452.613566827336,7539.07080078125,2371500
2020-09-17,7596.709941110074,7601.032803207765,7491.520015296619,7541.953125,2768100
2020-09-18,7550.597675701413,7599.5903866305825,7530.424603817108,7566.44873046875,2261700
2020-09-23,7589.503137421368,7771.063310342587,7589.503137421368,7758.0947265625,3156600
2020-09-24,7794.118892718916,7946.860272810809,7746.567418609149,7913.7177734375,3826800
2020-09-25,7982.884213033611,7991.52993631282,7882.018004315444,7926.68701171875,2651100
2020-09-28,7980.0031172309755,7984.325979157969,7724.954263538328,7788.35595703125,3288900
2020-09-29,7867.217501384535,8156.378281364274,7851.153298843817,8119.86865234375,3300300
2020-09-30,8076.056237657716,8160.759328169671,7970.906865401954,7982.58984375,3638700
2020-10-02,8026.40186641241,8201.650815460715,8026.40186641241,8051.228515625,2885400
2020-10-05,8051.228211263641,8089.199385927185,7870.138207897994,7922.712890625,2528100
2020-10-06,7966.524500591412,7969.4450308332,7870.137589828174,7900.80615234375,2061600
2020-10-07,7867.217475632479,8086.278671869766,7862.836251707734,8049.76904296875,3052800
2020-10-08,8076.056495802486,8353.533444319337,8076.056495802486,8347.6923828125,4014600
2020-10-09,8433.856896878817,8436.777427884199,8260.06861575485,8303.880859375,3234300
2020-10-12,8311.18175766813,8382.74203343749,8283.433721000869,8298.0380859375,1638600
2020-10-13,8341.850361820727,8395.8857421875,8303.88003966742,8395.8857421875,1834200
2020-10-14,8426.55403073891,8631.010855445866,8423.632644410734,8610.5654296875,4202100
2020-10-15,8483.510417838832,8623.709586840361,8449.920463127004,8600.3427734375,2789700
2020-10-16,8582.817955394235,8631.011420176948,8426.554582092287,8474.748046875,2094900
2020-10-19,8449.921152151104,8543.387557676175,8449.921152151104,8486.431640625,1371000
2020-10-20,8528.781144360282,8649.995560492427,8501.033967030302,8562.37109375,2181900
2020-10-21,8563.829915043349,8593.03863763062,8498.111572783362,8499.572265625,1577400
2020-10-22,8446.999791666667,8543.38671875,8439.698036972046,8543.38671875,1582200
2020-10-23,8480.58942483619,8495.193790854082,8308.261842081212,8309.7216796875,2248800
2020-10-26,8366.676237099193,8382.741293824398,8251.304588114823,8299.498046875,1180200
2020-10-27,8226.476249791607,8333.086296621132,8191.426465158081,8321.4033203125,1793400
2020-10-28,8230.859433524225,8409.029784991279,8230.859433524225,8406.1083984375,2160900
2020-10-29,8300.958082451403,8482.048944322296,8280.512657422078,8468.9052734375,2023200
2020-10-30,8556.529467773436,8557.990160837942,8144.694460107947,8149.07568359375,3624300
2020-11-02,8191.426854599842,8203.110687171586,7995.732499661373,8143.2333984375,2333700
2020-11-04,8251.305383560666,8295.117623020797,8131.551643800372,8151.9970703125,2830500
2020-11-05,8324.324182589427,8594.499331349862,8324.324182589427,8484.96875,5062200
2020-11-06,8362.295698905746,8528.782206448908,8354.993944337151,8479.12890625,2599500
2020-11-09,8562.369990148902,8797.49532703329,8557.988767376475,8743.4599609375,3621600
2020-11-10,8734.698046247226,8797.49586170443,8563.830347738027,8607.642578125,3194100
2020-11-11,8556.52913482816,8774.129607586703,8530.241794936215,8715.7138671875,2890500
2020-11-12,8838.388911817698,8879.279762618877,8744.922520814887,8826.705078125,3633900
2020-11-13,8835.46738640581,9098.340804735646,8797.497066771857,9063.291015625,5063400
2020-11-16,9267.74816966787,9571.512421125139,9241.460829308624,9513.0966796875,3925800
2020-11-17,9545.22598962203,9767.208566485924,9524.780563742897,9638.6923828125,3425400
2020-11-18,9451.761109784138,9583.197833240463,9390.423972171186,9454.681640625,2580300
2020-11-19,9343.691516245446,9375.820782355542,9221.017225635187,9288.1962890625,2786700
2020-11-20,9302.798863076483,9431.314191325191,9288.194498440493,9387.501953125,1824900
2020-11-24,9694.18782775379,9959.982648988555,9667.900484271746,9913.2490234375,3362400
2020-11-25,9945.378277625616,10059.290099307673,9866.516247230347,9898.6455078125,3314100
2020-11-26,9930.77332160634,10222.85546875,9916.169813244578,10222.85546875,2693400
2020-11-27,10208.251858595862,10292.955807322292,10082.65705658727,10284.193359375,2631600
2020-11-30,10456.520714478866,10503.254339698055,10284.19314556995,10360.1337890625,3081900
2020-12-01,10450.678006845363,10766.126076698303,10441.915560460558,10725.234375,2952300
2020-12-02,10900.485673032714,10915.09003875236,10675.582548347807,10763.20703125,2939700
2020-12-03,10763.206377671686,11023.15927973225,10748.602868546655,10967.6640625,2703000
2020-12-04,10812.860646494559,10844.989907179286,10552.907741718373,10625.9287109375,3744900
2020-12-07,10769.049683734327,10871.278539333922,10663.900297074593,10774.8916015625,2526300
2020-12-08,10766.126416845667,10993.950030048478,10678.501950229202,10909.24609375,2284500
2020-12-09,10874.19872534554,10976.427577701319,10771.969872989763,10856.673828125,2261400
2020-12-10,10687.265482822242,10713.552825478235,10567.511747709019,10637.611328125,2238300
2020-12-11,10538.302048198451,10684.342244951795,10538.302048198451,10617.1640625,2636700
2020-12-14,10649.29397644277,10771.968238371048,10593.798762234937,10719.3935546875,1608000
2020-12-15,10570.433493913564,10678.504263288083,10529.542637773679,10646.375,1710600
2020-12-16,10736.917778211073,10748.601610993472,10585.035653409092,10602.560546875,1630200
2020-12-17,10646.373514933579,10888.801509837393,10631.769150802007,10880.0390625,2277900
2020-12-18,10663.898527583473,10757.364918785614,10538.303732927285,10587.95703125,3364200
2020-12-21,10658.05663361675,10716.473235207028,10541.224286143954,10643.453125,1889100
2020-12-22,10602.560140468964,10684.342688272509,10509.093760330872,10529.5400390625,1723500
2020-12-23,10614.244411136357,10678.5029296875,10532.461853362254,10678.5029296875,1355100
2020-12-24,10646.373175396693,10675.581047020585,10608.402856714862,10660.9775390625,887100
2020-12-25,10690.18478204864,10690.18478204864,10625.92712597167,10628.84765625,587700
2020-12-28,10611.325047182234,10929.69372152318,10608.404516275277,10918.0107421875,1891200
2020-12-29,10953.060057000836,11332.765853740924,10926.772712864033,11291.875,2843400
2020-12-30,11245.139510703235,11356.130786132813,11151.67398416981,11215.931640625,2285100
2021-01-04,11128.306731086303,11189.64385480095,10958.899722253153,11072.8115234375,2264100
2021-01-05,11072.812988435266,11405.78598979763,11066.971071596497,11356.1318359375,3134700
2021-01-06,11364.893832705584,11417.468515046552,11142.912125835188,11177.9619140625,2601900
2021-01-07,11294.795943336925,11434.9951171875,11221.775825525701,11434.9951171875,2885400
2021-01-08,11683.264102976935,11954.900000002885,11651.135696381243,11881.8798828125,3724200
2021-01-12,11876.036030442716,12092.17667164522,11814.698902398139,11916.927734375,2804100
2021-01-13,12109.702452213183,12647.132280630716,12065.890214687086,12544.904296875,4389600
2021-01-14,12416.386801414266,12758.122217966953,12127.226064331224,12340.4453125,5135100
2021-01-15,12860.352034603078,13044.36342688337,12650.053300568457,12822.380859375,5219700
2021-01-18,12506.932427598396,12758.122860733356,12369.6546614277,12623.765625,2787900
2021-01-19,12682.181372207302,12924.609358403084,12670.498394746346,12889.5595703125,2711100
2021-01-20,13085.256570334914,13167.039996154159,12915.849512351433,13006.39453125,2970300
2021-01-21,13026.838572431476,13070.65080882339,12731.835895490012,12912.9267578125,2989800
2021-01-22,12834.064394826017,12907.084501656509,12708.46875,12708.46875,2733300
2021-01-25,12804.855973184773,12845.747678953965,12682.18171158494,12842.8271484375,2280600
2021-01-26,12851.589895270383,13193.32534626448,12836.985530932152,12971.3427734375,3763500
2021-01-27,12740.59830359745,13012.234168392168,12544.903933551146,12822.380859375,3671100
2021-01-28,12325.841991945239,12577.03156052013,12229.455078125,12229.455078125,6055500
2021-01-29,12433.911686222447,12521.536151946355,11575.191922128155,11627.7666015625,6451500
2021-02-01,11429.150932158698,11916.927412974683,11391.180615343446,11767.9658203125,2906700
2021-02-02,11975.344016835612,12115.543162961658,11773.80774427942,12019.15625,2636100
2021-02-03,12197.327286921382,12200.247817606649,11858.512354826524,11925.69140625,2270400
2021-02-04,11627.768916686746,11782.572455523397,11557.669330150578,11616.0859375,2482200
2021-02-05,11803.018197682612,11878.95970369059,11639.452206168451,11835.1474609375,2535000
2021-02-08,11797.173698161976,12103.8593303127,11651.133491419132,12019.15625,2544300
2021-02-09,12235.29761115347,12296.634745511115,12109.702811752315,12246.9814453125,2757900
2021-02-10,12211.93234083365,12279.110540339932,12048.36635478128,12112.6240234375,2507100
2021-02-12,12445.595630284048,12725.993942391515,12337.52573272854,12556.5869140625,4614600
2021-02-15,12708.469853832308,12749.36156217717,12594.558032314573,12723.07421875,2097300
2021-02-16,12816.538611307655,13053.12466518455,12766.884462912421,12883.716796875,3395700
2021-02-17,12752.28253939752,12761.044987513393,12460.201220771036,12600.400390625,3306900
2021-02-18,12468.962792216349,12647.13227280971,12433.913002217147,12524.4580078125,2297700
2021-02-19,12393.021849874698,12793.173922174066,12387.180788418633,12717.232421875,2886300
2021-02-22,12895.401191464827,13575.950657493899,12883.717358563828,13523.3759765625,6275400
2021-02-24,13181.640487885841,13476.643148057545,13073.570596165056,13152.4326171875,4765800
2021-02-25,13494.169005021049,13675.259869978028,13205.00824062774,13348.1279296875,3109800
2021-02-26,12813.619840839952,13056.047860396458,12705.549931258298,12720.154296875,5043000
2021-03-01,13129.064982350152,13219.610830529402,12930.450104947418,12985.9453125,2543400
2021-03-02,13190.40329952078,13286.790216769887,12857.430312660224,12889.5595703125,2592600
2021-03-03,12728.916383305306,12845.748737794649,12585.795829169962,12731.8369140625,2196600
2021-03-04,12416.387575535202,12617.92385940063,12349.208529010817,12422.2294921875,2856600
2021-03-05,12095.097664710363,12176.881075703437,11794.253929457393,12115.5439453125,4247400
2021-03-08,12355.050864118508,12410.546079217873,11969.50317757864,11978.265625,2765400
2021-03-09,11613.164891109895,12098.020949326628,11458.362203446412,11940.296875,4273800
2021-03-10,12267.426343404059,12378.417628889823,11861.433232989224,11873.1162109375,3538200
2021-03-11,11706.629680540089,11823.462026846488,11528.460202673974,11803.0166015625,3579300
2021-03-12,12007.473051218632,12357.970935036328,11957.819754816275,12331.68359375,4814400
2021-03-15,12305.397646486408,12320.002011869183,12022.078776873768,12138.9111328125,2289600
2021-03-16,12284.950094301917,12495.248812036043,12261.583284873344,12325.841796875,2414700
2021-03-17,12416.387517777324,12588.715928995085,12226.534212391916,12296.6337890625,2410200
2021-03-18,12577.03225095826,12872.03492499018,12559.507356574339,12632.5283203125,3245400
2021-03-19,12267.426164815057,12390.100426463208,12173.959775466266,12305.396484375,3778200
2021-03-22,12209.009235872187,12270.346365045218,12100.939341136562,12121.384765625,2748300
2021-03-23,12413.46686648813,12582.87388989049,12276.188244941906,12302.4755859375,3299100
2021-03-24,12568.26957705223,13096.937785235907,12547.824152542373,12924.609375,5829900
2021-03-25,12720.153935325909,12845.748737794649,12404.70580806765,12731.8369140625,4190400
2021-03-26,12936.294186712325,13076.493359133528,12758.124690329656,12930.453125,2912700
2021-03-29,13339.366217787128,13488.327831900151,13275.108551837053,13359.8125,4374300
2021-03-30,13560.566316392185,13752.183306294826,13531.087111659861,13722.7041015625,3442500
2021-03-31,13929.060458192094,13949.695815429668,13687.328903205442,13793.455078125,2999700
2021-04-01,14150.157307706962,14503.911240399637,14132.469611072329,14439.056640625,4743900
2021-04-02,14901.884366942997,15072.866009634785,14804.602035764141,14872.404296875,3600000
2021-04-05,15122.979976629622,15122.979976629622,14893.039930201336,14925.466796875,2812500
2021-04-06,14872.403044046514,14907.778434222493,14562.868380006697,14586.453125,3867300
2021-04-07,14380.095408474595,14692.578582298025,14365.355375397809,14518.6484375,3831600
2021-04-08,14409.575579152002,14716.16258761294,14329.980949771885,14695.5263671875,3034500
2021-04-09,14757.434677621748,14863.560860027292,14615.933101081022,14660.15234375,3520500
2021-04-12,14716.163397522616,14733.85109391387,14533.391110584367,14577.6103515625,1641900
2021-04-13,14477.3794962407,14727.955770888153,14332.930263597815,14577.6103515625,2497800
2021-04-14,14548.128322313301,14733.849109406663,14536.335950536084,14713.212890625,1786500
2021-04-15,14415.473138255093,14524.547846156429,14335.878501295401,14427.2646484375,2359200
2021-04-16,14612.984749434523,14630.672444621527,14462.638476687996,14480.326171875,2219100
2021-04-19,14533.39013802979,14775.12082099123,14503.910070245767,14754.486328125,2055900
2021-04-20,14474.432913061446,14556.975214484279,14415.4736328125,14415.4736328125,2927100
2021-04-21,14194.376380529531,14306.398745769342,13964.436327013163,13982.1240234375,3255600
2021-04-22,14394.835756208982,14621.828125,14344.720333577987,14621.828125,3249900
2021-04-23,14385.994127750104,14409.5771484375,14164.897910948908,14409.5771484375,2542800
2021-04-26,14418.41943331071,14509.805571791243,14388.940228820184,14462.638671875,2029500
2021-04-27,14648.362215591957,14754.488401752862,14453.796677306516,14471.484375,2560200
2021-04-28,14400.730882591331,14642.462417833442,14365.355493840927,14551.0771484375,1866300
2021-04-30,14503.909465382365,14545.180176707678,14156.051762025107,14244.490234375,2916900
2021-05-06,14049.928651267124,14400.734092122297,13828.832422300778,14371.2548828125,4283700
2021-05-07,14503.909087291073,14783.963666660566,14383.04289034467,14713.212890625,3405000
2021-05-10,14807.550863182363,14946.10391343294,14733.851550165253,14757.4345703125,2263800
2021-05-11,14347.668559770584,14415.4716796875,14076.457807416917,14150.15625,3785400
2021-05-12,14291.65750162321,14406.627518653593,13536.982805924805,13702.0673828125,5118600
2021-05-13,13221.552943320734,13348.314478525976,13035.83213274566,13059.416015625,4267200
2021-05-14,13383.689451832332,13702.067974274962,13377.794129039923,13681.4326171875,3633000
2021-05-17,13884.842878303272,13893.686727270344,13080.052622299707,13177.3349609375,3789300
2021-05-18,13274.615035625013,13389.58505258912,13088.894238990686,13348.3134765625,3063300
2021-05-19,13065.310452027408,13333.57440264803,12970.976654225353,13251.03125,2751600
2021-05-20,13236.292375664309,13557.618554942977,13177.333102977846,13522.2431640625,2754000
2021-05-21,13790.509204965841,13819.98927943942,13554.673791120344,13699.123046875,3056700
2021-05-24,13601.837788046454,13763.974708297448,13551.722363100364,13578.25390625,1978200
2021-05-25,13784.610245127133,13887.787887598652,13651.952535957786,13817.037109375,2726700
2021-05-26,13799.353017690022,13949.69846066895,13778.717656539427,13843.572265625,2402100
2021-05-27,13769.870128174447,13920.215530986885,13722.703230864041,13890.736328125,5277300
2021-05-28,14002.758890411318,14259.230479571705,13914.320411390494,14235.6474609375,3193200
2021-05-31,14247.439350170507,14347.669341181121,14229.751653894691,14344.7216796875,2102700
2021-06-01,14444.950987404027,14486.222564647665,14197.323251256203,14350.6171875,1891200
2021-06-02,14318.187878548028,14329.979386321067,14158.998637155893,14250.384765625,2327400
2021-06-03,14176.689328905246,14533.391798791328,14159.001631676418,14515.7041015625,2403300
2021-06-04,14385.993950811391,14456.744739317584,14247.440035434403,14282.8154296875,2159700
2021-06-07,14571.713202745344,14601.193272302904,14273.970891276127,14312.2939453125,2273700
2021-06-08,14444.951974453757,14477.379706193677,14215.011918032844,14229.751953125,1960200
2021-06-09,14011.603642776203,14017.49982964387,13740.39286537677,13802.2998046875,2840400
2021-06-10,13737.443841788267,14082.35391972214,13707.964635833447,14023.3955078125,1954200
2021-06-11,14091.198342642449,14265.127651281524,14023.396079815062,14114.7822265625,2309100
2021-06-14,14223.854794414898,14350.6171875,14132.46865586506,14350.6171875,1357800
2021-06-15,14477.377644412878,14592.34765625,14418.41837609794,14592.34765625,2743800
2021-06-16,14474.432033894267,14500.962715189156,14344.721970687933,14439.056640625,2124600
2021-06-17,14291.658678016453,14515.703407981147,14200.272534586436,14512.7548828125,1891800
2021-06-18,14663.099218040634,14772.173913447563,14562.868370171725,14610.0361328125,2414400
2021-06-21,14197.323945700098,14324.08634498562,13914.320804831279,14023.3955078125,4189800
2021-06-22,14179.634778880441,14268.073251230333,14073.50861206057,14244.490234375,2825400
2021-06-23,14312.29560053576,14400.734092122297,14200.27408696424,14371.2548828125,1838400
2021-06-24,14412.525883743456,14453.796602376224,14282.815813444633,14335.87890625,1289700
2021-06-25,14480.326661337203,14551.07830813375,14418.41972609012,14436.107421875,1595400
2021-06-28,14368.305575711001,14385.993272002948,14194.376274287835,14200.2724609375,1739400
2021-06-29,14356.512798021618,14388.94052819579,14161.948144290638,14170.7919921875,2007000
2021-06-30,14167.845024165352,14247.439659132573,14156.053514278117,14173.7412109375,1434000
2021-07-01,14105.938181393734,14191.429003712114,13990.968152329082,14132.4697265625,1852500
2021-07-02,13943.799300040533,13993.913858139558,13781.66152645348,13834.724609375,2620200
2021-07-05,13887.787692296519,13893.683878284559,13772.817679299893,13834.724609375,1118100
2021-07-06,13817.036915067825,13893.683878284559,13761.02617098076,13834.724609375,855900
2021-07-07,13666.69054671803,13855.359848419968,13613.627467550026,13778.712890625,1921200
2021-07-08,13613.629594149123,13663.745020188671,13383.689548501936,13463.2841796875,2868900
2021-07-09,13262.824973187147,13554.671971152216,13212.709544236748,13513.400390625,3612600
2021-07-12,13707.966103183204,13769.873046875,13625.423799479857,13769.873046875,1863000
2021-07-13,13796.40303836369,13825.882244149725,13654.901468739445,13678.4853515625,1640100
2021-07-14,13595.940926336532,13781.661719158736,13486.867097802797,13672.587890625,1590900
2021-07-15,13669.641995241229,13710.91271209503,13581.203511044407,13634.2666015625,1706100
2021-07-16,13460.337803907583,13534.0362556403,13209.76237709067,13413.1708984375,3159600
2021-07-19,13221.553720801769,13309.992207228535,13082.999804180801,13133.115234375,2322900
2021-07-20,13047.62363097786,13330.626770654973,13032.884459891038,13082.9990234375,2470500
2021-07-21,13242.188870574415,13307.044335367646,13068.26042578722,13206.8134765625,2166000
2021-07-26,13595.941900904547,13595.941900904547,13348.314159391455,13374.845703125,1848900
2021-07-27,13295.250586885446,13463.283691067698,13233.343653765669,13419.064453125,1224600
2021-07-28,13212.70908367519,13236.292966533963,13006.35291554631,13082.9990234375,2300400
2021-07-29,13183.231109203554,13424.962692370635,13150.80337520101,13410.22265625,2053800
2021-07-30,13436.753137838898,13451.493172790975,13227.449305267475,13242.1884765625,1605300
2021-08-02,13554.670993639927,13743.339458509427,13507.503229679794,13722.7041015625,2346300
2021-08-03,13749.235841120502,13814.090437919898,13610.681935953087,13705.0166015625,1458000
2021-08-04,13622.473542667618,13696.1728515625,13501.60819611638,13696.1728515625,1326900
2021-08-05,13811.143052110714,13999.8115234375,13805.246865499645,13999.8115234375,1788600
2021-08-06,13884.8408203125,13973.279296875,13831.777734375,13973.279296875,1169700
2021-08-10,13973.28154738152,14064.667699995562,13837.676149364373,13914.322265625,1534800
2021-08-11,13687.328417184573,13725.651468881266,13507.50294029603,13572.3583984375,2330700
2021-08-12,13286.406350594238,13454.439449860569,13183.228707517801,13366.0009765625,2234400
2021-08-13,13153.748435642894,13236.291585205949,13044.674608160873,13118.373046875,3275400
2021-08-16,13286.406454277352,13324.730368776894,13136.061048497384,13245.1357421875,2477400
2021-08-17,13613.628906217542,13640.160448605357,13147.853515625,13147.853515625,3471900
2021-08-18,12973.92412895991,13141.95722947132,12853.057926671308,13068.2587890625,3240900
2021-08-19,12773.465549382441,12888.435585766807,12623.1201171875,12623.1201171875,3418200
2021-08-20,12732.19344967832,12844.214948495557,12578.899508680475,12658.494140625,2749800
2021-08-23,12685.026539674345,13026.988973039233,12673.23502944007,12997.509765625,3096300
2021-08-24,13265.771582096399,13336.522363867578,13171.436918515823,13256.927734375,2713500
2021-08-25,13233.343956105595,13330.626281802122,13141.957816821801,13192.0732421875,1462200
2021-08-26,13298.201243877953,13525.192792604737,13286.408869431301,13466.234375,2333400
2021-08-27,13486.868063608805,13590.046577117715,13398.429584503174,13584.150390625,2170500
2021-08-30,13855.362005112465,13896.632719562645,13651.953503306371,13728.599609375,2504400
2021-08-31,13740.393432218641,13934.958106650303,13625.423397327204,13926.1142578125,3068700
2021-09-01,13920.217284329066,14035.187312725686,13843.570310845633,13996.8642578125,2647800
2021-09-02,14061.71961615787,14223.856556550716,14058.771954438509,14159.001953125,2554800
2021-09-03,14329.982511736993,14527.494844212273,14265.127909354907,14442.0048828125,3882900
2021-09-06,14775.121873844484,14813.44579196322,14654.256523751079,14792.8095703125,3104400
2021-09-07,14925.465723009253,15034.540415520614,14887.143536237798,14934.3095703125,3054900
2021-09-08,14887.1440452467,15285.1171875,14857.663977456607,15285.1171875,3590700
2021-09-09,15140.668547901572,15444.307920486403,15105.293154098064,15329.337890625,2839500
2021-09-10,15529.796399884122,16098.75117177877,15494.421009451586,16081.0634765625,5070300
2021-09-13,16443.662980166766,16514.41376856861,16125.284432358465,16322.7958984375,2922300
2021-09-14,16470.19275260104,16481.983397855827,16234.355665109508,16393.544921875,2454000
2021-09-15,16361.116734372346,16697.18291594324,16361.116734372346,16647.068359375,2714700
2021-09-16,16658.862979272817,16756.14531820689,15969.04275774028,16140.0244140625,3692700
2021-09-17,16137.071991017368,16467.242849485094,16131.176668883356,16340.48046875,3811200
2021-09-21,15801.007730843328,16169.502546252976,15747.944643246488,15939.5625,3011100
2021-09-22,15933.665157775931,16048.63517879505,15857.019052867856,15877.6552734375,1839000
2021-09-24,16234.353114448939,16243.196960657522,15992.62246962351,16045.685546875,2111100
2021-09-27,16007.367073972753,16060.430169245592,15871.760810281847,16039.7939453125,1790100
2021-09-28,15995.571678084583,15995.571678084583,15668.349319039613,15871.7578125,2713800
2021-09-29,15299.807471517564,15496.723862831901,15177.47945690615,15216.2666015625,4476900
2021-09-30,15007.41485947746,15067.087656915992,14723.975190317627,14819.44921875,4567500
2021-10-01,14697.122803633052,15126.75854941526,14509.157164853335,14589.7138671875,3460800
2021-10-04,14744.860198715736,14762.761687525106,14043.717970951295,14067.5869140625,2951400
2021-10-05,13649.887059019928,13840.836007387248,13342.57841769047,13760.279296875,4285800
2021-10-06,14082.505151143389,14130.243040458958,13432.084931656615,13473.8544921875,4115400
2021-10-07,13637.95178121477,13921.39145040604,13551.427623473175,13691.65625,2935800
2021-10-08,14183.946871540518,14273.454317355674,13861.720066605954,14136.208984375,5203800
2021-10-11,13995.98288589614,14216.767362213539,13769.230080359006,13966.146484375,3255000
2021-10-12,13936.309938648452,14174.99676289586,13822.9335441641,13882.60546875,2562000
2021-10-13,13626.016798158176,13909.457339907787,13461.920102459017,13649.8857421875,2513700
2021-10-14,13963.162333424252,14380.86406211431,13894.539663069801,14356.9951171875,4225800
2021-10-15,14774.695739430235,14813.482883588345,14536.009790300588,14783.646484375,3752400
2021-10-18,14756.794996434597,14959.679724246267,14655.353506624991,14920.892578125,2667600
2021-10-19,15040.234053633996,15329.64027692033,15016.364237554166,15198.36328125,2697300
2021-10-20,15514.625699037762,15559.3794253348,15132.726069174738,15204.33203125,2479800
2021-10-21,14697.124522208098,14935.81049282209,14473.355878447317,14503.19140625,3261600
2021-10-22,14667.287260837842,15261.020610222467,14652.369934858756,15141.6767578125,4318800
2021-10-25,14825.418298233006,15007.415619518342,14720.99177152313,14956.6953125,2250000
2021-10-26,15287.872158514416,15371.413026264403,15192.39812979468,15308.7578125,2754900
2021-10-27,15186.429141485018,15338.591796875,15037.25065030403,15338.591796875,2016600
2021-10-28,15395.280728845899,15717.507534798486,15341.576261187134,15648.8857421875,6294300
2021-10-29,15633.969277204751,15839.836437574133,15413.184789394541,15768.23046875,3118200
2021-11-01,16096.42462030908,16442.51953125,16012.883746002313,16442.51953125,3680100
2021-11-02,16409.700467021514,16603.632701105038,16350.027665616999,16478.322265625,2316900
2021-11-04,16857.234645230714,16952.7086625,16705.072001480712,16782.64453125,2643900
2021-11-05,17006.418086297002,17173.498102308688,16878.12347238879,16887.07421875,2515800
2021-11-08,17036.251038167396,17200.346856076972,16973.595826334793,17098.90625,1982700
2021-11-09,17200.34710185311,17283.887968221065,17021.332208344866,17063.103515625,2079600
2021-11-10,16833.36510202673,17003.429236027292,16669.269296084123,16708.0546875,2127900
2021-11-11,16409.701207233236,16925.86029869128,16311.243003486221,16863.205078125,2706000
2021-11-12,16940.775839190308,17218.248929581052,16866.187464224255,17194.380859375,2900700
2021-11-15,17603.13303005477,17653.855088977045,17277.923760975184,17361.462890625,3413700
2021-11-16,17361.46074974609,17621.03234897714,17158.5777836526,17603.130859375,2557200
2021-11-17,17820.933306659317,18238.634157535136,17820.933306659317,18184.9296875,3585900
2021-11-18,18199.849926903316,18241.61949020829,17934.309975928314,18083.490234375,2805000
2021-11-19,18363.945847483967,19124.759225177673,18277.42255588885,18742.861328125,5169600
2021-11-22,18548.928386849235,18856.236142704034,18480.304840899476,18808.5,3009000
2021-11-24,18444.501280624965,18775.67884562537,18360.962159419785,18471.353515625,2969700
2021-11-25,18647.3854712885,18754.794408246595,18396.764618386285,18581.74609375,2036700
2021-11-26,18572.79435558432,18626.498821190828,17907.45511561738,18152.109375,3522000
2021-11-29,17907.45559636371,18462.401755862473,17904.47318032255,18080.50390625,4141800
2021-11-30,18498.20558744065,18721.974210466917,17853.751953125,17853.751953125,6311400
2021-12-01,18011.882268326255,18170.01150658879,17701.58862393447,17880.603515625,3503700
2021-12-02,17898.50398734574,18071.552288873678,17635.949993252827,17776.177734375,3441600
2021-12-03,17680.7055106893,17698.60700066023,17149.627392154147,17692.638671875,3615900
2021-12-06,17671.75394135131,18020.83297950066,17459.91848778205,17919.390625,2457900
2021-12-07,18026.801885226916,18396.766624490054,17826.90131469233,18256.537109375,3675000
2021-12-08,18796.56121468169,18999.44414982375,18593.67827953963,18769.708984375,3269100
2021-12-09,18614.5678588035,18898.00931949617,18531.028726723493,18686.173828125,2431800
2021-12-10,18459.421448655594,18701.091577981584,18423.618466533226,18450.470703125,3474300
2021-12-13,18668.267337425383,18760.758939098858,18531.023765100785,18704.0703125,2098800
2021-12-14,18498.20648729582,18650.369158355716,18286.37276325698,18360.962890625,2585100
2021-12-15,18259.519928415753,18349.027379045245,18116.308007408574,18310.240234375,1844400
2021-12-16,18829.385362566027,18883.0898384043,18650.370443105116,18880.107421875,2847900
2021-12-17,18429.582788031497,18599.646932262967,18280.404296875,18280.404296875,3277800
2021-12-20,18122.270819792375,18250.56538841513,17653.849757694275,17782.142578125,3197100
2021-12-21,18158.079911633882,18590.69989490417,18068.572449453313,18563.84765625,3184200
2021-12-22,18781.648507593236,18793.581669645377,18572.79719337068,18701.091796875,2052000
2021-12-23,18796.563693299817,18945.7421875,18730.92431671943,18945.7421875,1563600
2021-12-24,19088.95716764359,19318.694148481816,19050.17176687292,19172.498046875,1838100
2021-12-27,19363.445373110597,19587.21399549557,19336.5931384244,19572.294921875,2207400
2021-12-28,19882.588073531362,19987.01284526908,19697.604851582775,19927.341796875,2658600
2021-12-29,19840.81714117925,19855.73621470391,19479.804931514034,19733.408203125,2244900
2021-12-30,19760.258662190812,19867.667590594432,19479.803181265044,19775.177734375,2475300
2022-01-04,20073.533850547166,20637.430700709105,20067.567270842297,20413.662109375,3359400
2022-01-05,20136.190978883053,20374.878664559288,20094.42142057624,20127.240234375,2648700
2022-01-06,19691.642211294416,19891.542798291473,19396.267578125,19396.267578125,3176100
2022-01-07,19718.489174777613,19769.209475080803,19276.918551516224,19369.41015625,2580900
2022-01-11,19071.049689650117,19220.22990918204,18698.10263720439,18721.970703125,3452400
2022-01-12,19130.724835082903,19494.721189156106,19115.805762375334,19423.115234375,2729400
2022-01-13,19381.34886803922,19596.166767753228,19273.939918182215,19491.740234375,2192100
2022-01-14,19399.246923241706,19515.60659830783,19154.59266473091,19458.91796875,3717900
2022-01-17,19670.75379222013,19775.180318386017,19521.575288230542,19545.443359375,1825500
2022-01-18,19599.14672301887,20019.83172379687,19438.03331846559,19560.361328125,2588700
2022-01-19,18975.580819227962,18975.580819227962,18214.767437324954,18375.880859375,4611000
2022-01-20,17901.487379119924,18390.79411808516,17832.86559356401,18292.3359375,3569700
2022-01-21,17603.129205838653,17662.801997702034,16839.333553355398,17158.576171875,5414700
2022-01-24,16714.022748226307,17474.835967112664,16648.38337798383,17436.048828125,4221000
2022-01-25,17483.789716795796,17653.85387731486,16827.401146096676,16967.62890625,4336500
2022-01-26,16711.040916218837,16958.677611839437,16460.420056200557,16830.384765625,3986100
2022-01-27,17107.85809237063,17155.594234225773,15932.326316964889,16015.8671875,6080100
2022-01-28,16108.357570445436,16150.128881145913,15416.167757663536,15804.0322265625,5295000
2022-01-31,15905.475313275278,16511.14186402687,15720.493815829223,16329.14453125,3619200
2022-02-01,17143.661556762792,17170.513792886406,16376.87987088239,16520.091796875,3812400
2022-02-02,16684.1880156185,17051.16854600496,16606.61547810498,16857.236328125,3123600
2022-02-03,16600.650075387333,16702.09244862432,16284.391541035902,16469.373046875,2825100
2022-02-04,16302.289419387596,16728.940978611816,16290.354511007761,16719.990234375,2664600
2022-02-07,16648.383127417706,16648.383127417706,16314.221449656396,16490.25390625,2216100
2022-02-08,16585.73093145059,16785.631491228924,16493.239314563463,16555.89453125,2185500
2022-02-09,16758.778659294123,16854.252689070014,16588.7145057666,16746.84375,3228000
2022-02-10,17113.825139435696,17313.72570200302,16827.40128772966,17051.169921875,4812900
2022-02-14,16454.453863069488,17021.33322766487,16409.700137012354,16881.10546875,4703400
2022-02-15,16991.49668608353,17042.21698724339,16445.501288908188,16475.3359375,3324900
2022-02-16,17072.05302614304,17319.689694863413,16925.856957615873,17283.88671875,3443700
2022-02-17,17197.363602223173,17573.294854904652,17164.543041686335,17370.41015625,3831300
2022-02-18,17072.0545741074,17107.85755346715,16699.10570698171,16949.7265625,4252200
2022-02-21,16242.615529381645,16591.694531056357,16084.486307934914,16451.466796875,3472500
2022-02-22,15854.75244522248,16021.832424083661,15610.098183017824,15786.12890625,4347300
2022-02-24,15669.768989050448,16066.585899474814,15633.966012115685,15962.1611328125,5334000
2022-02-25,16558.880768236555,16893.042548452573,16394.783168883507,16887.07421875,4920000
2022-02-28,16588.713292296823,16949.725478967972,16379.862009985207,16639.43359375,4084200
2022-03-01,16946.74245673949,17212.280611119113,16809.497133479817,17200.345703125,3445200
2022-03-02,16839.334838837854,17104.873013866392,16725.957574557735,16857.236328125,3441000
2022-03-03,17182.447257201013,17197.36633188296,16842.318926978365,16934.810546875,2565600
2022-03-04,16711.039254486543,16746.842230928934,16090.453746754343,16287.3701171875,4505700
2022-03-07,15547.443726643738,15836.851724742864,15440.03478898126,15493.7392578125,3935400
2022-03-08,14974.597152975895,15720.493190626818,14950.729081149277,15434.0693359375,4488600
2022-03-09,15499.706976048179,15711.542450782843,15258.036848567699,15437.0517578125,3562200
2022-03-10,16033.77048903885,16179.96484375,15887.574386135095,16179.96484375,3861600
2022-03-11,16165.046582473587,16168.030747076418,15514.626317109323,15747.345703125,4312200
2022-03-14,15747.34284908108,16233.665440613771,15744.3586850191,15953.2099609375,2829000
2022-03-15,15741.372385230208,16108.352839183806,15666.784027530206,15950.2236328125,2687700
2022-03-16,16248.586421445134,16466.38671875,16021.833630902678,16466.38671875,3511500
2022-03-17,17063.107227000924,17331.629625669277,16973.59976077814,17265.990234375,3584700
2022-03-18,17295.823906047848,17465.888064997147,17110.840672957176,17412.18359375,3038700
2022-03-22,17576.279589447604,17811.98313154051,17412.183757884988,17746.34375,3238500
2022-03-23,18164.045377434377,18444.500882587487,18122.27406954084,18420.6328125,3057900
2022-03-24,18184.93086750395,18826.402133343054,18053.653848297075,18823.41796875,3540300
2022-03-25,19244.102902397804,19297.807375613796,18701.09158927803,18942.76171875,3649500
2022-03-28,18745.847061552802,18975.582302293078,18659.322014523976,18695.125,2343300
2022-03-29,18993.48195454004,19023.31835560976,18554.895424958293,18778.6640625,2966400
2022-03-30,18968.926791009213,19053.488751132245,18440.41940653004,18754.50390625,3242400
2022-03-31,18675.981727576174,19234.690146532543,18521.959244066493,19101.80859375,4721400
2022-04-01,18968.92705427515,18974.968331942022,18564.241080792497,18627.662109375,3442500
2022-04-04,18358.876700152254,18497.79776112244,18068.95202395737,18132.373046875,3081300
2022-04-05,18422.296267891026,18503.83757662988,18135.39048336269,18292.43359375,2635500
2022-04-06,17833.389901952767,17839.429410088305,17549.504706623182,17628.025390625,3574500
2022-04-07,17024.012784458122,17120.653743141847,16619.32688981294,16667.646484375,4841400
2022-04-08,16851.87062813407,17024.01339261501,16583.086901517054,16737.109375,4016100
2022-04-11,16543.829320347588,16715.972122695126,16302.225977081587,16631.41015625,2585700
2022-04-12,16447.185743958224,16589.12744243455,16269.001691667754,16275.04296875,2941800
2022-04-13,16317.323653493262,16897.17302263461,16287.122575663869,16818.65234375,3131400
2022-04-14,16969.652203588837,17310.917087842325,16942.47176759804,17126.6953125,3138900
2022-04-15,16513.624776992074,16743.149055192094,16247.861685981197,16272.021484375,3564900
2022-04-18,16069.677747618505,16383.763976582077,16048.538587471126,16362.623046875,2130300
2022-04-19,16640.466643304255,16755.229665997995,16453.224226178212,16737.109375,2748900
2022-04-20,17039.117622595866,17072.339344723212,16507.58953371988,16528.73046875,2948700
2022-04-21,16670.6699973531,17162.938559954328,16613.288478161077,17114.6171875,3741000
2022-04-22,16670.67046012251,16821.67232008914,16537.78889413427,16755.232421875,2937900
2022-04-25,16504.565854674533,16951.533660225905,16489.46620075422,16712.94921875,3502200
2022-04-26,17063.275482865858,17063.275482865858,16782.410958078217,16800.53125,2888100
2022-04-27,16498.526946657123,16549.8671875,16205.58161694922,16549.8671875,4067100
2022-04-28,16459.26644052126,16785.43173213235,16338.465660371938,16755.232421875,2612100
2022-05-02,17123.674355220133,17126.694993460496,16374.70294505665,16546.845703125,3037800
2022-05-06,16583.089583127727,16709.931640625,16265.984439384545,16709.931640625,2906700
2022-05-09,16407.927113417438,16655.571734800375,16371.6865234375,16371.6865234375,2212800
2022-05-10,16175.381872571548,16238.802897018353,15722.374555094375,16142.16015625,3640200
2022-05-11,16133.09820203651,16664.627908020095,16042.496748693813,16586.10546875,3086100
2022-05-12,16253.90279296875,16525.7071875,16045.519423828126,16308.263671875,3675900
2022-05-13,16797.51170975417,17332.060356396833,16592.148977733443,17211.2578125,5237700
2022-05-16,17718.624421745797,17751.846135818658,17159.91602452799,17220.31640625,3801300
2022-05-17,17310.91783086545,17516.282313539275,17081.395319020176,17528.361328125,2355300
2022-05-18,17860.567327840028,18159.552127816474,17806.20645511704,18029.689453125,4083900
2022-05-19,17365.280191342514,17615.945424064612,17310.919312375292,17413.6015625,3799500
2022-05-20,17576.684886355324,17727.68674397929,17344.141707093622,17634.06640625,3148200
2022-05-23,17742.78697030959,17872.64788666426,17531.38296826365,17727.685546875,3130800
2022-05-24,17682.38707611029,17857.55051560085,17585.74609375,17585.74609375,2902800
2022-05-25,17697.48668365654,17863.588189130718,17567.623994480127,17721.646484375,3032100
2022-05-26,17579.706362561632,17631.04660729617,17217.300471353075,17298.841796875,3972300
2022-05-27,17682.384567664853,17875.668274526,17615.94467589992,17854.52734375,3775800
2022-05-30,18120.292825584886,18126.33233334013,17797.148193381905,18044.791015625,4832100
2022-05-31,17993.450977158573,18038.751709729462,17739.76687476157,17812.248046875,3742800
2022-06-01,17703.52765303663,17745.807750174514,17537.424364289232,17621.986328125,2912700
2022-06-02,17513.261529641073,17730.705025094456,17449.840510133836,17685.404296875,2248800
2022-06-03,17933.053165693404,18108.21484375,17884.731787491524,18108.21484375,3231300
2022-06-06,17945.129437821728,18370.956319999812,17927.009144963085,18322.63671875,2760000
2022-06-07,18271.293759840453,18283.374544305076,17917.948067457946,17936.068359375,3224700
2022-06-08,18038.751253587372,18153.512516678402,17670.3058945142,17757.88671875,3099300
2022-06-09,17365.280142573683,17507.223616962703,17159.917412460876,17368.30078125,4530000
2022-06-10,17135.757059246247,17165.95636679631,16785.43022736319,16809.591796875,4446600
2022-06-13,16205.581336409557,16368.663972268334,15924.716796875,15924.716796875,4467000
2022-06-14,15447.551662726612,15852.237665797076,15332.790382944857,15616.673828125,5832300
2022-06-15,15619.6925390625,15800.89546875,15402.2490234375,15402.2490234375,3025800
2022-06-16,15779.754664174367,15927.737647797487,15260.307441260327,15278.427734375,3689100
2022-06-17,14553.616165713565,14734.819109817821,14345.23277999367,14508.3154296875,6191100
2022-06-20,14360.331545542038,14360.331545542038,13405.99645279437,13753.3017578125,8166000
2022-06-21,13967.724769052425,14290.86937243843,13614.379090463728,14103.626953125,6151800
2022-06-22,14315.030412308812,14318.050165992381,13454.316558404167,13560.0185546875,5764800
2022-06-23,13481.49814335781,13931.485719503167,13390.896677340621,13572.099609375,5618400
2022-06-24,13439.216997664746,14154.968570326353,13436.197243761593,14112.6884765625,5496000
2022-06-27,14324.09303846256,14493.216084844833,14019.067781089183,14426.7744140625,5255100
2022-06-28,14315.03129929022,14447.91374129888,14094.568032012601,14360.33203125,4113900
2022-06-29,14025.107150466722,14058.327983432808,13804.643874768035,13952.6259765625,6031500
2022-06-30,13674.780597188977,13804.643284736816,13348.615328560778,13378.81640625,6483600
2022-07-01,13439.217010603274,13493.577889591934,12723.465437252578,12883.5283203125,7930500
2022-07-04,12563.404347179689,12977.150477316422,12484.882776926443,12808.0283203125,5807100
2022-07-05,12904.668141802573,13128.15204644556,12759.70580036494,12856.34765625,4394100
2022-07-06,12820.107904808447,13004.330597442051,12690.24609375,12690.24609375,4742100
2022-07-07,12786.885325176558,13064.73008799394,12563.40232129157,12931.84765625,5513700
2022-07-08,13203.652738501783,13442.237177769699,13070.771184377272,13152.3125,7144200
2022-07-11,13116.071711634115,13176.472095378404,12780.846308167724,12971.109375,5158500
2022-07-12,12925.808950623352,12943.929243131339,12509.042222939674,12596.623046875,4413300
2022-07-13,12675.144410106923,12853.327578561386,12632.86343332623,12768.765625,3687600
2022-07-14,12768.765897118126,13230.833358656171,12708.365511606951,13194.5927734375,5073900
2022-07-15,13206.674393814634,13360.696890737407,12868.428320523075,12998.291015625,5184600
2022-07-19,12956.009766897025,13173.45328746033,12850.307760585434,12986.2099609375,3634200
2022-07-20,13514.718802728717,13741.222464870652,13478.478216786008,13620.419921875,5622600
2022-07-21,13593.239202910328,13677.801158224487,13333.515598848033,13487.5380859375,4837200
2022-07-22,13587.199893055862,13701.961157998958,13430.156765060165,13668.7412109375,3467700
2022-07-25,13457.33789987439,13680.821818323326,13390.897117537666,13596.2607421875,2750400
2022-07-26,13511.698593915442,13662.701335074125,13412.0369794023,13445.2578125,2811000
2022-07-27,13442.236966018676,13910.343921440473,13439.216327486225,13862.0234375,3761700
2022-07-28,14345.231626579694,14345.231626579694,13768.402890747147,13913.365234375,4920600
2022-07-29,14112.688635379802,14118.728143254071,13798.603258619829,13895.2451171875,3663300
2022-08-01,13868.064034449832,14106.647588700534,13765.381787988597,14073.4267578125,3403500
2022-08-02,13967.726908269633,14025.107544295086,13692.901859645674,13792.5634765625,3231600
2022-08-03,13880.145552923716,13994.907712735305,13704.98300144708,13925.4462890625,3019500
2022-08-04,14278.789963903959,14550.59434138944,14245.56913395133,14357.3115234375,4350000
2022-08-05,14550.594404560814,14810.318883545604,14432.81250713909,14755.9580078125,3852600
2022-08-08,14846.559936058435,15067.02409759432,14777.099400587093,15009.642578125,4617900
2022-08-09,13922.42460276654,14161.008151726974,13602.298855292673,13771.421875,8228100
2022-08-10,13291.23544614537,13514.719363661156,13137.212949496105,13412.037109375,5988300
2022-08-12,13865.042949731594,14082.486450845816,13714.04110825552,14019.0654296875,7022100
2022-08-15,14194.230329064147,14254.630718079508,14025.107293305216,14118.728515625,2989200
2022-08-16,14043.225982762484,14133.827440715791,13937.523986890339,14022.0859375,2769000
2022-08-17,14040.206933990487,14085.5076652415,13834.84332405926,13979.8056640625,3523500
2022-08-18,13759.342695787209,13958.66591757316,13641.5607920046,13868.064453125,3223800
2022-08-19,14079.467150186661,14145.90792718283,13952.625103788583,14073.4267578125,3089400
2022-08-22,13780.482469110815,13837.863100529368,13683.840614023857,13795.5830078125,2850300
2022-08-23,13641.559623219708,13765.381024170109,13635.519231180719,13686.8603515625,2530500
2022-08-24,13617.399379313367,13671.760255079089,13375.795192094643,13387.8759765625,3493200
2022-08-25,13363.715667664144,13599.279469263649,13342.575621421594,13550.958984375,2368500
2022-08-26,13762.36143287075,14010.005122472416,13717.060703993624,13852.962890625,3231000
2022-08-29,13218.75363232792,13357.675582566251,13137.212314513697,13146.2724609375,4613700
2022-08-30,13179.49410318937,13405.997777712677,13161.373809227507,13363.716796875,3358800
2022-08-31,13082.852021590523,13393.916767805102,13052.65182708599,13336.5361328125,3979500
2022-09-01,13125.132161864918,13254.993963182726,12889.568359375,12889.568359375,4926000
2022-09-02,12943.928962247093,12986.209053994973,12792.926233030677,12847.287109375,3194700
2022-09-05,12699.305414619204,12877.487702783017,12666.084583113108,12856.34765625,2648400
2022-09-06,12910.708937735768,13067.751184273977,12859.36781194561,12895.6083984375,2298600
2022-09-07,12826.14851643125,12871.4492518498,12518.103515585131,12548.3037109375,4053000
2022-09-08,12747.626249171819,12904.668495102063,12629.844343529152,12820.107421875,3486000
2022-09-09,12980.168896975008,13058.689569023421,12820.10602971043,12965.068359375,4095900
2022-09-12,13197.614117783696,13245.934605732493,13064.731669949559,13122.1123046875,2844900
2022-09-13,13107.011824748752,13282.174356718358,13085.870893718351,13258.013671875,3366600
2022-09-14,12626.823925771769,12925.808747454063,12584.542948991077,12768.765625,5114400
2022-09-15,12847.289679298558,13010.37234095397,12702.327313382637,12913.73046875,4099500
2022-09-16,12684.205547328416,12696.285448161123,12355.0205078125,12355.0205078125,5984700
2022-09-20,12490.922129950397,12587.563101683374,12391.26051956457,12394.2802734375,3517800
2022-09-21,12231.199352001562,12342.940878315389,12173.818711696633,12197.978515625,3364500
2022-09-22,11989.592852364422,12279.517522928638,11953.352268543895,12204.0166015625,3498300
2022-09-26,11895.972234586967,11935.232574097907,11687.5888671875,11687.5888671875,4546800
2022-09-27,11657.3891546315,11723.829936107311,11542.62700046423,11587.927734375,4310100
2022-09-28,11566.787091171589,11778.190210275538,11276.862409072499,11427.8642578125,5393400
2022-09-29,11711.219045030164,11726.669504240645,11402.216197799204,11433.1162109375,4383600
2022-09-30,11124.115021008403,11161.195404411765,10836.742049632354,11031.4140625,7864500
2022-10-03,11000.514124265239,11590.70962751256,10947.983278969874,11538.1796875,5762700
2022-10-04,11970.78260793686,11980.052703117317,11695.770387771769,11847.181640625,6162600
2022-10-05,11949.152195069648,11995.502669061385,11735.940014707661,11769.9306640625,5124900
2022-10-06,11862.631422800972,12162.364181404988,11834.82113884959,12094.3837890625,4724400
2022-10-07,11905.892791577948,12097.475074077787,11837.912390496042,11998.59375,5142900
2022-10-11,11464.01788691124,11565.98893281689,11281.705715197806,11340.416015625,6066000
2022-10-12,11139.5639241659,11222.994775152012,10676.059196465276,10842.9208984375,9017100
2022-10-13,10864.552187106754,11164.284980382616,10768.761499732213,11049.9541015625,5490600
2022-10-14,11241.534113306148,11464.016365761141,11192.093009238859,11328.0546875,6543000
2022-10-17,11077.76391521778,11349.686409702099,11068.493819891237,11346.5966796875,3651000
2022-10-18,11541.268744351872,11575.259395828416,11275.52570845059,11501.0986328125,5922600
2022-10-19,11467.107751815845,11689.590036410493,11417.667545889057,11606.1591796875,5321700
2022-10-20,11525.817917271637,11541.268377503098,11226.085144703817,11340.416015625,5469000
2022-10-21,11544.359872388193,11918.254368060007,11525.819679389024,11862.6337890625,6108900
2022-10-24,12137.644835417806,12384.847685797442,12072.754166405395,12100.564453125,5905800
2022-10-25,12023.315022724573,12255.067432568916,11942.973885550917,12190.1767578125,5308800
2022-10-26,12088.204925583843,12267.42647599159,11949.153488556422,12106.7451171875,5134500
2022-10-27,12069.664531919347,12372.487958137031,12035.67387945409,12233.4365234375,4380600
2022-10-28,11973.873233239015,12193.264882139116,11915.162026956397,12044.943359375,4745400
2022-10-31,12412.657618341313,12508.448301436903,12162.365045006574,12202.53515625,4436700
2022-11-01,12112.924796824587,12285.96597180367,12088.204240992114,12267.42578125,3033300
2022-11-02,12202.534480583125,12267.425144150919,12010.953125,12010.953125,3581100
2022-11-04,11742.120381635734,11912.071817873024,11624.698879076088,11726.669921875,4448400
2022-11-07,11955.333809383026,12245.79650832421,11918.253426314672,12171.6357421875,4373400
2022-11-08,12360.1266768072,12662.950089543032,12307.596740670111,12573.3388671875,4977000
2022-11-09,12789.641003271456,12894.701775163943,12656.769041893913,12777.2802734375,4651200
2022-11-10,12591.879313761747,12758.74103136622,12520.80918571131,12644.41015625,3915300
2022-11-11,13293.315475247211,13874.241697358279,13259.324827082855,13710.4697265625,12543300
2022-11-14,14183.24702047871,14195.60684684019,13846.433830903663,14028.7451171875,6182100
2022-11-15,14016.38486581871,14186.336320587769,13852.612871401609,14105.99609375,4987200
2022-11-16,14245.0461213779,14455.167668774526,13982.392829208062,14337.7470703125,5900100
2022-11-17,13858.792513975059,14053.464515843603,13775.361656031395,13914.4130859375,4635600
2022-11-18,14059.64466261388,14158.52507437718,13759.91098150904,13778.451171875,4234200
2022-11-21,13908.23181900045,13939.132738275988,13769.18039810859,13827.8916015625,2963100
2022-11-22,13796.992181171576,13864.973486736999,13695.02112810623,13840.2529296875,2688000
2022-11-24,14245.047765477786,14374.829108965012,14217.237477587667,14331.568359375,4125600
2022-11-25,14285.216838891378,14322.297220043594,14167.795330148445,14220.326171875,2644800
2022-11-28,14038.013860766681,14105.995162412126,13963.853099177279,13997.84375,2515800
2022-11-29,13849.52137040592,13963.852235692108,13778.450343183327,13846.431640625,2790600
2022-11-30,13766.091410928144,13932.953125,13685.750283873374,13932.953125,4177800
2022-12-01,14615.850900521802,14622.030360678082,14411.908799143745,14492.2490234375,5317800
2022-12-02,14319.206655643413,14529.328199740094,14294.486101221519,14442.8076171875,3700800
2022-12-05,14377.917940408124,14526.23946655031,14223.416048915764,14245.046875,3259200
2022-12-06,14164.705513265453,14433.538274970098,14136.89522757187,14393.3681640625,2627400
2022-12-07,14189.427259592263,14245.047835646481,13840.253341490965,13849.5234375,4307700
2022-12-08,13781.54116782227,13886.601939928209,13623.949557022017,13719.740234375,3129000
2022-12-09,13753.73117318226,14161.615350901337,13750.640538011065,14121.4443359375,4956600
2022-12-12,13905.14209049426,14044.193511399204,13858.79161685928,13982.392578125,2239500
2022-12-13,14105.99504772971,14146.165158169806,13877.33239959384,13994.75390625,3268500
2022-12-14,14170.885777343366,14365.55777580863,14099.814745984027,14260.49609375,3557100
2022-12-15,14186.336840379143,14251.227513431842,14133.806899048843,14161.6171875,2436600
2022-12-16,13729.010561262692,13778.450765686846,13500.347918395906,13528.158203125,5115000
2022-12-19,13311.855881937196,13450.907301316762,13277.865233216853,13321.1259765625,2786700
2022-12-20,13194.434921419323,13296.405966469662,12715.480616371358,12851.44140625,6042300
2022-12-21,12783.461319509195,12910.152922720403,12659.8603515625,12659.8603515625,3932700
2022-12-22,12777.280158176518,12848.351185591235,12567.158616287,12576.4287109375,3194400
2022-12-23,12174.724836384685,12214.895852798873,12014.043486576165,12112.9248046875,4122300
2022-12-26,12054.213835846555,12418.838194363954,12054.213835846555,12381.7578125,2288100
2022-12-27,12477.548011101802,12530.078851790084,12230.345173212081,12261.24609375,2378100
2022-12-28,12051.12412680737,12150.00544704466,12017.133474945198,12140.7353515625,2759700
2022-12-29,11964.603021738349,12094.384352895127,11946.062831573094,12085.1142578125,2590800
2022-12-30,12264.336527506512,12310.687005690586,11992.414023920857,12014.0439453125,3072600
2023-01-04,11847.180628396247,11980.051679535998,11810.10025084258,11868.810546875,2853600
2023-01-05,12085.115054940812,12437.378691315782,11973.873906611874,12344.677734375,4154400
2023-01-06,12174.725482115513,12737.111594197639,12150.005830238639,12721.6611328125,4555500
2023-01-10,13154.266795672318,13172.806988478058,12956.505040838712,13114.0966796875,4134600
2023-01-11,13194.436619888713,13379.83854384632,13144.996408594296,13284.0478515625,3316200
2023-01-12,13549.78879988569,13589.958908723565,13382.927094321552,13521.978515625,4048200
2023-01-13,13738.281125249501,14149.255045184085,13596.139966875127,13932.953125,6521700
2023-01-16,13716.650128381109,13843.340816341968,13559.058521902705,13602.318359375,3670500
2023-01-17,13738.282429307263,14013.295582217179,13685.751582944831,13874.244140625,3038100
2023-01-18,13908.23174523197,14226.505599329244,13818.621433543185,14112.173828125,3392100
2023-01-19,13997.84288677057,13997.84288677057,13713.559683114998,13759.91015625,2774700
2023-01-20,13543.609136327486,13759.911056684512,13472.538104442108,13735.19140625,2289300
2023-01-23,14087.456733186846,14143.07731133242,14000.93523032739,14081.2763671875,2685300
2023-01-24,14470.618507434476,14683.830695564517,14368.6474609375,14368.6474609375,4641600
2023-01-25,14306.847801711736,14436.62914519896,14229.597303777895,14331.568359375,2810400
2023-01-26,14201.785233448618,14260.495532087092,13973.122593290156,14072.00390625,3243900
2023-01-27,14118.355512553595,14220.326563530673,13923.68350614281,14053.46484375,2973300
2023-01-30,13939.133330284745,14149.2548828125,13889.692219457145,14149.2548828125,2510700
2023-01-31,14152.345829931717,14170.886020579976,13945.313097504331,13957.673828125,2301900
2023-02-01,14130.714535834722,14340.836991314522,14105.99488597784,14254.31640625,3051000
2023-02-02,14662.200608094652,14745.631463367785,14486.06880251804,14671.470703125,4242000
2023-02-03,14795.070913549978,14844.51111609502,14674.559684304271,14677.6494140625,3039300
2023-02-06,14683.83065739056,14739.451228062493,14368.647423582934,14390.27734375,2934300
2023-02-07,14445.898888388396,14603.490515917298,14387.188583815028,14433.5390625,2196000
2023-02-08,14606.5810546875,14622.030610625057,14399.548314409547,14606.5810546875,2461200
2023-02-09,14390.277990052673,14427.358372166,14257.406922574173,14294.4873046875,2768400
2023-02-10,14711.640915723081,15156.605480281813,14705.460550565524,14915.5830078125,9224700
2023-02-13,14699.28120174908,14764.171867904168,14164.705412139114,14260.49609375,5679900
2023-02-14,14523.149455494073,14572.589661490552,14393.368122630925,14458.2587890625,3166500
2023-02-15,14615.850261663549,14668.38019710967,14334.656773078066,14390.27734375,3009300
2023-02-16,14523.149228958453,14578.769799317932,14436.62773821078,14520.05859375,2573100
2023-02-17,14368.649090613982,14489.16034105139,14207.96772512505,14272.8583984375,3580500
2023-02-20,14177.065815900687,14220.326563530673,14013.29473148965,14053.46484375,3096900
2023-02-21,14059.644534616811,14090.54454985119,13917.50247291667,14016.3837890625,2132700
2023-02-22,13766.09134672527,13874.242758954282,13738.28106117633,13778.451171875,3129300
2023-02-24,14211.055716622612,14767.261419817236,14204.875351492876,14761.0810546875,6561900
2023-02-27,14464.438325118424,14578.770103430796,14411.908388871623,14482.978515625,3182700
2023-02-28,14662.201725773453,14665.291455924855,14402.639045137614,14433.5390625,3775500
2023-03-01,14507.698980866622,14705.460709941804,14399.547568492222,14699.28125,3348000
2023-03-02,14634.390142674845,14659.109792262694,14402.63776977186,14470.6181640625,3335100
2023-03-03,14554.049240879614,14603.489446094096,14313.026769374603,14563.3193359375,4364400
2023-03-06,14776.533165750385,15066.99587477584,14730.182685305748,15017.5556640625,4376700
2023-03-07,14909.403397131351,14958.844510328281,14832.152902524957,14866.1435546875,2988900
2023-03-08,14730.181818702957,14952.664111748189,14724.001453246334,14844.5126953125,2643000
2023-03-09,15100.985094190599,15206.046776738918,14949.573840883915,15029.9140625,3181500
2023-03-10,15017.555653693003,15097.896788169173,14835.243462309041,14841.423828125,4944000
2023-03-13,14733.271370674574,14829.062960321728,14668.3807026542,14730.181640625,2729100
2023-03-14,14572.590197073412,14686.92107370344,14424.26866835002,14427.3583984375,4158300
2023-03-15,14662.2002769489,14708.550751053815,14402.63762196138,14445.8974609375,3367500
2023-03-16,14275.946129766773,14872.321932561064,14195.605005630561,14578.76953125,4359900
2023-03-17,14872.32236843924,15005.1943359375,14652.930719813914,15005.1943359375,4491000
2023-03-20,15005.193586702564,15060.814154892216,14606.579514676725,14615.849609375,3355500
2023-03-22,14782.711351972624,15011.373084929859,14699.28049947352,14946.482421875,3585000
2023-03-23,14847.603297329537,15193.686561750443,14819.793010761354,15172.056640625,3797100
2023-03-24,15354.368425567445,15681.910585224701,15332.737599716313,15450.158203125,5180700
2023-03-27,15326.557590701294,15342.007145432692,15048.453836860892,15063.904296875,3899400
2023-03-28,14971.203122966019,15048.453611313304,14872.321809866644,15014.4638671875,2363400
2023-03-29,14878.501390297968,14934.121956243009,14761.079893764225,14931.0322265625,3633300
2023-03-30,15467.042039096616,15476.478916484715,14943.295344057042,15127.314453125,3570000
2023-03-31,15334.925397078592,15353.799151413457,14815.897152869778,15136.7509765625,5325300
2023-04-03,15136.750929941121,15146.187807079488,14721.52833585296,14825.333984375,3399600
2023-04-04,14985.759972615471,15037.662793679316,14792.304003195686,14914.9833984375,3029900
2023-04-05,14730.966627925973,15070.694237538615,14707.374432813984,14891.3935546875,3264600
2023-04-06,14513.918894426237,14513.918894426237,14089.259368906614,14216.6572265625,4860200
2023-04-07,14391.2378563819,14608.286033887987,14301.587522194603,14532.791015625,3042700
2023-04-10,14603.56780975989,14646.033758156605,14405.393383908544,14462.0146484375,1824500
2023-04-11,14910.265374252676,15155.624171550504,14815.896606061202,14995.197265625,4083200
2023-04-12,14839.49025213625,15094.285951219035,14782.868985673409,15047.1015625,2496300
2023-04-13,14759.275886528354,14815.89714952015,14664.90711487536,14811.1787109375,2679900
2023-04-14,14679.06355606856,14886.67486962273,14471.452242514393,14546.947265625,4379000
2023-04-17,14646.032975460123,14702.65423696319,14490.324506326688,14613.00390625,2202300
2023-04-18,14485.607405093357,14513.91803845836,14254.403899279163,14277.99609375,3817300
2023-04-19,14424.267699469183,14561.102427400032,14122.287610242482,14277.99609375,3502300
2023-04-20,14089.257481375853,14528.072265625,13976.01495640833,14528.072265625,3955300
2023-04-21,14778.148957414609,15032.944629094172,14646.032683210391,14712.0908203125,4602100
2023-04-24,14542.22787884749,14646.03352885873,14395.956281104378,14428.9853515625,2374800
2023-04-25,14480.888091483253,14603.56749532117,14433.703705391748,14457.2958984375,1983300
2023-04-26,14372.364172699254,14537.50952596402,14344.05354071101,14400.6748046875,2434400
2023-04-27,14400.674975585936,14410.111853027343,14145.879284667968,14344.0537109375,2839900
2023-04-28,14570.537607897708,14641.314183065606,14292.149745570647,14622.4404296875,3083800
2023-05-01,14815.897706653224,14839.489900453627,14485.60699344758,14627.16015625,2454800
2023-05-02,14782.868305300879,14872.518639740942,14641.315145658675,14844.2080078125,2464800
2023-05-08,14787.587182321542,14872.519080624601,14613.00494692081,14806.4609375,2545400
2023-05-09,15004.6342446286,15094.284575021034,14872.517968260801,15070.6923828125,2304600
2023-05-10,14858.363937290067,14981.04334737884,14712.092332953456,14749.83984375,2264400
2023-05-11,14844.208862035726,15056.538613717737,14745.12164458412,14990.48046875,2668800
2023-05-12,14990.479987169774,15471.7607421875,14759.276487210278,15471.7607421875,6392100
2023-05-15,15438.731648473724,15485.916036152434,15146.188444865726,15264.1494140625,3020700
2023-05-16,15570.847611070953,15948.322704672673,15561.41073373091,15910.5751953125,4423800
2023-05-17,16071.000874533582,16590.029088332376,16056.845559611796,16439.0390625,4555600
2023-05-18,17448.789423992923,17495.97381940664,16910.887316276538,17335.546875,5416000
2023-05-19,17646.96011324541,17854.57140869536,17283.64034620801,17486.533203125,5085200
2023-05-22,17363.854082931404,17642.241960891446,17349.698767102927,17609.212890625,3094000
2023-05-23,17646.95978582233,17684.70729338559,17094.902487709707,17156.2421875,5140300
2023-05-24,16778.76945847603,17297.797760059933,16689.119115475172,17222.302734375,4705800
2023-05-25,17599.7788501496,17816.82706117021,17467.662547789227,17741.33203125,4939700
2023-05-26,18269.796393557423,18798.261578495036,18128.24321902056,18529.310546875,6908700
2023-05-29,19430.527745863972,19439.964621894018,18420.782010649087,18609.51953125,5976900
2023-05-30,18571.773354261797,18869.034970450437,18444.37551875238,18600.083984375,3311400
2023-05-31,18581.209025328437,18618.956529696803,18156.549601184313,18227.326171875,6363100
2023-06-01,18128.24356710793,18623.6796875,18090.496053173298,18623.6796875,4627200
2023-06-02,18585.930900413427,18604.804656087876,17977.252279912453,18189.58203125,4937300
2023-06-05,18114.084342414393,18364.161568292995,17628.085205329557,18326.4140625,4711700
2023-06-06,18118.806340718107,18543.465864328686,18029.155996844762,18529.310546875,3851700
2023-06-07,18505.716109154928,18571.774249269198,17755.484375,17755.484375,5579900
2023-06-08,17656.40012258976,17958.38024227061,17481.81786589927,17741.33203125,4796800
2023-06-09,17642.24190604756,17882.88227438359,17302.51432722022,17845.134765625,6637700
2023-06-12,18024.43432018267,18085.774018130935,17689.425200619065,17887.599609375,3089400
2023-06-13,18307.540927292714,18802.976957541614,18260.356543459486,18779.384765625,5590900
2023-06-14,18920.937917124687,18949.248547424624,18600.08410705873,18779.384765625,5960500
2023-06-15,19001.150912099754,19298.412523091134,18854.879325738915,19156.859375,5320500
2023-06-16,18968.122213924635,19288.97602251838,18694.452788947612,19251.228515625,4278600
2023-06-19,18779.384765625,19100.238575690953,18614.2394222087,18779.384765625,4193200
2023-06-20,18661.42610595703,18944.532443847656,18618.96015527344,18873.755859375,3063800
2023-06-21,18685.017992309095,19416.37601978584,18680.299553422148,19402.220703125,4043800
2023-06-22,18930.378918195718,19081.368979357798,18515.15625,18515.15625,4623300
2023-06-23,18817.132294958912,19005.86983051517,18335.851579290455,18661.423828125,4452600
2023-06-26,18449.095531815718,18661.42527578802,18378.318950491615,18505.716796875,2539700
2023-06-27,18500.997088887743,18812.414025349513,18434.9389508504,18604.802734375,2284300
2023-06-28,18982.27926454808,19100.240234375,18732.202008515007,19100.240234375,3572000
2023-06-29,19298.412835627256,19940.120450699458,19251.228452166066,19605.111328125,4708100
2023-06-30,19255.94909762965,19524.900114185617,19175.73563655156,19402.220703125,3578000
2023-07-03,20006.18050274918,20327.034341000817,19968.432992366634,20166.607421875,3797300
2023-07-04,20100.54662846248,20411.963548058382,20025.051617651356,20185.478515625,2872800
2023-07-05,20053.363425111424,20204.353455606382,19916.52870997537,20114.703125,2816800
2023-07-06,19411.65846633911,19675.89105606079,19255.949975967407,19326.7265625,3843200
2023-07-07,19194.60681723274,19600.39250707591,19067.208984375,19067.208984375,4236200
2023-07-10,19062.49106862437,19142.704521140862,18703.889751491835,18779.384765625,3856500
2023-07-11,19067.209233431207,19180.451753006153,18817.132002703205,18982.27734375,3025200
2023-07-12,18897.34669299627,18925.657324746076,18279.23123312548,18350.0078125,3312300
2023-07-13,18590.647395964592,18793.540248255576,18222.609198785598,18722.763671875,3011700
2023-07-14,18873.75402426944,19265.384420273032,18850.161831739104,19053.0546875,4587500
2023-07-18,19251.229846125552,19623.986502459844,19114.39512418005,19241.79296875,3415200
2023-07-19,19520.180226081877,19623.985873887967,19298.41361485977,19557.927734375,3011900
2023-07-20,19402.21774908313,19515.460265128364,19246.509289520935,19298.412109375,2767100
2023-07-21,18449.095768903822,18557.61986166208,18151.83412352251,18213.173828125,5074800
2023-07-24,18590.64857782064,18774.667688108715,18335.85288665254,18651.98828125,2920100
2023-07-25,18920.938915307972,18920.938915307972,18316.978770380436,18557.619140625,3182700
2023-07-26,18732.203746538267,18821.85409192472,18642.55340115181,18741.640625,1978700
2023-07-27,18383.035857077208,19312.568214326748,18383.035857077208,19251.228515625,3828400
2023-07-28,18996.4333611684,19756.10195807553,18991.714922678293,19732.509765625,5711200
2023-07-31,20190.199648538626,20364.781884340435,19996.743657515006,20048.646484375,4133400
2023-08-01,20218.50667969644,20652.602972469387,20100.545730573358,20614.85546875,3227600
2023-08-02,20289.286492817453,20454.43184799155,19822.161059610724,19954.27734375,3187200
2023-08-03,19520.180033570214,19883.499797308406,19444.68501772851,19732.509765625,3093200
2023-08-04,19855.188973986726,20072.237142428596,19756.10176665457,19907.091796875,2068700
2023-08-07,19704.200860778445,19746.66681090943,19364.47325973054,19699.482421875,2103700
2023-08-08,19822.162360416918,19944.841775168366,19421.095042960256,19529.619140625,2254700
2023-08-09,19477.714505057804,19897.6555396872,19463.55918928378,19590.95703125,2257200
2023-08-10,19355.033367397617,19397.49931091458,19038.898010104676,19298.412109375,3619800
2023-08-14,19128.548828125,19336.160112890047,18807.6950243972,19128.548828125,3198000
2023-08-15,19803.287198928767,19925.96660497407,19373.909277770195,19449.404296875,3097600
2023-08-16,19307.85213381902,19373.910278949388,19156.86208780675,19227.638671875,1978400
2023-08-17,19161.57833066745,19458.83994968544,19071.92800112234,19312.568359375,2153900
2023-08-18,19156.86271536035,19671.17257643776,19109.678324435816,19444.6875,2162200
2023-08-21,19586.238508128157,19685.325718118685,19373.908772434163,19619.267578125,1959400
2023-08-22,20015.613986365915,20100.545870325037,19723.070830506724,19996.740234375,2568300
2023-08-23,19902.37539776436,19940.12290918734,19770.259107783942,19878.783203125,1890500
2023-08-24,20383.653879310346,20534.64390804598,20256.256042564655,20525.20703125,2890800
2023-08-25,19774.973002772178,19812.720505521444,19279.53702918805,19307.84765625,3864100
2023-08-28,19515.460506889765,19798.566800510023,19298.412348447568,19774.974609375,2620000
2023-08-29,19911.810858282992,20114.70371773943,19793.849893482737,19916.529296875,2313200
2023-08-30,20454.430376730408,20562.954459467386,20105.265936620133,20109.984375,2883400
2023-08-31,20312.88006273537,20534.646697566626,20223.229720995074,20360.064453125,5053900
2023-09-01,20265.694776267643,20468.587645971835,20180.7628773217,20227.947265625,2305400
2023-09-04,20246.820227502474,20350.62587770174,20128.859261366943,20275.130859375,1698700
2023-09-05,20331.751532251095,20492.17844153319,20223.227446560268,20473.3046875,2174800
2023-09-06,20619.5789763735,20897.96688475017,20478.025802622655,20869.65625,2680900
2023-09-07,20737.540083087857,20912.122331796447,20676.20037408214,20723.384765625,3201200
2023-09-08,20289.286896676727,20336.471284808533,19756.103310787315,19930.685546875,5682300
2023-09-11,19859.90881365529,19907.093201428288,19288.977721602,19336.162109375,3158800
2023-09-12,19472.99646063796,19623.986498617225,19142.705752558326,19567.365234375,3100500
2023-09-13,19477.7149290393,19671.17091549536,19373.909277770195,19449.404296875,2219900
2023-09-14,19628.704821050153,20128.859318894218,19581.52043446109,20039.208984375,3018800
2023-09-15,20270.412558517924,20709.22735552495,20176.043784968027,20662.04296875,4543200
2023-09-19,19916.53064711973,19963.715036238707,19520.18177852033,19581.521484375,4322200
2023-09-20,19515.461787545235,19661.73338218109,19317.28736900633,19557.927734375,3510100
2023-09-21,19288.976394817073,19510.743002096035,19199.326064214936,19345.59765625,2951500
2023-09-22,18963.406312201434,19397.502699542198,18722.76592356688,19260.66796875,4323600
2023-09-25,19355.034604077126,19760.8203125,19293.69490396669,19760.8203125,2580500
2023-09-26,19369.188482131787,19619.265702485744,19029.4609375,19029.4609375,3376200
2023-09-27,18713.326177647785,19156.859375,18666.141794950738,19156.859375,3242900
2023-09-28,19173.973781563676,19226.257795345828,18689.15838103827,18941.072265625,4049600
2023-09-29,19269.03549260029,19525.70246758806,19093.171083812376,19430.640625,4790600
2023-10-02,19525.701125418112,19558.97276803689,19169.219240216953,19183.478515625,3367200
2023-10-03,19055.14680704396,19211.99885110294,18903.047855229193,18988.603515625,3070300
2023-10-04,18489.528314259427,18651.13344605501,18318.416998240573,18403.97265625,3457700
2023-10-05,18727.182784026194,18793.726073106493,18461.00962770501,18779.466796875,3023100
2023-10-06,18537.060546875,18736.6904296875,18256.628092447914,18480.0234375,3093500
2023-10-10,18817.491077814055,19150.20751515858,18727.182330534826,19107.4296875,2845000
2023-10-11,19373.603527024563,19601.751949325146,19321.319513580678,19544.71484375,3519600
2023-10-12,19820.39310274185,20238.66518740403,19787.121459643724,20119.837890625,4795600
2023-10-13,20058.047215714876,20447.800739811704,20005.763206384814,20162.615234375,4514100
2023-10-16,19487.67625528622,19649.28137545201,19307.058768042105,19387.861328125,2882100
2023-10-17,19839.405925414572,20020.023420662717,19753.850269770715,19848.912109375,2538200
2023-10-18,19630.269111570247,20257.677228453365,19616.00983618654,20129.34375,2915300
2023-10-19,19487.676390996658,19530.454217220795,19088.416679571357,19183.478515625,4047500
2023-10-20,18879.280789068333,19259.528136280183,18760.45349306463,19093.169921875,3169600
2023-10-23,19021.876138876774,19169.2220060195,18964.839029015075,19074.16015625,2241500
2023-10-24,19321.317495980584,19364.09532069493,18693.90940017014,19031.37890625,3068600
2023-10-25,19297.555500782593,19525.703940200714,19150.209633658393,19359.345703125,2451500
2023-10-26,18503.784312992826,18622.611594735652,18375.450848710574,18384.95703125,4055900
2023-10-27,18489.52413369295,18731.931776576843,18313.659765326203,18641.623046875,3323800
2023-10-30,18627.367370482167,18917.305979719065,18589.34263484454,18822.244140625,2405100
2023-10-31,18641.627126637242,18826.99771764664,18337.429233698746,18779.466796875,3661700
2023-11-01,19240.51661353605,19383.109375,19064.652207730505,19383.109375,3697400
2023-11-02,19962.98633368946,20039.035805436848,19853.66521805259,20020.0234375,3745200
2023-11-06,20642.677543693342,20723.480103730824,20362.245129445608,20447.80078125,3698100
2023-11-07,20252.92479571132,20300.45571520372,20015.270198249324,20167.369140625,2624000
2023-11-08,20390.765944702493,20409.778313881703,20167.370606846776,20210.1484375,2399600
2023-11-09,20457.306849393455,20866.072739042116,20405.022840252346,20766.2578125,3324600
2023-11-10,20761.504288249213,21132.245436253663,20652.18318050431,21094.220703125,3998600
2023-11-13,21959.283611918603,22163.666554626936,21369.900242248063,21460.208984375,4329100
2023-11-14,21712.124061692855,22177.927073524268,21640.827682330902,22082.865234375,3450100
2023-11-15,22624.717321298984,23047.742498104784,22415.581278833193,22924.162109375,4810100
2023-11-16,22862.371749656235,23009.717596691444,22596.198606624897,22900.396484375,3407700
2023-11-17,22577.18640255676,22933.668293123443,22301.507073851855,22924.162109375,3538800
2023-11-20,23047.743464119038,23261.63260742392,22672.24919031714,22724.533203125,3095300
2023-11-21,23085.7664217651,23128.544247129706,22824.346377870294,22976.4453125,2782600
2023-11-22,22672.24789638364,22928.91485370119,22377.556204648674,22762.556640625,2483700
2023-11-24,23062.001431993336,23271.137471360133,22819.59375,22819.59375,2913800
2023-11-27,22819.593742251123,22943.17412910772,22681.754079987993,22762.556640625,2236100
2023-11-28,22767.30858312186,22871.876597491104,22596.197286881277,22710.271484375,2223300
2023-11-29,22548.667188478397,22947.92689417658,22505.889362867878,22772.0625,2103000
2023-11-30,23004.965644510925,23023.978012812175,22715.027027916884,22838.607421875,3269600
2023-12-01,22482.12437352594,22795.828434551888,22358.543985849057,22672.248046875,2585600
2023-12-04,22624.715804249263,22676.99981135992,22391.81431802905,22539.16015625,2102300
2023-12-05,22244.469645503952,22272.98819633152,21645.580078125,21645.580078125,3281900
2023-12-06,21859.468629555893,22158.913405303232,21821.443896127657,22120.888671875,2542400
2023-12-07,21483.975077306666,21659.839475063378,21236.814302081013,21327.123046875,3246700
2023-12-08,21208.295237150123,21445.94982295414,21084.714852532037,21141.751953125,3474800
2023-12-11,21607.556499266462,21940.272943381875,21488.729197796674,21868.9765625,2969700
2023-12-12,22672.24781721862,22833.852937928357,22111.382986520133,22192.185546875,2947300
2023-12-13,22505.889115313075,23494.532185214895,22482.123656901975,23237.865234375,5393200
2023-12-14,23575.334343145416,23827.248198021767,22805.333503712034,22848.111328125,4493500
2023-12-15,23161.817220519595,23727.435166187937,23085.767748833096,23166.5703125,4307400
2023-12-18,23304.408508688743,23418.482709016815,22990.70445778655,23180.828125,2474200
2023-12-19,23413.72895832303,24031.630859375,23180.827472541903,24031.630859375,3393600
2023-12-20,24283.54651770689,24359.59598810879,23684.656938291922,24007.8671875,3823000
2023-12-21,23689.409476214572,23917.55788208502,23366.199234564778,23480.2734375,3020500
2023-12-22,23779.718410820493,23950.829716594937,23542.0638194671,23675.150390625,2508000
2023-12-25,23865.27407865572,23893.792629635987,23641.878762643606,23789.224609375,1427100
2023-12-26,23789.224481997284,24050.64453125,23618.113177031868,24050.64453125,1585300
2023-12-27,24388.11343867401,24697.06439823624,24236.01450473568,24354.841796875,2783200
2023-12-28,24354.84390186285,24354.84390186285,24126.6954812365,24207.498046875,1612500
2023-12-29,24050.64501460107,24164.71922020392,23889.03988999703,24007.8671875,2257900
2024-01-04,22814.840658196208,22914.65558607582,22705.51954670902,22819.59375,4288300
2024-01-05,22814.83986318408,23052.494445092245,22501.1358150653,22928.9140625,4648300
2024-01-09,23822.499021477317,24045.89436345845,23532.560386140103,23679.90625,3648900
2024-01-10,24083.916347236926,24221.75601056234,23827.24938794133,24131.447265625,3058100
2024-01-11,24326.32395438914,24882.43569777787,24302.55849526996,24792.126953125,4217900
2024-01-12,25742.743660714288,25752.24984375,24649.532611607145,24953.73046875,5094100
2024-01-15,25191.38637011014,25200.89255364603,24934.719414641095,25029.78125,754400
2024-01-16,25191.38598029996,25200.892163688753,24506.940776306907,24640.02734375,3002300
2024-01-17,25210.39874538177,25490.83115978176,24944.22560629026,25086.818359375,4249900
2024-01-18,24915.706285944834,25495.58346390845,24906.20010269953,25310.212890625,3100000
2024-01-19,26317.86809556821,26869.22671920663,25985.151684751927,26835.955078125,5666300
2024-01-22,27786.575798263282,27843.612902194032,27059.352723146232,27282.748046875,4363900
2024-01-23,27368.302327127658,27563.17908909574,26807.4375,26807.4375,4649000
2024-01-24,26897.747403634363,27163.920553414097,26546.018598568284,26973.796875,3385600
2024-01-25,27463.364061682078,27529.90734601291,26883.486869656255,27239.96875,3688000
2024-01-26,26541.264004960674,27002.313899029654,26441.449079440587,26588.794921875,3631300
2024-01-29,26275.09151865405,26816.94398484916,26165.770407053285,26626.8203125,2868700
2024-01-30,26921.51183669823,26921.51183669823,26484.227393023048,26603.0546875,2830700
2024-01-31,25989.90583224924,26488.98046875,25932.868730934864,26488.98046875,3148900
2024-02-01,26122.994799204054,26441.45197743307,26122.994799204054,26275.09375,2684600
2024-02-02,26522.25327374333,26750.401689001337,26365.40123825345,26712.376953125,2721500
2024-02-05,26964.29034704064,27049.846001235375,26450.95642187223,26812.19140625,2393300
2024-02-06,26864.472410659713,27411.077917953742,26831.200771085292,27216.201171875,3046000
2024-02-07,26831.203642427252,27073.611328125,26488.98102732455,27073.611328125,3003500
2024-02-08,27282.744779280616,28147.807418623663,27178.176767931458,27981.44921875,4873500
2024-02-09,28323.67512648872,28670.65084124517,28019.47723957896,28285.650390625,5298700
2024-02-13,30895.09526407733,32054.849609375,30800.03343249555,32054.849609375,6993900
2024-02-14,31436.94799258593,32615.714715017337,31417.935626095103,31874.232421875,5830500
2024-02-15,32368.55610755112,33480.77962137887,32178.43242997373,33471.2734375,5595900
2024-02-16,34802.138521039604,35248.92915487977,33053.000720473836,33604.359375,9247500
2024-02-19,33604.359638784124,33975.10080594468,32910.408223329745,33081.51953125,3492400
2024-02-20,33081.52245670996,33651.89353354978,32805.843102904044,32938.9296875,3460700
2024-02-21,32501.643579582487,32824.85384039144,32121.396213924898,32815.34765625,3272300
2024-02-22,34982.75321213778,34982.75321213778,33604.35668611604,34773.6171875,6299000
2024-02-26,34992.26260742187,34992.26260742187,34146.21224826389,34222.26171875,4275900
2024-02-27,34412.380873379756,34735.591080477796,33918.059380170984,34469.41796875,3413700
2024-02-28,34260.28425596054,35030.28509523157,34193.7409735544,34688.0625,3251800
2024-02-29,34127.19711994847,35068.30924108354,33937.073459113104,35049.296875,3891900
2024-03-01,35363.00465737363,36798.43844857348,35220.41189665842,36484.734375,5757200
2024-03-04,37815.59593527297,38015.22577806853,37064.60747904206,37349.79296875,4910900
2024-03-05,36979.05443005387,37739.54912270279,36798.43694054974,37501.89453125,4869800
2024-03-06,36836.462648950444,37701.52538470644,36836.462648950444,37644.48828125,3740400
2024-03-07,37996.216242651404,38005.72242634984,35961.892931185954,36180.53515625,6648700
2024-03-08,37074.11447471324,37321.275237878,36332.63218521898,36465.71875,6401400
2024-03-11,34250.780075496295,35334.48502376346,34241.27389173957,35315.47265625,4616600
2024-03-12,34650.0410204396,34954.23891142837,34184.23799986305,34707.078125,5013600
2024-03-13,35980.90554689589,35980.90554689589,34849.66967897499,35543.62109375,4525300
2024-03-14,35172.87570106798,35420.03644923764,34469.41818704661,35382.01171875,3760600
2024-03-15,34469.420098930386,34650.03757876482,33661.39453125,33661.39453125,4965400
2024-03-18,33661.39632382961,34935.224933655416,33661.39632382961,34925.71875,4635600
2024-03-19,34992.26338911695,35543.62206245811,34573.99129209953,35458.06640625,4654300
2024-03-21,36513.24919273481,37397.32421875,35857.322560529996,37397.32421875,5961900
2024-03-22,37929.672780797104,38176.83355580981,37083.62243556128,37387.8203125,5083500
2024-03-25,37539.921497691765,37653.995708370996,36788.932944053464,36807.9453125,2867500
2024-03-26,37254.735002127214,37416.34012972001,36731.89488344464,37007.57421875,3037600
2024-03-27,37074.11820187927,37758.56346099089,36855.47596632972,37558.93359375,3638000
2024-03-28,37075.87735210774,37869.81383823389,36961.0913541136,37554.15234375,3358700
2024-03-29,37496.75712165235,37869.81159301573,37305.447136337796,37860.24609375,2065500
2024-04-01,38108.94614882507,38147.208142950396,36454.1149029047,36635.859375,3646900
2024-04-02,37200.22548066303,37955.8998990154,37047.177497199256,37888.94140625,4404700
2024-04-03,37506.318479658315,38185.4688525366,37238.484529790825,37898.50390625,4169700
2024-04-04,38453.309745440725,39084.6327412614,37764.59375,37764.59375,5215100
2024-04-05,36827.16960901865,36989.783085214316,35554.95829525255,35650.61328125,6204300
2024-04-08,36320.20236573951,36396.72636334971,35822.796381273234,36023.671875,3978600
2024-04-09,36253.23956262824,37295.87890625,36061.929591321496,37295.87890625,4527300
2024-04-10,37209.78930707559,37774.153720730465,36951.52084658946,37582.84375,3280900
2024-04-11,36913.25653684641,37401.0969316065,36798.470561608745,37228.91796875,2854400
2024-04-12,38099.38413666931,38309.825123615505,37592.41266811709,37783.72265625,3846100
2024-04-15,37114.13432171036,37582.84375,36894.12785537032,37582.84375,2515400
2024-04-16,36645.42935558285,36693.256854089224,35880.189379480886,36023.671875,3824700
2024-04-17,36444.55151976066,36865.43347956892,35650.6150955769,35669.74609375,4104300
2024-04-18,35248.86502385853,35478.4370077317,34521.88707492685,35143.64453125,4400200
2024-04-19,33804.472454704744,33986.21693026767,32073.1171875,32073.1171875,6769400
2024-04-22,31403.53389168432,32044.422338453387,30600.03195842161,31040.044921875,5692700
2024-04-23,32025.28997596154,32025.28997596154,30733.947638221154,31087.87109375,3682800
2024-04-24,32130.509192760703,33297.5,31891.371732260846,33297.5,5081400
2024-04-25,32073.11767985026,32867.05408528646,31948.766194661457,32140.076171875,3712900
2024-04-26,32761.834123028046,33268.805570771256,32264.42817429886,32742.703125,4399400
2024-04-30,33479.249159132974,33976.65514664009,33297.504663697684,33594.03515625,3262700
2024-05-01,33431.417060943764,33775.775004919145,33029.66612630581,33421.8515625,2677700
2024-05-02,33000.9720437018,33794.90847257926,32838.358558269065,33488.8125,2426500
2024-05-07,35392.34877595684,35401.91427562602,34521.888306061686,35239.30078125,3882000
2024-05-08,35344.5173121813,35430.6067995452,34703.62890625,34703.62890625,2742000
2024-05-09,34550.58147987078,34655.80196610516,33574.90060751562,33680.12109375,2979900
2024-05-10,33986.2215,34493.193,33316.6365,33479.25,3403100
2024-05-13,33479.24466386403,34091.436566288976,32761.8322782098,33134.88671875,4193300
2024-05-14,33182.717494217984,33507.944474559125,32790.532017924255,33087.0625,2421800
2024-05-15,33651.42640993116,34244.4873642847,33536.640418765965,33699.25390625,2933300
2024-05-16,35009.72698686176,35382.78145475455,34493.1900313179,35220.16796875,4076200
2024-05-17,34579.27971412614,34856.679191777504,34244.48724109864,34521.88671875,3125600
2024-05-20,34244.486490437535,35000.16091299188,34101.00400514241,34761.0234375,3148200
2024-05-21,35047.98737373738,35306.25583964647,34923.63589015152,35038.421875,2797400
2024-05-22,34607.97265625,34741.8896317026,34311.44221060496,34607.97265625,2673600
2024-05-23,35841.92633807358,35918.45033345778,34847.114398079015,35229.734375,4309700
2024-05-24,34340.138448676305,34560.14490670404,34101.00099429834,34234.91796875,3199500
2024-05-27,34359.2705497474,34407.09804216075,33938.38861650996,34081.87109375,1947900
2024-05-28,33957.51953125,34005.34702354753,33488.810106734156,33957.51953125,2359300
2024-05-29,34340.14030702374,34368.836803102036,33737.513889379596,33842.734375,2285300
2024-05-30,33326.19963315217,33450.55112432066,32666.180180027175,33000.97265625,3295500
2024-05-31,32474.869408359355,32608.78639561032,31786.153473925813,32168.7734375,5360000
2024-06-03,32570.522336761915,32857.48729127083,32111.378409547648,32723.5703125,2634200
2024-06-04,32723.569574552017,33067.927512197115,32484.432117854034,32962.70703125,2918900
2024-06-05,32790.532514814404,32886.18751048189,31910.506554673524,32082.685546875,3067500
2024-06-06,33479.24621757925,33718.38369056196,33000.97127161383,33192.28125,3512000
2024-06-07,33096.62400700087,33249.67197928758,32780.962564159534,32962.70703125,1866100
2024-06-10,32857.48438286192,33278.36627888693,32742.698411218735,33268.80078125,1740700
2024-06-11,33804.46920477714,34129.696129780656,33737.51072021759,34014.91015625,2254100
2024-06-12,33699.25107284331,34024.47802046655,33641.85808208627,33957.51953125,1675900
2024-06-13,34454.9266148668,34722.76058077915,33354.894254869665,33393.15625,2848300
2024-06-14,33354.897876430616,33718.38686963519,33211.415379113016,33431.421875,3795800
2024-06-17,32905.31470070423,32924.44569762324,32321.819294674297,32599.21875,2238500
2024-06-18,33096.63,33517.512,32924.451,33479.25,2033200
2024-06-19,33737.5134857292,33995.78194734379,33020.10109235531,33220.9765625,1680200
2024-06-20,33029.669365998496,33374.02734375,32819.228379594795,33374.02734375,1438200
2024-06-21,33335.76806137242,33421.857562822166,32895.75505396263,33402.7265625,2170000
2024-06-24,32972.273759020434,33594.03116961989,32685.308800282222,33469.6796875,1980200
2024-06-25,32934.012903115916,33134.88838117733,32599.220439680234,32905.31640625,2333200
2024-06-26,33565.33596270161,34244.48639112903,33287.936491935485,34101.00390625,3055600
2024-06-27,33766.21246408046,34292.314924568964,33163.58600933908,33287.9375,2909600
2024-06-28,33613.161808291545,33938.38875805874,33383.58984375,33383.58984375,2793000
2024-07-01,33727.95230381246,33814.04180203547,33144.456815856545,33307.0703125,1922700
2024-07-02,33154.01975526034,33555.77071594151,32780.965291770684,33527.07421875,2217100
2024-07-03,33957.51833634594,34426.22774436874,33823.60136262514,34397.53125,2566200
2024-07-04,34627.104951185494,34741.89093444909,34282.7470013947,34292.3125,1805100
2024-07-05,34445.364664601664,34981.032651610185,34110.57217272133,34789.72265625,2793300
2024-07-08,34665.368574847394,34961.89904554835,34397.53460131105,34474.05859375,2187300
2024-07-09,35067.11794577206,36148.01928998162,34961.8974609375,35774.96484375,4006600
2024-07-10,35612.3504397888,36224.54233561112,35248.8615016443,36176.71484375,3358900
2024-07-11,37200.224549318336,37238.48654422635,36205.412681709924,36396.72265625,3550400
2024-07-12,35057.55445224965,35306.2574306285,33890.563553702734,34148.83203125,6256200
2024-07-16,34378.40332680848,34655.80279716948,34129.70035338138,34512.3203125,2325500
2024-07-17,34148.83352987422,34187.095528227015,31661.8036369422,31939.203125,7158100
2024-07-18,28792.152700145634,29480.86864513251,28462.142976506093,29146.076171875,8745400
2024-07-19,28887.806760306383,30054.797629431345,28887.806760306383,29815.66015625,4908000
2024-07-22,29413.906899541074,29633.913357651465,28916.500994248025,29050.41796875,3191500
2024-07-23,29720.005991402948,30131.322456684677,29098.24854388406,29433.041015625,3562400
2024-07-24,29174.771622785433,29940.011534202757,29079.116633858266,29155.640625,3371800
2024-07-25,27701.686175025854,28093.871649188855,27357.328197711995,27749.513671875,6087100
2024-07-26,27271.24009686086,27390.808845093325,26352.95211043552,26424.693359375,7893000
2024-07-29,27357.327846761524,27687.337570787142,27060.79737010082,27395.58984375,4298500
2024-07-30,27328.629697509088,27668.204900260775,26816.875518714292,27625.16015625,3723900
2024-07-31,26668.61106493794,30800.90661015071,26515.563081781915,29672.177734375,8043200
2024-08-01,30341.764661780257,30380.026660092713,29059.987718312866,29404.345703125,7102400
2024-08-02,26152.075721042784,26850.357186893598,25587.711248642812,25879.458984375,7673500
2024-08-05,23751.13287626105,24392.021278479937,21096.70703125,21096.70703125,9564800
2024-08-06,23488.081848203867,25080.7373675384,23028.937914702023,24597.6796875,11516600
2024-08-07,23971.140510737616,25783.80257250329,23803.744278120732,24525.939453125,8790500
2024-08-08,23894.615634449376,25162.04420593238,23210.68248078119,24516.373046875,7814700
2024-08-09,26754.700502924014,27041.665470778044,23808.526832955977,24688.552734375,13506600
2024-08-13,25645.10427691606,26419.909739963503,25549.4492814781,26209.46875,7447200
2024-08-14,26687.741477272728,26773.830965909092,25458.5748895202,26042.0703125,7507300
2024-08-15,25884.240259832095,26678.176675784078,25836.412764895227,26419.908203125,5210900
2024-08-16,27376.458127374375,27921.691570162755,27175.582648452342,27696.90234375,6459500
2024-08-19,27529.50649950989,27869.08171866646,26668.61157770451,26836.0078125,5805700
2024-08-20,27400.370794988226,27505.59127980054,26974.706106429327,27170.798828125,4225600
2024-08-21,26859.920474330356,26969.923709891184,26410.342033342633,26783.396484375,3676900
2024-08-22,26969.923589998987,27084.709574421755,26419.907414639903,26596.869140625,3925100
2024-08-23,26462.9531026621,26558.608093092833,25764.671672517754,25927.28515625,4205900
2024-08-26,25683.365612149035,25908.154845625944,25257.700893437443,25295.962890625,3864000
2024-08-27,24846.383694015385,25138.131414002863,24525.939476979962,25061.607421875,3878600
2024-08-28,24812.905483366743,25052.04296875,24525.940500906836,25052.04296875,3626400
2024-08-29,24224.628503935095,25032.913245724834,24176.801004420908,24612.03125,5087900
2024-08-30,24640.72673658206,24851.167725792,24344.196251786234,24683.771484375,6278000
2024-09-02,25295.963454946133,25295.963454946133,24219.844760039177,24415.9375,3813200
2024-09-03,24726.816953855137,24726.816953855137,23952.011470968384,24052.44921875,3121100
2024-09-04,22565.010428557838,22789.79963799875,21756.725824397967,21995.86328125,6774200
2024-09-05,21570.201557274246,21962.387040133777,21149.319575668895,21450.6328125,5567800
2024-09-06,21632.375840731536,21804.554821555397,20862.353176491477,21044.09765625,4987000
2024-09-09,19609.27425508721,20565.82421875,19561.446756904068,20565.82421875,6414600
2024-09-10,21044.09780716532,21493.676260318396,20221.46489288522,21292.80078125,7054300
2024-09-11,21264.103653689217,21809.33708070689,20761.91497090978,21244.97265625,7219700
2024-09-12,22612.840397471005,22885.457128151174,21914.558946956884,22268.482421875,6420200
2024-09-13,22737.18909268766,22756.32008897936,22005.42848453006,22651.099609375,7084700
2024-09-17,22335.438874324587,22450.224855691566,21068.0103300642,21464.978515625,7135900
2024-09-18,21962.38475823503,21962.38475823503,21302.365355657414,21488.892578125,4196200
2024-09-19,22048.47579465546,22249.3512791187,21675.421323509447,22019.779296875,5570500
2024-09-20,22899.80308117653,23320.685009151373,22708.49311391524,23191.55078125,6722600
2024-09-24,23607.653052794547,23947.22828916983,22880.675081962945,22976.330078125,5644700
2024-09-25,22971.545575373428,23282.42428917715,22813.71484375,22813.71484375,3624800
2024-09-26,23832.441859654016,24650.292061941964,23760.700613839286,24640.7265625,6521600
2024-09-27,25612.052576205642,26554.3828125,25302.774960191084,26554.3828125,9281000
2024-09-30,25128.80538874061,25293.109116282372,24403.936002526938,24442.595703125,7688000
2024-10-01,24867.85216703869,25365.595807381673,24800.197691652265,25167.46484375,5055300
2024-10-02,24205.805573726575,24587.570125598086,24055.99923058712,24239.6328125,4878200
2024-10-03,25128.803892905667,25288.27514837988,24838.856155679834,24896.845703125,4628600
2024-10-04,24771.20143878796,24838.855910138533,24355.609686205877,24505.416015625,3659400
2024-10-07,25138.470511239033,25297.941777457967,24616.56454906798,24790.533203125,4220700
2024-10-08,24906.513081948397,25090.146666953064,24258.963071668793,24606.900390625,4181300
2024-10-09,25003.160968725748,25109.47514369907,24776.03523128274,24906.51171875,4062900
2024-10-10,25210.957376864713,25268.94692804784,24602.067089441873,24660.056640625,3769000
2024-10-11,24872.685705442527,24877.51816817916,24621.397643137687,24761.5390625,3234400
2024-10-15,25331.76811291791,26046.972554106742,25264.1136387514,25873.00390625,4443700
2024-10-16,23456.769992415673,23853.03186703003,23200.649512482003,23495.4296875,5928000
2024-10-17,23302.134005292446,23350.458629940502,22712.573584586167,22741.568359375,5294800
2024-10-18,22736.73653174867,22896.207797539893,22350.139523769947,22712.57421875,4363100
2024-10-21,22760.897453526824,23128.16458865804,22470.949715265335,22925.201171875,3295600
2024-10-22,22910.70423239384,23104.002728343166,22200.33225978007,22219.662109375,4336800
2024-10-23,22137.511649271244,22209.998589838604,21852.3963497063,22007.03515625,3272800
2024-10-24,21775.07452666938,22693.24233849077,21765.409602334417,22253.48828125,4464300
2024-10-25,22282.485760356107,22577.265988372095,22243.82605832122,22441.95703125,3311000
2024-10-28,22437.122137845112,23268.30564155163,22316.310582073816,23060.509765625,4064100
2024-10-29,22717.40587256684,23181.322265625,22649.751398579192,23181.322265625,3236200
2024-10-30,23538.92626078652,23625.91059104605,23205.486328125,23205.486328125,5344900
2024-10-31,22818.889217748398,23161.994074686165,22615.92578125,22615.92578125,4154300
2024-11-01,21871.72343194074,22007.032370538695,21634.93278939432,21731.58203125,4405400
2024-11-05,22103.682328009156,22504.77669469581,21881.389064544263,22161.671875,2999200
2024-11-06,22422.626012361467,22934.867037643864,22354.97153732417,22673.9140625,4002800
2024-11-07,22814.0552449306,22876.87725683149,21837.89782923986,22282.484375,3888700
2024-11-08,22804.39109248992,22886.542956989248,22325.977293346776,22470.951171875,3183100
2024-11-11,22219.662263038746,22533.772321128683,22113.348089531384,22480.615234375,2325300
2024-11-12,22441.95537491705,22466.117686905553,21634.934154501218,21847.5625,3612000
2024-11-13,23099.17265607871,23379.455504206864,22036.03081835124,22040.86328125,8384600
2024-11-14,22065.021826903965,22200.33076495769,21166.18388126136,21272.498046875,5347000
2024-11-15,21262.83544702915,22031.197000683154,21243.50559662276,21552.783203125,4772100
2024-11-18,21146.855722402597,21402.976232751626,20953.557224025975,21209.677734375,3632800
2024-11-19,21069.535493607957,21335.320918412643,21064.70303133878,21262.833984375,2619300
2024-11-20,21262.835433813445,21349.819760588136,20919.730589313273,21137.19140625,2517900
2024-11-21,21233.840609575873,21301.495085801194,20784.42158893624,21050.20703125,3223700
2024-11-22,21369.14614729635,21644.59647076896,21267.66444917486,21504.455078125,3043700
2024-11-25,21818.56696470783,22538.603836854334,21808.902040249486,22359.802734375,6050400
2024-11-26,22350.138615825053,22374.300927842163,21518.955082436532,21891.0546875,4547900
2024-11-27,21533.452668334085,21760.57840339057,21402.976182237802,21494.79296875,3397800
2024-11-28,21166.185104254422,23717.725226411123,21122.6929430813,22944.53125,10056300
2024-11-29,22519.274528434686,22785.059957418354,22345.30588400901,22528.939453125,4680200
2024-12-02,22630.42199892925,23099.17086373731,22562.76752359613,22847.8828125,4230800
2024-12-03,23466.436853448275,23959.348006465516,23408.447306034483,23824.0390625,5934100
2024-12-04,24167.14542839624,24413.601020647435,23606.57976758961,23828.873046875,4230700
2024-12-05,24442.593971648108,24442.593971648108,23630.7403165993,23761.216796875,3705400
2024-12-06,23427.776950678497,23572.750817947544,22934.865801963726,23147.494140625,4056100
2024-12-09,23389.118019386573,23422.94525619147,22809.22253130261,22963.861328125,3359900
2024-12-10,23099.17011242378,23775.71484375,23021.850714557928,23775.71484375,4541900
2024-12-11,23389.1184289471,23722.558340434156,23258.641941843467,23659.736328125,3236200
2024-12-12,24171.976552189088,24181.6414768401,23737.054942893403,23799.876953125,4238300
2024-12-13,23447.106744093147,23751.551864636815,23017.01760554733,23060.509765625,4186500
2024-12-16,23089.5046320149,23413.279602786144,22838.216594998416,22862.37890625,2598900
2024-12-17,22978.359626923633,23161.993205435327,22794.72604841194,23041.181640625,2747900
2024-12-18,22905.871577412232,23186.154394182257,22828.55217968257,22988.0234375,2495600
2024-12-19,22374.300310667644,22765.729754547574,22137.509659431635,22664.248046875,3341400
2024-12-20,22499.94554050429,22910.70485556934,22417.79367749128,22519.275390625,3449700
2024-12-23,22828.55207450752,22925.20132122432,22553.10172136465,22814.0546875,2275400
2024-12-24,23176.49026411802,23374.62122759359,22775.395874643084,22847.8828125,2244100
2024-12-25,22939.698329542458,23007.352801127374,22702.907678995252,22905.87109375,2164000
2024-12-26,22833.38466809169,23128.164872272348,22799.55743154637,23031.515625,2436300
2024-12-27,23195.820729081213,23596.915129188244,23060.51177482824,23563.087890625,3129900
2024-12-30,23601.74683106781,23669.40130601354,23306.96661880427,23374.62109375,2586100
2025-01-06,23659.73691502463,23809.54325578561,23326.29699526632,23543.7578125,3147300
2025-01-07,24490.918605857933,26351.416566247695,24408.7667478667,26191.9453125,10258300
2025-01-08,25892.33375885076,26742.847148465866,25795.684510030864,26617.203125,6154100
2025-01-09,26390.0779776216,26694.523118180135,25998.6485111892,26129.125,4369400
2025-01-10,26124.293400208142,26670.361686228032,26075.968773126737,26119.4609375,4977300
2025-01-14,25805.3476592525,25921.32674985588,24974.164176594928,25148.1328125,4567400
2025-01-15,25462.245063325256,25549.229388840504,24693.883521273874,24795.365234375,4222800
2025-01-16,25278.61159819125,26240.271645608584,24708.381017310625,25757.025390625,5085600
2025-01-17,25708.700334716752,26124.29210704488,25442.914898925508,25761.857421875,4021500
2025-01-20,26046.97314361515,26240.271645608584,25554.061963531894,25757.025390625,3110300
2025-01-21,26133.957462548547,26428.737678009988,25718.365683373406,26129.125,3889800
2025-01-22,26602.706143853447,26892.653894740135,26327.255780511096,26568.87890625,4631700
2025-01-23,27061.789384341962,27443.553913156786,26249.935702811705,26510.888671875,4186300
2025-01-24,26240.270824695963,26564.04580540584,26066.302178344387,26225.7734375,3296400
2025-01-27,25901.997886795194,25993.814670349133,24872.683418532626,24940.337890625,4537100
2025-01-28,23621.076323227135,24060.830403712745,23422.945363887462,23509.9296875,5508300
2025-01-29,23969.013293331995,24200.971486493272,23374.62042335622,24060.830078125,4633600
2025-01-30,24345.94627365931,24640.72648856467,23785.380619085176,24510.25,4121100
2025-01-31,24993.497567258157,25438.08414424728,24993.497567258157,25326.9375,4175100
2025-02-03,24703.546128640777,25094.975556735437,24626.226735436892,24887.1796875,3239200
2025-02-04,25413.919766525578,25786.019371397695,24877.516440021616,25152.966796875,3495500
2025-02-05,25341.43285655207,25341.43285655207,25022.490337762512,25196.458984375,2242900
2025-02-06,25399.423338741533,25800.517733169912,25215.789760569507,25689.37109375,2942000
2025-02-07,24983.83096660539,25351.09811427696,24510.249644607844,24645.55859375,4736900
2025-02-10,24814.69485612322,25099.81014268822,24418.432932422715,24776.03515625,3122900
2025-02-12,25196.460062591374,25302.774240070663,24582.737310779117,24790.533203125,3070600
2025-02-13,24838.858327169626,24925.842655941815,24500.5859375,24500.5859375,3027300
2025-02-14,24287.954010101963,24510.247262084595,23915.85443613104,23993.173828125,3719800
2025-02-17,23683.89731006076,24094.656598237696,23611.410376853066,23959.34765625,2675700
2025-02-18,24229.965531579535,24616.562508549294,24036.667043094658,24287.955078125,2601600
2025-02-19,24258.96208467471,25225.45459800836,24171.97775847468,25143.302734375,4084800
2025-02-20,25070.815787760417,25094.97810058594,24283.124389648438,24355.611328125,3740200
2025-02-21,24162.312321989786,24616.563793643192,24147.81493459659,24602.06640625,2734300
2025-02-25,23853.035553331614,24689.051588729984,23389.119140625,23389.119140625,5001500
2025-02-26,22325.976256060687,22330.808718453773,21726.750919317932,22176.169921875,5996200
2025-02-27,22567.60081094121,22611.092975244952,22200.33364570962,22379.134765625,3757500
2025-02-28,21552.78267125706,21712.253933174434,21055.039035575566,21383.646484375,5111500
2025-03-03,21712.253422768656,21760.5780464561,21335.32135800659,21630.1015625,2698700
2025-03-04,21001.881283929568,21808.90249295309,20881.069725692512,21697.755859375,3782000
2025-03-05,21688.089580496937,21881.388061606536,21296.66015625,21296.66015625,3107200
2025-03-06,21446.468963426883,21562.448065527435,20827.913752223943,21050.20703125,3485300
2025-03-07,20431.65059273621,20552.46215016724,20281.84426152173,20407.48828125,4349600
2025-03-10,20296.343768189756,20953.558709254947,20296.343768189756,20755.427734375,2848500
2025-03-11,20301.1736201999,20653.943359375,19943.57141884432,20653.943359375,3772400
2025-03-12,20537.96532619522,20813.41568468772,20421.98622788259,20620.1171875,2519400
2025-03-13,20968.05381125044,21103.362754950605,20576.624366974967,20605.619140625,3219800
2025-03-14,20310.83882354225,20832.74474620286,20262.514201073674,20760.2578125,3667800
2025-03-17,21117.860089351798,21475.462296814505,21030.875768617625,21219.341796875,2734800
2025-03-18,21659.098703222964,21707.42333219044,21427.140484179075,21581.779296875,2372800
2025-03-19,21543.117134712837,21905.551810599663,21456.1328125,21456.1328125,2852100
2025-03-21,21330.490171934383,21842.731213670915,21330.490171934383,21615.60546875,2918400
2025-03-24,21639.767251577287,21639.767251577287,21407.809049684543,21446.46875,1957300
2025-03-25,22007.033807184278,22238.992002780422,21504.457716725963,21562.447265625,2724200
2025-03-26,22045.693714331992,22108.515726231664,21746.08104219508,21910.384765625,2932600
2025-03-27,21659.09824770777,21833.06690833193,21427.140033542226,21543.119140625,3317100
2025-03-28,21393.04167301829,21422.468140243902,20878.07849657012,21113.490234375,3180400
2025-03-31,20166.940001864743,20255.219408487694,19715.734145791896,19725.54296875,4453200
2025-04-01,19804.01230034722,20049.232858796295,19568.60056423611,19862.865234375,3003700
2025-04-02,19960.95429649649,20451.395434002545,19926.623416871065,20245.41015625,3538400
2025-04-03,18872.174802722584,19548.983566437688,18803.513044084822,19499.939453125,4719000
2025-04-04,19166.439045193827,19323.380204212815,18244.409735957277,18597.52734375,5626300
2025-04-07,16243.410426436109,17312.572103055394,16243.410426436109,16733.8515625,6089700
2025-04-08,17381.234855121296,18504.345120872644,17341.99956199461,18195.3671875,4906100
2025-04-09,17459.70400401837,17606.836341130886,16782.895253300805,17086.96875,5792400
2025-04-10,19833.440467677345,19862.86693721396,18940.83755840008,19289.05078125,5516600
2025-04-11,18234.600983722634,19387.13762470564,18062.946590384738,19264.52734375,5253900
2025-04-14,19853.056487063554,20265.02702681487,19333.188901186888,19524.4609375,4692600
2025-04-15,19617.64475987994,19833.438852238618,19548.98300322036,19607.8359375,2442700
2025-04-16,19509.748723376397,19617.645775139667,19053.6384591044,19313.572265625,4413600
2025-04-17,19333.189118895127,19534.269979847613,18823.130349649797,19431.27734375,4333100
2025-04-18,19225.291002113758,19367.51892024164,18940.835165857996,19141.916015625,2346100
2025-04-21,18999.690031121332,19264.528250450334,18881.984155864,19058.54296875,2012600
2025-04-22,18970.261462135037,19112.489378991788,18725.04091583029,18813.3203125,2530000
2025-04-23,19578.409430661577,19602.931486561705,19097.777135019085,19274.3359375,3203700
2025-04-24,19799.108701442543,20162.03514283634,19730.446942259936,19995.28515625,4566300
2025-04-25,20838.845588235294,20956.551470588234,20417.066176470587,20843.75,4594400
2025-04-28,21216.484473577533,21231.19770830262,20706.425669774468,20794.705078125,2978200
2025-04-30,20598.52804770318,20824.13097393993,20387.63835578622,20819.2265625,3439300
2025-05-01,21118.394026623642,21152.72490404732,20176.74710300271,20804.51171875,7217400
2025-05-02,21285.145643625827,21466.608866854895,20588.719219341296,20735.8515625,5778700
2025-05-07,21142.9177609992,21520.55744265008,20902.60159994864,21486.2265625,4935300
2025-05-08,21868.770110940644,22138.512733973104,21574.505431268874,21927.623046875,4223200
2025-05-09,22290.54880820841,22315.070864103025,21731.4459338111,22123.798828125,4368300
2025-05-12,22383.7327742737,22619.144512478157,22118.894568793687,22452.39453125,3911700
2025-05-13,23541.173828125,23791.298800048826,23163.53416463216,23541.173828125,5801500
2025-05-14,23992.380380869454,24090.468608101135,23359.711315225104,23761.873046875,4211200
2025-05-15,23497.035053858657,23756.968858461976,23349.902711630362,23668.689453125,2985800
2025-05-16,23354.806725109203,23438.181717617994,22874.174415352652,23016.40234375,2996000
2025-05-19,22619.144416933126,22864.364976526937,22511.247370711848,22624.048828125,2521700
2025-05-20,22702.52080586381,23173.344309290667,22697.61639436978,22898.697265625,2833100
2025-05-21,22805.511833021887,23001.68827889734,22712.328021231046,22800.607421875,2268200
2025-05-22,22334.689561631945,22393.54249855324,21947.241060233413,22246.41015625,3875100
2025-05-23,22560.292724126564,22565.197135588332,22270.932447882333,22319.9765625,2248800
2025-05-26,22373.925011875133,23094.87349428321,22369.02060043018,22908.505859375,2656100
2025-05-27,22903.601206314666,22903.601206314666,22511.248294857458,22751.564453125,2313000
2025-05-28,23188.05776831966,23305.76364531621,22702.52102570891,22722.138671875,2748900
2025-05-29,23570.600769118788,23688.306640625,23163.534630159807,23688.306640625,4082400
2025-05-30,23050.734120244568,23227.29293478261,22560.29296875,22560.29296875,6223100
2025-06-02,22579.909892722848,22609.336360871486,22084.56434555408,22172.84375,2743000
2025-06-03,22266.028363909038,22437.68276759556,21971.763671875,21971.763671875,2663500
2025-06-04,22300.358901041665,22383.73389583333,22035.520682291666,22069.8515625,2468000
2025-06-05,22167.937951686297,22972.261364092614,22109.0850190712,22903.599609375,4132700
2025-06-06,23148.821121828754,23271.431403194372,22962.453494153015,23197.865234375,2851000
2025-06-09,23658.88107511528,23663.7854866151,23266.528155129952,23398.947265625,3145200
2025-06-10,23541.173915332773,23747.159187091933,23197.8651290675,23286.14453125,3804300
2025-06-11,23756.96924613143,24404.3515625,23639.263370428056,24404.3515625,4463900
2025-06-12,24213.078726953125,24571.100753906252,24124.799323046875,24522.056640625,3615100
2025-06-13,23717.7333098083,23820.725948250394,23001.689252068016,23344.998046875,7422300
2025-06-16,23369.521032996956,23595.123964270377,23286.146036656777,23555.888671875,2996700
2025-06-17,23997.285172842083,24502.43955109729,23840.344006782212,24247.41015625,4133800
2025-06-18,23987.47601016083,24365.115685642813,23913.90983961239,24262.123046875,2988400
2025-06-19,24129.703173828126,24188.556108398436,23541.173828125,23541.173828125,2902500
2025-06-20,23585.313872928393,23830.534437213362,23428.37271178601,23526.4609375,3853700
2025-06-23,23080.160054082735,23335.18944694553,22834.939484022358,23251.814453125,2767000
2025-06-24,23923.718535370877,24433.777315132782,23899.196478651556,24100.27734375,3940200
2025-06-25,25071.352015175402,25144.918188928852,24566.197622068386,24884.984375,3917400
2025-06-26,25189.05625118461,25924.7179407636,24987.975389366355,25875.673828125,5665500
2025-06-27,26778.086867390513,27317.572133949663,26655.476579536164,26988.9765625,6819100
2025-06-30,27464.702628251445,27994.37903608201,26871.26887503387,27150.8203125,6779100
2025-07-01,26856.55591839444,27018.401489122527,26429.872141020387,26552.482421875,3764900
2025-07-02,25895.29069494076,26375.92298435443,25748.158361446775,26076.75390625,4143600
2025-07-03,26307.262313713032,26557.387290968694,26214.078498657003,26532.865234375,4333000
2025-07-04,26856.557434452625,26993.88095676173,26552.48392076817,26655.4765625,3456800
2025-07-07,26483.82135656682,26778.086038306454,26346.49783842166,26606.431640625,2033000
2025-07-08,26307.263236693107,27033.11613733266,26297.45441371149,26743.755859375,3157600
2025-07-09,27101.7780100046,27145.917713603958,26420.064809970103,26655.4765625,3665900
2025-07-10,26655.474324361803,26655.474324361803,26248.408203125,26248.408203125,3188700
2025-07-11,26679.998726851853,26679.998726851853,26130.704635416667,26483.822265625,3016800
2025-07-14,26145.417961375544,26189.557665305834,25929.6238532719,25978.66796875,2153200
2025-07-15,25944.335463648076,26900.695655597297,25718.732546572875,26885.982421875,4009800
2025-07-16,27165.5345970638,27989.47570778897,27038.019901356336,27356.806640625,7243800
2025-07-17,26974.26334061037,27435.278023158982,26366.11631256752,27239.1015625,4684900
2025-07-18,27244.00414469255,27592.217338981147,27028.210052457358,27317.5703125,3460600
2025-07-22,27538.269359636506,27626.548762748433,26861.460602445084,26959.548828125,3103900
2025-07-23,26856.557588608583,27651.072257957487,26665.285538580145,27484.322265625,4687600
2025-07-24,27866.86636568188,27891.388423377834,27297.95462713575,27484.322265625,3730400
2025-07-25,27268.52758404864,27572.601093079396,27170.43935532904,27425.46875,2689600
2025-07-28,26998.78572332087,27047.82983907622,26336.690160623628,26807.513671875,3341600
2025-07-29,26679.998726851853,26836.939895833333,26424.969327256946,26483.822265625,3108900
2025-07-30,26660.380864031267,26802.608797264693,26542.67498825188,26743.755859375,2293000
2025-07-31,26679.99897091109,27170.4401284646,26464.204861587543,26807.513671875,3884900
2025-08-01,21903.101796125306,22413.160592989847,21903.101796125306,21976.66796875,14269500
2025-08-04,21059.54126535746,22138.51170745775,21010.497154352903,22055.13671875,7839800
2025-08-05,22069.85005546718,22197.364744676546,21736.350099073454,21966.857421875,4903900
2025-08-06,21334.19013286688,21496.03571318518,21010.498972230278,21138.013671875,6135400
2025-08-07,20157.13179133712,20721.139128564315,19990.38179598299,20618.146484375,7764900
2025-08-08,20637.763797557538,21123.30054089361,20490.631451092064,20882.984375,5279800
2025-08-12,20990.88006796004,21373.424143964916,20848.652142265917,21108.5859375,5264500
2025-08-13,21290.04917120505,21657.880013831258,21098.77713303942,21275.3359375,5515800
2025-08-14,21084.064085104976,21128.203786609032,20716.233239237827,20848.65234375,4403100
2025-08-15,20627.953972368345,21167.439216533945,20627.953972368345,21093.873046875,3950200
2025-08-18,21020.307653614276,21079.160591515203,20642.66796875,20642.66796875,3515100
2025-08-19,20824.131088558846,21088.96930777274,20755.469328021914,20814.322265625,2871900
2025-08-20,20676.997685185186,20789.79914314516,20382.733012246117,20524.9609375,3224600
2025-08-21,20059.043657413073,20250.315711848063,19995.286305934744,20029.6171875,4184400
2025-08-22,20049.23248942523,20166.938355312264,19622.548725584722,19710.828125,4366100
2025-08-25,19754.97070264215,19985.478056918262,19691.213349331734,19838.345703125,3871600
2025-08-26,19735.352598635465,19965.85994757579,19705.926128557978,19857.962890625,3901400
2025-08-27,19990.38189236538,20054.139243837595,19774.58777969019,19946.2421875,2476800
2025-08-28,19833.43904932229,20387.637519295935,19808.916993128765,20353.306640625,3909700
2025-08-29,20255.218406915377,20333.688986700035,19911.909620357488,20269.931640625,3199400
2025-09-01,19907.006088531394,20005.094317595358,19627.4546356991,19897.197265625,3325300
2025-09-02,20019.808362275635,20147.323065220065,19882.484836027787,19946.2421875,2225600
2025-09-03,19681.40314037431,19745.160489196853,19490.131093906683,19563.697265625,4300500
2025-09-04,19607.837663562674,19754.97001221372,19573.506782210763,19701.021484375,2120200
2025-09-05,19794.20370591959,19921.71839778131,19656.880191606968,19853.056640625,2535500
2025-09-08,20088.46990291262,20397.447833548238,19965.859612977853,20206.17578125,3295100
2025-09-09,20662.286189027564,20981.07294485163,20480.82295878925,20618.146484375,4812700
2025-09-10,20691.711631020982,20858.461618092493,20578.910169178485,20745.66015625,3056800
2025-09-11,20794.704289301568,21049.73368152885,20706.424884299813,20995.78515625,3863400
2025-09-12,21579.410421740093,22172.844208337945,21412.660432117555,22153.2265625,9504400
2025-09-16,22594.621550313655,22874.172978220726,22324.87894443841,22575.00390625,6365500
2025-09-17,23050.732844716495,24085.56361710696,23006.593143524486,23786.39453125,10301800
2025-09-18,23835.440299057158,25370.521124901785,23703.02118628462,24968.359375,10516200
2025-09-19,26091.467962953924,26091.467962953924,23771.681431661214,25120.39453125,12196400
2025-09-22,25296.954100093983,26630.954006109023,25061.542351973683,26091.46875,9058500
2025-09-24,25601.026331177767,26797.70265776922,25537.26898590855,26733.9453125,7667800
2025-09-25,26243.505246028926,27513.74779110863,26214.07877780314,27190.056640625,7835700
2025-09-26,26699.615055212846,26817.320926139575,26008.093063518318,26037.51953125,6076800
2025-09-29,25669.957670132993,26442.731386177136,25635.281926464348,26259.4453125,4125000
2025-09-30,26551.712703907437,26685.462002975626,26066.252285067338,26115.7890625,3778100
2025-10-01,25962.225311243823,26155.418745156916,25536.209021076495,25570.884765625,4000700
2025-10-02,26700.322937241872,27661.336415873586,26650.786159992815,27587.03125,8134900
2025-10-03,28131.93481402466,28552.997405888033,27884.25093645797,28226.0546875,6692200
2025-10-06,28632.256820923292,30603.82052589344,28349.8971948346,30286.78515625,10590800
2025-10-07,30871.31945050266,31227.984245181124,29801.325066467263,29811.232421875,6962700
2025-10-08,29117.71805033328,29682.437318407112,28860.126805246968,28983.96875,5730400
2025-10-09,29722.06636679293,29860.769343171294,28919.57057488952,29424.845703125,4893900
2025-10-10,29722.06590996414,29831.046818300674,28820.496577361893,29008.736328125,4899100
2025-10-14,28513.367647624385,29370.35385385076,27973.416800926843,28176.517578125,5956700
2025-10-15,27765.36301955678,29345.586178029323,27671.243144914213,28800.681640625,5090700
2025-10-16,29390.1697107438,30138.175041322316,29375.308677685953,29969.75,4971500
2025-10-17,29959.84190076463,30217.433134038398,29677.482279676075,29801.32421875,3590300
2025-10-20,30217.434547616205,31119.00390625,30128.268347311765,31119.00390625,5208100
2025-10-21,31426.131171646044,31455.85323769741,30375.95150449772,30425.48828125,4637300
2025-10-22,30276.877694842173,30742.523392374103,30019.286457909617,30445.302734375,3906100
2025-10-23,29345.585501282374,29499.149503736757,29058.27220636773,29454.56640625,3408000
2025-10-24,30187.711558860876,30316.507177589196,29989.564453125,29989.564453125,2496700
2025-10-27,30504.747307596135,30584.006150876674,30148.082512833727,30336.322265625,2725200
2025-10-28,30524.562065282193,31257.70636675278,30455.210577305246,31158.6328125,3674000
2025-10-29,31406.31696170937,32446.589290094067,31128.911007473453,32188.998046875,4944100
2025-10-30,32188.997467864312,33437.32423947124,31862.054741967262,32684.365234375,6571000
2025-10-31,33377.879442245096,33863.33984375,32832.97490994368,33863.33984375,4871100
2025-11-04,35468.33033917793,36885.082081776374,34467.6875,34467.6875,7117900
2025-11-05,33774.173312481274,34170.46751385975,32278.162702277496,33060.84375,6509900
2025-11-06,34051.58084703947,34111.024980028196,32932.04967575188,32941.95703125,3030700
2025-11-07,32357.422027439025,32714.08681402439,32000.757240853658,32496.125,3151100
2025-11-10,33714.73120431286,34229.91369700292,33090.5677997076,33883.15625,3346200
2025-11-11,34041.67112551185,34338.891769797454,33625.562223511995,33873.24609375,2744000
2025-11-12,33179.73121843435,33566.118055555555,32694.270833333336,33348.15625,2885400
2025-11-13,33239.17893873488,33685.009952816275,33060.84653310233,33595.84375,1819300
2025-11-14,31703.53610675039,32307.88476378532,31525.20371614992,31554.92578125,4021100
2025-11-17,32030.478751407656,32991.4921875,31852.146361204952,32991.4921875,2711200
2025-11-18,32297.979297371345,32496.126409625158,31119.003979461166,31188.35546875,3139400
2025-11-19,31208.168378868275,31376.593414563755,30564.190301209088,30574.09765625,2822800
2025-11-20,32595.19850360577,32733.90147596154,31871.961576322115,32198.904296875,3883500
2025-11-21,30514.654469019217,30752.430997349238,29850.861660764578,29900.3984375,4751600
2025-11-25,30712.801446945337,31000.11475080386,30445.302853697747,30811.875,2939400
2025-11-26,30910.94862848893,31287.4281310154,30762.338298544273,30881.2265625,2222000
2025-11-27,31545.01906269422,32030.479469123875,31386.50137896209,31881.869140625,2019500
2025-11-28,31881.870135613208,31901.684846698114,31208.169958726416,31505.390625,1583600
2025-12-01,32198.904755671043,32317.793019384288,31247.798645965067,31336.96484375,2128400
2025-12-02,31455.852464182306,31644.09221121206,30920.85528841354,31010.021484375,1720100
2025-12-03,32248.44137586276,32803.253270501256,31901.683941713698,32476.310546875,3483200
2025-12-04,32545.66231265708,33506.67578125,32446.58875919389,33506.67578125,2656500
2025-12-05,32813.16185123717,32842.88391813141,32466.404404137746,32832.9765625,1928000
2025-12-08,32872.60377242913,33298.62003590546,32367.328669236278,32852.7890625,1905100
2025-12-09,33189.63849452962,33635.469459381515,33060.8428824613,33278.8046875,2144700
2025-12-10,33467.045594146286,33724.636827256945,32565.476278258982,32813.16015625,2256300
2025-12-11,33486.86116037193,33566.12000335506,32109.73876354007,32297.978515625,2527900
2025-12-12,31039.744877852183,32188.998119419644,31039.744877852183,31208.169921875,4635800
2025-12-15,30514.653831486834,31188.353981013166,30375.950859525532,30851.50390625,1988500
2025-12-16,31119.003721469366,31158.63314359158,30316.50792349451,30683.080078125,2081100
2025-12-17,30910.947677203065,31029.8359375,30415.579925965834,31029.8359375,1822200
2025-12-18,29940.02716332275,30415.58020893476,29781.509481452078,30029.193359375,2876900
2025-12-19,30425.488798327322,31089.281618088942,30405.674087289663,30910.94921875,2803800
2025-12-22,32496.127053813685,33130.197825595416,32169.18431211373,32862.69921875,3456100
2025-12-23,32862.698482481064,33050.938238636365,32466.404258996216,32694.2734375,1716400
2025-12-24,32783.43875583233,33546.30511551776,32605.10636006171,32912.234375,2405600
2025-12-25,32793.34561815626,33476.953125,32783.43826298461,33476.953125,1442800
2025-12-26,33506.674121122196,34071.39334788268,33486.8594114113,34011.94921875,1928700
2025-12-29,34279.45107088081,34348.802561486635,33595.843520623355,33912.87890625,1955700
2025-12-30,33457.13843399439,34180.375361942744,33447.231078817014,34002.04296875,1704900
2026-01-05,35745.738077105336,36736.47361139318,35389.07328476171,36587.86328125,4530100
2026-01-06,36855.36232429719,37251.65654283802,36280.73570741298,37003.97265625,3860200
2026-01-07,37152.582198061304,38153.22507859576,37043.60129028033,37816.375,3780900
2026-01-08,36835.54798162869,37122.86129294316,36102.40366999864,36300.55078125,4022200
2026-01-09,36657.21579481008,37846.09846923635,36142.03330255869,37558.78515625,4751700
2026-01-13,40620.156840269316,40976.821632037536,39639.328662906715,40649.87890625,5383100
2026-01-14,41075.894345677734,42007.18572736941,40877.74724319014,41918.01953125,4203600
2026-01-15,40620.15630503053,42601.62734430031,40293.21358355101,42195.42578125,4885600
2026-01-16,42601.62913330368,42611.53648891607,41214.599347568204,41759.50390625,4456700
2026-01-19,41630.70887046586,42036.91045630335,41274.04406338905,41789.2265625,2722800
2026-01-20,41353.29948804163,41531.63187682571,40233.768380674905,40699.4140625,2661800
2026-01-21,39847.382768897114,41174.96837084446,39847.382768897114,40828.2109375,3638100
2026-01-22,42423.297101102944,42928.57224172794,41719.87484650735,42106.26171875,4242100
2026-01-23,41918.02227180459,42145.891454563156,41145.24852157987,41333.48828125,3128600
2026-01-26,40639.9727294506,41927.92895929667,40451.73297278079,40709.32421875,2878400
2026-01-27,41006.543214455254,41809.03898647045,40600.34165084263,41739.6875,2713800
2026-01-28,42393.57199004709,44196.71059770976,41898.204240689214,43394.21484375,4182800
2026-01-29,43998.56295461075,44018.37766434037,40709.32113949462,40947.09765625,4689400
2026-01-30,40639.971849658075,41551.44854643246,40392.28796466503,40927.28515625,3513500
2026-02-02,39906.826328479576,40986.72803399206,39252.940892114224,39292.5703125,3568300
2026-02-03,40204.0479276949,41402.83792258181,39807.75371450915,41174.96875,3486600
2026-02-04,40204.049232186735,40620.15816953317,39569.97847051597,40322.9375,2431800
2026-02-05,39678.95975947112,40342.752594398604,39114.2404819955,39619.515625,2954000
2026-02-06,39787.938992810145,40966.91427671064,39451.08891169571,40649.87890625,3289700
2026-02-09,41194.78411907327,41937.83578067272,39936.54997209821,40223.86328125,7678600
2026-02-10,41343.392603539156,41977.46332643072,40372.47180911144,41115.5234375,4136200
2026-02-12,41511.82024629237,42017.095385328386,40352.65963320975,40917.37890625,3506400
2026-02-13,40887.654802482735,42284.591881995715,40630.06356796261,41600.984375,5378300
2026-02-16,41392.93093546097,41442.46771254984,40630.06456829235,40996.63671875,2210300
2026-02-17,41561.35679400207,42423.29673228054,41204.69199195581,41759.50390625,2633400
2026-02-18,42185.5198274372,43513.10546784974,41987.372716927865,42988.015625,3565600
2026-02-19,44335.41560907041,45028.930490106155,44028.287590326014,44216.52734375,3742000
2026-02-20,43394.21668846679,43840.047681841446,42561.998834167425,43552.734375,3619200
2026-02-24,43275.328864353316,43968.84375,42968.20084356692,43968.84375,2447100
2026-02-25,44434.488106343284,46168.275267683326,44355.22926468203,45801.703125,3532400
2026-02-26,46168.275387607595,46168.275387607595,44305.69260372986,44890.2265625,3582700
2026-02-27,42809.681128046184,43889.58282741138,42700.70022260566,43602.26953125,3675600
2026-03-02,42294.500883011715,43384.30999454399,42254.87146077418,43126.71875,2574400
2026-03-03,43146.530750256745,43582.454367480925,41937.833447953344,42205.33203125,3214900
2026-03-04,40986.727481222355,41918.01884772825,39748.30811086876,40313.02734375,4835900
2026-03-05,42096.3546757026,42888.943137471535,41036.26760808665,41333.48828125,3750400
2026-03-06,40639.96961369347,41640.61245401113,40451.72987145549,41402.8359375,2862300
2026-03-09,37935.26241428732,38807.10965702884,37251.65491713772,38559.42578125,5170200
2026-03-10,40382.38149122533,40818.30513833375,38797.204592649265,39659.14453125,3600700
2026-03-11,40352.658828144275,40669.69420317512,39579.8851015066,40154.51171875,2871700
2026-03-12,39629.42216981132,39926.64283608491,38965.62934846698,39381.73828125,2673500
2026-03-13,38153.2258238377,38638.686240708135,37945.17135946466,37984.80078125,3230700
2026-03-16,38064.059921775224,38787.296875,37479.52594588122,38787.296875,2906700
2026-03-17,39480.80964031879,39510.53170529268,38272.112331380544,38420.72265625,1930100
2026-03-18,39114.23859828742,39916.734375,38876.46207185406,39916.734375,2014800
2026-03-19,38648.59353248951,39322.29370173055,38599.056755339436,38965.62890625,2656600
2026-03-23,37578.599718505226,38182.94840894256,37132.768717362924,37945.171875,3387800
2026-03-24,38985.442280738884,39104.33054182373,37925.35528606568,38767.48046875,2266000
2026-03-25,40263.49188553023,41056.080308473734,39986.0859375,39986.0859375,3091900
2026-03-26,39579.8851015066,40907.470734448245,39569.977746036886,40154.51171875,2747200
2026-03-27,38767.48231102061,39025.073555612114,38311.74395520488,38926.0,3646500
2026-03-30,37600.0,38840.0,37210.0,38840.0,3600000
2026-03-31,36950.0,38220.0,36520.0,37230.0,4036500
2026-04-01,38630.0,39300.0,38380.0,39280.0,2541800
2026-04-02,39700.0,39710.0,37960.0,38020.0,2727000
2026-04-03,38880.0,39320.0,38280.0,38420.0,1832600
2026-04-06,38200.0,39260.0,38200.0,38370.0,2127100
2026-04-07,38650.0,39050.0,38270.0,38440.0,1924100
2026-04-08,41500.0,42410.0,41060.0,42410.0,3872000
2026-04-09,42830.0,42830.0,41750.0,42190.0,2672900
2026-04-10,42840.0,44040.0,42620.0,44040.0,4086200
2026-04-13,43370.0,43480.0,42300.0,42460.0,3255000
2026-04-14,43160.0,43820.0,42890.0,43700.0,3521700
2026-04-15,43870.0,44570.0,43360.0,43500.0,3635500
2026-04-16,44200.0,46150.0,44100.0,45820.0,4808800
2026-04-17,45120.0,45280.0,44010.0,44010.0,2974800
2026-04-20,43870.0,44490.0,43620.0,44250.0,2017800
2026-04-21,44740.0,46460.0,44670.0,45780.0,3182100
2026-04-22,45170.0,45540.0,45020.0,45500.0,2047100
2026-04-23,46150.0,46560.0,44950.0,45480.0,2968500
2026-04-24,45450.0,46110.0,45410.0,45850.0,2312400
2026-04-27,46460.0,47710.0,46300.0,47100.0,3605000
2026-04-28,46880.0,46970.0,45010.0,45150.0,3291600
2026-04-30,45000.0,45290.0,43980.0,44390.0,4081000
2026-05-01,47000.0,48190.0,46710.0,47450.0,5915900
2026-05-07,51180.0,51960.0,50240.0,51720.0,4695700
2026-05-08,51720.0,52650.0,51220.0,52450.0,3644900
2026-05-11,53500.0,53870.0,51870.0,52080.0,2998700
2026-05-12,53000.0,53000.0,51630.0,52160.0,1931800
2026-05-13,51510.0,51920.0,50830.0,51340.0,2301000
2026-05-14,51590.0,52730.0,51200.0,51200.0,2051400
2026-05-15,52150.0,52530.0,49480.0,50290.0,2986000
2026-05-18,50600.0,50900.0,48810.0,49260.0,2434000
2026-05-19,49960.0,49980.0,47160.0,47160.0,2645700
2026-05-20,46700.0,47220.0,45030.0,46100.0,3042100
2026-05-21,47650.0,48800.0,47450.0,48800.0,2745800
2026-05-22,49050.0,50220.0,48730.0,49830.0,2776900
2026-05-25,50530.0,52530.0,50030.0,52180.0,2671900
2026-05-26,53180.0,53190.0,50640.0,51420.0,2439400
2026-05-27,52870.0,54700.0,52500.0,52500.0,3857400
2026-05-28,52000.0,52730.0,51150.0,52320.0,3146300
2026-05-29,52780.0,53320.0,52030.0,52420.0,3555800
2026-06-01,53360.0,54740.0,52960.0,53060.0,3167500
2026-06-02,53060.0,53750.0,52180.0,53710.0,2681900
2026-06-03,56710.0,61420.0,56390.0,60900.0,5433400
2026-06-04,59900.0,63660.0,59900.0,63660.0,4805100
2026-06-05,62000.0,62210.0,58750.0,59450.0,4460100
2026-06-08,55650.0,56450.0,54650.0,55020.0,3961100
2026-06-09,57200.0,60860.0,56770.0,59920.0,5902600
2026-06-10,61110.0,65310.0,60810.0,61830.0,7924500
2026-06-11,61000.0,64070.0,60210.0,63400.0,5585800
2026-06-12,68400.0,71000.0,68000.0,68000.0,7102200
2026-06-15,74800.0,74800.0,72760.0,72760.0,4611000
2026-06-16,71510.0,73130.0,70820.0,70860.0,4828900
2026-06-17,69970.0,73220.0,69850.0,72640.0,4608500
2026-06-18,73870.0,76650.0,73100.0,76080.0,5806900
2026-06-19,77580.0,77600.0,73920.0,75360.0,6107100
2026-06-22,73990.0,77850.0,73980.0,77800.0,3105600
2026-06-23,77500.0,79800.0,72960.0,72960.0,4737500
2026-06-24,71760.0,73360.0,68620.0,69900.0,5275300
2026-06-25,72400.0,75850.0,71900.0,75340.0,4988300
2026-06-26,72560.0,74430.0,71120.0,72920.0,4533200
2026-06-29,73500.0,74700.0,70670.0,74700.0,4216000
2026-06-30,76980.0,80500.0,74730.0,77150.0,5168500
2026-07-01,78650.0,81260.0,76690.0,78800.0,5596400
2026-07-02,74300.0,75740.0,72940.0,72940.0,4530000
2026-07-03,69940.0,73830.0,68970.0,73200.0,4678700
2026-07-06,74090.0,75290.0,70670.0,72320.0,2846600
2026-07-07,71710.0,73090.0,69130.0,69470.0,3890000
2026-07-08,67470.0,69600.0,66560.0,67350.0,4276100
2026-07-09,69900.0,71540.0,69300.0,71060.0,3695600
2026-07-10,72900.0,74550.0,71610.0,72940.0,3910500
2026-07-13,71900.0,74470.0,69940.0,71300.0,3645000
2026-07-14,69800.0,72140.0,68680.0,71130.0,4029300
2026-07-15,71900.0,74810.0,70780.0,74240.0,3909100
2026-07-16,71240.0,71680.0,68840.0,70890.0,5153200
2026-07-17,67000.0,67080.0,63150.0,65100.0,6335500
2026-07-21,64350.0,66570.0,64200.0,66570.0,3621900
2026-07-22,69570.0,69780.0,65550.0,65960.0,4060500
2026-07-23,66470.0,68700.0,65910.0,65950.0,3554800
2026-07-24,64950.0,65410.0,61210.0,62660.0,3871900
2026-07-27,63660.0,64100.0,61660.0,62800.0,2720800
2026-07-28,56530.0,57610.0,55400.0,55920.0,4363800
2026-07-29,53920.0,55630.0,48580.0,50000.0,7362500
2026-07-30,49000.0,53820.0,48650.0,52240.0,6356300
2026-07-31,59240.0,59250.0,54220.0,55500.0,14096600
2026-08-03,53900.0,55550.0,52550.0,54990.0,4585200
2026-08-04,55880.0,56740.0,53400.0,56700.0,3777200
2026-08-05,59000.0,59700.0,58300.0,58550.0,3342100
2026-08-06,56550.0,56800.0,55080.0,55410.0,900800
