Date,Open,High,Low,Close,Volume
2015-01-05,623.4502124451753,642.0053009419848,619.7392219260857,634.583251953125,5562600
2015-01-06,621.5946655273438,629.0167143050634,614.1726847003029,621.5946655273438,5915400
2015-01-07,616.0282068361462,629.0167764936175,614.1727454212827,623.4502563476562,4545300
2015-01-08,634.5832345145088,666.1268229366412,634.5832345145088,662.4158325195312,11971200
2015-01-09,664.2714681117061,679.1155001086601,645.7163771524964,649.4273681640625,8796600
2015-01-13,645.7163255901902,660.5603564018056,642.0053348749574,658.7048950195312,8652600
2015-01-14,656.8494800013356,660.5604713624106,645.7164379674145,651.282958984375,5579100
2015-01-15,649.4273762038263,660.5604173270386,647.5719146504177,656.8494262695312,7005300
2015-01-16,647.5717676188052,649.4272287509299,636.4387290233568,640.1497192382812,8885400
2015-01-19,645.7163693023195,660.56040111881,643.86083984375,643.86083984375,5370000
2015-01-20,647.5719602989611,651.2829516180631,638.2943800751634,645.7164306640625,5486700
2015-01-21,647.571891455977,651.2828823805658,636.438850731523,642.00537109375,4502700
2015-01-22,645.7163693023195,647.5718987608891,638.29431941873,643.86083984375,4702500
2015-01-23,647.5718029004122,662.4158325195311,640.1497541155134,662.4158325195312,7043700
2015-01-26,658.705009657221,664.2715306741815,643.8609083115291,651.282958984375,5336100
2015-01-27,656.8493123206429,673.5488711084558,654.9937831384374,660.560302734375,6113400
2015-01-28,654.9938012293479,677.259880228087,654.9938012293479,675.4044189453125,7141200
2015-01-29,669.8379968968426,671.693458450251,656.8494262695312,656.8494262695312,4183200
2015-01-30,666.1268680133738,675.4044466099798,643.8607881026128,653.1383666992188,6430500
2015-02-02,647.5719602989611,656.8494725720636,643.8609010291639,645.7164306640625,4677000
2015-02-03,647.5719855839486,649.4274473406,612.3173288484993,616.0283203125,11272200
2015-02-04,606.7506878827069,623.4502480996621,599.3286384693874,617.8837280273438,8061300
2015-02-05,623.4503021350761,625.3058316368987,612.3172610255212,614.1727905273438,5172000
2015-02-06,619.7393797271986,621.59484148385,612.3173288484993,616.0283203125,3075600
2015-02-09,623.4500643445751,625.3055931386792,616.028017118823,619.7390747070312,3796200
2015-02-10,623.4503711911993,629.0168923625494,610.4617991411501,616.0283203125,6146400
2015-02-12,625.3058545143995,632.7278368918505,623.4503249446902,629.016845703125,6374100
2015-02-13,634.5833126153873,634.5833126153873,625.3058014554498,632.727783203125,5854200
2015-02-16,636.4388500385077,645.7163613152211,634.5833206028898,638.2943115234375,3762600
2015-02-17,638.2943115234376,640.1498409590555,630.872329682342,638.2943115234375,3110400
2015-02-18,645.7164306640625,651.2829516180631,638.2943800751634,645.7164306640625,6386100
2015-02-19,649.4273080803031,654.9938280579933,647.5718467215285,653.1383666992188,4080600
2015-02-20,654.99388069379,656.8494101523596,640.1498488772995,643.86083984375,4504200
2015-02-23,649.4273529429274,649.4273529429274,636.438850731523,642.00537109375,3889200
2015-02-24,642.0053339884959,654.9938354492186,642.0053339884959,654.9938354492188,6054000
2015-02-25,651.2828373897609,658.704886676909,649.4273080803031,653.1383666992188,4431300
2015-02-26,658.7049783240374,673.5490110129344,654.9939191887935,671.6934814453125,8356200
2015-02-27,673.54900336047,675.4045329070104,658.7049708402219,666.126953125,5190900
2015-03-02,673.54900336047,675.4045329070104,660.5604324360704,666.126953125,3784200
2015-03-03,669.838012218081,673.54900336047,656.8494412936815,666.126953125,4332600
2015-03-04,666.1268229366412,671.6933425376457,656.8493129185267,662.4158325195312,3655800
2015-03-05,662.4158417368258,671.6933518840337,658.7048512680785,669.837890625,3871800
2015-03-06,669.8380665506025,673.5490579940009,664.2715454101564,664.2715454101562,3701400
2015-03-09,666.1268229366412,666.1268229366412,656.8493129185267,662.4158325195312,2255400
2015-03-10,666.126953125,671.6934738139295,660.5604324360704,666.126953125,5490600
2015-03-11,658.7048415028482,667.9823515125181,651.2827927247052,660.560302734375,3766200
2015-03-12,660.5603881463896,682.826469409197,656.8493972528175,679.115478515625,6970800
2015-03-13,688.3931205048309,692.1041800541121,680.9711373076691,684.68212890625,6038700
2015-03-16,686.5374670853694,686.5374670853694,675.4044274458806,680.970947265625,3233700
2015-03-17,686.5374315043927,697.6704705668927,680.9709119731426,695.81494140625,5316000
2015-03-18,692.1041332996944,701.3816456447635,688.39307400111,697.670654296875,4812900
2015-03-19,701.3815393455773,714.3701090207238,697.6705485601149,708.8035888671875,9294000
2015-03-20,703.237024003658,719.9365834025522,701.3814947535539,716.2255249023438,6815100
2015-03-23,712.5146484375,714.3701779847033,705.0925981993787,712.5146484375,4815300
2015-03-24,710.6591724778514,712.5147021649717,699.5261302565236,705.0926513671875,4403700
2015-03-25,699.5259411407571,703.2369995117189,693.9594215349933,703.2369995117188,3745500
2015-03-26,695.815171652693,695.815171652693,680.9711373076691,684.68212890625,5314500
2015-03-27,679.0391583209937,680.9201072330595,650.8242357991254,660.2291870117188,13456800
2015-03-30,660.2290066964133,662.1100239788422,648.9430407699789,656.467041015625,8747400
2015-03-31,660.2289839647243,667.752983951319,650.8240356445312,650.8240356445312,6203100
2015-04-01,650.8240356445312,660.2289839647243,647.0620012092004,650.8240356445312,6523800
2015-04-02,654.5860956139853,662.11009668585,650.8241295200916,652.705078125,4722900
2015-04-03,654.5860956139853,658.3480617078792,647.0620945421208,652.705078125,2412600
2015-04-06,645.1812535672183,645.1812535672183,637.6572512401896,639.5382690429688,3079800
2015-04-07,643.3002888275959,650.8242917752483,639.5383217958167,647.062255859375,3437400
2015-04-08,650.8242917752483,656.467276764964,645.1813067855326,647.062255859375,5156700
2015-04-09,650.8240580524077,660.2290066964133,650.8240580524077,656.467041015625,3369300
2015-04-10,656.4670941376307,656.4670941376307,637.657126443428,643.3001098632812,6288900
2015-04-13,647.0620012092004,650.8240356445312,637.6570528890072,650.8240356445312,3495600
2015-04-14,652.7050064507673,662.1100239788422,652.7050064507673,656.467041015625,3237300
2015-04-15,656.4671381662697,658.3480868429909,650.8241543679467,654.5861206054688,2249700
2015-04-16,654.5861779640826,660.2291622568764,650.8242113969153,658.34814453125,3214800
2015-04-17,658.3481692155648,662.1102048078727,652.7051847111911,660.2291870117188,4496700
2015-04-20,654.5861630197298,667.7531490303386,654.5861630197298,665.8721313476562,3828900
2015-04-21,665.8719840634953,671.5149669792877,663.990966796875,663.990966796875,4070100
2015-04-22,665.8719457003799,669.6339111328125,660.2289631096987,669.6339111328125,3240000
2015-04-23,669.633961862243,699.7298942538738,669.633961862243,697.848876953125,10022400
2015-04-24,694.0870146204213,695.968032201349,682.8010469030162,688.4440307617188,6449100
2015-04-27,688.4440955379915,692.2060621697331,679.0391445165944,684.68212890625,5008200
2015-04-28,686.5630777800774,695.9680976855614,684.68212890625,684.68212890625,5319600
2015-04-30,680.919936374374,724.1828526416232,671.5149875217014,711.015869140625,13200900
2015-05-01,697.8488635946334,709.1348294149459,690.3249323038042,705.3728637695312,8178600
2015-05-07,697.848941161217,709.1349082359757,692.2059576238377,694.0869750976562,5898900
2015-05-08,695.9679784908504,705.3729279015122,694.0869610550881,701.6109619140625,4463100
2015-05-11,707.2541217798432,714.7780556317798,705.3731038748131,709.1350708007812,5308500
2015-05-12,714.7778820954871,720.4208655564622,703.491915173537,718.5399169921875,4604100
2015-05-13,712.8970300600226,716.6589965820312,699.7300439068651,716.6589965820312,3825600
2015-05-14,718.5398695532056,720.4208179932975,705.3728860522074,711.015869140625,3418800
2015-05-15,711.0159730911255,722.3019409179688,707.2540067768714,722.3019409179688,3369600
2015-05-18,722.3018830048125,724.1829004531627,712.8969335312124,718.5399169921875,3159900
2015-05-19,714.7777893811344,714.7777893811344,697.8488411940755,699.7298583984375,7151400
2015-05-20,703.4920859697828,720.4210404627784,703.4920859697828,709.1350708007812,6211200
2015-05-21,712.8968410608389,712.8968410608389,699.7298583984375,699.7298583984375,3798900
2015-05-22,699.7299444783001,707.2539453372746,692.2059436193257,701.6109619140625,4919400
2015-05-25,703.4918465047896,707.2538810342729,699.729880859375,705.3728637695312,1975800
2015-05-26,709.1348986345121,720.4208655564622,707.2539500702374,718.5399169921875,4002600
2015-05-27,714.777877312174,716.6588947479364,699.7299444783001,701.6109619140625,7548000
2015-05-28,705.3729608830893,707.2539784068036,699.7299771960246,703.491943359375,3483900
2015-05-29,699.730026578537,707.2540283203125,699.730026578537,707.2540283203125,5032500
2015-06-01,703.491943359375,705.3729608830893,695.9680110326742,703.491943359375,2481900
2015-06-02,703.4919246985963,703.4919246985963,692.2059576238377,694.0869750976562,3666000
2015-06-03,688.4440057939589,692.2059719352989,679.0390559985701,686.56298828125,5651100
2015-06-04,684.6820574988268,686.5630061764847,671.5150723348233,675.2770385742188,9470400
2015-06-05,671.5149282910611,673.3959454493098,662.1099802679474,669.6339111328125,5253600
2015-06-08,675.2770385742188,680.9200223753518,667.7531060954279,675.2770385742188,4939800
2015-06-09,673.3959842459082,682.8009328108724,662.1100184143235,663.990966796875,6702000
2015-06-10,663.9910452907584,665.8720627797437,650.8241295200916,652.705078125,5787900
2015-06-11,658.3480617078792,662.11009668585,648.9431120311061,652.705078125,6404700
2015-06-12,648.9430541992188,652.7050199578573,647.0620368778641,648.9430541992188,7031100
2015-06-15,648.9432738173117,650.8242917752483,641.4192708696593,647.062255859375,4376100
2015-06-16,641.4191065913268,645.1811415436789,633.8951744547754,635.776123046875,7623600
2015-06-17,637.6571836729307,639.5382012763941,624.4901982168491,626.3712158203125,4685100
2015-06-18,624.4901016055449,633.8951192837842,618.8471185522295,628.2521362304688,7573500
2015-06-19,639.538105360587,650.8240715205734,637.6570880392323,648.9430541992188,7778400
2015-06-22,660.2290857528257,663.9910518840751,639.5381687048371,645.18115234375,6006000
2015-06-23,656.467276764964,656.467276764964,643.3002888275959,647.062255859375,3087900
2015-06-24,650.8240715205734,658.3480030378505,647.0620368778641,648.9430541992188,5367600
2015-06-25,648.9430353161184,665.8719840634953,648.9430353161184,663.990966796875,5379900
2015-06-26,667.7531893122464,667.7531893122464,650.8242357991254,660.2291870117188,5248500
2015-06-29,635.7761090087852,648.9430932831347,633.8951604582173,643.3001098632812,4718700
2015-06-30,639.5381797618629,645.1811634983379,635.7761446814936,641.4191284179688,3810600
2015-07-01,641.4190924286386,648.9430932831347,637.657126443428,643.3001098632812,2819700
2015-07-02,650.824135982663,652.705084606249,643.3001348360865,645.18115234375,2754000
2015-07-03,643.3002888275959,650.8242917752483,643.3002888275959,647.062255859375,2587800
2015-07-06,637.6571655273439,645.1811668430084,635.7761479774078,637.6571655273438,5030400
2015-07-07,648.9430184268658,667.752983951319,648.9430184268658,650.8240356445312,6116100
2015-07-08,660.2291005902587,665.8720843559873,635.7761479774078,637.6571655273438,10254300
2015-07-09,624.4901016055449,632.0141019713222,607.5611524455987,628.2521362304688,7882200
2015-07-10,626.3711941805753,630.1331603734534,615.0852267178623,620.7282104492188,7973400
2015-07-13,622.6091531771534,633.8951192837842,620.7281358646915,628.2521362304688,3276300
2015-07-14,639.5381830772798,652.705099274594,637.6571655273439,637.6571655273438,4579500
2015-07-15,645.1811634983379,648.9431296946284,635.7761446814936,641.4191284179688,4273200
2015-07-16,639.5381830772798,641.4191317431365,628.2522155458223,637.6571655273438,4227900
2015-07-17,641.4190924286386,647.0620758484919,639.5381438780707,643.3001098632812,3541800
2015-07-21,650.8240525827388,663.990966796875,647.0620180494981,663.990966796875,6249300
2015-07-22,652.7051847111911,663.9911537199386,650.8242357991254,660.2291870117188,3703500
2015-07-23,658.3479667470589,660.2289839647243,648.9430184268658,650.8240356445312,3042900
2015-07-24,645.1811668430084,647.0621155088653,635.7761479774078,637.6571655273438,3350400
2015-07-27,648.9430541992188,660.2290203592052,645.1810884405802,648.9430541992188,4796700
2015-07-28,647.0621155088653,648.9431330588012,630.1331642116792,637.6571655273438,4815000
2015-07-29,639.5380994529396,641.4190478728485,630.1330818171147,632.0140991210938,4085700
2015-07-30,630.1331255889319,647.0620758484919,630.1331255889319,643.3001098632812,4355100
2015-07-31,650.8241506087372,663.9910668060514,632.0141817616151,637.6571655273438,7876800
2015-08-03,639.5383217958167,648.9432738173117,635.7762858799435,647.062255859375,3640200
2015-08-04,650.8240356445312,652.7049839781297,645.181052875602,650.8240356445312,3425400
2015-08-05,652.7049633607689,673.3959454493098,645.1810324959039,669.6339111328125,6902400
2015-08-06,673.3960320485866,675.2769805646619,665.8720313320641,671.5150146484375,3446100
2015-08-07,671.5151613880294,684.6821482981771,667.7531946497395,673.3961791992188,6524700
2015-08-10,673.3960898965609,686.5630061764847,669.6340547730858,675.2770385742188,4756200
2015-08-11,682.8011227704001,682.8011227704001,677.1581382846942,680.9201049804688,3520500
2015-08-12,677.1581459375086,677.1581459375086,667.7531946497395,673.3961791992188,4134600
2015-08-13,679.0391445165944,686.5630777800774,677.1581267586803,684.68212890625,5279100
2015-08-14,682.8011227704001,684.6821405603313,675.277120494763,680.9201049804688,3322500
2015-08-17,684.6821405603313,684.6821405603313,677.1581382846942,680.9201049804688,1648500
2015-08-18,682.8011111483358,690.3251132959057,679.0391445165944,684.68212890625,3865200
2015-08-19,684.6820396526189,692.2059719352989,682.8010221399101,686.56298828125,4147200
2015-08-20,688.4439666895316,694.0869500230524,686.5629492836667,692.2059326171875,3868800
2015-08-21,667.7531490303386,677.1580996755825,662.1101648663755,665.8721313476562,6826200
2015-08-24,639.5382383058285,647.0621713871576,622.6092855467102,624.490234375,8626500
2015-08-25,594.3942590243258,622.6091752931376,590.632224265769,596.2752075195312,10574400
2015-08-26,601.9183195347795,613.2042884565822,590.6323506129768,609.4423217773438,9688500
2015-08-27,620.7282436648652,622.6092613039983,598.1563075315975,601.9182739257812,8319300
2015-08-28,615.0853062382452,616.9663240199081,607.5613039956808,609.4423217773438,10935300
2015-08-31,607.5610394574817,611.3230733827802,598.1560924123507,600.037109375,5455500
2015-09-01,600.0372483602032,601.9181968744743,586.8702643399364,588.7512817382812,5188500
2015-09-02,577.4652944773002,592.5132618135619,575.5843114760315,581.227294921875,6449400
2015-09-03,584.9892989676636,588.7513340989302,571.8223482184299,577.46533203125,4888200
2015-09-04,581.2273765467486,581.2273765467486,564.2984238317947,568.0604248046875,6560700
2015-09-07,564.2982774763296,573.7032602482797,554.8932947043796,566.1792602539062,4423200
2015-09-08,562.417496344325,571.8224480462327,553.0125102003714,554.8934936523438,7511100
2015-09-09,569.941324998325,584.9892578125,568.0603420070624,584.9892578125,4415100
2015-09-10,573.7032305765431,590.6321435832418,571.8222134542185,586.8701782226562,6333300
2015-09-11,579.3463629955755,586.8703649953391,575.5843964377364,583.1083984375,6019200
2015-09-14,586.8702752457999,594.3942760949249,583.1083092632749,584.9892578125,4265100
2015-09-15,584.9891740137267,588.7512083414211,575.5842259626205,579.34619140625,2912100
2015-09-16,579.3463551511579,581.227372846651,568.0604211884108,571.8223876953125,5368200
2015-09-17,579.3462774785688,584.9892609244123,575.5843114760315,581.227294921875,3546900
2015-09-18,575.5844311523438,579.3463979370744,560.5364606872872,564.2984619140625,5312700
2015-09-24,560.5362963019852,562.41731358476,551.13134765625,551.13134765625,3100800
2015-09-25,553.0123901367188,554.8933731803139,537.9644224618429,553.0123901367188,4514400
2015-09-28,558.7332015921852,560.640129168009,553.0123839476137,554.9193115234375,2610900
2015-09-29,543.4777425162732,543.4777425162732,511.0597602710047,516.7805786132812,18241800
2015-09-30,520.5944286844004,533.9429921398385,518.687501024224,526.3152465820312,7464000
2015-10-01,530.1290850375624,549.1984645279732,528.2221226465526,539.6637573242188,9470400
2015-10-02,537.7568052566675,558.7331461787611,530.1290607927682,553.0123291015625,9661800
2015-10-05,562.5471255630141,564.4540882892261,553.0124516003708,560.6401977539062,6762000
2015-10-06,568.2678968896121,577.8026049804687,566.3609692382812,572.081787109375,10825500
2015-10-07,573.9886631383913,585.4302978515625,572.0817356585621,585.4302978515625,5443200
2015-10-08,587.3372468228451,604.499699520599,587.3372468228451,594.9650268554688,6622200
2015-10-09,604.4997024261162,612.1274824954025,602.5928097844441,610.2205200195312,7299600
2015-10-13,610.2205200195312,615.9413376129462,606.4066649019876,610.2205200195312,3716100
2015-10-14,604.4996948242188,610.2205123456915,594.9650222331636,604.4996948242188,5711700
2015-10-15,593.0580842164219,600.6858645040644,583.5234112325197,596.8720092773438,6261300
2015-10-16,600.6858932858954,606.4067113171897,596.8720378764341,598.7789306640625,3625800
2015-10-19,598.7788001830983,600.6857623893816,587.3371666137767,593.0579833984375,6156000
2015-10-20,598.7788773027461,610.2205123456915,596.871984685054,604.4996948242188,6238200
2015-10-21,604.4997487509368,623.5691654684058,604.4997487509368,619.7553100585938,5777400
2015-10-22,621.6622028463975,629.289983500226,617.8483474365855,619.7553100585938,3709800
2015-10-23,633.1037468797005,642.6384887695312,629.2898920242848,642.6384887695312,7905600
2015-10-26,635.01076839932,635.01076839932,608.3136422551933,621.6621704101562,11013300
2015-10-27,614.034415955898,617.8482708932229,604.4996738612917,608.3135986328125,9906600
2015-10-28,606.4067313058036,606.4067313058036,598.7789504012466,600.6859130859375,6822900
2015-10-29,606.4066772460938,614.0344574706523,602.5928220509147,606.4066772460938,9680700
2015-10-30,602.5928220509147,612.1274949559624,594.9650418263561,606.4066772460938,6381300
2015-11-02,598.7789362246116,602.5928615036953,581.6165168884527,589.2442626953125,7441800
2015-11-04,598.7789093646571,610.2205450202506,598.7789093646571,602.5928344726562,4792800
2015-11-05,610.2206669861841,635.0109058062416,608.3137738852523,633.1039428710938,10603800
2015-11-06,631.1970497701619,638.8247618423212,625.4762307989346,633.1039428710938,5099400
2015-11-09,636.9178687413894,636.9178687413894,623.5692678637868,633.1039428710938,4609500
2015-11-10,627.3829345703125,635.0107141748015,623.5690796851654,627.3829345703125,4314600
2015-11-11,625.4760420448364,631.1968592896544,621.6621173254945,627.3829345703125,2172900
2015-11-12,625.47607421875,629.2899293000783,621.6621493032233,625.47607421875,2813400
2015-11-13,615.9412841796875,619.7552088005701,610.2204670825568,615.9412841796875,4820400
2015-11-16,604.4997823981621,617.8483818268107,602.5928895042182,612.1275634765625,3431400
2015-11-17,617.8482464901289,625.476025897701,614.0343917034393,615.9412841796875,5160300
2015-11-18,615.9412551794351,621.6620720072136,610.2204383516564,614.0343627929688,6851100
2015-11-19,619.7551796207473,621.6620720072136,614.0343627929686,614.0343627929688,5243400
2015-11-20,610.2205324412727,612.1274949559624,596.8720043410459,606.4066772460938,5306700
2015-11-24,608.3137078544665,614.0345262047148,604.4997823981621,612.1275634765625,4569300
2015-11-25,604.4997024261162,610.2205200195312,602.5928097844441,610.2205200195312,4644300
2015-11-26,610.2204383516564,619.7551796207473,608.3135459651901,614.0343627929688,5153700
2015-11-27,617.8483474365855,623.5691654684058,614.0344920267735,619.7553100585938,4006800
2015-11-30,614.034444971274,614.034444971274,604.4997024261162,610.2205200195312,5419200
2015-12-01,614.0345262047148,619.755344554963,608.3137078544665,612.1275634765625,2257500
2015-12-02,610.2205123456915,610.2205123456915,602.5928022065267,604.4996948242188,5109900
2015-12-03,598.7789093646571,606.4066897464534,593.0580915368604,602.5928344726562,5182500
2015-12-04,591.1512054240629,593.058098165173,577.8026070652794,587.3372802734375,7282500
2015-12-07,594.9650607404857,594.9650607404857,583.5234249570148,587.3372802734375,3120600
2015-12-08,583.5234239181403,585.4303515729566,577.80260603659,579.7095336914062,4858200
2015-12-09,575.8958062966271,583.5235535272277,573.9888433011452,577.802734375,3452400
2015-12-10,573.9886474609375,579.7094646612694,572.0817200331926,573.9886474609375,4267800
2015-12-11,568.267970525199,579.7096077499822,568.267970525199,575.895751953125,4489500
2015-12-14,566.3609556950502,570.1748458236126,556.8262478321943,568.2678833007812,5444100
2015-12-15,570.1748368813282,572.0817644571521,554.9193115234375,554.9193115234375,5139300
2015-12-16,560.6402521815465,566.3610710813582,556.8263612759696,562.5471801757812,4194900
2015-12-17,568.2678968896121,577.8026049804687,566.3609692382812,572.081787109375,4046400
2015-12-18,568.2679504394275,573.9887688496134,558.7332763671875,558.7332763671875,4804800
2015-12-21,554.9193115234375,556.8262390992614,545.3846038101184,554.9193115234375,4893600
2015-12-22,553.0123839476137,558.7332015921852,551.1054214546899,554.9193115234375,2533500
2015-12-24,560.6402041982145,566.3610226084004,558.7332763671875,558.7332763671875,2007300
2015-12-25,558.7332763671875,558.7332763671875,558.7332763671875,558.7332763671875,0
2015-12-28,554.9193202264634,575.8956635579061,553.0123926207323,568.2678833007812,5210100
2015-12-29,568.2678833007812,572.0817734293437,560.6401379607568,568.2678833007812,2424300
2015-12-30,572.08188998117,579.7096368752163,562.5471801757812,562.5471801757812,3240600
2016-01-04,558.7332763671875,568.2679504394275,551.1054952088699,558.7332763671875,18705600
2016-01-05,558.7332699447985,564.4540882892261,554.9193794094787,560.6401977539062,8988600
2016-01-06,558.7332015921852,562.547056743833,547.2915663030421,554.9193115234375,4875900
2016-01-07,547.2916541232455,547.2916541232455,532.036126317403,533.9430541992188,5619000
2016-01-08,524.4082641601562,532.0360089214308,518.6874468599258,524.4082641601562,6324000
2016-01-12,514.8736610674364,516.7805889138365,497.7112056985219,499.6181335449219,6138000
2016-01-13,511.0596985742743,514.8735886477353,507.24584341791325,509.15277099609375,4783800
2016-01-14,505.3388809226328,511.0596985742743,493.8972456193498,509.15277099609375,6700200
2016-01-15,514.8735886477353,522.5013338775573,505.3388809226328,509.15277099609375,4503000
2016-01-18,495.80419463865024,509.1527571572992,480.5486696765521,505.3388671875,6207300
2016-01-19,499.61812358645153,518.6875413387762,497.71119577806076,516.7805786132812,5256600
2016-01-20,514.8735417874553,516.7804691920803,480.54863900162496,482.45556640625,8508600
2016-01-21,480.548691168064,491.9903266720655,469.1070556640625,469.1070556640625,6832500
2016-01-22,482.45564178250845,493.8972778320312,474.827896055194,493.89727783203125,6314700
2016-01-25,490.0834287182796,499.6181022705467,480.5487202489099,491.9903564453125,6250500
2016-01-26,488.1764365316982,488.1764365316982,465.2931655236951,469.1070556640625,6116700
2016-01-27,471.0139321443065,490.08334585894346,471.0139321443065,482.45556640625,6013500
2016-01-28,478.64181925429017,478.64181925429017,469.1071102524016,471.0140380859375,3530100
2016-01-29,469.10707113998103,490.0834152283637,461.4793255247063,488.17645263671875,7495800
2016-02-01,493.89723028275574,495.80419271882084,471.0139603867656,474.8278503417969,6712200
2016-02-02,476.73477912776076,482.4555966169623,459.5723266601562,459.57232666015625,5804400
2016-02-03,451.94458132933454,453.8515088520287,429.0613113886087,436.6890563964844,8186700
2016-02-04,430.96822260068603,448.13067440669255,427.15436769963856,440.5029296875,6696900
2016-02-05,429.06133211576025,451.9446031619341,429.06133211576025,446.2237854003906,6511800
2016-02-08,440.5029585322818,463.3862291053873,438.5960309568896,455.75848388671875,7362900
2016-02-09,438.5960473201299,442.4099026132024,419.5266311863626,421.43359375,5393700
2016-02-10,419.5266335019947,423.34052373321964,396.6433619488477,406.1780700683594,7877100
2016-02-12,385.2017686801788,389.01565933227545,364.2254573864106,366.13238525390625,12057600
2016-02-15,383.29480782420256,398.5503342025084,381.3878801208277,396.64337158203125,4254300
2016-02-16,389.01562585142943,406.17807993311015,383.29480782420256,396.64337158203125,7311900
2016-02-17,394.73642590757424,413.80580682446214,390.9225357573564,392.8294982910156,4902600
2016-02-18,400.4572386670512,409.9919464648239,390.9225308692785,402.3641662597656,5469300
2016-02-19,400.45725113842974,404.27114135973426,394.73643326502355,398.5503234863281,4919400
2016-02-22,396.6433619488477,408.0849977254212,390.92254406056094,406.1780700683594,4433100
2016-02-23,408.0850348603961,417.6197438475485,402.3642164515256,404.27117919921875,4567200
2016-02-24,396.64337158203125,404.27115222973526,389.01562585142943,396.64337158203125,3290100
2016-02-25,400.4572886209369,408.0850348603961,400.4572886209369,404.27117919921875,3792000
2016-02-26,409.9919976080893,415.71281601695983,400.4572886209369,404.27117919921875,3357000
2016-02-29,409.9919702569622,411.8988979603371,394.73644387865636,396.64337158203125,3639600
2016-03-01,394.73645717075897,400.457275390625,389.0156389508929,400.457275390625,4981500
2016-03-02,409.99198152945706,423.3405456542969,406.1780911007443,423.3405456542969,4973400
2016-03-03,427.15443982725884,451.9446405384338,425.2474771376353,444.31689453125,6291900
2016-03-04,444.3168818683412,455.7585180115852,438.59606379671925,448.1307373046875,6254700
2016-03-07,457.66541146211097,465.29315668077953,451.94459381883456,455.75848388671875,4973700
2016-03-08,453.8515445543908,457.6654348168988,434.7821630760539,450.0376892089844,6062400
2016-03-09,436.68907190000624,436.68907190000624,417.6196912447584,425.2474365234375,11610300
2016-03-10,430.968298636573,434.78218912760417,423.3405525716146,429.0613708496094,7858500
2016-03-11,419.5266982019732,436.6891545136508,419.5266982019732,434.7822265625,5809500
2016-03-14,440.5030040691064,450.03771276591374,438.5960762965863,444.31689453125,3266700
2016-03-15,444.31682564854316,446.22375312543113,434.78211842990726,438.59600830078125,3404400
2016-03-16,432.8751936068489,438.59601098968346,427.1543762240143,430.9682312011719,2730300
2016-03-17,429.0613772784267,444.3169045540277,423.34055891471434,427.1544494628906,4690800
2016-03-18,427.1544360830096,434.7821820233319,419.52665522558414,423.3405456542969,4113000
2016-03-22,432.8752986113492,438.5961173819084,427.15447984079,434.7822265625,4080900
2016-03-23,436.68906877655746,442.4098864239233,430.96825112919163,432.8752136230469,2880300
2016-03-24,429.06135663594284,430.9682843597351,417.6197204589844,417.6197204589844,5868600
2016-03-25,417.6197445295783,425.24749078149466,411.8989261113649,419.52667236328125,3840600
2016-03-28,425.24748035857823,430.968298636573,425.24748035857823,429.0613708496094,4156500
2016-03-29,429.0612565547267,438.68147610751987,429.0612565547267,436.7574462890625,3456900
2016-03-30,432.90944418504506,434.83347441578053,417.51709664837875,419.441162109375,5177100
2016-03-31,421.3651546739191,425.21325002166634,417.5170593261719,417.5170593261719,3922800
2016-04-01,413.66903828030814,415.5930685207803,400.20072090622,402.1247863769531,4212900
2016-04-04,396.35265369571886,404.0488097571978,390.5805278420446,400.2007141113281,3108000
2016-04-05,394.42856584970264,396.35263117845915,384.8083801269532,384.8083801269531,3680100
2016-04-06,379.03624756139413,396.3526238170376,379.03624756139413,388.65643310546875,9683700
2016-04-07,388.65644004372444,400.20069108690694,388.65644004372444,390.58050537109375,6548700
2016-04-08,382.8843075176183,400.20068376560494,380.9602774557057,394.4285583496094,5276100
2016-04-11,396.35265369571886,402.1247795493931,388.6564624039796,400.2007141113281,3870600
2016-04-12,402.1247850013698,417.51709733301533,400.20071953721845,413.6690368652344,4869900
2016-04-13,421.3652142953974,429.0613708496094,415.59308807217275,429.0613708496094,4764300
2016-04-14,429.0612565547267,438.68147610751987,423.2891318691015,436.7574462890625,7388100
2016-04-15,430.98540519292703,440.60559138129923,429.0613397710446,434.8334655761719,3454200
2016-04-18,419.4411128176376,421.36514282226557,415.59301757812494,415.593017578125,3561000
2016-04-19,427.1372267362694,440.60550592597724,425.213196917812,436.7574462890625,4288800
2016-04-20,442.5296753647541,444.4537056370785,432.90945354260896,438.68157958984375,5517000
2016-04-21,448.30175053504973,461.77003137335333,446.3776852508224,457.92193603515625,6436800
2016-04-22,455.9980118914348,473.31439208984375,454.07398139058904,473.31439208984375,6881400
2016-04-25,479.08648907696755,481.0105194583535,465.618205946739,467.542236328125,4203000
2016-04-26,463.6939742584716,465.618039180998,442.5295419526882,448.3016662597656,6609600
2016-04-27,442.5296556908804,450.22581166828587,438.6815600870477,446.3777160644531,3390900
2016-04-28,442.5296753647541,457.9219880038725,415.5930754009046,438.68157958984375,8391300
2016-05-02,398.2766906657478,405.97284685789754,394.4285949545425,402.1247863769531,7593600
2016-05-06,400.20068376560494,405.97280918160044,390.58049822578414,394.4285583496094,4098600
2016-05-09,396.3526238170376,398.276653879801,386.73240304270536,388.65643310546875,5325600
2016-05-10,388.65644004372444,394.4285655653157,380.9602844250222,390.58050537109375,7482300
2016-05-11,396.35262364177964,404.0487791196878,390.58049822578414,394.4285583496094,4247100
2016-05-12,388.65639114366456,396.35258102430413,386.73236128863164,392.5044860839844,3179700
2016-05-13,396.3526435916877,400.2007039092002,379.03626647210314,380.9602966308594,9028500
2016-05-16,384.8083731552256,388.6564332825052,380.9602777976883,382.8843078613281,3442800
2016-05-17,384.8083314335987,392.5044860839844,384.8083314335987,392.5044860839844,4774200
2016-05-18,396.3525819047833,407.8968315211337,394.4285168152223,404.0487365722656,7481700
2016-05-19,415.5930614645463,417.5170916723509,398.2766839035235,400.2007141113281,6061500
2016-05-20,398.2766906657478,407.89691232863066,392.50456471407034,402.1247863769531,4378200
2016-05-23,402.1247067129585,405.9727664315727,392.5044869559152,404.0487365722656,3707700
2016-05-24,400.20075243448963,402.12481805680284,394.4286260280774,396.3526916503906,3477300
2016-05-25,402.1247987100855,404.0488290095675,396.35267258137736,398.2767028808594,3891600
2016-05-26,400.20069108690694,402.12475641427625,388.65644004372444,390.58050537109375,4053600
2016-05-27,388.65639114366456,394.4285159390173,386.73236128863164,392.5044860839844,3386700
2016-05-30,392.50455804984927,402.1247795493931,390.5805278420446,400.2007141113281,2413200
2016-05-31,400.2006416233975,405.9727664315727,398.2766117640904,404.0487365722656,4726500
2016-06-01,402.1247067129585,405.9727664315727,396.3525819047833,404.0487365722656,4688100
2016-06-02,398.27661087933706,400.20064073437,390.5804562289514,392.5044860839844,6115500
2016-06-03,388.65644004372444,392.5045354682047,386.7324099466135,390.58050537109375,3641700
2016-06-06,384.8083798495025,394.4285655653157,382.8843145221332,390.58050537109375,4102200
2016-06-07,390.58049822578414,398.27665370369226,390.58049822578414,394.4285583496094,2709300
2016-06-08,394.4285159390173,398.27661087933706,390.5804562289514,392.5044860839844,3534600
2016-06-09,392.5045475746268,392.5045475746268,386.732421875,386.732421875,2856300
2016-06-10,384.8083921786313,386.73242233738756,380.96029663085943,380.9602966308594,3908100
2016-06-13,377.1121708737686,377.1121708737686,367.49198562037196,369.416015625,5547000
2016-06-14,367.49196644462523,369.4159963488573,359.7957763671875,359.7957763671875,5393400
2016-06-15,355.94781366785344,369.4160971323834,354.023748008446,361.7199401855469,6442800
2016-06-16,361.71984824566687,367.4919732962347,350.1755981445313,350.17559814453125,6283200
2016-06-17,354.02358876508424,357.87168312272325,348.25146484375,348.25146484375,6083400
2016-06-20,355.94774656647303,367.4919974255991,354.0236812697802,365.56793212890625,5760600
2016-06-21,363.64390895842996,371.3400646003741,357.8717834194073,367.49200439453125,5503800
2016-06-22,367.49196644462523,367.49196644462523,357.87174646295546,359.7957763671875,2640300
2016-06-23,361.7198309541551,379.0362052780734,359.7957658757728,375.1881103515625,7175400
2016-06-24,377.11223733427,379.036302908243,334.7833231608073,346.32757568359375,10081200
2016-06-27,346.32757671808787,350.1756726472654,334.7833241608183,340.5554504394531,4197600
2016-06-28,336.70734317645156,342.4794692607922,325.1630910077702,338.63140869140625,6517200
2016-06-29,344.4035453398836,346.32757568359375,340.5554494222005,346.32757568359375,3864300
2016-06-30,354.0236578257596,355.94772299503774,338.63134785306704,344.4034729003906,6035100
2016-07-01,346.3275650604399,346.3275650604399,336.70734317645156,338.63140869140625,3705000
2016-07-04,336.7073545102756,342.4794807889104,334.7833241608183,340.5554504394531,3326100
2016-07-05,340.55540128192666,340.55540128192666,334.7832758364703,336.7073059082031,2813700
2016-07-06,332.8592459672236,334.7832760401269,327.0871205182559,330.9351806640625,4142400
2016-07-07,329.01116943359375,334.78329521313043,323.239043654057,329.01116943359375,5462100
2016-07-08,327.0870286298219,330.9350876945947,323.2389343348011,325.1629638671875,2612400
2016-07-11,325.1629638671875,325.1629638671875,325.1629638671875,325.1629638671875,0
2016-07-12,350.1755296376937,354.02358876508424,342.4793409224157,348.25146484375,5503200
2016-07-13,361.71986037623134,361.71986037623134,354.0236698972061,357.87176513671875,6780300
2016-07-14,352.09971883908764,359.7958758134604,350.1756884030606,355.94781494140625,5321700
2016-07-15,359.79587452613947,365.56800104383296,354.023748008446,361.7199401855469,5263200
2016-07-19,369.4159855769231,377.11214019969105,367.49195572879455,375.1881103515625,4870500
2016-07-20,375.1881600364754,375.1881600364754,363.64390895842996,367.49200439453125,3253500
2016-07-21,377.1122131347656,379.0362785852702,365.56796135278034,377.1122131347656,6417600
2016-07-22,371.340045629628,377.1121708737686,367.49198562037196,369.416015625,4351800
2016-07-25,369.4160274920342,373.2641228551621,363.64390206247117,365.56793212890625,2818200
2016-07-26,361.71986037623134,361.71986037623134,352.0996398925781,357.87176513671875,5523000
2016-07-27,354.0236698972061,361.71986037623134,354.0236698972061,357.87176513671875,5821800
2016-07-28,357.87180785707585,357.87180785707585,352.0996819238972,354.0237121582031,3048300
2016-07-29,355.9477776227699,357.87180785707585,340.5554300575399,354.0237121582031,6640200
2016-08-01,340.55545043945307,344.4035463686306,332.859293811361,340.5554504394531,6683400
2016-08-02,334.783283042836,338.63137849939153,332.8592529296875,332.8592529296875,2727900
2016-08-03,327.0870969570092,329.0111268913177,319.3909067592642,321.3149719238281,6341100
2016-08-04,323.2390607230773,338.63140869140625,323.2390607230773,338.63140869140625,6218400
2016-08-05,336.70735555071514,336.70735555071514,330.93522925424423,334.7833251953125,3938700
2016-08-08,344.40348464380946,355.9477351320907,338.63135939966884,352.0996398925781,9063600
2016-08-09,354.0236514242366,361.71984150167435,352.0996215200046,359.7957763671875,4068600
2016-08-10,355.94765355902797,355.94765355902797,344.4034057163595,348.25146484375,5185500
2016-08-12,352.099559201389,352.099559201389,346.3274352800547,348.25146484375,3252900
2016-08-15,344.4035040690956,348.2515642953926,332.8592529296875,332.8592529296875,5880600
2016-08-16,329.0111574731319,338.63137849939153,329.0111574731319,332.8592529296875,5427900
2016-08-17,332.859293811361,342.4794807889104,330.9352282316408,340.5554504394531,4693500
2016-08-18,338.63142113638077,342.47948184718604,334.7833251953125,334.7833251953125,3223500
2016-08-19,332.8592752294214,344.4035271422307,330.93520975711255,342.4794616699219,5324400
2016-08-22,344.4035271422307,346.32755738427863,338.63140118582606,342.4794616699219,2692500
2016-08-23,344.4034966556502,344.4034966556502,336.7073059082031,336.7073059082031,2447400
2016-08-24,336.70734317645156,344.40353477574695,336.70734317645156,338.63140869140625,3035400
2016-08-25,340.55543897609925,340.55543897609925,336.70734317645156,338.63140869140625,1328100
2016-08-26,340.55543897609925,344.40353477574695,336.70734317645156,338.63140869140625,3960900
2016-08-29,346.3275923007419,359.7958758134604,346.3275923007419,355.94781494140625,5094300
2016-08-30,357.87176513671875,363.6438903808594,357.87176513671875,357.87176513671875,4756500
2016-08-31,363.6439706146899,365.56800104383296,357.8718440969964,361.7199401855469,5736600
2016-09-01,361.71987199603603,365.56793212890625,359.7958066993432,365.56793212890625,2690700
2016-09-02,365.5679390613514,369.41603449745264,359.7958135223287,367.49200439453125,3999300
2016-09-05,377.11218210162275,398.27665370369226,375.18815203971013,394.4285583496094,11389500
2016-09-06,396.3526238170376,400.2006839425644,382.8843076869209,388.65643310546875,10918500
2016-09-07,377.11214019969105,380.96023512620195,371.34001542505166,375.1881103515625,8355000
2016-09-08,377.1121892724436,384.8083801269532,373.26412907544716,384.8083801269531,6228300
2016-09-09,386.732432196175,405.9728399650024,384.80840198837035,400.2007141113281,10528800
2016-09-12,394.4285655653157,404.0487865113872,384.8083798495025,390.58050537109375,7863000
2016-09-13,396.35263117845915,398.2766612769574,380.9602846996984,384.8083801269531,6821400
2016-09-14,379.036216945391,379.036216945391,369.41599694811555,371.34002685546875,6589800
2016-09-15,367.49206670324037,369.4160971323834,359.79587452613947,361.7199401855469,8775900
2016-09-16,359.79587452613947,365.56800104383296,355.94781366785344,361.7199401855469,4079100
2016-09-20,357.87176513671875,367.49198562037196,352.0996398925781,357.87176513671875,6008100
2016-09-21,361.7198309541551,377.11214019969105,357.87173602764426,375.1881103515625,7095900
2016-09-23,379.0362477340485,390.5804985764027,373.2641223128714,382.8843078613281,8683200
2016-09-26,388.6563897489699,388.6563897489699,375.1881103515625,375.1881103515625,4478700
2016-09-27,367.492062998947,380.96034632771773,365.56799735893406,379.03631591796875,7714800
2016-09-28,375.1881600364754,375.1881600364754,363.64390895842996,367.49200439453125,4851900
2016-09-29,373.2641296386719,377.11218984147473,371.3400643070121,373.2641296386719,3480000
2016-09-30,365.56800104383296,367.49206670324037,359.79587452613947,361.7199401855469,5720100
2016-10-03,367.49200439453125,371.3400646003741,365.5679390613514,367.49200439453125,3399300
2016-10-04,367.49198562037196,373.2641108645126,365.56792038548735,369.416015625,4671900
2016-10-05,373.26408050343395,377.11214019969105,371.34001542505166,375.1881103515625,5502900
2016-10-06,380.96034632771773,386.7324727872286,379.03631591796875,379.03631591796875,5713200
2016-10-07,386.7324692296158,398.27672204244016,384.8084388375663,396.3526916503906,14159700
2016-10-11,384.8083502740968,409.82088053517236,382.88428509460635,407.8968505859375,21014700
2016-10-12,402.1247987100855,413.6690509675017,398.2767028808594,398.2767028808594,10431600
2016-10-13,404.04877929834885,404.04877929834885,386.73240304270536,388.65643310546875,8105700
2016-10-14,384.8083314335987,394.4285159390173,384.8083314335987,392.5044860839844,3952200
2016-10-17,392.5045354682047,396.352630892685,390.58050537109375,390.58050537109375,3291600
2016-10-18,388.65644004372444,394.4285655653157,377.11218900054195,390.58050537109375,8452200
2016-10-19,392.5045284612532,392.5045284612532,382.8843076869209,388.65643310546875,4928700
2016-10-20,388.65644004372444,392.5045354682047,386.7324099466135,390.58050537109375,2650200
2016-10-21,392.5045475746268,394.42857773108267,384.80839171854416,386.732421875,4774800
2016-10-24,390.5804562289514,394.4285159390173,386.73236128863164,392.5044860839844,4543500
2016-10-25,396.3526238170376,398.276653879801,388.65643310546875,388.65643310546875,4134000
2016-10-26,386.7324099466135,394.4285655653157,386.7324099466135,390.58050537109375,3903300
2016-10-27,386.73241022545136,388.6564403239496,380.9602846996984,384.8083801269531,6253200
2016-10-28,386.73240304270536,392.5045284612532,384.80837297994196,388.65643310546875,5187900
2016-10-31,386.7324374394634,430.9854146610312,379.0362812736406,413.6690368652344,37173000
2016-11-01,404.04881661742536,411.744972809575,398.2766906657478,402.1247863769531,10229400
2016-11-02,392.5045992467395,394.4286296564884,377.1122502779558,379.03631591796875,11612700
2016-11-04,369.4160274920342,373.2641228551621,361.71987199603603,365.56793212890625,8571000
2016-11-07,371.3400575584693,375.18815292159724,361.71987199603603,365.56793212890625,9158700
2016-11-08,369.416015625,371.340045629628,363.6438903808594,369.416015625,5907900
2016-11-09,371.34011107287677,373.26417664684976,340.5554494222005,346.32757568359375,17159700
2016-11-10,367.49196644462523,369.4159963488573,352.0996215200046,359.7957763671875,11190300
2016-11-11,365.56792038548735,373.2641108645126,363.6438903808594,369.416015625,7851000
2016-11-14,377.11218210162275,398.27665370369226,375.18815203971013,394.4285583496094,12004200
2016-11-15,394.42856584970264,402.1247567042122,380.9602846996984,384.8083801269531,10409100
2016-11-16,396.3526431177979,396.3526431177979,384.80839171854416,386.732421875,8178300
2016-11-17,386.7324692296158,396.3526916503906,384.8084388375663,396.3526916503906,8769300
2016-11-18,404.04885735310296,411.74501432116915,398.2767308194872,409.82098388671875,11705100
2016-11-21,413.66901712880997,427.1372985839843,409.82092161436333,427.1372985839844,12037200
2016-11-22,423.289222570846,425.2132880318423,413.66903618690776,419.441162109375,6975900
2016-11-24,427.13731071159526,427.13731071159526,419.441154694446,423.2892150878906,7740000
2016-11-25,417.517047582753,425.2132380617782,411.74492233861235,415.593017578125,10647600
2016-11-28,409.82098388671875,411.74501432116915,404.04885735310296,409.82098388671875,6425700
2016-11-29,409.82094116719253,413.6690368652343,405.97284546915074,413.6690368652344,4927500
2016-11-30,417.51703556236737,421.3651306910927,405.97278540644703,407.8968505859375,6553800
2016-12-01,421.36514282226557,423.2891728268936,411.74492233861235,415.593017578125,8517000
2016-12-02,415.5930472709037,430.98539409843096,411.7449517564571,427.1372985839844,8885400
2016-12-05,432.90948486328125,440.60564173965156,429.06138880996406,432.90948486328125,7853700
2016-12-06,438.6815298046857,459.84600131938356,436.7574997507159,457.92193603515625,12242100
2016-12-07,463.694049535878,475.23830002415923,459.84598952662196,461.77001953125,11903100
2016-12-08,473.31436270254625,481.0105194583535,461.7701099537037,467.542236328125,8951700
2016-12-09,463.69409743631394,481.01047495754887,463.69409743631394,477.16241455078125,11726100
2016-12-12,486.7826026915574,486.7826026915574,452.1498475143653,459.8460388183594,16371900
2016-12-13,446.3776738034561,465.6181147707626,446.3776738034561,461.77001953125,9744600
2016-12-14,457.92193618507224,461.77003152452914,448.3017506818162,452.1498107910156,7244400
2016-12-15,454.07387578226144,467.5421566162656,454.07387578226144,463.6940612792969,9342900
2016-12-16,465.6181267115505,467.54215676552025,452.14981064298934,457.92193603515625,7246500
2016-12-19,448.30178203752337,450.22581222669606,438.68156063113975,440.6055908203125,8908800
2016-12-20,434.8334655761719,442.5296568031817,432.90943538454945,434.8334655761719,8273700
2016-12-21,440.60559138129923,446.37771718642654,432.90943538454945,434.8334655761719,7135800
2016-12-22,434.83338124035197,436.75744628906256,427.1372267362694,436.7574462890625,4887900
2016-12-26,429.0612559987047,432.90935086088587,427.13722618274073,430.9853210449219,4795200
2016-12-27,429.06138880996406,434.8335152748078,427.13735839843747,432.90948486328125,4113300
2016-12-28,432.90943538454945,442.5296568031817,432.90943538454945,434.8334655761719,5140200
2016-12-29,429.06129807103423,429.06129807103423,419.4411128176376,421.3651428222656,7634400
2016-12-30,413.66899920868224,421.3651546739191,411.7449339196798,417.5170593261719,4329600
2017-01-04,425.21329645472156,448.3018006019415,423.28923095561225,444.4537048339844,8742900
2017-01-05,448.3018006019415,457.9219871764422,438.6815787971794,444.4537048339844,10334400
2017-01-06,434.8334650225343,442.5296562397452,432.9094348333616,440.6055908203125,6254100
2017-01-10,438.68147610751987,442.52957097468783,432.90935142189466,436.7574462890625,4968900
2017-01-11,438.68156063113975,444.45368642891793,434.8334650225343,440.6055908203125,4120500
2017-01-12,442.52957097468783,442.52957097468783,432.90935142189466,436.7574462890625,5807100
2017-01-13,432.90943538454945,438.68156118967676,430.98540519292703,434.8334655761719,3803400
2017-01-16,432.90943653202226,432.90943653202226,423.28921508789057,423.2892150878906,3538500
2017-01-17,423.2891611366131,432.9093813545778,421.3651311851224,425.2132263183594,6299400
2017-01-18,423.28919078478407,448.3017580573803,423.28919078478407,442.5296325683594,9752400
2017-01-19,448.30175053504973,459.84600131938356,444.4536551968526,457.92193603515625,14511300
2017-01-20,459.84598952662196,465.6181147707626,455.9978942871093,461.77001953125,8235300
2017-01-23,457.92193618507224,459.84600146992943,450.2257807364159,452.1498107910156,5498700
2017-01-24,450.2257805890195,461.77003137335333,450.2257805890195,457.92193603515625,4915800
2017-01-25,465.6181459321723,469.466206198959,454.0738946712941,455.9979248046875,6472200
2017-01-26,463.6940611349106,469.4661865234375,459.84600102939766,469.4661865234375,6989100
2017-01-27,469.46618666962115,469.46618666962115,459.8460011725857,463.6940612792969,5546700
2017-01-30,469.4662244791232,471.39028991769516,461.7700684156164,465.6181640625,7197300
2017-01-31,457.92192429173735,461.77001953124994,450.2257690429687,461.77001953125,8658600
2017-02-01,455.9978238849793,473.3141969439026,454.07379417740486,471.3901672363281,10229700
2017-02-02,475.23830002415923,479.0863952636718,448.3017390383407,450.22576904296875,14079600
2017-02-03,452.1497256443167,457.9218499513941,444.4535716449637,448.3016662597656,7279800
2017-02-06,454.07386428248134,455.9978942871093,448.3017390383407,450.22576904296875,5148600
2017-02-07,444.4535716449637,452.1497256443167,444.4535716449637,448.3016662597656,4517400
2017-02-08,450.2257690429687,452.14979904759673,446.3776738034561,450.22576904296875,2668500
2017-02-09,446.3777160644532,448.30178148149946,444.45368587766677,446.3777160644531,3627000
2017-02-10,454.0738946712941,459.84602030173323,454.0738946712941,455.9979248046875,5846100
2017-02-13,461.7700684156164,467.5421942708116,457.9219727687328,465.6181640625,8579400
2017-02-14,469.46618666962115,471.39025195323427,461.7700312259413,463.6940612792969,4950900
2017-02-15,467.54223632812494,471.3903323211603,465.618205946739,467.542236328125,4543200
2017-02-16,467.54215647068105,471.3902518064515,459.84600102939766,469.4661865234375,6345000
2017-02-17,465.6180428833537,477.1622915893026,465.6180428833537,471.3901672363281,8051100
2017-02-20,471.3902516632343,477.1623770500076,467.542156328633,475.2383117675781,4495500
2017-02-21,479.08648681640625,481.01051718871366,471.3903300969132,479.08648681640625,4614900
2017-02-22,479.0864136682606,492.5546946785675,477.16238358971907,488.7066345214844,9336600
2017-02-23,490.6306575882057,496.4027829715963,484.858532204815,486.7825622558594,9298500
2017-02-24,484.85853248895273,488.7066278235541,475.2383117675782,475.2383117675781,9270300
2017-02-27,471.3903323211603,477.1624586955816,461.7701099537037,467.542236328125,8585400
2017-02-28,471.39028871036965,481.01047495754887,469.4662232767256,477.16241455078125,4873800
2017-03-01,482.9344787597656,484.85850871760744,471.39022855220355,482.9344787597656,7409700
2017-03-02,492.55474853515625,500.2509401513502,490.6307182462387,492.55474853515625,9206700
2017-03-03,496.40284434325326,502.1749704402678,490.6307182462387,492.55474853515625,7638900
2017-03-06,494.47881405433566,498.3268746321708,490.6307182462387,492.55474853515625,4381800
2017-03-07,492.5547242899818,507.9470715344456,492.5547242899818,500.25091552734375,13368600
2017-03-08,507.9470965372824,507.9470965372824,488.7066879573211,492.55474853515625,9399600
2017-03-09,498.3268929083095,502.1749888575354,494.47883218934675,496.4028625488281,5508900
2017-03-10,500.25088522891923,502.174915306598,490.63066438000953,494.478759765625,5755500
2017-03-13,490.63067626953125,492.55470639383526,486.7825807906643,490.63067626953125,4055700
2017-03-14,492.5546946785675,492.5546946785675,484.8585391341433,488.7066345214844,4310100
2017-03-15,484.8585389167153,494.478759765625,484.8585389167153,494.478759765625,5307600
2017-03-16,494.4787409914657,507.94702148437494,494.4787409914657,507.947021484375,7858800
2017-03-17,502.1749888575354,504.0990192170168,496.4028625488281,496.4028625488281,4745700
2017-03-21,494.47883218934675,496.4028625488281,486.7826402908949,496.4028625488281,4054500
2017-03-22,484.8586455554497,486.78267605629543,471.39036158899796,473.31439208984375,7123200
2017-03-23,469.4662244791232,473.3143201260068,463.694098623928,465.6181640625,5035200
2017-03-24,463.6940612792969,473.31428200658985,461.7700312259413,463.6940612792969,5417700
2017-03-27,459.84600146992943,459.84600146992943,450.2257807364159,452.1498107910156,5887500
2017-03-28,457.92193603515625,463.69406142732316,454.07387592721665,457.92193603515625,4998000
2017-03-29,471.39025195323427,473.31428200658985,459.8460011725857,463.6940612792969,6200100
2017-03-30,463.69408056851995,471.39027156261136,455.9979248046875,455.9979248046875,6562800
2017-03-31,463.69406157912886,467.54215691858576,452.1498107910156,452.1498107910156,5331900
2017-04-03,450.2257690429687,454.07386428248134,444.45364379882807,450.22576904296875,5820000
2017-04-04,444.45360079314514,444.45360079314514,434.83338124035197,436.7574462890625,7488600
2017-04-05,438.68153716559266,442.5296325683593,434.833441762826,442.5296325683594,4230900
2017-04-06,436.75744572306706,442.5295704012122,430.9853210449219,430.9853210449219,6940800
2017-04-07,430.9853216034373,440.60550592597724,430.9853216034373,436.7574462890625,5559000
2017-04-10,438.6815795898437,442.5296753647541,430.9854232702845,438.68157958984375,4478400
2017-04-11,442.5296568031817,444.4536869948041,430.98540519292703,434.8334655761719,4534800
2017-04-12,429.0612559987047,432.90935086088587,427.13722618274073,430.9853210449219,4302300
2017-04-13,425.21319636677674,432.90935086088587,419.4410716886316,430.9853210449219,5265900
2017-04-14,427.137340518622,430.9854364108593,423.28924462638474,429.0613708496094,2964300
2017-04-17,425.21319636677674,434.83338067684986,425.21319636677674,430.9853210449219,3977100
2017-04-18,436.75758091659844,440.60564173965156,432.90948486328125,432.90948486328125,3896700
2017-04-19,427.13731826257776,429.0613484933133,417.51709664837875,419.441162109375,8086500
2017-04-20,415.5930670991248,421.3651930310571,411.74497140108303,413.6690368652344,10018200
2017-04-21,419.441154694446,427.13731071159526,415.59305907074133,423.2892150878906,5217300
2017-04-24,429.06128622134077,430.9853514030871,425.2132263183594,425.2132263183594,4834200
2017-04-25,423.2892623451203,434.8335152748078,421.36523193359375,432.90948486328125,5193000
2017-04-26,442.5296753647541,448.3018014119889,436.7575493175193,438.68157958984375,8214900
2017-04-27,436.75753099805434,440.60559138129923,432.90943538454945,434.8334655761719,3749400
2017-04-28,436.75744572306706,440.60550535499505,427.13722618274073,430.9853210449219,5696100
2017-05-01,429.06129807103423,429.06129807103423,421.36514282226557,421.3651428222656,5226900
2017-05-02,417.51709664837875,425.2132880318423,415.59306641764323,419.441162109375,5700900
2017-05-08,427.1372680664062,429.06129807103423,421.36514282226557,421.3651428222656,6549000
2017-05-09,421.3651546739191,423.2891847326639,413.66899920868224,417.5170593261719,5167800
2017-05-10,417.517047582753,423.2891728268936,413.66898757349696,415.593017578125,7127700
2017-05-11,419.44115586856225,419.44115586856225,411.7449645996094,411.7449645996094,8091300
2017-05-12,411.74501432116915,411.74501432116915,405.9728877875534,409.82098388671875,5891400
2017-05-15,405.9727478027344,407.896812804006,402.1246882606958,405.9727478027344,5484300
2017-05-16,405.9727478027344,411.7448723460446,404.04871803171505,405.9727478027344,4710600
2017-05-17,404.0487791196878,405.97280918160044,392.50452828769676,394.4285583496094,7413000
2017-05-18,384.8084203239612,402.1247987100855,382.8843547942171,398.2767028808594,12355200
2017-05-19,396.3525819047833,407.8968315211337,396.3525819047833,404.0487365722656,5846700
2017-05-22,405.9728399650024,405.9728399650024,398.2766839035235,400.2007141113281,4156500
2017-05-23,400.20068376560494,402.1247490577752,392.50452828769676,394.4285583496094,3503700
2017-05-24,394.4286070516333,402.1247987100855,392.5045767521513,398.2767028808594,5340600
2017-05-25,394.4285949545425,402.1247863769531,394.4285949545425,402.1247863769531,5733300
2017-05-26,400.20073318034144,402.1247987100855,396.35267258137736,398.2767028808594,3264900
2017-05-29,398.27666098979597,400.20069108690694,390.58050537109375,390.58050537109375,4183800
2017-05-30,392.5044860839844,394.4285159390173,390.5804562289514,392.5044860839844,2137200
2017-05-31,390.58051741817104,392.5045475746268,384.80839171854416,386.732421875,5872500
2017-06-01,386.73236128863164,394.4285159390173,386.73236128863164,392.5044860839844,3592500
2017-06-02,394.42849871611395,407.896812804006,392.50446894509463,405.9727478027344,8239500
2017-06-05,404.0488484488523,405.9728788409018,396.3526916503906,396.3526916503906,5741100
2017-06-06,400.20069108690694,400.20069108690694,390.58050537109375,390.58050537109375,5943000
2017-06-07,388.65643310546875,392.5045284612532,386.73240304270536,388.65643310546875,4523100
2017-06-08,392.5045475746268,394.42857773108267,386.732421875,386.732421875,4747500
2017-06-09,388.65643310546875,392.5045284612532,386.73240304270536,388.65643310546875,4853100
2017-06-12,390.5804562289514,398.27661087933706,390.5804562289514,392.5044860839844,5805000
2017-06-13,396.35265369571886,404.0488097571978,394.42858825765387,400.2007141113281,6421500
2017-06-14,404.0488097571978,404.0488097571978,398.2766839035235,400.2007141113281,4248000
2017-06-15,398.27661087933706,398.27661087933706,390.5804562289514,392.5044860839844,4939800
2017-06-16,396.3525819047833,409.8208613804408,394.4285168152223,404.0487365722656,12900600
2017-06-19,402.1247058196568,402.1247058196568,392.5044860839844,392.5044860839844,8842200
2017-06-20,396.3526916503906,398.27672204244016,392.50459563602794,396.3526916503906,4488300
2017-06-21,392.5044860839844,396.35258102430413,390.5804562289514,392.5044860839844,4469400
2017-06-22,392.5045284612532,394.4285585240166,388.65643310546875,388.65643310546875,6396300
2017-06-23,390.58051741817104,392.5045475746268,386.732421875,386.732421875,3186300
2017-06-26,386.732421875,390.58051741817104,386.732421875,386.732421875,2106000
2017-06-27,388.65644004372444,394.4285655653157,388.65644004372444,390.58050537109375,4271700
2017-06-28,392.5045767521513,398.2767028808594,390.58054645266924,398.2767028808594,6066900
2017-06-29,402.1247067129585,405.9727664315727,400.2006416233975,404.0487365722656,7312200
2017-06-30,400.20072090622,404.04881661742536,400.20072090622,402.1247863769531,3376200
2017-07-03,400.2006416233975,404.0487365722656,396.3525819047833,404.0487365722656,2904600
2017-07-04,407.8969041953932,415.5930602340858,405.97283876302487,411.7449645996094,8901300
2017-07-05,413.6690368652343,415.5930670991248,405.97284546915074,413.6690368652344,7580100
2017-07-06,413.6690368652343,415.5930670991248,409.82094116719253,413.6690368652344,6119400
2017-07-07,411.7449339196798,419.44112461517426,409.820903860935,417.5170593261719,7066200
2017-07-10,423.2891611366131,434.83341130606846,421.3651311851224,425.2132263183594,14461500
2017-07-11,423.2891611366131,427.13725626985007,417.5170360518854,425.2132263183594,7344600
2017-07-12,423.2891728268936,427.1372680664062,419.4411128176376,421.3651428222656,4718400
2017-07-13,421.36518607067035,421.36518607067035,409.8209343975013,411.7449645996094,7587000
2017-07-14,411.74492233861235,417.517047582753,409.8208923339843,415.593017578125,5225700
2017-07-17,415.59301757812494,415.59301757812494,415.59301757812494,415.593017578125,0
2017-07-18,419.4411627971666,423.2892232649476,411.74497140108303,413.6690368652344,5188800
2017-07-19,413.6690799858841,413.6690799858841,407.8969534522683,409.82098388671875,3536100
2017-07-20,407.8969534522683,409.82098388671875,405.9728877875534,409.82098388671875,2032800
2017-07-21,407.896812804006,409.82084257502527,405.9727478027344,405.9727478027344,2385000
2017-07-24,404.04871803171505,405.9727478027344,400.20062325942416,405.9727478027344,3354300
2017-07-25,405.9727664315727,407.8968315211337,404.0487365722656,404.0487365722656,2124000
2017-07-26,407.8969534522683,411.74501432116915,405.9728877875534,409.82098388671875,4769100
2017-07-27,407.8968505859375,409.82088053517236,405.97278540644703,407.8968505859375,4078200
2017-07-28,405.97284685789754,405.97284685789754,402.1247863769531,402.1247863769531,2991900
2017-07-31,402.1246882606958,407.896812804006,400.20062325942416,405.9727478027344,5595000
2017-08-01,404.0487365722656,405.9727664315727,398.2766117640904,404.0487365722656,6114000
2017-08-02,404.04871803171505,405.9727478027344,400.20062325942416,405.9727478027344,4309500
2017-08-03,407.8968505859375,407.8968505859375,404.04875545721217,407.8968505859375,2723700
2017-08-04,404.04881661742536,405.97284685789754,400.20072090622,402.1247863769531,3067200
2017-08-07,404.0488097571978,404.0488097571978,398.2766839035235,400.2007141113281,4969500
2017-08-08,398.2767028808594,400.20073318034144,396.35267258137736,398.2767028808594,3480000
2017-08-09,396.35262364177964,398.27665370369226,392.50452828769676,394.4285583496094,5842800
2017-08-10,394.4285583496094,398.27665370369226,390.58049822578414,394.4285583496094,4938600
2017-08-11,394.4285583496094,394.4285583496094,394.4285583496094,394.4285583496094,0
2017-08-14,390.58056524397847,398.27672204244016,388.65649962166526,396.3526916503906,6567000
2017-08-15,398.2766117640904,404.0487365722656,396.3525819047833,404.0487365722656,4874700
2017-08-16,402.1247795493931,407.89690540306736,400.2007141113281,400.2007141113281,4027200
2017-08-17,402.12477835880867,415.5930602340858,402.12477835880867,411.7449645996094,8881800
2017-08-18,407.896910933302,419.4411627971666,407.896910933302,413.6690368652344,10982700
2017-08-21,421.36514282226557,427.1372680664062,419.4411128176376,421.3651428222656,8587200
2017-08-22,423.289222570846,423.289222570846,415.59306641764323,419.441162109375,6304200
2017-08-23,419.4412065194998,423.2892673884007,409.82098388671875,409.82098388671875,5944800
2017-08-24,409.8209343975013,413.66903003197774,407.8969041953932,411.7449645996094,3984600
2017-08-25,413.66898757349696,415.59301757812494,409.8208923339843,415.593017578125,4149600
2017-08-28,415.59301757812494,415.59301757812494,409.8208923339843,415.593017578125,4057500
2017-08-29,411.7449645996094,413.66903003197774,409.8209343975013,411.7449645996094,2781300
2017-08-30,413.66903618690776,423.289222570846,413.66903618690776,419.441162109375,10781100
2017-08-31,423.289222570846,425.2132880318423,415.59306641764323,419.441162109375,4822200
2017-09-01,419.4411128176376,425.2132380617782,415.59301757812494,421.3651428222656,4729500
2017-09-04,419.44112461517426,421.3651546739191,415.593029267427,417.5170593261719,5953200
2017-09-05,417.517047582753,419.4411128176376,413.66898757349696,415.593017578125,8209800
2017-09-06,413.6690368652343,415.5930670991248,409.82094116719253,413.6690368652344,3958500
2017-09-07,415.5930670991248,417.51709733301533,409.82094116719253,413.6690368652344,5481600
2017-09-08,411.7449645996094,413.66903003197774,409.8209343975013,411.7449645996094,3615600
2017-09-11,415.59301757812494,421.36514282226557,413.66898757349696,415.593017578125,4029300
2017-09-12,419.441154694446,425.213280514873,415.59305907074133,423.2892150878906,5359800
2017-09-13,425.21331018763465,430.9854364108593,421.3652142953974,429.0613708496094,6309000
2017-09-14,429.0613708496094,430.9854364108593,423.28924462638474,429.0613708496094,6573000
2017-09-15,429.0612559987047,432.90935086088587,425.21319636677674,430.9853210449219,6416700
2017-09-18,430.9853210449219,430.9853210449219,430.9853210449219,430.9853210449219,0
2017-09-19,434.83346448321504,454.0739072721185,434.83346448321504,446.3777160644531,12436200
2017-09-20,446.3776738034561,452.14979904759673,444.45364379882807,450.22576904296875,6804900
2017-09-21,457.9219549380809,459.84602030173323,452.14982930764177,455.9979248046875,7057500
2017-09-22,455.9979059811864,459.84600131938356,450.2257805890195,457.92193603515625,6024300
2017-09-25,459.84598952662196,463.694049535878,446.3776738034561,450.22576904296875,6579300
2017-09-26,452.1498785187331,454.07394409179693,450.22584817593213,454.0739440917969,3251400
2017-09-27,450.61061252713836,461.5776510603032,450.61061252713836,461.3852233886719,7371600
2017-09-28,461.77005043512656,462.15487055390884,453.68907455251184,455.9979248046875,8529600
2017-09-29,455.8055425069775,456.3827550828706,443.2992582858745,450.0334167480469,8944800
2017-10-02,448.1093170238757,448.68652955556394,441.95240683937266,447.5321044921875,7016700
2017-10-03,449.2638485887393,452.1499119313442,445.0309674296739,450.41827392578125,4621200
2017-10-04,448.30175432994486,449.8409642940472,445.0308715032763,447.3397216796875,4057500
2017-10-05,446.3776829155255,449.4561732620806,445.9928980448991,448.494140625,3203700
2017-10-06,450.80303642877834,452.34228175795636,448.8790061900016,451.3802490234375,4005600
2017-10-09,451.3802490234375,451.3802490234375,451.3802490234375,451.3802490234375,0
2017-10-10,451.76499929452297,451.76499929452297,446.5700867460222,448.8789367675781,4468800
2017-10-11,448.4941745655066,450.033419855269,445.03089908623633,449.4562072753906,3198600
2017-10-12,453.1118720760566,454.26629722784276,448.4941714689121,450.0334167480469,4686900
2017-10-13,450.41819161851004,459.84602030173323,450.0334067299868,455.9979248046875,6557400
2017-10-16,461.77007717112065,462.5396822229855,459.461226785265,460.80804443359375,4768200
2017-10-17,463.69407051290773,464.2712830634343,459.46119021913245,461.9624328613281,5247600
2017-10-18,458.1142775817973,458.1142775817973,444.645964045116,448.3016662597656,10190100
2017-10-19,445.99293116525183,450.4182041178865,445.99293116525183,446.3777160644531,5373900
2017-10-20,444.8384695710624,445.41568210284566,437.1422789937807,441.7599792480469,7105200
2017-10-23,445.4156086089497,447.9168507572181,443.49154366697286,444.0687561035156,3874200
2017-10-24,442.91443815852585,450.8030217724843,439.8359828305161,450.0334167480469,4611600
2017-10-25,453.11185889853004,453.30425134147924,447.33973330746596,449.2637634277344,4741500
2017-10-26,447.9168634414673,449.07128834724426,443.2991638183594,443.2991638183594,5385900
2017-10-27,444.26116278973956,446.3775848037768,443.49152275713544,443.8763427734375,5264100
2017-10-30,445.80054676515374,449.07143010747245,444.64612149495457,445.608154296875,6538500
2017-10-31,448.10931987140185,478.5091918102446,447.33971490101277,458.4991455078125,14386800
2017-11-01,464.4636350513918,471.00536448132607,460.80793267356614,470.62054443359375,11385900
2017-11-02,471.77513622219504,493.32443237304693,470.6207109009089,493.3244323730469,15096600
2017-11-03,493.32443237304693,493.32443237304693,493.32443237304693,493.3244323730469,0
2017-11-06,495.82559733026517,511.21794426438004,495.82559733026517,506.2154235839844,12880500
2017-11-07,513.7191874638457,532.9595947265625,513.7191874638457,532.9595947265625,13932600
2017-11-08,537.5772889914055,548.7367553710938,537.0000764279823,548.7367553710938,12092100
2017-11-09,553.7392508199248,559.511376558945,523.7241969770193,533.921630859375,16192200
2017-11-10,524.301405622807,546.8126958363293,523.5318006067901,546.0430908203125,10801800
2017-11-13,550.2759702611174,553.5468532262424,521.9925544028423,525.071044921875,9153900
2017-11-14,515.64316439723,522.3773220977092,507.94700933257917,510.255859375,14200500
2017-11-15,507.17744697525364,507.56223186112453,495.8255882368878,500.63568115234375,10278600
2017-11-16,500.44330110747705,501.02051368084204,489.86108233920476,498.32684326171875,9644700
2017-11-17,506.98500515813436,507.94703780649013,488.89902388874674,489.2838439941406,10414800
2017-11-20,489.4762449008798,489.6686373417768,481.97248171254085,484.4737243652344,7524900
2017-11-21,490.6306146732601,497.5571645274708,487.55215981480677,489.09136962890625,7095600
2017-11-22,493.5168121523457,497.94212084684074,490.4383564515419,495.6332702636719,5794800
2017-11-23,495.6332702636719,495.6332702636719,495.6332702636719,495.6332702636719,0
2017-11-24,490.438305911647,490.8230908156802,485.62817753888845,488.12945556640625,4164000
2017-11-27,491.2078857421875,499.86607409251985,491.2078857421875,491.2078857421875,6714900
2017-11-28,488.7065905321227,489.4761954482142,481.58761294482076,482.1648254394531,5242800
2017-11-29,484.28131054911813,490.8230407837167,484.28131054911813,488.5141906738281,4308300
2017-11-30,488.7065865887793,507.17738626797404,486.9749491188548,503.714111328125,8790300
2017-12-01,511.7951167238876,517.1824218749999,501.98250380884855,507.947021484375,9401400
2017-12-04,509.48641491825515,509.87119989302295,502.94464758399954,504.86871337890625,3740100
2017-12-05,502.1749866071714,523.9166740159603,500.250956256312,523.1470336914062,9522900
2017-12-06,521.607753975386,522.3773589670931,510.06350294848886,513.3343505859375,8353500
2017-12-07,514.6812137649132,516.6052438982094,505.63820520092895,508.9090881347656,7139700
2017-12-08,507.56224586945126,522.569772819339,507.56224586945126,522.3773803710938,8871900
2017-12-11,526.4178094450326,532.3823269752968,518.5292267267433,520.2608642578125,5880600
2017-12-12,523.146927576891,537.1924555030009,523.146927576891,533.3443603515625,6506400
2017-12-13,542.5797917901896,549.6987347617479,539.1165165234437,540.65576171875,9527100
2017-12-14,537.1925173026139,543.5418556562863,531.9976041041547,534.8836669921875,4710900
2017-12-15,530.265963972788,531.035568996029,519.8761376228657,522.3773803710938,7723800
2017-12-18,522.5696841222315,529.1114490153384,521.4152591681836,526.032958984375,4268400
2017-12-19,523.3394900837287,524.3014876967758,515.0660851378292,517.9521484375,5359800
2017-12-20,519.4911990545493,522.1848688671382,516.2203167985664,521.800048828125,4608900
2017-12-21,519.4913267824973,522.3773897090667,517.7596890265556,520.645751953125,3759300
2017-12-22,523.3394003318896,538.1544992425916,523.3394003318896,537.7697143554688,7870200
2017-12-25,531.0355126319388,532.3823300872244,513.526744792203,519.6836547851562,7998900
2017-12-26,523.3393575256192,523.7241423812688,516.6051997886797,519.6836547851562,3050100
2017-12-27,521.0305859516361,531.4204127637645,520.0685532070927,527.7647094726562,4123800
2017-12-28,531.6127992117366,541.040593172759,529.496341289768,530.4583740234375,5150400
2017-12-29,530.8431938842979,532.9596165748947,527.5723107757472,528.9191284179688,2447100
2018-01-01,528.9191284179688,528.9191284179688,528.9191284179688,528.9191284179688,0
2018-01-02,528.9191284179688,528.9191284179688,528.9191284179688,528.9191284179688,0
2018-01-03,528.9191284179688,528.9191284179688,528.9191284179688,528.9191284179688,0
2018-01-04,539.6936743600028,550.853104011551,539.6936743600028,549.5062866210938,9172200
2018-01-05,553.739297205876,562.0127016116961,546.620353274827,560.8582763671875,8773800
2018-01-08,560.8582763671875,560.8582763671875,560.8582763671875,560.8582763671875,0
2018-01-09,568.3620372680381,571.0556726699388,559.896240445713,561.4354858398438,7014300
2018-01-10,563.7442623185735,580.0986059672663,561.4354121455696,575.2885131835938,8789400
2018-01-11,570.0936866590447,582.9847570011272,567.7848361362679,580.0986938476562,5778000
2018-01-12,574.7113470629627,575.2885596528383,561.8202424022323,565.0911254882812,9293400
2018-01-15,567.5923465394678,570.093624486537,563.5518585652507,569.131591796875,3948000
2018-01-16,566.8228211619715,566.8228211619715,554.8937480091672,564.129150390625,6803100
2018-01-17,554.5088764421182,558.93414923844,546.0430805048253,557.7797241210938,8403300
2018-01-18,566.8228272156539,568.3620727057573,553.3545436756077,555.086181640625,6486900
2018-01-19,558.1645834134158,561.8202514648438,554.8937002746048,561.8202514648438,4299600
2018-01-22,561.0507069131174,562.7823448974171,548.7368485459631,550.853271484375,4675200
2018-01-23,555.4709284095799,559.7038444088446,551.2380476405773,558.9342041015625,4624800
2018-01-24,557.0100223887772,568.5542715574564,557.0100223887772,564.7061767578125,5040300
2018-01-25,562.7822056033942,562.7822056033942,555.4708352914528,556.8176879882812,3753600
2018-01-26,566.4379939462638,567.2076342886629,551.6228929636411,555.8557739257812,6909600
2018-01-29,550.2758885112602,553.7391634079679,542.9645538828242,550.08349609375,6356700
2018-01-30,543.5418399649004,545.8506902086731,533.921618872428,537.7697143554688,6704100
2018-01-31,531.0355435815497,546.6202823605735,521.2229302762385,525.455810546875,10065300
2018-02-01,528.1495155622056,528.7267281475195,515.6432311369846,520.645751953125,6420000
2018-02-02,519.4913748876453,525.0711088057856,517.567344501853,521.4154052734375,5080500
2018-02-05,508.1394622253969,511.21795280178674,504.6761867496534,508.7166748046875,5024700
2018-02-06,482.1648477545471,486.9749755859375,475.43072515901093,486.9749755859375,8970600
2018-02-07,500.4432368279012,501.98248190258573,478.31676943436895,478.89398193359375,8127900
2018-02-08,480.8180665682251,484.85855452257994,474.083908234214,478.50921630859375,5679900
2018-02-09,458.114247448891,466.3876133347631,454.2661530872012,466.1952209472656,7596900
2018-02-12,466.19522094726557,466.19522094726557,466.19522094726557,466.1952209472656,0
2018-02-13,468.5042877282299,470.4283181859779,450.80308773404755,451.57269287109375,7515000
2018-02-14,450.22583380092,454.65114220135814,439.8360068670526,442.3372497558594,7236600
2018-02-15,450.41813722348917,455.80547731479953,443.8764073757605,444.83843994140625,3270000
2018-02-16,442.1448577776755,446.37773849339715,434.4487014135647,445.4157409667969,5471100
2018-02-19,444.2612837714778,456.9599602348177,442.52964607193144,453.8814697265625,6092100
2018-02-20,455.2282253020744,457.1522550360818,449.0712808308985,452.3421630859375,4332900
2018-02-21,452.34227614719134,454.6511264971893,443.6840873346989,446.7625427246094,6855600
2018-02-22,444.4537077265492,444.8385278749278,439.8360068670526,442.3372497558594,5845800
2018-02-23,443.2992041387329,450.2257542034005,441.56756662256595,448.8789367675781,4112700
2018-02-26,452.1498107910156,453.68905597284987,447.3397180393876,452.1498107910156,3670200
2018-02-27,455.228344731252,455.4207371860514,448.8790061900016,451.3802490234375,3262800
2018-02-28,451.9574368892672,457.53717007576427,448.1093413920011,448.6865539550781,5558700
2018-03-01,442.72204557162246,443.2992581473351,438.6815575416337,441.18280029296875,4998000
2018-03-02,430.79297560227457,434.64107119871545,427.13730768532463,432.717041015625,6228000
2018-03-05,426.9448544499139,427.7144593675258,418.0942393612302,421.1727294921875,6156000
2018-03-06,428.6765500609271,433.67903554906724,425.21327461671024,425.9828796386719,4768200
2018-03-07,422.13474777806545,424.82841796875,418.86390029322354,421.3651428222656,5085600
2018-03-08,427.1373393013528,427.1373393013528,416.17029950848024,418.0943298339844,4916700
2018-03-09,420.9804060089885,430.4082359263008,417.3247377079418,418.8639831542969,5427000
2018-03-12,427.522111832879,434.64105495143514,426.7524716042047,432.52459716796875,3831900
2018-03-13,433.48664487093896,435.79549517650986,430.6005819889753,435.4106750488281,4365300
2018-03-14,429.0613218297103,434.64105495143514,426.7524716042047,432.52459716796875,5111400
2018-03-15,430.60061404748956,430.9854342038214,418.286756577756,423.866455078125,4792500
2018-03-16,425.59796427833413,427.32960161296154,420.7878723144531,420.7878723144531,4293000
2018-03-19,419.0562896516882,421.1727473024387,415.20819444039347,416.17022705078125,5087100
2018-03-20,413.66906940689506,421.7500463472978,412.12982396054,418.8639831542969,3228900
2018-03-21,418.8639831542968,418.8639831542968,418.8639831542968,418.8639831542969,0
2018-03-22,417.7095578770965,420.4031933703883,413.66906940689506,418.8639831542969,6019200
2018-03-23,407.89697750077033,411.16782590914994,400.00839236298435,401.5476379394531,8831100
2018-03-26,396.7373260680919,397.50696611712044,387.1171425274883,394.236083984375,7162800
2018-03-27,402.1246576635087,405.5879321259784,395.96771354236824,401.7398376464844,6618300
2018-03-28,399.20219365145323,407.01053736984267,397.83570758646886,403.88720703125,4126800
2018-03-29,406.0345804783444,408.7675175340589,399.0070586869279,402.32562255859375,5256900
2018-03-30,410.32911836446453,422.6272790239988,409.35306195307044,419.3087158203125,6417900
2018-04-02,418.13746388550845,423.21290720115206,415.9901540704636,417.1614074707031,3975600
2018-04-03,412.67158939862156,412.67158939862156,406.03446356635806,410.13385009765625,4515300
2018-04-04,413.64760998162615,415.0140959879348,408.1817731878332,410.13385009765625,2968500
2018-04-05,411.6956445282097,411.6956445282097,404.0824960518701,408.96270751953125,3907800
2018-04-06,408.3769378569143,408.5721705531253,403.3015311440283,403.6919250488281,4586100
2018-04-09,400.17827756217486,408.96267903849446,398.81182702491,407.4010314941406,3806700
2018-04-10,406.034556203539,417.16146504139203,403.49685206740793,415.0141906738281,5295900
2018-04-11,419.6991669697149,431.2164687908518,417.1614273192389,422.43206787109375,5394900
2018-04-12,421.65126994504766,421.65126994504766,413.45249525167173,414.6237487792969,3575400
2018-04-13,417.94222310404865,430.2403825178436,417.7469903952557,427.5074462890625,4558500
2018-04-16,432.97324628660147,434.3397321570205,423.0175942720562,426.9217834472656,3815100
2018-04-17,430.4355572786148,430.82598693224685,421.84635510539005,424.38409423828125,2610600
2018-04-18,427.31231546111303,436.29191339718705,425.7506322681275,435.31585693359375,4579500
2018-04-19,444.6859095529377,449.56615640089115,441.757775741694,442.53863525390625,7315500
2018-04-20,441.1721471361388,452.8846823321763,441.1721471361388,450.54217529296875,5934000
2018-04-23,452.88462382076347,464.2067635433585,452.88462382076347,455.42236328125,8202300
2018-04-24,463.6211817163488,467.33013916015625,459.9121885287218,467.33013916015625,7040100
2018-04-25,462.44992428427616,466.5493114348726,457.9601073952069,464.5971984863281,4983000
2018-04-26,469.6725964550439,471.42947649165876,459.13131623535463,459.9121398925781,5617500
2018-04-27,460.10740095771285,476.30971624202556,449.5661200886726,455.6175842285156,10743000
2018-04-30,455.6175842285156,455.6175842285156,455.6175842285156,455.6175842285156,0
2018-05-01,453.27510936386574,474.357672590092,452.10385585129757,474.1624755859375,8562000
2018-05-02,475.3336703329845,481.77556385569767,468.50134710641066,478.4570007324219,6821700
2018-05-03,478.4570007324219,478.4570007324219,478.4570007324219,478.4570007324219,0
2018-05-04,478.4570007324219,478.4570007324219,478.4570007324219,478.4570007324219,0
2018-05-07,481.18997197596764,481.18997197596764,470.6486909036295,473.381591796875,4060500
2018-05-08,468.306250901086,473.96728623427435,466.744567493401,473.18646240234375,3941400
2018-05-09,473.18638230967076,473.5768120314629,465.37803808055276,467.1349182128906,4795200
2018-05-10,468.501354036783,471.03905778987667,464.98759388150717,469.672607421875,4068300
2018-05-11,471.6248021398465,480.9948315581469,469.86792162391515,479.8235778808594,4857900
2018-05-14,483.72767888714355,486.4606155412253,478.45703831815536,484.7037353515625,4624200
2018-05-15,485.87493553112193,486.65575917074193,480.7994925140543,482.3611755371094,3676800
2018-05-16,480.9948346744093,486.07027922347993,476.3098199349059,476.89544677734375,4901400
2018-05-17,478.2618748390672,480.9947759408498,472.4056071297881,480.4091491699219,3404700
2018-05-18,482.3612244090095,485.67975202148256,477.0905838839796,481.9707946777344,3951900
2018-05-21,480.79967935981125,480.79967935981125,477.0907209504922,478.0667419433594,3329100
2018-05-22,476.7001981039719,477.67625465024173,472.210380883717,473.7720642089844,3757200
2018-05-23,468.50141301185903,470.0630963031723,455.6176241540329,458.9361877441406,6053100
2018-05-24,456.78897098130824,461.27878902094767,449.1758214649531,451.1278991699219,5513400
2018-05-25,444.49066872233294,447.02837252726613,439.6104580993637,442.9289855957031,4557300
2018-05-28,441.3673312023875,443.12421128800895,434.33981085990183,437.2679443359375,4067100
2018-05-29,437.65843184608184,440.1961718969257,431.2165368219504,435.1207275390625,3430500
2018-05-30,425.3601869911772,434.14458761107636,423.01768015920413,432.77813720703125,4957500
2018-05-31,439.22007428355136,439.22007428355136,427.11710921090867,433.1686096191406,5840700
2018-06-01,431.6069236323173,438.82964178301825,428.0931630600054,436.09674072265625,5096400
2018-06-04,441.56259800312876,450.54219683482717,440.3913444275237,447.8092956542969,4715400
2018-06-05,453.66555686414097,454.0559508877228,445.46678195541443,448.0044860839844,4935900
2018-06-06,450.7373815538165,456.5936488076823,447.80924792688353,453.27508544921875,4664700
2018-06-07,455.81286179463467,456.3984886131048,452.29910088381394,454.4464111328125,4674900
2018-06-08,451.1278225681416,458.350576763372,448.3949213939993,448.5901184082031,5064300
2018-06-11,437.4631858943444,446.247587217524,432.5829748516293,441.9530029296875,5589000
2018-06-12,446.44274351928874,448.3948563534582,438.63439941406244,438.6343994140625,4731300
2018-06-13,444.29548548650365,453.66551304865266,442.53860531860073,448.9804992675781,5803800
2018-06-14,454.2511475097844,461.08343556103205,452.6894643082157,453.8607177734375,6601200
2018-06-15,456.98401534150423,457.56964203170855,451.32298116540676,456.788818359375,5314200
2018-06-18,452.1039212584393,453.0799779080618,435.1207428691974,437.658447265625,5968200
2018-06-19,439.22008731500887,446.8332354951357,431.99736890488055,432.19256591796875,6374400
2018-06-20,428.8740226450806,431.80215669988047,418.52797281400365,430.2405090332031,7569000
2018-06-21,431.21644993796343,434.92544288224906,425.555415644167,430.0451965332031,3338700
2018-06-22,425.5554468246509,429.850031042164,421.26082686331796,429.264404296875,5387700
2018-06-25,431.4116732036819,435.90145399422147,426.53142696169857,427.3122863769531,5200200
2018-06-26,417.7470334595306,434.7302077340866,417.7470334595306,432.97332763671875,5534400
2018-06-27,435.12061471313075,435.3158116880336,420.8703776936584,430.63079833984375,4796400
2018-06-28,429.4595427848645,435.3158094398572,428.4835221715757,433.5589294433594,4371300
2018-06-29,432.58296776811954,434.92547474927574,426.5314675709194,429.264404296875,5375700
2018-07-02,426.72670098134444,430.8260882047669,421.8464542671044,422.04168701171875,4282200
2018-07-03,421.84643434282543,427.89793426365276,412.86683657309936,416.7710266113281,6047700
2018-07-04,414.0381237208939,421.45607467434775,412.0860464147518,412.4764404296875,3610500
2018-07-05,410.7194806488726,411.890733954662,404.08239049733754,405.6440734863281,4257900
2018-07-06,403.10643222246495,411.5004401184571,401.73998161457405,410.5243835449219,5797200
2018-07-09,414.81888702390967,414.81888702390967,407.5961698746444,411.695556640625,3171300
2018-07-10,416.3806253560325,420.8704424198137,414.6237450802687,418.33270263671875,4915200
2018-07-11,408.5723134781654,414.81897557825397,405.2537496636147,408.96270751953125,5489400
2018-07-12,409.7435084497899,410.5243321645981,405.6441213953645,406.0345153808594,3418800
2018-07-13,408.3770446777343,410.7195516945164,405.8393406574939,408.3770446777344,4485000
2018-07-16,408.3770446777343,408.3770446777343,408.3770446777343,408.3770446777344,0
2018-07-17,408.76748492313214,418.72314000005656,406.81540760696976,417.356689453125,3973500
2018-07-18,421.6511998551615,422.0416295474102,416.1853628827552,416.9661865234375,3470400
2018-07-19,418.72307555897675,421.8464059329233,417.1613925000956,421.0655822753906,3493200
2018-07-20,422.62733882604334,422.8225358384159,412.0860567691299,415.0141906738281,4456500
2018-07-23,412.28120114065865,416.575785071268,410.71951800961097,412.671630859375,3666300
2018-07-24,415.2093346714872,418.52789792103204,412.28120114065865,412.671630859375,4309500
2018-07-25,414.0381369387733,416.5758410921545,410.9148060004715,412.0860595703125,3434100
2018-07-26,402.32550671455004,412.2811597191314,402.32550671455004,410.13385009765625,10491300
2018-07-27,412.47637891030234,416.38056868411167,409.7434782380701,413.8428649902344,4993200
2018-07-30,415.9901966081951,419.69918991743396,415.20937284279677,417.5518798828125,4595100
2018-07-31,417.94222850477854,426.92182516707635,413.6476092692247,419.5038757324219,11852700
2018-08-01,424.5793143334444,425.5553706488154,417.9422243228364,425.3601379394531,5146200
2018-08-02,425.55549984302087,428.2884011656385,417.7471184371365,418.7231750488281,6272100
2018-08-03,419.5038499225803,420.6751031431587,407.40092380581063,412.86676025390625,6911700
2018-08-06,409.9386718651661,413.8428616070586,408.1817918428868,410.3291015625,3532200
2018-08-07,407.9866424881442,411.5004029428445,405.4489027749808,410.71954345703125,4848600
2018-08-08,409.9385984041745,421.0655032180021,409.5481687768056,420.0894470214844,6780300
2018-08-09,417.94235120576946,420.08962571013694,415.4046111641361,418.7231750488281,3448500
2018-08-10,421.26078868851613,421.26078868851613,409.1578608785273,409.3530578613281,7722600
2018-08-13,405.25369933793195,408.57226274037305,394.90761513772327,397.2501220703125,7219800
2018-08-14,398.03090777606155,399.20216102528605,392.9554651148179,398.2261047363281,5240700
2018-08-15,398.42138872179805,402.52077598949256,395.4932549591591,396.8597412109375,4773300
2018-08-16,394.9076714183882,398.81186211038624,391.5891432868229,395.88372802734375,5431200
2018-08-17,396.6644491270153,403.49677213239625,395.2979988234651,401.9350891113281,4724700
2018-08-20,401.93506228462786,403.3015482407885,396.4692256914232,397.4452819824219,3627900
2018-08-21,396.2741069134043,399.20224062029195,393.54117020570254,397.83575439453125,3116400
2018-08-22,398.03100313829265,403.301644022569,396.66451685759955,400.9591369628906,3182100
2018-08-23,402.13036300763866,402.7159897325314,396.274095758711,396.66448974609375,3389100
2018-08-24,399.2022695553855,400.56872013637,392.7603749333094,393.54119873046875,3980400
2018-08-27,393.9315777047071,399.39741506766455,392.5650915561045,395.49322509765625,4956600
2018-08-28,405.2537635592193,413.25734209518015,398.4214386751637,407.2058410644531,11949900
2018-08-29,410.32917642631105,416.96626802901955,408.181866314925,415.0141906738281,6993600
2018-08-30,420.87043384271533,423.9937645769258,414.0381098838212,414.2333068847656,5620500
2018-08-31,409.93862996753285,411.89070676705995,407.79132046738465,409.1578063964844,3834000
2018-09-03,406.81544673334463,408.3770944389409,398.81186820282073,402.13043212890625,4224900
2018-09-04,403.3016308038956,405.05851104107063,399.3974405844556,401.3495178222656,3800400
2018-09-05,399.3973772167105,400.3734335526659,393.9315403717513,397.05487060546875,5047800
2018-09-06,394.90764931145327,399.5926635820541,393.3460017171345,393.54119873046875,4879500
2018-09-07,390.4178152240027,392.174695338895,385.1471748793258,391.1986389160156,5907300
2018-09-10,389.0513552112158,397.2501296313285,389.0513552112158,396.27410888671875,3453000
2018-09-11,397.4452819824219,398.6165352340952,394.5171488532385,397.4452819824219,3555600
2018-09-12,398.0310188568151,398.8118426596028,389.4418140508603,390.6130676269531,5802300
2018-09-13,390.61297742455406,400.1782008391863,390.02735077174367,397.05487060546875,4484100
2018-09-14,400.7638335828677,405.6440795930015,399.5925802594459,404.86322021484375,4816200
2018-09-17,404.8632202148438,404.8632202148438,404.8632202148438,404.86322021484375,0
2018-09-18,400.17821538234267,414.23325556057694,399.7878214288243,410.3291015625,6876000
2018-09-19,414.03801347448467,417.16134348142333,407.9865504160999,412.86676025390625,5965500
2018-09-20,413.0620335646744,417.1614205944782,410.9147594258941,416.7710266113281,4901100
2018-09-21,417.7470808533833,427.7027358679476,416.96625708057354,426.7267150878906,6813000
2018-09-24,426.7267150878906,426.7267150878906,426.7267150878906,426.7267150878906,0
2018-09-25,421.45602710079277,421.45602710079277,411.8907671696253,417.1614074707031,7055700
2018-09-26,414.611774894358,416.37691485004086,408.13959505685403,411.4737243652344,5313900
2018-09-27,411.6699195894946,417.5537200795214,409.3163993934839,412.8466796875,4848300
2018-09-28,415.0039903877295,420.29941007755724,410.1008359788804,419.1226501464844,5738700
2018-10-01,417.94589339775087,422.26070378578066,414.02338420555,417.3575134277344,3929700
2018-10-02,420.8877966643888,424.81034180029434,418.3381620775752,420.1033020019531,5023500
2018-10-03,416.37700538342494,421.47627575622903,415.2002451571052,416.5731201171875,3942000
2018-10-04,418.3381717763049,422.26071700315055,413.8272465610256,414.8078918457031,5305800
2018-10-05,411.86600826852833,416.1807830511957,410.2969829330739,410.4931335449219,4223100
2018-10-08,410.49313354492193,410.49313354492193,410.49313354492193,410.4931335449219,0
2018-10-09,406.7666646983742,407.74730993001,403.8247649153294,405.58990478515625,4479600
2018-10-10,407.7473112961341,412.8466162411175,406.1782861026325,409.512451171875,4341600
2018-10-11,395.979756979301,398.5293917846722,393.0378568531546,396.7642517089844,8337300
2018-10-12,393.6261757980503,402.6479894809976,393.43006112402793,401.8634948730469,6323100
2018-10-15,399.90227398138273,404.6093138481107,397.744868738511,400.098388671875,4210200
2018-10-16,400.0984400239239,409.31640624999994,399.70617468072845,409.31640625,4707600
2018-10-17,396.1759127578735,396.764292844104,380.68191579109543,384.6044616699219,18016500
2018-10-18,384.40821494244034,387.9384945773562,380.6818206317608,382.44696044921875,7565100
2018-10-19,378.132194109668,378.132194109668,369.1103442460218,373.22900390625,10849800
2018-10-22,370.8755500255097,375.778741100496,367.9336497452654,374.798095703125,4812900
2018-10-23,373.2290644809071,374.2097098631208,364.01113435319724,366.3646545410156,5771700
2018-10-24,365.7762848942384,366.9530450216066,358.3234587836168,361.0692443847656,8304300
2018-10-25,349.30159980219645,354.2047544210131,346.94807983926614,352.2434997558594,7614600
2018-10-26,358.9118398652344,360.6769800612929,348.5171134067111,352.0473937988281,5872200
2018-10-29,352.04732856337495,358.71565867629124,351.6550992004005,354.4008483886719,4241700
2018-10-30,351.0667548387566,362.04982452914123,350.87060422551906,355.96990966796875,4671300
2018-10-31,356.16604272243086,361.8537284739448,353.61640782575745,357.9311828613281,5246400
2018-11-01,353.22412319008646,357.3427832891286,349.6938431051932,356.55828857421875,5527500
2018-11-02,354.00867355496916,370.4833148696977,352.4396481258009,366.3646545410156,12939000
2018-11-05,364.20723371399606,377.93608892699245,361.8537136253757,370.0910339355469,8248200
2018-11-06,368.7181971961498,382.0547884651879,368.7181971961498,377.3477478027344,5972400
2018-11-07,379.5051415040735,387.9385771224298,374.60198627180154,376.36712646484375,6742800
2018-11-08,381.85862410187815,387.54630946692964,379.7012187747485,379.8973693847656,4932900
2018-11-09,377.9360417931381,383.23146133212174,377.73992711416685,378.91668701171875,3406200
2018-11-12,375.19038682804967,378.91678213515263,373.2290958985251,377.1516418457031,3177300
2018-11-13,368.9142326802668,372.24839773731225,363.6188130724161,371.4638671875,5759700
2018-11-14,370.67941822242796,376.367103805987,368.12978340104416,372.2484436035156,2991900
2018-11-15,369.8949814491585,372.6407314064782,367.14919557996615,369.5027160644531,2670900
2018-11-16,369.50265727180266,375.1903428416193,367.737517189294,368.3258972167969,3444600
2018-11-19,368.7182006835937,373.4252413905678,366.16852969273566,368.71820068359375,2740800
2018-11-20,364.2072468041794,371.46392203428627,364.01113209370124,367.5414123535156,4032900
2018-11-21,361.85372584074446,364.5995113407819,357.53895083657227,363.6188659667969,3943500
2018-11-22,366.364613002544,370.87550224317187,362.83433312108,363.2265625,2360100
2018-11-23,363.2265625,363.2265625,363.2265625,363.2265625,0
2018-11-26,364.59949478875325,370.48329494181615,364.59949478875325,367.9336242675781,3771000
2018-11-27,372.8368061259207,379.1128355318469,372.4445408211008,372.6406555175781,6867300
2018-11-28,374.2096248903758,383.81981817113336,374.2096248903758,379.3089294433594,5829000
2018-11-29,381.46640365427635,386.1734442583882,379.50514870651966,379.7012634277344,4257000
2018-11-30,379.1128868709344,382.0547872758094,374.9942263041094,377.9361267089844,4787100
2018-12-03,387.35014572984085,399.7061254438303,385.38889107919414,394.41070556640625,9856500
2018-12-04,392.2533629629158,394.0185030423811,376.36710224772787,380.28961181640625,7454700
2018-12-05,372.6406068192802,377.739911468078,366.9529581579379,375.1902770996094,6180600
2018-12-06,373.62124734872526,375.77865234865556,367.34518292920274,373.0328674316406,5432400
2018-12-07,371.6601117812112,374.6020123074164,365.5801600858061,370.2872009277344,3747900
2018-12-10,366.7568729577631,369.3065436926276,361.6576033117682,367.7375183105469,3985800
2018-12-11,368.3259271537831,368.7181925079567,357.5389710767716,364.40338134765625,4370400
2018-12-12,363.22659585414897,373.4252070561326,363.22659585414897,370.4833068847656,4641900
2018-12-13,373.03289165496824,378.9166912078857,370.0909918785095,376.56317138671875,4578600
2018-12-14,373.4252942341337,378.1323356072031,368.71825286106423,372.8369140625,4421400
2018-12-17,370.28717569419763,377.15162175818335,369.1104155639069,371.856201171875,3188400
2018-12-18,366.1684918119974,370.2871520045175,362.0498316194773,368.3258972167969,4638000
2018-12-19,362.24593557558075,362.44205025553117,354.00861625159143,360.6769104003906,7138200
2018-12-20,357.5389897691293,357.5389897691293,341.65272690479634,344.2023620605469,8179500
2018-12-21,338.5146554247489,339.6914155663319,329.29672492359526,334.984375,9942900
2018-12-24,334.984375,334.984375,334.984375,334.984375,0
2018-12-25,319.88257829979864,324.9818472614135,314.58715874683253,322.0399475097656,6921000
2018-12-26,322.6283721816017,329.29670315091676,318.313597251708,323.41290283203125,4651500
2018-12-27,339.10305813725796,342.04495868764445,329.68897637602123,332.2386474609375,8570400
2018-12-28,331.84635275251037,337.3378879905578,330.6695926363667,331.6502380371094,5080200
2018-12-31,331.6502380371094,331.6502380371094,331.6502380371094,331.6502380371094,0
2019-01-04,323.8051179328323,331.65020861916275,320.4709885074142,331.06182861328125,5136900
2019-01-07,338.906971126219,345.7714182759051,335.96507033519276,340.27984619140625,6183000
2019-01-08,346.75202294908377,352.24359495467263,345.5752626495825,346.555908203125,5900700
2019-01-09,348.12486355738645,351.65514374249165,346.5558381711618,351.26287841796875,4346700
2019-01-10,347.3403472482523,351.45900763424686,345.96747242354365,348.1248779296875,4331100
2019-01-11,348.3210172234726,352.6357926283649,347.9287518550747,351.0668029785156,4212300
2019-01-15,346.94810349568473,353.8125132477001,345.9674581403109,351.26287841796875,4252200
2019-01-16,351.6551164311611,352.63572579850864,344.2022913152521,349.4977111816406,3368400
2019-01-17,352.83187640146963,354.7931310480291,346.94807654992684,349.4977111816406,3518700
2019-01-18,351.06678723195756,359.50022293521005,351.06678723195756,354.7931823730469,4758000
2019-01-21,360.48081965812287,364.9917089795634,357.93114909014554,359.6962890625,4433400
2019-01-22,360.67694643924114,361.4614411492918,356.1660210547515,357.73504638671875,2790000
2019-01-23,353.4203063554427,357.5389668338451,352.0473955880623,355.3815612792969,2889000
2019-01-24,354.0086636196129,356.5582984475705,351.4589928797882,355.7738037109375,2561100
2019-01-25,358.3234329240841,361.6575983482966,357.3427875847589,358.7156982421875,3263400
2019-01-28,361.65759400079776,365.18787408569096,355.57764324668193,356.55828857421875,4198800
2019-01-29,353.22406674323736,355.1853570848877,351.45892698286826,354.2047119140625,3311100
2019-01-30,356.9505914655235,357.73508626302083,351.4590201474323,353.0280456542969,3220500
2019-01-31,356.9505538876067,365.58010348721285,348.51708307689546,356.55828857421875,8570700
2019-02-01,356.3621262449011,356.7543555940007,344.39837694827713,348.9093017578125,6837600
2019-02-04,347.92868591727444,354.7931310480291,347.92868591727444,349.4977111816406,4139700
2019-02-05,350.4783771770551,354.79315201927096,349.3016171371902,350.2822265625,3151800
2019-02-06,353.42027161364126,360.67694643924114,352.8318916031368,357.73504638671875,5658900
2019-02-07,357.1467014843265,358.32346162101294,350.086140664208,355.3815612792969,3767400
2019-02-08,351.65514628313014,352.83190635333375,341.8488003941444,345.5751953125,5718000
2019-02-12,340.8682128117833,351.06682575687876,337.9263121375968,346.75201416015625,5756100
2019-02-13,350.0861539700145,354.9893094219401,347.1442535164849,352.8319396972656,4931400
2019-02-14,350.4783794131795,351.45898884474576,345.1829592000015,349.10546875,5665800
2019-02-15,347.5364323818841,348.7131922704098,344.398382071241,345.9674072265625,3543900
2019-02-18,352.63572040098546,355.7737708816861,351.4589604486887,352.4396057128906,5326800
2019-02-19,352.8319244938781,354.9892941255924,350.28225360276963,352.0473937988281,4153200
2019-02-20,353.02807862144647,356.558359407661,351.4590529680601,351.851318359375,3556500
2019-02-21,354.20473950259276,363.61881895781113,352.83186488599443,360.4808044433594,8130000
2019-02-22,353.22416796602386,354.20481341787075,351.26291297420073,353.4203186035156,4143300
2019-02-25,354.7931189636884,355.7737642094993,349.6938139620801,351.4589538574219,4829700
2019-02-26,353.42022656734787,354.0086065028585,348.9093017578125,348.9093017578125,3094200
2019-02-27,349.1054676344437,352.24351835865497,348.90935293113046,349.69384765625,2957100
2019-02-28,353.2241783832478,353.4203290265244,343.81009668586535,344.2023620605469,5236800
2019-03-01,343.02557953831234,343.41784488748124,336.7495135109562,340.08367919921875,4786500
2019-03-04,341.0643627997058,343.81011281567777,338.9069570055506,340.4759826660156,3621300
2019-03-05,338.31856422180545,341.6527301586733,337.53406937684264,338.5146789550781,3432000
2019-03-06,340.2798320135366,342.43723780769176,338.12246213125485,340.4759826660156,4391400
2019-03-07,337.14173562764086,338.12238091887804,334.59210096466194,335.18048095703125,4680900
2019-03-08,330.0811789379993,330.4734442406923,320.2748336655951,324.39349365234375,10671900
2019-03-11,325.9625979384232,326.1587126813596,320.4710619293391,324.0013427734375,2559300
2019-03-12,326.3548145384523,331.454084387329,324.3935237548519,328.9044494628906,3422400
2019-03-13,324.5896333431595,328.1199132130723,321.25546816206503,322.8244934082031,2821200
2019-03-14,327.1392888849432,330.08118896484376,322.236134055731,323.6090087890625,2578200
2019-03-15,325.5702349648498,328.11990541823707,321.84384049464313,322.4322204589844,4090500
2019-03-18,325.9624595998545,325.9624595998545,321.4515351317641,323.2166748046875,1881600
2019-03-19,325.57019436858536,325.57019436858536,321.84380036303327,323.2166748046875,1763400
2019-03-20,322.8245798655659,323.41296000146195,319.8826791860859,321.25555419921875,3049200
2019-03-22,322.236124267195,324.39349365234375,320.863213663702,324.39349365234375,3740400
2019-03-25,319.2942870434623,320.6671620049696,313.80271537368867,316.3523864746094,4364400
2019-03-26,318.90192999381924,326.5508692741138,317.5290554269511,323.8050842285156,4368900
2019-03-27,324.98903201546824,325.97565314226466,321.63454908892345,324.0024108886719,2098800
2019-03-28,319.6614229031218,320.64804427664063,315.9123194928907,318.2801818847656,3210000
2019-03-29,321.04261536703257,322.62120209977485,318.47744354069516,320.0560302734375,3771900
2019-04-01,323.6078618084075,329.922137228873,323.6078618084075,325.3837585449219,3674100
2019-04-02,331.5006930591794,332.8819339033566,327.3569343959397,328.1462097167969,2899500
2019-04-03,328.34357373522204,336.4337455791863,328.34357373522204,335.64447021484375,4179600
2019-04-04,336.63113174203943,342.55078800871826,335.64451032068814,340.5775451660156,4453500
2019-04-05,339.98549635417015,345.3131856906408,338.20959990867993,343.1426696777344,4711800
2019-04-08,345.3131887717366,347.0890852330724,340.3801550893723,340.7748107910156,2440500
2019-04-09,338.0122804888324,342.7480042084658,337.02565933700726,341.7613830566406,1808700
2019-04-10,338.6043359968398,341.95881990051976,337.815060543915,340.9721984863281,1834200
2019-04-11,340.5775533449353,344.32669315767663,339.78827786732865,343.9320373535156,2083500
2019-04-12,345.90515050816305,345.90515050816305,341.5640823599814,345.1158752441406,2852100
2019-04-15,348.47036910096557,353.00874717255937,347.87840360200056,350.0489196777344,4575900
2019-04-16,351.03562221958276,355.7713473085485,349.6543811122061,354.3901062011719,4047600
2019-04-17,355.9685321375962,363.66408270470555,355.7712223717506,359.52032470703125,5420400
2019-04-18,358.73112662001415,360.1123675392274,355.96860865087746,356.16595458984375,3726300
2019-04-19,360.11238110797603,361.88827784132616,357.7445187968426,358.73114013671875,2982300
2019-04-22,361.0989220052616,364.6507146807232,358.33640454744585,361.6908874511719,3601500
2019-04-23,362.0856498273065,363.66420072777674,360.3097529662419,363.0722351074219,2616300
2019-04-24,366.42669407024704,370.76776294727176,365.63741867370936,369.5838317871094,8409300
2019-04-25,370.96507263495124,372.34631347656256,366.8213139794092,372.3463134765625,5718600
2019-04-26,372.54369685427235,381.02856176906806,371.16245573985424,374.1222839355469,10333200
2019-05-07,372.5436215774138,374.31951813598835,358.53379503579725,362.28289794921875,9587700
2019-05-08,354.78468163670635,355.179337388486,350.24630307943835,354.5873718261719,6870600
2019-05-09,350.04900613000586,350.24635209887094,341.9588330665765,343.5373840332031,6831900
2019-05-10,344.32663121353255,347.0891129535449,341.76142314403825,345.9051818847656,5567400
2019-05-13,343.14272312529056,343.7346886993246,337.8150329589844,337.8150329589844,5456700
2019-05-14,322.0291921518143,335.2497413056559,320.845261298315,334.65777587890625,6981000
2019-05-15,337.6176894545392,338.6043107952988,332.09268943385075,337.4203796386719,4357800
2019-05-16,338.01241419238977,338.01241419238977,329.13292870572457,332.6847229003906,4770000
2019-05-17,336.8284284120684,339.3936006504873,333.07932496657713,338.0123596191406,3286200
2019-05-20,339.788194362158,342.74802183918024,337.4203323805402,339.9855041503906,2994600
2019-05-21,335.44712918109633,338.0123009744614,332.2899557561935,337.6176452636719,4026600
2019-05-22,336.03915298425784,339.59094660547476,335.0525316014599,338.0123596191406,3849900
2019-05-23,335.24982122890987,335.24982122890987,328.1462344144253,330.90875244140625,6012000
2019-05-24,325.3836945468546,330.51403780058274,323.0158326972249,327.7515563964844,3979200
2019-05-27,327.35692307025664,328.54085407593567,324.19978576534817,325.1863708496094,3372900
2019-05-28,326.7649421203725,327.15959781384475,323.4104590526215,323.80511474609375,3495600
2019-05-29,320.845287371815,323.80511474609375,319.6613564221035,323.80511474609375,3846300
2019-05-30,322.62124046677343,327.1596552814362,322.2265847039775,325.3837585449219,4434600
2019-05-31,324.7917641102298,325.7783492334999,320.45065949729104,324.1997985839844,4250100
2019-06-03,318.0827757856966,319.4640526735813,316.30687932759275,319.06939697265625,4290900
2019-06-04,321.43730322480195,324.1998212506603,318.6747851989436,321.6346130371094,5955000
2019-06-05,329.52748669168227,331.3033832616421,326.37031314683696,328.1462097167969,7399200
2019-06-06,325.9757137913666,328.5408858414535,320.84533356048246,323.21319580078125,6651600
2019-06-07,324.1998066960871,324.1998066960871,320.4506675155831,321.0426330566406,3112200
2019-06-10,323.01585788621855,326.17299522168577,322.62120217026995,322.8185119628906,3635700
2019-06-11,320.8453444465319,326.9623100646111,320.4506886828549,326.17303466796875,3257400
2019-06-12,323.41047113347776,326.56764453778004,322.81850563650937,324.791748046875,2755200
2019-06-13,323.0158903237613,324.19982145979134,316.5042690755962,318.87213134765625,4942500
2019-06-14,316.10959427723895,317.2935253419477,308.0193866248262,313.3470764160156,8004900
2019-06-17,313.7417257357477,318.8721056215368,313.7417257357477,315.3203125,4560900
2019-06-18,315.91223614754813,319.2666828972444,312.7550630375121,315.1229248046875,4294200
2019-06-19,321.6345687019043,323.60781107582363,318.8720871875467,319.06939697265625,4752900
2019-06-20,323.60783305773896,325.7783492334999,320.45065949729104,324.1997985839844,4841100
2019-06-21,327.948903147185,331.10604059239705,325.3837312311195,325.7783508300781,5881200
2019-06-24,327.9488375435342,332.092595418633,327.15956237279676,329.330078125,4996200
2019-06-25,329.3301504038683,333.4739091884077,328.54087505990674,329.5274963378906,5392200
2019-06-26,327.94892293076674,332.6846474496226,327.1596475545277,332.0926818847656,3985200
2019-06-27,335.4471411575381,339.5908998112989,334.85517563557227,338.6042785644531,4582800
2019-06-28,340.3801887606703,342.15608539768255,338.8016019286452,341.1694641113281,3679800
2019-07-01,349.8515770370896,353.6006794682566,348.8649559212232,350.44354248046875,6778200
2019-07-02,350.2462541204507,358.13911513776964,349.65428864088415,357.5471496582031,6983100
2019-07-03,353.9953567808037,357.5471496582031,352.8114258216706,357.5471496582031,4881300
2019-07-04,360.70429760011575,366.42664278354613,360.30967802243543,362.4801940917969,5659500
2019-07-05,361.6909711151359,368.39990234375,361.4936612977599,368.39990234375,5476200
2019-07-08,368.99183740823224,369.781148873878,362.4802165355534,365.63739013671875,4661400
2019-07-09,363.07219104294484,363.8615025280988,359.7177436885245,360.50701904296875,5264100
2019-07-10,355.37664963861516,358.53382341310436,353.00878737310364,354.1927185058594,6944100
2019-07-11,355.9686220634925,360.11238110797603,354.98203685432793,358.73114013671875,4109100
2019-07-12,360.9016773494999,361.88826251688675,356.3632627351063,357.3498840332031,2725800
2019-07-16,354.19271033157713,358.13915939325466,353.60074477886104,357.3498840332031,3073200
2019-07-17,359.5204334854029,360.3097450490083,354.9820545828819,356.95526123046875,3440700
2019-07-18,353.20615326530054,353.20615326530054,347.6811169132377,348.4704284667969,5025900
2019-07-19,351.82486982584425,354.78469777202554,349.2596976493912,353.99542236328125,4530000
2019-07-22,355.7712908905333,356.16594662893453,352.4168074408964,353.6007385253906,2851800
2019-07-23,355.37664978932406,365.242754610043,354.19271865606623,363.46685791015625,6063000
2019-07-24,370.965094417044,371.7543697827792,367.4133010751703,368.9918518066406,6029400
2019-07-25,368.9918679265898,370.1757990922695,364.650799029335,368.39990234375,3793200
2019-07-26,365.0454533561357,366.82135009765625,363.26955661461506,366.82135009765625,3297000
2019-07-29,370.96509893685544,374.7142021331641,369.9784776196328,373.9249267578125,5686800
2019-07-30,373.9249284481881,374.91151363916,371.7543759927704,372.7409973144531,3665100
2019-07-31,367.41332620456706,371.9517050313366,359.71777343750006,359.7177734375,7695900
2019-08-01,354.9819685646741,359.1257268120022,350.0488989450043,351.43017578125,6542100
2019-08-02,337.6176887235369,338.998965823752,333.8685854459063,336.631103515625,8505000
2019-08-05,332.68460942223277,333.0792651305967,324.1997826727079,327.5542297363281,6717900
2019-08-06,319.4640712257625,326.76496726727106,317.8854844610952,326.5676574707031,7382100
2019-08-07,325.1864022907934,325.3837482312919,320.25336800040776,323.21319580078125,4824300
2019-08-08,322.8185784509154,323.4105440814065,317.8855435737277,319.26678466796875,4627800
2019-08-09,323.0158302971019,324.00241530664726,318.4774164087988,320.45062255859375,3605400
2019-08-13,316.8989276193211,317.29358342336974,312.75516813431443,315.7149963378906,4676400
2019-08-14,323.2131740598457,323.80513958010187,314.53100105251985,315.3203125,4560900
2019-08-15,307.8220959768363,311.1765795791286,305.8488894564526,310.38726806640625,5881500
2019-08-16,308.8087165632373,310.78192307889805,307.4274394846349,309.5979919433594,3500400
2019-08-19,313.1498083269542,313.5444641113281,309.59801465972976,313.5444641113281,4544700
2019-08-20,316.1096310624344,319.069459068637,313.93907848098155,317.09625244140625,5504100
2019-08-21,314.9256423069819,315.12295209443255,311.7685050542401,314.72833251953125,2925000
2019-08-22,313.74177285028,315.5176696777344,311.17660058752807,315.5176696777344,2998200
2019-08-23,317.2935485839844,320.25337646256634,315.32034204183356,317.2935485839844,3975300
2019-08-26,306.83544129979566,310.58458025093626,304.27026948904717,309.99261474609375,6634500
2019-08-27,312.95247478472885,313.74175016295214,308.4140600658454,308.8087158203125,4437300
2019-08-28,308.01939309778373,309.9926356675714,306.440842398805,308.6113586425781,3444600
2019-08-29,308.6113378143232,310.58458025093626,307.42740680463817,309.99261474609375,3571200
2019-08-30,312.9525146484375,313.93909996420956,311.3739275602005,312.9525146484375,4093500
2019-09-02,314.33372339090613,315.71496436914117,313.14979222935847,314.13641357421875,3940200
2019-09-03,314.9256504900555,320.64799578187746,314.9256504900555,320.0560302734375,5321700
2019-09-04,320.8453437302591,325.7783781770062,319.06944699374475,325.3837585449219,5089800
2019-09-05,328.9356188495939,333.47399845563234,328.54096300661354,332.6847229003906,6561900
2019-09-06,335.4471604064356,339.39357335885865,334.85519485050116,335.64447021484375,6444600
2019-09-09,333.47389709301785,339.985517803969,332.48731198152757,339.7882080078125,3698700
2019-09-10,344.7212460058082,350.04893574097315,343.9319706812051,349.45697021484375,7004100
2019-09-11,355.9685321375962,361.4935668882968,355.9685321375962,359.52032470703125,9064800
2019-09-12,360.30964678761575,363.26947401716706,357.5471293298,361.6908874511719,6409500
2019-09-13,365.04544554412877,367.41330781548373,362.6775832727738,364.2561340332031,7590600
2019-09-17,356.9552491124677,365.63742310238916,350.04897188429976,365.2427673339844,8243100
2019-09-18,361.49366399163085,366.22938868964036,361.099008223226,365.2427673339844,5420700
2019-09-19,365.24271763252676,369.7811318941121,365.24271763252676,368.2025451660156,4506600
2019-09-20,367.8079683967807,370.9651425306223,365.440105861757,366.4267272949219,4761000
2019-09-24,362.6775688992438,368.99184395213763,360.7043263308437,363.6641540527344,6650400
2019-09-25,358.73107080253317,365.63734658542404,355.96855326323595,363.8614501953125,5593500
2019-09-26,370.3731598806789,370.76777953124275,365.24277924692944,366.2294006347656,4889400
2019-09-27,370.2187579334486,371.8145040397803,363.23725001431444,367.4261474609375,4769400
2019-09-30,366.4287727005305,370.01925616691875,359.2478057677539,360.04571533203125,4986900
2019-10-01,360.0457562876002,369.8198391053735,359.4473423084653,368.02459716796875,5204100
2019-10-02,363.83562690300863,367.027155315116,363.2372130429708,366.4287414550781,3199800
2019-10-03,358.64934862692405,365.431396484375,357.45252094905413,365.431396484375,4434600
2019-10-04,366.02985560301875,367.8250973419039,361.24254429932495,363.6361999511719,3592200
2019-10-07,368.0245896482696,368.4235444676381,362.0404499791921,363.4367370605469,2667300
2019-10-08,367.6255944869227,371.01661876871054,365.2319388819633,365.8303527832031,3888900
2019-10-09,362.6388834150739,363.63625225489585,357.45261658200855,358.6494445800781,5131800
2019-10-10,358.0510193877527,364.83306884765625,353.2637075451341,364.83306884765625,4632600
2019-10-11,372.61245206863646,373.0113703742418,367.42618537714867,372.0140380859375,6301800
2019-10-15,379.59386677305247,385.7775013419046,377.5991659738373,378.9954528808594,8508000
2019-10-16,384.3812329901675,386.5754297507195,380.19233514457153,382.18707275390625,5789100
2019-10-17,379.9928738290381,385.77755442429617,377.9981727553552,384.9796447753906,4141200
2019-10-18,386.9743786114898,388.37066569706514,384.181767916049,384.7801818847656,3621600
2019-10-21,381.9876103024791,386.37600420527167,380.99027793535754,385.5780944824219,3322200
2019-10-23,387.97162345231266,395.5515441894531,386.7747957845685,395.5515441894531,8340000
2019-10-24,395.9505763252276,397.5463225113206,392.36009262008486,394.15533447265625,4626900
2019-10-25,394.95313035558104,397.14732658787267,393.1578888539647,395.5515441894531,3826800
2019-10-28,399.7405484793172,403.92944644242385,399.3415936414003,400.5384216308594,5142300
2019-10-29,402.13416628367565,404.3283628974862,398.94263745618696,400.13946533203125,3851700
2019-10-30,399.5410789278672,400.1394929070281,395.35218107374084,399.3415832519531,4126800
2019-10-31,399.9399903891486,400.93735917878456,381.1896982043071,391.56219482421875,9358500
2019-11-01,384.78018930671436,397.14742374016964,381.3891645771482,396.1500549316406,6704100
2019-11-05,406.5225209631735,406.92147576123153,401.73520948362966,402.9320373535156,7844400
2019-11-06,403.92939398613373,409.7140740253888,403.92939398613373,408.7167053222656,6723000
2019-11-07,405.5252380371094,407.7193983823601,401.9347539911073,405.5252380371094,4225800
2019-11-08,410.91100897123476,412.10783711724395,402.9321303149763,403.3310852050781,4545300
2019-11-11,403.72999863094697,408.3178150366024,398.3442725270354,398.5437316894531,4315200
2019-11-12,398.54363775760055,402.5330757357413,398.14468300250127,401.9346618652344,3693600
2019-11-13,404.1289175083761,406.52257355783206,399.54110109644745,402.13421630859375,5918400
2019-11-14,400.53838158631675,401.5357503192495,391.76166822394595,392.95849609375,5140800
2019-11-15,391.1632956297651,399.94000991971706,390.96379994752175,397.745849609375,5095800
2019-11-18,398.1447402466377,399.1421090156428,392.9585103061056,394.35479736328125,3981300
2019-11-19,394.55421287787874,397.1473640856856,393.15792597510335,396.5489501953125,3459600
2019-11-20,389.5674508162371,390.564819495905,379.194955339978,379.9928283691406,8553900
2019-11-21,377.0007708779527,380.19229962067556,372.6124142911728,374.2081604003906,7330200
2019-11-22,374.00871227791833,377.7986550542385,372.2134704589844,372.2134704589844,4366500
2019-11-25,376.00346686118746,379.7934467023256,376.00346686118746,378.59661865234375,3801300
2019-11-26,383.982369437457,387.5728538170562,379.7934709945913,381.18975830078125,5789100
2019-11-27,379.1949968823169,380.99023878782344,376.60184533594736,377.9981689453125,4131000
2019-11-28,381.98752920419037,382.38648398091476,376.80129972820384,379.9928283691406,2618100
2019-11-29,379.9929077081168,380.39186256813923,374.40772228927125,374.806640625,3113700
2019-12-02,377.0007615284864,384.3811875423772,377.0007615284864,383.9822692871094,4452000
2019-12-03,376.0033898601394,384.1817253682865,375.4049759576966,383.1843566894531,3820500
2019-12-04,381.58863055519294,383.5833314927169,380.591261824287,381.987548828125,3335400
2019-12-05,387.17386069138416,391.76171356470667,385.3786186789048,391.1632995605469,5194200
2019-12-06,392.95861308767473,394.3549005100609,390.56495663541335,392.3601989746094,2713500
2019-12-09,396.5489501953125,398.1446962201171,393.35738509713264,396.5489501953125,4543500
2019-12-10,396.74848910245026,396.74848910245026,393.7564190488873,394.9532470703125,3672300
2019-12-11,394.9531970353273,395.352151833358,390.9637586278846,392.95849609375,3538800
2019-12-12,393.7563862938826,394.7537550702007,390.3653616738327,390.9637756347656,3984600
2019-12-13,398.9426302598642,402.5331138226301,398.54367546701656,402.3336181640625,7707000
2019-12-16,403.72996329327407,405.72466431573673,400.7378934974353,401.5357666015625,2815500
2019-12-17,404.1288321411843,406.3230285644531,401.9346722422006,406.3230285644531,4174800
2019-12-18,404.92681080011334,405.32572910933004,396.54901496648546,396.74847412109375,4183200
2019-12-19,392.36006072584803,396.3494623910783,391.36269204739745,393.75634765625,3070200
2019-12-20,396.748459932469,398.94265665185634,392.5595621654595,395.3521728515625,2630400
2019-12-23,395.55163495012823,396.3495080702718,391.9611511230469,391.9611511230469,1986300
2019-12-24,391.9611338951754,394.95320361956607,389.16852331098124,389.7669372558594,2222400
2019-12-25,390.76431034442055,392.36009305657785,386.7748718261719,386.7748718261719,1852800
2019-12-26,390.56477441527966,396.3494171265219,389.5674058507322,395.5515441894531,3615300
2019-12-27,398.7430831887314,400.3388656300796,396.5489234216958,399.9399108886719,3386700
2019-12-30,395.7510628497094,396.9478906975657,392.55953409685515,395.15264892578125,2323500
2020-01-06,388.9690419462856,390.76428367834535,380.99020197855987,383.78277587890625,5199600
2020-01-07,385.1790771484375,386.7748231354186,381.7880530086048,385.1790771484375,3354300
2020-01-08,377.99816134559796,378.99549359019,372.8118948814197,373.4103088378906,5089800
2020-01-09,382.9848963481571,384.78013804978906,379.19495381947377,379.5938720703125,3402000
2020-01-10,381.1897143126071,384.3812434403036,380.5913003183958,383.3839111328125,2865000
2020-01-14,382.98497549495346,386.1765047826469,380.59131939811,385.3786315917969,3104100
2020-01-15,384.78012729353605,384.78012729353605,377.59916068774686,378.39703369140625,3428700
2020-01-16,377.3997690866904,379.59392937037165,375.40503143424564,379.39447021484375,2134800
2020-01-17,380.7907063254733,384.5806854426794,379.7933741571867,383.78277587890625,3020100
2020-01-20,385.9770202636719,388.96909018819645,384.9796514474,385.9770202636719,2814900
2020-01-21,384.97963872267576,386.5754214711072,379.9928678547261,380.7907409667969,3223500
2020-01-22,376.003425547241,380.99023289042793,375.0060932980353,380.5912780761719,2459100
2020-01-23,372.61244684510433,373.4103199694208,370.2187909478644,371.4156188964844,4156200
2020-01-24,371.61504490756056,371.61504490756056,367.4261474609375,367.4261474609375,3846600
2020-01-27,355.4579256808981,360.44469697528217,355.2584665168965,359.8462829589844,4952100
2020-01-28,355.2584721190404,355.65739045333424,352.0669062989283,353.6626892089844,4170000
2020-01-29,367.62564683816106,368.62301565701847,363.0378306248577,365.03253173828125,7496100
2020-01-30,364.0351170562716,365.8303587894657,358.0509779456245,360.04571533203125,3930600
2020-01-31,358.64940249497243,362.63884086183435,352.0668492780084,353.8620910644531,6714300
2020-02-03,341.69438937581185,349.67323042640265,340.0986065559771,348.0774841308594,7637700
2020-02-04,343.48966372742484,348.27697611386975,342.2928356308136,347.8780212402344,3903600
2020-02-05,355.0589231867839,356.05629192155095,348.0774516162789,350.8700256347656,4760400
2020-02-06,360.04578854351126,360.24524771299525,357.0537183797821,357.45263671875,4204800
2020-02-07,357.05369826551333,358.84894026261765,355.05896058586944,358.6494445800781,3109800
2020-02-10,351.2689871755587,354.2610569129996,350.07215928058235,351.8674011230469,3882600
2020-02-12,356.0562987554641,356.2557578965306,350.27161842164884,351.8674011230469,3931500
2020-02-13,354.859497197647,355.05895635351703,347.08011530292623,348.0774841308594,5044800
2020-02-14,345.0853734704092,347.0800743667199,342.29276299614446,346.880615234375,4826100
2020-02-17,342.29274731964824,345.0853576660156,339.8990917439864,345.0853576660156,3379500
2020-02-18,343.88854829793416,346.0827083436266,341.89381086184784,343.4895935058594,3786300
2020-02-19,347.67847209288084,349.0747590028294,345.0853573960377,348.2768859863281,4294500
2020-02-20,352.6652423635132,355.6573118307497,348.07742686327424,348.2768859863281,5857500
2020-02-21,346.68111126119874,349.07476688906496,344.2874556333325,345.4842834472656,3560100
2020-02-25,328.1303167492422,330.52397264412855,325.33774255473503,329.127685546875,8440500
2020-02-26,329.5266289832895,329.5266289832895,317.7578090653648,324.3403625488281,6119700
2020-02-27,320.5504178666176,320.7498770084021,315.36415146161926,317.1593933105469,6220800
2020-02-28,309.7790067289188,314.36682325173064,304.39326222532816,307.9837646484375,10683000
2020-03-02,305.39062649151634,319.15413063817795,300.40383692268193,310.975830078125,9244500
2020-03-03,320.7499212036493,322.5451632999384,310.97583752084006,311.374755859375,7195800
2020-03-04,306.5874208800091,311.1752736274858,304.99165633340385,309.1805725097656,4151400
2020-03-05,314.3667780191297,315.5636059005785,310.3773760971592,313.36944580078125,4913700
2020-03-06,305.390634896743,307.38535443160646,301.6006732591465,302.9969787597656,7611600
2020-03-09,295.01809520049824,295.01809520049824,281.65351008780647,282.65087890625,9774900
2020-03-10,276.2677617355136,277.66406701044747,264.4989603849521,273.07623291015625,15381000
2020-03-11,273.2757314839337,282.650896699466,272.0789034361761,273.8741455078125,8957100
2020-03-12,264.69846907587424,266.693170261988,251.93229747887386,252.13177490234375,12492300
2020-03-13,228.19518717782964,245.54919133418363,228.19518717782964,234.77774047851562,13984200
2020-03-16,239.1660997954251,242.55712431381406,227.3972983372806,227.99571228027344,10793700
2020-03-17,219.41844500612248,233.18196602926045,217.62320313353925,226.9983673095703,12567300
2020-03-18,229.9904639036881,247.94288472196,226.79891633750194,240.56243896484375,12720600
2020-03-19,246.54654595976191,253.32857677419184,235.77509492268493,252.5306854248047,12793800
2020-03-23,254.32592040126764,257.71692658590325,238.1687442816577,246.54653930664062,12864300
2020-03-24,258.3153589998777,261.30742886575325,247.54390748272553,260.7090148925781,10304100
2020-03-25,280.4566929539657,289.23344393229985,274.6720302844495,287.4382019042969,11274000
2020-03-26,279.2598480610068,280.2572168577288,257.31800846530086,260.7090148925781,11593500
2020-03-27,272.67727891111605,273.27569285039584,257.9164078295956,262.5042419433594,8302800
2020-03-30,256.6303113600661,270.8087688967996,254.19971652017276,270.6062316894531,8369400
2020-03-31,270.2011398320741,273.4419393688799,259.87111101147195,260.478759765625,6279900
2020-04-01,258.0481516471669,271.4164235597888,253.79461058405994,261.0863952636719,7013700
2020-04-02,255.21250434424923,262.09919715073494,252.57935327683433,257.2380065917969,7386900
2020-04-03,262.5042344770635,265.745033676621,253.59205985823846,255.82009887695312,6140700
2020-04-06,253.38951721191407,278.9107635498047,249.9461806333624,273.4419250488281,8316600
2020-04-07,279.51843668737166,280.73373423818634,265.5425148530031,272.6317443847656,7791600
2020-04-08,275.8725254332361,279.9235108148098,269.79603808889163,276.2776184082031,6306900
2020-04-09,276.68272482887545,284.3796024752302,275.26487162666507,279.31585693359375,5192700
2020-04-10,279.31587423052207,284.17706431745773,275.46744444101034,282.1515808105469,3933000
2020-04-13,279.51844907610604,280.12609787844536,269.79606823867624,270.4037170410156,4919700
2020-04-14,269.5935082026097,278.3031470800329,267.16291303160506,277.2904052734375,5605500
2020-04-15,275.4674897127221,277.08788049334765,264.5298102195636,265.3399963378906,5371200
2020-04-16,259.87112973181894,264.73232011522924,255.41505090967263,256.8328857421875,6346800
2020-04-17,261.8965772121609,270.40365860652344,259.6685382663879,269.9985656738281,5518500
2020-04-20,265.94760267478665,271.2139043217118,264.3272121532543,269.7960510253906,4344300
2020-04-21,266.7577911516942,269.79603478667934,262.7068058197032,264.9348449707031,4926300
2020-04-22,262.30169430572687,270.40368351367636,257.44050448975065,264.9348449707031,5839200
2020-04-23,266.5552502121596,279.92352294921875,264.1246551690579,279.92352294921875,7182300
2020-04-24,278.1005539559688,279.315851378273,274.2521244813166,276.48016357421875,4589400
2020-04-27,278.7081937386261,291.2662790627797,277.89800784568916,290.65863037109375,6480900
2020-04-28,294.5071284352183,296.53263072807243,286.4051563517433,289.2408447265625,5995800
2020-04-30,300.1784892940599,304.83712363484454,287.4178652552436,289.6459045410156,9614400
2020-05-01,282.75927681993255,282.75927681993255,266.1502017329024,269.1884460449219,10164300
2020-05-07,264.327223949973,268.78332126301984,260.6813312058354,267.5680236816406,5766600
2020-05-08,270.6062762874236,277.89806200884544,265.5425300217795,277.4929504394531,5252700
2020-05-11,283.3668912320364,296.1275157911464,283.3668912320364,293.29180908203125,5970000
2020-05-12,289.4433469720621,289.8484399381025,279.9235046463908,283.56939697265625,6097200
2020-05-13,279.9235630258337,291.8740027280052,279.51846997530913,287.822998046875,8991000
2020-05-14,282.15160917293076,283.16435102818883,276.07512095344174,276.6827697753906,6535800
2020-05-15,283.36680757947835,284.98719768921154,278.70815588005405,281.74639892578125,4320000
2020-05-18,281.94904346955127,286.60767809268185,280.5311900868725,284.379638671875,3971700
2020-05-19,295.7223975383398,296.1275090841634,290.45611433835376,294.70965576171875,4711500
2020-05-20,293.4943803599478,298.7606639573397,289.8484874362217,298.15301513671875,3918000
2020-05-21,304.2294964882116,306.66009171593095,298.76065722584315,299.57086181640625,4252800
2020-05-22,300.1785502980701,305.2422972064197,292.6842078407483,293.8995056152344,4547700
2020-05-25,301.79891560306424,304.8371597821017,297.74792954567124,302.8116760253906,6951000
2020-05-26,305.03970919545,314.9646276100786,303.21676272615446,313.951904296875,6627300
2020-05-27,321.64871635681067,325.90225747967503,314.7620430919611,325.0920715332031,7099800
2020-05-28,332.7890087029848,333.1940831820012,319.6232722002761,323.2691650390625,6923400
2020-05-29,318.61044523083456,320.63596555430115,312.5339584362991,314.5594787597656,8141100
2020-06-01,313.3442036953758,316.78752173198416,310.1034043263845,312.12890625,6104100
2020-06-02,310.71101285449873,317.1925922100361,308.6855111929087,315.977294921875,4336800
2020-06-03,324.8895355579361,326.9150189758102,320.02834568468984,323.06658935546875,4594500
2020-06-04,327.72518316824323,329.7507035395818,316.3824322756519,321.2436218261719,5111400
2020-06-05,325.9022682367967,331.1685697825283,322.0538385041101,330.7634582519531,6004800
2020-06-08,336.0297905395216,336.4349021071587,328.7380048496948,335.2196044921875,6402300
2020-06-09,335.2196157197833,336.2323390408854,326.71253213005537,329.14312744140625,4966800
2020-06-10,322.66151320976024,329.7507615814096,321.04110404505593,329.5481872558594,3329100
2020-06-11,320.02834218136405,321.4461768495614,308.88810932913674,309.4957580566406,7191300
2020-06-12,297.14026089584263,310.3059786124266,295.5198702897311,308.4830322265625,7088400
2020-06-15,303.21676148988394,308.685600875473,297.95047789249196,298.15301513671875,4033500
2020-06-16,309.90087990874457,324.07933917591026,308.4830265644403,321.851318359375,7671300
2020-06-17,320.6360380875947,330.3584191582185,315.57227322135117,320.2309265136719,7555200
2020-06-18,319.62324987797746,324.0793284515266,315.7748200684549,323.4716796875,4420500
2020-06-19,326.30737408309557,326.7124856066137,316.5849942221467,319.8257751464844,5459100
2020-06-22,315.7748107910156,321.6487239454059,313.1416414989713,315.7748107910156,2929200
2020-06-23,319.82579773013964,322.4589671870382,314.3569586721883,319.6232604980469,4789800
2020-06-24,313.74929408926914,314.76205437461294,310.3059573334179,312.53399658203125,4375800
2020-06-25,308.2804682988357,308.2804682988357,300.58357186229716,303.8243713378906,5082900
2020-06-26,310.50851702456254,312.73657484531014,307.8753662109375,307.8753662109375,4223100
2020-06-29,300.58357839058374,304.2294709258225,299.3682808788375,302.4065246582031,4323300
2020-06-30,310.91361540582903,316.5850101242466,305.8498880032119,307.065185546875,5717100
2020-07-01,308.0779001336349,309.0906418159996,298.55807639629796,300.178466796875,4349700
2020-07-02,299.7733449553864,306.6600174024172,297.95039897635496,301.798828125,4568700
2020-07-03,301.7988984462767,304.6346052148201,298.3555614204394,302.2040100097656,2460900
2020-07-06,302.4065196446305,311.9263438141584,301.596333679544,311.3186950683594,4023000
2020-07-07,310.71104464263806,312.53397221741426,306.05239219876125,307.4702453613281,3654900
2020-07-08,299.9758821459685,307.2676660620944,299.16569629570927,301.798828125,5451300
2020-07-09,298.55809093337973,303.4192809157741,296.7351446899818,301.19122314453125,4024500
2020-07-10,301.1911934024564,302.8116022658876,296.9376525878906,296.9376525878906,3989100
2020-07-13,303.01418137006397,308.88813186037714,302.4065325982363,304.8371276855469,4165800
2020-07-14,304.8371397453196,306.8626419128663,301.79889576598424,302.6091003417969,2432400
2020-07-15,306.66006333877397,310.91360459367627,302.81163361365077,305.0396728515625,3254400
2020-07-16,306.0524464009808,311.31872993980295,305.03970455919927,306.66009521484375,3954000
2020-07-17,306.05241312692567,307.4702663864468,299.57083266505583,301.19122314453125,3656700
2020-07-20,302.60909113664576,303.01418414024465,296.3300475890336,298.55810546875,4210500
2020-07-21,295.722410888209,295.9249666702649,291.4688692728254,294.1020202636719,6232200
2020-07-22,294.10200165652833,296.73515248078155,289.44336731574367,289.6459045410156,5460300
2020-07-27,281.138815309164,285.79746808555666,279.92351780992556,285.1898193359375,7938000
2020-07-28,284.3796607574884,290.051056184688,281.1388607213785,287.822998046875,4682700
2020-07-29,285.7974931671206,289.6459232231347,282.3541375877777,288.22808837890625,4930500
2020-07-30,292.68411600350635,295.92491523324185,287.82292643088635,288.0254821777344,5001900
2020-07-31,284.5821689355574,287.0127639199352,274.04958448859753,275.4674377441406,6394500
2020-08-03,282.55668161304425,294.9122129401706,282.55668161304425,290.45611572265625,6546300
2020-08-04,293.89941190550746,309.09062924286945,293.291763212013,308.8880920410156,8486100
2020-08-05,302.0014268484285,320.4334264530581,296.33003236948275,315.7748107910156,12757500
2020-08-06,316.9900987487134,320.83852832941363,310.1034069845626,313.1416320800781,7559100
2020-08-07,312.3314503030905,318.4079376630728,310.30594833510713,316.5849914550781,7225500
2020-08-11,324.0793154258212,329.14307964780653,321.24364603296266,328.5354309082031,8204100
2020-08-12,329.14307314079184,333.39661423392477,328.3328501120479,331.37109375,6570300
2020-08-13,334.00425471957897,334.2067919277996,326.104821455831,328.94049072265625,4937100
2020-08-14,327.72525545115747,331.5737227527571,324.68701131196894,329.14312744140625,4894500
2020-08-17,329.345646016738,333.1940760122208,327.92781119481043,330.5609436035156,4186200
2020-08-18,329.95325622558596,330.1557934370513,325.4971779578055,328.13031005859375,4763700
2020-08-19,324.6869237431686,330.15576171875,323.6742006952003,330.15576171875,3610200
2020-08-20,325.49721987383106,331.7762451171875,324.2819222726692,331.7762451171875,4224300
2020-08-21,332.78891404614143,333.39656267976926,327.11750207366237,327.5226135253906,4632000
2020-08-24,327.52266646055415,328.1303151923919,321.85129065938014,325.0920715332031,3080100
2020-08-25,330.15576171875,332.18128199054905,328.1302785348821,330.15576171875,5675100
2020-08-26,326.1048517346957,333.3966369628906,324.6869798816995,333.3966369628906,3861300
2020-08-27,331.1686018346198,332.99154826673697,328.3328950220131,328.7380065917969,4010700
2020-08-28,330.15581087103203,337.6501702341428,327.9277901634578,330.9660339355469,8932200
2020-08-31,336.63742600545936,340.48585593770116,335.219591206831,335.8272399902344,7737600
2020-09-01,337.2450881544928,340.0807949520721,333.19408374194234,335.2196044921875,4646100
2020-09-02,337.2450429244007,339.0679891023704,333.39661335577625,337.8526916503906,4455900
2020-09-03,342.9164482376133,343.32155978584734,338.8654811070252,339.8782043457031,4523700
2020-09-04,333.8016958636916,343.7266500204691,333.3966214285133,342.5113525390625,5652600
2020-09-07,340.4857927274798,347.57503958039985,340.28325553325857,344.3342590332031,5912400
2020-09-08,346.9674338195789,348.58784283754045,342.51135538010476,347.9801940917969,5294400
2020-09-09,347.16997907148027,361.3484748588421,345.9546815518742,359.93060302734375,10249500
2020-09-10,374.1091448901793,379.5779844019516,370.868326380131,378.76776123046875,11225400
2020-09-11,379.57793026868245,390.11049620439024,377.9575212447519,389.907958984375,8863800
2020-09-14,376.5396861008069,382.4135992659984,371.8810333422617,375.9320373535156,9704100
2020-09-15,369.2479219413396,380.59067447134464,367.2224012776015,377.7550048828125,7125000
2020-09-16,374.31166046568984,376.9447929006916,366.0071145104604,367.222412109375,7049400
2020-09-17,369.65301259492975,375.12185186827475,368.23517773856105,368.6402893066406,5904300
2020-09-18,373.7040006767199,379.7804884926015,372.69124034476016,375.5269470214844,5750700
2020-09-23,378.56518812314755,387.8824570091183,376.9447790216116,381.80596923828125,7597500
2020-09-24,380.9957489013672,390.5155912471935,376.53967063358675,382.8186950683594,7107900
2020-09-25,384.84421449977975,388.28756994487907,381.19832182424096,382.008544921875,5229000
2020-09-28,383.02123835405433,384.03399860331155,366.6147225909382,373.2988586425781,9014400
2020-09-29,373.7083977303532,382.7183664204413,373.29887926363824,381.8992919921875,4578300
2020-09-30,381.69446661505646,381.69446661505646,372.0702209472656,372.0702209472656,4852800
2020-10-02,378.827685571297,382.7183356613409,372.070218970535,374.73223876953125,5442900
2020-10-05,381.4897873218243,388.6568113908273,380.05639750595526,383.3327331542969,4318800
2020-10-06,387.4281175754224,387.83763603032963,378.0085931953914,380.05633544921875,4902900
2020-10-07,378.82774747032346,386.8138456670315,376.98480173262163,385.1756591796875,4645200
2020-10-08,393.366495962101,399.3048888587888,392.75218074847214,394.18560791015625,6678000
2020-10-09,396.0285032623606,402.9907289677991,395.4141881267389,401.96685791015625,5605200
2020-10-12,405.03850354709573,405.448059539856,393.77606994704195,397.2572021484375,4279500
2020-10-13,398.2810117347325,398.2810117347325,392.1378596900075,396.2333068847656,2963700
2020-10-14,389.0662814060917,391.11402373898,387.2233358033868,390.7044677734375,3978600
2020-10-15,391.93308959200374,395.61898071669344,388.451957698189,394.3903503417969,3477900
2020-10-16,398.2810434992653,398.2810434992653,388.2472401909193,389.0663146972656,4661400
2020-10-19,393.77607043036755,401.1478533401404,393.36651443710457,398.2810363769531,5677800
2020-10-20,396.8476580204854,402.99081062142176,393.9808409751059,402.3764953613281,3840300
2020-10-21,404.83374997904843,415.6866652334646,404.62899072720836,413.8437194824219,6246300
2020-10-22,410.1577691293918,412.81978900066576,408.3148236427817,409.9529724121094,4165200
2020-10-23,413.2294006347656,414.6627903748227,410.7721396547667,413.2294006347656,3687900
2020-10-26,411.3865321572418,415.27718360795353,409.9531046531633,410.772216796875,2888100
2020-10-27,409.13399474313115,410.56738462883914,403.1956009397737,404.6290283203125,4318800
2020-10-28,400.12394229419004,402.3764437907843,397.0523663873902,400.94305419921875,4868400
2020-10-29,395.20939141831815,404.42411845264286,394.18555785549563,401.96685791015625,5081100
2020-10-30,399.1001116716416,402.1716876016573,389.06627197037494,392.1378479003906,7214400
2020-11-02,390.4997314285435,401.96692418767947,390.2949346863553,397.6667175292969,6742200
2020-11-04,409.33874058738974,410.56737116193403,400.94312332455695,405.4480895996094,7127700
2020-11-05,402.37639753850493,411.79588340500106,396.6428023364836,403.4002685546875,6027300
2020-11-06,407.9053124680372,414.45802074893163,404.42418033524547,412.4102783203125,5653500
2020-11-09,416.91534501733264,425.51575953884554,416.7105482464564,420.1916809082031,5490000
2020-11-10,435.1399501906419,440.2592688658862,414.0484727327017,415.89141845703125,6779400
2020-11-11,429.8158975336541,432.0683616916483,422.0345588651338,429.4063415527344,6190500
2020-11-12,426.5395839856263,428.7920859516531,420.1916716202446,423.8775634765625,3502500
2020-11-13,419.37252722581536,421.6249913220405,414.6627648062839,417.1200256347656,3989100
2020-11-16,427.1538164741998,439.6449170063773,425.1061116715516,437.8019714355469,7745100
2020-11-17,444.7642182387296,446.4024046531694,435.1399339829865,436.9828796386719,4342500
2020-11-18,432.8874928473499,433.2970113516016,422.034577577787,425.3109130859375,5930100
2020-11-19,429.4063655542908,430.63499607089824,423.0584537167618,430.43023681640625,4896300
2020-11-20,427.3585915981499,434.93513273030027,426.7442764389263,434.1160583496094,3227100
2020-11-24,445.7880024082203,447.01663260549157,440.25916652049926,442.10211181640625,5212800
2020-11-25,458.8935095937629,470.1559437834192,457.66487904598836,466.8796081542969,11319600
2020-11-26,463.6032291366088,472.817957382512,460.53165305464097,467.6986389160156,5876100
2020-11-27,473.02269409657146,474.04656524007663,464.83183743300054,471.17974853515625,4936200
2020-11-30,477.11812839453955,478.14196201579443,465.2413434314748,466.0604553222656,6273900
2020-12-01,463.80797077462785,474.66088501729774,461.7602659626392,474.04656982421875,3547500
2020-12-02,479.575411255059,488.99489847617457,478.3467808568776,485.104248046875,6301500
2020-12-03,490.8378757711289,499.0287331230182,489.1996893028204,496.57147216796875,6720300
2020-12-04,492.0664587765378,495.7523498535156,488.38056769956,495.7523498535156,4396200
2020-12-07,501.69081633996916,507.0148570168389,489.19971418654205,490.4283447265625,5507700
2020-12-08,491.45220947265625,498.00491809723434,485.309056854248,491.45220947265625,3797700
2020-12-09,490.8378571867211,500.6669006347656,490.42830121144425,500.6669006347656,3829800
2020-12-10,499.02871350425164,499.6430287188629,488.9949108305432,490.2235412597656,4714800
2020-12-11,487.766262000199,492.88554276389124,473.4322533649664,478.9610900878906,7358700
2020-12-14,474.45612132314153,484.0804058497323,471.794101132734,480.5992736816406,4725000
2020-12-15,471.99882202339205,473.8417675811773,465.6509109337395,468.92724609375,5585100
2020-12-16,479.1659091273693,483.26135674639215,472.81799718848794,474.4561462402344,3906900
2020-12-17,483.6708710510196,485.71861359011734,477.7325151741891,483.2613525390625,4386900
2020-12-18,483.6708602460229,485.9233619907793,479.5754502489732,481.41839599609375,3834000
2020-12-21,486.12805216598673,490.6330550153627,477.1181214568786,480.189697265625,2973600
2020-12-22,471.1798133900893,473.6370744768694,457.86963667175405,461.35076904296875,5248200
2020-12-23,461.1459491294161,466.2652298885921,446.60714377998215,454.1836853027344,5015400
2020-12-24,458.68875834677857,467.9034876160565,457.8696463040676,459.9173889160156,2338200
2020-12-25,479.3706364981008,496.77625960003024,477.9372467994625,489.8139953613281,8950800
2020-12-28,490.2235687340605,491.86175522977675,479.16589425133736,481.41839599609375,4727400
2020-12-29,487.56148984722563,495.3427904026554,484.6946731982226,487.97100830078125,4854300
2020-12-30,484.2852357291813,494.52383698491013,483.2614018499907,491.86181640625,3569700
2021-01-04,493.4998669947841,495.1380533668948,480.1897292664172,491.65692138671875,3146700
2021-01-05,493.0904042313438,498.4144449262614,488.17588205460225,495.9571838378906,5046900
2021-01-06,504.3528409625946,518.6868515529833,504.1480817024614,516.4343872070312,7726800
2021-01-07,524.8298897908098,531.996912269621,524.2155746496209,528.1062622070312,6074700
2021-01-08,530.3587726848245,538.3448702223307,522.3726751473184,525.6490478515625,6190200
2021-01-12,536.0924246867827,537.321055119606,526.4681404647262,528.7206420898438,4661700
2021-01-13,540.3926245655997,555.1361895784256,538.7544381770108,554.3170776367188,8404200
2021-01-14,553.0884137333413,559.0268062244762,538.1400903875178,540.5973510742188,5942100
2021-01-15,549.6073669797238,556.9791496776866,529.3349645603261,529.9492797851562,7147500
2021-01-18,519.0963254424075,524.4204028170142,515.4104343741774,523.1917724609375,3655500
2021-01-19,524.830035700011,535.2733960036055,521.1441438281541,532.4066162109375,3654900
2021-01-20,532.2017751115245,537.3210939481093,517.0486903415797,520.52978515625,5340300
2021-01-21,525.4442857383252,530.7683636123418,522.5775063017849,527.2872314453125,3394500
2021-01-22,528.925342137046,540.802089160239,525.6490071811219,539.1639404296875,5286300
2021-01-25,548.3787327768995,549.6073632181511,526.6729033182379,529.3349609375,4756500
2021-01-26,526.2633789255672,528.925399020115,503.3289192831585,505.5814208984375,6798000
2021-01-27,511.9293878385077,514.5914457168117,491.0426683047669,496.1619873046875,6609600
2021-01-28,487.766318991107,505.3767023681552,486.9472444717657,494.7285461425781,7674300
2021-01-29,501.6906615926993,504.76223699531823,487.9709331311234,492.6806945800781,6039300
2021-02-01,494.72852396320303,509.4720896193398,494.72852396320303,508.65301513671875,4779300
2021-02-02,518.0724603526929,519.7106466781642,510.70067813030767,513.97705078125,5258400
2021-02-03,517.4581573788757,543.4641924958835,517.0486389089613,542.6450805664062,14351700
2021-02-04,552.8836958951979,579.5040094955805,552.6789366542525,565.9890747070312,13749600
2021-02-05,570.9035980728997,579.2992519031039,560.0507208598832,570.4940795898438,9410400
2021-02-08,580.7326215873284,604.0765991210938,580.5278623528507,604.0765991210938,10863900
2021-02-09,599.5716223258144,602.0288830730512,589.9473385675285,594.0427856445312,5916600
2021-02-10,595.0666966725042,611.6532078280832,594.2475847053076,600.80029296875,5571000
2021-02-12,593.6332866894242,593.6332866894242,568.036843111135,572.5418090820312,9125700
2021-02-15,582.7803682620395,586.4662594790977,570.289267474348,573.9751586914062,4863000
2021-02-16,577.2515367962342,587.4900986088003,574.3847199914068,579.094482421875,6241200
2021-02-17,578.0706431650744,594.2475987185313,575.613382195191,592.814208984375,5715000
2021-02-18,599.9811130982515,600.5954282183197,580.3230292560679,581.3468627929688,5483400
2021-02-19,573.9752262658715,597.3192067222085,571.9275211802585,596.090576171875,5995200
2021-02-22,606.3291061641933,627.6253790613456,606.1243469278636,625.57763671875,9719100
2021-02-24,631.7208445599446,646.054816404587,624.5538211427978,628.6492309570312,8829300
2021-02-25,645.0309392590211,646.0547728962168,624.5537790824059,639.91162109375,5098800
2021-02-26,629.6730839091167,635.8162359472544,619.4344846806123,625.57763671875,6492900
2021-03-01,621.4823164509844,632.7447509765625,606.3291934115215,632.7447509765625,5751600
2021-03-02,638.8879130711528,638.8879130711528,613.4962264601915,615.3391723632812,4778400
2021-03-03,616.3630101989944,632.7447641643084,614.3153050138916,630.697021484375,3646200
2021-03-04,639.9116446939124,654.2456910915284,632.7446589899289,648.1025390625,8222700
2021-03-05,645.0309630479858,653.2218574165732,630.6969166503698,648.1025390625,6488100
2021-03-08,657.317261609791,664.4842472538469,635.8162296879755,642.9832153320312,6744900
2021-03-09,646.0547233058205,652.1978746367464,635.8161627508242,650.1502075195312,5137800
2021-03-10,645.0309448242188,646.054778470248,636.8400506870449,645.0309448242188,4566600
2021-03-11,653.2218395111358,695.1999938990695,652.1979308745982,692.12841796875,13410000
2021-03-12,693.1524210122896,713.6295466769615,683.9376919662901,712.605712890625,8837700
2021-03-15,721.8204551665381,751.512385411076,718.748878761574,746.39306640625,10977300
2021-03-16,752.5361076696985,776.0848816137348,741.2736375243512,773.0133056640625,14378700
2021-03-17,759.703082297623,770.9655522810125,747.4167786756149,762.774658203125,9838500
2021-03-18,777.1087152670765,787.3472767694349,761.7508355187152,773.0133056640625,8692800
2021-03-19,763.7986365529525,806.8007031553236,758.679317913262,805.7767944335938,13175400
2021-03-22,820.1108508796269,843.6596269001875,814.9915321822041,832.3971557617188,15621000
2021-03-23,839.5641260826759,839.5641260826759,798.6098022460938,798.6098022460938,14379900
2021-03-24,756.6315478585897,773.0133369121529,732.058939267895,757.6554565429688,19638000
2021-03-25,757.6554625060036,802.7051952837354,757.6554625060036,781.2041625976562,13608000
2021-03-26,804.7528628943102,816.0153325369618,782.227998598651,813.9675903320312,12993900
2021-03-29,818.0631744781919,819.0870832941705,763.7987068590813,765.8463745117188,16315800
2021-03-30,775.3402808511933,818.5905807751457,771.1207676618072,817.53564453125,11885100
2021-03-31,802.7672965927246,817.5356311447894,796.43798828125,796.43798828125,8832900
2021-04-01,811.2063206552738,814.3709748025142,781.6695743683846,784.834228515625,9460200
2021-04-02,783.7793624838048,790.1086707211921,759.5169884864661,782.7244262695312,8484900
2021-04-05,797.4928553832028,828.0845382881676,784.8342386310885,827.0296020507812,8813100
2021-04-06,815.4259270713659,829.1394028918918,801.7123739887743,809.0966186523438,9072600
2021-04-07,814.3710880327687,840.7432611012719,804.8771242710056,835.4688110351562,15249000
2021-04-08,833.358967396678,850.2371757280304,829.1394539448752,848.1273803710938,9878400
2021-04-09,848.1273047932649,880.8287049703273,846.0175096243352,876.6091918945312,12865800
2021-04-12,886.1031525745474,894.5422559721355,819.6454161314563,823.8649291992188,19194000
2021-04-13,831.249204725125,843.9078216637712,813.3161383080208,819.6454467773438,9783000
2021-04-14,820.7002853005266,829.139388803181,792.2183978988907,796.43798828125,9168300
2021-04-15,809.0966268518928,841.7980282608876,806.9868316034825,831.2492065429688,11740500
2021-04-16,818.5906000681911,827.0296266458593,797.492879099886,812.2612915039062,10066500
2021-04-19,816.4807995000351,835.4687250698034,816.4807995000351,821.7552490234375,7081200
2021-04-20,806.9868428625534,836.5235904420623,803.8221885768179,832.3040771484375,6678000
2021-04-21,809.0965948310185,830.1942374318941,808.0416586175304,823.8649291992188,7186500
2021-04-22,842.8529182132332,857.6213309704373,837.578545791572,855.5115356445312,11339100
2021-04-23,858.676239708215,870.2799987792969,846.0176215441526,854.4567260742188,9332400
2021-04-26,853.4016684681926,863.9504887304184,833.358809529291,862.8956298828125,7566600
2021-04-27,861.84080996246,891.3776342979968,858.6761557309429,880.8287353515625,11738100
2021-04-28,871.3347524533797,879.7738559624365,846.0175191882736,857.6212768554688,8984400
2021-04-30,878.7189729445256,909.3105774611236,872.3896648014968,905.091064453125,15439500
2021-05-06,905.0911980601448,943.0670525242068,905.0911980601448,937.7926025390625,14019600
2021-05-07,929.3534698367168,964.1646658125726,921.969225242886,962.0548706054688,12882000
2021-05-10,963.1096747606299,978.9329447581323,914.5850058556425,931.463134765625,24241800
2021-05-11,916.6948035478192,966.2743315061867,915.6398673702807,943.06689453125,12663600
2021-05-12,948.3412862506052,966.2742730389438,888.2128637274624,904.0361328125,13614600
2021-05-13,889.2678901838743,913.5302664411353,880.8287859939421,891.377685546875,11720400
2021-05-14,909.310725251089,930.4084482442117,900.8716978634998,910.3656616210938,10522500
2021-05-17,925.1338911610684,932.5181358485943,895.5971441971628,901.9264526367188,9174600
2021-05-18,912.475210768622,935.682724939666,888.2129149471585,931.463134765625,7812300
2021-05-19,919.8595335670599,948.3414219970507,909.3106344923518,934.6278686523438,6955200
2021-05-20,924.0790946930168,929.3535445035076,907.2009634663461,921.9692993164062,7387800
2021-05-21,924.0790761696067,932.5181802448135,908.2558043173874,918.8046264648438,6664800
2021-05-24,928.298342529506,972.6034919248559,928.298342529506,970.4937744140625,13005600
2021-05-25,973.6586459437265,982.0976724004902,944.1218215588549,945.1767578125,10439100
2021-05-26,937.7924875271191,957.8353486553438,931.463179226009,939.9022827148438,6911400
2021-05-27,946.2315650545349,952.56087318199,915.639883351148,926.1887817382812,13165200
2021-05-28,940.9570762967617,952.5608331298828,932.5180506563634,949.3961791992188,6108900
2021-05-31,949.3962588896387,952.5609130859375,931.4631926899237,952.5609130859375,5586600
2021-06-01,948.3414563297025,975.7684094879157,943.0670066013984,973.65869140625,7612800
2021-06-02,976.8232105206433,1010.5794677734375,960.9999407890026,1010.5794677734375,9996000
2021-06-03,1014.7992046977968,1028.5126813619324,987.3721741074551,1004.2503051757812,9795300
2021-06-04,1011.6345879914913,1026.4029242533325,1004.2503425984975,1022.1834106445312,6264000
2021-06-07,1033.7870619412975,1050.6651918801292,1033.7870619412975,1046.4456787109375,8074500
2021-06-08,1049.6103822235661,1073.8726806640625,1039.0614829118063,1073.8726806640625,6825900
2021-06-09,1069.6532041933453,1071.7629995808866,1035.8968643030423,1040.116455078125,11078100
2021-06-10,1031.6773284690585,1084.4215939198639,1025.3480197054446,1078.09228515625,9777300
2021-06-11,1080.2019088806658,1107.6289368812706,1071.7628827743745,1103.409423828125,8736900
2021-06-14,1128.726806640625,1145.604938357802,1109.7388794855233,1128.726806640625,9008400
2021-06-15,1118.1777621827696,1147.7145854476328,1107.6289408807834,1143.4949951171875,7792500
2021-06-16,1137.1656978210374,1187.8001641768842,1128.7266716031056,1177.2513427734375,11420700
2021-06-17,1194.1295414198164,1204.6784406944155,1151.934176107626,1179.3612060546875,10800900
2021-06-18,1149.824276978462,1156.1535850668977,1069.6530669456306,1088.6409912109375,23700000
2021-06-21,1046.4456591886135,1101.2996384130186,1040.116350921872,1084.4215087890625,12247500
2021-06-22,1185.6904364958643,1196.2392578125,1149.8243049475882,1196.2392578125,19961700
2021-06-23,1215.2271056149732,1223.666208491319,1154.043822232128,1183.58056640625,14131800
2021-06-24,1170.9220411049996,1198.3490696236427,1162.4829375772483,1187.8001708984375,7681800
2021-06-25,1187.8002187328755,1192.0198092977125,1160.3732663717738,1175.1416015625,6921300
2021-06-28,1181.4708765406647,1202.5685969785202,1175.1415681355145,1192.019775390625,6122400
2021-06-29,1173.031783081702,1192.019707211107,1162.482884835103,1189.909912109375,7324800
2021-06-30,1185.690452963048,1192.0197612933455,1156.1536292469511,1187.8001708984375,6602700
2021-07-01,1181.4708445188144,1185.6904348492596,1128.7266607468193,1143.4949951171875,11097000
2021-07-02,1164.5927053039375,1166.702500451625,1103.4094186416282,1162.48291015625,18106500
2021-07-05,1143.4950586365615,1185.6905007125247,1135.0560320310228,1175.1416015625,10164900
2021-07-06,1170.9220277330942,1198.3490559385211,1166.7025146484375,1166.7025146484375,9491700
2021-07-07,1151.9341500528863,1170.9220756032087,1147.7146367957257,1154.0439453125,6992700
2021-07-08,1154.044103419826,1177.251545406794,1137.1658935546875,1137.1658935546875,8706600
2021-07-09,1118.1778393779412,1130.8364567190577,1073.8726786840332,1126.616943359375,15582600
2021-07-12,1145.6047230232653,1147.7145180646205,1103.4093630305715,1111.848388671875,10248900
2021-07-13,1126.6170475816227,1143.4951798438015,1116.0682245755204,1135.05615234375,8220600
2021-07-14,1126.6168082482016,1143.4949369248666,1090.7507558370166,1092.8604736328125,9617100
2021-07-15,1088.6409912109375,1107.6289154762446,1082.3116831225018,1088.6409912109375,8194200
2021-07-16,1080.2019873545914,1130.8364567190577,1073.8726786840332,1126.616943359375,9103500
2021-07-19,1109.7387759747141,1137.1657277991208,1105.519185492447,1120.28759765625,7569600
2021-07-20,1113.9583740234375,1130.8365054515868,1105.519269678327,1113.9583740234375,8209500
2021-07-21,1132.946320254401,1158.263556461203,1122.3974975889244,1128.726806640625,10546800
2021-07-26,1166.7025687086193,1177.2513905400815,1154.0439516060378,1164.5927734375,8432700
2021-07-27,1160.3731006451562,1164.592613345287,1147.7144852827075,1158.2633056640625,7040100
2021-07-28,1156.1538035219876,1164.5929083218232,1141.3854666998702,1145.60498046875,5640300
2021-07-29,1143.4949626272166,1160.3731689453125,1109.7387045151472,1160.3731689453125,8929200
2021-07-30,1160.373220442053,1248.9835371273207,1151.934116908482,1240.54443359375,26418600
2021-08-02,1301.7278005878186,1352.36226732674,1276.410489956293,1346.032958984375,25162200
2021-08-03,1329.1546380029968,1390.3379982445067,1316.4960224029683,1386.118408203125,20686200
2021-08-04,1388.2282101120654,1569.6684295522184,1362.910977377352,1462.0701904296875,62308800
2021-08-05,1512.7046676094058,1662.4983472907643,1455.7408935153278,1647.7298583984375,72452100
2021-08-06,1673.0471538830334,1719.462185674158,1592.8760162876956,1639.2908935546875,63771900
2021-08-10,1630.8516782471397,1677.2665501391796,1599.2051395652684,1607.6441650390625,29381100
2021-08-11,1601.3149148489683,1666.717712300504,1588.6562989213085,1658.2786865234375,27128400
2021-08-12,1685.7057538680842,1746.8891199642478,1660.388520245414,1700.4742431640625,36093900
2021-08-13,1708.9133783596665,1725.791586691019,1677.266834315969,1696.2547607421875,18000600
2021-08-16,1723.6815604722995,1753.2183837890625,1694.1448916796635,1753.2183837890625,25342200
2021-08-17,1759.5478883148521,1808.0726417788255,1748.998988555516,1765.877197265625,33214500
2021-08-18,1759.5476307570061,1778.5355548299235,1683.5959344653368,1744.779296875,39319800
2021-08-19,1717.3523157160269,1761.6574750670163,1673.0471563650374,1679.37646484375,27974100
2021-08-20,1649.839939129684,1668.8278662250734,1512.7048585993764,1538.0220947265625,55533000
2021-08-23,1538.0217799389457,1624.5223705107655,1516.924138992403,1607.6441650390625,45982500
2021-08-24,1658.2787477684315,1692.035006647533,1630.851797086919,1649.8397216796875,34156200
2021-08-25,1664.6083390473125,1673.0473665711872,1618.1934558797727,1656.1693115234375,21971400
2021-08-26,1643.5104840422805,1658.278818962657,1616.0833776591253,1639.2908935546875,14252400
2021-08-27,1677.266604197111,1759.547607421875,1668.827578451329,1759.547607421875,34259400
2021-08-30,1835.499213864361,1839.718803795075,1776.4257274549248,1808.072265625,32875200
2021-08-31,1776.4258570778106,1875.5849142301122,1767.9866766005894,1871.365478515625,30931800
2021-09-01,1873.4753873027641,1894.5730315976768,1816.5116086347748,1837.6092529296875,36537900
2021-09-02,1814.401856982128,1865.0363259721025,1805.9626758010415,1854.4874267578125,20191500
2021-09-03,1869.2555828424909,1892.4630970794883,1850.2676587915262,1886.1337890625,24417600
2021-09-06,1928.329235320122,2078.1227559918498,1911.4510290303563,2073.9033203125,42159000
2021-09-07,2105.550117877255,2105.550117877255,2023.2691032596206,2071.793701171875,39673200
2021-09-08,2035.9274720536189,2080.232628355647,2035.9274720536189,2073.9033203125,20331000
2021-09-09,2069.683663532286,2113.988818409124,2052.805457785452,2059.134765625,23068200
2021-09-10,2084.452392578125,2088.671983446672,2054.9157200707346,2084.452392578125,18680400
2021-09-13,2097.1106801212904,2097.1106801212904,2040.1469077329687,2073.9033203125,18503400
2021-09-14,2069.684021731457,2145.63572895096,2052.8058130635195,2101.33056640625,26718000
2021-09-15,2086.561987271931,2189.9406363224634,2082.3423969655796,2183.611328125,28465500
2021-09-16,2213.1484208901047,2259.5633018190492,2067.5743146104464,2122.42822265625,47920800
2021-09-17,2122.4279640414748,2211.0382788059674,2113.9889379528986,2183.611328125,31948800
2021-09-21,2078.1230598754846,2149.855331203297,2078.1230598754846,2122.42822265625,27364200
2021-09-22,2122.427982941472,2162.513704898452,2105.549930614022,2145.635498046875,19369200
2021-09-24,2234.2457517364364,2320.7463469849818,2206.818801570659,2318.636474609375,38105400
2021-09-27,2381.9293678872696,2384.039240096785,2141.4156798349536,2166.73291015625,49637700
2021-09-28,2130.8669702945663,2158.2939187313054,1913.5606369467953,1989.5123291015625,58555500
2021-09-29,1957.180040651834,2101.5974541046326,1952.8690188910741,2013.2225341796875,46417500
2021-09-30,2026.1558585792823,2028.3114488394924,1793.36347729208,1821.3848876953125,55127700
2021-10-01,1756.720576858183,1886.0496952067006,1739.476641787561,1789.0528564453125,57165300
2021-10-04,1782.5860233242583,1821.3847506188195,1610.147182724289,1644.6348876953125,73299300
2021-10-05,1603.6807530709914,1696.3665504227258,1508.8393655878115,1653.2569580078125,85427700
2021-10-06,1681.2783335206623,1689.9002210684166,1564.8821412000011,1588.592529296875,66076200
2021-10-07,1616.613662947759,1694.2111187692515,1571.3484803852218,1670.500732421875,57082500
2021-10-08,1687.7448397705684,1726.5435717193172,1579.9705317332296,1592.9034423828125,69910800
2021-10-11,1642.479698835744,1694.2113428935627,1612.3028538445335,1659.7236328125,41305800
2021-10-12,1646.7905033583327,1687.7446635142287,1631.7020039279278,1653.2569580078125,34413900
2021-10-13,1631.7020504312757,1644.634960098822,1597.214343941963,1607.9918212890625,23469600
2021-10-14,1592.903218687652,1627.3910808249575,1526.083242339309,1554.1044921875,36964500
2021-10-15,1551.9491368716513,1633.8576161640208,1517.4614308986468,1614.458251953125,38181600
2021-10-18,1601.5254868488248,1644.6350837330906,1588.5925762090562,1625.2357177734375,26355600
2021-10-19,1646.7906125199793,1752.409326171875,1631.7021120893955,1745.94287109375,39226200
2021-10-20,1765.342108154297,1786.8969042255674,1672.6563113881648,1681.2781982421875,41403300
2021-10-21,1674.8118652343749,1709.2995730268954,1648.946044921875,1648.946044921875,27422400
2021-10-22,1653.2569711986885,1689.9001092564874,1646.7905164976148,1674.811767578125,19961100
2021-10-25,1661.8790632501782,1702.833228786539,1659.7236307079852,1692.055908203125,15244500
2021-10-26,1741.6317138671877,1745.9427362103677,1700.6775541604693,1741.6317138671875,21942000
2021-10-27,1735.165190204308,1739.4762123758478,1636.012943238251,1668.34521484375,28993200
2021-10-28,1657.5678953633185,1679.1228503903792,1638.168530562425,1651.1014404296875,15171600
2021-10-29,1646.7903505476204,1786.8967497038295,1627.390988399307,1763.1865234375,45574200
2021-11-01,1810.607410011574,1842.939685190352,1780.4305672205687,1821.3848876953125,33974100
2021-11-02,1810.6073618982446,1851.5615234122747,1795.5190198399036,1834.3177490234375,24330000
2021-11-04,1858.0277844638867,1927.0033484416415,1644.6347962136379,1685.589111328125,68201100
2021-11-05,1687.744659636662,1700.6775689059084,1586.4368177367555,1605.836181640625,35541600
2021-11-08,1597.2143694534798,1679.1228512803673,1588.5924821615465,1666.18994140625,24970500
2021-11-09,1670.5005422264337,1676.9669961419843,1618.768910902029,1629.54638671875,17964600
2021-11-10,1638.1685791015625,1666.1899898925321,1616.6137813082653,1638.1685791015625,16202700
2021-11-11,1633.8577023637295,1668.34541015625,1629.5466796874998,1648.946044921875,11977800
2021-11-12,1657.5678721878446,1681.2782592371277,1636.0130753345898,1672.6563720703125,15942000
2021-11-15,1676.9671864742863,1683.4336411237662,1636.0130263183903,1653.2569580078125,10453500
2021-11-16,1657.5679451640433,1672.6564457107984,1597.2144165943416,1620.9248046875,16797600
2021-11-17,1636.01318359375,1646.790661669767,1614.4583853141594,1636.01318359375,10808100
2021-11-18,1612.3025707778481,1623.0800473552104,1541.1715726865839,1564.8819580078125,22445400
2021-11-19,1560.5710700816335,1599.3697996516667,1556.2602053776973,1569.193115234375,13767000
2021-11-22,1567.037478983119,1638.1684811055943,1562.726614405801,1631.7020263671875,17289300
2021-11-24,1627.3911614270555,1642.4795031891642,1597.2143200304079,1614.458251953125,11172900
2021-11-25,1599.3696796394077,1623.0800652216335,1586.4367707531794,1618.76904296875,9012900
2021-11-26,1607.991894683652,1616.613782231406,1567.0375736188298,1588.592529296875,13775400
2021-11-29,1567.0373147303037,1661.8786935767184,1567.0373147303037,1627.3909912109375,19768500
2021-11-30,1648.9460325846565,1653.2570552286313,1595.0589599609375,1595.0589599609375,16781400
2021-12-01,1625.235705517733,1653.2571169408886,1592.9034291621253,1636.01318359375,15299700
2021-12-02,1655.4124410705165,1745.9428089415603,1648.945986222585,1722.232421875,26613000
2021-12-03,1722.2323158450972,1795.5189048580278,1689.9000435959877,1758.8756103515625,30343800
2021-12-06,1806.2962845475968,1814.918329352788,1696.3665551970494,1735.165283203125,26621400
2021-12-07,1750.2538101083965,1793.3634033203125,1709.299491322916,1793.3634033203125,22064100
2021-12-08,1810.6071840048346,1849.4059093763667,1737.3207553716352,1767.4974365234375,32006700
2021-12-09,1756.7200693880623,1791.2077716942592,1743.7871612891868,1763.1865234375,13073100
2021-12-10,1752.4092164466228,1776.1196028726265,1737.3208748332179,1750.2537841796875,10713900
2021-12-13,1776.1197744781714,1797.6745728473975,1765.3422963573364,1786.8970947265625,12245400
2021-12-14,1782.5859349717562,1795.5188434289335,1761.0309822948486,1767.4974365234375,10978500
2021-12-15,1754.564808009209,1756.7203983442773,1676.967344885375,1733.010009765625,20568600
2021-12-16,1724.3878894174268,1830.0065917968752,1720.0768672013032,1830.006591796875,27848400
2021-12-17,1810.607410011574,1868.8055053333746,1806.296387363591,1821.3848876953125,24587700
2021-12-20,1819.2291980316525,1836.473129808931,1789.0525147619512,1799.829833984375,14466900
2021-12-21,1832.1622195112705,1849.40615234375,1814.9184445512294,1842.939697265625,15385500
2021-12-22,1853.7171750199793,1858.0280398237703,1801.9855343949794,1842.939697265625,16651800
2021-12-23,1855.8725356795276,1896.8266969670108,1845.0950583417975,1894.6712646484375,22021200
2021-12-24,1896.8269292528478,1916.2262961129536,1866.6502416076512,1890.3604736328125,17627400
2021-12-27,1905.4486673148638,1916.225986357817,1873.1163944411526,1881.73828125,13959600
2021-12-28,1886.049573182474,1888.2050057246768,1842.939817231277,1875.2720947265625,14480700
2021-12-29,1879.5831528477217,1901.1379522903553,1873.1166972276865,1890.3604736328125,13442400
2021-12-30,1894.671166406919,1903.293053106586,1875.2718029283496,1888.2047119140625,10527900
2022-01-04,1903.2929072231984,1970.113037109375,1901.137475181597,1970.113037109375,25912800
2022-01-05,1987.356762419257,2036.9329611887272,1961.4909470390826,1983.0458984375,27087000
2022-01-06,1972.2690429687502,2013.223210908976,1961.4915638802875,1972.26904296875,17653500
2022-01-07,2004.6008065275823,2013.22269285625,1970.1131033404943,2011.0672607421875,16549500
2022-01-11,2026.155538638845,2026.155538638845,1976.5794964413235,2002.4453125,17805300
2022-01-12,2015.3784458108175,2097.2867672374973,1995.9790815983254,2090.8203125,24747600
2022-01-13,2088.664794921875,2116.686045015984,2073.576453774651,2088.664794921875,18059100
2022-01-14,2084.3539799104274,2110.2198003762132,2064.954614561088,2105.908935546875,17109300
2022-01-17,2123.1525861874866,2129.619040924984,2082.198425474147,2090.8203125,15009600
2022-01-18,2090.8201152863667,2108.064045583994,2056.3324125635277,2077.88720703125,17388000
2022-01-19,2039.0887156525682,2056.332647923873,1866.6500244292536,1883.893798828125,35515200
2022-01-20,1862.3390625,1905.4488156449793,1763.1868039262295,1842.939697265625,35043900
2022-01-21,1761.0309991756756,1808.451769221502,1717.9214091534577,1804.1407470703125,31514400
2022-01-24,1765.3422943089215,1875.2720342475723,1761.031271491101,1866.650146484375,28354800
2022-01-25,1866.6500724953946,1879.5829825637868,1739.4764041987273,1756.7203369140625,31562700
2022-01-26,1789.0523786184572,1808.45174118948,1752.4090855823863,1778.27490234375,20133000
2022-01-27,1806.2963481151655,1830.00673535522,1720.0770021360017,1726.54345703125,28411200
2022-01-28,1765.3424654572646,1793.3637218086237,1724.3882972710535,1789.0528564453125,22710300
2022-01-31,1804.1406111706513,1933.469687240232,1773.96377413028,1918.38134765625,33400800
2022-02-01,1983.0462036573556,2041.2442972202869,1961.491248941315,1991.6680908203125,36427800
2022-02-02,2000.289977983269,2008.9120230186584,1955.0247941009893,1991.6680908203125,20825100
2022-02-03,1976.5799066693219,2043.3998927315424,1896.8268520211652,1989.5128173828125,74238000
2022-02-04,1980.8903317007798,2120.996885936581,1978.734899684737,2112.375,65168400
2022-02-07,2118.841561393247,2127.463447767151,1991.6679085479711,2000.289794921875,48012600
2022-02-08,2021.8450192198982,2073.57666015625,1985.2017209325024,2073.57666015625,30295500
2022-02-09,2090.8203862130686,2101.5978637796734,2054.1772466569955,2086.509521484375,23199900
2022-02-10,2105.9085195487964,2120.9968592158298,2082.198136181394,2103.7529296875,20843100
2022-02-14,2047.7104349971426,2110.219383526573,2028.3110734799247,2103.7529296875,23980200
2022-02-15,2092.975718425446,2120.996967197205,2069.2653338509317,2082.1982421875,21982800
2022-02-16,2114.530907022989,2151.174206761705,2101.597996276671,2140.396728515625,26879100
2022-02-17,2151.1744860024373,2209.3725919154767,2140.397006357349,2155.4853515625,37846800
2022-02-18,2133.9299056607874,2228.771287425406,2127.463451401209,2215.83837890625,33719100
2022-02-21,2185.661731647963,2209.3721186390967,2149.0184350021073,2196.439208984375,33844800
2022-02-22,2151.1742082670426,2194.2838055366387,2092.976109867886,2108.064453125,39858000
2022-02-24,2084.3535944293935,2149.018133634777,2082.198162413351,2112.375,35161800
2022-02-25,2161.9514284956454,2207.21661404252,2155.4849734175205,2198.5947265625,32240100
2022-02-28,2226.6157549981763,2302.057775934787,2185.6615962526907,2299.90234375,39838800
2022-03-01,2362.4113522471366,2396.8992152307683,2336.5455339456266,2351.634033203125,34497300
2022-03-02,2362.4115359175203,2420.6096316206454,2347.3231933593747,2392.58837890625,31101000
2022-03-03,2431.38696851023,2537.005676043003,2418.4540591032605,2528.3837890625,42560100
2022-03-04,2565.027099609375,2621.0696021103454,2444.3198918329854,2565.027099609375,64595400
2022-03-07,2629.691622915737,2662.0237384485326,2511.139848514961,2588.7373046875,46951500
2022-03-08,2543.4719186395087,2562.8712811321975,2409.8319711603745,2418.453857421875,45282300
2022-03-09,2353.789200605371,2463.7189160182597,2276.191754431568,2375.343994140625,42315600
2022-03-10,2452.9417772266333,2537.0056887944543,2414.1430488107158,2532.69482421875,32545800
2022-03-11,2532.694776319495,2586.5818454761043,2487.429594023663,2545.627685546875,31194900
2022-03-14,2586.58203125,2612.4478515624996,2556.4051882612703,2586.58203125,28940400
2022-03-15,2569.3379138821215,2603.8257770700875,2504.673367745219,2545.627685546875,29929800
2022-03-16,2565.027076105288,2605.981236461096,2534.850234969602,2588.7373046875,28403400
2022-03-17,2618.9138050536867,2623.224826904249,2573.6486281762154,2614.602783203125,30699900
2022-03-18,2597.359485809967,2692.2008787330137,2593.0484631722347,2672.801513671875,39163800
2022-03-22,2687.889484854461,2687.889484854461,2595.203689544025,2623.22509765625,32589300
2022-03-23,2608.136641564263,2640.468914632714,2521.9172993392017,2545.627685546875,32604900
2022-03-24,2487.4295153809903,2526.22824183647,2327.923587328767,2360.255859375,50853900
2022-03-25,2321.457278037136,2407.6766229259774,2241.704387961768,2386.121826171875,52792500
2022-03-28,2340.856689453125,2386.1218740558097,2263.259230134237,2340.856689453125,38900700
2022-03-29,2351.634299678512,2420.60971771687,2336.5457987112604,2394.743896484375,43774200
2022-03-30,2346.16906387043,2479.750058936015,2307.3091800791167,2467.6064453125,68060100
2022-03-31,2453.0340294887674,2632.7611522781212,2448.176477182915,2613.331298828125,44839500
2022-04-01,2584.18608762952,2584.18608762952,2406.887491530519,2433.603759765625,46370700
2022-04-04,2368.0278857902545,2506.466439113377,2365.599198536296,2501.60888671875,29072100
2022-04-05,2450.605301803191,2491.8940540013195,2416.6029674157603,2428.74658203125,24581700
2022-04-06,2394.7440855762247,2406.8876993698786,2292.736733543986,2302.45166015625,34157700
2022-04-07,2219.8742169575644,2290.307742318511,2200.444186916599,2244.16162109375,33515100
2022-04-08,2266.019941065624,2295.1648920761145,2222.3025145498887,2224.731201171875,23040000
2022-04-11,2232.0180493785338,2280.5930403101024,2202.873090396935,2241.733154296875,17719500
2022-04-12,2215.0168776939654,2219.874430142374,2105.7232817551185,2113.009521484375,27741000
2022-04-13,2134.8677392256886,2219.873908729322,2134.8677392256886,2215.016357421875,24790200
2022-04-14,2210.1591746454055,2283.0215669731297,2188.300456947088,2273.306640625,21453600
2022-04-15,2239.303763579539,2304.879905898007,2234.4463901470626,2278.163818359375,15291600
2022-04-18,2280.592651637135,2331.5963211625663,2249.019010750286,2326.73876953125,18020400
2022-04-19,2338.8826161252696,2428.746167210429,2304.8801096586235,2406.887451171875,24529200
2022-04-20,2428.745871807271,2438.4609741227923,2380.171071776325,2402.02978515625,21340800
2022-04-21,2404.4587808563806,2438.461287557993,2387.457616448918,2431.175048828125,19935900
2022-04-22,2404.458781550481,2428.746184694822,2346.1688716947115,2368.027587890625,19099800
2022-04-25,2295.1650148769313,2341.3111304836607,2283.021225343929,2292.736328125,16195800
2022-04-26,2317.0240683589573,2334.025233883635,2236.8754370635215,2261.162841796875,16500600
2022-04-27,2234.4468852299383,2392.315292384161,2215.016853534939,2385.029052734375,30124200
2022-04-28,2380.1714888594834,2402.030206069764,2227.160468387517,2297.593994140625,36038100
2022-05-02,2319.4527619489277,2394.744019240144,2312.1665227198873,2377.74267578125,22320300
2022-05-06,2414.1737399606163,2423.888843659414,2360.741381163991,2382.60009765625,21483300
2022-05-09,2382.6001722547744,2426.3176066080728,2319.452707782222,2360.741455078125,33569400
2022-05-10,2329.1674399484514,2336.4536778441334,2219.873871513227,2251.447509765625,34762500
2022-05-11,2273.3063599180978,2392.314860062695,2251.447644918885,2372.885009765625,29046000
2022-05-12,2358.312819213646,2380.171536864792,2321.8816231284027,2336.4541015625,20929200
2022-05-13,2346.1691065502455,2377.7427515871336,2300.022982590685,2355.884033203125,15354300
2022-05-16,2382.600394783678,2411.7453537412766,2346.1691960866797,2358.31298828125,19740600
2022-05-17,2387.4576479848556,2465.177410205588,2375.3138573124393,2445.74755859375,24482400
2022-05-18,2467.606307280591,2484.60747213453,2423.888873753297,2460.320068359375,20880900
2022-05-19,2365.5990825302506,2399.601413965077,2302.4516160436137,2338.8828125,33147000
2022-05-20,2368.02771399329,2438.461418115323,2355.883922831092,2426.317626953125,26471100
2022-05-23,2460.319800790684,2489.4647533059274,2443.31845989901,2487.035888671875,22125900
2022-05-24,2501.6087638192807,2557.469991009645,2479.750045947403,2518.610107421875,25661700
2022-05-25,2545.3262175478258,2593.901205790786,2508.8950208372808,2584.186279296875,20455200
2022-05-26,2574.471328582362,2615.7600799476736,2540.468994880777,2581.757568359375,21050700
2022-05-27,2695.908675864141,2797.916031167109,2678.9075092758835,2746.912353515625,48388500
2022-05-30,2793.058167083289,2795.4870319582237,2615.7597476608908,2654.61962890625,41110800
2022-05-31,2644.9046643430415,2681.3358580667746,2593.9009931298147,2598.758544921875,25434600
2022-06-01,2613.3308767239055,2674.0494702496367,2596.3295353428252,2642.475830078125,21512400
2022-06-02,2659.4769508128047,2676.4781140338578,2589.043255376999,2615.759521484375,16820700
2022-06-03,2635.189362539591,2642.4756002444133,2579.328147507066,2632.760498046875,15254700
2022-06-06,2635.1896470562265,2666.7632878905174,2596.32958984375,2596.32958984375,12776400
2022-06-07,2598.7587302339452,2618.1885830143133,2564.75622103825,2610.90234375,13580700
2022-06-08,2603.615877761804,2608.473429477249,2557.469759068476,2572.042236328125,15138000
2022-06-09,2448.176412996124,2467.6064438234066,2382.6002590765847,2392.315185546875,35132700
2022-06-10,2355.883829314592,2409.3163659979077,2324.3101870102255,2382.60009765625,24948600
2022-06-13,2309.7374194633767,2355.8835336376465,2307.3087327868366,2314.594970703125,16185600
2022-06-14,2280.5927946671195,2355.8838712977326,2236.8753609035325,2346.1689453125,20583600
2022-06-15,2372.885082860049,2382.600008307843,2334.025025295506,2351.0263671875,11264400
2022-06-16,2368.0277135865863,2377.7426397826575,2314.595352678147,2321.881591796875,12073200
2022-06-17,2258.734000963622,2292.7365075855187,2239.3039717672973,2263.591552734375,16018500
2022-06-20,2261.162805593494,2275.7352837775265,2185.871727604891,2205.3017578125,17611800
2022-06-21,2246.590370809268,2290.307806205902,2227.160518113008,2273.306640625,12078000
2022-06-22,2285.450420339207,2287.8791074421993,2215.0167154854416,2219.874267578125,11478600
2022-06-23,2212.5876844561117,2234.446398645404,2137.2964392129916,2176.156494140625,21674700
2022-06-24,2173.727967414379,2222.302954681117,2149.4405627243596,2219.874267578125,13522800
2022-06-27,2256.305493161092,2348.597738926136,2251.447941004673,2338.8828125,18061500
2022-06-28,2346.1684325876267,2380.170932935173,2317.0234831144885,2343.73974609375,14137500
2022-06-29,2307.308804409933,2326.738654198728,2278.1638518400673,2292.736328125,13018800
2022-06-30,2302.4511750353963,2319.452337496431,2246.5899585396146,2251.447509765625,11799300
2022-07-01,2251.447324225364,2266.0197988158193,2205.3012139844723,2217.44482421875,12999300
2022-07-04,2205.301738898514,2244.16162109375,2176.1567827804133,2244.16162109375,11028000
2022-07-05,2275.7353083818266,2278.1641733632227,2190.729303313718,2207.73046875,12722400
2022-07-06,2181.0139106757815,2234.446442785127,2156.726509281236,2232.017578125,15681300
2022-07-07,2195.5868441289936,2241.733147637244,2173.7281249577313,2229.58935546875,15563700
2022-07-08,2266.020287615961,2324.31019855142,2239.3040191416453,2268.448974609375,19525800
2022-07-11,2304.8805018603416,2304.8805018603416,2249.0194477364325,2258.734375,9147900
2022-07-12,2273.3066013858374,2287.879079599849,2232.017853817238,2246.59033203125,8566500
2022-07-13,2246.590210480083,2270.8777914471607,2244.1615235380505,2263.591552734375,6365700
2022-07-14,2270.8776703936633,2317.0237871525037,2253.8763290456604,2309.737548828125,10423500
2022-07-15,2314.594970703125,2338.88237112853,2268.4486786421876,2314.594970703125,9915000
2022-07-19,2338.8831495209506,2399.6017597352647,2338.8831495209506,2394.744384765625,14985600
2022-07-20,2426.3171851717234,2426.3171851717234,2375.313520618564,2402.02978515625,13555200
2022-07-21,2402.030085650984,2433.6037274096384,2389.8862951807228,2419.03125,9995700
2022-07-22,2545.3258614946158,2562.3272028391034,2499.179744745315,2516.180908203125,30642300
2022-07-25,2516.1812349904067,2525.8963392737646,2482.1789036587575,2506.46630859375,9804900
2022-07-26,2472.4638361771167,2477.3213883910985,2436.0326392890124,2457.891357421875,11577300
2022-07-27,2462.748842116685,2496.7513509089313,2462.748842116685,2491.893798828125,8566200
2022-07-28,2491.8938609216943,2521.038818359375,2482.178934404702,2521.038818359375,8574300
2022-07-29,2538.0398532823747,2564.756122184023,2494.322419381511,2525.896240234375,17355900
2022-08-01,2555.041159528069,2606.044831680999,2547.754920649079,2603.615966796875,15012600
2022-08-02,2610.90234375,2620.6174480268846,2579.3286995668764,2610.90234375,12565500
2022-08-03,2623.0461351527556,2669.192257864506,2591.472490969632,2610.90234375,30146700
2022-08-04,2623.046075561165,2676.4784363233266,2591.472432095346,2657.048583984375,19068300
2022-08-05,2647.3333900548273,2683.7645843119426,2627.9035383754926,2654.61962890625,15696600
2022-08-08,2654.619399369643,2654.619399369643,2596.3294935984036,2615.759521484375,15323700
2022-08-09,2606.044685873395,2659.4770420342297,2596.3295826538383,2647.333251953125,11264400
2022-08-10,2649.7621986598433,2659.477124293206,2613.3310051763747,2637.618408203125,9201000
2022-08-12,2647.3334297216456,2693.479728396561,2642.476055672376,2681.3359375,15378600
2022-08-15,2654.6198708243974,2657.0487359206772,2576.9001012509984,2613.331298828125,18420300
2022-08-16,2567.184909874582,2567.184909874582,2501.6087564520712,2506.46630859375,21866100
2022-08-17,2521.038121698944,2586.6142578125,2518.6094352125115,2586.6142578125,16300200
2022-08-18,2547.754384596314,2603.615418990834,2540.4681472503635,2586.6142578125,11097300
2022-08-19,2606.044831680999,2630.332235315402,2596.3297279178846,2603.615966796875,9870900
2022-08-22,2552.6122711509383,2606.0448076962257,2542.897345363927,2601.187255859375,10055400
2022-08-23,2618.1884606303606,2661.905894172723,2613.331086605671,2627.903564453125,13219800
2022-08-24,2610.9021816463865,2623.045972295168,2596.3297040225248,2601.187255859375,9993600
2022-08-25,2603.615869523883,2623.0458984375,2581.75715370357,2623.0458984375,8049000
2022-08-26,2625.474867943926,2657.0486905629186,2623.0461807758124,2649.762451171875,11192400
2022-08-29,2586.614664483972,2627.9034085647227,2586.614664483972,2596.32958984375,14610600
2022-08-30,2610.9024337318456,2652.1911836148247,2606.0450593127,2613.331298828125,12567900
2022-08-31,2598.758454598706,2603.6158283352543,2557.4697105179553,2596.32958984375,18839100
2022-09-01,2576.900021746881,2579.3287088815227,2518.610107421875,2518.610107421875,20491500
2022-09-02,2518.609937096771,2555.041131086181,2494.322355846038,2496.751220703125,14574300
2022-09-05,2477.3212230141685,2528.324895252695,2443.3187155595865,2511.32373046875,16014300
2022-09-06,2513.7526239747526,2530.7537901553414,2462.7489475462794,2484.607666015625,14513100
2022-09-07,2445.7474675691815,2448.176154458599,2285.4502193605827,2287.87890625,46263600
2022-09-08,2324.310131928427,2375.3138025350067,2290.3076255618116,2365.598876953125,26642100
2022-09-09,2370.4564389433212,2460.320174783265,2368.027751826758,2453.033935546875,24453000
2022-09-12,2460.320406959643,2489.465366655565,2404.459174913554,2428.74658203125,15111000
2022-09-13,2431.1752178377046,2489.465131728825,2428.7463528344415,2453.033935546875,14965800
2022-09-14,2380.17145569698,2460.3200843513137,2380.17145569698,2450.60498046875,15821100
2022-09-15,2440.8898684828587,2455.4623453096224,2423.8887048138618,2438.461181640625,9921000
2022-09-16,2392.3151542393307,2399.601393468371,2360.7415102090563,2377.74267578125,16137300
2022-09-20,2331.596435546875,2355.8838391215913,2283.0214505107515,2331.596435546875,23614200
2022-09-21,2329.167594693881,2370.456160254765,2312.1662532166424,2363.169921875,15194100
2022-09-22,2326.738664170058,2346.168691928795,2309.737501060335,2334.02490234375,14376600
2022-09-26,2304.880284671447,2317.0240760216348,2263.59171427687,2273.306640625,20763900
2022-09-27,2304.879861705068,2324.3098887224414,2232.0174827482515,2251.447509765625,20408700
2022-09-28,2239.3042676106447,2244.1618200231483,2164.01318359375,2164.01318359375,35637900
2022-09-29,2136.756145214844,2254.8682939453124,2000.4728966796874,2064.897705078125,49677500
2022-09-30,2048.3788270799555,2096.2844609390836,2024.4260101503914,2037.641357421875,23878700
2022-10-03,2006.2549042299925,2157.4054383897655,2000.4731898085804,2146.66796875,23007900
2022-10-04,2211.092714203688,2213.570591731746,2114.455490609429,2154.927490234375,18000000
2022-10-05,2193.7472910680076,2244.1307943643737,2140.0599514899127,2155.753173828125,21589000
2022-10-06,2167.316918472064,2201.18124532319,2127.670877280502,2173.0986328125,18824900
2022-10-07,2147.493591189524,2178.8800359838324,2114.455228248147,2116.93310546875,16354300
2022-10-11,2110.325450912014,2168.9685456340308,2107.0216145896466,2129.322509765625,14171400
2022-10-12,2114.455443159923,2146.6678503018125,2076.461321915643,2143.364013671875,10081500
2022-10-13,2135.9302182811903,2182.1839275711154,2127.6706273365608,2154.101318359375,12067800
2022-10-14,2192.921543797907,2208.6147676518276,2156.5793411888267,2188.791748046875,13475300
2022-10-17,2200.355040667808,2271.387523211889,2191.269490574961,2230.91552734375,18277100
2022-10-18,2230.089572442922,2256.520263671875,2202.832922113064,2256.520263671875,13346900
2022-10-19,2242.47893447176,2266.431748136468,2206.962693520642,2250.738525390625,12339300
2022-10-20,2230.089336373953,2248.260434670333,2199.528852875495,2217.699951171875,10830000
2022-10-21,2225.9599757007627,2242.479159193904,2197.8773637624226,2212.74462890625,8660200
2022-10-24,2252.39072940571,2320.1193835352547,2250.7388110123065,2294.5146484375,16091600
2022-10-25,2303.600064535074,2372.9806329900566,2282.1251266799604,2362.2431640625,16864600
2022-10-26,2329.204775295881,2341.5941623985186,2286.2549000067374,2298.644287109375,14251300
2022-10-27,2258.998559201085,2293.688847861577,2238.349577855554,2239.175537109375,11130500
2022-10-28,2230.0896808048383,2239.175231356265,2178.8802140604307,2183.010009765625,12140400
2022-10-31,2221.830039771675,2249.9126499397926,2185.9008179389357,2229.263671875,15093100
2022-11-01,2230.9155368186875,2262.7149622787097,2169.794563207217,2192.095458984375,13709600
2022-11-02,2192.9214930906965,2220.1781444172475,2183.009983517405,2193.33447265625,12123400
2022-11-04,2171.4464043220228,2172.685342932324,2066.54960198315,2116.93310546875,23812100
2022-11-07,2156.5795662172377,2191.2698541456652,2143.777198053175,2150.7978515625,13891500
2022-11-08,2164.0127198511004,2208.614508733528,2158.231006477453,2185.900634765625,13978500
2022-11-09,2202.4203428995042,2231.3289166859217,2198.2905466443017,2220.178466796875,12118700
2022-11-10,2194.9864491752264,2236.6973864032034,2186.7268576449337,2223.89501953125,8763500
2022-11-11,2263.1279241398665,2278.8211469714934,2206.136746488169,2253.62939453125,13310700
2022-11-14,2258.585357598648,2267.2579289114237,2222.6561335885763,2244.95703125,10262700
2022-11-15,2244.9567657766993,2296.9921875,2232.98035918959,2296.9921875,11040100
2022-11-16,2289.145824342897,2309.381823872538,2263.1281106619294,2306.490966796875,10356000
2022-11-17,2287.9069241386183,2310.6208015443262,2279.2343527655294,2299.057373046875,6751400
2022-11-18,2296.166564312178,2296.9925235079736,2241.2402777917605,2243.30517578125,10138600
2022-11-21,2230.0899537601395,2266.019180792942,2214.809707780672,2265.606201171875,7760200
2022-11-22,2265.605947602249,2296.166436140814,2265.192968027404,2288.31982421875,8080300
2022-11-24,2329.617534806243,2448.555639756464,2328.7915757440887,2426.667724609375,25336900
2022-11-25,2412.213750894561,2444.426158456584,2405.1930979643766,2434.5146484375,10360200
2022-11-28,2435.340282279642,2439.057098040286,2393.2163703256783,2423.77685546875,12439700
2022-11-29,2406.84505019271,2428.31998886979,2400.2373767536087,2417.58251953125,9595100
2022-11-30,2426.255051226925,2511.7418249467505,2425.0161124773626,2508.43798828125,22799100
2022-12-01,2547.2577877447598,2569.5586827736533,2496.0483250858183,2541.47607421875,16976000
2022-12-02,2508.4376188991337,2521.652963615099,2472.9213799749773,2511.741455078125,13295800
2022-12-05,2505.9598938292947,2506.7858529241626,2461.3581027064265,2482.007080078125,11167800
2022-12-06,2464.662267701412,2510.915983181063,2452.2728796265055,2486.13720703125,9209600
2022-12-07,2462.184118756398,2490.266728631513,2459.2932618574896,2470.856689453125,7897800
2022-12-08,2480.3551972591895,2507.611847778521,2464.2489946795845,2506.785888671875,9520500
2022-12-09,2505.95974176489,2533.216390241568,2502.655905585899,2511.741455078125,7926100
2022-12-12,2519.1752102657165,2565.4289190443656,2515.8713739243844,2540.650146484375,10300300
2022-12-13,2564.602814351834,2601.77097108157,2548.083633583062,2595.9892578125,12365100
2022-12-14,2595.989574871232,2618.290471632773,2574.514637249007,2613.334716796875,9988400
2022-12-15,2610.8568973654474,2669.4999975593564,2610.8568973654474,2643.895263671875,12208700
2022-12-16,2634.8095498028647,2676.107505128928,2629.853795163737,2654.632568359375,13369500
2022-12-19,2659.588636256266,2705.016392465612,2595.163818359375,2595.163818359375,16421100
2022-12-20,2623.245906080974,2666.1957760797804,2561.298978198079,2595.9892578125,18586600
2022-12-21,2595.989716258612,2659.5885734498033,2595.989716258612,2622.42041015625,11960400
2022-12-22,2651.3287495282016,2675.2815637762756,2619.9423032721047,2667.02197265625,11203900
2022-12-23,2643.895292947179,2647.1991296144042,2593.5117837719904,2617.464599609375,11860000
2022-12-26,2635.635669638456,2655.458689403835,2603.423262519716,2618.29052734375,7626300
2022-12-27,2637.2874721113053,2654.632613644139,2608.3789028899164,2640.59130859375,9651200
2022-12-28,2646.373082369528,2667.8480199917526,2597.6414931498643,2613.334716796875,10339200
2022-12-29,2601.771047991433,2601.771047991433,2524.956855145972,2548.90966796875,11940100
2022-12-30,2575.3405832370377,2593.511684209204,2557.99544139997,2568.73291015625,8471000
2023-01-04,2487.788799844153,2489.4407180379408,2397.346278734281,2401.47607421875,19638900
2023-01-05,2414.2781559683153,2427.906479462492,2360.177841491434,2376.697021484375,16767900
2023-01-06,2378.762444224617,2456.815586925737,2376.697546269561,2452.685791015625,14019100
2023-01-10,2453.098662697433,2510.08984375,2404.780052674605,2510.08984375,10222800
2023-01-11,2492.7448516756326,2550.5619953526684,2487.7890965033152,2538.172607421875,7673700
2023-01-12,2520.8274554943646,2542.3023944992315,2482.0073734471057,2519.175537109375,8521000
2023-01-13,2486.13674303624,2538.172163239324,2484.484824934555,2524.130859375,7785200
2023-01-16,2492.744460449219,2505.959805501302,2467.1397294108074,2477.877197265625,8838400
2023-01-17,2515.8715917364166,2537.346529814272,2506.7860410111703,2534.86865234375,6943400
2023-01-18,2534.042509394619,2616.6384190880553,2514.2194910681947,2565.428955078125,11444200
2023-01-19,2552.2136028194245,2580.296212041386,2540.6501754927344,2572.03662109375,6462000
2023-01-20,2583.600173815841,2628.2019670978284,2581.1222964112862,2626.550048828125,10050600
2023-01-23,2633.1574018429487,2650.5025415665064,2614.160344050481,2641.4169921875,7719200
2023-01-24,2651.329013413427,2662.066482938155,2614.160849673987,2621.594482421875,9626400
2023-01-25,2642.2435195047424,2683.541480109693,2635.6358458079503,2677.759765625,11654400
2023-01-26,2606.7270123667063,2625.7240723427626,2568.732892414593,2614.16064453125,13537500
2023-01-27,2531.564503719932,2541.4760123804995,2469.6175745913856,2510.91552734375,22551400
2023-01-30,2482.007146544887,2529.086816213126,2479.529269193927,2505.9599609375,10029500
2023-01-31,2526.608873221545,2553.8655233739837,2482.8330411585366,2539.82421875,13271300
2023-02-01,2560.4734713336616,2622.42041015625,2551.3879203063484,2622.42041015625,13990400
2023-02-02,2643.0692140600318,2661.2403149066945,2609.2048897548875,2614.16064453125,11013400
2023-02-03,2634.809583683604,2663.718152783581,2531.5646940408296,2563.777099609375,21212400
2023-02-06,2593.511448748325,2640.591115174648,2588.5556943876595,2619.942138671875,13298500
2023-02-07,2629.8539338897153,2683.5412786456295,2627.3760564394424,2638.113525390625,14368700
2023-02-08,2648.024923059642,2652.1547186352186,2616.6384766852607,2628.201904296875,6597000
2023-02-09,2628.2022433557245,2652.9810200058414,2628.2022433557245,2651.3291015625,7394800
2023-02-10,2655.4586918791247,2670.325956717017,2637.2875904105895,2643.895263671875,6493600
2023-02-13,2664.544061370784,2700.060302734375,2657.1104294574748,2700.060302734375,11525300
2023-02-14,2713.2758862818746,2724.013355542655,2680.2375193256266,2706.668212890625,8656600
2023-02-15,2703.3642055495284,2724.839142715519,2692.626736966533,2724.01318359375,6488600
2023-02-16,2725.665005438342,2758.703369140625,2725.665005438342,2758.703369140625,8972600
2023-02-17,2750.444038311522,2771.918976748789,2708.320120607652,2771.093017578125,11643300
2023-02-20,2774.396447266212,2785.1339149096952,2748.7917167317514,2749.61767578125,8300300
2023-02-21,2754.5734980334973,2784.3080245490014,2750.443702684122,2773.570556640625,8212900
2023-02-22,2766.9633731051686,2852.0371723379544,2762.8335770259073,2850.38525390625,17276800
2023-02-24,2899.116473753694,2969.322998046875,2888.379005332384,2969.322998046875,23501400
2023-02-27,2969.3229883938684,3009.794984619543,2948.674010727708,3008.14306640625,14001300
2023-02-28,3007.31714129853,3075.8717479252196,2909.028006496408,2917.28759765625,29632700
2023-03-01,2890.856803544756,2904.8981080191165,2787.611917703872,2868.555908203125,25414800
2023-03-02,2917.287696151952,2922.2434510151775,2838.8215774842183,2882.597412109375,14133400
2023-03-03,2900.768743537864,2913.9840908888336,2855.3409870189053,2895.81298828125,11264900
2023-03-06,2907.376287534916,2972.6270621699327,2891.6830632556084,2956.933837890625,13952200
2023-03-07,2942.8924282116836,2950.3260605029845,2894.160838746489,2940.41455078125,12469800
2023-03-08,2919.765713536015,2954.4559992413933,2901.5946114998646,2949.500244140625,12028900
2023-03-09,2966.0191587239224,3002.361359499153,2959.4114858556986,3001.535400390625,12817200
2023-03-10,2989.9721586202136,3030.4441574523657,2792.5679194184922,2804.13134765625,44369400
2023-03-13,2746.314107342741,2844.60324381606,2726.4910882220715,2813.216796875,24137800
2023-03-14,2795.8717365783164,2795.8717365783164,2747.140146487291,2766.13720703125,14109400
2023-03-15,2804.9572196487834,2830.5619528081215,2788.4380369653395,2800.00146484375,11397700
2023-03-16,2751.269694599062,2783.482098708748,2721.535167728583,2740.5322265625,13385200
2023-03-17,2750.4438615061104,2780.178389738609,2693.4526823938218,2737.228515625,16504400
2023-03-20,2695.9302884615386,2700.886042668269,2627.3756886017627,2641.4169921875,15531000
2023-03-22,2688.496924036347,2766.1370809824043,2688.496924036347,2711.623779296875,10861500
2023-03-23,2671.977872693987,2707.494116442315,2657.936567026043,2701.71240234375,8489400
2023-03-24,2714.101698420953,2730.6208810041603,2705.016148000189,2729.794921875,7921700
2023-03-27,2742.184354684649,2752.0958644003767,2681.889337247306,2715.753662109375,10642500
2023-03-28,2714.927789905315,2729.795054954994,2690.974973991943,2719.883544921875,9936200
2023-03-29,2715.753715307041,2722.3613885802943,2676.107675667522,2695.104736328125,18720900
2023-03-30,2676.8061335403727,2820.5799004785763,2675.063421213849,2805.766845703125,26188900
2023-03-31,2806.6384067109348,2807.5097629377933,2672.44954777474,2691.619384765625,20933900
2023-04-03,2643.6945998604274,2717.7598737523645,2626.2674765917363,2677.677490234375,13242600
2023-04-04,2689.0050298334477,2775.269287109375,2686.390961431147,2775.269287109375,14038400
2023-04-05,2740.415222832426,2840.6211848755834,2737.801154257387,2801.41015625,16539700
2023-04-06,2771.78403861457,2771.78403861457,2720.3740234375,2720.3740234375,10727700
2023-04-07,2744.7719243833403,2762.1990477127583,2729.0875133868644,2758.713623046875,7065100
2023-04-10,2810.1237848082865,2866.761938610624,2800.538866472506,2856.3056640625,13098100
2023-04-11,2869.3760978590494,2899.00221001429,2862.4052479401694,2886.80322265625,11138700
2023-04-12,2911.2008282111674,2962.61083984375,2911.2008282111674,2962.61083984375,14202600
2023-04-13,2971.324389948786,3010.535415622597,2939.084213283653,2974.809814453125,14605600
2023-04-14,2996.5941373871374,2997.465493635287,2933.856487520352,2943.44140625,9894700
2023-04-17,2993.108587193722,3030.576904296875,2980.0382440182034,3030.576904296875,14927300
2023-04-18,3046.2612976968953,3049.7467225226355,2993.979925310793,3031.4482421875,8401300
2023-04-19,3039.2905470336523,3049.7468218514286,2989.623241649215,3003.56494140625,7996700
2023-04-20,2971.3244811528307,2987.0088919037844,2944.312440415078,2970.453125,7531100
2023-04-21,2951.283166673198,2968.7102890037163,2934.7274004592064,2953.02587890625,7659700
2023-04-24,2919.0432178730866,2919.0432178730866,2853.6915040401072,2860.662353515625,10647400
2023-04-25,2897.259431340144,2903.3589248798075,2830.165002403846,2831.90771484375,8199000
2023-04-26,2788.339409993744,2810.9946676999434,2766.555508353168,2785.725341796875,10263700
2023-04-27,2760.456214689266,2780.497405641871,2735.186886966416,2776.140625,8871800
2023-04-28,2813.609118206442,2818.8372553105733,2725.6021436202386,2790.953857421875,14941300
2023-05-01,2738.672614160031,2743.9007515080934,2679.42039088199,2715.14599609375,13098800
2023-05-02,2716.0173280853587,2728.2163151219947,2689.0052853613784,2704.689697265625,9837500
2023-05-08,2701.204109615346,2747.385986328125,2673.320712354801,2747.385986328125,9383900
2023-05-09,2797.053257335316,2847.591914321437,2659.378984855883,2760.456298828125,33548300
2023-05-10,2737.801243824231,2839.749921585986,2736.9298876040452,2797.053466796875,19760200
2023-05-11,2777.88329003439,2794.4390561920604,2722.1164987664474,2731.701416015625,9359300
2023-05-12,2724.730706226542,2730.830199332902,2708.174939223567,2713.403076171875,6618700
2023-05-15,2716.0171812395815,2722.116674428121,2695.1046331645894,2711.660400390625,6516600
2023-05-16,2707.303829547678,2710.7892544972087,2635.852618082307,2643.69482421875,10927900
2023-05-17,2650.665520482655,2655.8936576039227,2588.7992312143224,2604.483642578125,12340100
2023-05-18,2621.03938706248,2673.320757815056,2621.03938706248,2663.73583984375,9642100
2023-05-19,2654.150927412077,2657.63635213619,2627.138885800201,2640.209228515625,5597500
2023-05-22,2632.366986438278,2645.437328972728,2614.939863059011,2641.951904296875,5932400
2023-05-23,2674.1922243731565,2689.8766362463125,2627.1389887536875,2658.5078125,7341800
2023-05-24,2662.8642981396597,2681.162776628185,2635.8522584661227,2637.594970703125,4841100
2023-05-25,2622.7820725851075,2622.7820725851075,2578.3429079001107,2583.571044921875,10267800
2023-05-26,2598.8198171766326,2613.6328722954936,2552.637939453125,2552.637939453125,7312000
2023-05-29,2586.184712228351,2648.0509907216842,2583.13496610544,2626.26708984375,8552700
2023-05-30,2639.337933349609,2650.665563964844,2596.6414794921875,2614.068603515625,4850900
2023-05-31,2592.284347239014,2605.3546884855973,2581.8280742417473,2590.10595703125,10444300
2023-06-01,2579.214469622963,2621.0395691303625,2575.2933665441446,2620.168212890625,6661000
2023-06-02,2640.2091236057454,2640.2091236057454,2604.047843529957,2621.91064453125,5042800
2023-06-05,2657.636491918147,2694.2334534462,2657.636491918147,2691.619384765625,9682700
2023-06-06,2675.0636048897627,2681.1630984514004,2648.922918197029,2668.964111328125,4791000
2023-06-07,2676.8061695809965,2697.718717780848,2640.2092102312563,2641.08056640625,6214300
2023-06-08,2657.6366059847887,2723.8596820683442,2654.1511809277595,2697.718994140625,8923100
2023-06-09,2708.1749005658726,2709.046256711486,2668.092517867665,2680.29150390625,6542000
2023-06-12,2640.2092341252496,2641.080590308129,2598.8198154384677,2616.6826171875,9391800
2023-06-13,2621.910579182331,2621.910579182331,2584.442265820802,2607.533203125,7979500
2023-06-14,2614.068554946535,2631.4956786461785,2603.612280726749,2628.01025390625,6834900
2023-06-15,2628.010500672043,2684.6486580141127,2614.9401566700267,2674.1923828125,7885500
2023-06-16,2656.764849102128,2656.764849102128,2628.0100967176186,2647.179931640625,9062800
2023-06-19,2626.2675168460282,2628.8815853763995,2601.4338658075044,2617.553955078125,6618200
2023-06-20,2628.010265942497,2641.0806087770916,2610.147464068551,2615.811279296875,4564400
2023-06-21,2609.276252842138,2646.308892930898,2599.6913342309294,2643.69482421875,4474000
2023-06-22,2648.922857640026,2675.063543735158,2647.180145233684,2660.25048828125,3903400
2023-06-23,2661.992949234812,2667.2210859599863,2627.1387044003136,2648.922607421875,4808100
2023-06-26,2655.0223210358095,2715.145898374658,2653.279608649176,2708.175048828125,8837900
2023-06-27,2744.7718606984954,2812.7376401062675,2738.672367674721,2808.380859375,14859900
2023-06-28,2808.3807648738925,2810.9948332246904,2747.385836688608,2777.88330078125,10092500
2023-06-29,2783.9830129973743,2798.796068152603,2708.175024850028,2732.572998046875,6234100
2023-06-30,2755.2280056083464,2795.3103864615987,2739.5435957092477,2779.6259765625,7494900
2023-07-03,2797.0530989743247,2851.948533627092,2797.0530989743247,2838.0068359375,8647500
2023-07-04,2853.6914675638554,2866.761810163385,2839.7497687910245,2862.405029296875,6303200
2023-07-05,2875.475565141138,2962.611188327233,2874.604208909277,2946.055419921875,14690800
2023-07-06,2949.5406543144286,2959.996928421304,2907.715557886927,2908.5869140625,6952200
2023-07-07,2901.6160528870355,2938.213012112638,2880.7035047581203,2920.785888671875,6122200
2023-07-10,2915.5579744116662,2936.470524138468,2840.621337890625,2840.621337890625,6671300
2023-07-11,2870.247074347882,2875.475211095328,2823.1938436208675,2846.720458984375,4559300
2023-07-12,2848.463294158926,2882.446184483857,2838.8783763749716,2864.147705078125,4588600
2023-07-13,2864.1477663169167,2883.3176022946996,2829.293519084584,2872.861328125,3904900
2023-07-14,2892.0308135703335,2948.6689584579717,2889.4167453447503,2912.943359375,7211900
2023-07-18,2888.5459210605695,2944.3127201398684,2874.6042212907446,2933.8564453125,6411000
2023-07-19,2960.8681845200213,2999.2078549493563,2956.511403789415,2994.85107421875,8584700
2023-07-20,3002.693414258777,3027.091387444861,2964.3537421092165,3000.079345703125,6446700
2023-07-21,3013.1496757080863,3022.7345937048444,2963.4823733612498,2977.424072265625,4501700
2023-07-24,2978.2952024651913,2986.137407503865,2942.5696017334553,2976.552490234375,4185400
2023-07-25,2992.237480276324,3018.3781688052372,2981.7812048647584,3007.050537109375,5288500
2023-07-26,3014.8925852365824,3015.7639414750897,2958.254429733583,2991.365966796875,4333200
2023-07-27,3015.763994886415,3031.448407457335,3006.1790760930744,3023.606201171875,5112800
2023-07-28,3012.2785805848425,3048.0041871234534,2993.980099187017,3046.261474609375,7067200
2023-07-31,3049.7465554080263,3068.9163908991627,2987.0089119824897,3004.43603515625,8936900
2023-08-01,3031.448138891867,3061.9456050779017,3012.278303003502,3048.00390625,6289800
2023-08-02,3032.3195862293655,3054.9748475057922,3008.79296875,3008.79296875,4468500
2023-08-03,3032.319643173609,3257.129547753722,3024.4774371998847,3226.632080078125,37656100
2023-08-04,3232.7316427218348,3359.078297221745,3194.3919682528967,3327.70947265625,24664100
2023-08-07,3290.2410696833463,3366.9204166463055,3279.7847950974883,3343.393798828125,10820000
2023-08-08,3359.077854634551,3411.3592220218593,3358.2064985114293,3407.00244140625,10660100
2023-08-09,3424.429434481534,3433.1429953835227,3331.1943328302555,3354.720947265625,8740800
2023-08-10,3370.4055585968026,3371.276914739149,3291.1121496432584,3345.13623046875,7299000
2023-08-14,3343.3935203835413,3344.264876526461,3272.813672807032,3286.75537109375,7205800
2023-08-15,3303.311135636111,3362.563353315683,3302.4397794937645,3345.13623046875,6142500
2023-08-16,3343.3936133408756,3375.633791525294,3270.199695300575,3282.398681640625,7423700
2023-08-17,3285.8841738899655,3327.709270773211,3236.2168713411115,3302.43994140625,6644200
2023-08-18,3280.6561949906077,3316.3818003012625,3267.5858515842706,3283.270263671875,6256600
2023-08-21,3311.1535461473954,3376.505260873989,3296.3404908093676,3312.02490234375,8018100
2023-08-22,3293.7264586486576,3313.767651386467,3263.228991438948,3310.2822265625,4981400
2023-08-23,3298.0833185019615,3330.3234988941863,3276.2994128315386,3318.12451171875,4866500
2023-08-24,3337.294104689124,3359.0780087667295,3300.697145838747,3352.978515625,6013100
2023-08-25,3350.3646178755557,3389.5756472135013,3338.165630970417,3356.464111328125,5741700
2023-08-28,3379.1194638428174,3416.587781776093,3373.019970225773,3386.961669921875,4931600
2023-08-29,3398.289135692056,3408.7454099557235,3379.119299541998,3394.8037109375,4962500
2023-08-30,3410.4879920479552,3428.786471310348,3358.2066227268315,3366.048828125,5533400
2023-08-31,3370.405676778419,3394.803649619628,3357.3353341849142,3386.090087890625,4692600
2023-09-01,3385.218877498401,3461.8982240157393,3380.86209644628,3448.827880859375,8511800
2023-09-04,3474.9686378175625,3556.8761232626107,3472.3545691331465,3549.9052734375,9097700
2023-09-05,3563.8469178997657,3581.274042192674,3501.9806266599408,3552.519287109375,6918200
2023-09-06,3568.2031998241846,3587.3730338647542,3312.024508554756,3482.810302734375,14996500
2023-09-07,3495.8806801230744,3512.436446055861,3421.8154114763993,3422.686767578125,9122800
2023-09-08,3398.289166357833,3445.3424009689415,3396.546453964829,3416.587646484375,5328900
2023-09-11,3433.1432170794656,3440.985422397667,3386.9613413167217,3402.645751953125,4720500
2023-09-12,3420.073211205187,3449.6993230984294,3399.1606616334866,3433.1435546875,4433800
2023-09-13,3453.1843472184805,3493.2667292452406,3444.4707859083155,3487.167236328125,5203400
2023-09-14,3503.7230916661542,3541.19140625,3455.798503244956,3541.19140625,7306900
2023-09-15,3559.489842048058,3664.9239352886493,3549.0335683382473,3624.841552734375,11574300
2023-09-19,3616.9999032797523,3826.9967658888636,3613.514478174207,3818.283203125,14532700
2023-09-20,3819.153778830127,3874.0492130227576,3772.1005495221584,3773.84326171875,11871800
2023-09-21,3777.328806792852,3816.539832468902,3741.6032056213394,3756.416259765625,5661700
2023-09-22,3746.8317588833434,3746.8317588833434,3630.0700250018626,3655.33935546875,8098600
2023-09-25,3659.6957517035776,3659.6957517035776,3565.589289516914,3580.40234375,6247200
2023-09-26,3598.701183623827,3631.8127199380415,3567.3323597472026,3621.3564453125,6190700
2023-09-27,3589.9871293087585,3617.8705244878556,3542.062543844685,3551.6474609375,7036900
2023-09-28,3548.110411841147,3640.0853577114062,3542.8041649640168,3567.566650390625,7008200
2023-09-29,3554.3007515334493,3560.491372399519,3399.5352298817065,3436.678955078125,9584600
2023-10-02,3437.5634406594672,3513.6196423308625,3437.5634406594672,3457.904052734375,5936300
2023-10-03,3429.6041536341,3457.0197618761467,3389.807302960161,3434.910400390625,5360300
2023-10-04,3404.841464126107,3472.9382934086293,3332.322762812252,3345.58837890625,8175900
2023-10-05,3366.813706149194,3433.141793346774,3334.091849798387,3426.951171875,5923800
2023-10-06,3472.0539695992707,3523.3476859102125,3427.835248641562,3494.163330078125,6191000
2023-10-10,3544.573056243187,3676.3448589827667,3544.573056243187,3650.697998046875,8162800
2023-10-11,3635.66321861732,3636.547593031968,3533.9601609328174,3541.03515625,6579200
2023-10-12,3538.381955817519,3577.294429213163,3477.3601225379866,3499.469482421875,7240600
2023-10-13,3497.7010301576497,3562.2603664917856,3479.129166280706,3505.660400390625,5824000
2023-10-16,3482.6662784684286,3541.034987046112,3411.9163286772978,3440.21630859375,5618500
2023-10-17,3477.3601303355617,3495.0476182823345,3420.7601689058883,3439.33203125,4864200
2023-10-18,3450.8293762838866,3487.0887315959417,3352.6638045853956,3417.22314453125,6503100
2023-10-19,3362.3917590437404,3405.726108384388,3354.4323887566825,3380.963623046875,5320700
2023-10-20,3364.160288211073,3421.644625417624,3303.1384533302726,3416.33837890625,6602700
2023-10-23,3408.3792265204975,3448.176077893985,3364.1605027721776,3372.119873046875,4988700
2023-10-24,3336.7445926106334,3337.6289670057063,3224.4290444363555,3283.68212890625,9415500
2023-10-25,3334.0918416535837,3369.466821405876,3310.213730320786,3327.016845703125,5820400
2023-10-26,3302.2540212160343,3354.4321109995763,3294.2946515880362,3327.90087890625,4595300
2023-10-27,3368.582119747827,3433.1414515256147,3365.928996524083,3427.835205078125,5186800
2023-10-30,3366.8134352119805,3395.113416805567,3349.125946715989,3378.310302734375,9113400
2023-10-31,3403.9576371861826,3436.6794954807756,3240.3483457132174,3251.84521484375,8549500
2023-11-01,3273.0699318506386,3372.119873046875,3265.994936050907,3372.119873046875,7123900
2023-11-02,3383.6164783757104,3394.2289712509087,3314.635274686922,3345.58837890625,6621300
2023-11-06,3222.660618717828,3252.7293511647013,3097.079442027946,3178.44189453125,20302800
2023-11-07,3116.5355501947593,3192.591752611544,3110.344929067812,3121.841796875,8989800
2023-11-08,3122.726068394322,3185.5166520408798,3060.8198591653204,3113.88232421875,11480600
2023-11-09,3120.073088592233,3193.4761686243064,3097.963727136789,3188.169921875,6707300
2023-11-10,3196.1290519542886,3278.3758703914077,3180.210312901943,3265.99462890625,7387600
2023-11-13,3275.723327653318,3284.567073138343,3212.932734709639,3251.84521484375,4639500
2023-11-14,3290.757307550249,3318.1729153261313,3246.538585331084,3264.22607421875,4492100
2023-11-15,3308.44485523014,3340.282335793702,3263.341757765094,3279.260498046875,4681900
2023-11-16,3265.994644009086,3296.063373469229,3238.5790377366025,3288.10400390625,3638400
2023-11-17,3272.185311862329,3360.622752723473,3258.9196957331574,3358.85400390625,4983800
2023-11-20,3329.6699244653514,3373.888648561837,3319.057430682195,3334.091796875,4149100
2023-11-21,3346.4729057992013,3442.869720474707,3337.629161333559,3433.1416015625,6181400
2023-11-22,3449.060126893518,3482.666353770942,3410.147653667027,3477.360107421875,5412600
2023-11-24,3484.435117700831,3510.9663495614973,3446.4070187005427,3499.469482421875,4253500
2023-11-27,3510.966912581457,3566.68250842343,3508.3137889699346,3545.45751953125,5442000
2023-11-28,3557.8384039950733,3557.8384039950733,3467.632210306906,3519.810302734375,4554400
2023-11-29,3489.7418242297617,3507.4293144691424,3450.829345703125,3450.829345703125,4081800
2023-11-30,3444.63832784191,3516.272655070458,3414.5695978941244,3514.50390625,6712800
2023-12-01,3536.613717363927,3559.6074549611917,3495.9324893072276,3530.423095703125,4715300
2023-12-04,3548.994747240946,3587.907223911417,3533.0760067848437,3583.4853515625,5439900
2023-12-05,3583.4853016493057,3606.4790375434027,3543.688451063368,3581.716552734375,4611800
2023-12-06,3535.7290862886775,3625.0509066276363,3524.2322183242572,3590.560302734375,5913200
2023-12-07,3581.7165427011987,3585.2540405211507,3486.2041015625,3486.2041015625,5157600
2023-12-08,3454.3664789044296,3476.475839368488,3400.419639372128,3416.33837890625,5452500
2023-12-11,3451.713387505384,3479.128994733841,3434.025898970896,3464.97900390625,3255900
2023-12-12,3495.9322571750804,3503.8916273533187,3452.5979084268947,3465.863525390625,3116900
2023-12-13,3469.4006946312834,3483.5506847189968,3397.7663698122333,3415.453857421875,3851500
2023-12-14,3396.882350181343,3413.685465165317,3276.607421875,3276.607421875,5373100
2023-12-15,3319.057407068005,3471.1698168776766,3311.982411262904,3458.78857421875,9237300
2023-12-18,3625.93533181972,3686.9571703308325,3582.6009827321186,3674.575927734375,14524100
2023-12-19,3631.241363234747,3714.37255859375,3587.90701671782,3714.37255859375,8333500
2023-12-20,3697.5694721221043,3844.3756267196336,3656.0038741336475,3831.994384765625,11109800
2023-12-21,3824.919632447558,3930.160195744959,3792.1977766323994,3914.241455078125,12613500
2023-12-22,3918.662796798407,4059.2783203125,3912.47217626634,4059.2783203125,12957000
2023-12-25,4109.687715970553,4130.028326572517,3775.3942025991587,3793.966064453125,14199000
2023-12-26,3855.872314453125,3875.3285509022007,3775.3942455046767,3855.872314453125,8322900
2023-12-27,3900.091047087474,4029.209707603295,3881.519184958486,4015.944091796875,9808200
2023-12-28,3899.206772351787,3931.0442511008605,3836.416189263337,3877.097412109375,7188000
2023-12-29,3857.641216165494,3898.322439444635,3832.878732430365,3865.6005859375,5243300
2024-01-04,4085.81011537064,4224.656909334533,4019.4820290821553,4183.09130859375,12509700
2024-01-05,4213.159273279871,4260.915486704957,4136.21870720612,4207.85302734375,8457100
2024-01-09,4111.456651754633,4186.628476964171,4090.231665813116,4128.259765625,7371900
2024-01-10,4108.803608163616,4155.675453026438,4085.809872947892,4100.84423828125,5940700
2024-01-11,4110.572457107844,4140.641188506653,4082.272474614846,4104.3818359375,5128700
2024-01-12,4131.797771081138,4176.9008717500465,4103.497786347706,4163.63525390625,6717000
2024-01-15,4175.131645867619,4341.394037187914,4175.131645867619,4332.55029296875,3198800
2024-01-16,4175.131448953788,4510.309339051963,4175.131448953788,4459.015625,10894300
2024-01-17,4509.425546493789,4630.58485221445,4437.7912124545655,4440.4443359375,13151100
2024-01-18,4459.900161225865,4528.8813653852185,4402.4158244264045,4408.6064453125,7784200
2024-01-19,4470.512848329525,4470.512848329525,4309.556698300647,4402.416015625,7191900
2024-01-22,4340.51001560631,4436.0224609375,4252.072566225578,4436.0224609375,6872200
2024-01-23,4441.328494224113,4517.38469703241,4382.959780441,4406.837890625,6946300
2024-01-24,4396.225688005929,4438.675664474304,4351.122588008283,4404.18505859375,4626400
2024-01-25,4444.866059520605,4552.75974421251,4424.525446832787,4517.384765625,8393200
2024-01-26,4559.834967225226,4575.753708383111,4390.919436049893,4395.34130859375,8315100
2024-01-29,4420.987733488092,4494.390810479393,4382.0752589384865,4479.3564453125,5438800
2024-01-30,4478.472093841821,4548.337673504836,4450.17211220617,4514.7314453125,6494800
2024-01-31,4520.037394125913,4524.459265965207,4410.374972511432,4508.54052734375,6945900
2024-02-01,4524.460050934436,4579.291271254596,4501.466313380821,4510.31005859375,5144700
2024-02-02,4478.4720328124995,4482.009530468749,4375.000226367188,4421.8720703125,7605000
2024-02-05,4482.894320719653,4513.847428083075,4284.79443359375,4284.79443359375,11283300
2024-02-06,4269.759731215919,4286.56284531971,4214.044142345454,4216.697265625,7957500
2024-02-07,4252.956496784027,4354.659552955822,4241.459629564607,4329.0126953125,7456100
2024-02-08,4334.318899166127,4353.775135807966,4263.568947741256,4267.1064453125,5605400
2024-02-09,4081.387927764129,4122.953525294988,4057.509818544274,4063.700439453125,8796300
2024-02-13,4061.9316068536855,4160.981539352621,4039.822246920887,4155.67529296875,6196800
2024-02-14,4160.981891880261,4260.031832770928,4139.756904546547,4254.7255859375,6244200
2024-02-15,4237.037685495746,4283.025153591296,4176.015852830497,4222.8876953125,5012200
2024-02-16,4214.043751311097,4301.5968114117895,4198.125013110971,4215.8125,6457100
2024-02-19,4222.887986623631,4239.69110112538,4178.669264250609,4220.23486328125,3482200
2024-02-20,4238.807046311412,4306.0195093866605,4227.310177627487,4266.22265625,5451200
2024-02-21,4244.99758126935,4404.184990566951,4224.6569678591,4284.79443359375,8075600
2024-02-22,4284.794431071636,4369.694382647049,4252.956949230856,4280.37255859375,6488400
2024-02-26,4255.60985503635,4288.331709698933,4189.281771260847,4242.34423828125,5850600
2024-02-27,4213.159744804886,4244.112849563108,4168.056649300048,4181.322265625,5812700
2024-02-28,4183.091008670252,4217.581611067322,4135.334789966617,4172.478515625,5916500
2024-02-29,4219.350488833789,4312.209805817137,4205.200497674422,4220.23486328125,10075600
2024-03-01,4196.356184617378,4252.956141585874,4175.131200754193,4238.80615234375,6017700
2024-03-04,4227.309690992371,4233.500311878761,4112.341017387976,4114.994140625,7760800
2024-03-05,4102.612789913041,4136.219016689651,4081.387804580445,4098.19091796875,5220500
2024-03-06,4108.80355225929,4160.097268581081,4089.3473150337836,4090.231689453125,6171000
2024-03-07,4112.341130563473,4137.987989227202,4031.863056825564,4062.816162109375,5825400
2024-03-08,4041.5915430760647,4069.0071531056833,3976.1478288118133,4023.904052734375,5444100
2024-03-11,3997.3723230079177,3998.256697415663,3895.6692661172297,3937.23486328125,5400000
2024-03-12,3897.437935180664,3926.6222900390626,3857.6410876464843,3891.247314453125,4849300
2024-03-13,3905.3972355769233,3920.431599934896,3771.856705103165,3793.966064453125,5958800
2024-03-14,3828.457178241827,3845.2602936002454,3783.3540791218607,3829.341552734375,4012100
2024-03-15,3820.4978999044915,3823.151023446092,3753.2854368506164,3819.613525390625,10702500
2024-03-18,3877.9815711036276,3939.8877763435944,3853.2190890076413,3916.89404296875,5576800
2024-03-19,3904.5132963215174,3946.9632710040614,3791.3133638347326,3847.913330078125,7023700
2024-03-21,3809.8849116703145,3813.4224092670374,3737.3662109375,3737.3662109375,8896600
2024-03-22,3740.903670646243,3778.0473950356386,3719.678685280874,3753.284912109375,6075000
2024-03-25,3754.169595614877,3754.169595614877,3671.038396088894,3699.33837890625,5283200
2024-03-26,3701.9912018063715,3708.181822545178,3672.8068468948545,3688.7255859375,4283700
2024-03-27,3785.12292546827,3824.035404141308,3737.3667016422683,3741.78857421875,5651000
2024-03-28,3814.803283603163,3868.8883963196536,3740.886962890625,3740.886962890625,5900200
2024-03-29,3749.901210668633,3763.4224890724863,3648.0409133596054,3666.970703125,4500700
2024-04-01,3708.4360608552633,3726.4644325657896,3619.195620888158,3648.041015625,5644900
2024-04-02,3648.040792440652,3674.18192982162,3563.307450585099,3570.518798828125,5361000
2024-04-03,3565.110417374321,3662.4636221976903,3547.983464673913,3628.209716796875,4919600
2024-04-04,3659.7593551198925,3716.548724423477,3637.2238911105337,3684.09765625,4048000
2024-04-05,3711.1401350428646,3720.1543204571053,3659.759278181693,3676.88623046875,3803900
2024-04-08,3713.844339892352,3734.576966061654,3657.9563910881466,3694.91455078125,3637400
2024-04-09,3695.815904106629,3708.4357632913834,3647.139304394005,3683.196044921875,3101500
2024-04-10,3679.590589284897,3698.5203791856766,3653.4494508504868,3692.21044921875,2390000
2024-04-11,3673.2804288376924,3708.435750733317,3646.237873533366,3687.703125,2398600
2024-04-12,3700.3232288173235,3704.8303216660656,3642.6324403534236,3670.576416015625,2665700
2024-04-15,3697.6183959611167,3785.05598357892,3668.7730062315322,3775.140380859375,5044800
2024-04-16,3789.5636796680174,3790.465098240726,3613.787057989791,3614.6884765625,5220600
2024-04-17,3646.2378956249613,3694.9144954676676,3628.2095253128477,3644.43505859375,3138400
2024-04-18,3644.4354682392855,3704.830515573451,3637.2241193038626,3688.60498046875,2985300
2024-04-19,3708.435984482227,3815.704793950721,3639.9281733931048,3743.59130859375,8782800
2024-04-22,3760.7183388157896,3841.846011513158,3725.5630139802633,3819.310546875,5300700
2024-04-23,3851.7611524450335,3853.5639893991383,3729.168239565903,3737.281005859375,4328200
2024-04-24,3740.887053243723,3781.4508887608235,3723.760100469836,3760.71826171875,3106700
2024-04-25,3767.9296744284648,3777.8452788348554,3703.928955078125,3703.928955078125,2171700
2024-04-26,3710.238357191959,3793.16885497176,3697.6184988341633,3790.464599609375,2899300
2024-04-30,3966.24172567734,4042.8623044688343,3899.5367512000394,4025.7353515625,10741000
2024-05-01,4002.298440571519,4007.706951977697,3869.789911120165,3897.73388671875,4569700
2024-05-02,3911.2549693585,3911.2549693585,3849.95850982488,3862.578369140625,2799500
2024-05-07,3853.5641341259256,3880.606689453125,3807.5917900696863,3880.606689453125,3639800
2024-05-08,3890.522107587542,4096.9469367436,3801.281679262434,4038.354736328125,16418200
2024-05-09,3994.1856496246332,4023.031043618763,3900.438119143712,3992.3828125,7749600
2024-05-10,4066.2986407124035,4204.215663995267,4047.3688532029905,4189.79296875,8891900
2024-05-13,4200.610608552632,4228.5545847039475,4113.173005756579,4178.9765625,5204700
2024-05-14,4227.6528878787385,4301.569207027151,4206.920261776135,4295.25927734375,6845900
2024-05-15,4308.7806345484305,4357.457235859229,4291.653682235372,4336.724609375,5538000
2024-05-16,4317.795228898797,4364.668997563252,4250.188831786603,4346.640625,5893200
2024-05-17,4364.668185719896,4446.697265625,4346.639816509984,4446.697265625,6843600
2024-05-20,4446.697449380431,4492.669792765471,4419.654894448055,4486.35986328125,5553900
2024-05-21,4486.3599160684125,4541.34644507789,4469.232964409723,4502.58544921875,4698200
2024-05-22,4460.219082932692,4472.838942908654,4373.682900240385,4394.41552734375,5282900
2024-05-23,4399.824064587492,4442.190737612613,4382.697111662444,4402.5283203125,3233800
2024-05-24,4378.189738678334,4430.472012683552,4364.668460918364,4416.04931640625,2976000
2024-05-27,4511.599766312203,4623.375664618439,4509.796929242748,4560.2763671875,7102800
2024-05-28,4595.431873399324,4700.897846170553,4567.487897707802,4685.57373046875,7818400
2024-05-29,4658.531171629131,4661.235427340215,4578.304918866941,4582.81201171875,6175700
2024-05-30,4547.656531119817,4549.459368198557,4467.43028111592,4517.00830078125,9982200
2024-05-31,4498.078381629262,4565.684770130704,4462.923059608513,4493.5712890625,8882400
2024-06-03,4520.613803584074,4614.361328125,4507.092526006056,4614.361328125,3771600
2024-06-04,4586.4175300802135,4631.488457066065,4522.416813760305,4551.26220703125,4416200
2024-06-05,4529.6284714790245,4537.741238890629,4379.992983664991,4408.83837890625,4714600
2024-06-06,4412.443549721928,4578.304553429555,4392.6123427568855,4520.61376953125,6168100
2024-06-07,4510.69783802599,4614.360957804764,4507.993582727413,4552.1630859375,4090300
2024-06-10,4552.163830689709,4558.473760752052,4444.895019629893,4462.02197265625,4523900
2024-06-11,4461.120081007321,4564.783206753096,4367.37255859375,4367.37255859375,8516800
2024-06-12,4304.274159933836,4317.795440017398,4252.893295616301,4274.52734375,5181100
2024-06-13,4288.048053232445,4288.949471784733,4164.553711569034,4181.6806640625,5531200
2024-06-14,4197.905475925496,4335.82249070252,4180.778526378022,4306.07568359375,5742500
2024-06-17,4263.709259783582,4335.8227356361585,4215.032663583093,4215.93408203125,3053800
2024-06-18,4272.723892033598,4321.400493335246,4224.948709274572,4319.59765625,4048200
2024-06-19,4334.921452231289,4345.738473946151,4233.962582892568,4239.37109375,3184500
2024-06-20,4219.540503545882,4223.146177977453,4119.483038069789,4142.919921875,5036100
2024-06-21,4192.497738198712,4248.3856891271835,4163.652344171114,4180.779296875,6648000
2024-06-24,4195.202097039474,4236.667351973684,4161.849609375,4161.849609375,3086100
2024-06-25,4200.610428233895,4257.399796684267,4175.370708922618,4190.69482421875,4052400
2024-06-26,4166.356909147802,4179.8781886019815,4138.412931609164,4141.1171875,3453400
2024-06-27,4155.539317607256,4195.201731918474,4130.299599409207,4133.9052734375,3125300
2024-06-28,4173.567644369394,4224.047080240815,4155.539274415314,4220.44140625,3754500
2024-07-01,4279.034151702003,4386.30296654349,4273.625640029323,4356.55615234375,5712100
2024-07-02,4293.456204617408,4471.03564453125,4291.653367663968,4471.03564453125,6169500
2024-07-03,4489.064429131786,4570.192099537782,4420.556618566722,4549.45947265625,6721600
2024-07-04,4529.628290866092,4686.475121236381,4519.712686647281,4591.826171875,7354700
2024-07-05,4556.670342909716,4569.290201426182,4416.950480763127,4437.68310546875,5867200
2024-07-08,4415.148021768051,4437.683485333629,4304.273541025406,4319.59765625,7337000
2024-07-09,4273.625462276881,4284.44248517233,4229.455952120465,4248.3857421875,5057100
2024-07-10,4293.456544392608,4353.8515871123855,4286.245196008156,4327.71044921875,4483400
2024-07-11,4353.852079575752,4366.471940675972,4310.583984375,4310.583984375,4304200
2024-07-12,4227.652752553346,4281.737862394113,4199.708779135615,4203.314453125,5228900
2024-07-16,4238.470499779081,4279.93575775225,4200.610916412275,4207.822265625,3662400
2024-07-17,4248.38600191827,4258.301606845302,4191.59662824527,4192.498046875,2619700
2024-07-18,4185.286234440921,4215.934464458365,4142.919563534455,4166.3564453125,3028200
2024-07-19,4165.454971614241,4176.271993830075,4087.031560549441,4115.876953125,3186500
2024-07-22,4069.0037031004817,4091.5391688908035,4012.214329308871,4021.228515625,3853300
2024-07-23,4273.625564483485,4353.851819543394,4225.850378886011,4349.3447265625,15025200
2024-07-24,4343.034138503394,4389.90789840422,4232.15966796875,4232.15966796875,7703400
2024-07-25,4146.525339894481,4199.709034471388,4116.7785276734985,4164.5537109375,5362600
2024-07-26,4171.7647739864315,4239.37116077316,4110.468316633131,4143.82080078125,4870300
2024-07-29,4148.3279264336825,4220.44140625,4096.947072064556,4220.44140625,3964100
2024-07-30,4263.709678052594,4286.245141467249,4203.314636101321,4260.10400390625,4334700
2024-07-31,4234.86419442265,4422.3592460275695,4187.089013004089,4416.04931640625,7784300
2024-08-01,4401.627031310845,4420.556821943146,4331.316380390868,4340.33056640625,5480900
2024-08-02,4214.1319918985255,4234.864619880059,4086.1305495777574,4142.919921875,7860800
2024-08-05,3876.0994755190095,3906.7477039300898,3579.532794717671,3603.87109375,12978600
2024-08-06,3919.3676033196666,4176.271873546461,3885.113700622761,4087.932861328125,10946200
2024-08-07,3966.2416257490013,4171.765055446904,3936.494813555884,4061.7919921875,8480100
2024-08-08,4012.214111436898,4150.13115458447,3977.9602052956707,4046.468017578125,6291400
2024-08-09,4109.567370244059,4138.412765253449,4017.622673651628,4079.820556640625,5829500
2024-08-13,4155.539327800514,4253.7939453125,4128.496772521986,4253.7939453125,5136300
2024-08-14,4270.921384690161,4340.330617830968,4229.456128528121,4339.42919921875,5548600
2024-08-15,4335.822995124518,4443.091796875,4307.879021559266,4443.091796875,5440600
2024-08-16,4498.078149512111,4564.783116057982,4419.654742897371,4489.06396484375,6554900
2024-08-19,4479.148518604343,4633.291081832627,4462.922985632945,4520.61376953125,7259000
2024-08-20,4538.6425524769265,4581.009225757247,4471.937577524932,4547.65673828125,5134000
2024-08-21,4498.979857316893,4578.3046875,4485.458579444773,4578.3046875,4469200
2024-08-22,4571.994351008618,4605.346833458799,4556.670237450426,4602.642578125,3662100
2024-08-23,4610.756297943488,4712.616603254849,4564.783947758714,4577.40380859375,6110000
2024-08-26,4534.134921611796,4558.473220395796,4502.5852750399445,4548.5576171875,3634000
2024-08-27,4525.12112178345,4626.981417951085,4520.614029032669,4584.61474609375,3294800
2024-08-28,4610.755884048276,4645.911207504362,4562.079282339848,4584.61474609375,3326200
2024-08-29,4584.614723813322,4683.770763848608,4571.994864172467,4662.13671875,4510500
2024-08-30,4679.262890791681,4759.489127986914,4659.431686091735,4753.17919921875,6299400
2024-09-02,4789.236732925601,4798.250918381889,4623.37572052991,4645.009765625,6640500
2024-09-03,4673.855313234112,4675.658150384829,4552.163805560707,4556.6708984375,4956000
2024-09-04,4448.500410683479,4540.445100022834,4439.48622545413,4441.2890625,6063200
2024-09-05,4416.950575254773,4470.134265854779,4352.949862837816,4367.37255859375,4976000
2024-09-06,4380.894351694418,4394.415630557673,4288.048236833405,4324.10498046875,4088500
2024-09-09,4197.905996301529,4268.216640001662,4178.0747891040555,4236.6669921875,5654600
2024-09-10,4282.639515241124,4299.766467627902,4164.553685627025,4173.56787109375,4909800
2024-09-11,4133.905058827398,4169.961797238452,4032.9461912764455,4069.0029296875,5384700
2024-09-12,4205.117212150074,4267.315087313708,4142.017918505807,4196.10302734375,5349000
2024-09-13,4171.7646553161685,4242.976714039154,4156.440541413754,4223.1455078125,4097200
2024-09-17,4299.7666276122445,4429.570903162803,4291.653860390335,4359.26025390625,8311300
2024-09-18,4414.246500785777,4414.246500785777,4315.991881920013,4355.654296875,4304400
2024-09-19,4434.979316463864,4590.924727388305,4434.979316463864,4583.71337890625,7651500
2024-09-20,4610.755857058126,4626.981390865955,4531.431025108739,4559.375,6890100
2024-09-24,4646.812707008084,4711.71484375,4590.924755924766,4711.71484375,6836800
2024-09-25,4705.4044527967435,4752.278213629202,4645.009414801077,4719.8271484375,5244400
2024-09-26,4754.982962635076,4822.58935546875,4681.066639803592,4822.58935546875,8197200
2024-09-27,4833.675951790083,4918.671782746636,4780.0916235783425,4909.43310546875,7459800
2024-09-30,4761.614087755927,4882.640755488955,4748.679940059267,4822.58935546875,5444600
2024-10-01,4904.813766829807,4937.149137302408,4841.99076134018,4909.43310546875,5903100
2024-10-02,4973.179710641729,5080.348361289033,4869.7065307064,4892.80322265625,7616500
2024-10-03,5002.743326971286,5120.998386223792,4991.6569151663625,5067.4140625,7722500
2024-10-04,4711.725402574084,4746.832376161891,4563.9065664148975,4590.69873046875,21397500
2024-10-07,4598.089474152311,4642.435123089283,4559.28703133246,4595.31787109375,8962700
2024-10-08,4573.14512440505,4590.69861074115,4509.39825297395,4525.10400390625,5664700
2024-10-09,4480.75801619041,4547.276485709112,4471.519339868368,4544.5048828125,4707100
2024-10-10,4550.047861527423,4572.2206835937495,4510.321555325255,4526.951171875,4400400
2024-10-11,4497.388025243098,4536.190469174941,4487.225480403807,4501.08349609375,5996000
2024-10-15,4509.39829281316,4592.54638671875,4507.550557393036,4592.54638671875,5026700
2024-10-16,4573.14500588548,4589.7746240887,4542.65737251291,4562.05859375,3423200
2024-10-17,4600.861389613683,4724.65966796875,4574.069224895049,4724.65966796875,8462500
2024-10-18,4717.268109137981,4770.852431568455,4676.617933501069,4750.52734375,6680400
2024-10-21,4808.7316027594325,4867.859138316897,4732.974447826431,4839.21923828125,6700500
2024-10-22,4836.447177072767,4931.6055455997,4760.690029313461,4895.57470703125,9048300
2024-10-23,4853.077122198965,4877.0976828647135,4741.2891283314475,4796.72119140625,6585100
2024-10-24,4750.527462328518,4776.395756561345,4668.303241374173,4747.755859375,4343800
2024-10-25,4739.441407237424,4793.025735038549,4559.28720169916,4568.52587890625,6242400
2024-10-28,4577.764659382904,4707.106143199979,4575.916923899803,4657.21728515625,4785100
2024-10-29,4669.226907282421,4739.440845737796,4669.226907282421,4684.0087890625,3695400
2024-10-30,4704.333840987789,4753.298824014567,4655.368857961011,4719.11572265625,16926600
2024-10-31,4770.852590380498,4813.350502688303,4650.749794728007,4746.83203125,8999200
2024-11-01,4748.679682102497,4784.71052015736,4670.150932495743,4680.3134765625,5803900
2024-11-05,4709.877078275568,4724.658960043401,4638.739272267876,4649.82568359375,4612400
2024-11-06,4761.6141065937045,4788.406269785637,4436.4126775054265,4468.748046875,17360100
2024-11-07,4489.997123241622,4543.581451049855,4437.33666315422,4465.9765625,9792400
2024-11-08,4508.4742793145,4541.7335158012465,4463.204762985318,4504.77880859375,6164400
2024-11-11,4517.713075195914,4565.754195831943,4496.464117991516,4502.00732421875,4522800
2024-11-12,4502.007245092148,4542.657423377404,4471.519611378205,4503.85498046875,4418800
2024-11-13,4485.377446161271,4553.74365234375,4460.433019581178,4553.74365234375,5267900
2024-11-14,4573.144571520618,4584.230982603093,4480.7578125,4480.7578125,5373800
2024-11-15,4525.104056918523,4618.4146959035725,4512.169908940397,4603.6328125,6329400
2024-11-18,4578.688242672605,4693.247835507836,4559.287021305348,4686.78076171875,5425500
2024-11-19,4657.216721037617,4698.790764371617,4596.241457481085,4693.24755859375,5153200
2024-11-20,4683.08511660871,4709.877278451609,4616.566645826341,4645.20654296875,3574100
2024-11-21,4645.207162699151,4667.379989251414,4592.546699637526,4653.52197265625,3840900
2024-11-22,4610.099714392274,4683.085260972833,4585.155287079931,4596.24169921875,5061300
2024-11-25,4613.794774202569,4638.739199293372,4578.687805556254,4594.3935546875,7140100
2024-11-26,4549.124617152222,4594.3941350727055,4480.758406415166,4501.08349609375,5357300
2024-11-27,4482.606061604817,4512.169827880859,4402.22957204183,4434.56494140625,5341100
2024-11-28,4405.001201673922,4463.204866880604,4389.295450745135,4456.73779296875,3298600
2024-11-29,4434.565099822769,4497.388105403592,4430.86962890625,4430.86962890625,3636900
2024-12-02,4453.042374935367,4529.723395084669,4452.118507222725,4466.900390625,4048900
2024-12-03,4573.145178076756,4652.597801372634,4573.145178076756,4637.81591796875,7066600
2024-12-04,4637.8156390906815,4655.36912457728,4562.058491201153,4610.099609375,3317000
2024-12-05,4605.47991669324,4635.043679448342,4509.397687739158,4526.951171875,4192900
2024-12-06,4536.190136397776,4549.124283426202,4488.149018863624,4497.3876953125,3305300
2024-12-09,4526.951171875,4582.383227040817,4503.854482222577,4526.951171875,3683500
2024-12-10,4573.145403180803,4599.0137004109165,4548.200973708908,4552.8203125,2495000
2024-12-11,4572.221192385555,4609.175899941712,4538.038087896109,4606.404296875,3606300
2024-12-12,4621.18629913938,4657.217139936349,4578.688384353212,4637.81591796875,5507800
2024-12-13,4627.653244334336,4732.05029296875,4623.033905899185,4732.05029296875,6122600
2024-12-16,4720.9641969730765,4748.680229440629,4659.065057795543,4724.65966796875,4214700
2024-12-17,4748.679963834993,4786.558539422003,4675.694415752704,4708.02978515625,5283500
2024-12-18,4720.963609941911,4756.994447669452,4634.120052342197,4647.05419921875,4834400
2024-12-19,4620.262302838094,4752.3753820834145,4620.262302838094,4732.05029296875,5500700
2024-12-20,4757.918801387858,4850.305574230341,4670.1513671875,4670.1513671875,7999200
2024-12-23,4670.151221103756,4685.856971995698,4595.3179374421525,4616.56689453125,3762100
2024-12-24,4656.292739868164,4730.2021484375,4646.130196189881,4730.2021484375,2947400
2024-12-25,4752.375199991548,4781.93896484375,4723.735302790976,4781.93896484375,3204700
2024-12-26,4788.405844440219,4831.8276223079965,4785.634241597595,4820.7412109375,2910000
2024-12-27,4807.80735411581,4840.1427225620155,4777.319721009388,4825.36083984375,4095700
2024-12-30,4831.8274053106625,4938.072176173135,4830.903537737946,4871.5537109375,4629800
2025-01-06,4895.57503684969,4940.844555023994,4847.533915521858,4933.45361328125,4303700
2025-01-07,4917.747754487648,4918.671622185279,4748.67996582125,4810.5791015625,6374500
2025-01-08,4836.4476194161925,4949.159483708222,4797.645174332051,4930.68212890625,6044600
2025-01-09,4938.072715708033,4940.84431872901,4668.303354999568,4676.6181640625,9690400
2025-01-10,4676.617770727554,4694.171255050712,4586.078746323899,4594.3935546875,5369800
2025-01-14,4599.93710083132,4626.72926309766,4513.093540381803,4540.8095703125,5417600
2025-01-15,4572.220977179695,4581.459653633888,4514.941183163704,4531.57080078125,3286000
2025-01-16,4506.626487163431,4508.474222500522,4426.25,4426.25,6039400
2025-01-17,4407.77252591165,4440.10789342515,4349.56886438735,4394.83837890625,4797200
2025-01-20,4392.991238018471,4405.001519005694,4357.884262825054,4380.98095703125,4312400
2025-01-21,4396.686352518666,4435.488795638184,4380.980601732195,4423.478515625,4678700
2025-01-22,4442.880099503521,4471.520000332093,4346.7978515625,4346.7978515625,5455400
2025-01-23,4348.64542787265,4417.935507985343,4328.320337706259,4384.67626953125,4388500
2025-01-24,4428.098130444265,4467.824443736379,4398.534362412925,4451.19482421875,3702400
2025-01-27,4478.910300147454,4495.539917598497,4425.32597724965,4464.12841796875,3743800
2025-01-28,4479.834511933915,4490.9209244196245,4440.108200526788,4444.7275390625,2462600
2025-01-29,4406.84835662746,4425.325708227575,4345.87309634708,4413.3154296875,4654300
2025-01-30,4429.945090424858,4454.889515334446,4409.620003461491,4446.57470703125,2222600
2025-01-31,4445.651446368243,4532.495011613176,4428.0979597761825,4512.169921875,4721200
2025-02-03,4498.311972619879,4514.941591742318,4441.956041149389,4465.052734375,4368500
2025-02-04,4489.996793616448,4591.622235447273,4463.20463167923,4496.4638671875,4222800
2025-02-05,4528.799183203588,4716.344314617363,4516.788903851966,4680.3134765625,12840800
2025-02-06,4703.410525863014,4784.710884589384,4687.70477474542,4740.365234375,8854100
2025-02-07,4704.334289986494,4789.330117692456,4674.770523827899,4788.40625,5319100
2025-02-10,4804.112053872256,4867.8589253563305,4772.700551981553,4798.56884765625,4858900
2025-02-12,4911.2805486977195,4978.722888813395,4835.523399526686,4870.63037109375,8004400
2025-02-13,4878.021720838825,4906.66162109375,4819.818052578817,4906.66162109375,4111000
2025-02-14,4909.4330658734125,4950.083245568262,4872.478357059913,4910.35693359375,4056400
2025-02-17,4895.574782755511,4900.194121104969,4805.959618776027,4825.36083984375,3955500
2025-02-18,4806.883670321804,4839.219040004922,4756.070946534048,4809.6552734375,3500500
2025-02-19,4815.198202660416,4928.833923866716,4793.025379010407,4816.1220703125,4648900
2025-02-20,4854.001345861768,4911.281148572736,4824.437576720623,4856.77294921875,4855700
2025-02-21,4831.827951723722,4849.381437590405,4785.634567864031,4790.25390625,4458500
2025-02-25,4788.405624168169,4861.391162333186,4769.928272733987,4837.37060546875,4313900
2025-02-26,4848.457626719427,4909.432894128628,4803.188110006537,4902.9658203125,3705400
2025-02-27,4907.585251680986,4951.007033840061,4878.945352810107,4946.3876953125,4380300
2025-02-28,4906.660837749395,4928.833660213335,4835.523032344254,4867.8583984375,5492000
2025-03-03,4882.6402842337975,4908.508577130401,4866.934534975146,4902.04150390625,3027400
2025-03-04,4859.544156861426,4935.30130911668,4790.254078579182,4934.37744140625,5742600
2025-03-05,4926.062671538507,4977.799263737711,4912.204655770863,4933.45361328125,4422200
2025-03-06,4942.692078655306,4942.692078655306,4882.640679568841,4926.986328125,3712200
2025-03-07,4896.498812184134,4907.58522458908,4855.848633366002,4890.03173828125,3789200
2025-03-10,4905.737422356795,4923.290908425492,4837.371213457661,4868.78271484375,3303000
2025-03-11,4841.9910620735145,4900.194732539195,4807.807954022242,4890.9560546875,4110600
2025-03-12,4841.066973767421,4847.5340479690185,4794.873586613152,4839.21923828125,4035400
2025-03-13,4858.620145548197,4920.519280317493,4835.523453470101,4914.97607421875,3628700
2025-03-14,4882.6401218101055,4955.62566005476,4829.9796701652285,4871.5537109375,4851800
2025-03-17,4914.976059304449,4918.67153002573,4851.229189362342,4869.70654296875,3609400
2025-03-18,4864.163153528626,4903.88946228489,4838.29485945478,4885.412109375,3567600
2025-03-19,4896.498640018922,4915.899861045412,4878.02128666036,4882.640625,3725400
2025-03-21,4853.076591908909,4881.7164880347755,4829.05603386786,4831.82763671875,9022100
2025-03-24,4887.259737066202,4914.0518981956775,4837.3708853078715,4865.0869140625,4115800
2025-03-25,4887.25996333964,4902.04184602649,4852.152991958373,4882.640625,3865500
2025-03-26,4910.356749343586,4946.387589084771,4898.346469429857,4926.0625,5559700
2025-03-27,4925.138563789981,4927.910166808434,4850.305282291765,4870.63037109375,7843400
2025-03-28,4875.427312192958,4931.069733308108,4815.94748272504,4833.2158203125,5886700
2025-03-31,4737.280175404198,4751.670455402389,4686.434519410594,4720.97119140625,4647100
2025-04-01,4780.451149219703,4797.719485700931,4698.906226947242,4714.255859375,3644500
2025-04-02,4681.637896193992,4719.0526252824275,4642.304463049739,4710.41845703125,3068800
2025-04-03,4556.922410772051,4599.133902577097,4390.954499811301,4448.515625,7925500
2025-04-04,4317.084042388614,4387.116739076251,4215.392729390127,4360.2548828125,8961500
2025-04-07,4091.636267156077,4206.7585067947,3965.001803553591,4066.693115234375,13349300
2025-04-08,4221.148569974342,4316.124412798765,4203.880234915356,4299.8154296875,6556200
2025-04-09,4240.335814472052,4244.173222448951,4087.7988473903656,4157.83154296875,7274000
2025-04-10,4556.922151794368,4563.637616018065,4384.23878604216,4454.271484375,5668100
2025-04-11,4285.425705672555,4439.881389266305,4263.3606080163045,4413.01953125,4617400
2025-04-14,4432.206400240385,4443.718624656593,4365.0517578125,4365.0517578125,3258700
2025-04-15,4393.832428386844,4437.962623082433,4373.68603515625,4373.68603515625,2768900
2025-04-16,4365.051712215974,4378.482640561253,4216.352148393232,4232.6611328125,3639300
2025-04-17,4224.026679810615,4274.872333689779,4208.677048450867,4261.44140625,2677500
2025-04-18,4305.5719202501095,4391.913603142826,4297.897103992979,4372.7265625,3820700
2025-04-21,4307.490769972872,4335.311979845747,4223.067788289662,4276.79150390625,3803800
2025-04-22,4242.254562091572,4317.08401841069,4218.27076198929,4294.0595703125,3967900
2025-04-23,4361.214769774434,4407.263671875,4343.946431486722,4407.263671875,3799700
2025-04-24,4477.295989886079,4530.06035231242,4465.783765356696,4497.4423828125,4206400
2025-04-25,4549.247243126565,4597.21484375,4540.613075014347,4597.21484375,4070300
2025-04-28,4603.9304445065245,4697.946944519369,4595.296276137999,4668.20703125,4691500
2025-04-30,4697.947275495631,4713.296909232191,4194.287418514785,4460.9873046875,16062300
2025-05-01,4441.800190489969,4476.336865837191,4385.198417004244,4429.32861328125,5486800
2025-05-02,4437.002999441964,4512.7918074324325,4433.165591442446,4472.4990234375,5163300
2025-05-07,4470.580417072959,4527.182186301994,4437.962448364701,4488.80810546875,4558800
2025-05-08,4508.954790665883,4725.768361451093,4384.239019860231,4693.150390625,13902300
2025-05-09,4672.044243212567,4745.914347263361,4616.401827174307,4635.5888671875,5558500
2025-05-12,4638.466773647046,4740.15808243848,4638.466773647046,4739.19873046875,4294400
2025-05-13,4946.419342974075,4973.2812013145085,4846.646726281037,4926.27294921875,8194600
2025-05-14,4887.89859859042,4895.573414839434,4800.597563757893,4861.99609375,3732600
2025-05-15,4980.956066743827,5010.695981626158,4933.947814187886,4973.28125,5451200
2025-05-16,4984.793100958121,5074.012838908295,4972.321524685515,5059.62255859375,5631300
2025-05-19,5012.614162807982,5031.801202665621,4910.9228515625,4910.9228515625,3486400
2025-05-20,4936.825707198769,4953.13469224004,4886.939400013706,4921.47607421875,3162000
2025-05-21,4959.850165079761,5007.817768223666,4944.500532073711,4995.34619140625,2903300
2025-05-22,4975.19962617888,5048.1103804383465,4954.093881524824,5028.92333984375,3032600
2025-05-23,5014.533214913357,5020.28932727025,4979.996540771999,5006.8583984375,2642900
2025-05-26,5006.858573254244,5015.49274209105,4965.606433256173,4973.28125,2091200
2025-05-27,4987.670996636701,5005.898684448991,4952.17497300224,5003.97998046875,1978100
2025-05-28,4998.224368234567,5032.761043331773,4979.037326513897,4996.3056640625,2668400
2025-05-29,5014.533450302781,5041.395309229216,4988.630943480861,5012.61474609375,2565600
2025-05-30,4980.955817355578,5061.541389130976,4975.199705085906,5056.74462890625,4312200
2025-06-02,5057.704030698244,5064.419495078913,4932.028911574293,4944.50048828125,3335100
2025-06-03,4943.540838538406,4980.95556640625,4909.9635186570085,4980.95556640625,2326300
2025-06-04,4986.711695372828,5034.6792953667955,4967.524655375241,4969.443359375,2473600
2025-06-05,4959.849809786734,4968.483977734138,4740.158203125,4740.158203125,5880600
2025-06-06,4807.312825619417,4811.150233582393,4717.133738489457,4751.67041015625,3124000
2025-06-09,4805.394121637928,4820.743753489835,4739.198834276575,4751.67041015625,2627800
2025-06-10,4762.223612165951,4887.898731665092,4760.30490805146,4855.28076171875,3712400
2025-06-11,4814.987758693207,4843.76831911576,4790.044606326994,4838.01220703125,2459500
2025-06-12,4868.71167873579,4906.126408877799,4835.134356813474,4862.95556640625,2371800
2025-06-13,4856.2399072647095,5025.085862159729,4804.434898376465,4911.88232421875,5277300
2025-06-16,5007.817735786897,5057.704042733433,4934.906979480422,4936.82568359375,3669300
2025-06-17,4934.907275467039,4939.704036038061,4860.077810559102,4904.2080078125,3080600
2025-06-18,4868.711534885793,4893.6546875768345,4835.134213955547,4877.345703125,2257100
2025-06-19,4849.524932891633,4909.96411603153,4830.337890625,4830.337890625,2649600
2025-06-20,4848.5654296875,4887.898865108392,4844.728021353754,4848.5654296875,4364500
2025-06-23,4838.012389668603,4896.5328647369715,4829.378221215892,4878.30517578125,2748300
2025-06-24,4829.378436053241,4871.58992814429,4791.004352334105,4817.8662109375,3220300
2025-06-25,4837.052525667863,4838.011877616626,4782.369464588317,4812.109375,2139900
2025-06-26,4823.621842390506,4896.532594184793,4823.621842390506,4895.5732421875,2424900
2025-06-27,4896.53260738417,4969.443359375,4879.2642713863415,4969.443359375,5566800
2025-06-30,4967.525131425586,4981.915412802832,4917.63882265113,4977.11865234375,3472400
2025-07-01,4957.931319349815,4986.711880414152,4924.3539981080885,4928.19140625,1911000
2025-07-02,4935.866255839085,5024.126643698598,4931.069495629328,4986.7119140625,3467300
2025-07-03,4974.240188701002,5021.248437350249,4956.971852462502,5004.939453125,2766300
2025-07-04,5004.939832264391,5015.492705209553,4915.720088273479,4918.59814453125,1930200
2025-07-07,4897.492165781374,4909.963742305401,4827.459466838761,4831.296875,1856900
2025-07-08,4827.459612958154,4911.882595060761,4822.662852611415,4894.6142578125,2258700
2025-07-09,4940.663050831078,4996.305469655972,4938.744346733668,4963.6875,2828400
2025-07-10,4950.25643382353,4973.280882352941,4877.345680147058,4892.6953125,2417100
2025-07-11,4931.06975193656,4977.11865234375,4929.151047752927,4977.11865234375,2161700
2025-07-14,4977.118244740752,5020.289085336999,4961.768612528753,5004.939453125,1960800
2025-07-15,5003.021317045317,5010.696134022568,4953.135006693187,4955.0537109375,1339100
2025-07-16,4946.418968111625,4947.378320122507,4889.81719946954,4931.0693359375,1632400
2025-07-17,4946.4192951513205,4970.403097009114,4916.679380847657,4956.97216796875,1568900
2025-07-18,4965.605934460468,4980.95556640625,4943.540838538406,4980.95556640625,1333900
2025-07-22,4976.159306278935,4989.590235580633,4930.110405815973,4973.28125,2204100
2025-07-23,5030.84220260908,5094.159438568691,5021.248682009139,5084.56591796875,5113500
2025-07-24,5115.265233571696,5154.598668413488,5113.346529433072,5131.57421875,2846400
2025-07-25,5154.598609254674,5195.850747761644,5149.801848963166,5169.9482421875,3533200
2025-07-28,5144.0455131660565,5144.0455131660565,5074.97216796875,5074.97216796875,2547800
2025-07-29,5039.476575075795,5042.354631372241,4938.744604700209,4954.09423828125,3432400
2025-07-30,4973.280910714286,5036.59814453125,4961.768686383929,5036.59814453125,2056700
2025-07-31,5055.785476059941,5087.444094790488,5038.517138570553,5085.525390625,2165100
2025-08-01,5091.281059561972,5134.451899524341,4981.914931657306,5054.82568359375,4662700
2025-08-04,4960.80948210264,5050.029223320111,4941.622440980603,5018.37060546875,2704300
2025-08-05,5038.51712977825,5038.51712977825,4856.240234375,4856.240234375,6748000
2025-08-06,4892.695053285487,5012.614049689543,4877.345421745768,4987.6708984375,4891300
2025-08-07,4891.736125290278,4969.443641695164,4883.101956800846,4944.50048828125,2774900
2025-08-08,4969.443531160373,5029.882709242053,4969.443531160373,5017.4111328125,2839500
2025-08-12,5061.541141931775,5101.833925851626,5044.272805966125,5058.6630859375,3549500
2025-08-13,5101.834093452283,5116.224373896395,5071.134828504846,5110.46826171875,2872500
2025-08-14,5061.541424340695,5064.4194804955505,5010.695765604899,5033.72021484375,2607600
2025-08-15,5036.598590071701,5063.46044921875,5018.370899936203,5063.46044921875,2265400
2025-08-18,5045.232528624747,5051.947993104757,4975.199827618927,4976.1591796875,3035400
2025-08-19,4987.671024736576,5001.101952673932,4970.402688817119,4984.79296875,2458700
2025-08-20,5027.0047622101065,5044.273099179531,5002.061608809828,5026.04541015625,2151700
2025-08-21,5013.5738393176935,5022.2080078125,4993.427446163145,5022.2080078125,1866900
2025-08-22,4998.224505575917,5063.46044921875,4988.63098445197,5063.46044921875,2305200
2025-08-25,5063.460364634596,5121.980842513094,5049.0700831890645,5117.18408203125,3212300
2025-08-26,5112.386724343456,5116.224132280663,5044.2727334580395,5108.54931640625,2813100
2025-08-27,5132.533312279868,5163.232576951448,5119.102383986052,5141.16748046875,2946800
2025-08-28,5142.127061894674,5150.76123046875,5099.915571088075,5150.76123046875,2052500
2025-08-29,5154.598692325497,5188.1760149071815,5108.5497927849,5116.224609375,3143600
2025-09-01,5142.12707963879,5199.6882036645975,5129.655502766532,5139.2490234375,2897400
2025-09-02,5176.66366314238,5311.932302227457,5157.476622137405,5278.35498046875,4938500
2025-09-03,5305.216855021189,5357.9812179553965,5094.15940328436,5107.59033203125,5582500
2025-09-04,5114.3057995707095,5188.175907724329,5094.159406437904,5185.2978515625,3189400
2025-09-05,5239.981113953521,5304.25770396357,5234.225001415308,5295.62353515625,3417800
2025-09-08,5314.810052957026,5342.631260815465,5286.029493103468,5318.6474609375,2968800
2025-09-09,5333.997242647059,5360.859099264706,5266.842601102941,5300.419921875,3150800
2025-09-10,5293.704355779324,5372.371220073253,5280.27342772914,5369.4931640625,2816500
2025-09-11,5385.802286477913,5410.745439211869,5339.753389122919,5358.9404296875,2692800
2025-09-12,5391.5583464788015,5407.86733080089,5311.93212890625,5311.93212890625,3286300
2025-09-16,5343.59096446754,5368.534117982111,5329.20068359375,5329.20068359375,2330700
2025-09-17,5331.119331418019,5342.631555995491,5261.086631905059,5286.02978515625,2774700
2025-09-18,5295.623184788527,5303.298000998367,5264.923919949174,5285.0703125,2126200
2025-09-19,5275.476885330579,5312.891615013774,5209.2815943526175,5223.671875,5140600
2025-09-22,5127.736672472598,5161.31399399487,5050.029156949627,5142.126953125,5351800
2025-09-24,5170.907352178423,5173.785408218597,5086.484375,5086.484375,3244700
2025-09-25,5137.33008963116,5158.435834163725,5110.46823295335,5129.6552734375,2281500
2025-09-26,5122.940073891336,5144.04581951411,5108.5497927849,5116.224609375,3328500
2025-09-29,5121.1270187730715,5121.1270187730715,5030.921449995143,5046.609375,4351800
2025-09-30,5039.745521462334,5045.628492888165,4947.578969124307,4952.4814453125,3904100
2025-10-01,4956.403670548202,4992.681996128871,4903.456925106144,4907.37890625,3660500
2025-10-02,4907.3786643811245,4962.286397688886,4882.86628344016,4952.4814453125,3264700
2025-10-03,4912.281166847154,4974.0523671488245,4909.339681118503,4951.5009765625,2102000
2025-10-06,5022.096550374509,5026.999026507245,4955.422874969303,4990.720703125,3369600
2025-10-07,5004.447671133845,5056.413918502594,5000.525690200355,5043.66748046875,2953900
2025-10-08,5086.809446882936,5103.477866427464,5016.213787635525,5019.1552734375,3023100
2025-10-09,4972.091686282215,4988.760106449203,4910.320482133964,4922.08642578125,3462800
2025-10-10,4850.509921192309,4882.866263904932,4815.212092778538,4880.9052734375,3490100
2025-10-14,4814.2317090173865,4956.4035211981445,4805.407251709616,4930.91064453125,4626100
2025-10-15,4937.7740734736635,4982.8768549231845,4901.495749264266,4914.2421875,3034200
2025-10-16,4951.5013650852725,4973.072262121287,4917.184028891612,4919.14501953125,2369500
2025-10-17,4921.105624033106,4958.364443262686,4891.690766746597,4951.5009765625,2828000
2025-10-20,4988.760131334377,5025.03845776114,4958.364776760602,5011.3115234375,2561800
2025-10-21,5044.64800573544,5061.31642480201,5002.48671044941,5006.40869140625,2124500
2025-10-22,5029.940562118903,5072.1018572789635,5008.369666920732,5025.0380859375,2436200
2025-10-23,5034.843087602955,5100.536269077035,5022.096649406492,5059.35546875,2856100
2025-10-24,5093.672968453788,5127.0098079008385,5062.297119562446,5107.39990234375,2849600
2025-10-27,5137.795283018868,5196.625,5127.990330188679,5196.625,3063800
2025-10-28,5210.352003331301,5240.74735750956,5174.073677376604,5176.03466796875,2391800
2025-10-29,5176.034471284465,5190.74190016669,5135.83416567305,5165.2490234375,2038100
2025-10-30,5167.210162618886,5248.5912714419155,5153.483228600544,5231.9228515625,5474300
2025-10-31,5240.747442179293,5259.376853105656,5197.605648455085,5227.0205078125,2503900
2025-11-04,5260.357164804512,5283.889051469062,4976.013534274539,5017.1943359375,5610600
2025-11-05,5053.4725967105105,5081.906959400577,4944.637622276116,5001.50634765625,3728600
2025-11-06,4984.838033740204,5087.790038764343,4724.026287679053,4817.17333984375,9603100
2025-11-07,4842.6660454266585,4932.8716085323995,4817.173168896776,4931.89111328125,4189700
2025-11-10,4970.130566778236,4981.896510120383,4876.003020041067,4890.71044921875,3174900
2025-11-11,4880.905268440762,4886.788239837034,4779.914259471417,4790.69970703125,3810100
2025-11-12,4733.831219970064,4872.0810546875,4711.279828491333,4872.0810546875,3247900
2025-11-13,4863.256591498779,4865.217582059867,4817.173313313206,4818.15380859375,2684400
2025-11-14,4808.34873058655,4876.9833984375,4791.68031125132,4876.9833984375,2579200
2025-11-17,4819.134457054948,4865.217736705321,4797.563560197327,4848.54931640625,2276300
2025-11-18,4779.914497718084,4797.5634127865815,4747.558153425838,4781.87548828125,3636600
2025-11-19,4794.621687962098,4825.997535408885,4783.8362404022655,4790.69970703125,2763900
2025-11-20,4800.504993556701,4854.432235110136,4796.583012352815,4850.51025390625,2381800
2025-11-21,4804.426843399763,4862.276064575392,4804.426843399763,4855.41259765625,4753300
2025-11-25,4852.470915000126,4871.100324453551,4823.056057968402,4844.626953125,2353000
2025-11-26,4794.621778798331,4820.114655331819,4758.343454500676,4805.4072265625,4181300
2025-11-27,4798.543797378571,4837.763607737203,4797.563302119605,4822.07568359375,2217200
2025-11-28,4855.412650726011,4881.886023417772,4850.51017430161,4853.45166015625,2723200
2025-12-01,4873.0613299900315,4873.0613299900315,4802.465672895609,4825.99755859375,2578500
2025-12-02,4825.997744269774,4866.198050550769,4808.348829317141,4819.13427734375,2337600
2025-12-03,4804.426992462133,4815.212440812558,4741.67529296875,4741.67529296875,3140200
2025-12-04,4741.675072358556,4822.07568359375,4724.026157697171,4822.07568359375,3024600
2025-12-05,4782.855736794271,4791.680193873228,4736.7724609375,4736.7724609375,2766500
2025-12-08,4727.948098414106,4732.850574667128,4699.51373614658,4715.20166015625,2678600
2025-12-09,4735.791977284298,4754.42138671875,4723.0455392502,4754.42138671875,2002000
2025-12-10,4735.792199398024,4768.1485436175135,4729.909227721753,4764.2265625,2152100
2025-12-11,4794.62174099259,4813.251150620169,4773.050845634341,4788.73876953125,2244900
2025-12-12,4814.231875086823,4875.022583081809,4811.2903892160975,4852.47119140625,3407000
2025-12-15,4872.081250686339,4889.730166466648,4827.958961235568,4882.86669921875,2620100
2025-12-16,4873.061387442723,4877.963863687634,4787.75830078125,4787.75830078125,2929500
2025-12-17,4798.544019030286,4831.880859375,4779.914608249417,4831.880859375,2185000
2025-12-18,4825.9979406148495,4829.919921875,4786.778128013348,4829.919921875,1964700
2025-12-19,4794.621858172341,4825.997706732978,4784.816905497142,4802.4658203125,3659900
2025-12-22,4800.50465935837,4804.426640289219,4774.031288075144,4790.69970703125,2109900
2025-12-23,4790.699674452921,4865.217311632295,4787.758188774787,4864.23681640625,2637400
2025-12-24,4864.2368133776945,4920.1250412274285,4854.431861123356,4900.51513671875,2431600
2025-12-25,4902.476259732375,4926.988641031037,4893.651802464857,4895.61279296875,1463300
2025-12-26,4901.495892315765,4934.8327317513995,4901.495892315765,4926.98876953125,1669500
2025-12-29,4935.813338042996,4981.896617122858,4913.261946152852,4976.994140625,1773200
2025-12-30,4980.91606870323,5020.135880267822,4963.267153499163,4978.955078125,1984000
2026-01-05,4989.740389060974,5049.55060005188,4982.8769222259525,5020.1357421875,2899600
2026-01-06,5049.55083849612,5131.9124444055715,5048.570343187675,5101.51708984375,3196900
2026-01-07,5070.141103040843,5180.937069902883,5034.843272890103,5142.69775390625,3012100
2026-01-08,5125.048695602183,5166.22949629384,5105.438790510918,5129.951171875,2300500
2026-01-09,5098.575189016875,5175.053816852128,5091.711722416276,5171.1318359375,2578700
2026-01-13,5233.883660596494,5269.181489705051,5157.405030861289,5202.5078125,3125400
2026-01-14,5203.488325911531,5286.830422708682,5183.87842078279,5274.083984375,2973100
2026-01-15,5238.786064813601,5291.73280774827,5198.585759992834,5259.37646484375,2349900
2026-01-16,5179.956655794903,5185.839627578884,5048.57028595267,5049.55078125,5003300
2026-01-19,5069.160580677629,5101.516924809614,4984.8379868791235,5053.47265625,3094900
2026-01-20,5051.511521955845,5064.257960190594,5022.0966644910395,5040.72607421875,1881400
2026-01-21,5020.135880267822,5033.862814315429,4977.9745828358855,4978.955078125,2287000
2026-01-22,5015.233110400496,5043.667472121242,4986.79874867975,4989.740234375,2187100
2026-01-23,5020.135929097789,5022.096919695093,4905.417979155515,4923.06689453125,3049600
2026-01-26,4902.476386706872,4904.4373772615545,4819.1342881328555,4836.783203125,3543800
2026-01-27,4833.841906863268,4903.457074284625,4810.310019284218,4883.84716796875,2501900
2026-01-28,4865.217635266787,4926.988838616607,4836.783271820044,4906.3984375,2356500
2026-01-29,4906.398426730504,4978.955078125,4886.788520948208,4978.955078125,2720700
2026-01-30,4983.857714150607,5065.238825752908,4962.286817099394,4973.072265625,5431400
2026-02-02,5038.765205410134,5114.263341393123,4996.60390869236,5018.1748046875,3660100
2026-02-03,5025.038105288392,5096.6142578125,5021.116124328167,5096.6142578125,2734000
2026-02-04,5126.0293658926685,5157.405215110069,5010.330921903507,5105.43896484375,5135300
2026-02-05,5147.599997602579,5147.599997602579,4903.456683430571,4952.4814453125,5009900
2026-02-06,4922.086092945704,4957.383921500693,4874.041826301413,4952.4814453125,3549500
2026-02-09,5044.648240909176,5045.628736194095,4933.852273713308,4943.6572265625,3206500
2026-02-10,4932.8717626403195,4979.935536165808,4916.203342850042,4962.28662109375,2626300
2026-02-12,4946.598859275624,5022.096998455846,4943.657373333537,5010.3310546875,2958500
2026-02-13,4969.1499175269855,4987.779327241471,4924.0471361129685,4950.5205078125,3573700
2026-02-16,4975.033022294434,4994.64292778239,4945.6181640625,4945.6181640625,2111400
2026-02-17,4965.227909962871,4988.75979579208,4935.813052676362,4951.5009765625,2287900
2026-02-18,4974.052475789309,5044.648134818844,4941.696132067438,5037.78466796875,2422300
2026-02-19,5064.257993901889,5093.6728515625,5040.7261077734,5093.6728515625,3025500
2026-02-20,5088.7703336604145,5116.22420058575,5059.355476240412,5113.28271484375,3630900
2026-02-24,5147.600018181574,5201.527256467287,5103.477732311447,5150.54150390625,3693500
2026-02-25,5168.190551292606,5175.054018160192,5095.633901549549,5145.63916015625,2934900
2026-02-26,5191.722356746632,5275.064453125,5191.722356746632,5275.064453125,4815900
2026-02-27,5275.064745238871,5299.577127884034,5240.747409535645,5264.279296875,5648800
2026-03-02,5459.397615645651,5526.071293422932,5290.752430679586,5489.79296875,10408500
2026-03-03,5544.700950816282,5560.388875699228,5425.080523583818,5444.6904296875,5914300
2026-03-04,5337.816240804565,5409.39239539287,5169.171054651298,5289.77197265625,5798500
2026-03-05,5334.874610420495,5435.865620321856,5317.2256960688,5403.50927734375,5150200
2026-03-06,5324.089340928702,5432.92431640625,5247.610709512047,5432.92431640625,3962600
2026-03-09,5334.874747649647,5460.378141823357,5309.381870708113,5452.5341796875,7152100
2026-03-10,5471.163743964592,5529.012966347013,5363.309261556688,5482.9296875,4532500
2026-03-11,5559.408340560806,5677.067776339871,5529.99348161604,5608.43310546875,6038300
2026-03-12,5588.823183481443,5631.964976476738,5494.695635128071,5627.0625,4517800
2026-03-13,5535.87613551363,5680.008936066323,5529.9931640625,5529.9931640625,4119600
2026-03-16,5590.784298805898,5627.062625543152,5504.500710890269,5514.3056640625,3065000
2026-03-17,5692.7556416490515,5969.2553128417885,5692.7556416490515,5827.08349609375,6797800
2026-03-18,5887.874208892753,6141.822488676804,5879.049751294079,6061.421875,7812600
2026-03-19,5983.962884422079,6118.2907420602605,5981.021398488396,6020.2412109375,7944900
2026-03-23,5882.97144349405,5922.191253117343,5527.05167116266,5602.5498046875,6504600
2026-03-24,5686.872816488776,5716.287675884409,5531.954557005117,5569.21337890625,4213000
2026-03-25,5714.326354607589,5743.741212301176,5547.642161010594,5617.25732421875,4216900
2026-03-26,5636.8672099516525,5680.989496340211,5596.666904575411,5672.1650390625,3604900
2026-03-27,5701.579884667572,5790.804952510177,5617.257293080054,5781.0,4586900
2026-03-30,5699.0,5739.0,5586.0,5721.0,4709800
2026-03-31,5727.0,5856.0,5660.0,5768.0,5382500
2026-04-01,5835.0,5984.0,5769.0,5984.0,5859700
2026-04-02,6200.0,6247.0,6074.0,6162.0,5748700
2026-04-03,6201.0,6226.0,6117.0,6164.0,3473900
2026-04-06,6230.0,6326.0,6161.0,6288.0,4323600
2026-04-07,6320.0,6365.0,6252.0,6309.0,3391300
2026-04-08,6388.0,6394.0,6024.0,6055.0,8523800
2026-04-09,6170.0,6246.0,6127.0,6163.0,4448200
2026-04-10,6219.0,6250.0,6128.0,6163.0,3595000
2026-04-13,6240.0,6282.0,6074.0,6104.0,2893600
2026-04-14,6079.0,6153.0,6045.0,6117.0,2896500
2026-04-15,6130.0,6138.0,6013.0,6044.0,3255600
2026-04-16,6043.0,6127.0,5989.0,6053.0,2748200
2026-04-17,6130.0,6178.0,6052.0,6096.0,2475000
2026-04-20,6051.0,6068.0,5870.0,5908.0,2926200
2026-04-21,5898.0,5930.0,5850.0,5872.0,2083700
2026-04-22,5884.0,5910.0,5808.0,5828.0,1926500
2026-04-23,5770.0,5852.0,5740.0,5807.0,2030600
2026-04-24,5835.0,5923.0,5825.0,5874.0,2105000
2026-04-27,5804.0,5807.0,5580.0,5580.0,3251700
2026-04-28,5611.0,5681.0,5590.0,5662.0,5034800
2026-04-30,5602.0,5702.0,5552.0,5669.0,4249800
2026-05-01,5570.0,5648.0,5541.0,5629.0,2028700
2026-05-07,5529.0,5675.0,5474.0,5660.0,3463300
2026-05-08,5700.0,5700.0,5478.0,5571.0,3219800
2026-05-11,5554.0,5740.0,5381.0,5471.0,5919900
2026-05-12,5400.0,5486.0,5301.0,5301.0,3697600
2026-05-13,5286.0,5389.0,5262.0,5358.0,3088100
2026-05-14,5350.0,5446.0,5310.0,5446.0,3425900
2026-05-15,5398.0,5498.0,5356.0,5498.0,2941000
2026-05-18,5505.0,5636.0,5503.0,5558.0,3399800
2026-05-19,5505.0,5620.0,5485.0,5619.0,2940400
2026-05-20,5605.0,5695.0,5483.0,5610.0,3547300
2026-05-21,5620.0,5630.0,5497.0,5498.0,2756900
2026-05-22,5441.0,5450.0,5362.0,5391.0,2306300
2026-05-25,5406.0,5412.0,5317.0,5321.0,1536100
2026-05-26,5301.0,5301.0,5217.0,5254.0,2435500
2026-05-27,5231.0,5289.0,5190.0,5230.0,2536000
2026-05-28,5270.0,5358.0,5252.0,5322.0,3047300
2026-05-29,5302.0,5376.0,5277.0,5313.0,5564400
2026-06-01,5327.0,5357.0,5222.0,5275.0,3036200
2026-06-02,5220.0,5342.0,5208.0,5319.0,3293100
2026-06-03,5316.0,5362.0,5250.0,5362.0,2636200
2026-06-04,5391.0,5515.0,5388.0,5438.0,3586500
2026-06-05,5606.0,5723.0,5590.0,5609.0,3669900
2026-06-08,5568.0,5646.0,5536.0,5646.0,3590500
2026-06-09,5701.0,5856.0,5688.0,5702.0,4029000
2026-06-10,5713.0,5720.0,5520.0,5566.0,3425200
2026-06-11,5582.0,5690.0,5556.0,5660.0,3087500
2026-06-12,5669.0,5689.0,5588.0,5630.0,2897900
2026-06-15,5594.0,5672.0,5466.0,5524.0,3531000
2026-06-16,5484.0,5532.0,5427.0,5466.0,2759500
2026-06-17,5409.0,5410.0,5281.0,5348.0,3087700
2026-06-18,5290.0,5300.0,5210.0,5270.0,4016600
2026-06-19,5230.0,5234.0,5144.0,5152.0,4390700
2026-06-22,5134.0,5203.0,5093.0,5203.0,2243400
2026-06-23,5231.0,5303.0,5212.0,5272.0,3091100
2026-06-24,5314.0,5396.0,5299.0,5352.0,2869700
2026-06-25,5369.0,5410.0,5252.0,5271.0,2940100
2026-06-26,5233.0,5267.0,5178.0,5265.0,3015800
2026-06-29,5259.0,5310.0,5174.0,5198.0,2478000
2026-06-30,5245.0,5265.0,5181.0,5216.0,2601300
2026-07-01,5201.0,5203.0,5062.0,5080.0,2616700
2026-07-02,5115.0,5190.0,5086.0,5183.0,2848600
2026-07-03,5230.0,5289.0,5211.0,5211.0,1943500
2026-07-06,5232.0,5370.0,5194.0,5370.0,2082600
2026-07-07,5070.0,5295.0,5070.0,5253.0,3831100
2026-07-08,5325.0,5393.0,5300.0,5356.0,2561200
2026-07-09,5399.0,5495.0,5362.0,5421.0,2678400
2026-07-10,5405.0,5406.0,5271.0,5286.0,2600300
2026-07-13,5338.0,5348.0,5296.0,5319.0,1504900
2026-07-14,5386.0,5509.0,5356.0,5506.0,2731100
2026-07-15,5520.0,5614.0,5480.0,5614.0,2438800
2026-07-16,5630.0,5631.0,5523.0,5540.0,2081100
2026-07-17,5610.0,5784.0,5591.0,5706.0,4456700
2026-07-21,5701.0,5762.0,5668.0,5746.0,3613400
2026-07-22,5746.0,5838.0,5740.0,5818.0,2407100
2026-07-23,5827.0,5847.0,5771.0,5817.0,2134200
2026-07-24,5788.0,5972.0,5747.0,5946.0,3281200
2026-07-27,6063.0,6141.0,6004.0,6076.0,3857100
2026-07-28,5976.0,6055.0,5934.0,6020.0,2465700
2026-07-29,6050.0,6155.0,6024.0,6141.0,2852100
2026-07-30,6140.0,6168.0,6025.0,6101.0,1712400
2026-07-31,6030.0,6159.0,6020.0,6110.0,3780600
2026-08-03,6021.0,6078.0,5903.0,6042.0,3756300
2026-08-04,5995.0,6048.0,5933.0,6019.0,3551700
2026-08-05,5994.0,6005.0,5737.0,5798.0,5813100
2026-08-06,5750.0,5922.0,5735.0,5886.0,905200
